source,raw_line
dengfoc,lures=0
dengfoc,"SYNC_TRUTH,sequence=83453,truth_tick_us=167292672,mechanical_angle_rad=2.636913061,valid=1,read_failures=0"
dengfoc,"SYNC_TRUTH,sequence=83454,truth_tick_us=167294672,mechanical_angle_rad=2.636913061,valid=1,read_failures=0"
dengfoc,"SYNC_TRUTH,sequence=83455,truth_tick_us=167296672,mechanical_angle_rad=2.636913061,valid=1,read_failures=0"
dengfoc,"SYNC_TRUTH,sequence=83456,truth_tick_us=167298672,mechanical_angle_rad=2.636913061,valid=1,read_failures=0"
dengfoc,"SYNC_TRUTH,sequence=83457,truth_tick_us=167300672,mechanical_angle_rad=2.636913061,valid=1,read_failures=0"
dengfoc,"SYNC_TRUTH,sequence=83458,truth_tick_us=167302672,mechanical_angle_rad=2.636913061,valid=1,read_failures=0"
dengfoc,"SYNC_TRUTH,sequence=83459,truth_tick_us=167304672,mechanical_angle_rad=2.636913061,valid=1,read_failures=0"
dengfoc,"SYNC_TRUTH,sequence=83460,truth_tick_us=167306672,mechanical_angle_rad=2.636913061,valid=1,read_failures=0"
dengfoc,"SYNC_TRUTH,sequence=83461,truth_tick_us=167308672,mechanical_angle_rad=2.636913061,valid=1,read_failures=0"
dengfoc,"SYNC_TRUTH,sequence=83462,truth_tick_us=167310672,mechanical_angle_rad=2.636913061,valid=1,read_failures=0"
dengfoc,"SYNC_TRUTH,sequence=83463,truth_tick_us=167312672,mechanical_angle_rad=2.636913061,valid=1,read_failures=0"
dengfoc,"SYNC_TRUTH,sequence=83464,truth_tick_us=167314672,mechanical_angle_rad=2.636913061,valid=1,read_failures=0"
dengfoc,"SYNC_TRUTH,sequence=83465,truth_tick_us=167316672,mechanical_angle_rad=2.636913061,valid=1,read_failures=0"
dengfoc,"SYNC_TRUTH,sequence=83466,truth_tick_us=167318672,mechanical_angle_rad=2.636913061,valid=1,read_failures=0"
dengfoc,"SYNC_TRUTH,sequence=83467,truth_tick_us=167320672,mechanical_angle_rad=2.636913061,valid=1,read_failures=0"
dengfoc,"SYNC_TRUTH,sequence=83468,truth_tick_us=167322672,mechanical_angle_rad=2.636913061,valid=1,read_failures=0"
dengfoc,"SYNC_TRUTH,sequence=83469,truth_tick_us=167324672,mechanical_angle_rad=2.636913061,valid=1,read_failures=0"
dengfoc,"SYNC_TRUTH,sequence=83470,truth_tick_us=167326672,mechanical_angle_rad=2.636913061,valid=1,read_failures=0"
dengfoc,"SYNC_TRUTH,sequence=83471,truth_tick_us=167328672,mechanical_angle_rad=2.636913061,valid=1,read_failures=0"
dengfoc,"SYNC_TRUTH,sequence=83472,truth_tick_us=167330672,mechanical_angle_rad=2.636913061,valid=1,read_failures=0"
dengfoc,"SYNC_TRUTH,sequence=83473,truth_tick_us=167332672,mechanical_angle_rad=2.636913061,valid=1,read_failures=0"
dengfoc,"SYNC_TRUTH,sequence=83474,truth_tick_us=167334672,mechanical_angle_rad=2.636913061,valid=1,read_failures=0"
dengfoc,"SYNC_TRUTH,sequence=83475,truth_tick_us=167336672,mechanical_angle_rad=2.636913061,valid=1,read_failures=0"
dengfoc,"SYNC_TRUTH,sequence=83476,truth_tick_us=167338672,mechanical_angle_rad=2.636913061,valid=1,read_failures=0"
dengfoc,"SYNC_TRUTH,sequence=83477,truth_tick_us=167340672,mechanical_angle_rad=2.636913061,valid=1,read_failures=0"
dengfoc,"SYNC_TRUTH,sequence=83478,truth_tick_us=167342672,mechanical_angle_rad=2.636913061,valid=1,read_failures=0"
dengfoc,"SYNC_TRUTH,sequence=83479,truth_tick_us=167344672,mechanical_angle_rad=2.636913061,valid=1,read_failures=0"
dengfoc,"SYNC_TRUTH,sequence=83480,truth_tick_us=167346672,mechanical_angle_rad=2.636913061,valid=1,read_failures=0"
dengfoc,"SYNC_TRUTH,sequence=83481,truth_tick_us=167348672,mechanical_angle_rad=2.636913061,valid=1,read_failures=0"
dengfoc,"SYNC_TRUTH,sequence=83482,truth_tick_us=167350672,mechanical_angle_rad=2.636913061,valid=1,read_failures=0"
dengfoc,"SYNC_TRUTH,sequence=83483,truth_tick_us=167352672,mechanical_angle_rad=2.636913061,valid=1,read_failures=0"
dengfoc,"SYNC_TRUTH,sequence=83484,truth_tick_us=167354672,mechanical_angle_rad=2.636913061,valid=1,read_failures=0"
dengfoc,"SYNC_TRUTH,sequence=83485,truth_tick_us=167356672,mechanical_angle_rad=2.636913061,valid=1,read_failures=0"
dengfoc,"SYNC_TRUTH,sequence=83486,truth_tick_us=167358672,mechanical_angle_rad=2.636913061,valid=1,read_failures=0"
dengfoc,"SYNC_TRUTH,sequence=83487,truth_tick_us=167360672,mechanical_angle_rad=2.636913061,valid=1,read_failures=0"
dengfoc,"SYNC_TRUTH,sequence=83488,truth_tick_us=167362672,mechanical_angle_rad=2.636913061,valid=1,read_failures=0"
dengfoc,"SYNC_TRUTH,sequence=83489,truth_tick_us=167364672,mechanical_angle_rad=2.636913061,valid=1,read_failures=0"
dengfoc,"SYNC_TRUTH,sequence=83490,truth_tick_us=167366672,mechanical_angle_rad=2.636913061,valid=1,read_failures=0"
dengfoc,"SYNC_TRUTH,sequence=83491,truth_tick_us=167368672,mechanical_angle_rad=2.636913061,valid=1,read_failures=0"
dengfoc,"SYNC_TRUTH,sequence=83492,truth_tick_us=167370672,mechanical_angle_rad=2.636913061,valid=1,read_failures=0"
dengfoc,"SYNC_TRUTH,sequence=83493,truth_tick_us=167372672,mechanical_angle_rad=2.636913061,valid=1,read_failures=0"
dengfoc,"SYNC_TRUTH,sequence=83494,truth_tick_us=167374672,mechanical_angle_rad=2.636913061,valid=1,read_failures=0"
dengfoc,"SYNC_TRUTH,sequence=83495,truth_tick_us=167376672,mechanical_angle_rad=2.636913061,valid=1,read_failures=0"
dengfoc,"SYNC_TRUTH,sequence=83496,truth_tick_us=167378672,mechanical_angle_rad=2.636913061,valid=1,read_failures=0"
dengfoc,"SYNC_TRUTH,sequence=83497,truth_tick_us=167380672,mechanical_angle_rad=2.636913061,valid=1,read_failures=0"
dengfoc,"SYNC_TRUTH,sequence=83498,truth_tick_us=167382672,mechanical_angle_rad=2.636913061,valid=1,read_failures=0"
dengfoc,"SYNC_TRUTH,sequence=83499,truth_tick_us=167384672,mechanical_angle_rad=2.636913061,valid=1,read_failures=0"
dengfoc,"SYNC_TRUTH,sequence=83500,truth_tick_us=167386672,mechanical_angle_rad=2.636913061,valid=1,read_failures=0"
dengfoc,"SYNC_TRUTH,sequence=83501,truth_tick_us=167388672,mechanical_angle_rad=2.636913061,valid=1,read_failures=0"
dengfoc,"SYNC_TRUTH,sequence=83502,truth_tick_us=167390672,mechanical_angle_rad=2.636913061,valid=1,read_failures=0"
dengfoc,"SYNC_TRUTH,sequence=83503,truth_tick_us=167392672,mechanical_angle_rad=2.636913061,valid=1,read_failures=0"
dengfoc,"SYNC_TRUTH,sequence=83504,truth_tick_us=167394672,mechanical_angle_rad=2.636913061,valid=1,read_failures=0"
dengfoc,"SYNC_TRUTH,sequence=83505,truth_tick_us=167396672,mechanical_angle_rad=2.636913061,valid=1,read_failures=0"
dengfoc,"SYNC_TRUTH,sequence=83506,truth_tick_us=167398672,mechanical_angle_rad=2.636913061,valid=1,read_failures=0"
dengfoc,"SYNC_TRUTH,sequence=83507,truth_tick_us=167400672,mechanical_angle_rad=2.636913061,valid=1,read_failures=0"
dengfoc,"SYNC_TRUTH,sequence=83508,truth_tick_us=167402672,mechanical_angle_rad=2.636913061,valid=1,read_failures=0"
dengfoc,"SYNC_TRUTH,sequence=83509,truth_tick_us=167404672,mechanical_angle_rad=2.636913061,valid=1,read_failures=0"
dengfoc,"SYNC_TRUTH,sequence=83510,truth_tick_us=167406672,mechanical_angle_rad=2.636913061,valid=1,read_failures=0"
dengfoc,"SYNC_TRUTH,sequence=83511,truth_tick_us=167408672,mechanical_angle_rad=2.636913061,valid=1,read_failures=0"
dengfoc,"SYNC_TRUTH,sequence=83512,truth_tick_us=167410672,mechanical_angle_rad=2.636913061,valid=1,read_failures=0"
dengfoc,"SYNC_TRUTH,sequence=83513,truth_tick_us=167412672,mechanical_angle_rad=2.636913061,valid=1,read_failures=0"
dengfoc,"SYNC_TRUTH,sequence=83514,truth_tick_us=167414672,mechanical_angle_rad=2.636913061,valid=1,read_failures=0"
dengfoc,"SYNC_TRUTH,sequence=83515,truth_tick_us=167416672,mechanical_angle_rad=2.636913061,valid=1,read_failures=0"
dengfoc,"SYNC_TRUTH,sequence=83516,truth_tick_us=167418672,mechanical_angle_rad=2.636913061,valid=1,read_failures=0"
dengfoc,"SYNC_TRUTH,sequence=83517,truth_tick_us=167420672,mechanical_angle_rad=2.636913061,valid=1,read_failures=0"
dengfoc,"SYNC_TRUTH,sequence=83518,truth_tick_us=167422672,mechanical_angle_rad=2.636913061,valid=1,read_failures=0"
dengfoc,"SYNC_TRUTH,sequence=83519,truth_tick_us=167424672,mechanical_angle_rad=2.636913061,valid=1,read_failures=0"
dengfoc,"SYNC_TRUTH,sequence=83520,truth_tick_us=167426672,mechanical_angle_rad=2.636913061,valid=1,read_failures=0"
dengfoc,"SYNC_TRUTH,sequence=83521,truth_tick_us=167428672,mechanical_angle_rad=2.636913061,valid=1,read_failures=0"
dengfoc,"SYNC_TRUTH,sequence=83522,truth_tick_us=167430672,mechanical_angle_rad=2.636913061,valid=1,read_failures=0"
dengfoc,"SYNC_TRUTH,sequence=83523,truth_tick_us=167432672,mechanical_angle_rad=2.636913061,valid=1,read_failures=0"
dengfoc,"SYNC_TRUTH,sequence=83524,truth_tick_us=167434672,mechanical_angle_rad=2.636913061,valid=1,read_failures=0"
dengfoc,"SYNC_TRUTH,sequence=83525,truth_tick_us=167436672,mechanical_angle_rad=2.636913061,valid=1,read_failures=0"
dengfoc,"SYNC_TRUTH,sequence=83526,truth_tick_us=167438672,mechanical_angle_rad=2.636913061,valid=1,read_failures=0"
dengfoc,"SYNC_TRUTH,sequence=83527,truth_tick_us=167440672,mechanical_angle_rad=2.636913061,valid=1,read_failures=0"
dengfoc,"SYNC_TRUTH,sequence=83528,truth_tick_us=167442672,mechanical_angle_rad=2.636913061,valid=1,read_failures=0"
dengfoc,"SYNC_TRUTH,sequence=83529,truth_tick_us=167444672,mechanical_angle_rad=2.636913061,valid=1,read_failures=0"
dengfoc,"SYNC_TRUTH,sequence=83530,truth_tick_us=167446672,mechanical_angle_rad=2.636913061,valid=1,read_failures=0"
dengfoc,"SYNC_TRUTH,sequence=83531,truth_tick_us=167448672,mechanical_angle_rad=2.636913061,valid=1,read_failures=0"
dengfoc,"SYNC_TRUTH,sequence=83532,truth_tick_us=167450672,mechanical_angle_rad=2.636913061,valid=1,read_failures=0"
dengfoc,"SYNC_TRUTH,sequence=83533,truth_tick_us=167452672,mechanical_angle_rad=2.636913061,valid=1,read_failures=0"
dengfoc,"SYNC_TRUTH,sequence=83534,truth_tick_us=167454672,mechanical_angle_rad=2.636913061,valid=1,read_failures=0"
dengfoc,"SYNC_TRUTH,sequence=83535,truth_tick_us=167456672,mechanical_angle_rad=2.636913061,valid=1,read_failures=0"
dengfoc,"SYNC_TRUTH,sequence=83536,truth_tick_us=167458672,mechanical_angle_rad=2.636913061,valid=1,read_failures=0"
dengfoc,"SYNC_TRUTH,sequence=83537,truth_tick_us=167460672,mechanical_angle_rad=2.636913061,valid=1,read_failures=0"
dengfoc,"SYNC_TRUTH,sequence=83538,truth_tick_us=167462672,mechanical_angle_rad=2.636913061,valid=1,read_failures=0"
dengfoc,"SYNC_TRUTH,sequence=83539,truth_tick_us=167464672,mechanical_angle_rad=2.636913061,valid=1,read_failures=0"
dengfoc,"SYNC_TRUTH,sequence=83540,truth_tick_us=167466672,mechanical_angle_rad=2.636913061,valid=1,read_failures=0"
dengfoc,"SYNC_TRUTH,sequence=83541,truth_tick_us=167468672,mechanical_angle_rad=2.636913061,valid=1,read_failures=0"
dengfoc,"SYNC_TRUTH,sequence=83542,truth_tick_us=167470672,mechanical_angle_rad=2.636913061,valid=1,read_failures=0"
dengfoc,"SYNC_TRUTH,sequence=83543,truth_tick_us=167472672,mechanical_angle_rad=2.636913061,valid=1,read_failures=0"
dengfoc,"SYNC_TRUTH,sequence=83544,truth_tick_us=167474672,mechanical_angle_rad=2.636913061,valid=1,read_failures=0"
dengfoc,"SYNC_TRUTH,sequence=83545,truth_tick_us=167476672,mechanical_angle_rad=2.636913061,valid=1,read_failures=0"
dengfoc,"SYNC_TRUTH,sequence=83546,truth_tick_us=167478672,mechanical_angle_rad=2.636913061,valid=1,read_failures=0"
dengfoc,"SYNC_TRUTH,sequence=83547,truth_tick_us=167480672,mechanical_angle_rad=2.636913061,valid=1,read_failures=0"
dengfoc,"SYNC_TRUTH,sequence=83548,truth_tick_us=167482672,mechanical_angle_rad=2.636913061,valid=1,read_failures=0"
dengfoc,"SYNC_TRUTH,sequence=83549,truth_tick_us=167484672,mechanical_angle_rad=2.636913061,valid=1,read_failures=0"
dengfoc,"SYNC_TRUTH,sequence=83550,truth_tick_us=167486672,mechanical_angle_rad=2.636913061,valid=1,read_failures=0"
dengfoc,"SYNC_TRUTH,sequence=83551,truth_tick_us=167488672,mechanical_angle_rad=2.636913061,valid=1,read_failures=0"
dengfoc,"SYNC_TRUTH,sequence=83552,truth_tick_us=167490672,mechanical_angle_rad=2.636913061,valid=1,read_failures=0"
dengfoc,"SYNC_TRUTH,sequence=83553,truth_tick_us=167492672,mechanical_angle_rad=2.636913061,valid=1,read_failures=0"
dengfoc,"SYNC_TRUTH,sequence=83554,truth_tick_us=167494672,mechanical_angle_rad=2.636913061,valid=1,read_failures=0"
dengfoc,"SYNC_TRUTH,sequence=83555,truth_tick_us=167496672,mechanical_angle_rad=2.636913061,valid=1,read_failures=0"
dengfoc,"SYNC_TRUTH,sequence=83556,truth_tick_us=167498672,mechanical_angle_rad=2.636913061,valid=1,read_failures=0"
dengfoc,"SYNC_TRUTH,sequence=83557,truth_tick_us=167500672,mechanical_angle_rad=2.636913061,valid=1,read_failures=0"
dengfoc,"SYNC_TRUTH,sequence=83558,truth_tick_us=167502672,mechanical_angle_rad=2.636913061,valid=1,read_failures=0"
dengfoc,"SYNC_TRUTH,sequence=83559,truth_tick_us=167504672,mechanical_angle_rad=2.636913061,valid=1,read_failures=0"
dengfoc,"SYNC_TRUTH,sequence=83560,truth_tick_us=167506672,mechanical_angle_rad=2.636913061,valid=1,read_failures=0"
dengfoc,"SYNC_TRUTH,sequence=83561,truth_tick_us=167508672,mechanical_angle_rad=2.636913061,valid=1,read_failures=0"
dengfoc,"SYNC_TRUTH,sequence=83562,truth_tick_us=167510672,mechanical_angle_rad=2.636913061,valid=1,read_failures=0"
dengfoc,"SYNC_TRUTH,sequence=83563,truth_tick_us=167512672,mechanical_angle_rad=2.636913061,valid=1,read_failures=0"
dengfoc,"SYNC_TRUTH,sequence=83564,truth_tick_us=167514672,mechanical_angle_rad=2.636913061,valid=1,read_failures=0"
dengfoc,"SYNC_TRUTH,sequence=83565,truth_tick_us=167516672,mechanical_angle_rad=2.636913061,valid=1,read_failures=0"
dengfoc,"SYNC_TRUTH,sequence=83566,truth_tick_us=167518672,mechanical_angle_rad=2.636913061,valid=1,read_failures=0"
dengfoc,"SYNC_TRUTH,sequence=83567,truth_tick_us=167520672,mechanical_angle_rad=2.636913061,valid=1,read_failures=0"
dengfoc,"SYNC_TRUTH,sequence=83568,truth_tick_us=167522672,mechanical_angle_rad=2.636913061,valid=1,read_failures=0"
dengfoc,"SYNC_TRUTH,sequence=83569,truth_tick_us=167524672,mechanical_angle_rad=2.636913061,valid=1,read_failures=0"
dengfoc,"SYNC_TRUTH,sequence=83570,truth_tick_us=167526672,mechanical_angle_rad=2.636913061,valid=1,read_failures=0"
dengfoc,"SYNC_TRUTH,sequence=83571,truth_tick_us=167528672,mechanical_angle_rad=2.636913061,valid=1,read_failures=0"
dengfoc,"SYNC_TRUTH,sequence=83572,truth_tick_us=167530672,mechanical_angle_rad=2.636913061,valid=1,read_failures=0"
dengfoc,"SYNC_TRUTH,sequence=83573,truth_tick_us=167532672,mechanical_angle_rad=2.636913061,valid=1,read_failures=0"
dengfoc,"SYNC_TRUTH,sequence=83574,truth_tick_us=167534672,mechanical_angle_rad=2.636913061,valid=1,read_failures=0"
dengfoc,"SYNC_TRUTH,sequence=83575,truth_tick_us=167536672,mechanical_angle_rad=2.636913061,valid=1,read_failures=0"
dengfoc,"SYNC_TRUTH,sequence=83576,truth_tick_us=167538672,mechanical_angle_rad=2.636913061,valid=1,read_failures=0"
dengfoc,"SYNC_TRUTH,sequence=83577,truth_tick_us=167540672,mechanical_angle_rad=2.636913061,valid=1,read_failures=0"
dengfoc,"SYNC_TRUTH,sequence=83578,truth_tick_us=167542672,mechanical_angle_rad=2.636913061,valid=1,read_failures=0"
dengfoc,"SYNC_TRUTH,sequence=83579,truth_tick_us=167544672,mechanical_angle_rad=2.636913061,valid=1,read_failures=0"
dengfoc,"SYNC_TRUTH,sequence=83580,truth_tick_us=167546672,mechanical_angle_rad=2.636913061,valid=1,read_failures=0"
dengfoc,"SYNC_TRUTH,sequence=83581,truth_tick_us=167548672,mechanical_angle_rad=2.636913061,valid=1,read_failures=0"
dengfoc,"SYNC_TRUTH,sequence=83582,truth_tick_us=167550672,mechanical_angle_rad=2.636913061,valid=1,read_failures=0"
dengfoc,"SYNC_TRUTH,sequence=83583,truth_tick_us=167552672,mechanical_angle_rad=2.636913061,valid=1,read_failures=0"
dengfoc,"SYNC_TRUTH,sequence=83584,truth_tick_us=167554672,mechanical_angle_rad=2.636913061,valid=1,read_failures=0"
dengfoc,"SYNC_TRUTH,sequence=83585,truth_tick_us=167556672,mechanical_angle_rad=2.636913061,valid=1,read_failures=0"
dengfoc,"SYNC_TRUTH,sequence=83586,truth_tick_us=167558672,mechanical_angle_rad=2.636913061,valid=1,read_failures=0"
dengfoc,"SYNC_TRUTH,sequence=83587,truth_tick_us=167560672,mechanical_angle_rad=2.636913061,valid=1,read_failures=0"
dengfoc,"SYNC_TRUTH,sequence=83588,truth_tick_us=167562672,mechanical_angle_rad=2.636913061,valid=1,read_failures=0"
dengfoc,"SYNC_TRUTH,sequence=83589,truth_tick_us=167564672,mechanical_angle_rad=2.636913061,valid=1,read_failures=0"
dengfoc,"SYNC_TRUTH,sequence=83590,truth_tick_us=167566672,mechanical_angle_rad=2.636913061,valid=1,read_failures=0"
dengfoc,"SYNC_TRUTH,sequence=83591,truth_tick_us=167568672,mechanical_angle_rad=2.636913061,valid=1,read_failures=0"
dengfoc,"SYNC_TRUTH,sequence=83592,truth_tick_us=167570672,mechanical_angle_rad=2.636913061,valid=1,read_failures=0"
dengfoc,"SYNC_TRUTH,sequence=83593,truth_tick_us=167572672,mechanical_angle_rad=2.636913061,valid=1,read_failures=0"
dengfoc,"SYNC_TRUTH,sequence=83594,truth_tick_us=167574672,mechanical_angle_rad=2.636913061,valid=1,read_failures=0"
dengfoc,"SYNC_TRUTH,sequence=83595,truth_tick_us=167576672,mechanical_angle_rad=2.636913061,valid=1,read_failures=0"
dengfoc,"SYNC_TRUTH,sequence=83596,truth_tick_us=167578672,mechanical_angle_rad=2.636913061,valid=1,read_failures=0"
dengfoc,"SYNC_TRUTH,sequence=83597,truth_tick_us=167580672,mechanical_angle_rad=2.636913061,valid=1,read_failures=0"
dengfoc,"SYNC_TRUTH,sequence=83598,truth_tick_us=167582672,mechanical_angle_rad=2.636913061,valid=1,read_failures=0"
dengfoc,"SYNC_TRUTH,sequence=83599,truth_tick_us=167584672,mechanical_angle_rad=2.636913061,valid=1,read_failures=0"
dengfoc,"SYNC_TRUTH,sequence=83600,truth_tick_us=167586672,mechanical_angle_rad=2.636913061,valid=1,read_failures=0"
dengfoc,"SYNC_TRUTH,sequence=83601,truth_tick_us=167588672,mechanical_angle_rad=2.636913061,valid=1,read_failures=0"
dengfoc,"SYNC_TRUTH,sequence=83602,truth_tick_us=167590672,mechanical_angle_rad=2.636913061,valid=1,read_failures=0"
dengfoc,"SYNC_TRUTH,sequence=83603,truth_tick_us=167592672,mechanical_angle_rad=2.636913061,valid=1,read_failures=0"
dengfoc,"SYNC_TRUTH,sequence=83604,truth_tick_us=167594672,mechanical_angle_rad=2.636913061,valid=1,read_failures=0"
dengfoc,"SYNC_TRUTH,sequence=83605,truth_tick_us=167596672,mechanical_angle_rad=2.636913061,valid=1,read_failures=0"
dengfoc,"SYNC_TRUTH,sequence=83606,truth_tick_us=167598672,mechanical_angle_rad=2.636913061,valid=1,read_failures=0"
dengfoc,"SYNC_TRUTH,sequence=83607,truth_tick_us=167600672,mechanical_angle_rad=2.636913061,valid=1,read_failures=0"
dengfoc,"SYNC_TRUTH,sequence=83608,truth_tick_us=167602672,mechanical_angle_rad=2.636913061,valid=1,read_failures=0"
dengfoc,"SYNC_TRUTH,sequence=83609,truth_tick_us=167604672,mechanical_angle_rad=2.636913061,valid=1,read_failures=0"
dengfoc,"SYNC_TRUTH,sequence=83610,truth_tick_us=167606672,mechanical_angle_rad=2.636913061,valid=1,read_failures=0"
dengfoc,"SYNC_TRUTH,sequence=83611,truth_tick_us=167608672,mechanical_angle_rad=2.636913061,valid=1,read_failures=0"
dengfoc,"SYNC_TRUTH,sequence=83612,truth_tick_us=167610672,mechanical_angle_rad=2.636913061,valid=1,read_failures=0"
dengfoc,"SYNC_TRUTH,sequence=83613,truth_tick_us=167612672,mechanical_angle_rad=2.636913061,valid=1,read_failures=0"
dengfoc,"SYNC_TRUTH,sequence=83614,truth_tick_us=167614672,mechanical_angle_rad=2.636913061,valid=1,read_failures=0"
dengfoc,"SYNC_TRUTH,sequence=83615,truth_tick_us=167616672,mechanical_angle_rad=2.636913061,valid=1,read_failures=0"
dengfoc,"SYNC_TRUTH,sequence=83616,truth_tick_us=167618672,mechanical_angle_rad=2.636913061,valid=1,read_failures=0"
dengfoc,"SYNC_TRUTH,sequence=83617,truth_tick_us=167620672,mechanical_angle_rad=2.636913061,valid=1,read_failures=0"
dengfoc,"SYNC_TRUTH,sequence=83618,truth_tick_us=167622672,mechanical_angle_rad=2.636913061,valid=1,read_failures=0"
dengfoc,"SYNC_TRUTH,sequence=83619,truth_tick_us=167624672,mechanical_angle_rad=2.636913061,valid=1,read_failures=0"
dengfoc,"SYNC_TRUTH,sequence=83620,truth_tick_us=167626672,mechanical_angle_rad=2.636913061,valid=1,read_failures=0"
dengfoc,"SYNC_TRUTH,sequence=83621,truth_tick_us=167628672,mechanical_angle_rad=2.636913061,valid=1,read_failures=0"
dengfoc,"SYNC_TRUTH,sequence=83622,truth_tick_us=167630672,mechanical_angle_rad=2.636913061,valid=1,read_failures=0"
dengfoc,"SYNC_TRUTH,sequence=83623,truth_tick_us=167632672,mechanical_angle_rad=2.636913061,valid=1,read_failures=0"
dengfoc,"SYNC_TRUTH,sequence=83624,truth_tick_us=167634672,mechanical_angle_rad=2.636913061,valid=1,read_failures=0"
dengfoc,"SYNC_TRUTH,sequence=83625,truth_tick_us=167636672,mechanical_angle_rad=2.636913061,valid=1,read_failures=0"
dengfoc,"SYNC_TRUTH,sequence=83626,truth_tick_us=167638672,mechanical_angle_rad=2.636913061,valid=1,read_failures=0"
dengfoc,"SYNC_TRUTH,sequence=83627,truth_tick_us=167640672,mechanical_angle_rad=2.636913061,valid=1,read_failures=0"
dengfoc,"SYNC_TRUTH,sequence=83628,truth_tick_us=167642672,mechanical_angle_rad=2.636913061,valid=1,read_failures=0"
dengfoc,"SYNC_TRUTH,sequence=83629,truth_tick_us=167644672,mechanical_angle_rad=2.636913061,valid=1,read_failures=0"
dengfoc,"SYNC_TRUTH,sequence=83630,truth_tick_us=167646672,mechanical_angle_rad=2.636913061,valid=1,read_failures=0"
dengfoc,"SYNC_TRUTH,sequence=83631,truth_tick_us=167648672,mechanical_angle_rad=2.636913061,valid=1,read_failures=0"
dengfoc,"SYNC_TRUTH,sequence=83632,truth_tick_us=167650672,mechanical_angle_rad=2.636913061,valid=1,read_failures=0"
dengfoc,"SYNC_TRUTH,sequence=83633,truth_tick_us=167652672,mechanical_angle_rad=2.636913061,valid=1,read_failures=0"
dengfoc,"SYNC_TRUTH,sequence=83634,truth_tick_us=167654672,mechanical_angle_rad=2.636913061,valid=1,read_failures=0"
dengfoc,"SYNC_TRUTH,sequence=83635,truth_tick_us=167656672,mechanical_angle_rad=2.636913061,valid=1,read_failures=0"
dengfoc,"SYNC_TRUTH,sequence=83636,truth_tick_us=167658672,mechanical_angle_rad=2.636913061,valid=1,read_failures=0"
dengfoc,"SYNC_TRUTH,sequence=83637,truth_tick_us=167660672,mechanical_angle_rad=2.636913061,valid=1,read_failures=0"
dengfoc,"SYNC_TRUTH,sequence=83638,truth_tick_us=167662672,mechanical_angle_rad=2.636913061,valid=1,read_failures=0"
dengfoc,"SYNC_TRUTH,sequence=83639,truth_tick_us=167664672,mechanical_angle_rad=2.636913061,valid=1,read_failures=0"
dengfoc,"SYNC_TRUTH,sequence=83640,truth_tick_us=167666672,mechanical_angle_rad=2.636913061,valid=1,read_failures=0"
dengfoc,"SYNC_TRUTH,sequence=83641,truth_tick_us=167668672,mechanical_angle_rad=2.636913061,valid=1,read_failures=0"
dengfoc,"SYNC_TRUTH,sequence=83642,truth_tick_us=167670672,mechanical_angle_rad=2.636913061,valid=1,read_failures=0"
dengfoc,"SYNC_TRUTH,sequence=83643,truth_tick_us=167672672,mechanical_angle_rad=2.636913061,valid=1,read_failures=0"
dengfoc,"SYNC_TRUTH,sequence=83644,truth_tick_us=167674672,mechanical_angle_rad=2.636913061,valid=1,read_failures=0"
dengfoc,"SYNC_TRUTH,sequence=83645,truth_tick_us=167676672,mechanical_angle_rad=2.636913061,valid=1,read_failures=0"
dengfoc,"SYNC_TRUTH,sequence=83646,truth_tick_us=167678672,mechanical_angle_rad=2.636913061,valid=1,read_failures=0"
dengfoc,"SYNC_TRUTH,sequence=83647,truth_tick_us=167680672,mechanical_angle_rad=2.636913061,valid=1,read_failures=0"
dengfoc,"SYNC_TRUTH,sequence=83648,truth_tick_us=167682672,mechanical_angle_rad=2.636913061,valid=1,read_failures=0"
dengfoc,"SYNC_TRUTH,sequence=83649,truth_tick_us=167684672,mechanical_angle_rad=2.636913061,valid=1,read_failures=0"
dengfoc,"SYNC_TRUTH,sequence=83650,truth_tick_us=167686672,mechanical_angle_rad=2.636913061,valid=1,read_failures=0"
dengfoc,"SYNC_TRUTH,sequence=83651,truth_tick_us=167688672,mechanical_angle_rad=2.636913061,valid=1,read_failures=0"
dengfoc,"SYNC_TRUTH,sequence=83652,truth_tick_us=167690672,mechanical_angle_rad=2.636913061,valid=1,read_failures=0"
dengfoc,"SYNC_TRUTH,sequence=83653,truth_tick_us=167692672,mechanical_angle_rad=2.636913061,valid=1,read_failures=0"
dengfoc,"SYNC_TRUTH,sequence=83654,truth_tick_us=167694672,mechanical_angle_rad=2.636913061,valid=1,read_failures=0"
dengfoc,"SYNC_TRUTH,sequence=83655,truth_tick_us=167696672,mechanical_angle_rad=2.636913061,valid=1,read_failures=0"
dengfoc,"SYNC_TRUTH,sequence=83656,truth_tick_us=167698672,mechanical_angle_rad=2.636913061,valid=1,read_failures=0"
dengfoc,"SYNC_TRUTH,sequence=83657,truth_tick_us=167700672,mechanical_angle_rad=2.636913061,valid=1,read_failures=0"
dengfoc,"SYNC_TRUTH,sequence=83658,truth_tick_us=167702672,mechanical_angle_rad=2.636913061,valid=1,read_failures=0"
dengfoc,"SYNC_TRUTH,sequence=83659,truth_tick_us=167704672,mechanical_angle_rad=2.636913061,valid=1,read_failures=0"
dengfoc,"SYNC_TRUTH,sequence=83660,truth_tick_us=167706672,mechanical_angle_rad=2.636913061,valid=1,read_failures=0"
dengfoc,"SYNC_TRUTH,sequence=83661,truth_tick_us=167708672,mechanical_angle_rad=2.636913061,valid=1,read_failures=0"
dengfoc,"SYNC_TRUTH,sequence=83662,truth_tick_us=167710672,mechanical_angle_rad=2.636913061,valid=1,read_failures=0"
dengfoc,"SYNC_TRUTH,sequence=83663,truth_tick_us=167712672,mechanical_angle_rad=2.636913061,valid=1,read_failures=0"
dengfoc,"SYNC_TRUTH,sequence=83664,truth_tick_us=167714672,mechanical_angle_rad=2.636913061,valid=1,read_failures=0"
dengfoc,"SYNC_TRUTH,sequence=83665,truth_tick_us=167716672,mechanical_angle_rad=2.636913061,valid=1,read_failures=0"
dengfoc,"SYNC_TRUTH,sequence=83666,truth_tick_us=167718672,mechanical_angle_rad=2.636913061,valid=1,read_failures=0"
dengfoc,"SYNC_TRUTH,sequence=83667,truth_tick_us=167720672,mechanical_angle_rad=2.636913061,valid=1,read_failures=0"
dengfoc,"SYNC_TRUTH,sequence=83668,truth_tick_us=167722672,mechanical_angle_rad=2.636913061,valid=1,read_failures=0"
dengfoc,"SYNC_TRUTH,sequence=83669,truth_tick_us=167724672,mechanical_angle_rad=2.636913061,valid=1,read_failures=0"
dengfoc,"SYNC_TRUTH,sequence=83670,truth_tick_us=167726672,mechanical_angle_rad=2.636913061,valid=1,read_failures=0"
dengfoc,"SYNC_TRUTH,sequence=83671,truth_tick_us=167728672,mechanical_angle_rad=2.636913061,valid=1,read_failures=0"
dengfoc,"SYNC_TRUTH,sequence=83672,truth_tick_us=167730672,mechanical_angle_rad=2.636913061,valid=1,read_failures=0"
dengfoc,"SYNC_TRUTH,sequence=83673,truth_tick_us=167732672,mechanical_angle_rad=2.636913061,valid=1,read_failures=0"
dengfoc,"SYNC_TRUTH,sequence=83674,truth_tick_us=167734672,mechanical_angle_rad=2.636913061,valid=1,read_failures=0"
dengfoc,"SYNC_TRUTH,sequence=83675,truth_tick_us=167736672,mechanical_angle_rad=2.636913061,valid=1,read_failures=0"
dengfoc,"SYNC_TRUTH,sequence=83676,truth_tick_us=167738672,mechanical_angle_rad=2.636913061,valid=1,read_failures=0"
dengfoc,"SYNC_TRUTH,sequence=83677,truth_tick_us=167740672,mechanical_angle_rad=2.636913061,valid=1,read_failures=0"
dengfoc,"SYNC_TRUTH,sequence=83678,truth_tick_us=167742672,mechanical_angle_rad=2.636913061,valid=1,read_failures=0"
dengfoc,"SYNC_TRUTH,sequence=83679,truth_tick_us=167744672,mechanical_angle_rad=2.636913061,valid=1,read_failures=0"
dengfoc,"SYNC_TRUTH,sequence=83680,truth_tick_us=167746672,mechanical_angle_rad=2.636913061,valid=1,read_failures=0"
dengfoc,"SYNC_TRUTH,sequence=83681,truth_tick_us=167748672,mechanical_angle_rad=2.636913061,valid=1,read_failures=0"
dengfoc,"SYNC_TRUTH,sequence=83682,truth_tick_us=167750672,mechanical_angle_rad=2.636913061,valid=1,read_failures=0"
dengfoc,"SYNC_TRUTH,sequence=83683,truth_tick_us=167752672,mechanical_angle_rad=2.636913061,valid=1,read_failures=0"
dengfoc,"SYNC_TRUTH,sequence=83684,truth_tick_us=167754672,mechanical_angle_rad=2.636913061,valid=1,read_failures=0"
dengfoc,"SYNC_TRUTH,sequence=83685,truth_tick_us=167756672,mechanical_angle_rad=2.636913061,valid=1,read_failures=0"
dengfoc,"SYNC_TRUTH,sequence=83686,truth_tick_us=167758672,mechanical_angle_rad=2.636913061,valid=1,read_failures=0"
dengfoc,"SYNC_TRUTH,sequence=83687,truth_tick_us=167760672,mechanical_angle_rad=2.636913061,valid=1,read_failures=0"
dengfoc,"SYNC_TRUTH,sequence=83688,truth_tick_us=167762672,mechanical_angle_rad=2.636913061,valid=1,read_failures=0"
dengfoc,"SYNC_TRUTH,sequence=83689,truth_tick_us=167764672,mechanical_angle_rad=2.636913061,valid=1,read_failures=0"
dengfoc,"SYNC_TRUTH,sequence=83690,truth_tick_us=167766672,mechanical_angle_rad=2.636913061,valid=1,read_failures=0"
dengfoc,"SYNC_TRUTH,sequence=83691,truth_tick_us=167768672,mechanical_angle_rad=2.636913061,valid=1,read_failures=0"
dengfoc,"SYNC_TRUTH,sequence=83692,truth_tick_us=167770672,mechanical_angle_rad=2.636913061,valid=1,read_failures=0"
dengfoc,"SYNC_TRUTH,sequence=83693,truth_tick_us=167772672,mechanical_angle_rad=2.636913061,valid=1,read_failures=0"
dengfoc,"SYNC_TRUTH,sequence=83694,truth_tick_us=167774672,mechanical_angle_rad=2.636913061,valid=1,read_failures=0"
dengfoc,"SYNC_TRUTH,sequence=83695,truth_tick_us=167776672,mechanical_angle_rad=2.636913061,valid=1,read_failures=0"
dengfoc,"SYNC_TRUTH,sequence=83696,truth_tick_us=167778672,mechanical_angle_rad=2.636913061,valid=1,read_failures=0"
dengfoc,"SYNC_TRUTH,sequence=83697,truth_tick_us=167780672,mechanical_angle_rad=2.636913061,valid=1,read_failures=0"
dengfoc,"SYNC_TRUTH,sequence=83698,truth_tick_us=167782672,mechanical_angle_rad=2.636913061,valid=1,read_failures=0"
dengfoc,"SYNC_TRUTH,sequence=83699,truth_tick_us=167784672,mechanical_angle_rad=2.636913061,valid=1,read_failures=0"
dengfoc,"SYNC_TRUTH,sequence=83700,truth_tick_us=167786672,mechanical_angle_rad=2.636913061,valid=1,read_failures=0"
dengfoc,"SYNC_TRUTH,sequence=83701,truth_tick_us=167788672,mechanical_angle_rad=2.636913061,valid=1,read_failures=0"
dengfoc,"SYNC_TRUTH,sequence=83702,truth_tick_us=167790672,mechanical_angle_rad=2.636913061,valid=1,read_failures=0"
dengfoc,"SYNC_TRUTH,sequence=83703,truth_tick_us=167792672,mechanical_angle_rad=2.636913061,valid=1,read_failures=0"
dengfoc,"SYNC_TRUTH,sequence=83704,truth_tick_us=167794672,mechanical_angle_rad=2.636913061,valid=1,read_failures=0"
dengfoc,"SYNC_TRUTH,sequence=83705,truth_tick_us=167796672,mechanical_angle_rad=2.636913061,valid=1,read_failures=0"
dengfoc,"SYNC_TRUTH,sequence=83706,truth_tick_us=167798672,mechanical_angle_rad=2.636913061,valid=1,read_failures=0"
dengfoc,"SYNC_TRUTH,sequence=83707,truth_tick_us=167800672,mechanical_angle_rad=2.636913061,valid=1,read_failures=0"
dengfoc,"SYNC_TRUTH,sequence=83708,truth_tick_us=167802672,mechanical_angle_rad=2.636913061,valid=1,read_failures=0"
dengfoc,"SYNC_TRUTH,sequence=83709,truth_tick_us=167804672,mechanical_angle_rad=2.636913061,valid=1,read_failures=0"
dengfoc,"SYNC_TRUTH,sequence=83710,truth_tick_us=167806672,mechanical_angle_rad=2.636913061,valid=1,read_failures=0"
dengfoc,"SYNC_TRUTH,sequence=83711,truth_tick_us=167808672,mechanical_angle_rad=2.636913061,valid=1,read_failures=0"
dengfoc,"SYNC_TRUTH,sequence=83712,truth_tick_us=167810672,mechanical_angle_rad=2.636913061,valid=1,read_failures=0"
dengfoc,"SYNC_TRUTH,sequence=83713,truth_tick_us=167812672,mechanical_angle_rad=2.636913061,valid=1,read_failures=0"
dengfoc,"SYNC_TRUTH,sequence=83714,truth_tick_us=167814672,mechanical_angle_rad=2.636913061,valid=1,read_failures=0"
dengfoc,"SYNC_TRUTH,sequence=83715,truth_tick_us=167816672,mechanical_angle_rad=2.636913061,valid=1,read_failures=0"
dengfoc,"SYNC_TRUTH,sequence=83716,truth_tick_us=167818672,mechanical_angle_rad=2.636913061,valid=1,read_failures=0"
dengfoc,"SYNC_TRUTH,sequence=83717,truth_tick_us=167820672,mechanical_angle_rad=2.636913061,valid=1,read_failures=0"
dengfoc,"SYNC_TRUTH,sequence=83718,truth_tick_us=167822672,mechanical_angle_rad=2.636913061,valid=1,read_failures=0"
dengfoc,"SYNC_TRUTH,sequence=83719,truth_tick_us=167824672,mechanical_angle_rad=2.636913061,valid=1,read_failures=0"
dengfoc,"SYNC_TRUTH,sequence=83720,truth_tick_us=167826672,mechanical_angle_rad=2.636913061,valid=1,read_failures=0"
dengfoc,"SYNC_TRUTH,sequence=83721,truth_tick_us=167828672,mechanical_angle_rad=2.636913061,valid=1,read_failures=0"
dengfoc,"SYNC_TRUTH,sequence=83722,truth_tick_us=167830672,mechanical_angle_rad=2.636913061,valid=1,read_failures=0"
dengfoc,"SYNC_TRUTH,sequence=83723,truth_tick_us=167832672,mechanical_angle_rad=2.636913061,valid=1,read_failures=0"
dengfoc,"SYNC_TRUTH,sequence=83724,truth_tick_us=167834672,mechanical_angle_rad=2.636913061,valid=1,read_failures=0"
dengfoc,"SYNC_TRUTH,sequence=83725,truth_tick_us=167836672,mechanical_angle_rad=2.636913061,valid=1,read_failures=0"
dengfoc,"SYNC_TRUTH,sequence=83726,truth_tick_us=167838672,mechanical_angle_rad=2.636913061,valid=1,read_failures=0"
dengfoc,"SYNC_TRUTH,sequence=83727,truth_tick_us=167840672,mechanical_angle_rad=2.636913061,valid=1,read_failures=0"
dengfoc,"SYNC_TRUTH,sequence=83728,truth_tick_us=167842672,mechanical_angle_rad=2.636913061,valid=1,read_failures=0"
dengfoc,"SYNC_TRUTH,sequence=83729,truth_tick_us=167844672,mechanical_angle_rad=2.636913061,valid=1,read_failures=0"
dengfoc,"SYNC_TRUTH,sequence=83730,truth_tick_us=167846672,mechanical_angle_rad=2.636913061,valid=1,read_failures=0"
dengfoc,"SYNC_TRUTH,sequence=83731,truth_tick_us=167848672,mechanical_angle_rad=2.636913061,valid=1,read_failures=0"
dengfoc,"SYNC_TRUTH,sequence=83732,truth_tick_us=167850672,mechanical_angle_rad=2.636913061,valid=1,read_failures=0"
dengfoc,"SYNC_TRUTH,sequence=83733,truth_tick_us=167852672,mechanical_angle_rad=2.636913061,valid=1,read_failures=0"
dengfoc,"SYNC_TRUTH,sequence=83734,truth_tick_us=167854672,mechanical_angle_rad=2.636913061,valid=1,read_failures=0"
dengfoc,"SYNC_TRUTH,sequence=83735,truth_tick_us=167856672,mechanical_angle_rad=2.636913061,valid=1,read_failures=0"
dengfoc,"SYNC_TRUTH,sequence=83736,truth_tick_us=167858672,mechanical_angle_rad=2.636913061,valid=1,read_failures=0"
dengfoc,"SYNC_TRUTH,sequence=83737,truth_tick_us=167860672,mechanical_angle_rad=2.636913061,valid=1,read_failures=0"
dengfoc,"SYNC_TRUTH,sequence=83738,truth_tick_us=167862672,mechanical_angle_rad=2.636913061,valid=1,read_failures=0"
dengfoc,"SYNC_TRUTH,sequence=83739,truth_tick_us=167864672,mechanical_angle_rad=2.636913061,valid=1,read_failures=0"
dengfoc,"SYNC_TRUTH,sequence=83740,truth_tick_us=167866672,mechanical_angle_rad=2.636913061,valid=1,read_failures=0"
dengfoc,"SYNC_TRUTH,sequence=83741,truth_tick_us=167868672,mechanical_angle_rad=2.636913061,valid=1,read_failures=0"
dengfoc,"SYNC_TRUTH,sequence=83742,truth_tick_us=167870672,mechanical_angle_rad=2.636913061,valid=1,read_failures=0"
dengfoc,"SYNC_TRUTH,sequence=83743,truth_tick_us=167872672,mechanical_angle_rad=2.636913061,valid=1,read_failures=0"
dengfoc,"SYNC_TRUTH,sequence=83744,truth_tick_us=167874672,mechanical_angle_rad=2.636913061,valid=1,read_failures=0"
dengfoc,"SYNC_TRUTH,sequence=83745,truth_tick_us=167876672,mechanical_angle_rad=2.636913061,valid=1,read_failures=0"
dengfoc,"SYNC_TRUTH,sequence=83746,truth_tick_us=167878672,mechanical_angle_rad=2.636913061,valid=1,read_failures=0"
dengfoc,"SYNC_TRUTH,sequence=83747,truth_tick_us=167880672,mechanical_angle_rad=2.636913061,valid=1,read_failures=0"
dengfoc,"SYNC_TRUTH,sequence=83748,truth_tick_us=167882672,mechanical_angle_rad=2.636913061,valid=1,read_failures=0"
dengfoc,"SYNC_TRUTH,sequence=83749,truth_tick_us=167884672,mechanical_angle_rad=2.636913061,valid=1,read_failures=0"
dengfoc,"SYNC_TRUTH,sequence=83750,truth_tick_us=167886672,mechanical_angle_rad=2.636913061,valid=1,read_failures=0"
dengfoc,"SYNC_TRUTH,sequence=83751,truth_tick_us=167888672,mechanical_angle_rad=2.636913061,valid=1,read_failures=0"
dengfoc,"SYNC_TRUTH,sequence=83752,truth_tick_us=167890672,mechanical_angle_rad=2.636913061,valid=1,read_failures=0"
dengfoc,"SYNC_TRUTH,sequence=83753,truth_tick_us=167892672,mechanical_angle_rad=2.636913061,valid=1,read_failures=0"
dengfoc,"SYNC_TRUTH,sequence=83754,truth_tick_us=167894672,mechanical_angle_rad=2.636913061,valid=1,read_failures=0"
dengfoc,"SYNC_TRUTH,sequence=83755,truth_tick_us=167896672,mechanical_angle_rad=2.636913061,valid=1,read_failures=0"
dengfoc,"SYNC_TRUTH,sequence=83756,truth_tick_us=167898672,mechanical_angle_rad=2.636913061,valid=1,read_failures=0"
dengfoc,"SYNC_TRUTH,sequence=83757,truth_tick_us=167900672,mechanical_angle_rad=2.636913061,valid=1,read_failures=0"
dengfoc,"SYNC_TRUTH,sequence=83758,truth_tick_us=167902672,mechanical_angle_rad=2.636913061,valid=1,read_failures=0"
dengfoc,"SYNC_TRUTH,sequence=83759,truth_tick_us=167904672,mechanical_angle_rad=2.636913061,valid=1,read_failures=0"
dengfoc,"SYNC_TRUTH,sequence=83760,truth_tick_us=167906672,mechanical_angle_rad=2.636913061,valid=1,read_failures=0"
dengfoc,"SYNC_TRUTH,sequence=83761,truth_tick_us=167908672,mechanical_angle_rad=2.636913061,valid=1,read_failures=0"
dengfoc,"SYNC_TRUTH,sequence=83762,truth_tick_us=167910672,mechanical_angle_rad=2.636913061,valid=1,read_failures=0"
dengfoc,"SYNC_TRUTH,sequence=83763,truth_tick_us=167912672,mechanical_angle_rad=2.636913061,valid=1,read_failures=0"
dengfoc,"SYNC_TRUTH,sequence=83764,truth_tick_us=167914672,mechanical_angle_rad=2.636913061,valid=1,read_failures=0"
dengfoc,"SYNC_TRUTH,sequence=83765,truth_tick_us=167916672,mechanical_angle_rad=2.636913061,valid=1,read_failures=0"
dengfoc,"SYNC_TRUTH,sequence=83766,truth_tick_us=167918672,mechanical_angle_rad=2.636913061,valid=1,read_failures=0"
dengfoc,"SYNC_TRUTH,sequence=83767,truth_tick_us=167920672,mechanical_angle_rad=2.636913061,valid=1,read_failures=0"
dengfoc,"SYNC_TRUTH,sequence=83768,truth_tick_us=167922672,mechanical_angle_rad=2.636913061,valid=1,read_failures=0"
dengfoc,"SYNC_TRUTH,sequence=83769,truth_tick_us=167924672,mechanical_angle_rad=2.636913061,valid=1,read_failures=0"
dengfoc,"SYNC_TRUTH,sequence=83770,truth_tick_us=167926672,mechanical_angle_rad=2.636913061,valid=1,read_failures=0"
dengfoc,"SYNC_TRUTH,sequence=83771,truth_tick_us=167928672,mechanical_angle_rad=2.636913061,valid=1,read_failures=0"
dengfoc,"SYNC_TRUTH,sequence=83772,truth_tick_us=167930672,mechanical_angle_rad=2.636913061,valid=1,read_failures=0"
dengfoc,"SYNC_TRUTH,sequence=83773,truth_tick_us=167932672,mechanical_angle_rad=2.636913061,valid=1,read_failures=0"
dengfoc,"SYNC_TRUTH,sequence=83774,truth_tick_us=167934672,mechanical_angle_rad=2.636913061,valid=1,read_failures=0"
dengfoc,"SYNC_TRUTH,sequence=83775,truth_tick_us=167936672,mechanical_angle_rad=2.636913061,valid=1,read_failures=0"
dengfoc,"SYNC_TRUTH,sequence=83776,truth_tick_us=167938672,mechanical_angle_rad=2.636913061,valid=1,read_failures=0"
dengfoc,"SYNC_TRUTH,sequence=83777,truth_tick_us=167940672,mechanical_angle_rad=2.636913061,valid=1,read_failures=0"
dengfoc,"SYNC_TRUTH,sequence=83778,truth_tick_us=167942672,mechanical_angle_rad=2.636913061,valid=1,read_failures=0"
dengfoc,"SYNC_TRUTH,sequence=83779,truth_tick_us=167944672,mechanical_angle_rad=2.636913061,valid=1,read_failures=0"
dengfoc,"SYNC_TRUTH,sequence=83780,truth_tick_us=167946672,mechanical_angle_rad=2.636913061,valid=1,read_failures=0"
dengfoc,"SYNC_TRUTH,sequence=83781,truth_tick_us=167948672,mechanical_angle_rad=2.636913061,valid=1,read_failures=0"
dengfoc,"SYNC_TRUTH,sequence=83782,truth_tick_us=167950672,mechanical_angle_rad=2.636913061,valid=1,read_failures=0"
dengfoc,"SYNC_TRUTH,sequence=83783,truth_tick_us=167952672,mechanical_angle_rad=2.636913061,valid=1,read_failures=0"
dengfoc,"SYNC_TRUTH,sequence=83784,truth_tick_us=167954672,mechanical_angle_rad=2.636913061,valid=1,read_failures=0"
dengfoc,"SYNC_TRUTH,sequence=83785,truth_tick_us=167956672,mechanical_angle_rad=2.636913061,valid=1,read_failures=0"
dengfoc,"SYNC_TRUTH,sequence=83786,truth_tick_us=167958672,mechanical_angle_rad=2.636913061,valid=1,read_failures=0"
dengfoc,"SYNC_TRUTH,sequence=83787,truth_tick_us=167960672,mechanical_angle_rad=2.636913061,valid=1,read_failures=0"
dengfoc,"SYNC_TRUTH,sequence=83788,truth_tick_us=167962672,mechanical_angle_rad=2.636913061,valid=1,read_failures=0"
dengfoc,"SYNC_TRUTH,sequence=83789,truth_tick_us=167964672,mechanical_angle_rad=2.636913061,valid=1,read_failures=0"
dengfoc,"SYNC_TRUTH,sequence=83790,truth_tick_us=167966672,mechanical_angle_rad=2.636913061,valid=1,read_failures=0"
dengfoc,"SYNC_TRUTH,sequence=83791,truth_tick_us=167968672,mechanical_angle_rad=2.636913061,valid=1,read_failures=0"
dengfoc,"SYNC_TRUTH,sequence=83792,truth_tick_us=167970672,mechanical_angle_rad=2.636913061,valid=1,read_failures=0"
dengfoc,"SYNC_TRUTH,sequence=83793,truth_tick_us=167972672,mechanical_angle_rad=2.636913061,valid=1,read_failures=0"
dengfoc,"SYNC_TRUTH,sequence=83794,truth_tick_us=167974672,mechanical_angle_rad=2.636913061,valid=1,read_failures=0"
dengfoc,"SYNC_TRUTH,sequence=83795,truth_tick_us=167976672,mechanical_angle_rad=2.636913061,valid=1,read_failures=0"
dengfoc,"SYNC_TRUTH,sequence=83796,truth_tick_us=167978672,mechanical_angle_rad=2.636913061,valid=1,read_failures=0"
dengfoc,"SYNC_TRUTH,sequence=83797,truth_tick_us=167980672,mechanical_angle_rad=2.636913061,valid=1,read_failures=0"
dengfoc,"SYNC_TRUTH,sequence=83798,truth_tick_us=167982672,mechanical_angle_rad=2.636913061,valid=1,read_failures=0"
dengfoc,"SYNC_TRUTH,sequence=83799,truth_tick_us=167984672,mechanical_angle_rad=2.636913061,valid=1,read_failures=0"
dengfoc,"SYNC_TRUTH,sequence=83800,truth_tick_us=167986672,mechanical_angle_rad=2.636913061,valid=1,read_failures=0"
dengfoc,"SYNC_TRUTH,sequence=83801,truth_tick_us=167988672,mechanical_angle_rad=2.636913061,valid=1,read_failures=0"
dengfoc,"SYNC_TRUTH,sequence=83802,truth_tick_us=167990672,mechanical_angle_rad=2.636913061,valid=1,read_failures=0"
dengfoc,"SYNC_TRUTH,sequence=83803,truth_tick_us=167992672,mechanical_angle_rad=2.636913061,valid=1,read_failures=0"
dengfoc,"SYNC_TRUTH,sequence=83804,truth_tick_us=167994672,mechanical_angle_rad=2.636913061,valid=1,read_failures=0"
dengfoc,"SYNC_TRUTH,sequence=83805,truth_tick_us=167996672,mechanical_angle_rad=2.636913061,valid=1,read_failures=0"
dengfoc,"SYNC_TRUTH,sequence=83806,truth_tick_us=167998672,mechanical_angle_rad=2.636913061,valid=1,read_failures=0"
dengfoc,"SYNC_TRUTH,sequence=83807,truth_tick_us=168000672,mechanical_angle_rad=2.636913061,valid=1,read_failures=0"
dengfoc,"SYNC_TRUTH,sequence=83808,truth_tick_us=168002672,mechanical_angle_rad=2.636913061,valid=1,read_failures=0"
dengfoc,"SYNC_TRUTH,sequence=83809,truth_tick_us=168004672,mechanical_angle_rad=2.636913061,valid=1,read_failures=0"
dengfoc,"SYNC_TRUTH,sequence=83810,truth_tick_us=168006672,mechanical_angle_rad=2.636913061,valid=1,read_failures=0"
dengfoc,"SYNC_TRUTH,sequence=83811,truth_tick_us=168008672,mechanical_angle_rad=2.636913061,valid=1,read_failures=0"
dengfoc,"SYNC_TRUTH,sequence=83812,truth_tick_us=168010672,mechanical_angle_rad=2.636913061,valid=1,read_failures=0"
dengfoc,"SYNC_TRUTH,sequence=83813,truth_tick_us=168012672,mechanical_angle_rad=2.636913061,valid=1,read_failures=0"
dengfoc,"SYNC_TRUTH,sequence=83814,truth_tick_us=168014672,mechanical_angle_rad=2.636913061,valid=1,read_failures=0"
dengfoc,"SYNC_TRUTH,sequence=83815,truth_tick_us=168016672,mechanical_angle_rad=2.636913061,valid=1,read_failures=0"
dengfoc,"SYNC_TRUTH,sequence=83816,truth_tick_us=168018672,mechanical_angle_rad=2.636913061,valid=1,read_failures=0"
dengfoc,"SYNC_TRUTH,sequence=83817,truth_tick_us=168020672,mechanical_angle_rad=2.636913061,valid=1,read_failures=0"
dengfoc,"SYNC_TRUTH,sequence=83818,truth_tick_us=168022672,mechanical_angle_rad=2.636913061,valid=1,read_failures=0"
dengfoc,"SYNC_TRUTH,sequence=83819,truth_tick_us=168024672,mechanical_angle_rad=2.636913061,valid=1,read_failures=0"
dengfoc,"SYNC_TRUTH,sequence=83820,truth_tick_us=168026672,mechanical_angle_rad=2.636913061,valid=1,read_failures=0"
dengfoc,"SYNC_TRUTH,sequence=83821,truth_tick_us=168028672,mechanical_angle_rad=2.636913061,valid=1,read_failures=0"
dengfoc,"SYNC_TRUTH,sequence=83822,truth_tick_us=168030672,mechanical_angle_rad=2.636913061,valid=1,read_failures=0"
dengfoc,"SYNC_TRUTH,sequence=83823,truth_tick_us=168032672,mechanical_angle_rad=2.636913061,valid=1,read_failures=0"
dengfoc,"SYNC_TRUTH,sequence=83824,truth_tick_us=168034672,mechanical_angle_rad=2.636913061,valid=1,read_failures=0"
dengfoc,"SYNC_TRUTH,sequence=83825,truth_tick_us=168036672,mechanical_angle_rad=2.636913061,valid=1,read_failures=0"
dengfoc,"SYNC_TRUTH,sequence=83826,truth_tick_us=168038672,mechanical_angle_rad=2.636913061,valid=1,read_failures=0"
dengfoc,"SYNC_TRUTH,sequence=83827,truth_tick_us=168040672,mechanical_angle_rad=2.636913061,valid=1,read_failures=0"
dengfoc,"SYNC_TRUTH,sequence=83828,truth_tick_us=168042672,mechanical_angle_rad=2.636913061,valid=1,read_failures=0"
dengfoc,"SYNC_TRUTH,sequence=83829,truth_tick_us=168044672,mechanical_angle_rad=2.636913061,valid=1,read_failures=0"
dengfoc,"SYNC_TRUTH,sequence=83830,truth_tick_us=168046672,mechanical_angle_rad=2.636913061,valid=1,read_failures=0"
dengfoc,"SYNC_TRUTH,sequence=83831,truth_tick_us=168048672,mechanical_angle_rad=2.636913061,valid=1,read_failures=0"
dengfoc,"SYNC_TRUTH,sequence=83832,truth_tick_us=168050672,mechanical_angle_rad=2.636913061,valid=1,read_failures=0"
dengfoc,"SYNC_TRUTH,sequence=83833,truth_tick_us=168052672,mechanical_angle_rad=2.636913061,valid=1,read_failures=0"
dengfoc,"SYNC_TRUTH,sequence=83834,truth_tick_us=168054672,mechanical_angle_rad=2.636913061,valid=1,read_failures=0"
dengfoc,"SYNC_TRUTH,sequence=83835,truth_tick_us=168056672,mechanical_angle_rad=2.636913061,valid=1,read_failures=0"
dengfoc,"SYNC_TRUTH,sequence=83836,truth_tick_us=168058672,mechanical_angle_rad=2.636913061,valid=1,read_failures=0"
dengfoc,"SYNC_TRUTH,sequence=83837,truth_tick_us=168060672,mechanical_angle_rad=2.636913061,valid=1,read_failures=0"
dengfoc,"SYNC_TRUTH,sequence=83838,truth_tick_us=168062672,mechanical_angle_rad=2.636913061,valid=1,read_failures=0"
dengfoc,"SYNC_TRUTH,sequence=83839,truth_tick_us=168064672,mechanical_angle_rad=2.636913061,valid=1,read_failures=0"
dengfoc,"SYNC_TRUTH,sequence=83840,truth_tick_us=168066672,mechanical_angle_rad=2.636913061,valid=1,read_failures=0"
dengfoc,"SYNC_TRUTH,sequence=83841,truth_tick_us=168068672,mechanical_angle_rad=2.636913061,valid=1,read_failures=0"
dengfoc,"SYNC_TRUTH,sequence=83842,truth_tick_us=168070672,mechanical_angle_rad=2.636913061,valid=1,read_failures=0"
dengfoc,"SYNC_TRUTH,sequence=83843,truth_tick_us=168072672,mechanical_angle_rad=2.636913061,valid=1,read_failures=0"
dengfoc,"SYNC_TRUTH,sequence=83844,truth_tick_us=168074672,mechanical_angle_rad=2.636913061,valid=1,read_failures=0"
dengfoc,"SYNC_TRUTH,sequence=83845,truth_tick_us=168076672,mechanical_angle_rad=2.636913061,valid=1,read_failures=0"
dengfoc,"SYNC_TRUTH,sequence=83846,truth_tick_us=168078672,mechanical_angle_rad=2.636913061,valid=1,read_failures=0"
dengfoc,"SYNC_TRUTH,sequence=83847,truth_tick_us=168080672,mechanical_angle_rad=2.636913061,valid=1,read_failures=0"
dengfoc,"SYNC_TRUTH,sequence=83848,truth_tick_us=168082672,mechanical_angle_rad=2.636913061,valid=1,read_failures=0"
dengfoc,"SYNC_TRUTH,sequence=83849,truth_tick_us=168084672,mechanical_angle_rad=2.636913061,valid=1,read_failures=0"
dengfoc,"SYNC_TRUTH,sequence=83850,truth_tick_us=168086672,mechanical_angle_rad=2.636913061,valid=1,read_failures=0"
dengfoc,"SYNC_TRUTH,sequence=83851,truth_tick_us=168088672,mechanical_angle_rad=2.636913061,valid=1,read_failures=0"
dengfoc,"SYNC_TRUTH,sequence=83852,truth_tick_us=168090672,mechanical_angle_rad=2.636913061,valid=1,read_failures=0"
dengfoc,"SYNC_TRUTH,sequence=83853,truth_tick_us=168092672,mechanical_angle_rad=2.636913061,valid=1,read_failures=0"
dengfoc,"SYNC_TRUTH,sequence=83854,truth_tick_us=168094672,mechanical_angle_rad=2.636913061,valid=1,read_failures=0"
dengfoc,"SYNC_TRUTH,sequence=83855,truth_tick_us=168096672,mechanical_angle_rad=2.636913061,valid=1,read_failures=0"
dengfoc,"SYNC_TRUTH,sequence=83856,truth_tick_us=168098672,mechanical_angle_rad=2.636913061,valid=1,read_failures=0"
dengfoc,"SYNC_TRUTH,sequence=83857,truth_tick_us=168100672,mechanical_angle_rad=2.636913061,valid=1,read_failures=0"
dengfoc,"SYNC_TRUTH,sequence=83858,truth_tick_us=168102672,mechanical_angle_rad=2.636913061,valid=1,read_failures=0"
dengfoc,"SYNC_TRUTH,sequence=83859,truth_tick_us=168104672,mechanical_angle_rad=2.636913061,valid=1,read_failures=0"
dengfoc,"SYNC_TRUTH,sequence=83860,truth_tick_us=168106672,mechanical_angle_rad=2.636913061,valid=1,read_failures=0"
dengfoc,"SYNC_TRUTH,sequence=83861,truth_tick_us=168108672,mechanical_angle_rad=2.636913061,valid=1,read_failures=0"
dengfoc,"SYNC_TRUTH,sequence=83862,truth_tick_us=168110672,mechanical_angle_rad=2.636913061,valid=1,read_failures=0"
dengfoc,"SYNC_TRUTH,sequence=83863,truth_tick_us=168112672,mechanical_angle_rad=2.636913061,valid=1,read_failures=0"
dengfoc,"SYNC_TRUTH,sequence=83864,truth_tick_us=168114672,mechanical_angle_rad=2.636913061,valid=1,read_failures=0"
dengfoc,"SYNC_TRUTH,sequence=83865,truth_tick_us=168116672,mechanical_angle_rad=2.636913061,valid=1,read_failures=0"
dengfoc,"SYNC_TRUTH,sequence=83866,truth_tick_us=168118672,mechanical_angle_rad=2.636913061,valid=1,read_failures=0"
g431,foc_stop
g431,FSTOP
dengfoc,"SYNC_TRUTH,sequence=83867,truth_tick_us=168120672,mechanical_angle_rad=2.636913061,valid=1,read_failures=0"
g431,msh >
dengfoc,"SYNC_TRUTH,sequence=83868,truth_tick_us=168122672,mechanical_angle_rad=2.636913061,valid=1,read_failures=0"
dengfoc,"SYNC_TRUTH,sequence=83869,truth_tick_us=168124672,mechanical_angle_rad=2.636913061,valid=1,read_failures=0"
dengfoc,"SYNC_TRUTH,sequence=83870,truth_tick_us=168126672,mechanical_angle_rad=2.636913061,valid=1,read_failures=0"
dengfoc,"SYNC_TRUTH,sequence=83871,truth_tick_us=168128672,mechanical_angle_rad=2.636913061,valid=1,read_failures=0"
dengfoc,"SYNC_TRUTH,sequence=83872,truth_tick_us=168130672,mechanical_angle_rad=2.636913061,valid=1,read_failures=0"
dengfoc,"SYNC_TRUTH,sequence=83873,truth_tick_us=168132672,mechanical_angle_rad=2.636913061,valid=1,read_failures=0"
dengfoc,"SYNC_TRUTH,sequence=83874,truth_tick_us=168134672,mechanical_angle_rad=2.636913061,valid=1,read_failures=0"
dengfoc,"SYNC_TRUTH,sequence=83875,truth_tick_us=168136672,mechanical_angle_rad=2.636913061,valid=1,read_failures=0"
dengfoc,"SYNC_TRUTH,sequence=83876,truth_tick_us=168138672,mechanical_angle_rad=2.636913061,valid=1,read_failures=0"
dengfoc,"SYNC_TRUTH,sequence=83877,truth_tick_us=168140672,mechanical_angle_rad=2.636913061,valid=1,read_failures=0"
dengfoc,"SYNC_TRUTH,sequence=83878,truth_tick_us=168142672,mechanical_angle_rad=2.636913061,valid=1,read_failures=0"
dengfoc,"SYNC_TRUTH,sequence=83879,truth_tick_us=168144672,mechanical_angle_rad=2.636913061,valid=1,read_failures=0"
dengfoc,"SYNC_TRUTH,sequence=83880,truth_tick_us=168146672,mechanical_angle_rad=2.636913061,valid=1,read_failures=0"
dengfoc,"SYNC_TRUTH,sequence=83881,truth_tick_us=168148672,mechanical_angle_rad=2.636913061,valid=1,read_failures=0"
dengfoc,"SYNC_TRUTH,sequence=83882,truth_tick_us=168150672,mechanical_angle_rad=2.636913061,valid=1,read_failures=0"
dengfoc,"SYNC_TRUTH,sequence=83883,truth_tick_us=168152672,mechanical_angle_rad=2.636913061,valid=1,read_failures=0"
dengfoc,"SYNC_TRUTH,sequence=83884,truth_tick_us=168154672,mechanical_angle_rad=2.636913061,valid=1,read_failures=0"
g431,msh >
dengfoc,"SYNC_TRUTH,sequence=83885,truth_tick_us=168156672,mechanical_angle_rad=2.636913061,valid=1,read_failures=0"
dengfoc,"SYNC_TRUTH,sequence=83886,truth_tick_us=168158672,mechanical_angle_rad=2.636913061,valid=1,read_failures=0"
dengfoc,"SYNC_TRUTH,sequence=83887,truth_tick_us=168160672,mechanical_angle_rad=2.636913061,valid=1,read_failures=0"
dengfoc,"SYNC_TRUTH,sequence=83888,truth_tick_us=168162672,mechanical_angle_rad=2.636913061,valid=1,read_failures=0"
dengfoc,"SYNC_STATUS,frames=2,frame_fail=2,truth=83888,truth_fail=0,idle=2,capture_state=1,capture_failure=0,rejected=0,overflow=0,recovered=2,session_rollovers=0,sync_level=0,driver_disabled=1"
dengfoc,"SYNC_TRUTH,sequence=83889,truth_tick_us=168166016,mechanical_angle_rad=2.636913061,valid=1,read_failures=0"
dengfoc,"SYNC_TRUTH,sequence=83890,truth_tick_us=168167672,mechanical_angle_rad=2.636913061,valid=1,read_failures=0"
dengfoc,"SYNC_TRUTH,sequence=83891,truth_tick_us=168169672,mechanical_angle_rad=2.636913061,valid=1,read_failures=0"
dengfoc,"SYNC_TRUTH,sequence=83892,truth_tick_us=168171672,mechanical_angle_rad=2.636913061,valid=1,read_failures=0"
dengfoc,"SYNC_TRUTH,sequence=83893,truth_tick_us=168173672,mechanical_angle_rad=2.636913061,valid=1,read_failures=0"
dengfoc,"SYNC_TRUTH,sequence=83894,truth_tick_us=168175672,mechanical_angle_rad=2.636913061,valid=1,read_failures=0"
dengfoc,"SYNC_TRUTH,sequence=83895,truth_tick_us=168177672,mechanical_angle_rad=2.636913061,valid=1,read_failures=0"
dengfoc,"SYNC_TRUTH,sequence=83896,truth_tick_us=168179672,mechanical_angle_rad=2.636913061,valid=1,read_failures=0"
dengfoc,"SYNC_TRUTH,sequence=83897,truth_tick_us=168181672,mechanical_angle_rad=2.636913061,valid=1,read_failures=0"
dengfoc,"SYNC_TRUTH,sequence=83898,truth_tick_us=168183672,mechanical_angle_rad=2.636913061,valid=1,read_failures=0"
dengfoc,"SYNC_TRUTH,sequence=83899,truth_tick_us=168185672,mechanical_angle_rad=2.636913061,valid=1,read_failures=0"
dengfoc,"SYNC_TRUTH,sequence=83900,truth_tick_us=168187672,mechanical_angle_rad=2.636913061,valid=1,read_failures=0"
dengfoc,"SYNC_TRUTH,sequence=83901,truth_tick_us=168189672,mechanical_angle_rad=2.636913061,valid=1,read_failures=0"
dengfoc,"SYNC_TRUTH,sequence=83902,truth_tick_us=168191672,mechanical_angle_rad=2.636913061,valid=1,read_failures=0"
dengfoc,"SYNC_TRUTH,sequence=83903,truth_tick_us=168193672,mechanical_angle_rad=2.636913061,valid=1,read_failures=0"
dengfoc,"SYNC_TRUTH,sequence=83904,truth_tick_us=168195672,mechanical_angle_rad=2.636913061,valid=1,read_failures=0"
dengfoc,"SYNC_TRUTH,sequence=83905,truth_tick_us=168197672,mechanical_angle_rad=2.636913061,valid=1,read_failures=0"
dengfoc,"SYNC_TRUTH,sequence=83906,truth_tick_us=168199672,mechanical_angle_rad=2.636913061,valid=1,read_failures=0"
dengfoc,"SYNC_TRUTH,sequence=83907,truth_tick_us=168201672,mechanical_angle_rad=2.636913061,valid=1,read_failures=0"
dengfoc,"SYNC_TRUTH,sequence=83908,truth_tick_us=168203672,mechanical_angle_rad=2.636913061,valid=1,read_failures=0"
dengfoc,"SYNC_TRUTH,sequence=83909,truth_tick_us=168205672,mechanical_angle_rad=2.636913061,valid=1,read_failures=0"
dengfoc,"SYNC_TRUTH,sequence=83910,truth_tick_us=168207672,mechanical_angle_rad=2.636913061,valid=1,read_failures=0"
g431,"ALV,0000231f,181282,0,0,0"
dengfoc,"SYNC_TRUTH,sequence=83911,truth_tick_us=168209672,mechanical_angle_rad=2.636913061,valid=1,read_failures=0"
dengfoc,"SYNC_TRUTH,sequence=83912,truth_tick_us=168211672,mechanical_angle_rad=2.636913061,valid=1,read_failures=0"
dengfoc,"SYNC_TRUTH,sequence=83913,truth_tick_us=168213672,mechanical_angle_rad=2.636913061,valid=1,read_failures=0"
dengfoc,"SYNC_TRUTH,sequence=83914,truth_tick_us=168215672,mechanical_angle_rad=2.636913061,valid=1,read_failures=0"
dengfoc,"SYNC_TRUTH,sequence=83915,truth_tick_us=168217672,mechanical_angle_rad=2.636913061,valid=1,read_failures=0"
dengfoc,"SYNC_TRUTH,sequence=83916,truth_tick_us=168219672,mechanical_angle_rad=2.636913061,valid=1,read_failures=0"
dengfoc,"SYNC_TRUTH,sequence=83917,truth_tick_us=168221672,mechanical_angle_rad=2.636913061,valid=1,read_failures=0"
dengfoc,"SYNC_TRUTH,sequence=83918,truth_tick_us=168223672,mechanical_angle_rad=2.636913061,valid=1,read_failures=0"
dengfoc,"SYNC_TRUTH,sequence=83919,truth_tick_us=168225672,mechanical_angle_rad=2.636913061,valid=1,read_failures=0"
dengfoc,"SYNC_TRUTH,sequence=83920,truth_tick_us=168227672,mechanical_angle_rad=2.636913061,valid=1,read_failures=0"
dengfoc,"SYNC_TRUTH,sequence=83921,truth_tick_us=168229672,mechanical_angle_rad=2.636913061,valid=1,read_failures=0"
dengfoc,"SYNC_TRUTH,sequence=83922,truth_tick_us=168231672,mechanical_angle_rad=2.636913061,valid=1,read_failures=0"
dengfoc,"SYNC_TRUTH,sequence=83923,truth_tick_us=168233672,mechanical_angle_rad=2.636913061,valid=1,read_failures=0"
dengfoc,"SYNC_TRUTH,sequence=83924,truth_tick_us=168235672,mechanical_angle_rad=2.636913061,valid=1,read_failures=0"
dengfoc,"SYNC_TRUTH,sequence=83925,truth_tick_us=168237672,mechanical_angle_rad=2.636913061,valid=1,read_failures=0"
dengfoc,"SYNC_TRUTH,sequence=83926,truth_tick_us=168239672,mechanical_angle_rad=2.636913061,valid=1,read_failures=0"
dengfoc,"SYNC_TRUTH,sequence=83927,truth_tick_us=168241672,mechanical_angle_rad=2.636913061,valid=1,read_failures=0"
dengfoc,"SYNC_TRUTH,sequence=83928,truth_tick_us=168243672,mechanical_angle_rad=2.636913061,valid=1,read_failures=0"
dengfoc,"SYNC_TRUTH,sequence=83929,truth_tick_us=168245672,mechanical_angle_rad=2.636913061,valid=1,read_failures=0"
dengfoc,"SYNC_TRUTH,sequence=83930,truth_tick_us=168247672,mechanical_angle_rad=2.636913061,valid=1,read_failures=0"
dengfoc,"SYNC_TRUTH,sequence=83931,truth_tick_us=168249672,mechanical_angle_rad=2.636913061,valid=1,read_failures=0"
dengfoc,"SYNC_TRUTH,sequence=83932,truth_tick_us=168251672,mechanical_angle_rad=2.636913061,valid=1,read_failures=0"
dengfoc,"SYNC_TRUTH,sequence=83933,truth_tick_us=168253672,mechanical_angle_rad=2.636913061,valid=1,read_failures=0"
dengfoc,"SYNC_TRUTH,sequence=83934,truth_tick_us=168255672,mechanical_angle_rad=2.636913061,valid=1,read_failures=0"
dengfoc,"SYNC_TRUTH,sequence=83935,truth_tick_us=168257672,mechanical_angle_rad=2.636913061,valid=1,read_failures=0"
dengfoc,"SYNC_TRUTH,sequence=83936,truth_tick_us=168259672,mechanical_angle_rad=2.636913061,valid=1,read_failures=0"
dengfoc,"SYNC_TRUTH,sequence=83937,truth_tick_us=168261672,mechanical_angle_rad=2.636913061,valid=1,read_failures=0"
dengfoc,"SYNC_TRUTH,sequence=83938,truth_tick_us=168263672,mechanical_angle_rad=2.636913061,valid=1,read_failures=0"
dengfoc,"SYNC_TRUTH,sequence=83939,truth_tick_us=168265672,mechanical_angle_rad=2.636913061,valid=1,read_failures=0"
dengfoc,"SYNC_TRUTH,sequence=83940,truth_tick_us=168267672,mechanical_angle_rad=2.636913061,valid=1,read_failures=0"
dengfoc,"SYNC_TRUTH,sequence=83941,truth_tick_us=168269672,mechanical_angle_rad=2.636913061,valid=1,read_failures=0"
dengfoc,"SYNC_TRUTH,sequence=83942,truth_tick_us=168271672,mechanical_angle_rad=2.636913061,valid=1,read_failures=0"
dengfoc,"SYNC_TRUTH,sequence=83943,truth_tick_us=168273672,mechanical_angle_rad=2.636913061,valid=1,read_failures=0"
dengfoc,"SYNC_TRUTH,sequence=83944,truth_tick_us=168275672,mechanical_angle_rad=2.636913061,valid=1,read_failures=0"
dengfoc,"SYNC_TRUTH,sequence=83945,truth_tick_us=168277672,mechanical_angle_rad=2.636913061,valid=1,read_failures=0"
dengfoc,"SYNC_TRUTH,sequence=83946,truth_tick_us=168279672,mechanical_angle_rad=2.636913061,valid=1,read_failures=0"
dengfoc,"SYNC_TRUTH,sequence=83947,truth_tick_us=168281672,mechanical_angle_rad=2.636913061,valid=1,read_failures=0"
dengfoc,"SYNC_TRUTH,sequence=83948,truth_tick_us=168283672,mechanical_angle_rad=2.636913061,valid=1,read_failures=0"
dengfoc,"SYNC_TRUTH,sequence=83949,truth_tick_us=168285672,mechanical_angle_rad=2.636913061,valid=1,read_failures=0"
dengfoc,"SYNC_TRUTH,sequence=83950,truth_tick_us=168287672,mechanical_angle_rad=2.636913061,valid=1,read_failures=0"
dengfoc,"SYNC_TRUTH,sequence=83951,truth_tick_us=168289672,mechanical_angle_rad=2.636913061,valid=1,read_failures=0"
dengfoc,"SYNC_TRUTH,sequence=83952,truth_tick_us=168291672,mechanical_angle_rad=2.636913061,valid=1,read_failures=0"
dengfoc,"SYNC_TRUTH,sequence=83953,truth_tick_us=168293672,mechanical_angle_rad=2.636913061,valid=1,read_failures=0"
dengfoc,"SYNC_TRUTH,sequence=83954,truth_tick_us=168295672,mechanical_angle_rad=2.636913061,valid=1,read_failures=0"
dengfoc,"SYNC_TRUTH,sequence=83955,truth_tick_us=168297672,mechanical_angle_rad=2.636913061,valid=1,read_failures=0"
dengfoc,"SYNC_TRUTH,sequence=83956,truth_tick_us=168299672,mechanical_angle_rad=2.636913061,valid=1,read_failures=0"
dengfoc,"SYNC_TRUTH,sequence=83957,truth_tick_us=168301672,mechanical_angle_rad=2.636913061,valid=1,read_failures=0"
dengfoc,"SYNC_TRUTH,sequence=83958,truth_tick_us=168303672,mechanical_angle_rad=2.636913061,valid=1,read_failures=0"
dengfoc,"SYNC_TRUTH,sequence=83959,truth_tick_us=168305672,mechanical_angle_rad=2.636913061,valid=1,read_failures=0"
dengfoc,"SYNC_TRUTH,sequence=83960,truth_tick_us=168307672,mechanical_angle_rad=2.636913061,valid=1,read_failures=0"
dengfoc,"SYNC_TRUTH,sequence=83961,truth_tick_us=168309672,mechanical_angle_rad=2.636913061,valid=1,read_failures=0"
dengfoc,"SYNC_TRUTH,sequence=83962,truth_tick_us=168311672,mechanical_angle_rad=2.636913061,valid=1,read_failures=0"
dengfoc,"SYNC_TRUTH,sequence=83963,truth_tick_us=168313672,mechanical_angle_rad=2.636913061,valid=1,read_failures=0"
dengfoc,"SYNC_TRUTH,sequence=83964,truth_tick_us=168315672,mechanical_angle_rad=2.636913061,valid=1,read_failures=0"
dengfoc,"SYNC_TRUTH,sequence=83965,truth_tick_us=168317672,mechanical_angle_rad=2.636913061,valid=1,read_failures=0"
dengfoc,"SYNC_TRUTH,sequence=83966,truth_tick_us=168319672,mechanical_angle_rad=2.636913061,valid=1,read_failures=0"
dengfoc,"SYNC_TRUTH,sequence=83967,truth_tick_us=168321672,mechanical_angle_rad=2.636913061,valid=1,read_failures=0"
dengfoc,"SYNC_TRUTH,sequence=83968,truth_tick_us=168323672,mechanical_angle_rad=2.636913061,valid=1,read_failures=0"
dengfoc,"SYNC_TRUTH,sequence=83969,truth_tick_us=168325672,mechanical_angle_rad=2.636913061,valid=1,read_failures=0"
dengfoc,"SYNC_TRUTH,sequence=83970,truth_tick_us=168327672,mechanical_angle_rad=2.636913061,valid=1,read_failures=0"
dengfoc,"SYNC_TRUTH,sequence=83971,truth_tick_us=168329672,mechanical_angle_rad=2.636913061,valid=1,read_failures=0"
dengfoc,"SYNC_TRUTH,sequence=83972,truth_tick_us=168331672,mechanical_angle_rad=2.636913061,valid=1,read_failures=0"
dengfoc,"SYNC_TRUTH,sequence=83973,truth_tick_us=168333672,mechanical_angle_rad=2.636913061,valid=1,read_failures=0"
dengfoc,"SYNC_TRUTH,sequence=83974,truth_tick_us=168335672,mechanical_angle_rad=2.636913061,valid=1,read_failures=0"
dengfoc,"SYNC_TRUTH,sequence=83975,truth_tick_us=168337672,mechanical_angle_rad=2.636913061,valid=1,read_failures=0"
dengfoc,"SYNC_TRUTH,sequence=83976,truth_tick_us=168339672,mechanical_angle_rad=2.636913061,valid=1,read_failures=0"
dengfoc,"SYNC_TRUTH,sequence=83977,truth_tick_us=168341672,mechanical_angle_rad=2.636913061,valid=1,read_failures=0"
dengfoc,"SYNC_TRUTH,sequence=83978,truth_tick_us=168343672,mechanical_angle_rad=2.636913061,valid=1,read_failures=0"
dengfoc,"SYNC_TRUTH,sequence=83979,truth_tick_us=168345672,mechanical_angle_rad=2.636913061,valid=1,read_failures=0"
dengfoc,"SYNC_TRUTH,sequence=83980,truth_tick_us=168347672,mechanical_angle_rad=2.636913061,valid=1,read_failures=0"
dengfoc,"SYNC_TRUTH,sequence=83981,truth_tick_us=168349672,mechanical_angle_rad=2.636913061,valid=1,read_failures=0"
dengfoc,"SYNC_TRUTH,sequence=83982,truth_tick_us=168351672,mechanical_angle_rad=2.636913061,valid=1,read_failures=0"
dengfoc,"SYNC_TRUTH,sequence=83983,truth_tick_us=168353672,mechanical_angle_rad=2.636913061,valid=1,read_failures=0"
dengfoc,"SYNC_TRUTH,sequence=83984,truth_tick_us=168355672,mechanical_angle_rad=2.636913061,valid=1,read_failures=0"
dengfoc,"SYNC_TRUTH,sequence=83985,truth_tick_us=168357672,mechanical_angle_rad=2.636913061,valid=1,read_failures=0"
dengfoc,"SYNC_TRUTH,sequence=83986,truth_tick_us=168359672,mechanical_angle_rad=2.636913061,valid=1,read_failures=0"
dengfoc,"SYNC_TRUTH,sequence=83987,truth_tick_us=168361672,mechanical_angle_rad=2.636913061,valid=1,read_failures=0"
dengfoc,"SYNC_TRUTH,sequence=83988,truth_tick_us=168363672,mechanical_angle_rad=2.636913061,valid=1,read_failures=0"
dengfoc,"SYNC_TRUTH,sequence=83989,truth_tick_us=168365672,mechanical_angle_rad=2.636913061,valid=1,read_failures=0"
dengfoc,"SYNC_TRUTH,sequence=83990,truth_tick_us=168367672,mechanical_angle_rad=2.636913061,valid=1,read_failures=0"
dengfoc,"SYNC_TRUTH,sequence=83991,truth_tick_us=168369672,mechanical_angle_rad=2.636913061,valid=1,read_failures=0"
dengfoc,"SYNC_TRUTH,sequence=83992,truth_tick_us=168371672,mechanical_angle_rad=2.636913061,valid=1,read_failures=0"
dengfoc,"SYNC_TRUTH,sequence=83993,truth_tick_us=168373672,mechanical_angle_rad=2.636913061,valid=1,read_failures=0"
dengfoc,"SYNC_TRUTH,sequence=83994,truth_tick_us=168375672,mechanical_angle_rad=2.636913061,valid=1,read_failures=0"
dengfoc,"SYNC_TRUTH,sequence=83995,truth_tick_us=168377672,mechanical_angle_rad=2.636913061,valid=1,read_failures=0"
dengfoc,"SYNC_TRUTH,sequence=83996,truth_tick_us=168379672,mechanical_angle_rad=2.636913061,valid=1,read_failures=0"
dengfoc,"SYNC_TRUTH,sequence=83997,truth_tick_us=168381672,mechanical_angle_rad=2.636913061,valid=1,read_failures=0"
dengfoc,"SYNC_TRUTH,sequence=83998,truth_tick_us=168383672,mechanical_angle_rad=2.636913061,valid=1,read_failures=0"
dengfoc,"SYNC_TRUTH,sequence=83999,truth_tick_us=168385672,mechanical_angle_rad=2.636913061,valid=1,read_failures=0"
dengfoc,"SYNC_TRUTH,sequence=84000,truth_tick_us=168387672,mechanical_angle_rad=2.636913061,valid=1,read_failures=0"
dengfoc,"SYNC_TRUTH,sequence=84001,truth_tick_us=168389672,mechanical_angle_rad=2.636913061,valid=1,read_failures=0"
dengfoc,"SYNC_TRUTH,sequence=84002,truth_tick_us=168391672,mechanical_angle_rad=2.636913061,valid=1,read_failures=0"
dengfoc,"SYNC_TRUTH,sequence=84003,truth_tick_us=168393672,mechanical_angle_rad=2.636913061,valid=1,read_failures=0"
dengfoc,"SYNC_TRUTH,sequence=84004,truth_tick_us=168395672,mechanical_angle_rad=2.636913061,valid=1,read_failures=0"
dengfoc,"SYNC_TRUTH,sequence=84005,truth_tick_us=168397672,mechanical_angle_rad=2.636913061,valid=1,read_failures=0"
dengfoc,"SYNC_TRUTH,sequence=84006,truth_tick_us=168399672,mechanical_angle_rad=2.636913061,valid=1,read_failures=0"
dengfoc,"SYNC_TRUTH,sequence=84007,truth_tick_us=168401672,mechanical_angle_rad=2.636913061,valid=1,read_failures=0"
dengfoc,"SYNC_TRUTH,sequence=84008,truth_tick_us=168403672,mechanical_angle_rad=2.636913061,valid=1,read_failures=0"
dengfoc,"SYNC_TRUTH,sequence=84009,truth_tick_us=168405672,mechanical_angle_rad=2.636913061,valid=1,read_failures=0"
dengfoc,"SYNC_TRUTH,sequence=84010,truth_tick_us=168407672,mechanical_angle_rad=2.636913061,valid=1,read_failures=0"
g431,foc_status
dengfoc,"SYNC_TRUTH,sequence=84011,truth_tick_us=168409672,mechanical_angle_rad=2.636913061,valid=1,read_failures=0"
dengfoc,"SYNC_TRUTH,sequence=84012,truth_tick_us=168411672,mechanical_angle_rad=2.636913061,valid=1,read_failures=0"
g431,"FSTAT,disabled,rust-smo-pll,0,0,0,0"
dengfoc,"SYNC_TRUTH,sequence=84013,truth_tick_us=168413672,mechanical_angle_rad=2.636913061,valid=1,read_failures=0"
g431,"FSTAT,iref=0/0,i=0/0,v=0/0"
dengfoc,"SYNC_TRUTH,sequence=84014,truth_tick_us=168415672,mechanical_angle_rad=2.636913061,valid=1,read_failures=0"
g431,"FOBS,0/0,0,0/0,00,0,0/0,0"
dengfoc,"SYNC_TRUTH,sequence=84015,truth_tick_us=168417672,mechanical_angle_rad=2.636913061,valid=1,read_failures=0"
dengfoc,"SYNC_TRUTH,sequence=84016,truth_tick_us=168419672,mechanical_angle_rad=2.636913061,valid=1,read_failures=0"
dengfoc,"SYNC_TRUTH,sequence=84017,truth_tick_us=168421672,mechanical_angle_rad=2.636913061,valid=1,read_failures=0"
g431,FOC f=0000231f s=0 e=0 ISR=0/12750 miss=0 pk=0(0mA)
dengfoc,"SYNC_TRUTH,sequence=84018,truth_tick_us=168423672,mechanical_angle_rad=2.636913061,valid=1,read_failures=0"
dengfoc,"SYNC_TRUTH,sequence=84019,truth_tick_us=168425672,mechanical_angle_rad=2.636913061,valid=1,read_failures=0"
g431,"FTIMING,2,0,0,0,0,0,0,0,0,0,0,0,0,12750,0,0,0,8991,0,0,0"
dengfoc,"SYNC_TRUTH,sequence=84020,truth_tick_us=168427672,mechanical_angle_rad=2.636913061,valid=1,read_failures=0"
dengfoc,"SYNC_TRUTH,sequence=84021,truth_tick_us=168429672,mechanical_angle_rad=2.636913061,valid=1,read_failures=0"
g431,FOC st=0 rf=00000000 duty=0/0/0
dengfoc,"SYNC_TRUTH,sequence=84022,truth_tick_us=168431672,mechanical_angle_rad=2.636913061,valid=1,read_failures=0"
dengfoc,"SYNC_TRUTH,sequence=84023,truth_tick_us=168433672,mechanical_angle_rad=2.636913061,valid=1,read_failures=0"
g431,"FFAULT,00000000,00000000,0,0,ARM,0,0000"
dengfoc,"SYNC_TRUTH,sequence=84024,truth_tick_us=168435672,mechanical_angle_rad=2.636913061,valid=1,read_failures=0"
dengfoc,"SYNC_TRUTH,sequence=84025,truth_tick_us=168437672,mechanical_angle_rad=2.636913061,valid=1,read_failures=0"
g431,"FPROF,0,6,43116001,28041007,00,edf4f6ca,888e4e91"
dengfoc,"SYNC_TRUTH,sequence=84026,truth_tick_us=168439672,mechanical_angle_rad=2.636913061,valid=1,read_failures=0"
dengfoc,"SYNC_TRUTH,sequence=84027,truth_tick_us=168441672,mechanical_angle_rad=2.636913061,valid=1,read_failures=0"
g431,"FADC,1950/1933/1954,1951/1933/1953,0,0,2053"
g431,msh >
dengfoc,"SYNC_TRUTH,sequence=84028,truth_tick_us=168443672,mechanical_angle_rad=2.636913061,valid=1,read_failures=0"
dengfoc,"SYNC_TRUTH,sequence=84029,truth_tick_us=168445672,mechanical_angle_rad=2.636913061,valid=1,read_failures=0"
dengfoc,"SYNC_TRUTH,sequence=84030,truth_tick_us=168447672,mechanical_angle_rad=2.636913061,valid=1,read_failures=0"
dengfoc,"SYNC_TRUTH,sequence=84031,truth_tick_us=168449672,mechanical_angle_rad=2.636913061,valid=1,read_failures=0"
dengfoc,"SYNC_TRUTH,sequence=84032,truth_tick_us=168451672,mechanical_angle_rad=2.636913061,valid=1,read_failures=0"
dengfoc,"SYNC_TRUTH,sequence=84033,truth_tick_us=168453672,mechanical_angle_rad=2.636913061,valid=1,read_failures=0"
dengfoc,"SYNC_TRUTH,sequence=84034,truth_tick_us=168455672,mechanical_angle_rad=2.636913061,valid=1,read_failures=0"
dengfoc,"SYNC_TRUTH,sequence=84035,truth_tick_us=168457672,mechanical_angle_rad=2.636913061,valid=1,read_failures=0"
dengfoc,"SYNC_TRUTH,sequence=84036,truth_tick_us=168459672,mechanical_angle_rad=2.636913061,valid=1,read_failures=0"
dengfoc,"SYNC_TRUTH,sequence=84037,truth_tick_us=168461672,mechanical_angle_rad=2.636913061,valid=1,read_failures=0"
dengfoc,"SYNC_TRUTH,sequence=84038,truth_tick_us=168463672,mechanical_angle_rad=2.636913061,valid=1,read_failures=0"
dengfoc,"SYNC_TRUTH,sequence=84039,truth_tick_us=168465672,mechanical_angle_rad=2.636913061,valid=1,read_failures=0"
g431,msh >
dengfoc,"SYNC_TRUTH,sequence=84040,truth_tick_us=168467672,mechanical_angle_rad=2.636913061,valid=1,read_failures=0"
dengfoc,"SYNC_TRUTH,sequence=84041,truth_tick_us=168469672,mechanical_angle_rad=2.636913061,valid=1,read_failures=0"
dengfoc,"SYNC_TRUTH,sequence=84042,truth_tick_us=168471672,mechanical_angle_rad=2.636913061,valid=1,read_failures=0"
dengfoc,"SYNC_TRUTH,sequence=84043,truth_tick_us=168473672,mechanical_angle_rad=2.636913061,valid=1,read_failures=0"
dengfoc,"SYNC_TRUTH,sequence=84044,truth_tick_us=168475672,mechanical_angle_rad=2.636913061,valid=1,read_failures=0"
dengfoc,"SYNC_TRUTH,sequence=84045,truth_tick_us=168477672,mechanical_angle_rad=2.636913061,valid=1,read_failures=0"
dengfoc,"SYNC_TRUTH,sequence=84046,truth_tick_us=168479672,mechanical_angle_rad=2.636913061,valid=1,read_failures=0"
dengfoc,"SYNC_TRUTH,sequence=84047,truth_tick_us=168481672,mechanical_angle_rad=2.636913061,valid=1,read_failures=0"
dengfoc,"SYNC_TRUTH,sequence=84048,truth_tick_us=168483672,mechanical_angle_rad=2.636913061,valid=1,read_failures=0"
dengfoc,"SYNC_TRUTH,sequence=84049,truth_tick_us=168485672,mechanical_angle_rad=2.636913061,valid=1,read_failures=0"
dengfoc,"SYNC_TRUTH,sequence=84050,truth_tick_us=168487672,mechanical_angle_rad=2.636913061,valid=1,read_failures=0"
dengfoc,"SYNC_TRUTH,sequence=84051,truth_tick_us=168489672,mechanical_angle_rad=2.636913061,valid=1,read_failures=0"
dengfoc,"SYNC_TRUTH,sequence=84052,truth_tick_us=168491672,mechanical_angle_rad=2.636913061,valid=1,read_failures=0"
dengfoc,"SYNC_TRUTH,sequence=84053,truth_tick_us=168493672,mechanical_angle_rad=2.636913061,valid=1,read_failures=0"
dengfoc,"SYNC_TRUTH,sequence=84054,truth_tick_us=168495672,mechanical_angle_rad=2.636913061,valid=1,read_failures=0"
dengfoc,"SYNC_TRUTH,sequence=84055,truth_tick_us=168497672,mechanical_angle_rad=2.636913061,valid=1,read_failures=0"
dengfoc,"SYNC_TRUTH,sequence=84056,truth_tick_us=168499672,mechanical_angle_rad=2.636913061,valid=1,read_failures=0"
dengfoc,"SYNC_TRUTH,sequence=84057,truth_tick_us=168501672,mechanical_angle_rad=2.636913061,valid=1,read_failures=0"
dengfoc,"SYNC_TRUTH,sequence=84058,truth_tick_us=168503672,mechanical_angle_rad=2.636913061,valid=1,read_failures=0"
dengfoc,"SYNC_TRUTH,sequence=84059,truth_tick_us=168505672,mechanical_angle_rad=2.636913061,valid=1,read_failures=0"
dengfoc,"SYNC_TRUTH,sequence=84060,truth_tick_us=168507672,mechanical_angle_rad=2.636913061,valid=1,read_failures=0"
dengfoc,"SYNC_TRUTH,sequence=84061,truth_tick_us=168509672,mechanical_angle_rad=2.636913061,valid=1,read_failures=0"
dengfoc,"SYNC_TRUTH,sequence=84062,truth_tick_us=168511672,mechanical_angle_rad=2.636913061,valid=1,read_failures=0"
dengfoc,"SYNC_TRUTH,sequence=84063,truth_tick_us=168513672,mechanical_angle_rad=2.636913061,valid=1,read_failures=0"
dengfoc,"SYNC_TRUTH,sequence=84064,truth_tick_us=168515672,mechanical_angle_rad=2.636913061,valid=1,read_failures=0"
dengfoc,"SYNC_TRUTH,sequence=84065,truth_tick_us=168517672,mechanical_angle_rad=2.636913061,valid=1,read_failures=0"
dengfoc,"SYNC_TRUTH,sequence=84066,truth_tick_us=168519672,mechanical_angle_rad=2.636913061,valid=1,read_failures=0"
dengfoc,"SYNC_TRUTH,sequence=84067,truth_tick_us=168521672,mechanical_angle_rad=2.636913061,valid=1,read_failures=0"
dengfoc,"SYNC_TRUTH,sequence=84068,truth_tick_us=168523672,mechanical_angle_rad=2.636913061,valid=1,read_failures=0"
dengfoc,"SYNC_TRUTH,sequence=84069,truth_tick_us=168525672,mechanical_angle_rad=2.636913061,valid=1,read_failures=0"
dengfoc,"SYNC_TRUTH,sequence=84070,truth_tick_us=168527672,mechanical_angle_rad=2.636913061,valid=1,read_failures=0"
dengfoc,"SYNC_TRUTH,sequence=84071,truth_tick_us=168529672,mechanical_angle_rad=2.636913061,valid=1,read_failures=0"
dengfoc,"SYNC_TRUTH,sequence=84072,truth_tick_us=168531672,mechanical_angle_rad=2.636913061,valid=1,read_failures=0"
dengfoc,"SYNC_TRUTH,sequence=84073,truth_tick_us=168533672,mechanical_angle_rad=2.636913061,valid=1,read_failures=0"
dengfoc,"SYNC_TRUTH,sequence=84074,truth_tick_us=168535672,mechanical_angle_rad=2.636913061,valid=1,read_failures=0"
dengfoc,"SYNC_TRUTH,sequence=84075,truth_tick_us=168537672,mechanical_angle_rad=2.636913061,valid=1,read_failures=0"
dengfoc,"SYNC_TRUTH,sequence=84076,truth_tick_us=168539672,mechanical_angle_rad=2.636913061,valid=1,read_failures=0"
dengfoc,"SYNC_TRUTH,sequence=84077,truth_tick_us=168541672,mechanical_angle_rad=2.636913061,valid=1,read_failures=0"
dengfoc,"SYNC_TRUTH,sequence=84078,truth_tick_us=168543672,mechanical_angle_rad=2.636913061,valid=1,read_failures=0"
dengfoc,"SYNC_TRUTH,sequence=84079,truth_tick_us=168545672,mechanical_angle_rad=2.636913061,valid=1,read_failures=0"
dengfoc,"SYNC_TRUTH,sequence=84080,truth_tick_us=168547672,mechanical_angle_rad=2.636913061,valid=1,read_failures=0"
dengfoc,"SYNC_TRUTH,sequence=84081,truth_tick_us=168549672,mechanical_angle_rad=2.636913061,valid=1,read_failures=0"
dengfoc,"SYNC_TRUTH,sequence=84082,truth_tick_us=168551672,mechanical_angle_rad=2.636913061,valid=1,read_failures=0"
dengfoc,"SYNC_TRUTH,sequence=84083,truth_tick_us=168553672,mechanical_angle_rad=2.636913061,valid=1,read_failures=0"
dengfoc,"SYNC_TRUTH,sequence=84084,truth_tick_us=168555672,mechanical_angle_rad=2.636913061,valid=1,read_failures=0"
dengfoc,"SYNC_TRUTH,sequence=84085,truth_tick_us=168557672,mechanical_angle_rad=2.636913061,valid=1,read_failures=0"
dengfoc,"SYNC_TRUTH,sequence=84086,truth_tick_us=168559672,mechanical_angle_rad=2.636913061,valid=1,read_failures=0"
dengfoc,"SYNC_TRUTH,sequence=84087,truth_tick_us=168561672,mechanical_angle_rad=2.636913061,valid=1,read_failures=0"
dengfoc,"SYNC_TRUTH,sequence=84088,truth_tick_us=168563672,mechanical_angle_rad=2.636913061,valid=1,read_failures=0"
dengfoc,"SYNC_TRUTH,sequence=84089,truth_tick_us=168565672,mechanical_angle_rad=2.636913061,valid=1,read_failures=0"
dengfoc,"SYNC_TRUTH,sequence=84090,truth_tick_us=168567672,mechanical_angle_rad=2.636913061,valid=1,read_failures=0"
dengfoc,"SYNC_TRUTH,sequence=84091,truth_tick_us=168569672,mechanical_angle_rad=2.636913061,valid=1,read_failures=0"
dengfoc,"SYNC_TRUTH,sequence=84092,truth_tick_us=168571672,mechanical_angle_rad=2.636913061,valid=1,read_failures=0"
dengfoc,"SYNC_TRUTH,sequence=84093,truth_tick_us=168573672,mechanical_angle_rad=2.636913061,valid=1,read_failures=0"
dengfoc,"SYNC_TRUTH,sequence=84094,truth_tick_us=168575672,mechanical_angle_rad=2.636913061,valid=1,read_failures=0"
dengfoc,"SYNC_TRUTH,sequence=84095,truth_tick_us=168577672,mechanical_angle_rad=2.636913061,valid=1,read_failures=0"
dengfoc,"SYNC_TRUTH,sequence=84096,truth_tick_us=168579672,mechanical_angle_rad=2.636913061,valid=1,read_failures=0"
dengfoc,"SYNC_TRUTH,sequence=84097,truth_tick_us=168581672,mechanical_angle_rad=2.636913061,valid=1,read_failures=0"
dengfoc,"SYNC_TRUTH,sequence=84098,truth_tick_us=168583672,mechanical_angle_rad=2.636913061,valid=1,read_failures=0"
dengfoc,"SYNC_TRUTH,sequence=84099,truth_tick_us=168585672,mechanical_angle_rad=2.636913061,valid=1,read_failures=0"
dengfoc,"SYNC_TRUTH,sequence=84100,truth_tick_us=168587672,mechanical_angle_rad=2.636913061,valid=1,read_failures=0"
dengfoc,"SYNC_TRUTH,sequence=84101,truth_tick_us=168589672,mechanical_angle_rad=2.636913061,valid=1,read_failures=0"
dengfoc,"SYNC_TRUTH,sequence=84102,truth_tick_us=168591672,mechanical_angle_rad=2.636913061,valid=1,read_failures=0"
dengfoc,"SYNC_TRUTH,sequence=84103,truth_tick_us=168593672,mechanical_angle_rad=2.636913061,valid=1,read_failures=0"
dengfoc,"SYNC_TRUTH,sequence=84104,truth_tick_us=168595672,mechanical_angle_rad=2.636913061,valid=1,read_failures=0"
dengfoc,"SYNC_TRUTH,sequence=84105,truth_tick_us=168597672,mechanical_angle_rad=2.636913061,valid=1,read_failures=0"
dengfoc,"SYNC_TRUTH,sequence=84106,truth_tick_us=168599672,mechanical_angle_rad=2.636913061,valid=1,read_failures=0"
dengfoc,"SYNC_TRUTH,sequence=84107,truth_tick_us=168601672,mechanical_angle_rad=2.636913061,valid=1,read_failures=0"
dengfoc,"SYNC_TRUTH,sequence=84108,truth_tick_us=168603672,mechanical_angle_rad=2.636913061,valid=1,read_failures=0"
dengfoc,"SYNC_TRUTH,sequence=84109,truth_tick_us=168605672,mechanical_angle_rad=2.636913061,valid=1,read_failures=0"
dengfoc,"SYNC_TRUTH,sequence=84110,truth_tick_us=168607672,mechanical_angle_rad=2.636913061,valid=1,read_failures=0"
dengfoc,"SYNC_TRUTH,sequence=84111,truth_tick_us=168609672,mechanical_angle_rad=2.636913061,valid=1,read_failures=0"
dengfoc,"SYNC_TRUTH,sequence=84112,truth_tick_us=168611672,mechanical_angle_rad=2.636913061,valid=1,read_failures=0"
dengfoc,"SYNC_TRUTH,sequence=84113,truth_tick_us=168613672,mechanical_angle_rad=2.636913061,valid=1,read_failures=0"
dengfoc,"SYNC_TRUTH,sequence=84114,truth_tick_us=168615672,mechanical_angle_rad=2.636913061,valid=1,read_failures=0"
dengfoc,"SYNC_TRUTH,sequence=84115,truth_tick_us=168617672,mechanical_angle_rad=2.636913061,valid=1,read_failures=0"
dengfoc,"SYNC_TRUTH,sequence=84116,truth_tick_us=168619672,mechanical_angle_rad=2.636913061,valid=1,read_failures=0"
dengfoc,"SYNC_TRUTH,sequence=84117,truth_tick_us=168621672,mechanical_angle_rad=2.636913061,valid=1,read_failures=0"
dengfoc,"SYNC_TRUTH,sequence=84118,truth_tick_us=168623672,mechanical_angle_rad=2.636913061,valid=1,read_failures=0"
dengfoc,"SYNC_TRUTH,sequence=84119,truth_tick_us=168625672,mechanical_angle_rad=2.636913061,valid=1,read_failures=0"
dengfoc,"SYNC_TRUTH,sequence=84120,truth_tick_us=168627672,mechanical_angle_rad=2.636913061,valid=1,read_failures=0"
dengfoc,"SYNC_TRUTH,sequence=84121,truth_tick_us=168629672,mechanical_angle_rad=2.636913061,valid=1,read_failures=0"
dengfoc,"SYNC_TRUTH,sequence=84122,truth_tick_us=168631672,mechanical_angle_rad=2.636913061,valid=1,read_failures=0"
dengfoc,"SYNC_TRUTH,sequence=84123,truth_tick_us=168633672,mechanical_angle_rad=2.636913061,valid=1,read_failures=0"
dengfoc,"SYNC_TRUTH,sequence=84124,truth_tick_us=168635672,mechanical_angle_rad=2.636913061,valid=1,read_failures=0"
dengfoc,"SYNC_TRUTH,sequence=84125,truth_tick_us=168637672,mechanical_angle_rad=2.636913061,valid=1,read_failures=0"
dengfoc,"SYNC_TRUTH,sequence=84126,truth_tick_us=168639672,mechanical_angle_rad=2.636913061,valid=1,read_failures=0"
dengfoc,"SYNC_TRUTH,sequence=84127,truth_tick_us=168641672,mechanical_angle_rad=2.636913061,valid=1,read_failures=0"
dengfoc,"SYNC_TRUTH,sequence=84128,truth_tick_us=168643672,mechanical_angle_rad=2.636913061,valid=1,read_failures=0"
dengfoc,"SYNC_TRUTH,sequence=84129,truth_tick_us=168645672,mechanical_angle_rad=2.636913061,valid=1,read_failures=0"
dengfoc,"SYNC_TRUTH,sequence=84130,truth_tick_us=168647672,mechanical_angle_rad=2.636913061,valid=1,read_failures=0"
dengfoc,"SYNC_TRUTH,sequence=84131,truth_tick_us=168649672,mechanical_angle_rad=2.636913061,valid=1,read_failures=0"
dengfoc,"SYNC_TRUTH,sequence=84132,truth_tick_us=168651672,mechanical_angle_rad=2.636913061,valid=1,read_failures=0"
dengfoc,"SYNC_TRUTH,sequence=84133,truth_tick_us=168653672,mechanical_angle_rad=2.636913061,valid=1,read_failures=0"
dengfoc,"SYNC_TRUTH,sequence=84134,truth_tick_us=168655672,mechanical_angle_rad=2.636913061,valid=1,read_failures=0"
dengfoc,"SYNC_TRUTH,sequence=84135,truth_tick_us=168657672,mechanical_angle_rad=2.636913061,valid=1,read_failures=0"
dengfoc,"SYNC_TRUTH,sequence=84136,truth_tick_us=168659672,mechanical_angle_rad=2.636913061,valid=1,read_failures=0"
dengfoc,"SYNC_TRUTH,sequence=84137,truth_tick_us=168661672,mechanical_angle_rad=2.636913061,valid=1,read_failures=0"
dengfoc,"SYNC_TRUTH,sequence=84138,truth_tick_us=168663672,mechanical_angle_rad=2.636913061,valid=1,read_failures=0"
dengfoc,"SYNC_TRUTH,sequence=84139,truth_tick_us=168665672,mechanical_angle_rad=2.636913061,valid=1,read_failures=0"
dengfoc,"SYNC_TRUTH,sequence=84140,truth_tick_us=168667672,mechanical_angle_rad=2.636913061,valid=1,read_failures=0"
dengfoc,"SYNC_TRUTH,sequence=84141,truth_tick_us=168669672,mechanical_angle_rad=2.636913061,valid=1,read_failures=0"
dengfoc,"SYNC_TRUTH,sequence=84142,truth_tick_us=168671672,mechanical_angle_rad=2.636913061,valid=1,read_failures=0"
dengfoc,"SYNC_TRUTH,sequence=84143,truth_tick_us=168673672,mechanical_angle_rad=2.636913061,valid=1,read_failures=0"
dengfoc,"SYNC_TRUTH,sequence=84144,truth_tick_us=168675672,mechanical_angle_rad=2.636913061,valid=1,read_failures=0"
dengfoc,"SYNC_TRUTH,sequence=84145,truth_tick_us=168677672,mechanical_angle_rad=2.636913061,valid=1,read_failures=0"
dengfoc,"SYNC_TRUTH,sequence=84146,truth_tick_us=168679672,mechanical_angle_rad=2.636913061,valid=1,read_failures=0"
dengfoc,"SYNC_TRUTH,sequence=84147,truth_tick_us=168681672,mechanical_angle_rad=2.636913061,valid=1,read_failures=0"
dengfoc,"SYNC_TRUTH,sequence=84148,truth_tick_us=168683672,mechanical_angle_rad=2.636913061,valid=1,read_failures=0"
dengfoc,"SYNC_TRUTH,sequence=84149,truth_tick_us=168685672,mechanical_angle_rad=2.636913061,valid=1,read_failures=0"
dengfoc,"SYNC_TRUTH,sequence=84150,truth_tick_us=168687672,mechanical_angle_rad=2.636913061,valid=1,read_failures=0"
dengfoc,"SYNC_TRUTH,sequence=84151,truth_tick_us=168689672,mechanical_angle_rad=2.636913061,valid=1,read_failures=0"
dengfoc,"SYNC_TRUTH,sequence=84152,truth_tick_us=168691672,mechanical_angle_rad=2.636913061,valid=1,read_failures=0"
dengfoc,"SYNC_TRUTH,sequence=84153,truth_tick_us=168693672,mechanical_angle_rad=2.636913061,valid=1,read_failures=0"
dengfoc,"SYNC_TRUTH,sequence=84154,truth_tick_us=168695672,mechanical_angle_rad=2.636913061,valid=1,read_failures=0"
dengfoc,"SYNC_TRUTH,sequence=84155,truth_tick_us=168697672,mechanical_angle_rad=2.636913061,valid=1,read_failures=0"
dengfoc,"SYNC_TRUTH,sequence=84156,truth_tick_us=168699672,mechanical_angle_rad=2.636913061,valid=1,read_failures=0"
dengfoc,"SYNC_TRUTH,sequence=84157,truth_tick_us=168701672,mechanical_angle_rad=2.636913061,valid=1,read_failures=0"
dengfoc,"SYNC_TRUTH,sequence=84158,truth_tick_us=168703672,mechanical_angle_rad=2.636913061,valid=1,read_failures=0"
dengfoc,"SYNC_TRUTH,sequence=84159,truth_tick_us=168705672,mechanical_angle_rad=2.636913061,valid=1,read_failures=0"
dengfoc,"SYNC_TRUTH,sequence=84160,truth_tick_us=168707672,mechanical_angle_rad=2.636913061,valid=1,read_failures=0"
dengfoc,"SYNC_TRUTH,sequence=84161,truth_tick_us=168709672,mechanical_angle_rad=2.636913061,valid=1,read_failures=0"
dengfoc,"SYNC_TRUTH,sequence=84162,truth_tick_us=168711672,mechanical_angle_rad=2.636913061,valid=1,read_failures=0"
dengfoc,"SYNC_TRUTH,sequence=84163,truth_tick_us=168713672,mechanical_angle_rad=2.636913061,valid=1,read_failures=0"
dengfoc,"SYNC_TRUTH,sequence=84164,truth_tick_us=168715672,mechanical_angle_rad=2.636913061,valid=1,read_failures=0"
dengfoc,"SYNC_TRUTH,sequence=84165,truth_tick_us=168717672,mechanical_angle_rad=2.636913061,valid=1,read_failures=0"
dengfoc,"SYNC_TRUTH,sequence=84166,truth_tick_us=168719672,mechanical_angle_rad=2.636913061,valid=1,read_failures=0"
dengfoc,"SYNC_TRUTH,sequence=84167,truth_tick_us=168721672,mechanical_angle_rad=2.636913061,valid=1,read_failures=0"
dengfoc,"SYNC_TRUTH,sequence=84168,truth_tick_us=168723672,mechanical_angle_rad=2.636913061,valid=1,read_failures=0"
dengfoc,"SYNC_TRUTH,sequence=84169,truth_tick_us=168725672,mechanical_angle_rad=2.636913061,valid=1,read_failures=0"
dengfoc,"SYNC_TRUTH,sequence=84170,truth_tick_us=168727672,mechanical_angle_rad=2.636913061,valid=1,read_failures=0"
dengfoc,"SYNC_TRUTH,sequence=84171,truth_tick_us=168729672,mechanical_angle_rad=2.636913061,valid=1,read_failures=0"
dengfoc,"SYNC_TRUTH,sequence=84172,truth_tick_us=168731672,mechanical_angle_rad=2.636913061,valid=1,read_failures=0"
dengfoc,"SYNC_TRUTH,sequence=84173,truth_tick_us=168733672,mechanical_angle_rad=2.636913061,valid=1,read_failures=0"
dengfoc,"SYNC_TRUTH,sequence=84174,truth_tick_us=168735672,mechanical_angle_rad=2.636913061,valid=1,read_failures=0"
dengfoc,"SYNC_TRUTH,sequence=84175,truth_tick_us=168737672,mechanical_angle_rad=2.636913061,valid=1,read_failures=0"
dengfoc,"SYNC_TRUTH,sequence=84176,truth_tick_us=168739672,mechanical_angle_rad=2.636913061,valid=1,read_failures=0"
dengfoc,"SYNC_TRUTH,sequence=84177,truth_tick_us=168741672,mechanical_angle_rad=2.636913061,valid=1,read_failures=0"
dengfoc,"SYNC_TRUTH,sequence=84178,truth_tick_us=168743672,mechanical_angle_rad=2.636913061,valid=1,read_failures=0"
dengfoc,"SYNC_TRUTH,sequence=84179,truth_tick_us=168745672,mechanical_angle_rad=2.636913061,valid=1,read_failures=0"
dengfoc,"SYNC_TRUTH,sequence=84180,truth_tick_us=168747672,mechanical_angle_rad=2.636913061,valid=1,read_failures=0"
dengfoc,"SYNC_TRUTH,sequence=84181,truth_tick_us=168749672,mechanical_angle_rad=2.636913061,valid=1,read_failures=0"
dengfoc,"SYNC_TRUTH,sequence=84182,truth_tick_us=168751672,mechanical_angle_rad=2.636913061,valid=1,read_failures=0"
dengfoc,"SYNC_TRUTH,sequence=84183,truth_tick_us=168753672,mechanical_angle_rad=2.636913061,valid=1,read_failures=0"
dengfoc,"SYNC_TRUTH,sequence=84184,truth_tick_us=168755672,mechanical_angle_rad=2.636913061,valid=1,read_failures=0"
dengfoc,"SYNC_TRUTH,sequence=84185,truth_tick_us=168757672,mechanical_angle_rad=2.636913061,valid=1,read_failures=0"
dengfoc,"SYNC_TRUTH,sequence=84186,truth_tick_us=168759672,mechanical_angle_rad=2.636913061,valid=1,read_failures=0"
dengfoc,"SYNC_TRUTH,sequence=84187,truth_tick_us=168761672,mechanical_angle_rad=2.636913061,valid=1,read_failures=0"
dengfoc,"SYNC_TRUTH,sequence=84188,truth_tick_us=168763672,mechanical_angle_rad=2.636913061,valid=1,read_failures=0"
dengfoc,"SYNC_TRUTH,sequence=84189,truth_tick_us=168765672,mechanical_angle_rad=2.636913061,valid=1,read_failures=0"
dengfoc,"SYNC_TRUTH,sequence=84190,truth_tick_us=168767672,mechanical_angle_rad=2.636913061,valid=1,read_failures=0"
dengfoc,"SYNC_TRUTH,sequence=84191,truth_tick_us=168769672,mechanical_angle_rad=2.636913061,valid=1,read_failures=0"
dengfoc,"SYNC_TRUTH,sequence=84192,truth_tick_us=168771672,mechanical_angle_rad=2.636913061,valid=1,read_failures=0"
dengfoc,"SYNC_TRUTH,sequence=84193,truth_tick_us=168773672,mechanical_angle_rad=2.636913061,valid=1,read_failures=0"
dengfoc,"SYNC_TRUTH,sequence=84194,truth_tick_us=168775672,mechanical_angle_rad=2.636913061,valid=1,read_failures=0"
dengfoc,"SYNC_TRUTH,sequence=84195,truth_tick_us=168777672,mechanical_angle_rad=2.636913061,valid=1,read_failures=0"
dengfoc,"SYNC_TRUTH,sequence=84196,truth_tick_us=168779672,mechanical_angle_rad=2.636913061,valid=1,read_failures=0"
dengfoc,"SYNC_TRUTH,sequence=84197,truth_tick_us=168781672,mechanical_angle_rad=2.636913061,valid=1,read_failures=0"
dengfoc,"SYNC_TRUTH,sequence=84198,truth_tick_us=168783672,mechanical_angle_rad=2.636913061,valid=1,read_failures=0"
dengfoc,"SYNC_TRUTH,sequence=84199,truth_tick_us=168785672,mechanical_angle_rad=2.636913061,valid=1,read_failures=0"
dengfoc,"SYNC_TRUTH,sequence=84200,truth_tick_us=168787672,mechanical_angle_rad=2.636913061,valid=1,read_failures=0"
dengfoc,"SYNC_TRUTH,sequence=84201,truth_tick_us=168789672,mechanical_angle_rad=2.636913061,valid=1,read_failures=0"
dengfoc,"SYNC_TRUTH,sequence=84202,truth_tick_us=168791672,mechanical_angle_rad=2.636913061,valid=1,read_failures=0"
dengfoc,"SYNC_TRUTH,sequence=84203,truth_tick_us=168793672,mechanical_angle_rad=2.636913061,valid=1,read_failures=0"
dengfoc,"SYNC_TRUTH,sequence=84204,truth_tick_us=168795672,mechanical_angle_rad=2.636913061,valid=1,read_failures=0"
dengfoc,"SYNC_TRUTH,sequence=84205,truth_tick_us=168797672,mechanical_angle_rad=2.636913061,valid=1,read_failures=0"
dengfoc,"SYNC_TRUTH,sequence=84206,truth_tick_us=168799672,mechanical_angle_rad=2.636913061,valid=1,read_failures=0"
dengfoc,"SYNC_TRUTH,sequence=84207,truth_tick_us=168801672,mechanical_angle_rad=2.636913061,valid=1,read_failures=0"
dengfoc,"SYNC_TRUTH,sequence=84208,truth_tick_us=168803672,mechanical_angle_rad=2.636913061,valid=1,read_failures=0"
dengfoc,"SYNC_TRUTH,sequence=84209,truth_tick_us=168805672,mechanical_angle_rad=2.636913061,valid=1,read_failures=0"
dengfoc,"SYNC_TRUTH,sequence=84210,truth_tick_us=168807672,mechanical_angle_rad=2.636913061,valid=1,read_failures=0"
dengfoc,"SYNC_TRUTH,sequence=84211,truth_tick_us=168809672,mechanical_angle_rad=2.636913061,valid=1,read_failures=0"
dengfoc,"SYNC_TRUTH,sequence=84212,truth_tick_us=168811672,mechanical_angle_rad=2.636913061,valid=1,read_failures=0"
dengfoc,"SYNC_TRUTH,sequence=84213,truth_tick_us=168813672,mechanical_angle_rad=2.636913061,valid=1,read_failures=0"
dengfoc,"SYNC_TRUTH,sequence=84214,truth_tick_us=168815672,mechanical_angle_rad=2.636913061,valid=1,read_failures=0"
dengfoc,"SYNC_TRUTH,sequence=84215,truth_tick_us=168817672,mechanical_angle_rad=2.636913061,valid=1,read_failures=0"
dengfoc,"SYNC_TRUTH,sequence=84216,truth_tick_us=168819672,mechanical_angle_rad=2.636913061,valid=1,read_failures=0"
dengfoc,"SYNC_TRUTH,sequence=84217,truth_tick_us=168821672,mechanical_angle_rad=2.636913061,valid=1,read_failures=0"
dengfoc,"SYNC_TRUTH,sequence=84218,truth_tick_us=168823672,mechanical_angle_rad=2.636913061,valid=1,read_failures=0"
dengfoc,"SYNC_TRUTH,sequence=84219,truth_tick_us=168825672,mechanical_angle_rad=2.636913061,valid=1,read_failures=0"
dengfoc,"SYNC_TRUTH,sequence=84220,truth_tick_us=168827672,mechanical_angle_rad=2.636913061,valid=1,read_failures=0"
dengfoc,"SYNC_TRUTH,sequence=84221,truth_tick_us=168829672,mechanical_angle_rad=2.636913061,valid=1,read_failures=0"
dengfoc,"SYNC_TRUTH,sequence=84222,truth_tick_us=168831672,mechanical_angle_rad=2.636913061,valid=1,read_failures=0"
dengfoc,"SYNC_TRUTH,sequence=84223,truth_tick_us=168833672,mechanical_angle_rad=2.636913061,valid=1,read_failures=0"
dengfoc,"SYNC_TRUTH,sequence=84224,truth_tick_us=168835672,mechanical_angle_rad=2.636913061,valid=1,read_failures=0"
dengfoc,"SYNC_TRUTH,sequence=84225,truth_tick_us=168837672,mechanical_angle_rad=2.636913061,valid=1,read_failures=0"
dengfoc,"SYNC_TRUTH,sequence=84226,truth_tick_us=168839672,mechanical_angle_rad=2.636913061,valid=1,read_failures=0"
dengfoc,"SYNC_TRUTH,sequence=84227,truth_tick_us=168841672,mechanical_angle_rad=2.636913061,valid=1,read_failures=0"
dengfoc,"SYNC_TRUTH,sequence=84228,truth_tick_us=168843672,mechanical_angle_rad=2.636913061,valid=1,read_failures=0"
dengfoc,"SYNC_TRUTH,sequence=84229,truth_tick_us=168845672,mechanical_angle_rad=2.636913061,valid=1,read_failures=0"
dengfoc,"SYNC_TRUTH,sequence=84230,truth_tick_us=168847672,mechanical_angle_rad=2.636913061,valid=1,read_failures=0"
dengfoc,"SYNC_TRUTH,sequence=84231,truth_tick_us=168849672,mechanical_angle_rad=2.636913061,valid=1,read_failures=0"
dengfoc,"SYNC_TRUTH,sequence=84232,truth_tick_us=168851672,mechanical_angle_rad=2.636913061,valid=1,read_failures=0"
dengfoc,"SYNC_TRUTH,sequence=84233,truth_tick_us=168853672,mechanical_angle_rad=2.636913061,valid=1,read_failures=0"
dengfoc,"SYNC_TRUTH,sequence=84234,truth_tick_us=168855672,mechanical_angle_rad=2.636913061,valid=1,read_failures=0"
dengfoc,"SYNC_TRUTH,sequence=84235,truth_tick_us=168857672,mechanical_angle_rad=2.636913061,valid=1,read_failures=0"
dengfoc,"SYNC_TRUTH,sequence=84236,truth_tick_us=168859672,mechanical_angle_rad=2.636913061,valid=1,read_failures=0"
dengfoc,"SYNC_TRUTH,sequence=84237,truth_tick_us=168861672,mechanical_angle_rad=2.636913061,valid=1,read_failures=0"
dengfoc,"SYNC_TRUTH,sequence=84238,truth_tick_us=168863672,mechanical_angle_rad=2.636913061,valid=1,read_failures=0"
dengfoc,"SYNC_TRUTH,sequence=84239,truth_tick_us=168865672,mechanical_angle_rad=2.636913061,valid=1,read_failures=0"
dengfoc,"SYNC_TRUTH,sequence=84240,truth_tick_us=168867672,mechanical_angle_rad=2.636913061,valid=1,read_failures=0"
dengfoc,"SYNC_TRUTH,sequence=84241,truth_tick_us=168869672,mechanical_angle_rad=2.636913061,valid=1,read_failures=0"
dengfoc,"SYNC_TRUTH,sequence=84242,truth_tick_us=168871672,mechanical_angle_rad=2.636913061,valid=1,read_failures=0"
dengfoc,"SYNC_TRUTH,sequence=84243,truth_tick_us=168873672,mechanical_angle_rad=2.636913061,valid=1,read_failures=0"
dengfoc,"SYNC_TRUTH,sequence=84244,truth_tick_us=168875672,mechanical_angle_rad=2.636913061,valid=1,read_failures=0"
dengfoc,"SYNC_TRUTH,sequence=84245,truth_tick_us=168877672,mechanical_angle_rad=2.636913061,valid=1,read_failures=0"
dengfoc,"SYNC_TRUTH,sequence=84246,truth_tick_us=168879672,mechanical_angle_rad=2.636913061,valid=1,read_failures=0"
dengfoc,"SYNC_TRUTH,sequence=84247,truth_tick_us=168881672,mechanical_angle_rad=2.636913061,valid=1,read_failures=0"
dengfoc,"SYNC_TRUTH,sequence=84248,truth_tick_us=168883672,mechanical_angle_rad=2.636913061,valid=1,read_failures=0"
dengfoc,"SYNC_TRUTH,sequence=84249,truth_tick_us=168885672,mechanical_angle_rad=2.636913061,valid=1,read_failures=0"
dengfoc,"SYNC_TRUTH,sequence=84250,truth_tick_us=168887672,mechanical_angle_rad=2.636913061,valid=1,read_failures=0"
dengfoc,"SYNC_TRUTH,sequence=84251,truth_tick_us=168889672,mechanical_angle_rad=2.636913061,valid=1,read_failures=0"
dengfoc,"SYNC_TRUTH,sequence=84252,truth_tick_us=168891672,mechanical_angle_rad=2.636913061,valid=1,read_failures=0"
dengfoc,"SYNC_TRUTH,sequence=84253,truth_tick_us=168893672,mechanical_angle_rad=2.636913061,valid=1,read_failures=0"
dengfoc,"SYNC_TRUTH,sequence=84254,truth_tick_us=168895672,mechanical_angle_rad=2.636913061,valid=1,read_failures=0"
dengfoc,"SYNC_TRUTH,sequence=84255,truth_tick_us=168897672,mechanical_angle_rad=2.636913061,valid=1,read_failures=0"
dengfoc,"SYNC_TRUTH,sequence=84256,truth_tick_us=168899672,mechanical_angle_rad=2.636913061,valid=1,read_failures=0"
dengfoc,"SYNC_TRUTH,sequence=84257,truth_tick_us=168901672,mechanical_angle_rad=2.636913061,valid=1,read_failures=0"
dengfoc,"SYNC_TRUTH,sequence=84258,truth_tick_us=168903672,mechanical_angle_rad=2.636913061,valid=1,read_failures=0"
dengfoc,"SYNC_TRUTH,sequence=84259,truth_tick_us=168905672,mechanical_angle_rad=2.636913061,valid=1,read_failures=0"
dengfoc,"SYNC_TRUTH,sequence=84260,truth_tick_us=168907672,mechanical_angle_rad=2.636913061,valid=1,read_failures=0"
dengfoc,"SYNC_TRUTH,sequence=84261,truth_tick_us=168909672,mechanical_angle_rad=2.636913061,valid=1,read_failures=0"
dengfoc,"SYNC_TRUTH,sequence=84262,truth_tick_us=168911672,mechanical_angle_rad=2.636913061,valid=1,read_failures=0"
dengfoc,"SYNC_TRUTH,sequence=84263,truth_tick_us=168913672,mechanical_angle_rad=2.636913061,valid=1,read_failures=0"
dengfoc,"SYNC_TRUTH,sequence=84264,truth_tick_us=168915672,mechanical_angle_rad=2.636913061,valid=1,read_failures=0"
dengfoc,"SYNC_TRUTH,sequence=84265,truth_tick_us=168917672,mechanical_angle_rad=2.636913061,valid=1,read_failures=0"
dengfoc,"SYNC_TRUTH,sequence=84266,truth_tick_us=168919672,mechanical_angle_rad=2.636913061,valid=1,read_failures=0"
dengfoc,"SYNC_TRUTH,sequence=84267,truth_tick_us=168921672,mechanical_angle_rad=2.636913061,valid=1,read_failures=0"
dengfoc,"SYNC_TRUTH,sequence=84268,truth_tick_us=168923672,mechanical_angle_rad=2.636913061,valid=1,read_failures=0"
dengfoc,"SYNC_TRUTH,sequence=84269,truth_tick_us=168925672,mechanical_angle_rad=2.636913061,valid=1,read_failures=0"
dengfoc,"SYNC_TRUTH,sequence=84270,truth_tick_us=168927672,mechanical_angle_rad=2.636913061,valid=1,read_failures=0"
dengfoc,"SYNC_TRUTH,sequence=84271,truth_tick_us=168929672,mechanical_angle_rad=2.636913061,valid=1,read_failures=0"
dengfoc,"SYNC_TRUTH,sequence=84272,truth_tick_us=168931672,mechanical_angle_rad=2.636913061,valid=1,read_failures=0"
dengfoc,"SYNC_TRUTH,sequence=84273,truth_tick_us=168933672,mechanical_angle_rad=2.636913061,valid=1,read_failures=0"
dengfoc,"SYNC_TRUTH,sequence=84274,truth_tick_us=168935672,mechanical_angle_rad=2.636913061,valid=1,read_failures=0"
dengfoc,"SYNC_TRUTH,sequence=84275,truth_tick_us=168937672,mechanical_angle_rad=2.636913061,valid=1,read_failures=0"
dengfoc,"SYNC_TRUTH,sequence=84276,truth_tick_us=168939672,mechanical_angle_rad=2.636913061,valid=1,read_failures=0"
dengfoc,"SYNC_TRUTH,sequence=84277,truth_tick_us=168941672,mechanical_angle_rad=2.636913061,valid=1,read_failures=0"
dengfoc,"SYNC_TRUTH,sequence=84278,truth_tick_us=168943672,mechanical_angle_rad=2.636913061,valid=1,read_failures=0"
dengfoc,"SYNC_TRUTH,sequence=84279,truth_tick_us=168945672,mechanical_angle_rad=2.636913061,valid=1,read_failures=0"
dengfoc,"SYNC_TRUTH,sequence=84280,truth_tick_us=168947672,mechanical_angle_rad=2.636913061,valid=1,read_failures=0"
dengfoc,"SYNC_TRUTH,sequence=84281,truth_tick_us=168949672,mechanical_angle_rad=2.636913061,valid=1,read_failures=0"
dengfoc,"SYNC_TRUTH,sequence=84282,truth_tick_us=168951672,mechanical_angle_rad=2.636913061,valid=1,read_failures=0"
dengfoc,"SYNC_TRUTH,sequence=84283,truth_tick_us=168953672,mechanical_angle_rad=2.636913061,valid=1,read_failures=0"
dengfoc,"SYNC_TRUTH,sequence=84284,truth_tick_us=168955672,mechanical_angle_rad=2.636913061,valid=1,read_failures=0"
dengfoc,"SYNC_TRUTH,sequence=84285,truth_tick_us=168957672,mechanical_angle_rad=2.636913061,valid=1,read_failures=0"
dengfoc,"SYNC_TRUTH,sequence=84286,truth_tick_us=168959672,mechanical_angle_rad=2.636913061,valid=1,read_failures=0"
dengfoc,"SYNC_TRUTH,sequence=84287,truth_tick_us=168961672,mechanical_angle_rad=2.636913061,valid=1,read_failures=0"
dengfoc,"SYNC_TRUTH,sequence=84288,truth_tick_us=168963672,mechanical_angle_rad=2.636913061,valid=1,read_failures=0"
dengfoc,"SYNC_TRUTH,sequence=84289,truth_tick_us=168965672,mechanical_angle_rad=2.636913061,valid=1,read_failures=0"
dengfoc,"SYNC_TRUTH,sequence=84290,truth_tick_us=168967672,mechanical_angle_rad=2.636913061,valid=1,read_failures=0"
dengfoc,"SYNC_TRUTH,sequence=84291,truth_tick_us=168969672,mechanical_angle_rad=2.636913061,valid=1,read_failures=0"
dengfoc,"SYNC_TRUTH,sequence=84292,truth_tick_us=168971672,mechanical_angle_rad=2.636913061,valid=1,read_failures=0"
dengfoc,"SYNC_TRUTH,sequence=84293,truth_tick_us=168973672,mechanical_angle_rad=2.636913061,valid=1,read_failures=0"
dengfoc,"SYNC_TRUTH,sequence=84294,truth_tick_us=168975672,mechanical_angle_rad=2.636913061,valid=1,read_failures=0"
dengfoc,"SYNC_TRUTH,sequence=84295,truth_tick_us=168977672,mechanical_angle_rad=2.636913061,valid=1,read_failures=0"
dengfoc,"SYNC_TRUTH,sequence=84296,truth_tick_us=168979672,mechanical_angle_rad=2.636913061,valid=1,read_failures=0"
dengfoc,"SYNC_TRUTH,sequence=84297,truth_tick_us=168981672,mechanical_angle_rad=2.636913061,valid=1,read_failures=0"
dengfoc,"SYNC_TRUTH,sequence=84298,truth_tick_us=168983672,mechanical_angle_rad=2.636913061,valid=1,read_failures=0"
dengfoc,"SYNC_TRUTH,sequence=84299,truth_tick_us=168985672,mechanical_angle_rad=2.636913061,valid=1,read_failures=0"
dengfoc,"SYNC_TRUTH,sequence=84300,truth_tick_us=168987672,mechanical_angle_rad=2.636913061,valid=1,read_failures=0"
dengfoc,"SYNC_TRUTH,sequence=84301,truth_tick_us=168989672,mechanical_angle_rad=2.636913061,valid=1,read_failures=0"
dengfoc,"SYNC_TRUTH,sequence=84302,truth_tick_us=168991672,mechanical_angle_rad=2.636913061,valid=1,read_failures=0"
dengfoc,"SYNC_TRUTH,sequence=84303,truth_tick_us=168993672,mechanical_angle_rad=2.636913061,valid=1,read_failures=0"
dengfoc,"SYNC_TRUTH,sequence=84304,truth_tick_us=168995672,mechanical_angle_rad=2.636913061,valid=1,read_failures=0"
dengfoc,"SYNC_TRUTH,sequence=84305,truth_tick_us=168997672,mechanical_angle_rad=2.636913061,valid=1,read_failures=0"
dengfoc,"SYNC_TRUTH,sequence=84306,truth_tick_us=168999672,mechanical_angle_rad=2.636913061,valid=1,read_failures=0"
dengfoc,"SYNC_TRUTH,sequence=84307,truth_tick_us=169001672,mechanical_angle_rad=2.636913061,valid=1,read_failures=0"
dengfoc,"SYNC_TRUTH,sequence=84308,truth_tick_us=169003672,mechanical_angle_rad=2.636913061,valid=1,read_failures=0"
dengfoc,"SYNC_TRUTH,sequence=84309,truth_tick_us=169005672,mechanical_angle_rad=2.636913061,valid=1,read_failures=0"
dengfoc,"SYNC_TRUTH,sequence=84310,truth_tick_us=169007672,mechanical_angle_rad=2.636913061,valid=1,read_failures=0"
dengfoc,"SYNC_TRUTH,sequence=84311,truth_tick_us=169009672,mechanical_angle_rad=2.636913061,valid=1,read_failures=0"
dengfoc,"SYNC_TRUTH,sequence=84312,truth_tick_us=169011672,mechanical_angle_rad=2.636913061,valid=1,read_failures=0"
dengfoc,"SYNC_TRUTH,sequence=84313,truth_tick_us=169013672,mechanical_angle_rad=2.636913061,valid=1,read_failures=0"
dengfoc,"SYNC_TRUTH,sequence=84314,truth_tick_us=169015672,mechanical_angle_rad=2.636913061,valid=1,read_failures=0"
dengfoc,"SYNC_TRUTH,sequence=84315,truth_tick_us=169017672,mechanical_angle_rad=2.636913061,valid=1,read_failures=0"
dengfoc,"SYNC_TRUTH,sequence=84316,truth_tick_us=169019672,mechanical_angle_rad=2.636913061,valid=1,read_failures=0"
dengfoc,"SYNC_TRUTH,sequence=84317,truth_tick_us=169021672,mechanical_angle_rad=2.636913061,valid=1,read_failures=0"
dengfoc,"SYNC_TRUTH,sequence=84318,truth_tick_us=169023672,mechanical_angle_rad=2.636913061,valid=1,read_failures=0"
dengfoc,"SYNC_TRUTH,sequence=84319,truth_tick_us=169025672,mechanical_angle_rad=2.636913061,valid=1,read_failures=0"
dengfoc,"SYNC_TRUTH,sequence=84320,truth_tick_us=169027672,mechanical_angle_rad=2.636913061,valid=1,read_failures=0"
dengfoc,"SYNC_TRUTH,sequence=84321,truth_tick_us=169029672,mechanical_angle_rad=2.636913061,valid=1,read_failures=0"
dengfoc,"SYNC_TRUTH,sequence=84322,truth_tick_us=169031672,mechanical_angle_rad=2.636913061,valid=1,read_failures=0"
dengfoc,"SYNC_TRUTH,sequence=84323,truth_tick_us=169033672,mechanical_angle_rad=2.636913061,valid=1,read_failures=0"
dengfoc,"SYNC_TRUTH,sequence=84324,truth_tick_us=169035672,mechanical_angle_rad=2.636913061,valid=1,read_failures=0"
dengfoc,"SYNC_TRUTH,sequence=84325,truth_tick_us=169037672,mechanical_angle_rad=2.636913061,valid=1,read_failures=0"
dengfoc,"SYNC_TRUTH,sequence=84326,truth_tick_us=169039672,mechanical_angle_rad=2.636913061,valid=1,read_failures=0"
dengfoc,"SYNC_TRUTH,sequence=84327,truth_tick_us=169041672,mechanical_angle_rad=2.636913061,valid=1,read_failures=0"
dengfoc,"SYNC_TRUTH,sequence=84328,truth_tick_us=169043672,mechanical_angle_rad=2.636913061,valid=1,read_failures=0"
dengfoc,"SYNC_TRUTH,sequence=84329,truth_tick_us=169045672,mechanical_angle_rad=2.636913061,valid=1,read_failures=0"
dengfoc,"SYNC_TRUTH,sequence=84330,truth_tick_us=169047672,mechanical_angle_rad=2.636913061,valid=1,read_failures=0"
dengfoc,"SYNC_TRUTH,sequence=84331,truth_tick_us=169049672,mechanical_angle_rad=2.636913061,valid=1,read_failures=0"
dengfoc,"SYNC_TRUTH,sequence=84332,truth_tick_us=169051672,mechanical_angle_rad=2.636913061,valid=1,read_failures=0"
dengfoc,"SYNC_TRUTH,sequence=84333,truth_tick_us=169053672,mechanical_angle_rad=2.636913061,valid=1,read_failures=0"
dengfoc,"SYNC_TRUTH,sequence=84334,truth_tick_us=169055672,mechanical_angle_rad=2.636913061,valid=1,read_failures=0"
dengfoc,"SYNC_TRUTH,sequence=84335,truth_tick_us=169057672,mechanical_angle_rad=2.636913061,valid=1,read_failures=0"
dengfoc,"SYNC_TRUTH,sequence=84336,truth_tick_us=169059672,mechanical_angle_rad=2.636913061,valid=1,read_failures=0"
dengfoc,"SYNC_TRUTH,sequence=84337,truth_tick_us=169061672,mechanical_angle_rad=2.636913061,valid=1,read_failures=0"
dengfoc,"SYNC_TRUTH,sequence=84338,truth_tick_us=169063672,mechanical_angle_rad=2.636913061,valid=1,read_failures=0"
dengfoc,"SYNC_TRUTH,sequence=84339,truth_tick_us=169065672,mechanical_angle_rad=2.636913061,valid=1,read_failures=0"
dengfoc,"SYNC_TRUTH,sequence=84340,truth_tick_us=169067672,mechanical_angle_rad=2.636913061,valid=1,read_failures=0"
dengfoc,"SYNC_TRUTH,sequence=84341,truth_tick_us=169069672,mechanical_angle_rad=2.636913061,valid=1,read_failures=0"
dengfoc,"SYNC_TRUTH,sequence=84342,truth_tick_us=169071672,mechanical_angle_rad=2.636913061,valid=1,read_failures=0"
dengfoc,"SYNC_TRUTH,sequence=84343,truth_tick_us=169073672,mechanical_angle_rad=2.636913061,valid=1,read_failures=0"
dengfoc,"SYNC_TRUTH,sequence=84344,truth_tick_us=169075672,mechanical_angle_rad=2.636913061,valid=1,read_failures=0"
dengfoc,"SYNC_TRUTH,sequence=84345,truth_tick_us=169077672,mechanical_angle_rad=2.636913061,valid=1,read_failures=0"
dengfoc,"SYNC_TRUTH,sequence=84346,truth_tick_us=169079672,mechanical_angle_rad=2.636913061,valid=1,read_failures=0"
dengfoc,"SYNC_TRUTH,sequence=84347,truth_tick_us=169081672,mechanical_angle_rad=2.636913061,valid=1,read_failures=0"
dengfoc,"SYNC_TRUTH,sequence=84348,truth_tick_us=169083672,mechanical_angle_rad=2.636913061,valid=1,read_failures=0"
dengfoc,"SYNC_TRUTH,sequence=84349,truth_tick_us=169085672,mechanical_angle_rad=2.636913061,valid=1,read_failures=0"
dengfoc,"SYNC_TRUTH,sequence=84350,truth_tick_us=169087672,mechanical_angle_rad=2.636913061,valid=1,read_failures=0"
dengfoc,"SYNC_TRUTH,sequence=84351,truth_tick_us=169089672,mechanical_angle_rad=2.636913061,valid=1,read_failures=0"
dengfoc,"SYNC_TRUTH,sequence=84352,truth_tick_us=169091672,mechanical_angle_rad=2.636913061,valid=1,read_failures=0"
dengfoc,"SYNC_TRUTH,sequence=84353,truth_tick_us=169093672,mechanical_angle_rad=2.636913061,valid=1,read_failures=0"
dengfoc,"SYNC_TRUTH,sequence=84354,truth_tick_us=169095672,mechanical_angle_rad=2.636913061,valid=1,read_failures=0"
dengfoc,"SYNC_TRUTH,sequence=84355,truth_tick_us=169097672,mechanical_angle_rad=2.636913061,valid=1,read_failures=0"
dengfoc,"SYNC_TRUTH,sequence=84356,truth_tick_us=169099672,mechanical_angle_rad=2.636913061,valid=1,read_failures=0"
dengfoc,"SYNC_TRUTH,sequence=84357,truth_tick_us=169101672,mechanical_angle_rad=2.636913061,valid=1,read_failures=0"
dengfoc,"SYNC_TRUTH,sequence=84358,truth_tick_us=169103672,mechanical_angle_rad=2.636913061,valid=1,read_failures=0"
dengfoc,"SYNC_TRUTH,sequence=84359,truth_tick_us=169105672,mechanical_angle_rad=2.636913061,valid=1,read_failures=0"
dengfoc,"SYNC_TRUTH,sequence=84360,truth_tick_us=169107672,mechanical_angle_rad=2.636913061,valid=1,read_failures=0"
dengfoc,"SYNC_TRUTH,sequence=84361,truth_tick_us=169109672,mechanical_angle_rad=2.636913061,valid=1,read_failures=0"
dengfoc,"SYNC_TRUTH,sequence=84362,truth_tick_us=169111672,mechanical_angle_rad=2.636913061,valid=1,read_failures=0"
dengfoc,"SYNC_TRUTH,sequence=84363,truth_tick_us=169113672,mechanical_angle_rad=2.636913061,valid=1,read_failures=0"
dengfoc,"SYNC_TRUTH,sequence=84364,truth_tick_us=169115672,mechanical_angle_rad=2.636913061,valid=1,read_failures=0"
dengfoc,"SYNC_TRUTH,sequence=84365,truth_tick_us=169117672,mechanical_angle_rad=2.636913061,valid=1,read_failures=0"
dengfoc,"SYNC_TRUTH,sequence=84366,truth_tick_us=169119672,mechanical_angle_rad=2.636913061,valid=1,read_failures=0"
dengfoc,"SYNC_TRUTH,sequence=84367,truth_tick_us=169121672,mechanical_angle_rad=2.636913061,valid=1,read_failures=0"
dengfoc,"SYNC_TRUTH,sequence=84368,truth_tick_us=169123672,mechanical_angle_rad=2.636913061,valid=1,read_failures=0"
dengfoc,"SYNC_TRUTH,sequence=84369,truth_tick_us=169125672,mechanical_angle_rad=2.636913061,valid=1,read_failures=0"
dengfoc,"SYNC_TRUTH,sequence=84370,truth_tick_us=169127672,mechanical_angle_rad=2.636913061,valid=1,read_failures=0"
dengfoc,"SYNC_TRUTH,sequence=84371,truth_tick_us=169129672,mechanical_angle_rad=2.636913061,valid=1,read_failures=0"
dengfoc,"SYNC_TRUTH,sequence=84372,truth_tick_us=169131672,mechanical_angle_rad=2.636913061,valid=1,read_failures=0"
dengfoc,"SYNC_TRUTH,sequence=84373,truth_tick_us=169133672,mechanical_angle_rad=2.636913061,valid=1,read_failures=0"
dengfoc,"SYNC_TRUTH,sequence=84374,truth_tick_us=169135672,mechanical_angle_rad=2.636913061,valid=1,read_failures=0"
dengfoc,"SYNC_TRUTH,sequence=84375,truth_tick_us=169137672,mechanical_angle_rad=2.636913061,valid=1,read_failures=0"
dengfoc,"SYNC_TRUTH,sequence=84376,truth_tick_us=169139672,mechanical_angle_rad=2.636913061,valid=1,read_failures=0"
dengfoc,"SYNC_TRUTH,sequence=84377,truth_tick_us=169141672,mechanical_angle_rad=2.636913061,valid=1,read_failures=0"
dengfoc,"SYNC_TRUTH,sequence=84378,truth_tick_us=169143672,mechanical_angle_rad=2.636913061,valid=1,read_failures=0"
dengfoc,"SYNC_TRUTH,sequence=84379,truth_tick_us=169145672,mechanical_angle_rad=2.636913061,valid=1,read_failures=0"
dengfoc,"SYNC_TRUTH,sequence=84380,truth_tick_us=169147672,mechanical_angle_rad=2.636913061,valid=1,read_failures=0"
dengfoc,"SYNC_TRUTH,sequence=84381,truth_tick_us=169149672,mechanical_angle_rad=2.636913061,valid=1,read_failures=0"
dengfoc,"SYNC_TRUTH,sequence=84382,truth_tick_us=169151672,mechanical_angle_rad=2.636913061,valid=1,read_failures=0"
dengfoc,"SYNC_TRUTH,sequence=84383,truth_tick_us=169153672,mechanical_angle_rad=2.636913061,valid=1,read_failures=0"
dengfoc,"SYNC_TRUTH,sequence=84384,truth_tick_us=169155672,mechanical_angle_rad=2.636913061,valid=1,read_failures=0"
dengfoc,"SYNC_TRUTH,sequence=84385,truth_tick_us=169157672,mechanical_angle_rad=2.636913061,valid=1,read_failures=0"
dengfoc,"SYNC_TRUTH,sequence=84386,truth_tick_us=169159672,mechanical_angle_rad=2.636913061,valid=1,read_failures=0"
dengfoc,"SYNC_TRUTH,sequence=84387,truth_tick_us=169161672,mechanical_angle_rad=2.636913061,valid=1,read_failures=0"
dengfoc,"SYNC_TRUTH,sequence=84388,truth_tick_us=169163672,mechanical_angle_rad=2.636913061,valid=1,read_failures=0"
dengfoc,"SYNC_STATUS,frames=2,frame_fail=2,truth=84388,truth_fail=0,idle=2,capture_state=1,capture_failure=0,rejected=0,overflow=0,recovered=2,session_rollovers=0,sync_level=0,driver_disabled=1"
dengfoc,"SYNC_TRUTH,sequence=84389,truth_tick_us=169167016,mechanical_angle_rad=2.636913061,valid=1,read_failures=0"
dengfoc,"SYNC_TRUTH,sequence=84390,truth_tick_us=169168672,mechanical_angle_rad=2.636913061,valid=1,read_failures=0"
dengfoc,"SYNC_TRUTH,sequence=84391,truth_tick_us=169170672,mechanical_angle_rad=2.636913061,valid=1,read_failures=0"
dengfoc,"SYNC_TRUTH,sequence=84392,truth_tick_us=169172672,mechanical_angle_rad=2.636913061,valid=1,read_failures=0"
dengfoc,"SYNC_TRUTH,sequence=84393,truth_tick_us=169174672,mechanical_angle_rad=2.636913061,valid=1,read_failures=0"
dengfoc,"SYNC_TRUTH,sequence=84394,truth_tick_us=169176672,mechanical_angle_rad=2.636913061,valid=1,read_failures=0"
dengfoc,"SYNC_TRUTH,sequence=84395,truth_tick_us=169178672,mechanical_angle_rad=2.636913061,valid=1,read_failures=0"
dengfoc,"SYNC_TRUTH,sequence=84396,truth_tick_us=169180672,mechanical_angle_rad=2.636913061,valid=1,read_failures=0"
dengfoc,"SYNC_TRUTH,sequence=84397,truth_tick_us=169182672,mechanical_angle_rad=2.636913061,valid=1,read_failures=0"
dengfoc,"SYNC_TRUTH,sequence=84398,truth_tick_us=169184672,mechanical_angle_rad=2.636913061,valid=1,read_failures=0"
dengfoc,"SYNC_TRUTH,sequence=84399,truth_tick_us=169186672,mechanical_angle_rad=2.636913061,valid=1,read_failures=0"
dengfoc,"SYNC_TRUTH,sequence=84400,truth_tick_us=169188672,mechanical_angle_rad=2.636913061,valid=1,read_failures=0"
dengfoc,"SYNC_TRUTH,sequence=84401,truth_tick_us=169190672,mechanical_angle_rad=2.636913061,valid=1,read_failures=0"
dengfoc,"SYNC_TRUTH,sequence=84402,truth_tick_us=169192672,mechanical_angle_rad=2.636913061,valid=1,read_failures=0"
dengfoc,"SYNC_TRUTH,sequence=84403,truth_tick_us=169194672,mechanical_angle_rad=2.636913061,valid=1,read_failures=0"
dengfoc,"SYNC_TRUTH,sequence=84404,truth_tick_us=169196672,mechanical_angle_rad=2.636913061,valid=1,read_failures=0"
dengfoc,"SYNC_TRUTH,sequence=84405,truth_tick_us=169198672,mechanical_angle_rad=2.636913061,valid=1,read_failures=0"
dengfoc,"SYNC_TRUTH,sequence=84406,truth_tick_us=169200672,mechanical_angle_rad=2.636913061,valid=1,read_failures=0"
dengfoc,"SYNC_TRUTH,sequence=84407,truth_tick_us=169202672,mechanical_angle_rad=2.636913061,valid=1,read_failures=0"
dengfoc,"SYNC_TRUTH,sequence=84408,truth_tick_us=169204672,mechanical_angle_rad=2.636913061,valid=1,read_failures=0"
dengfoc,"SYNC_TRUTH,sequence=84409,truth_tick_us=169206672,mechanical_angle_rad=2.636913061,valid=1,read_failures=0"
dengfoc,"SYNC_TRUTH,sequence=84410,truth_tick_us=169208672,mechanical_angle_rad=2.636913061,valid=1,read_failures=0"
dengfoc,"SYNC_TRUTH,sequence=84411,truth_tick_us=169210672,mechanical_angle_rad=2.636913061,valid=1,read_failures=0"
dengfoc,"SYNC_TRUTH,sequence=84412,truth_tick_us=169212672,mechanical_angle_rad=2.636913061,valid=1,read_failures=0"
dengfoc,"SYNC_TRUTH,sequence=84413,truth_tick_us=169214672,mechanical_angle_rad=2.636913061,valid=1,read_failures=0"
dengfoc,"SYNC_TRUTH,sequence=84414,truth_tick_us=169216672,mechanical_angle_rad=2.636913061,valid=1,read_failures=0"
dengfoc,"SYNC_TRUTH,sequence=84415,truth_tick_us=169218672,mechanical_angle_rad=2.636913061,valid=1,read_failures=0"
dengfoc,"SYNC_TRUTH,sequence=84416,truth_tick_us=169220672,mechanical_angle_rad=2.636913061,valid=1,read_failures=0"
dengfoc,"SYNC_TRUTH,sequence=84417,truth_tick_us=169222672,mechanical_angle_rad=2.636913061,valid=1,read_failures=0"
dengfoc,"SYNC_TRUTH,sequence=84418,truth_tick_us=169224672,mechanical_angle_rad=2.636913061,valid=1,read_failures=0"
dengfoc,"SYNC_TRUTH,sequence=84419,truth_tick_us=169226672,mechanical_angle_rad=2.636913061,valid=1,read_failures=0"
dengfoc,"SYNC_TRUTH,sequence=84420,truth_tick_us=169228672,mechanical_angle_rad=2.636913061,valid=1,read_failures=0"
dengfoc,"SYNC_TRUTH,sequence=84421,truth_tick_us=169230672,mechanical_angle_rad=2.636913061,valid=1,read_failures=0"
dengfoc,"SYNC_TRUTH,sequence=84422,truth_tick_us=169232672,mechanical_angle_rad=2.636913061,valid=1,read_failures=0"
dengfoc,"SYNC_TRUTH,sequence=84423,truth_tick_us=169234672,mechanical_angle_rad=2.636913061,valid=1,read_failures=0"
dengfoc,"SYNC_TRUTH,sequence=84424,truth_tick_us=169236672,mechanical_angle_rad=2.636913061,valid=1,read_failures=0"
dengfoc,"SYNC_TRUTH,sequence=84425,truth_tick_us=169238672,mechanical_angle_rad=2.636913061,valid=1,read_failures=0"
dengfoc,"SYNC_TRUTH,sequence=84426,truth_tick_us=169240672,mechanical_angle_rad=2.636913061,valid=1,read_failures=0"
dengfoc,"SYNC_TRUTH,sequence=84427,truth_tick_us=169242672,mechanical_angle_rad=2.636913061,valid=1,read_failures=0"
dengfoc,"SYNC_TRUTH,sequence=84428,truth_tick_us=169244672,mechanical_angle_rad=2.636913061,valid=1,read_failures=0"
dengfoc,"SYNC_TRUTH,sequence=84429,truth_tick_us=169246672,mechanical_angle_rad=2.636913061,valid=1,read_failures=0"
dengfoc,"SYNC_TRUTH,sequence=84430,truth_tick_us=169248672,mechanical_angle_rad=2.636913061,valid=1,read_failures=0"
dengfoc,"SYNC_TRUTH,sequence=84431,truth_tick_us=169250672,mechanical_angle_rad=2.636913061,valid=1,read_failures=0"
dengfoc,"SYNC_TRUTH,sequence=84432,truth_tick_us=169252672,mechanical_angle_rad=2.636913061,valid=1,read_failures=0"
dengfoc,"SYNC_TRUTH,sequence=84433,truth_tick_us=169254672,mechanical_angle_rad=2.636913061,valid=1,read_failures=0"
dengfoc,"SYNC_TRUTH,sequence=84434,truth_tick_us=169256672,mechanical_angle_rad=2.636913061,valid=1,read_failures=0"
dengfoc,"SYNC_TRUTH,sequence=84435,truth_tick_us=169258672,mechanical_angle_rad=2.636913061,valid=1,read_failures=0"
dengfoc,"SYNC_TRUTH,sequence=84436,truth_tick_us=169260672,mechanical_angle_rad=2.636913061,valid=1,read_failures=0"
dengfoc,"SYNC_TRUTH,sequence=84437,truth_tick_us=169262672,mechanical_angle_rad=2.636913061,valid=1,read_failures=0"
dengfoc,"SYNC_TRUTH,sequence=84438,truth_tick_us=169264672,mechanical_angle_rad=2.636913061,valid=1,read_failures=0"
dengfoc,"SYNC_TRUTH,sequence=84439,truth_tick_us=169266672,mechanical_angle_rad=2.636913061,valid=1,read_failures=0"
dengfoc,"SYNC_TRUTH,sequence=84440,truth_tick_us=169268672,mechanical_angle_rad=2.636913061,valid=1,read_failures=0"
dengfoc,"SYNC_TRUTH,sequence=84441,truth_tick_us=169270672,mechanical_angle_rad=2.636913061,valid=1,read_failures=0"
dengfoc,"SYNC_TRUTH,sequence=84442,truth_tick_us=169272672,mechanical_angle_rad=2.636913061,valid=1,read_failures=0"
dengfoc,"SYNC_TRUTH,sequence=84443,truth_tick_us=169274672,mechanical_angle_rad=2.636913061,valid=1,read_failures=0"
dengfoc,"SYNC_TRUTH,sequence=84444,truth_tick_us=169276672,mechanical_angle_rad=2.636913061,valid=1,read_failures=0"
dengfoc,"SYNC_TRUTH,sequence=84445,truth_tick_us=169278672,mechanical_angle_rad=2.636913061,valid=1,read_failures=0"
dengfoc,"SYNC_TRUTH,sequence=84446,truth_tick_us=169280672,mechanical_angle_rad=2.636913061,valid=1,read_failures=0"
dengfoc,"SYNC_TRUTH,sequence=84447,truth_tick_us=169282672,mechanical_angle_rad=2.636913061,valid=1,read_failures=0"
dengfoc,"SYNC_TRUTH,sequence=84448,truth_tick_us=169284672,mechanical_angle_rad=2.636913061,valid=1,read_failures=0"
dengfoc,"SYNC_TRUTH,sequence=84449,truth_tick_us=169286672,mechanical_angle_rad=2.636913061,valid=1,read_failures=0"
dengfoc,"SYNC_TRUTH,sequence=84450,truth_tick_us=169288672,mechanical_angle_rad=2.636913061,valid=1,read_failures=0"
dengfoc,"SYNC_TRUTH,sequence=84451,truth_tick_us=169290672,mechanical_angle_rad=2.636913061,valid=1,read_failures=0"
dengfoc,"SYNC_TRUTH,sequence=84452,truth_tick_us=169292672,mechanical_angle_rad=2.636913061,valid=1,read_failures=0"
dengfoc,"SYNC_TRUTH,sequence=84453,truth_tick_us=169294672,mechanical_angle_rad=2.636913061,valid=1,read_failures=0"
dengfoc,"SYNC_TRUTH,sequence=84454,truth_tick_us=169296672,mechanical_angle_rad=2.636913061,valid=1,read_failures=0"
dengfoc,"SYNC_TRUTH,sequence=84455,truth_tick_us=169298672,mechanical_angle_rad=2.636913061,valid=1,read_failures=0"
dengfoc,"SYNC_TRUTH,sequence=84456,truth_tick_us=169300672,mechanical_angle_rad=2.636913061,valid=1,read_failures=0"
dengfoc,"SYNC_TRUTH,sequence=84457,truth_tick_us=169302672,mechanical_angle_rad=2.636913061,valid=1,read_failures=0"
dengfoc,"SYNC_TRUTH,sequence=84458,truth_tick_us=169304672,mechanical_angle_rad=2.636913061,valid=1,read_failures=0"
dengfoc,"SYNC_TRUTH,sequence=84459,truth_tick_us=169306672,mechanical_angle_rad=2.636913061,valid=1,read_failures=0"
dengfoc,"SYNC_TRUTH,sequence=84460,truth_tick_us=169308672,mechanical_angle_rad=2.636913061,valid=1,read_failures=0"
dengfoc,"SYNC_TRUTH,sequence=84461,truth_tick_us=169310672,mechanical_angle_rad=2.636913061,valid=1,read_failures=0"
dengfoc,"SYNC_TRUTH,sequence=84462,truth_tick_us=169312672,mechanical_angle_rad=2.636913061,valid=1,read_failures=0"
dengfoc,"SYNC_TRUTH,sequence=84463,truth_tick_us=169314672,mechanical_angle_rad=2.636913061,valid=1,read_failures=0"
dengfoc,"SYNC_TRUTH,sequence=84464,truth_tick_us=169316672,mechanical_angle_rad=2.636913061,valid=1,read_failures=0"
dengfoc,"SYNC_TRUTH,sequence=84465,truth_tick_us=169318672,mechanical_angle_rad=2.636913061,valid=1,read_failures=0"
dengfoc,"SYNC_TRUTH,sequence=84466,truth_tick_us=169320672,mechanical_angle_rad=2.636913061,valid=1,read_failures=0"
dengfoc,"SYNC_TRUTH,sequence=84467,truth_tick_us=169322672,mechanical_angle_rad=2.636913061,valid=1,read_failures=0"
dengfoc,"SYNC_TRUTH,sequence=84468,truth_tick_us=169324672,mechanical_angle_rad=2.636913061,valid=1,read_failures=0"
dengfoc,"SYNC_TRUTH,sequence=84469,truth_tick_us=169326672,mechanical_angle_rad=2.636913061,valid=1,read_failures=0"
dengfoc,"SYNC_TRUTH,sequence=84470,truth_tick_us=169328672,mechanical_angle_rad=2.636913061,valid=1,read_failures=0"
dengfoc,"SYNC_TRUTH,sequence=84471,truth_tick_us=169330672,mechanical_angle_rad=2.636913061,valid=1,read_failures=0"
dengfoc,"SYNC_TRUTH,sequence=84472,truth_tick_us=169332672,mechanical_angle_rad=2.636913061,valid=1,read_failures=0"
dengfoc,"SYNC_TRUTH,sequence=84473,truth_tick_us=169334672,mechanical_angle_rad=2.636913061,valid=1,read_failures=0"
dengfoc,"SYNC_TRUTH,sequence=84474,truth_tick_us=169336672,mechanical_angle_rad=2.636913061,valid=1,read_failures=0"
dengfoc,"SYNC_TRUTH,sequence=84475,truth_tick_us=169338672,mechanical_angle_rad=2.636913061,valid=1,read_failures=0"
dengfoc,"SYNC_TRUTH,sequence=84476,truth_tick_us=169340672,mechanical_angle_rad=2.636913061,valid=1,read_failures=0"
dengfoc,"SYNC_TRUTH,sequence=84477,truth_tick_us=169342672,mechanical_angle_rad=2.636913061,valid=1,read_failures=0"
dengfoc,"SYNC_TRUTH,sequence=84478,truth_tick_us=169344672,mechanical_angle_rad=2.636913061,valid=1,read_failures=0"
dengfoc,"SYNC_TRUTH,sequence=84479,truth_tick_us=169346672,mechanical_angle_rad=2.636913061,valid=1,read_failures=0"
dengfoc,"SYNC_TRUTH,sequence=84480,truth_tick_us=169348672,mechanical_angle_rad=2.636913061,valid=1,read_failures=0"
dengfoc,"SYNC_TRUTH,sequence=84481,truth_tick_us=169350672,mechanical_angle_rad=2.636913061,valid=1,read_failures=0"
dengfoc,"SYNC_TRUTH,sequence=84482,truth_tick_us=169352672,mechanical_angle_rad=2.636913061,valid=1,read_failures=0"
dengfoc,"SYNC_TRUTH,sequence=84483,truth_tick_us=169354672,mechanical_angle_rad=2.636913061,valid=1,read_failures=0"
dengfoc,"SYNC_TRUTH,sequence=84484,truth_tick_us=169356672,mechanical_angle_rad=2.636913061,valid=1,read_failures=0"
dengfoc,"SYNC_TRUTH,sequence=84485,truth_tick_us=169358672,mechanical_angle_rad=2.636913061,valid=1,read_failures=0"
dengfoc,"SYNC_TRUTH,sequence=84486,truth_tick_us=169360672,mechanical_angle_rad=2.636913061,valid=1,read_failures=0"
dengfoc,"SYNC_TRUTH,sequence=84487,truth_tick_us=169362672,mechanical_angle_rad=2.636913061,valid=1,read_failures=0"
dengfoc,"SYNC_TRUTH,sequence=84488,truth_tick_us=169364672,mechanical_angle_rad=2.636913061,valid=1,read_failures=0"
dengfoc,"SYNC_TRUTH,sequence=84489,truth_tick_us=169366672,mechanical_angle_rad=2.636913061,valid=1,read_failures=0"
dengfoc,"SYNC_TRUTH,sequence=84490,truth_tick_us=169368672,mechanical_angle_rad=2.636913061,valid=1,read_failures=0"
dengfoc,"SYNC_TRUTH,sequence=84491,truth_tick_us=169370672,mechanical_angle_rad=2.636913061,valid=1,read_failures=0"
dengfoc,"SYNC_TRUTH,sequence=84492,truth_tick_us=169372672,mechanical_angle_rad=2.636913061,valid=1,read_failures=0"
dengfoc,"SYNC_TRUTH,sequence=84493,truth_tick_us=169374672,mechanical_angle_rad=2.636913061,valid=1,read_failures=0"
dengfoc,"SYNC_TRUTH,sequence=84494,truth_tick_us=169376672,mechanical_angle_rad=2.636913061,valid=1,read_failures=0"
dengfoc,"SYNC_TRUTH,sequence=84495,truth_tick_us=169378672,mechanical_angle_rad=2.636913061,valid=1,read_failures=0"
dengfoc,"SYNC_TRUTH,sequence=84496,truth_tick_us=169380672,mechanical_angle_rad=2.636913061,valid=1,read_failures=0"
dengfoc,"SYNC_TRUTH,sequence=84497,truth_tick_us=169382672,mechanical_angle_rad=2.636913061,valid=1,read_failures=0"
dengfoc,"SYNC_TRUTH,sequence=84498,truth_tick_us=169384672,mechanical_angle_rad=2.636913061,valid=1,read_failures=0"
dengfoc,"SYNC_TRUTH,sequence=84499,truth_tick_us=169386672,mechanical_angle_rad=2.636913061,valid=1,read_failures=0"
dengfoc,"SYNC_TRUTH,sequence=84500,truth_tick_us=169388672,mechanical_angle_rad=2.636913061,valid=1,read_failures=0"
dengfoc,"SYNC_TRUTH,sequence=84501,truth_tick_us=169390672,mechanical_angle_rad=2.636913061,valid=1,read_failures=0"
dengfoc,"SYNC_TRUTH,sequence=84502,truth_tick_us=169392672,mechanical_angle_rad=2.636913061,valid=1,read_failures=0"
dengfoc,"SYNC_TRUTH,sequence=84503,truth_tick_us=169394672,mechanical_angle_rad=2.636913061,valid=1,read_failures=0"
dengfoc,"SYNC_TRUTH,sequence=84504,truth_tick_us=169396672,mechanical_angle_rad=2.636913061,valid=1,read_failures=0"
dengfoc,"SYNC_TRUTH,sequence=84505,truth_tick_us=169398672,mechanical_angle_rad=2.636913061,valid=1,read_failures=0"
dengfoc,"SYNC_TRUTH,sequence=84506,truth_tick_us=169400672,mechanical_angle_rad=2.636913061,valid=1,read_failures=0"
dengfoc,"SYNC_TRUTH,sequence=84507,truth_tick_us=169402672,mechanical_angle_rad=2.636913061,valid=1,read_failures=0"
dengfoc,"SYNC_TRUTH,sequence=84508,truth_tick_us=169404672,mechanical_angle_rad=2.636913061,valid=1,read_failures=0"
dengfoc,"SYNC_TRUTH,sequence=84509,truth_tick_us=169406672,mechanical_angle_rad=2.636913061,valid=1,read_failures=0"
dengfoc,"SYNC_TRUTH,sequence=84510,truth_tick_us=169408672,mechanical_angle_rad=2.636913061,valid=1,read_failures=0"
dengfoc,"SYNC_TRUTH,sequence=84511,truth_tick_us=169410672,mechanical_angle_rad=2.636913061,valid=1,read_failures=0"
dengfoc,"SYNC_TRUTH,sequence=84512,truth_tick_us=169412672,mechanical_angle_rad=2.636913061,valid=1,read_failures=0"
dengfoc,"SYNC_TRUTH,sequence=84513,truth_tick_us=169414672,mechanical_angle_rad=2.636913061,valid=1,read_failures=0"
dengfoc,"SYNC_TRUTH,sequence=84514,truth_tick_us=169416672,mechanical_angle_rad=2.636913061,valid=1,read_failures=0"
dengfoc,"SYNC_TRUTH,sequence=84515,truth_tick_us=169418672,mechanical_angle_rad=2.636913061,valid=1,read_failures=0"
dengfoc,"SYNC_TRUTH,sequence=84516,truth_tick_us=169420672,mechanical_angle_rad=2.636913061,valid=1,read_failures=0"
dengfoc,"SYNC_TRUTH,sequence=84517,truth_tick_us=169422672,mechanical_angle_rad=2.636913061,valid=1,read_failures=0"
dengfoc,"SYNC_TRUTH,sequence=84518,truth_tick_us=169424672,mechanical_angle_rad=2.636913061,valid=1,read_failures=0"
dengfoc,"SYNC_TRUTH,sequence=84519,truth_tick_us=169426672,mechanical_angle_rad=2.636913061,valid=1,read_failures=0"
dengfoc,"SYNC_TRUTH,sequence=84520,truth_tick_us=169428672,mechanical_angle_rad=2.636913061,valid=1,read_failures=0"
dengfoc,"SYNC_TRUTH,sequence=84521,truth_tick_us=169430672,mechanical_angle_rad=2.636913061,valid=1,read_failures=0"
dengfoc,"SYNC_TRUTH,sequence=84522,truth_tick_us=169432672,mechanical_angle_rad=2.636913061,valid=1,read_failures=0"
dengfoc,"SYNC_TRUTH,sequence=84523,truth_tick_us=169434672,mechanical_angle_rad=2.636913061,valid=1,read_failures=0"
dengfoc,"SYNC_TRUTH,sequence=84524,truth_tick_us=169436672,mechanical_angle_rad=2.636913061,valid=1,read_failures=0"
dengfoc,"SYNC_TRUTH,sequence=84525,truth_tick_us=169438672,mechanical_angle_rad=2.636913061,valid=1,read_failures=0"
dengfoc,"SYNC_TRUTH,sequence=84526,truth_tick_us=169440672,mechanical_angle_rad=2.636913061,valid=1,read_failures=0"
dengfoc,"SYNC_TRUTH,sequence=84527,truth_tick_us=169442672,mechanical_angle_rad=2.636913061,valid=1,read_failures=0"
dengfoc,"SYNC_TRUTH,sequence=84528,truth_tick_us=169444672,mechanical_angle_rad=2.636913061,valid=1,read_failures=0"
dengfoc,"SYNC_TRUTH,sequence=84529,truth_tick_us=169446672,mechanical_angle_rad=2.636913061,valid=1,read_failures=0"
dengfoc,"SYNC_TRUTH,sequence=84530,truth_tick_us=169448672,mechanical_angle_rad=2.636913061,valid=1,read_failures=0"
dengfoc,"SYNC_TRUTH,sequence=84531,truth_tick_us=169450672,mechanical_angle_rad=2.636913061,valid=1,read_failures=0"
dengfoc,"SYNC_TRUTH,sequence=84532,truth_tick_us=169452672,mechanical_angle_rad=2.636913061,valid=1,read_failures=0"
dengfoc,"SYNC_TRUTH,sequence=84533,truth_tick_us=169454672,mechanical_angle_rad=2.636913061,valid=1,read_failures=0"
dengfoc,"SYNC_TRUTH,sequence=84534,truth_tick_us=169456672,mechanical_angle_rad=2.636913061,valid=1,read_failures=0"
dengfoc,"SYNC_TRUTH,sequence=84535,truth_tick_us=169458672,mechanical_angle_rad=2.636913061,valid=1,read_failures=0"
dengfoc,"SYNC_TRUTH,sequence=84536,truth_tick_us=169460672,mechanical_angle_rad=2.636913061,valid=1,read_failures=0"
dengfoc,"SYNC_TRUTH,sequence=84537,truth_tick_us=169462672,mechanical_angle_rad=2.636913061,valid=1,read_failures=0"
dengfoc,"SYNC_TRUTH,sequence=84538,truth_tick_us=169464672,mechanical_angle_rad=2.636913061,valid=1,read_failures=0"
dengfoc,"SYNC_TRUTH,sequence=84539,truth_tick_us=169466672,mechanical_angle_rad=2.636913061,valid=1,read_failures=0"
dengfoc,"SYNC_TRUTH,sequence=84540,truth_tick_us=169468672,mechanical_angle_rad=2.636913061,valid=1,read_failures=0"
dengfoc,"SYNC_TRUTH,sequence=84541,truth_tick_us=169470672,mechanical_angle_rad=2.636913061,valid=1,read_failures=0"
dengfoc,"SYNC_TRUTH,sequence=84542,truth_tick_us=169472672,mechanical_angle_rad=2.636913061,valid=1,read_failures=0"
dengfoc,"SYNC_TRUTH,sequence=84543,truth_tick_us=169474672,mechanical_angle_rad=2.636913061,valid=1,read_failures=0"
dengfoc,"SYNC_TRUTH,sequence=84544,truth_tick_us=169476672,mechanical_angle_rad=2.636913061,valid=1,read_failures=0"
dengfoc,"SYNC_TRUTH,sequence=84545,truth_tick_us=169478672,mechanical_angle_rad=2.636913061,valid=1,read_failures=0"
dengfoc,"SYNC_TRUTH,sequence=84546,truth_tick_us=169480672,mechanical_angle_rad=2.636913061,valid=1,read_failures=0"
dengfoc,"SYNC_TRUTH,sequence=84547,truth_tick_us=169482672,mechanical_angle_rad=2.636913061,valid=1,read_failures=0"
dengfoc,"SYNC_TRUTH,sequence=84548,truth_tick_us=169484672,mechanical_angle_rad=2.636913061,valid=1,read_failures=0"
dengfoc,"SYNC_TRUTH,sequence=84549,truth_tick_us=169486672,mechanical_angle_rad=2.636913061,valid=1,read_failures=0"
dengfoc,"SYNC_TRUTH,sequence=84550,truth_tick_us=169488672,mechanical_angle_rad=2.636913061,valid=1,read_failures=0"
dengfoc,"SYNC_TRUTH,sequence=84551,truth_tick_us=169490672,mechanical_angle_rad=2.636913061,valid=1,read_failures=0"
dengfoc,"SYNC_TRUTH,sequence=84552,truth_tick_us=169492672,mechanical_angle_rad=2.636913061,valid=1,read_failures=0"
dengfoc,"SYNC_TRUTH,sequence=84553,truth_tick_us=169494672,mechanical_angle_rad=2.636913061,valid=1,read_failures=0"
dengfoc,"SYNC_TRUTH,sequence=84554,truth_tick_us=169496672,mechanical_angle_rad=2.636913061,valid=1,read_failures=0"
dengfoc,"SYNC_TRUTH,sequence=84555,truth_tick_us=169498672,mechanical_angle_rad=2.636913061,valid=1,read_failures=0"
dengfoc,"SYNC_TRUTH,sequence=84556,truth_tick_us=169500672,mechanical_angle_rad=2.636913061,valid=1,read_failures=0"
dengfoc,"SYNC_TRUTH,sequence=84557,truth_tick_us=169502672,mechanical_angle_rad=2.636913061,valid=1,read_failures=0"
dengfoc,"SYNC_TRUTH,sequence=84558,truth_tick_us=169504672,mechanical_angle_rad=2.636913061,valid=1,read_failures=0"
dengfoc,"SYNC_TRUTH,sequence=84559,truth_tick_us=169506672,mechanical_angle_rad=2.636913061,valid=1,read_failures=0"
dengfoc,"SYNC_TRUTH,sequence=84560,truth_tick_us=169508672,mechanical_angle_rad=2.636913061,valid=1,read_failures=0"
dengfoc,"SYNC_TRUTH,sequence=84561,truth_tick_us=169510672,mechanical_angle_rad=2.636913061,valid=1,read_failures=0"
dengfoc,"SYNC_TRUTH,sequence=84562,truth_tick_us=169512672,mechanical_angle_rad=2.636913061,valid=1,read_failures=0"
dengfoc,"SYNC_TRUTH,sequence=84563,truth_tick_us=169514672,mechanical_angle_rad=2.636913061,valid=1,read_failures=0"
dengfoc,"SYNC_TRUTH,sequence=84564,truth_tick_us=169516672,mechanical_angle_rad=2.636913061,valid=1,read_failures=0"
dengfoc,"SYNC_TRUTH,sequence=84565,truth_tick_us=169518672,mechanical_angle_rad=2.636913061,valid=1,read_failures=0"
dengfoc,"SYNC_TRUTH,sequence=84566,truth_tick_us=169520672,mechanical_angle_rad=2.636913061,valid=1,read_failures=0"
dengfoc,"SYNC_TRUTH,sequence=84567,truth_tick_us=169522672,mechanical_angle_rad=2.636913061,valid=1,read_failures=0"
dengfoc,"SYNC_TRUTH,sequence=84568,truth_tick_us=169524672,mechanical_angle_rad=2.636913061,valid=1,read_failures=0"
dengfoc,"SYNC_TRUTH,sequence=84569,truth_tick_us=169526672,mechanical_angle_rad=2.636913061,valid=1,read_failures=0"
dengfoc,"SYNC_TRUTH,sequence=84570,truth_tick_us=169528672,mechanical_angle_rad=2.636913061,valid=1,read_failures=0"
dengfoc,"SYNC_TRUTH,sequence=84571,truth_tick_us=169530672,mechanical_angle_rad=2.636913061,valid=1,read_failures=0"
dengfoc,"SYNC_TRUTH,sequence=84572,truth_tick_us=169532672,mechanical_angle_rad=2.636913061,valid=1,read_failures=0"
dengfoc,"SYNC_TRUTH,sequence=84573,truth_tick_us=169534672,mechanical_angle_rad=2.636913061,valid=1,read_failures=0"
dengfoc,"SYNC_TRUTH,sequence=84574,truth_tick_us=169536672,mechanical_angle_rad=2.636913061,valid=1,read_failures=0"
dengfoc,"SYNC_TRUTH,sequence=84575,truth_tick_us=169538672,mechanical_angle_rad=2.636913061,valid=1,read_failures=0"
dengfoc,"SYNC_TRUTH,sequence=84576,truth_tick_us=169540672,mechanical_angle_rad=2.636913061,valid=1,read_failures=0"
dengfoc,"SYNC_TRUTH,sequence=84577,truth_tick_us=169542672,mechanical_angle_rad=2.636913061,valid=1,read_failures=0"
dengfoc,"SYNC_TRUTH,sequence=84578,truth_tick_us=169544672,mechanical_angle_rad=2.636913061,valid=1,read_failures=0"
dengfoc,"SYNC_TRUTH,sequence=84579,truth_tick_us=169546672,mechanical_angle_rad=2.636913061,valid=1,read_failures=0"
dengfoc,"SYNC_TRUTH,sequence=84580,truth_tick_us=169548672,mechanical_angle_rad=2.636913061,valid=1,read_failures=0"
dengfoc,"SYNC_TRUTH,sequence=84581,truth_tick_us=169550672,mechanical_angle_rad=2.636913061,valid=1,read_failures=0"
dengfoc,"SYNC_TRUTH,sequence=84582,truth_tick_us=169552672,mechanical_angle_rad=2.636913061,valid=1,read_failures=0"
dengfoc,"SYNC_TRUTH,sequence=84583,truth_tick_us=169554672,mechanical_angle_rad=2.636913061,valid=1,read_failures=0"
dengfoc,"SYNC_TRUTH,sequence=84584,truth_tick_us=169556672,mechanical_angle_rad=2.636913061,valid=1,read_failures=0"
dengfoc,"SYNC_TRUTH,sequence=84585,truth_tick_us=169558672,mechanical_angle_rad=2.636913061,valid=1,read_failures=0"
dengfoc,"SYNC_TRUTH,sequence=84586,truth_tick_us=169560672,mechanical_angle_rad=2.636913061,valid=1,read_failures=0"
dengfoc,"SYNC_TRUTH,sequence=84587,truth_tick_us=169562672,mechanical_angle_rad=2.636913061,valid=1,read_failures=0"
dengfoc,"SYNC_TRUTH,sequence=84588,truth_tick_us=169564672,mechanical_angle_rad=2.636913061,valid=1,read_failures=0"
dengfoc,"SYNC_TRUTH,sequence=84589,truth_tick_us=169566672,mechanical_angle_rad=2.636913061,valid=1,read_failures=0"
dengfoc,"SYNC_TRUTH,sequence=84590,truth_tick_us=169568672,mechanical_angle_rad=2.636913061,valid=1,read_failures=0"
dengfoc,"SYNC_TRUTH,sequence=84591,truth_tick_us=169570672,mechanical_angle_rad=2.636913061,valid=1,read_failures=0"
dengfoc,"SYNC_TRUTH,sequence=84592,truth_tick_us=169572672,mechanical_angle_rad=2.636913061,valid=1,read_failures=0"
dengfoc,"SYNC_TRUTH,sequence=84593,truth_tick_us=169574672,mechanical_angle_rad=2.636913061,valid=1,read_failures=0"
dengfoc,"SYNC_TRUTH,sequence=84594,truth_tick_us=169576672,mechanical_angle_rad=2.636913061,valid=1,read_failures=0"
dengfoc,"SYNC_TRUTH,sequence=84595,truth_tick_us=169578672,mechanical_angle_rad=2.636913061,valid=1,read_failures=0"
dengfoc,"SYNC_TRUTH,sequence=84596,truth_tick_us=169580672,mechanical_angle_rad=2.636913061,valid=1,read_failures=0"
dengfoc,"SYNC_TRUTH,sequence=84597,truth_tick_us=169582672,mechanical_angle_rad=2.636913061,valid=1,read_failures=0"
dengfoc,"SYNC_TRUTH,sequence=84598,truth_tick_us=169584672,mechanical_angle_rad=2.636913061,valid=1,read_failures=0"
dengfoc,"SYNC_TRUTH,sequence=84599,truth_tick_us=169586672,mechanical_angle_rad=2.636913061,valid=1,read_failures=0"
dengfoc,"SYNC_TRUTH,sequence=84600,truth_tick_us=169588672,mechanical_angle_rad=2.636913061,valid=1,read_failures=0"
g431,foc_h3_no_power_probe
dengfoc,"SYNC_TRUTH,sequence=84601,truth_tick_us=169590672,mechanical_angle_rad=2.636913061,valid=1,read_failures=0"
dengfoc,"SYNC_TRUTH,sequence=84602,truth_tick_us=169592672,mechanical_angle_rad=2.636913061,valid=1,read_failures=0"
dengfoc,"SYNC_TRUTH,sequence=84603,truth_tick_us=169594672,mechanical_angle_rad=2.636913061,valid=1,read_failures=0"
dengfoc,"SYNC_TRUTH,sequence=84604,truth_tick_us=169596672,mechanical_angle_rad=2.636913061,valid=1,read_failures=0"
dengfoc,"SYNC_TRUTH,sequence=84605,truth_tick_us=169598672,mechanical_angle_rad=2.636913061,valid=1,read_failures=0"
dengfoc,"SYNC_TRUTH,sequence=84606,truth_tick_us=169600672,mechanical_angle_rad=2.636913061,valid=1,read_failures=0"
dengfoc,"SYNC_TRUTH,sequence=84607,truth_tick_us=169602672,mechanical_angle_rad=2.636913061,valid=1,read_failures=0"
dengfoc,"SYNC_TRUTH,sequence=84608,truth_tick_us=169604672,mechanical_angle_rad=2.636913061,valid=1,read_failures=0"
dengfoc,"SYNC_TRUTH,sequence=84609,truth_tick_us=169606672,mechanical_angle_rad=2.636913061,valid=1,read_failures=0"
dengfoc,"SYNC_TRUTH,sequence=84610,truth_tick_us=169608672,mechanical_angle_rad=2.636913061,valid=1,read_failures=0"
dengfoc,"SYNC_TRUTH,sequence=84611,truth_tick_us=169610672,mechanical_angle_rad=2.636913061,valid=1,read_failures=0"
dengfoc,"SYNC_TRUTH,sequence=84612,truth_tick_us=169612672,mechanical_angle_rad=2.636913061,valid=1,read_failures=0"
dengfoc,"SYNC_TRUTH,sequence=84613,truth_tick_us=169614675,mechanical_angle_rad=2.636913061,valid=1,read_failures=0"
dengfoc,"SYNC_TRUTH,sequence=84614,truth_tick_us=169616676,mechanical_angle_rad=2.636913061,valid=1,read_failures=0"
dengfoc,"SYNC_TRUTH,sequence=84615,truth_tick_us=169618672,mechanical_angle_rad=2.636913061,valid=1,read_failures=0"
dengfoc,"SYNC_TRUTH,sequence=84616,truth_tick_us=169620672,mechanical_angle_rad=2.636913061,valid=1,read_failures=0"
dengfoc,"SYNC_ANCHOR_RX,session=2026100507,edge_sequence=7000,edge_tag=1100,truth_tick_us=169612433,source=2,flags=0x00000003"
dengfoc,"SYNC_TRUTH,sequence=84617,truth_tick_us=169623676,mechanical_angle_rad=2.636913061,valid=1,read_failures=0"
dengfoc,"SYNC_TRUTH,sequence=84618,truth_tick_us=169625672,mechanical_angle_rad=2.636913061,valid=1,read_failures=0"
g431,"FH3_DYNAMIC_ANCHOR,196608,3,2,2,0,2,101,2806572674,0,7,2026100507,7000,1100,0,2,100,2806572723,49"
dengfoc,"SYNC_TRUTH,sequence=84619,truth_tick_us=169627672,mechanical_angle_rad=2.636913061,valid=1,read_failures=0"
g431,"FH3_NOPWR,1"
g431,msh >
dengfoc,"SYNC_TRUTH,sequence=84620,truth_tick_us=169629672,mechanical_angle_rad=2.636913061,valid=1,read_failures=0"
dengfoc,"SYNC_TRUTH,sequence=84621,truth_tick_us=169631672,mechanical_angle_rad=2.636913061,valid=1,read_failures=0"
dengfoc,"SYNC_TRUTH,sequence=84622,truth_tick_us=169633672,mechanical_angle_rad=2.636913061,valid=1,read_failures=0"
dengfoc,"SYNC_TRUTH,sequence=84623,truth_tick_us=169635672,mechanical_angle_rad=2.636913061,valid=1,read_failures=0"
dengfoc,"SYNC_TRUTH,sequence=84624,truth_tick_us=169637672,mechanical_angle_rad=2.636913061,valid=1,read_failures=0"
dengfoc,"SYNC_TRUTH,sequence=84625,truth_tick_us=169639672,mechanical_angle_rad=2.636913061,valid=1,read_failures=0"
dengfoc,"SYNC_TRUTH,sequence=84626,truth_tick_us=169641672,mechanical_angle_rad=2.636913061,valid=1,read_failures=0"
dengfoc,"SYNC_TRUTH,sequence=84627,truth_tick_us=169643672,mechanical_angle_rad=2.636913061,valid=1,read_failures=0"
dengfoc,"SYNC_TRUTH,sequence=84628,truth_tick_us=169645672,mechanical_angle_rad=2.636913061,valid=1,read_failures=0"
dengfoc,"SYNC_TRUTH,sequence=84629,truth_tick_us=169647672,mechanical_angle_rad=2.636913061,valid=1,read_failures=0"
dengfoc,"SYNC_TRUTH,sequence=84630,truth_tick_us=169649672,mechanical_angle_rad=2.636913061,valid=1,read_failures=0"
g431,msh >
dengfoc,"SYNC_TRUTH,sequence=84631,truth_tick_us=169651672,mechanical_angle_rad=2.636913061,valid=1,read_failures=0"
dengfoc,"SYNC_TRUTH,sequence=84632,truth_tick_us=169653672,mechanical_angle_rad=2.636913061,valid=1,read_failures=0"
dengfoc,"SYNC_TRUTH,sequence=84633,truth_tick_us=169655672,mechanical_angle_rad=2.636913061,valid=1,read_failures=0"
dengfoc,"SYNC_TRUTH,sequence=84634,truth_tick_us=169657672,mechanical_angle_rad=2.636913061,valid=1,read_failures=0"
dengfoc,"SYNC_TRUTH,sequence=84635,truth_tick_us=169659672,mechanical_angle_rad=2.636913061,valid=1,read_failures=0"
dengfoc,"SYNC_TRUTH,sequence=84636,truth_tick_us=169661672,mechanical_angle_rad=2.636913061,valid=1,read_failures=0"
dengfoc,"SYNC_TRUTH,sequence=84637,truth_tick_us=169663672,mechanical_angle_rad=2.636913061,valid=1,read_failures=0"
dengfoc,"SYNC_TRUTH,sequence=84638,truth_tick_us=169665672,mechanical_angle_rad=2.636913061,valid=1,read_failures=0"
dengfoc,"SYNC_TRUTH,sequence=84639,truth_tick_us=169667672,mechanical_angle_rad=2.636913061,valid=1,read_failures=0"
dengfoc,"SYNC_TRUTH,sequence=84640,truth_tick_us=169669672,mechanical_angle_rad=2.636913061,valid=1,read_failures=0"
dengfoc,"SYNC_TRUTH,sequence=84641,truth_tick_us=169671672,mechanical_angle_rad=2.636913061,valid=1,read_failures=0"
dengfoc,"SYNC_TRUTH,sequence=84642,truth_tick_us=169673672,mechanical_angle_rad=2.636913061,valid=1,read_failures=0"
dengfoc,"SYNC_TRUTH,sequence=84643,truth_tick_us=169675672,mechanical_angle_rad=2.636913061,valid=1,read_failures=0"
dengfoc,"SYNC_TRUTH,sequence=84644,truth_tick_us=169677672,mechanical_angle_rad=2.636913061,valid=1,read_failures=0"
dengfoc,"SYNC_TRUTH,sequence=84645,truth_tick_us=169679672,mechanical_angle_rad=2.636913061,valid=1,read_failures=0"
dengfoc,"SYNC_TRUTH,sequence=84646,truth_tick_us=169681672,mechanical_angle_rad=2.636913061,valid=1,read_failures=0"
dengfoc,"SYNC_TRUTH,sequence=84647,truth_tick_us=169683672,mechanical_angle_rad=2.636913061,valid=1,read_failures=0"
dengfoc,"SYNC_TRUTH,sequence=84648,truth_tick_us=169685672,mechanical_angle_rad=2.636913061,valid=1,read_failures=0"
dengfoc,"SYNC_TRUTH,sequence=84649,truth_tick_us=169687672,mechanical_angle_rad=2.636913061,valid=1,read_failures=0"
dengfoc,"SYNC_TRUTH,sequence=84650,truth_tick_us=169689672,mechanical_angle_rad=2.636913061,valid=1,read_failures=0"
dengfoc,"SYNC_TRUTH,sequence=84651,truth_tick_us=169691672,mechanical_angle_rad=2.636913061,valid=1,read_failures=0"
dengfoc,"SYNC_TRUTH,sequence=84652,truth_tick_us=169693672,mechanical_angle_rad=2.636913061,valid=1,read_failures=0"
dengfoc,"SYNC_TRUTH,sequence=84653,truth_tick_us=169695672,mechanical_angle_rad=2.636913061,valid=1,read_failures=0"
dengfoc,"SYNC_TRUTH,sequence=84654,truth_tick_us=169697672,mechanical_angle_rad=2.636913061,valid=1,read_failures=0"
dengfoc,"SYNC_TRUTH,sequence=84655,truth_tick_us=169699672,mechanical_angle_rad=2.636913061,valid=1,read_failures=0"
dengfoc,"SYNC_TRUTH,sequence=84656,truth_tick_us=169701672,mechanical_angle_rad=2.636913061,valid=1,read_failures=0"
dengfoc,"SYNC_TRUTH,sequence=84657,truth_tick_us=169703672,mechanical_angle_rad=2.636913061,valid=1,read_failures=0"
dengfoc,"SYNC_TRUTH,sequence=84658,truth_tick_us=169705672,mechanical_angle_rad=2.636913061,valid=1,read_failures=0"
dengfoc,"SYNC_TRUTH,sequence=84659,truth_tick_us=169707672,mechanical_angle_rad=2.636913061,valid=1,read_failures=0"
dengfoc,"SYNC_TRUTH,sequence=84660,truth_tick_us=169709672,mechanical_angle_rad=2.636913061,valid=1,read_failures=0"
dengfoc,"SYNC_TRUTH,sequence=84661,truth_tick_us=169711672,mechanical_angle_rad=2.636913061,valid=1,read_failures=0"
dengfoc,"SYNC_TRUTH,sequence=84662,truth_tick_us=169713672,mechanical_angle_rad=2.636913061,valid=1,read_failures=0"
dengfoc,"SYNC_TRUTH,sequence=84663,truth_tick_us=169715672,mechanical_angle_rad=2.636913061,valid=1,read_failures=0"
dengfoc,"SYNC_TRUTH,sequence=84664,truth_tick_us=169717672,mechanical_angle_rad=2.636913061,valid=1,read_failures=0"
dengfoc,"SYNC_TRUTH,sequence=84665,truth_tick_us=169719672,mechanical_angle_rad=2.636913061,valid=1,read_failures=0"
dengfoc,"SYNC_TRUTH,sequence=84666,truth_tick_us=169721672,mechanical_angle_rad=2.636913061,valid=1,read_failures=0"
dengfoc,"SYNC_TRUTH,sequence=84667,truth_tick_us=169723672,mechanical_angle_rad=2.636913061,valid=1,read_failures=0"
dengfoc,"SYNC_TRUTH,sequence=84668,truth_tick_us=169725672,mechanical_angle_rad=2.636913061,valid=1,read_failures=0"
dengfoc,"SYNC_TRUTH,sequence=84669,truth_tick_us=169727672,mechanical_angle_rad=2.636913061,valid=1,read_failures=0"
dengfoc,"SYNC_TRUTH,sequence=84670,truth_tick_us=169729672,mechanical_angle_rad=2.636913061,valid=1,read_failures=0"
dengfoc,"SYNC_TRUTH,sequence=84671,truth_tick_us=169731672,mechanical_angle_rad=2.636913061,valid=1,read_failures=0"
dengfoc,"SYNC_TRUTH,sequence=84672,truth_tick_us=169733672,mechanical_angle_rad=2.636913061,valid=1,read_failures=0"
dengfoc,"SYNC_TRUTH,sequence=84673,truth_tick_us=169735672,mechanical_angle_rad=2.636913061,valid=1,read_failures=0"
dengfoc,"SYNC_TRUTH,sequence=84674,truth_tick_us=169737672,mechanical_angle_rad=2.636913061,valid=1,read_failures=0"
dengfoc,"SYNC_TRUTH,sequence=84675,truth_tick_us=169739672,mechanical_angle_rad=2.636913061,valid=1,read_failures=0"
dengfoc,"SYNC_TRUTH,sequence=84676,truth_tick_us=169741672,mechanical_angle_rad=2.636913061,valid=1,read_failures=0"
dengfoc,"SYNC_TRUTH,sequence=84677,truth_tick_us=169743672,mechanical_angle_rad=2.636913061,valid=1,read_failures=0"
dengfoc,"SYNC_TRUTH,sequence=84678,truth_tick_us=169745672,mechanical_angle_rad=2.636913061,valid=1,read_failures=0"
dengfoc,"SYNC_TRUTH,sequence=84679,truth_tick_us=169747672,mechanical_angle_rad=2.636913061,valid=1,read_failures=0"
dengfoc,"SYNC_TRUTH,sequence=84680,truth_tick_us=169749672,mechanical_angle_rad=2.636913061,valid=1,read_failures=0"
dengfoc,"SYNC_TRUTH,sequence=84681,truth_tick_us=169751672,mechanical_angle_rad=2.636913061,valid=1,read_failures=0"
dengfoc,"SYNC_TRUTH,sequence=84682,truth_tick_us=169753672,mechanical_angle_rad=2.636913061,valid=1,read_failures=0"
dengfoc,"SYNC_TRUTH,sequence=84683,truth_tick_us=169755672,mechanical_angle_rad=2.636913061,valid=1,read_failures=0"
dengfoc,"SYNC_TRUTH,sequence=84684,truth_tick_us=169757672,mechanical_angle_rad=2.636913061,valid=1,read_failures=0"
dengfoc,"SYNC_TRUTH,sequence=84685,truth_tick_us=169759672,mechanical_angle_rad=2.636913061,valid=1,read_failures=0"
dengfoc,"SYNC_TRUTH,sequence=84686,truth_tick_us=169761672,mechanical_angle_rad=2.636913061,valid=1,read_failures=0"
dengfoc,"SYNC_TRUTH,sequence=84687,truth_tick_us=169763672,mechanical_angle_rad=2.636913061,valid=1,read_failures=0"
dengfoc,"SYNC_TRUTH,sequence=84688,truth_tick_us=169765672,mechanical_angle_rad=2.636913061,valid=1,read_failures=0"
dengfoc,"SYNC_TRUTH,sequence=84689,truth_tick_us=169767672,mechanical_angle_rad=2.636913061,valid=1,read_failures=0"
dengfoc,"SYNC_TRUTH,sequence=84690,truth_tick_us=169769672,mechanical_angle_rad=2.636913061,valid=1,read_failures=0"
dengfoc,"SYNC_TRUTH,sequence=84691,truth_tick_us=169771672,mechanical_angle_rad=2.636913061,valid=1,read_failures=0"
dengfoc,"SYNC_TRUTH,sequence=84692,truth_tick_us=169773672,mechanical_angle_rad=2.636913061,valid=1,read_failures=0"
dengfoc,"SYNC_TRUTH,sequence=84693,truth_tick_us=169775672,mechanical_angle_rad=2.636913061,valid=1,read_failures=0"
dengfoc,"SYNC_TRUTH,sequence=84694,truth_tick_us=169777672,mechanical_angle_rad=2.636913061,valid=1,read_failures=0"
dengfoc,"SYNC_TRUTH,sequence=84695,truth_tick_us=169779672,mechanical_angle_rad=2.636913061,valid=1,read_failures=0"
dengfoc,"SYNC_TRUTH,sequence=84696,truth_tick_us=169781672,mechanical_angle_rad=2.636913061,valid=1,read_failures=0"
dengfoc,"SYNC_TRUTH,sequence=84697,truth_tick_us=169783672,mechanical_angle_rad=2.636913061,valid=1,read_failures=0"
dengfoc,"SYNC_TRUTH,sequence=84698,truth_tick_us=169785672,mechanical_angle_rad=2.636913061,valid=1,read_failures=0"
dengfoc,"SYNC_TRUTH,sequence=84699,truth_tick_us=169787672,mechanical_angle_rad=2.636913061,valid=1,read_failures=0"
dengfoc,"SYNC_TRUTH,sequence=84700,truth_tick_us=169789672,mechanical_angle_rad=2.636913061,valid=1,read_failures=0"
dengfoc,"SYNC_TRUTH,sequence=84701,truth_tick_us=169791672,mechanical_angle_rad=2.636913061,valid=1,read_failures=0"
dengfoc,"SYNC_TRUTH,sequence=84702,truth_tick_us=169793672,mechanical_angle_rad=2.636913061,valid=1,read_failures=0"
dengfoc,"SYNC_TRUTH,sequence=84703,truth_tick_us=169795672,mechanical_angle_rad=2.636913061,valid=1,read_failures=0"
dengfoc,"SYNC_TRUTH,sequence=84704,truth_tick_us=169797672,mechanical_angle_rad=2.636913061,valid=1,read_failures=0"
dengfoc,"SYNC_TRUTH,sequence=84705,truth_tick_us=169799672,mechanical_angle_rad=2.636913061,valid=1,read_failures=0"
dengfoc,"SYNC_TRUTH,sequence=84706,truth_tick_us=169801672,mechanical_angle_rad=2.636913061,valid=1,read_failures=0"
dengfoc,"SYNC_TRUTH,sequence=84707,truth_tick_us=169803672,mechanical_angle_rad=2.636913061,valid=1,read_failures=0"
dengfoc,"SYNC_TRUTH,sequence=84708,truth_tick_us=169805672,mechanical_angle_rad=2.636913061,valid=1,read_failures=0"
dengfoc,"SYNC_TRUTH,sequence=84709,truth_tick_us=169807672,mechanical_angle_rad=2.636913061,valid=1,read_failures=0"
dengfoc,"SYNC_TRUTH,sequence=84710,truth_tick_us=169809672,mechanical_angle_rad=2.636913061,valid=1,read_failures=0"
dengfoc,"SYNC_TRUTH,sequence=84711,truth_tick_us=169811672,mechanical_angle_rad=2.636913061,valid=1,read_failures=0"
dengfoc,"SYNC_TRUTH,sequence=84712,truth_tick_us=169813672,mechanical_angle_rad=2.636913061,valid=1,read_failures=0"
dengfoc,"SYNC_TRUTH,sequence=84713,truth_tick_us=169815672,mechanical_angle_rad=2.636913061,valid=1,read_failures=0"
dengfoc,"SYNC_TRUTH,sequence=84714,truth_tick_us=169817672,mechanical_angle_rad=2.636913061,valid=1,read_failures=0"
dengfoc,"SYNC_TRUTH,sequence=84715,truth_tick_us=169819672,mechanical_angle_rad=2.636913061,valid=1,read_failures=0"
dengfoc,"SYNC_TRUTH,sequence=84716,truth_tick_us=169821672,mechanical_angle_rad=2.636913061,valid=1,read_failures=0"
dengfoc,"SYNC_TRUTH,sequence=84717,truth_tick_us=169823672,mechanical_angle_rad=2.636913061,valid=1,read_failures=0"
dengfoc,"SYNC_TRUTH,sequence=84718,truth_tick_us=169825672,mechanical_angle_rad=2.636913061,valid=1,read_failures=0"
dengfoc,"SYNC_TRUTH,sequence=84719,truth_tick_us=169827672,mechanical_angle_rad=2.636913061,valid=1,read_failures=0"
dengfoc,"SYNC_TRUTH,sequence=84720,truth_tick_us=169829672,mechanical_angle_rad=2.636913061,valid=1,read_failures=0"
dengfoc,"SYNC_TRUTH,sequence=84721,truth_tick_us=169831672,mechanical_angle_rad=2.636913061,valid=1,read_failures=0"
dengfoc,"SYNC_TRUTH,sequence=84722,truth_tick_us=169833672,mechanical_angle_rad=2.636913061,valid=1,read_failures=0"
dengfoc,"SYNC_TRUTH,sequence=84723,truth_tick_us=169835672,mechanical_angle_rad=2.636913061,valid=1,read_failures=0"
dengfoc,"SYNC_TRUTH,sequence=84724,truth_tick_us=169837672,mechanical_angle_rad=2.636913061,valid=1,read_failures=0"
dengfoc,"SYNC_TRUTH,sequence=84725,truth_tick_us=169839672,mechanical_angle_rad=2.636913061,valid=1,read_failures=0"
dengfoc,"SYNC_TRUTH,sequence=84726,truth_tick_us=169841672,mechanical_angle_rad=2.636913061,valid=1,read_failures=0"
dengfoc,"SYNC_TRUTH,sequence=84727,truth_tick_us=169843672,mechanical_angle_rad=2.636913061,valid=1,read_failures=0"
dengfoc,"SYNC_TRUTH,sequence=84728,truth_tick_us=169845672,mechanical_angle_rad=2.636913061,valid=1,read_failures=0"
dengfoc,"SYNC_TRUTH,sequence=84729,truth_tick_us=169847672,mechanical_angle_rad=2.636913061,valid=1,read_failures=0"
dengfoc,"SYNC_TRUTH,sequence=84730,truth_tick_us=169849672,mechanical_angle_rad=2.636913061,valid=1,read_failures=0"
dengfoc,"SYNC_TRUTH,sequence=84731,truth_tick_us=169851672,mechanical_angle_rad=2.636913061,valid=1,read_failures=0"
dengfoc,"SYNC_TRUTH,sequence=84732,truth_tick_us=169853672,mechanical_angle_rad=2.636913061,valid=1,read_failures=0"
dengfoc,"SYNC_TRUTH,sequence=84733,truth_tick_us=169855672,mechanical_angle_rad=2.636913061,valid=1,read_failures=0"
dengfoc,"SYNC_TRUTH,sequence=84734,truth_tick_us=169857672,mechanical_angle_rad=2.636913061,valid=1,read_failures=0"
dengfoc,"SYNC_TRUTH,sequence=84735,truth_tick_us=169859672,mechanical_angle_rad=2.636913061,valid=1,read_failures=0"
dengfoc,"SYNC_TRUTH,sequence=84736,truth_tick_us=169861672,mechanical_angle_rad=2.636913061,valid=1,read_failures=0"
dengfoc,"SYNC_TRUTH,sequence=84737,truth_tick_us=169863672,mechanical_angle_rad=2.636913061,valid=1,read_failures=0"
dengfoc,"SYNC_TRUTH,sequence=84738,truth_tick_us=169865672,mechanical_angle_rad=2.636913061,valid=1,read_failures=0"
dengfoc,"SYNC_TRUTH,sequence=84739,truth_tick_us=169867672,mechanical_angle_rad=2.636913061,valid=1,read_failures=0"
dengfoc,"SYNC_TRUTH,sequence=84740,truth_tick_us=169869672,mechanical_angle_rad=2.636913061,valid=1,read_failures=0"
dengfoc,"SYNC_TRUTH,sequence=84741,truth_tick_us=169871672,mechanical_angle_rad=2.636913061,valid=1,read_failures=0"
dengfoc,"SYNC_TRUTH,sequence=84742,truth_tick_us=169873672,mechanical_angle_rad=2.636913061,valid=1,read_failures=0"
dengfoc,"SYNC_TRUTH,sequence=84743,truth_tick_us=169875672,mechanical_angle_rad=2.636913061,valid=1,read_failures=0"
dengfoc,"SYNC_TRUTH,sequence=84744,truth_tick_us=169877672,mechanical_angle_rad=2.636913061,valid=1,read_failures=0"
dengfoc,"SYNC_TRUTH,sequence=84745,truth_tick_us=169879672,mechanical_angle_rad=2.636913061,valid=1,read_failures=0"
dengfoc,"SYNC_TRUTH,sequence=84746,truth_tick_us=169881672,mechanical_angle_rad=2.636913061,valid=1,read_failures=0"
dengfoc,"SYNC_TRUTH,sequence=84747,truth_tick_us=169883672,mechanical_angle_rad=2.636913061,valid=1,read_failures=0"
dengfoc,"SYNC_TRUTH,sequence=84748,truth_tick_us=169885672,mechanical_angle_rad=2.636913061,valid=1,read_failures=0"
dengfoc,"SYNC_TRUTH,sequence=84749,truth_tick_us=169887672,mechanical_angle_rad=2.636913061,valid=1,read_failures=0"
dengfoc,"SYNC_TRUTH,sequence=84750,truth_tick_us=169889672,mechanical_angle_rad=2.636913061,valid=1,read_failures=0"
dengfoc,"SYNC_TRUTH,sequence=84751,truth_tick_us=169891672,mechanical_angle_rad=2.636913061,valid=1,read_failures=0"
dengfoc,"SYNC_TRUTH,sequence=84752,truth_tick_us=169893672,mechanical_angle_rad=2.636913061,valid=1,read_failures=0"
dengfoc,"SYNC_TRUTH,sequence=84753,truth_tick_us=169895672,mechanical_angle_rad=2.636913061,valid=1,read_failures=0"
dengfoc,"SYNC_TRUTH,sequence=84754,truth_tick_us=169897672,mechanical_angle_rad=2.636913061,valid=1,read_failures=0"
dengfoc,"SYNC_TRUTH,sequence=84755,truth_tick_us=169899672,mechanical_angle_rad=2.636913061,valid=1,read_failures=0"
dengfoc,"SYNC_TRUTH,sequence=84756,truth_tick_us=169901672,mechanical_angle_rad=2.636913061,valid=1,read_failures=0"
dengfoc,"SYNC_TRUTH,sequence=84757,truth_tick_us=169903672,mechanical_angle_rad=2.636913061,valid=1,read_failures=0"
dengfoc,"SYNC_TRUTH,sequence=84758,truth_tick_us=169905672,mechanical_angle_rad=2.636913061,valid=1,read_failures=0"
dengfoc,"SYNC_TRUTH,sequence=84759,truth_tick_us=169907672,mechanical_angle_rad=2.636913061,valid=1,read_failures=0"
dengfoc,"SYNC_TRUTH,sequence=84760,truth_tick_us=169909672,mechanical_angle_rad=2.636913061,valid=1,read_failures=0"
dengfoc,"SYNC_TRUTH,sequence=84761,truth_tick_us=169911672,mechanical_angle_rad=2.636913061,valid=1,read_failures=0"
dengfoc,"SYNC_TRUTH,sequence=84762,truth_tick_us=169913672,mechanical_angle_rad=2.636913061,valid=1,read_failures=0"
dengfoc,"SYNC_TRUTH,sequence=84763,truth_tick_us=169915672,mechanical_angle_rad=2.636913061,valid=1,read_failures=0"
dengfoc,"SYNC_TRUTH,sequence=84764,truth_tick_us=169917672,mechanical_angle_rad=2.636913061,valid=1,read_failures=0"
dengfoc,"SYNC_TRUTH,sequence=84765,truth_tick_us=169919672,mechanical_angle_rad=2.636913061,valid=1,read_failures=0"
dengfoc,"SYNC_TRUTH,sequence=84766,truth_tick_us=169921672,mechanical_angle_rad=2.636913061,valid=1,read_failures=0"
dengfoc,"SYNC_TRUTH,sequence=84767,truth_tick_us=169923672,mechanical_angle_rad=2.636913061,valid=1,read_failures=0"
dengfoc,"SYNC_TRUTH,sequence=84768,truth_tick_us=169925672,mechanical_angle_rad=2.636913061,valid=1,read_failures=0"
dengfoc,"SYNC_TRUTH,sequence=84769,truth_tick_us=169927672,mechanical_angle_rad=2.636913061,valid=1,read_failures=0"
dengfoc,"SYNC_TRUTH,sequence=84770,truth_tick_us=169929672,mechanical_angle_rad=2.636913061,valid=1,read_failures=0"
dengfoc,"SYNC_TRUTH,sequence=84771,truth_tick_us=169931672,mechanical_angle_rad=2.636913061,valid=1,read_failures=0"
dengfoc,"SYNC_TRUTH,sequence=84772,truth_tick_us=169933672,mechanical_angle_rad=2.636913061,valid=1,read_failures=0"
dengfoc,"SYNC_TRUTH,sequence=84773,truth_tick_us=169935672,mechanical_angle_rad=2.636913061,valid=1,read_failures=0"
dengfoc,"SYNC_TRUTH,sequence=84774,truth_tick_us=169937672,mechanical_angle_rad=2.636913061,valid=1,read_failures=0"
dengfoc,"SYNC_TRUTH,sequence=84775,truth_tick_us=169939672,mechanical_angle_rad=2.636913061,valid=1,read_failures=0"
dengfoc,"SYNC_TRUTH,sequence=84776,truth_tick_us=169941672,mechanical_angle_rad=2.636913061,valid=1,read_failures=0"
dengfoc,"SYNC_TRUTH,sequence=84777,truth_tick_us=169943672,mechanical_angle_rad=2.636913061,valid=1,read_failures=0"
dengfoc,"SYNC_TRUTH,sequence=84778,truth_tick_us=169945672,mechanical_angle_rad=2.636913061,valid=1,read_failures=0"
dengfoc,"SYNC_TRUTH,sequence=84779,truth_tick_us=169947672,mechanical_angle_rad=2.636913061,valid=1,read_failures=0"
dengfoc,"SYNC_TRUTH,sequence=84780,truth_tick_us=169949672,mechanical_angle_rad=2.636913061,valid=1,read_failures=0"
dengfoc,"SYNC_TRUTH,sequence=84781,truth_tick_us=169951672,mechanical_angle_rad=2.636913061,valid=1,read_failures=0"
dengfoc,"SYNC_TRUTH,sequence=84782,truth_tick_us=169953672,mechanical_angle_rad=2.636913061,valid=1,read_failures=0"
dengfoc,"SYNC_TRUTH,sequence=84783,truth_tick_us=169955672,mechanical_angle_rad=2.636913061,valid=1,read_failures=0"
dengfoc,"SYNC_TRUTH,sequence=84784,truth_tick_us=169957672,mechanical_angle_rad=2.636913061,valid=1,read_failures=0"
dengfoc,"SYNC_TRUTH,sequence=84785,truth_tick_us=169959672,mechanical_angle_rad=2.636913061,valid=1,read_failures=0"
dengfoc,"SYNC_TRUTH,sequence=84786,truth_tick_us=169961672,mechanical_angle_rad=2.636913061,valid=1,read_failures=0"
dengfoc,"SYNC_TRUTH,sequence=84787,truth_tick_us=169963672,mechanical_angle_rad=2.636913061,valid=1,read_failures=0"
dengfoc,"SYNC_TRUTH,sequence=84788,truth_tick_us=169965672,mechanical_angle_rad=2.636913061,valid=1,read_failures=0"
dengfoc,"SYNC_TRUTH,sequence=84789,truth_tick_us=169967672,mechanical_angle_rad=2.636913061,valid=1,read_failures=0"
dengfoc,"SYNC_TRUTH,sequence=84790,truth_tick_us=169969672,mechanical_angle_rad=2.636913061,valid=1,read_failures=0"
dengfoc,"SYNC_TRUTH,sequence=84791,truth_tick_us=169971672,mechanical_angle_rad=2.636913061,valid=1,read_failures=0"
dengfoc,"SYNC_TRUTH,sequence=84792,truth_tick_us=169973672,mechanical_angle_rad=2.636913061,valid=1,read_failures=0"
dengfoc,"SYNC_TRUTH,sequence=84793,truth_tick_us=169975672,mechanical_angle_rad=2.636913061,valid=1,read_failures=0"
dengfoc,"SYNC_TRUTH,sequence=84794,truth_tick_us=169977672,mechanical_angle_rad=2.636913061,valid=1,read_failures=0"
dengfoc,"SYNC_TRUTH,sequence=84795,truth_tick_us=169979672,mechanical_angle_rad=2.636913061,valid=1,read_failures=0"
dengfoc,"SYNC_TRUTH,sequence=84796,truth_tick_us=169981672,mechanical_angle_rad=2.636913061,valid=1,read_failures=0"
dengfoc,"SYNC_TRUTH,sequence=84797,truth_tick_us=169983672,mechanical_angle_rad=2.636913061,valid=1,read_failures=0"
dengfoc,"SYNC_TRUTH,sequence=84798,truth_tick_us=169985672,mechanical_angle_rad=2.636913061,valid=1,read_failures=0"
dengfoc,"SYNC_TRUTH,sequence=84799,truth_tick_us=169987672,mechanical_angle_rad=2.636913061,valid=1,read_failures=0"
dengfoc,"SYNC_TRUTH,sequence=84800,truth_tick_us=169989672,mechanical_angle_rad=2.636913061,valid=1,read_failures=0"
dengfoc,"SYNC_TRUTH,sequence=84801,truth_tick_us=169991672,mechanical_angle_rad=2.636913061,valid=1,read_failures=0"
dengfoc,"SYNC_TRUTH,sequence=84802,truth_tick_us=169993672,mechanical_angle_rad=2.636913061,valid=1,read_failures=0"
dengfoc,"SYNC_TRUTH,sequence=84803,truth_tick_us=169995672,mechanical_angle_rad=2.636913061,valid=1,read_failures=0"
dengfoc,"SYNC_TRUTH,sequence=84804,truth_tick_us=169997672,mechanical_angle_rad=2.636913061,valid=1,read_failures=0"
dengfoc,"SYNC_TRUTH,sequence=84805,truth_tick_us=169999672,mechanical_angle_rad=2.636913061,valid=1,read_failures=0"
dengfoc,"SYNC_TRUTH,sequence=84806,truth_tick_us=170001672,mechanical_angle_rad=2.636913061,valid=1,read_failures=0"
dengfoc,"SYNC_TRUTH,sequence=84807,truth_tick_us=170003672,mechanical_angle_rad=2.636913061,valid=1,read_failures=0"
dengfoc,"SYNC_TRUTH,sequence=84808,truth_tick_us=170005672,mechanical_angle_rad=2.636913061,valid=1,read_failures=0"
dengfoc,"SYNC_TRUTH,sequence=84809,truth_tick_us=170007672,mechanical_angle_rad=2.636913061,valid=1,read_failures=0"
dengfoc,"SYNC_TRUTH,sequence=84810,truth_tick_us=170009672,mechanical_angle_rad=2.636913061,valid=1,read_failures=0"
dengfoc,"SYNC_TRUTH,sequence=84811,truth_tick_us=170011672,mechanical_angle_rad=2.636913061,valid=1,read_failures=0"
dengfoc,"SYNC_TRUTH,sequence=84812,truth_tick_us=170013672,mechanical_angle_rad=2.636913061,valid=1,read_failures=0"
dengfoc,"SYNC_TRUTH,sequence=84813,truth_tick_us=170015672,mechanical_angle_rad=2.636913061,valid=1,read_failures=0"
dengfoc,"SYNC_TRUTH,sequence=84814,truth_tick_us=170017672,mechanical_angle_rad=2.636913061,valid=1,read_failures=0"
dengfoc,"SYNC_TRUTH,sequence=84815,truth_tick_us=170019672,mechanical_angle_rad=2.636913061,valid=1,read_failures=0"
dengfoc,"SYNC_TRUTH,sequence=84816,truth_tick_us=170021672,mechanical_angle_rad=2.636913061,valid=1,read_failures=0"
dengfoc,"SYNC_TRUTH,sequence=84817,truth_tick_us=170023672,mechanical_angle_rad=2.636913061,valid=1,read_failures=0"
dengfoc,"SYNC_TRUTH,sequence=84818,truth_tick_us=170025672,mechanical_angle_rad=2.636913061,valid=1,read_failures=0"
dengfoc,"SYNC_TRUTH,sequence=84819,truth_tick_us=170027672,mechanical_angle_rad=2.636913061,valid=1,read_failures=0"
dengfoc,"SYNC_TRUTH,sequence=84820,truth_tick_us=170029672,mechanical_angle_rad=2.636913061,valid=1,read_failures=0"
dengfoc,"SYNC_TRUTH,sequence=84821,truth_tick_us=170031672,mechanical_angle_rad=2.636913061,valid=1,read_failures=0"
dengfoc,"SYNC_TRUTH,sequence=84822,truth_tick_us=170033672,mechanical_angle_rad=2.636913061,valid=1,read_failures=0"
dengfoc,"SYNC_TRUTH,sequence=84823,truth_tick_us=170035672,mechanical_angle_rad=2.636913061,valid=1,read_failures=0"
dengfoc,"SYNC_TRUTH,sequence=84824,truth_tick_us=170037672,mechanical_angle_rad=2.636913061,valid=1,read_failures=0"
dengfoc,"SYNC_TRUTH,sequence=84825,truth_tick_us=170039672,mechanical_angle_rad=2.636913061,valid=1,read_failures=0"
dengfoc,"SYNC_TRUTH,sequence=84826,truth_tick_us=170041672,mechanical_angle_rad=2.636913061,valid=1,read_failures=0"
dengfoc,"SYNC_TRUTH,sequence=84827,truth_tick_us=170043672,mechanical_angle_rad=2.636913061,valid=1,read_failures=0"
dengfoc,"SYNC_TRUTH,sequence=84828,truth_tick_us=170045672,mechanical_angle_rad=2.636913061,valid=1,read_failures=0"
dengfoc,"SYNC_TRUTH,sequence=84829,truth_tick_us=170047672,mechanical_angle_rad=2.636913061,valid=1,read_failures=0"
dengfoc,"SYNC_TRUTH,sequence=84830,truth_tick_us=170049672,mechanical_angle_rad=2.636913061,valid=1,read_failures=0"
dengfoc,"SYNC_TRUTH,sequence=84831,truth_tick_us=170051672,mechanical_angle_rad=2.636913061,valid=1,read_failures=0"
dengfoc,"SYNC_TRUTH,sequence=84832,truth_tick_us=170053672,mechanical_angle_rad=2.636913061,valid=1,read_failures=0"
dengfoc,"SYNC_TRUTH,sequence=84833,truth_tick_us=170055672,mechanical_angle_rad=2.636913061,valid=1,read_failures=0"
dengfoc,"SYNC_TRUTH,sequence=84834,truth_tick_us=170057672,mechanical_angle_rad=2.636913061,valid=1,read_failures=0"
dengfoc,"SYNC_TRUTH,sequence=84835,truth_tick_us=170059672,mechanical_angle_rad=2.636913061,valid=1,read_failures=0"
dengfoc,"SYNC_TRUTH,sequence=84836,truth_tick_us=170061672,mechanical_angle_rad=2.636913061,valid=1,read_failures=0"
dengfoc,"SYNC_TRUTH,sequence=84837,truth_tick_us=170063672,mechanical_angle_rad=2.636913061,valid=1,read_failures=0"
dengfoc,"SYNC_TRUTH,sequence=84838,truth_tick_us=170065672,mechanical_angle_rad=2.636913061,valid=1,read_failures=0"
dengfoc,"SYNC_TRUTH,sequence=84839,truth_tick_us=170067672,mechanical_angle_rad=2.636913061,valid=1,read_failures=0"
dengfoc,"SYNC_TRUTH,sequence=84840,truth_tick_us=170069672,mechanical_angle_rad=2.636913061,valid=1,read_failures=0"
dengfoc,"SYNC_TRUTH,sequence=84841,truth_tick_us=170071672,mechanical_angle_rad=2.636913061,valid=1,read_failures=0"
dengfoc,"SYNC_TRUTH,sequence=84842,truth_tick_us=170073672,mechanical_angle_rad=2.636913061,valid=1,read_failures=0"
dengfoc,"SYNC_TRUTH,sequence=84843,truth_tick_us=170075672,mechanical_angle_rad=2.636913061,valid=1,read_failures=0"
dengfoc,"SYNC_TRUTH,sequence=84844,truth_tick_us=170077672,mechanical_angle_rad=2.636913061,valid=1,read_failures=0"
dengfoc,"SYNC_TRUTH,sequence=84845,truth_tick_us=170079672,mechanical_angle_rad=2.636913061,valid=1,read_failures=0"
dengfoc,"SYNC_TRUTH,sequence=84846,truth_tick_us=170081672,mechanical_angle_rad=2.636913061,valid=1,read_failures=0"
dengfoc,"SYNC_TRUTH,sequence=84847,truth_tick_us=170083672,mechanical_angle_rad=2.636913061,valid=1,read_failures=0"
dengfoc,"SYNC_TRUTH,sequence=84848,truth_tick_us=170085672,mechanical_angle_rad=2.636913061,valid=1,read_failures=0"
dengfoc,"SYNC_TRUTH,sequence=84849,truth_tick_us=170087672,mechanical_angle_rad=2.636913061,valid=1,read_failures=0"
dengfoc,"SYNC_TRUTH,sequence=84850,truth_tick_us=170089672,mechanical_angle_rad=2.636913061,valid=1,read_failures=0"
dengfoc,"SYNC_TRUTH,sequence=84851,truth_tick_us=170091672,mechanical_angle_rad=2.636913061,valid=1,read_failures=0"
dengfoc,"SYNC_TRUTH,sequence=84852,truth_tick_us=170093672,mechanical_angle_rad=2.636913061,valid=1,read_failures=0"
dengfoc,"SYNC_TRUTH,sequence=84853,truth_tick_us=170095672,mechanical_angle_rad=2.636913061,valid=1,read_failures=0"
dengfoc,"SYNC_TRUTH,sequence=84854,truth_tick_us=170097672,mechanical_angle_rad=2.636913061,valid=1,read_failures=0"
dengfoc,"SYNC_TRUTH,sequence=84855,truth_tick_us=170099672,mechanical_angle_rad=2.636913061,valid=1,read_failures=0"
dengfoc,"SYNC_TRUTH,sequence=84856,truth_tick_us=170101672,mechanical_angle_rad=2.636913061,valid=1,read_failures=0"
dengfoc,"SYNC_TRUTH,sequence=84857,truth_tick_us=170103672,mechanical_angle_rad=2.636913061,valid=1,read_failures=0"
dengfoc,"SYNC_TRUTH,sequence=84858,truth_tick_us=170105672,mechanical_angle_rad=2.636913061,valid=1,read_failures=0"
dengfoc,"SYNC_TRUTH,sequence=84859,truth_tick_us=170107672,mechanical_angle_rad=2.636913061,valid=1,read_failures=0"
dengfoc,"SYNC_TRUTH,sequence=84860,truth_tick_us=170109672,mechanical_angle_rad=2.636913061,valid=1,read_failures=0"
dengfoc,"SYNC_TRUTH,sequence=84861,truth_tick_us=170111672,mechanical_angle_rad=2.636913061,valid=1,read_failures=0"
dengfoc,"SYNC_TRUTH,sequence=84862,truth_tick_us=170113672,mechanical_angle_rad=2.636913061,valid=1,read_failures=0"
dengfoc,"SYNC_TRUTH,sequence=84863,truth_tick_us=170115672,mechanical_angle_rad=2.636913061,valid=1,read_failures=0"
dengfoc,"SYNC_TRUTH,sequence=84864,truth_tick_us=170117672,mechanical_angle_rad=2.636913061,valid=1,read_failures=0"
dengfoc,"SYNC_TRUTH,sequence=84865,truth_tick_us=170119672,mechanical_angle_rad=2.636913061,valid=1,read_failures=0"
dengfoc,"SYNC_TRUTH,sequence=84866,truth_tick_us=170121672,mechanical_angle_rad=2.636913061,valid=1,read_failures=0"
dengfoc,"SYNC_TRUTH,sequence=84867,truth_tick_us=170123672,mechanical_angle_rad=2.636913061,valid=1,read_failures=0"
dengfoc,"SYNC_TRUTH,sequence=84868,truth_tick_us=170125672,mechanical_angle_rad=2.636913061,valid=1,read_failures=0"
dengfoc,"SYNC_TRUTH,sequence=84869,truth_tick_us=170127672,mechanical_angle_rad=2.636913061,valid=1,read_failures=0"
dengfoc,"SYNC_TRUTH,sequence=84870,truth_tick_us=170129672,mechanical_angle_rad=2.636913061,valid=1,read_failures=0"
dengfoc,"SYNC_TRUTH,sequence=84871,truth_tick_us=170131672,mechanical_angle_rad=2.636913061,valid=1,read_failures=0"
dengfoc,"SYNC_TRUTH,sequence=84872,truth_tick_us=170133672,mechanical_angle_rad=2.636913061,valid=1,read_failures=0"
dengfoc,"SYNC_TRUTH,sequence=84873,truth_tick_us=170135672,mechanical_angle_rad=2.636913061,valid=1,read_failures=0"
dengfoc,"SYNC_TRUTH,sequence=84874,truth_tick_us=170137672,mechanical_angle_rad=2.636913061,valid=1,read_failures=0"
dengfoc,"SYNC_TRUTH,sequence=84875,truth_tick_us=170139672,mechanical_angle_rad=2.636913061,valid=1,read_failures=0"
dengfoc,"SYNC_TRUTH,sequence=84876,truth_tick_us=170141672,mechanical_angle_rad=2.636913061,valid=1,read_failures=0"
dengfoc,"SYNC_TRUTH,sequence=84877,truth_tick_us=170143672,mechanical_angle_rad=2.636913061,valid=1,read_failures=0"
dengfoc,"SYNC_TRUTH,sequence=84878,truth_tick_us=170145672,mechanical_angle_rad=2.636913061,valid=1,read_failures=0"
dengfoc,"SYNC_TRUTH,sequence=84879,truth_tick_us=170147672,mechanical_angle_rad=2.636913061,valid=1,read_failures=0"
dengfoc,"SYNC_TRUTH,sequence=84880,truth_tick_us=170149672,mechanical_angle_rad=2.636913061,valid=1,read_failures=0"
dengfoc,"SYNC_TRUTH,sequence=84881,truth_tick_us=170151672,mechanical_angle_rad=2.636913061,valid=1,read_failures=0"
dengfoc,"SYNC_TRUTH,sequence=84882,truth_tick_us=170153672,mechanical_angle_rad=2.636913061,valid=1,read_failures=0"
dengfoc,"SYNC_TRUTH,sequence=84883,truth_tick_us=170155672,mechanical_angle_rad=2.636913061,valid=1,read_failures=0"
dengfoc,"SYNC_TRUTH,sequence=84884,truth_tick_us=170157672,mechanical_angle_rad=2.636913061,valid=1,read_failures=0"
dengfoc,"SYNC_TRUTH,sequence=84885,truth_tick_us=170159672,mechanical_angle_rad=2.636913061,valid=1,read_failures=0"
dengfoc,"SYNC_TRUTH,sequence=84886,truth_tick_us=170161672,mechanical_angle_rad=2.636913061,valid=1,read_failures=0"
dengfoc,"SYNC_TRUTH,sequence=84887,truth_tick_us=170163672,mechanical_angle_rad=2.636913061,valid=1,read_failures=0"
g431,foc_stop
dengfoc,"SYNC_STATUS,frames=3,frame_fail=2,truth=84887,truth_fail=0,idle=2,capture_state=1,capture_failure=0,rejected=0,overflow=0,recovered=2,session_rollovers=1,sync_level=0,driver_disabled=1"
g431,FSTOP
dengfoc,"SYNC_TRUTH,sequence=84888,truth_tick_us=170166676,mechanical_angle_rad=2.636913061,valid=1,read_failures=0"
g431,msh >
dengfoc,"SYNC_TRUTH,sequence=84889,truth_tick_us=170168672,mechanical_angle_rad=2.636913061,valid=1,read_failures=0"
dengfoc,"SYNC_TRUTH,sequence=84890,truth_tick_us=170170672,mechanical_angle_rad=2.636913061,valid=1,read_failures=0"
dengfoc,"SYNC_TRUTH,sequence=84891,truth_tick_us=170172672,mechanical_angle_rad=2.636913061,valid=1,read_failures=0"
dengfoc,"SYNC_TRUTH,sequence=84892,truth_tick_us=170174672,mechanical_angle_rad=2.636913061,valid=1,read_failures=0"
dengfoc,"SYNC_TRUTH,sequence=84893,truth_tick_us=170176672,mechanical_angle_rad=2.636913061,valid=1,read_failures=0"
dengfoc,"SYNC_TRUTH,sequence=84894,truth_tick_us=170178672,mechanical_angle_rad=2.636913061,valid=1,read_failures=0"
dengfoc,"SYNC_TRUTH,sequence=84895,truth_tick_us=170180672,mechanical_angle_rad=2.636913061,valid=1,read_failures=0"
dengfoc,"SYNC_TRUTH,sequence=84896,truth_tick_us=170182672,mechanical_angle_rad=2.636913061,valid=1,read_failures=0"
dengfoc,"SYNC_TRUTH,sequence=84897,truth_tick_us=170184672,mechanical_angle_rad=2.636913061,valid=1,read_failures=0"
dengfoc,"SYNC_TRUTH,sequence=84898,truth_tick_us=170186672,mechanical_angle_rad=2.636913061,valid=1,read_failures=0"
dengfoc,"SYNC_TRUTH,sequence=84899,truth_tick_us=170188672,mechanical_angle_rad=2.636913061,valid=1,read_failures=0"
dengfoc,"SYNC_TRUTH,sequence=84900,truth_tick_us=170190672,mechanical_angle_rad=2.636913061,valid=1,read_failures=0"
dengfoc,"SYNC_TRUTH,sequence=84901,truth_tick_us=170192672,mechanical_angle_rad=2.636913061,valid=1,read_failures=0"
dengfoc,"SYNC_TRUTH,sequence=84902,truth_tick_us=170194672,mechanical_angle_rad=2.636913061,valid=1,read_failures=0"
g431,msh >
dengfoc,"SYNC_TRUTH,sequence=84903,truth_tick_us=170196672,mechanical_angle_rad=2.636913061,valid=1,read_failures=0"
dengfoc,"SYNC_TRUTH,sequence=84904,truth_tick_us=170198672,mechanical_angle_rad=2.636913061,valid=1,read_failures=0"
dengfoc,"SYNC_TRUTH,sequence=84905,truth_tick_us=170200672,mechanical_angle_rad=2.636913061,valid=1,read_failures=0"
dengfoc,"SYNC_TRUTH,sequence=84906,truth_tick_us=170202672,mechanical_angle_rad=2.636913061,valid=1,read_failures=0"
dengfoc,"SYNC_TRUTH,sequence=84907,trut912,truth_tick_us=170214672,mechanical_angle_rad=2.636913061,valid=1,read_failures=0"
dengfoc,"SYNC_TRUTH,sequence=84913,truth_tick_us=170216672,mechanical_angle_rad=2.636913061,valid=1,read_failures=0"
dengfoc,"SYNC_TRUTH,sequence=84914,truth_tick_us=170218672,mechanical_angle_rad=2.636913061,valid=1,read_failures=0"
dengfoc,"SYNC_TRUTH,sequence=84915,truth_tick_us=170220672,mechanical_angle_rad=2.636913061,valid=1,read_failures=0"
dengfoc,"SYNC_TRUTH,sequence=84916,truth_tick_us=170222672,mechanical_angle_rad=2.636913061,valid=1,read_failures=0"
dengfoc,"SYNC_TRUTH,sequence=84917,truth_tick_us=170224672,mechanical_angle_rad=2.636913061,valid=1,read_failures=0"
dengfoc,"SYNC_TRUTH,sequence=84918,truth_tick_us=170226672,mechanical_angle_rad=2.636913061,valid=1,read_failures=0"
dengfoc,"SYNC_TRUTH,sequence=84919,truth_tick_us=170228672,mechanical_angle_rad=2.636913061,valid=1,read_failures=0"
dengfoc,"SYNC_TRUTH,sequence=84920,truth_tick_us=170230672,mechanical_angle_rad=2.636913061,valid=1,read_failures=0"
dengfoc,"SYNC_TRUTH,sequence=84921,truth_tick_us=170232672,mechanical_angle_rad=2.636913061,valid=1,read_failures=0"
dengfoc,"SYNC_TRUTH,sequence=84922,truth_tick_us=170234672,mechanical_angle_rad=2.636913061,valid=1,read_failures=0"
dengfoc,"SYNC_TRUTH,sequence=84923,truth_tick_us=170236672,mechanical_angle_rad=2.636913061,valid=1,read_failures=0"
dengfoc,"SYNC_TRUTH,sequence=84924,truth_tick_us=170238672,mechanical_angle_rad=2.636913061,valid=1,read_failures=0"
dengfoc,"SYNC_TRUTH,sequence=84925,truth_tick_us=170240672,mechanical_angle_rad=2.636913061,valid=1,read_failures=0"
dengfoc,"SYNC_TRUTH,sequence=84926,truth_tick_us=170242672,mechanical_angle_rad=2.636913061,valid=1,read_failures=0"
dengfoc,"SYNC_TRUTH,sequence=84927,truth_tick_us=170244672,mechanical_angle_rad=2.636913061,valid=1,read_failures=0"
dengfoc,"SYNC_TRUTH,sequence=84928,truth_tick_us=170246672,mechanical_angle_rad=2.636913061,valid=1,read_failures=0"
dengfoc,"SYNC_TRUTH,sequence=84929,truth_tick_us=170248672,mechanical_angle_rad=2.636913061,valid=1,read_failures=0"
dengfoc,"SYNC_TRUTH,sequence=84930,truth_tick_us=170250672,mechanical_angle_rad=2.636913061,valid=1,read_failures=0"
dengfoc,"SYNC_TRUTH,sequence=84931,truth_tick_us=170252672,mechanical_angle_rad=2.636913061,valid=1,read_failures=0"
dengfoc,"SYNC_TRUTH,sequence=84932,truth_tick_us=170254672,mechanical_angle_rad=2.636913061,valid=1,read_failures=0"
dengfoc,"SYNC_TRUTH,sequence=84933,truth_tick_us=170256672,mechanical_angle_rad=2.636913061,valid=1,read_failures=0"
dengfoc,"SYNC_TRUTH,sequence=84934,truth_tick_us=170258672,mechanical_angle_rad=2.636913061,valid=1,read_failures=0"
dengfoc,"SYNC_TRUTH,sequence=84935,truth_tick_us=170260672,mechanical_angle_rad=2.636913061,valid=1,read_failures=0"
dengfoc,"SYNC_TRUTH,sequence=84936,truth_tick_us=170262672,mechanical_angle_rad=2.636913061,valid=1,read_failures=0"
dengfoc,"SYNC_TRUTH,sequence=84937,truth_tick_us=170264672,mechanical_angle_rad=2.636913061,valid=1,read_failures=0"
dengfoc,"SYNC_TRUTH,sequence=84938,truth_tick_us=170266672,mechanical_angle_rad=2.636913061,valid=1,read_failures=0"
dengfoc,"SYNC_TRUTH,sequence=84939,truth_tick_us=170268672,mechanical_angle_rad=2.636913061,valid=1,read_failures=0"
dengfoc,"SYNC_TRUTH,sequence=84940,truth_tick_us=170270672,mechanical_angle_rad=2.636913061,valid=1,read_failures=0"
dengfoc,"SYNC_TRUTH,sequence=84941,truth_tick_us=170272672,mechanical_angle_rad=2.636913061,valid=1,read_failures=0"
dengfoc,"SYNC_TRUTH,sequence=84942,truth_tick_us=170274672,mechanical_angle_rad=2.636913061,valid=1,read_failures=0"
dengfoc,"SYNC_TRUTH,sequence=84943,truth_tick_us=170276672,mechanical_angle_rad=2.636913061,valid=1,read_failures=0"
dengfoc,"SYNC_TRUTH,sequence=84944,truth_tick_us=170278672,mechanical_angle_rad=2.636913061,valid=1,read_failures=0"
dengfoc,"SYNC_TRUTH,sequence=84945,truth_tick_us=170280672,mechanical_angle_rad=2.636913061,valid=1,read_failures=0"
dengfoc,"SYNC_TRUTH,sequence=84946,truth_tick_us=170282672,mechanical_angle_rad=2.636913061,valid=1,read_failures=0"
dengfoc,"SYNC_TRUTH,sequence=84947,truth_tick_us=170284672,mechanical_angle_rad=2.636913061,valid=1,read_failures=0"
dengfoc,"SYNC_TRUTH,sequence=84948,truth_tick_us=170286672,mechanical_angle_rad=2.636913061,valid=1,read_failures=0"
dengfoc,"SYNC_TRUTH,sequence=84949,truth_tick_us=170288672,mechanical_angle_rad=2.636913061,valid=1,read_failures=0"
dengfoc,"SYNC_TRUTH,sequence=84950,truth_tick_us=170290672,mechanical_angle_rad=2.636913061,valid=1,read_failures=0"
dengfoc,"SYNC_TRUTH,sequence=84951,truth_tick_us=170292672,mechanical_angle_rad=2.636913061,valid=1,read_failures=0"
dengfoc,"SYNC_TRUTH,sequence=84952,truth_tick_us=170294672,mechanical_angle_rad=2.636913061,valid=1,read_failures=0"
dengfoc,"SYNC_TRUTH,sequence=84953,truth_tick_us=170296672,mechanical_angle_rad=2.636913061,valid=1,read_failures=0"
dengfoc,"SYNC_TRUTH,sequence=84954,truth_tick_us=170298672,mechanical_angle_rad=2.636913061,valid=1,read_failures=0"
dengfoc,"SYNC_TRUTH,sequence=84955,truth_tick_us=170300672,mechanical_angle_rad=2.636913061,valid=1,read_failures=0"
dengfoc,"SYNC_TRUTH,sequence=84956,truth_tick_us=170302672,mechanical_angle_rad=2.636913061,valid=1,read_failures=0"
dengfoc,"SYNC_TRUTH,sequence=84957,truth_tick_us=170304672,mechanical_angle_rad=2.636913061,valid=1,read_failures=0"
dengfoc,"SYNC_TRUTH,sequence=84958,truth_tick_us=170306672,mechanical_angle_rad=2.636913061,valid=1,read_failures=0"
dengfoc,"SYNC_TRUTH,sequence=84959,truth_tick_us=170308672,mechanical_angle_rad=2.636913061,valid=1,read_failures=0"
dengfoc,"SYNC_TRUTH,sequence=84960,truth_tick_us=170310672,mechanical_angle_rad=2.636913061,valid=1,read_failures=0"
dengfoc,"SYNC_TRUTH,sequence=84961,truth_tick_us=170312672,mechanical_angle_rad=2.636913061,valid=1,read_failures=0"
dengfoc,"SYNC_TRUTH,sequence=84962,truth_tick_us=170314672,mechanical_angle_rad=2.636913061,valid=1,read_failures=0"
dengfoc,"SYNC_TRUTH,sequence=84963,truth_tick_us=170316672,mechanical_angle_rad=2.636913061,valid=1,read_failures=0"
dengfoc,"SYNC_TRUTH,sequence=84964,truth_tick_us=170318672,mechanical_angle_rad=2.636913061,valid=1,read_failures=0"
dengfoc,"SYNC_TRUTH,sequence=84965,truth_tick_us=170320672,mechanical_angle_rad=2.636913061,valid=1,read_failures=0"
dengfoc,"SYNC_TRUTH,sequence=84966,truth_tick_us=170322672,mechanical_angle_rad=2.636913061,valid=1,read_failures=0"
dengfoc,"SYNC_TRUTH,sequence=84967,truth_tick_us=170324672,mechanical_angle_rad=2.636913061,valid=1,read_failures=0"
dengfoc,"SYNC_TRUTH,sequence=84968,truth_tick_us=170326672,mechanical_angle_rad=2.636913061,valid=1,read_failures=0"
dengfoc,"SYNC_TRUTH,sequence=84969,truth_tick_us=170328672,mechanical_angle_rad=2.636913061,valid=1,read_failures=0"
dengfoc,"SYNC_TRUTH,sequence=84970,truth_tick_us=170330672,mechanical_angle_rad=2.636913061,valid=1,read_failures=0"
dengfoc,"SYNC_TRUTH,sequence=84971,truth_tick_us=170332672,mechanical_angle_rad=2.636913061,valid=1,read_failures=0"
dengfoc,"SYNC_TRUTH,sequence=84972,truth_tick_us=170334672,mechanical_angle_rad=2.636913061,valid=1,read_failures=0"
dengfoc,"SYNC_TRUTH,sequence=84973,truth_tick_us=170336672,mechanical_angle_rad=2.636913061,valid=1,read_failures=0"
dengfoc,"SYNC_TRUTH,sequence=84974,truth_tick_us=170338672,mechanical_angle_rad=2.636913061,valid=1,read_failures=0"
dengfoc,"SYNC_TRUTH,sequence=84975,truth_tick_us=170340672,mechanical_angle_rad=2.636913061,valid=1,read_failures=0"
dengfoc,"SYNC_TRUTH,sequence=84976,truth_tick_us=170342672,mechanical_angle_rad=2.636913061,valid=1,read_failures=0"
dengfoc,"SYNC_TRUTH,sequence=84977,truth_tick_us=170344672,mechanical_angle_rad=2.636913061,valid=1,read_failures=0"
dengfoc,"SYNC_TRUTH,sequence=84978,truth_tick_us=170346672,mechanical_angle_rad=2.636913061,valid=1,read_failures=0"
dengfoc,"SYNC_TRUTH,sequence=84979,truth_tick_us=170348672,mechanical_angle_rad=2.636913061,valid=1,read_failures=0"
dengfoc,"SYNC_TRUTH,sequence=84980,truth_tick_us=170350672,mechanical_angle_rad=2.636913061,valid=1,read_failures=0"
dengfoc,"SYNC_TRUTH,sequence=84981,truth_tick_us=170352672,mechanical_angle_rad=2.636913061,valid=1,read_failures=0"
dengfoc,"SYNC_TRUTH,sequence=84982,truth_tick_us=170354672,mechanical_angle_rad=2.636913061,valid=1,read_failures=0"
g431,foc_status
dengfoc,"SYNC_TRUTH,sequence=84983,truth_tick_us=170356672,mechanical_angle_rad=2.636913061,valid=1,read_failures=0"
dengfoc,"SYNC_TRUTH,sequence=84984,truth_tick_us=170358672,mechanical_angle_rad=2.636913061,valid=1,read_failures=0"
g431,"FSTAT,disabled,rust-smo-pll,0,0,0,0"
dengfoc,"SYNC_TRUTH,sequence=84985,truth_tick_us=170360672,mechanical_angle_rad=2.636913061,valid=1,read_failures=0"
g431,"FSTAT,iref=0/0,i=0/0,v=0/0"
dengfoc,"SYNC_TRUTH,sequence=84986,truth_tick_us=170362672,mechanical_angle_rad=2.636913061,valid=1,read_failures=0"
dengfoc,"SYNC_TRUTH,sequence=84987,truth_tick_us=170364672,mechanical_angle_rad=2.636913061,valid=1,read_failures=0"
g431,"FOBS,0/0,0,0/0,00,0,0/0,0"
dengfoc,"SYNC_TRUTH,sequence=84988,truth_tick_us=170366672,mechanical_angle_rad=2.636913061,valid=1,read_failures=0"
dengfoc,"SYNC_TRUTH,sequence=84989,truth_tick_us=170368672,mechanical_angle_rad=2.636913061,valid=1,read_failures=0"
g431,FOC f=0000231f s=0 e=0 ISR=0/12750 miss=0 pk=0(0mA)
dengfoc,"SYNC_TRUTH,sequence=84990,truth_tick_us=170370672,mechanical_angle_rad=2.636913061,valid=1,read_failures=0"
dengfoc,"SYNC_TRUTH,sequence=84991,truth_tick_us=170372672,mechanical_angle_rad=2.636913061,valid=1,read_failures=0"
dengfoc,"SYNC_TRUTH,sequence=84992,truth_tick_us=170374672,mechanical_angle_rad=2.636913061,valid=1,read_failures=0"
g431,"FTIMING,2,0,0,0,0,0,0,0,0,0,0,0,0,12750,0,0,0,8991,0,0,0"
dengfoc,"SYNC_TRUTH,sequence=84993,truth_tick_us=170376672,mechanical_angle_rad=2.636913061,valid=1,read_failures=0"
g431,FOC st=0 rf=00000000 duty=0/0/0
dengfoc,"SYNC_TRUTH,sequence=84994,truth_tick_us=170378672,mechanical_angle_rad=2.636913061,valid=1,read_failures=0"
dengfoc,"SYNC_TRUTH,sequence=84995,truth_tick_us=170380672,mechanical_angle_rad=2.636913061,valid=1,read_failures=0"
g431,"FFAULT,00000000,00000000,0,0,ARM,0,0000"
dengfoc,"SYNC_TRUTH,sequence=84996,truth_tick_us=170382672,mechanical_angle_rad=2.636913061,valid=1,read_failures=0"
dengfoc,"SYNC_TRUTH,sequence=84997,truth_tick_us=170384672,mechanical_angle_rad=2.636913061,valid=1,read_failures=0"
g431,"FPROF,0,6,43116001,28041007,00,edf4f6ca,888e4e91"
dengfoc,"SYNC_TRUTH,sequence=84998,truth_tick_us=170386672,mechanical_angle_rad=2.636913061,valid=1,read_failures=0"
dengfoc,"SYNC_TRUTH,sequence=84999,truth_tick_us=170388672,mechanical_angle_rad=2.636913061,valid=1,read_failures=0"
g431,"FADC,1950/1933/1954,1951/1933/1953,0,0,2053"
g431,msh >
dengfoc,"SYNC_TRUTH,sequence=85000,truth_tick_us=170390672,mechanical_angle_rad=2.636913061,valid=1,read_failures=0"
dengfoc,"SYNC_TRUTH,sequence=85001,truth_tick_us=170392672,mechanical_angle_rad=2.636913061,valid=1,read_failures=0"
dengfoc,"SYNC_TRUTH,sequence=85002,truth_tick_us=170394672,mechanical_angle_rad=2.636913061,valid=1,read_failures=0"
dengfoc,"SYNC_TRUTH,sequence=85003,truth_tick_us=170396672,mechanical_angle_rad=2.636913061,valid=1,read_failures=0"
dengfoc,"SYNC_TRUTH,sequence=85004,truth_tick_us=170398672,mechanical_angle_rad=2.636913061,valid=1,read_failures=0"
dengfoc,"SYNC_TRUTH,sequence=85005,truth_tick_us=170400672,mechanical_angle_rad=2.636913061,valid=1,read_failures=0"
dengfoc,"SYNC_TRUTH,sequence=85006,truth_tick_us=170402672,mechanical_angle_rad=2.636913061,valid=1,read_failures=0"
dengfoc,"SYNC_TRUTH,sequence=85007,truth_tick_us=170404672,mechanical_angle_rad=2.636913061,valid=1,read_failures=0"
dengfoc,"SYNC_TRUTH,sequence=85008,truth_tick_us=170406672,mechanical_angle_rad=2.636913061,valid=1,read_failures=0"
dengfoc,"SYNC_TRUTH,sequence=85009,truth_tick_us=170408672,mechanical_angle_rad=2.636913061,valid=1,read_failures=0"
dengfoc,"SYNC_TRUTH,sequence=85010,truth_tick_us=170410672,mechanical_angle_rad=2.636913061,valid=1,read_failures=0"
dengfoc,"SYNC_TRUTH,sequence=85011,truth_tick_us=170412672,mechanical_angle_rad=2.636913061,valid=1,read_failures=0"
dengfoc,"SYNC_TRUTH,sequence=85012,truth_tick_us=170414672,mechanical_angle_rad=2.636913061,valid=1,read_failures=0"
g431,msh >
dengfoc,"SYNC_TRUTH,sequence=85013,truth_tick_us=170416672,mechanical_angle_rad=2.636913061,valid=1,read_failures=0"
dengfoc,"SYNC_TRUTH,sequence=85014,truth_tick_us=170418672,mechanical_angle_rad=2.636913061,valid=1,read_failures=0"
dengfoc,"SYNC_TRUTH,sequence=85015,truth_tick_us=170420672,mechanical_angle_rad=2.636913061,valid=1,read_failures=0"
dengfoc,"SYNC_TRUTH,sequence=85016,truth_tick_us=170422672,mechanical_angle_rad=2.636913061,valid=1,read_failures=0"
dengfoc,"SYNC_TRUTH,sequence=85017,truth_tick_us=170424672,mechanical_angle_rad=2.636913061,valid=1,read_failures=0"
dengfoc,"SYNC_TRUTH,sequence=85018,truth_tick_us=170426672,mechanical_angle_rad=2.636913061,valid=1,read_failures=0"
dengfoc,"SYNC_TRUTH,sequence=85019,truth_tick_us=170428672,mechanical_angle_rad=2.636913061,valid=1,read_failures=0"
dengfoc,"SYNC_TRUTH,sequence=85020,truth_tick_us=170430672,mechanical_angle_rad=2.636913061,valid=1,read_failures=0"
dengfoc,"SYNC_TRUTH,sequence=85021,truth_tick_us=170432672,mechanical_angle_rad=2.636913061,valid=1,read_failures=0"
dengfoc,"SYNC_TRUTH,sequence=85022,truth_tick_us=170434672,mechanical_angle_rad=2.636913061,valid=1,read_failures=0"
dengfoc,"SYNC_TRUTH,sequence=85023,truth_tick_us=170436672,mechanical_angle_rad=2.636913061,valid=1,read_failures=0"
dengfoc,"SYNC_TRUTH,sequence=85024,truth_tick_us=170438672,mechanical_angle_rad=2.636913061,valid=1,read_failures=0"
dengfoc,"SYNC_TRUTH,sequence=85025,truth_tick_us=170440672,mechanical_angle_rad=2.636913061,valid=1,read_failures=0"
dengfoc,"SYNC_TRUTH,sequence=85026,truth_tick_us=170442672,mechanical_angle_rad=2.636913061,valid=1,read_failures=0"
dengfoc,"SYNC_TRUTH,sequence=85027,truth_tick_us=170444672,mechanical_angle_rad=2.636913061,valid=1,read_failures=0"
dengfoc,"SYNC_TRUTH,sequence=85028,truth_tick_us=170446672,mechanical_angle_rad=2.636913061,valid=1,read_failures=0"
dengfoc,"SYNC_TRUTH,sequence=85029,truth_tick_us=170448672,mechanical_angle_rad=2.636913061,valid=1,read_failures=0"
dengfoc,"SYNC_TRUTH,sequence=85030,truth_tick_us=170450672,mechanical_angle_rad=2.636913061,valid=1,read_failures=0"
dengfoc,"SYNC_TRUTH,sequence=85031,truth_tick_us=170452672,mechanical_angle_rad=2.636913061,valid=1,read_failures=0"
dengfoc,"SYNC_TRUTH,sequence=85032,truth_tick_us=170454672,mechanical_angle_rad=2.636913061,valid=1,read_failures=0"
dengfoc,"SYNC_TRUTH,sequence=85033,truth_tick_us=170456672,mechanical_angle_rad=2.636913061,valid=1,read_failures=0"
dengfoc,"SYNC_TRUTH,sequence=85034,truth_tick_us=170458672,mechanical_angle_rad=2.636913061,valid=1,read_failures=0"
dengfoc,"SYNC_TRUTH,sequence=85035,truth_tick_us=170460672,mechanical_angle_rad=2.636913061,valid=1,read_failures=0"
dengfoc,"SYNC_TRUTH,sequence=85036,truth_tick_us=170462672,mechanical_angle_rad=2.636913061,valid=1,read_failures=0"
dengfoc,"SYNC_TRUTH,sequence=85037,truth_tick_us=170464672,mechanical_angle_rad=2.636913061,valid=1,read_failures=0"
dengfoc,"SYNC_TRUTH,sequence=85038,truth_tick_us=170466672,mechanical_angle_rad=2.636913061,valid=1,read_failures=0"
dengfoc,"SYNC_TRUTH,sequence=85039,truth_tick_us=170468672,mechanical_angle_rad=2.636913061,valid=1,read_failures=0"
dengfoc,"SYNC_TRUTH,sequence=85040,truth_tick_us=170470672,mechanical_angle_rad=2.636913061,valid=1,read_failures=0"
dengfoc,"SYNC_TRUTH,sequence=85041,truth_tick_us=170472672,mechanical_angle_rad=2.636913061,valid=1,read_failures=0"
dengfoc,"SYNC_TRUTH,sequence=85042,truth_tick_us=170474672,mechanical_angle_rad=2.636913061,valid=1,read_failures=0"
dengfoc,"SYNC_TRUTH,sequence=85043,truth_tick_us=170476672,mechanical_angle_rad=2.636913061,valid=1,read_failures=0"
dengfoc,"SYNC_TRUTH,sequence=85044,truth_tick_us=170478672,mechanical_angle_rad=2.636913061,valid=1,read_failures=0"
dengfoc,"SYNC_TRUTH,sequence=85045,truth_tick_us=170480672,mechanical_angle_rad=2.636913061,valid=1,read_failures=0"
dengfoc,"SYNC_TRUTH,sequence=85046,truth_tick_us=170482672,mechanical_angle_rad=2.636913061,valid=1,read_failures=0"
dengfoc,"SYNC_TRUTH,sequence=85047,truth_tick_us=170484672,mechanical_angle_rad=2.636913061,valid=1,read_failures=0"
dengfoc,"SYNC_TRUTH,sequence=85048,truth_tick_us=170486672,mechanical_angle_rad=2.636913061,valid=1,read_failures=0"
dengfoc,"SYNC_TRUTH,sequence=85049,truth_tick_us=170488672,mechanical_angle_rad=2.636913061,valid=1,read_failures=0"
dengfoc,"SYNC_TRUTH,sequence=85050,truth_tick_us=170490672,mechanical_angle_rad=2.636913061,valid=1,read_failures=0"
dengfoc,"SYNC_TRUTH,sequence=85051,truth_tick_us=170492672,mechanical_angle_rad=2.636913061,valid=1,read_failures=0"
dengfoc,"SYNC_TRUTH,sequence=85052,truth_tick_us=170494672,mechanical_angle_rad=2.636913061,valid=1,read_failures=0"
dengfoc,"SYNC_TRUTH,sequence=85053,truth_tick_us=170496672,mechanical_angle_rad=2.636913061,valid=1,read_failures=0"
dengfoc,"SYNC_TRUTH,sequence=85054,truth_tick_us=170498672,mechanical_angle_rad=2.636913061,valid=1,read_failures=0"
dengfoc,"SYNC_TRUTH,sequence=85055,truth_tick_us=170500672,mechanical_angle_rad=2.636913061,valid=1,read_failures=0"
dengfoc,"SYNC_TRUTH,sequence=85056,truth_tick_us=170502672,mechanical_angle_rad=2.636913061,valid=1,read_failures=0"
dengfoc,"SYNC_TRUTH,sequence=85057,truth_tick_us=170504672,mechanical_angle_rad=2.636913061,valid=1,read_failures=0"
dengfoc,"SYNC_TRUTH,sequence=85058,truth_tick_us=170506672,mechanical_angle_rad=2.636913061,valid=1,read_failures=0"
dengfoc,"SYNC_TRUTH,sequence=85059,truth_tick_us=170508672,mechanical_angle_rad=2.636913061,valid=1,read_failures=0"
dengfoc,"SYNC_TRUTH,sequence=85060,truth_tick_us=170510672,mechanical_angle_rad=2.636913061,valid=1,read_failures=0"
dengfoc,"SYNC_TRUTH,sequence=85061,truth_tick_us=170512672,mechanical_angle_rad=2.636913061,valid=1,read_failures=0"
dengfoc,"SYNC_TRUTH,sequence=85062,truth_tick_us=170514672,mechanical_angle_rad=2.636913061,valid=1,read_failures=0"
dengfoc,"SYNC_TRUTH,sequence=85063,truth_tick_us=170516672,mechanical_angle_rad=2.636913061,valid=1,read_failures=0"
dengfoc,"SYNC_TRUTH,sequence=85064,truth_tick_us=170518672,mechanical_angle_rad=2.636913061,valid=1,read_failures=0"
dengfoc,"SYNC_TRUTH,sequence=85065,truth_tick_us=170520672,mechanical_angle_rad=2.636913061,valid=1,read_failures=0"
dengfoc,"SYNC_TRUTH,sequence=85066,truth_tick_us=170522672,mechanical_angle_rad=2.636913061,valid=1,read_failures=0"
dengfoc,"SYNC_TRUTH,sequence=85067,truth_tick_us=170524672,mechanical_angle_rad=2.636913061,valid=1,read_failures=0"
dengfoc,"SYNC_TRUTH,sequence=85068,truth_tick_us=170526672,mechanical_angle_rad=2.636913061,valid=1,read_failures=0"
dengfoc,"SYNC_TRUTH,sequence=85069,truth_tick_us=170528672,mechanical_angle_rad=2.636913061,valid=1,read_failures=0"
dengfoc,"SYNC_TRUTH,sequence=85070,truth_tick_us=170530672,mechanical_angle_rad=2.636913061,valid=1,read_failures=0"
dengfoc,"SYNC_TRUTH,sequence=85071,truth_tick_us=170532672,mechanical_angle_rad=2.636913061,valid=1,read_failures=0"
dengfoc,"SYNC_TRUTH,sequence=85072,truth_tick_us=170534672,mechanical_angle_rad=2.636913061,valid=1,read_failures=0"
dengfoc,"SYNC_TRUTH,sequence=85073,truth_tick_us=170536672,mechanical_angle_rad=2.636913061,valid=1,read_failures=0"
dengfoc,"SYNC_TRUTH,sequence=85074,truth_tick_us=170538672,mechanical_angle_rad=2.636913061,valid=1,read_failures=0"
dengfoc,"SYNC_TRUTH,sequence=85075,truth_tick_us=170540672,mechanical_angle_rad=2.636913061,valid=1,read_failures=0"
dengfoc,"SYNC_TRUTH,sequence=85076,truth_tick_us=170542672,mechanical_angle_rad=2.636913061,valid=1,read_failures=0"
dengfoc,"SYNC_TRUTH,sequence=85077,truth_tick_us=170544672,mechanical_angle_rad=2.636913061,valid=1,read_failures=0"
dengfoc,"SYNC_TRUTH,sequence=85078,truth_tick_us=170546672,mechanical_angle_rad=2.636913061,valid=1,read_failures=0"
dengfoc,"SYNC_TRUTH,sequence=85079,truth_tick_us=170548672,mechanical_angle_rad=2.636913061,valid=1,read_failures=0"
dengfoc,"SYNC_TRUTH,sequence=85080,truth_tick_us=170550672,mechanical_angle_rad=2.636913061,valid=1,read_failures=0"
dengfoc,"SYNC_TRUTH,sequence=85081,truth_tick_us=170552672,mechanical_angle_rad=2.636913061,valid=1,read_failures=0"
dengfoc,"SYNC_TRUTH,sequence=85082,truth_tick_us=170554672,mechanical_angle_rad=2.636913061,valid=1,read_failures=0"
dengfoc,"SYNC_TRUTH,sequence=85083,truth_tick_us=170556672,mechanical_angle_rad=2.636913061,valid=1,read_failures=0"
dengfoc,"SYNC_TRUTH,sequence=85084,truth_tick_us=170558672,mechanical_angle_rad=2.636913061,valid=1,read_failures=0"
dengfoc,"SYNC_TRUTH,sequence=85085,truth_tick_us=170560672,mechanical_angle_rad=2.636913061,valid=1,read_failures=0"
dengfoc,"SYNC_TRUTH,sequence=85086,truth_tick_us=170562672,mechanical_angle_rad=2.636913061,valid=1,read_failures=0"
dengfoc,"SYNC_TRUTH,sequence=85087,truth_tick_us=170564672,mechanical_angle_rad=2.636913061,valid=1,read_failures=0"
dengfoc,"SYNC_TRUTH,sequence=85088,truth_tick_us=170566672,mechanical_angle_rad=2.636913061,valid=1,read_failures=0"
dengfoc,"SYNC_TRUTH,sequence=85089,truth_tick_us=170568672,mechanical_angle_rad=2.636913061,valid=1,read_failures=0"
dengfoc,"SYNC_TRUTH,sequence=85090,truth_tick_us=170570672,mechanical_angle_rad=2.636913061,valid=1,read_failures=0"
dengfoc,"SYNC_TRUTH,sequence=85091,truth_tick_us=170572672,mechanical_angle_rad=2.636913061,valid=1,read_failures=0"
dengfoc,"SYNC_TRUTH,sequence=85092,truth_tick_us=170574672,mechanical_angle_rad=2.636913061,valid=1,read_failures=0"
dengfoc,"SYNC_TRUTH,sequence=85093,truth_tick_us=170576672,mechanical_angle_rad=2.636913061,valid=1,read_failures=0"
dengfoc,"SYNC_TRUTH,sequence=85094,truth_tick_us=170578672,mechanical_angle_rad=2.636913061,valid=1,read_failures=0"
dengfoc,"SYNC_TRUTH,sequence=85095,truth_tick_us=170580672,mechanical_angle_rad=2.636913061,valid=1,read_failures=0"
dengfoc,"SYNC_TRUTH,sequence=85096,truth_tick_us=170582672,mechanical_angle_rad=2.636913061,valid=1,read_failures=0"
dengfoc,"SYNC_TRUTH,sequence=85097,truth_tick_us=170584672,mechanical_angle_rad=2.636913061,valid=1,read_failures=0"
dengfoc,"SYNC_TRUTH,sequence=85098,truth_tick_us=170586672,mechanical_angle_rad=2.636913061,valid=1,read_failures=0"
dengfoc,"SYNC_TRUTH,sequence=85099,truth_tick_us=170588672,mechanical_angle_rad=2.636913061,valid=1,read_failures=0"
dengfoc,"SYNC_TRUTH,sequence=85100,truth_tick_us=170590672,mechanical_angle_rad=2.636913061,valid=1,read_failures=0"
dengfoc,"SYNC_TRUTH,sequence=85101,truth_tick_us=170592672,mechanical_angle_rad=2.636913061,valid=1,read_failures=0"
dengfoc,"SYNC_TRUTH,sequence=85102,truth_tick_us=170594672,mechanical_angle_rad=2.636913061,valid=1,read_failures=0"
dengfoc,"SYNC_TRUTH,sequence=85103,truth_tick_us=170596672,mechanical_angle_rad=2.636913061,valid=1,read_failures=0"
dengfoc,"SYNC_TRUTH,sequence=85104,truth_tick_us=170598672,mechanical_angle_rad=2.636913061,valid=1,read_failures=0"
dengfoc,"SYNC_TRUTH,sequence=85105,truth_tick_us=170600672,mechanical_angle_rad=2.636913061,valid=1,read_failures=0"
dengfoc,"SYNC_TRUTH,sequence=85106,truth_tick_us=170602672,mechanical_angle_rad=2.636913061,valid=1,read_failures=0"
dengfoc,"SYNC_TRUTH,sequence=85107,truth_tick_us=170604672,mechanical_angle_rad=2.636913061,valid=1,read_failures=0"
dengfoc,"SYNC_TRUTH,sequence=85108,truth_tick_us=170606672,mechanical_angle_rad=2.636913061,valid=1,read_failures=0"
dengfoc,"SYNC_TRUTH,sequence=85109,truth_tick_us=170608672,mechanical_angle_rad=2.636913061,valid=1,read_failures=0"
dengfoc,"SYNC_TRUTH,sequence=85110,truth_tick_us=170610672,mechanical_angle_rad=2.636913061,valid=1,read_failures=0"
dengfoc,"SYNC_TRUTH,sequence=85111,truth_tick_us=170612672,mechanical_angle_rad=2.636913061,valid=1,read_failures=0"
dengfoc,"SYNC_TRUTH,sequence=85112,truth_tick_us=170614672,mechanical_angle_rad=2.636913061,valid=1,read_failures=0"
dengfoc,"SYNC_TRUTH,sequence=85113,truth_tick_us=170616672,mechanical_angle_rad=2.636913061,valid=1,read_failures=0"
dengfoc,"SYNC_TRUTH,sequence=85114,truth_tick_us=170618672,mechanical_angle_rad=2.636913061,valid=1,read_failures=0"
dengfoc,"SYNC_TRUTH,sequence=85115,truth_tick_us=170620672,mechanical_angle_rad=2.636913061,valid=1,read_failures=0"
dengfoc,"SYNC_TRUTH,sequence=85116,truth_tick_us=170622672,mechanical_angle_rad=2.636913061,valid=1,read_failures=0"
dengfoc,"SYNC_TRUTH,sequence=85117,truth_tick_us=170624672,mechanical_angle_rad=2.636913061,valid=1,read_failures=0"
dengfoc,"SYNC_TRUTH,sequence=85118,truth_tick_us=170626672,mechanical_angle_rad=2.636913061,valid=1,read_failures=0"
dengfoc,"SYNC_TRUTH,sequence=85119,truth_tick_us=170628672,mechanical_angle_rad=2.636913061,valid=1,read_failures=0"
dengfoc,"SYNC_TRUTH,sequence=85120,truth_tick_us=170630672,mechanical_angle_rad=2.636913061,valid=1,read_failures=0"
dengfoc,"SYNC_TRUTH,sequence=85121,truth_tick_us=170632672,mechanical_angle_rad=2.636913061,valid=1,read_failures=0"
dengfoc,"SYNC_TRUTH,sequence=85122,truth_tick_us=170634672,mechanical_angle_rad=2.636913061,valid=1,read_failures=0"
dengfoc,"SYNC_TRUTH,sequence=85123,truth_tick_us=170636672,mechanical_angle_rad=2.636913061,valid=1,read_failures=0"
dengfoc,"SYNC_TRUTH,sequence=85124,truth_tick_us=170638672,mechanical_angle_rad=2.636913061,valid=1,read_failures=0"
dengfoc,"SYNC_TRUTH,sequence=85125,truth_tick_us=170640672,mechanical_angle_rad=2.636913061,valid=1,read_failures=0"
dengfoc,"SYNC_TRUTH,sequence=85126,truth_tick_us=170642672,mechanical_angle_rad=2.636913061,valid=1,read_failures=0"
dengfoc,"SYNC_TRUTH,sequence=85127,truth_tick_us=170644672,mechanical_angle_rad=2.636913061,valid=1,read_failures=0"
dengfoc,"SYNC_TRUTH,sequence=85128,truth_tick_us=170646672,mechanical_angle_rad=2.636913061,valid=1,read_failures=0"
dengfoc,"SYNC_TRUTH,sequence=85129,truth_tick_us=170648672,mechanical_angle_rad=2.636913061,valid=1,read_failures=0"
dengfoc,"SYNC_TRUTH,sequence=85130,truth_tick_us=170650672,mechanical_angle_rad=2.636913061,valid=1,read_failures=0"
dengfoc,"SYNC_TRUTH,sequence=85131,truth_tick_us=170652672,mechanical_angle_rad=2.636913061,valid=1,read_failures=0"
dengfoc,"SYNC_TRUTH,sequence=85132,truth_tick_us=170654672,mechanical_angle_rad=2.636913061,valid=1,read_failures=0"
dengfoc,"SYNC_TRUTH,sequence=85133,truth_tick_us=170656672,mechanical_angle_rad=2.636913061,valid=1,read_failures=0"
dengfoc,"SYNC_TRUTH,sequence=85134,truth_tick_us=170658672,mechanical_angle_rad=2.636913061,valid=1,read_failures=0"
dengfoc,"SYNC_TRUTH,sequence=85135,truth_tick_us=170660672,mechanical_angle_rad=2.636913061,valid=1,read_failures=0"
dengfoc,"SYNC_TRUTH,sequence=85136,truth_tick_us=170662672,mechanical_angle_rad=2.636913061,valid=1,read_failures=0"
dengfoc,"SYNC_TRUTH,sequence=85137,truth_tick_us=170664672,mechanical_angle_rad=2.636913061,valid=1,read_failures=0"
dengfoc,"SYNC_TRUTH,sequence=85138,truth_tick_us=170666672,mechanical_angle_rad=2.636913061,valid=1,read_failures=0"
dengfoc,"SYNC_TRUTH,sequence=85139,truth_tick_us=170668672,mechanical_angle_rad=2.636913061,valid=1,read_failures=0"
dengfoc,"SYNC_TRUTH,sequence=85140,truth_tick_us=170670672,mechanical_angle_rad=2.636913061,valid=1,read_failures=0"
dengfoc,"SYNC_TRUTH,sequence=85141,truth_tick_us=170672672,mechanical_angle_rad=2.636913061,valid=1,read_failures=0"
dengfoc,"SYNC_TRUTH,sequence=85142,truth_tick_us=170674672,mechanical_angle_rad=2.636913061,valid=1,read_failures=0"
dengfoc,"SYNC_TRUTH,sequence=85143,truth_tick_us=170676672,mechanical_angle_rad=2.636913061,valid=1,read_failures=0"
dengfoc,"SYNC_TRUTH,sequence=85144,truth_tick_us=170678672,mechanical_angle_rad=2.636913061,valid=1,read_failures=0"
dengfoc,"SYNC_TRUTH,sequence=85145,truth_tick_us=170680672,mechanical_angle_rad=2.636913061,valid=1,read_failures=0"
dengfoc,"SYNC_TRUTH,sequence=85146,truth_tick_us=170682672,mechanical_angle_rad=2.636913061,valid=1,read_failures=0"
dengfoc,"SYNC_TRUTH,sequence=85147,truth_tick_us=170684672,mechanical_angle_rad=2.636913061,valid=1,read_failures=0"
dengfoc,"SYNC_TRUTH,sequence=85148,truth_tick_us=170686672,mechanical_angle_rad=2.636913061,valid=1,read_failures=0"
dengfoc,"SYNC_TRUTH,sequence=85149,truth_tick_us=170688672,mechanical_angle_rad=2.636913061,valid=1,read_failures=0"
dengfoc,"SYNC_TRUTH,sequence=85150,truth_tick_us=170690672,mechanical_angle_rad=2.636913061,valid=1,read_failures=0"
dengfoc,"SYNC_TRUTH,sequence=85151,truth_tick_us=170692672,mechanical_angle_rad=2.636913061,valid=1,read_failures=0"
dengfoc,"SYNC_TRUTH,sequence=85152,truth_tick_us=170694672,mechanical_angle_rad=2.636913061,valid=1,read_failures=0"
dengfoc,"SYNC_TRUTH,sequence=85153,truth_tick_us=170696672,mechanical_angle_rad=2.636913061,valid=1,read_failures=0"
dengfoc,"SYNC_TRUTH,sequence=85154,truth_tick_us=170698672,mechanical_angle_rad=2.636913061,valid=1,read_failures=0"
dengfoc,"SYNC_TRUTH,sequence=85155,truth_tick_us=170700672,mechanical_angle_rad=2.636913061,valid=1,read_failures=0"
dengfoc,"SYNC_TRUTH,sequence=85156,truth_tick_us=170702672,mechanical_angle_rad=2.636913061,valid=1,read_failures=0"
dengfoc,"SYNC_TRUTH,sequence=85157,truth_tick_us=170704672,mechanical_angle_rad=2.636913061,valid=1,read_failures=0"
dengfoc,"SYNC_TRUTH,sequence=85158,truth_tick_us=170706672,mechanical_angle_rad=2.636913061,valid=1,read_failures=0"
dengfoc,"SYNC_TRUTH,sequence=85159,truth_tick_us=170708672,mechanical_angle_rad=2.636913061,valid=1,read_failures=0"
dengfoc,"SYNC_TRUTH,sequence=85160,truth_tick_us=170710672,mechanical_angle_rad=2.636913061,valid=1,read_failures=0"
dengfoc,"SYNC_TRUTH,sequence=85161,truth_tick_us=170712672,mechanical_angle_rad=2.636913061,valid=1,read_failures=0"
dengfoc,"SYNC_TRUTH,sequence=85162,truth_tick_us=170714672,mechanical_angle_rad=2.636913061,valid=1,read_failures=0"
dengfoc,"SYNC_TRUTH,sequence=85163,truth_tick_us=170716672,mechanical_angle_rad=2.636913061,valid=1,read_failures=0"
dengfoc,"SYNC_TRUTH,sequence=85164,truth_tick_us=170718672,mechanical_angle_rad=2.636913061,valid=1,read_failures=0"
dengfoc,"SYNC_TRUTH,sequence=85165,truth_tick_us=170720672,mechanical_angle_rad=2.636913061,valid=1,read_failures=0"
dengfoc,"SYNC_TRUTH,sequence=85166,truth_tick_us=170722672,mechanical_angle_rad=2.636913061,valid=1,read_failures=0"
dengfoc,"SYNC_TRUTH,sequence=85167,truth_tick_us=170724672,mechanical_angle_rad=2.636913061,valid=1,read_failures=0"
dengfoc,"SYNC_TRUTH,sequence=85168,truth_tick_us=170726672,mechanical_angle_rad=2.636913061,valid=1,read_failures=0"
dengfoc,"SYNC_TRUTH,sequence=85169,truth_tick_us=170728672,mechanical_angle_rad=2.636913061,valid=1,read_failures=0"
dengfoc,"SYNC_TRUTH,sequence=85170,truth_tick_us=170730672,mechanical_angle_rad=2.636913061,valid=1,read_failures=0"
dengfoc,"SYNC_TRUTH,sequence=85171,truth_tick_us=170732672,mechanical_angle_rad=2.636913061,valid=1,read_failures=0"
dengfoc,"SYNC_TRUTH,sequence=85172,truth_tick_us=170734672,mechanical_angle_rad=2.636913061,valid=1,read_failures=0"
dengfoc,"SYNC_TRUTH,sequence=85173,truth_tick_us=170736672,mechanical_angle_rad=2.636913061,valid=1,read_failures=0"
dengfoc,"SYNC_TRUTH,sequence=85174,truth_tick_us=170738672,mechanical_angle_rad=2.636913061,valid=1,read_failures=0"
dengfoc,"SYNC_TRUTH,sequence=85175,truth_tick_us=170740672,mechanical_angle_rad=2.636913061,valid=1,read_failures=0"
dengfoc,"SYNC_TRUTH,sequence=85176,truth_tick_us=170742672,mechanical_angle_rad=2.636913061,valid=1,read_failures=0"
dengfoc,"SYNC_TRUTH,sequence=85177,truth_tick_us=170744672,mechanical_angle_rad=2.636913061,valid=1,read_failures=0"
dengfoc,"SYNC_TRUTH,sequence=85178,truth_tick_us=170746672,mechanical_angle_rad=2.636913061,valid=1,read_failures=0"
dengfoc,"SYNC_TRUTH,sequence=85179,truth_tick_us=170748672,mechanical_angle_rad=2.636913061,valid=1,read_failures=0"
dengfoc,"SYNC_TRUTH,sequence=85180,truth_tick_us=170750672,mechanical_angle_rad=2.636913061,valid=1,read_failures=0"
dengfoc,"SYNC_TRUTH,sequence=85181,truth_tick_us=170752672,mechanical_angle_rad=2.636913061,valid=1,read_failures=0"
dengfoc,"SYNC_TRUTH,sequence=85182,truth_tick_us=170754672,mechanical_angle_rad=2.636913061,valid=1,read_failures=0"
dengfoc,"SYNC_TRUTH,sequence=85183,truth_tick_us=170756672,mechanical_angle_rad=2.636913061,valid=1,read_failures=0"
dengfoc,"SYNC_TRUTH,sequence=85184,truth_tick_us=170758672,mechanical_angle_rad=2.636913061,valid=1,read_failures=0"
dengfoc,"SYNC_TRUTH,sequence=85185,truth_tick_us=170760672,mechanical_angle_rad=2.636913061,valid=1,read_failures=0"
dengfoc,"SYNC_TRUTH,sequence=85186,truth_tick_us=170762672,mechanical_angle_rad=2.636913061,valid=1,read_failures=0"
dengfoc,"SYNC_TRUTH,sequence=85187,truth_tick_us=170764672,mechanical_angle_rad=2.636913061,valid=1,read_failures=0"
dengfoc,"SYNC_TRUTH,sequence=85188,truth_tick_us=170766672,mechanical_angle_rad=2.636913061,valid=1,read_failures=0"
dengfoc,"SYNC_TRUTH,sequence=85189,truth_tick_us=170768672,mechanical_angle_rad=2.636913061,valid=1,read_failures=0"
dengfoc,"SYNC_TRUTH,sequence=85190,truth_tick_us=170770672,mechanical_angle_rad=2.636913061,valid=1,read_failures=0"
dengfoc,"SYNC_TRUTH,sequence=85191,truth_tick_us=170772672,mechanical_angle_rad=2.636913061,valid=1,read_failures=0"
dengfoc,"SYNC_TRUTH,sequence=85192,truth_tick_us=170774672,mechanical_angle_rad=2.636913061,valid=1,read_failures=0"
dengfoc,"SYNC_TRUTH,sequence=85193,truth_tick_us=170776672,mechanical_angle_rad=2.636913061,valid=1,read_failures=0"
dengfoc,"SYNC_TRUTH,sequence=85194,truth_tick_us=170778672,mechanical_angle_rad=2.636913061,valid=1,read_failures=0"
dengfoc,"SYNC_TRUTH,sequence=85195,truth_tick_us=170780672,mechanical_angle_rad=2.636913061,valid=1,read_failures=0"
dengfoc,"SYNC_TRUTH,sequence=85196,truth_tick_us=170782672,mechanical_angle_rad=2.636913061,valid=1,read_failures=0"
dengfoc,"SYNC_TRUTH,sequence=85197,truth_tick_us=170784672,mechanical_angle_rad=2.636913061,valid=1,read_failures=0"
dengfoc,"SYNC_TRUTH,sequence=85198,truth_tick_us=170786672,mechanical_angle_rad=2.636913061,valid=1,read_failures=0"
dengfoc,"SYNC_TRUTH,sequence=85199,truth_tick_us=170788672,mechanical_angle_rad=2.636913061,valid=1,read_failures=0"
dengfoc,"SYNC_TRUTH,sequence=85200,truth_tick_us=170790672,mechanical_angle_rad=2.636913061,valid=1,read_failures=0"
dengfoc,"SYNC_TRUTH,sequence=85201,truth_tick_us=170792672,mechanical_angle_rad=2.636913061,valid=1,read_failures=0"
dengfoc,"SYNC_TRUTH,sequence=85202,truth_tick_us=170794672,mechanical_angle_rad=2.636913061,valid=1,read_failures=0"
dengfoc,"SYNC_TRUTH,sequence=85203,truth_tick_us=170796672,mechanical_angle_rad=2.636913061,valid=1,read_failures=0"
dengfoc,"SYNC_TRUTH,sequence=85204,truth_tick_us=170798672,mechanical_angle_rad=2.636913061,valid=1,read_failures=0"
dengfoc,"SYNC_TRUTH,sequence=85205,truth_tick_us=170800672,mechanical_angle_rad=2.636913061,valid=1,read_failures=0"
dengfoc,"SYNC_TRUTH,sequence=85206,truth_tick_us=170802672,mechanical_angle_rad=2.636913061,valid=1,read_failures=0"
dengfoc,"SYNC_TRUTH,sequence=85207,truth_tick_us=170804672,mechanical_angle_rad=2.636913061,valid=1,read_failures=0"
dengfoc,"SYNC_TRUTH,sequence=85208,truth_tick_us=170806672,mechanical_angle_rad=2.636913061,valid=1,read_failures=0"
dengfoc,"SYNC_TRUTH,sequence=85209,truth_tick_us=170808672,mechanical_angle_rad=2.636913061,valid=1,read_failures=0"
dengfoc,"SYNC_TRUTH,sequence=85210,truth_tick_us=170810672,mechanical_angle_rad=2.636913061,valid=1,read_failures=0"
dengfoc,"SYNC_TRUTH,sequence=85211,truth_tick_us=170812672,mechanical_angle_rad=2.636913061,valid=1,read_failures=0"
dengfoc,"SYNC_TRUTH,sequence=85212,truth_tick_us=170814672,mechanical_angle_rad=2.636913061"
