source,raw_line
dengfoc,"e=93322,truth_tick_us=187045588,mechanical_angle_rad=4.879592896,valid=1,read_failures=0"
dengfoc,"SYNC_TRUTH,sequence=93323,truth_tick_us=187047584,mechanical_angle_rad=4.879592896,valid=1,read_failures=0"
dengfoc,"SYNC_TRUTH,sequence=93324,truth_tick_us=187049588,mechanical_angle_rad=4.879592896,valid=1,read_failures=0"
dengfoc,"SYNC_TRUTH,sequence=93325,truth_tick_us=187051584,mechanical_angle_rad=4.879592896,valid=1,read_failures=0"
dengfoc,"SYNC_TRUTH,sequence=93326,truth_tick_us=187053588,mechanical_angle_rad=4.879592896,valid=1,read_failures=0"
dengfoc,"SYNC_TRUTH,sequence=93327,truth_tick_us=187055584,mechanical_angle_rad=4.879592896,valid=1,read_failures=0"
dengfoc,"SYNC_TRUTH,sequence=93328,truth_tick_us=187057588,mechanical_angle_rad=4.879592896,valid=1,read_failures=0"
dengfoc,"SYNC_TRUTH,sequence=93329,truth_tick_us=187059584,mechanical_angle_rad=4.879592896,valid=1,read_failures=0"
dengfoc,"SYNC_TRUTH,sequence=93330,truth_tick_us=187061588,mechanical_angle_rad=4.879592896,valid=1,read_failures=0"
dengfoc,"SYNC_TRUTH,sequence=93331,truth_tick_us=187063584,mechanical_angle_rad=4.881126881,valid=1,read_failures=0"
dengfoc,"SYNC_TRUTH,sequence=93332,truth_tick_us=187065588,mechanical_angle_rad=4.881126881,valid=1,read_failures=0"
dengfoc,"SYNC_TRUTH,sequence=93333,truth_tick_us=187067584,mechanical_angle_rad=4.879592896,valid=1,read_failures=0"
dengfoc,"SYNC_TRUTH,sequence=93334,truth_tick_us=187069588,mechanical_angle_rad=4.879592896,valid=1,read_failures=0"
dengfoc,"SYNC_TRUTH,sequence=93335,truth_tick_us=187071584,mechanical_angle_rad=4.881126881,valid=1,read_failures=0"
dengfoc,"SYNC_TRUTH,sequence=93336,truth_tick_us=187073588,mechanical_angle_rad=4.879592896,valid=1,read_failures=0"
dengfoc,"SYNC_TRUTH,sequence=93337,truth_tick_us=187075584,mechanical_angle_rad=4.879592896,valid=1,read_failures=0"
dengfoc,"SYNC_TRUTH,sequence=93338,truth_tick_us=187077588,mechanical_angle_rad=4.879592896,valid=1,read_failures=0"
dengfoc,"SYNC_TRUTH,sequence=93339,truth_tick_us=187079584,mechanical_angle_rad=4.879592896,valid=1,read_failures=0"
dengfoc,"SYNC_TRUTH,sequence=93340,truth_tick_us=187081588,mechanical_angle_rad=4.879592896,valid=1,read_failures=0"
dengfoc,"SYNC_TRUTH,sequence=93341,truth_tick_us=187083584,mechanical_angle_rad=4.879592896,valid=1,read_failures=0"
dengfoc,"SYNC_TRUTH,sequence=93342,truth_tick_us=187085588,mechanical_angle_rad=4.881126881,valid=1,read_failures=0"
dengfoc,"SYNC_TRUTH,sequence=93343,truth_tick_us=187087584,mechanical_angle_rad=4.881126881,valid=1,read_failures=0"
dengfoc,"SYNC_TRUTH,sequence=93344,truth_tick_us=187089588,mechanical_angle_rad=4.879592896,valid=1,read_failures=0"
dengfoc,"SYNC_TRUTH,sequence=93345,truth_tick_us=187091584,mechanical_angle_rad=4.881126881,valid=1,read_failures=0"
dengfoc,"SYNC_TRUTH,sequence=93346,truth_tick_us=187093588,mechanical_angle_rad=4.879592896,valid=1,read_failures=0"
dengfoc,"SYNC_TRUTH,sequence=93347,truth_tick_us=187095584,mechanical_angle_rad=4.881126881,valid=1,read_failures=0"
dengfoc,"SYNC_TRUTH,sequence=93348,truth_tick_us=187097588,mechanical_angle_rad=4.879592896,valid=1,read_failures=0"
dengfoc,"SYNC_TRUTH,sequence=93349,truth_tick_us=187099584,mechanical_angle_rad=4.879592896,valid=1,read_failures=0"
dengfoc,"SYNC_TRUTH,sequence=93350,truth_tick_us=187101588,mechanical_angle_rad=4.879592896,valid=1,read_failures=0"
dengfoc,"SYNC_TRUTH,sequence=93351,truth_tick_us=187103584,mechanical_angle_rad=4.879592896,valid=1,read_failures=0"
dengfoc,"SYNC_TRUTH,sequence=93352,truth_tick_us=187105588,mechanical_angle_rad=4.881126881,valid=1,read_failures=0"
dengfoc,"SYNC_TRUTH,sequence=93353,truth_tick_us=187107584,mechanical_angle_rad=4.879592896,valid=1,read_failures=0"
dengfoc,"SYNC_TRUTH,sequence=93354,truth_tick_us=187109588,mechanical_angle_rad=4.881126881,valid=1,read_failures=0"
dengfoc,"SYNC_TRUTH,sequence=93355,truth_tick_us=187111584,mechanical_angle_rad=4.879592896,valid=1,read_failures=0"
dengfoc,"SYNC_TRUTH,sequence=93356,truth_tick_us=187113588,mechanical_angle_rad=4.879592896,valid=1,read_failures=0"
dengfoc,"SYNC_TRUTH,sequence=93357,truth_tick_us=187115584,mechanical_angle_rad=4.879592896,valid=1,read_failures=0"
dengfoc,"SYNC_TRUTH,sequence=93358,truth_tick_us=187117588,mechanical_angle_rad=4.881126881,valid=1,read_failures=0"
dengfoc,"SYNC_TRUTH,sequence=93359,truth_tick_us=187119584,mechanical_angle_rad=4.879592896,valid=1,read_failures=0"
dengfoc,"SYNC_TRUTH,sequence=93360,truth_tick_us=187121588,mechanical_angle_rad=4.881126881,valid=1,read_failures=0"
dengfoc,"SYNC_TRUTH,sequence=93361,truth_tick_us=187123584,mechanical_angle_rad=4.879592896,valid=1,read_failures=0"
dengfoc,"SYNC_TRUTH,sequence=93362,truth_tick_us=187125588,mechanical_angle_rad=4.879592896,valid=1,read_failures=0"
dengfoc,"SYNC_TRUTH,sequence=93363,truth_tick_us=187127584,mechanical_angle_rad=4.879592896,valid=1,read_failures=0"
dengfoc,"SYNC_TRUTH,sequence=93364,truth_tick_us=187129588,mechanical_angle_rad=4.881126881,valid=1,read_failures=0"
dengfoc,"SYNC_TRUTH,sequence=93365,truth_tick_us=187131584,mechanical_angle_rad=4.879592896,valid=1,read_failures=0"
dengfoc,"SYNC_TRUTH,sequence=93366,truth_tick_us=187133588,mechanical_angle_rad=4.879592896,valid=1,read_failures=0"
dengfoc,"SYNC_TRUTH,sequence=93367,truth_tick_us=187135584,mechanical_angle_rad=4.879592896,valid=1,read_failures=0"
dengfoc,"SYNC_TRUTH,sequence=93368,truth_tick_us=187137588,mechanical_angle_rad=4.881126881,valid=1,read_failures=0"
dengfoc,"SYNC_TRUTH,sequence=93369,truth_tick_us=187139584,mechanical_angle_rad=4.879592896,valid=1,read_failures=0"
dengfoc,"SYNC_TRUTH,sequence=93370,truth_tick_us=187141588,mechanical_angle_rad=4.879592896,valid=1,read_failures=0"
dengfoc,"SYNC_TRUTH,sequence=93371,truth_tick_us=187143584,mechanical_angle_rad=4.879592896,valid=1,read_failures=0"
dengfoc,"SYNC_TRUTH,sequence=93372,truth_tick_us=187145588,mechanical_angle_rad=4.879592896,valid=1,read_failures=0"
dengfoc,"SYNC_TRUTH,sequence=93373,truth_tick_us=187147584,mechanical_angle_rad=4.881126881,valid=1,read_failures=0"
dengfoc,"SYNC_TRUTH,sequence=93374,truth_tick_us=187149588,mechanical_angle_rad=4.881126881,valid=1,read_failures=0"
dengfoc,"SYNC_TRUTH,sequence=93375,truth_tick_us=187151584,mechanical_angle_rad=4.881126881,valid=1,read_failures=0"
dengfoc,"SYNC_TRUTH,sequence=93376,truth_tick_us=187153588,mechanical_angle_rad=4.881126881,valid=1,read_failures=0"
dengfoc,"SYNC_TRUTH,sequence=93377,truth_tick_us=187155584,mechanical_angle_rad=4.881126881,valid=1,read_failures=0"
dengfoc,"SYNC_TRUTH,sequence=93378,truth_tick_us=187157588,mechanical_angle_rad=4.879592896,valid=1,read_failures=0"
dengfoc,"SYNC_TRUTH,sequence=93379,truth_tick_us=187159584,mechanical_angle_rad=4.879592896,valid=1,read_failures=0"
dengfoc,"SYNC_TRUTH,sequence=93380,truth_tick_us=187161588,mechanical_angle_rad=4.879592896,valid=1,read_failures=0"
dengfoc,"SYNC_TRUTH,sequence=93381,truth_tick_us=187163584,mechanical_angle_rad=4.881126881,valid=1,read_failures=0"
dengfoc,"SYNC_TRUTH,sequence=93382,truth_tick_us=187165588,mechanical_angle_rad=4.879592896,valid=1,read_failures=0"
dengfoc,"SYNC_TRUTH,sequence=93383,truth_tick_us=187167584,mechanical_angle_rad=4.881126881,valid=1,read_failures=0"
dengfoc,"SYNC_TRUTH,sequence=93384,truth_tick_us=187169588,mechanical_angle_rad=4.881126881,valid=1,read_failures=0"
dengfoc,"SYNC_TRUTH,sequence=93385,truth_tick_us=187171584,mechanical_angle_rad=4.879592896,valid=1,read_failures=0"
dengfoc,"SYNC_TRUTH,sequence=93386,truth_tick_us=187173588,mechanical_angle_rad=4.879592896,valid=1,read_failures=0"
dengfoc,"SYNC_TRUTH,sequence=93387,truth_tick_us=187175584,mechanical_angle_rad=4.879592896,valid=1,read_failures=0"
dengfoc,"SYNC_TRUTH,sequence=93388,truth_tick_us=187177588,mechanical_angle_rad=4.881126881,valid=1,read_failures=0"
dengfoc,"SYNC_TRUTH,sequence=93389,truth_tick_us=187179584,mechanical_angle_rad=4.879592896,valid=1,read_failures=0"
dengfoc,"SYNC_TRUTH,sequence=93390,truth_tick_us=187181588,mechanical_angle_rad=4.881126881,valid=1,read_failures=0"
dengfoc,"SYNC_TRUTH,sequence=93391,truth_tick_us=187183584,mechanical_angle_rad=4.881126881,valid=1,read_failures=0"
dengfoc,"SYNC_TRUTH,sequence=93392,truth_tick_us=187185588,mechanical_angle_rad=4.881126881,valid=1,read_failures=0"
dengfoc,"SYNC_STATUS,frames=1,frame_fail=0,truth=93392,truth_fail=0,idle=0,capture_state=1,capture_failure=0,rejected=0,overflow=0,driver_disabled=1"
dengfoc,"SYNC_TRUTH,sequence=93393,truth_tick_us=187188588,mechanical_angle_rad=4.881126881,valid=1,read_failures=0"
dengfoc,"SYNC_TRUTH,sequence=93394,truth_tick_us=187190588,mechanical_angle_rad=4.879592896,valid=1,read_failures=0"
dengfoc,"SYNC_TRUTH,sequence=93395,truth_tick_us=187192584,mechanical_angle_rad=4.879592896,valid=1,read_failures=0"
dengfoc,"SYNC_TRUTH,sequence=93396,truth_tick_us=187194588,mechanical_angle_rad=4.879592896,valid=1,read_failures=0"
dengfoc,"SYNC_TRUTH,sequence=93397,truth_tick_us=187196584,mechanical_angle_rad=4.879592896,valid=1,read_failures=0"
dengfoc,"SYNC_TRUTH,sequence=93398,truth_tick_us=187198588,mechanical_angle_rad=4.881126881,valid=1,read_failures=0"
dengfoc,"SYNC_TRUTH,sequence=93399,truth_tick_us=187200584,mechanical_angle_rad=4.879592896,valid=1,read_failures=0"
dengfoc,"SYNC_TRUTH,sequence=93400,truth_tick_us=187202588,mechanical_angle_rad=4.879592896,valid=1,read_failures=0"
dengfoc,"SYNC_TRUTH,sequence=93401,truth_tick_us=187204584,mechanical_angle_rad=4.879592896,valid=1,read_failures=0"
dengfoc,"SYNC_TRUTH,sequence=93402,truth_tick_us=187206588,mechanical_angle_rad=4.879592896,valid=1,read_failures=0"
dengfoc,"SYNC_TRUTH,sequence=93403,truth_tick_us=187208584,mechanical_angle_rad=4.879592896,valid=1,read_failures=0"
dengfoc,"SYNC_TRUTH,sequence=93404,truth_tick_us=187210588,mechanical_angle_rad=4.879592896,valid=1,read_failures=0"
dengfoc,"SYNC_TRUTH,sequence=93405,truth_tick_us=187212584,mechanical_angle_rad=4.879592896,valid=1,read_failures=0"
dengfoc,"SYNC_TRUTH,sequence=93406,truth_tick_us=187214588,mechanical_angle_rad=4.879592896,valid=1,read_failures=0"
dengfoc,"SYNC_TRUTH,sequence=93407,truth_tick_us=187216584,mechanical_angle_rad=4.881126881,valid=1,read_failures=0"
dengfoc,"SYNC_TRUTH,sequence=93408,truth_tick_us=187218588,mechanical_angle_rad=4.879592896,valid=1,read_failures=0"
dengfoc,"SYNC_TRUTH,sequence=93409,truth_tick_us=187220584,mechanical_angle_rad=4.879592896,valid=1,read_failures=0"
dengfoc,"SYNC_TRUTH,sequence=93410,truth_tick_us=187222588,mechanical_angle_rad=4.879592896,valid=1,read_failures=0"
dengfoc,"SYNC_TRUTH,sequence=93411,truth_tick_us=187224584,mechanical_angle_rad=4.879592896,valid=1,read_failures=0"
dengfoc,"SYNC_TRUTH,sequence=93412,truth_tick_us=187226588,mechanical_angle_rad=4.879592896,valid=1,read_failures=0"
dengfoc,"SYNC_TRUTH,sequence=93413,truth_tick_us=187228584,mechanical_angle_rad=4.879592896,valid=1,read_failures=0"
dengfoc,"SYNC_TRUTH,sequence=93414,truth_tick_us=187230588,mechanical_angle_rad=4.879592896,valid=1,read_failures=0"
dengfoc,"SYNC_TRUTH,sequence=93415,truth_tick_us=187232584,mechanical_angle_rad=4.879592896,valid=1,read_failures=0"
dengfoc,"SYNC_TRUTH,sequence=93416,truth_tick_us=187234588,mechanical_angle_rad=4.879592896,valid=1,read_failures=0"
dengfoc,"SYNC_TRUTH,sequence=93417,truth_tick_us=187236584,mechanical_angle_rad=4.879592896,valid=1,read_failures=0"
dengfoc,"SYNC_TRUTH,sequence=93418,truth_tick_us=187238588,mechanical_angle_rad=4.881126881,valid=1,read_failures=0"
dengfoc,"SYNC_TRUTH,sequence=93419,truth_tick_us=187240584,mechanical_angle_rad=4.881126881,valid=1,read_failures=0"
dengfoc,"SYNC_TRUTH,sequence=93420,truth_tick_us=187242588,mechanical_angle_rad=4.879592896,valid=1,read_failures=0"
dengfoc,"SYNC_TRUTH,sequence=93421,truth_tick_us=187244584,mechanical_angle_rad=4.879592896,valid=1,read_failures=0"
dengfoc,"SYNC_TRUTH,sequence=93422,truth_tick_us=187246588,mechanical_angle_rad=4.879592896,valid=1,read_failures=0"
dengfoc,"SYNC_TRUTH,sequence=93423,truth_tick_us=187248584,mechanical_angle_rad=4.881126881,valid=1,read_failures=0"
dengfoc,"SYNC_TRUTH,sequence=93424,truth_tick_us=187250588,mechanical_angle_rad=4.879592896,valid=1,read_failures=0"
dengfoc,"SYNC_TRUTH,sequence=93425,truth_tick_us=187252584,mechanical_angle_rad=4.881126881,valid=1,read_failures=0"
dengfoc,"SYNC_TRUTH,sequence=93426,truth_tick_us=187254588,mechanical_angle_rad=4.879592896,valid=1,read_failures=0"
dengfoc,"SYNC_TRUTH,sequence=93427,truth_tick_us=187256584,mechanical_angle_rad=4.879592896,valid=1,read_failures=0"
dengfoc,"SYNC_TRUTH,sequence=93428,truth_tick_us=187258588,mechanical_angle_rad=4.879592896,valid=1,read_failures=0"
dengfoc,"SYNC_TRUTH,sequence=93429,truth_tick_us=187260584,mechanical_angle_rad=4.881126881,valid=1,read_failures=0"
dengfoc,"SYNC_TRUTH,sequence=93430,truth_tick_us=187262588,mechanical_angle_rad=4.881126881,valid=1,read_failures=0"
dengfoc,"SYNC_TRUTH,sequence=93431,truth_tick_us=187264584,mechanical_angle_rad=4.879592896,valid=1,read_failures=0"
dengfoc,"SYNC_TRUTH,sequence=93432,truth_tick_us=187266588,mechanical_angle_rad=4.881126881,valid=1,read_failures=0"
dengfoc,"SYNC_TRUTH,sequence=93433,truth_tick_us=187268584,mechanical_angle_rad=4.879592896,valid=1,read_failures=0"
dengfoc,"SYNC_TRUTH,sequence=93434,truth_tick_us=187270588,mechanical_angle_rad=4.879592896,valid=1,read_failures=0"
dengfoc,"SYNC_TRUTH,sequence=93435,truth_tick_us=187272584,mechanical_angle_rad=4.881126881,valid=1,read_failures=0"
dengfoc,"SYNC_TRUTH,sequence=93436,truth_tick_us=187274588,mechanical_angle_rad=4.881126881,valid=1,read_failures=0"
dengfoc,"SYNC_TRUTH,sequence=93437,truth_tick_us=187276584,mechanical_angle_rad=4.879592896,valid=1,read_failures=0"
dengfoc,"SYNC_TRUTH,sequence=93438,truth_tick_us=187278588,mechanical_angle_rad=4.881126881,valid=1,read_failures=0"
dengfoc,"SYNC_TRUTH,sequence=93439,truth_tick_us=187280584,mechanical_angle_rad=4.879592896,valid=1,read_failures=0"
dengfoc,"SYNC_TRUTH,sequence=93440,truth_tick_us=187282588,mechanical_angle_rad=4.879592896,valid=1,read_failures=0"
dengfoc,"SYNC_TRUTH,sequence=93441,truth_tick_us=187284584,mechanical_angle_rad=4.881126881,valid=1,read_failures=0"
dengfoc,"SYNC_TRUTH,sequence=93442,truth_tick_us=187286588,mechanical_angle_rad=4.879592896,valid=1,read_failures=0"
dengfoc,"SYNC_TRUTH,sequence=93443,truth_tick_us=187288584,mechanical_angle_rad=4.879592896,valid=1,read_failures=0"
dengfoc,"SYNC_TRUTH,sequence=93444,truth_tick_us=187290588,mechanical_angle_rad=4.879592896,valid=1,read_failures=0"
dengfoc,"SYNC_TRUTH,sequence=93445,truth_tick_us=187292584,mechanical_angle_rad=4.879592896,valid=1,read_failures=0"
dengfoc,"SYNC_TRUTH,sequence=93446,truth_tick_us=187294588,mechanical_angle_rad=4.881126881,valid=1,read_failures=0"
dengfoc,"SYNC_TRUTH,sequence=93447,truth_tick_us=187296584,mechanical_angle_rad=4.879592896,valid=1,read_failures=0"
dengfoc,"SYNC_TRUTH,sequence=93448,truth_tick_us=187298588,mechanical_angle_rad=4.881126881,valid=1,read_failures=0"
dengfoc,"SYNC_TRUTH,sequence=93449,truth_tick_us=187300584,mechanical_angle_rad=4.879592896,valid=1,read_failures=0"
dengfoc,"SYNC_TRUTH,sequence=93450,truth_tick_us=187302588,mechanical_angle_rad=4.879592896,valid=1,read_failures=0"
dengfoc,"SYNC_TRUTH,sequence=93451,truth_tick_us=187304584,mechanical_angle_rad=4.879592896,valid=1,read_failures=0"
dengfoc,"SYNC_TRUTH,sequence=93452,truth_tick_us=187306588,mechanical_angle_rad=4.879592896,valid=1,read_failures=0"
dengfoc,"SYNC_TRUTH,sequence=93453,truth_tick_us=187308584,mechanical_angle_rad=4.879592896,valid=1,read_failures=0"
dengfoc,"SYNC_TRUTH,sequence=93454,truth_tick_us=187310588,mechanical_angle_rad=4.879592896,valid=1,read_failures=0"
dengfoc,"SYNC_TRUTH,sequence=93455,truth_tick_us=187312584,mechanical_angle_rad=4.879592896,valid=1,read_failures=0"
dengfoc,"SYNC_TRUTH,sequence=93456,truth_tick_us=187314588,mechanical_angle_rad=4.879592896,valid=1,read_failures=0"
dengfoc,"SYNC_TRUTH,sequence=93457,truth_tick_us=187316584,mechanical_angle_rad=4.879592896,valid=1,read_failures=0"
dengfoc,"SYNC_TRUTH,sequence=93458,truth_tick_us=187318588,mechanical_angle_rad=4.881126881,valid=1,read_failures=0"
dengfoc,"SYNC_TRUTH,sequence=93459,truth_tick_us=187320584,mechanical_angle_rad=4.879592896,valid=1,read_failures=0"
dengfoc,"SYNC_TRUTH,sequence=93460,truth_tick_us=187322588,mechanical_angle_rad=4.879592896,valid=1,read_failures=0"
dengfoc,"SYNC_TRUTH,sequence=93461,truth_tick_us=187324584,mechanical_angle_rad=4.881126881,valid=1,read_failures=0"
dengfoc,"SYNC_TRUTH,sequence=93462,truth_tick_us=187326588,mechanical_angle_rad=4.879592896,valid=1,read_failures=0"
dengfoc,"SYNC_TRUTH,sequence=93463,truth_tick_us=187328584,mechanical_angle_rad=4.879592896,valid=1,read_failures=0"
dengfoc,"SYNC_TRUTH,sequence=93464,truth_tick_us=187330588,mechanical_angle_rad=4.881126881,valid=1,read_failures=0"
dengfoc,"SYNC_TRUTH,sequence=93465,truth_tick_us=187332584,mechanical_angle_rad=4.879592896,valid=1,read_failures=0"
dengfoc,"SYNC_TRUTH,sequence=93466,truth_tick_us=187334588,mechanical_angle_rad=4.879592896,valid=1,read_failures=0"
dengfoc,"SYNC_TRUTH,sequence=93467,truth_tick_us=187336584,mechanical_angle_rad=4.879592896,valid=1,read_failures=0"
dengfoc,"SYNC_TRUTH,sequence=93468,truth_tick_us=187338588,mechanical_angle_rad=4.881126881,valid=1,read_failures=0"
dengfoc,"SYNC_TRUTH,sequence=93469,truth_tick_us=187340584,mechanical_angle_rad=4.879592896,valid=1,read_failures=0"
dengfoc,"SYNC_TRUTH,sequence=93470,truth_tick_us=187342588,mechanical_angle_rad=4.879592896,valid=1,read_failures=0"
dengfoc,"SYNC_TRUTH,sequence=93471,truth_tick_us=187344584,mechanical_angle_rad=4.879592896,valid=1,read_failures=0"
dengfoc,"SYNC_TRUTH,sequence=93472,truth_tick_us=187346588,mechanical_angle_rad=4.879592896,valid=1,read_failures=0"
dengfoc,"SYNC_TRUTH,sequence=93473,truth_tick_us=187348584,mechanical_angle_rad=4.879592896,valid=1,read_failures=0"
dengfoc,"SYNC_TRUTH,sequence=93474,truth_tick_us=187350588,mechanical_angle_rad=4.879592896,valid=1,read_failures=0"
dengfoc,"SYNC_TRUTH,sequence=93475,truth_tick_us=187352584,mechanical_angle_rad=4.881126881,valid=1,read_failures=0"
dengfoc,"SYNC_TRUTH,sequence=93476,truth_tick_us=187354588,mechanical_angle_rad=4.879592896,valid=1,read_failures=0"
dengfoc,"SYNC_TRUTH,sequence=93477,truth_tick_us=187356584,mechanical_angle_rad=4.879592896,valid=1,read_failures=0"
dengfoc,"SYNC_TRUTH,sequence=93478,truth_tick_us=187358588,mechanical_angle_rad=4.879592896,valid=1,read_failures=0"
dengfoc,"SYNC_TRUTH,sequence=93479,truth_tick_us=187360584,mechanical_angle_rad=4.879592896,valid=1,read_failures=0"
dengfoc,"SYNC_TRUTH,sequence=93480,truth_tick_us=187362588,mechanical_angle_rad=4.881126881,valid=1,read_failures=0"
dengfoc,"SYNC_TRUTH,sequence=93481,truth_tick_us=187364584,mechanical_angle_rad=4.881126881,valid=1,read_failures=0"
dengfoc,"SYNC_TRUTH,sequence=93482,truth_tick_us=187366588,mechanical_angle_rad=4.879592896,valid=1,read_failures=0"
dengfoc,"SYNC_TRUTH,sequence=93483,truth_tick_us=187368584,mechanical_angle_rad=4.881126881,valid=1,read_failures=0"
dengfoc,"SYNC_TRUTH,sequence=93484,truth_tick_us=187370588,mechanical_angle_rad=4.879592896,valid=1,read_failures=0"
dengfoc,"SYNC_TRUTH,sequence=93485,truth_tick_us=187372584,mechanical_angle_rad=4.879592896,valid=1,read_failures=0"
dengfoc,"SYNC_TRUTH,sequence=93486,truth_tick_us=187374588,mechanical_angle_rad=4.879592896,valid=1,read_failures=0"
dengfoc,"SYNC_TRUTH,sequence=93487,truth_tick_us=187376584,mechanical_angle_rad=4.879592896,valid=1,read_failures=0"
dengfoc,"SYNC_TRUTH,sequence=93488,truth_tick_us=187378588,mechanical_angle_rad=4.879592896,valid=1,read_failures=0"
dengfoc,"SYNC_TRUTH,sequence=93489,truth_tick_us=187380584,mechanical_angle_rad=4.879592896,valid=1,read_failures=0"
dengfoc,"SYNC_TRUTH,sequence=93490,truth_tick_us=187382588,mechanical_angle_rad=4.879592896,valid=1,read_failures=0"
dengfoc,"SYNC_TRUTH,sequence=93491,truth_tick_us=187384584,mechanical_angle_rad=4.881126881,valid=1,read_failures=0"
dengfoc,"SYNC_TRUTH,sequence=93492,truth_tick_us=187386588,mechanical_angle_rad=4.879592896,valid=1,read_failures=0"
dengfoc,"SYNC_TRUTH,sequence=93493,truth_tick_us=187388584,mechanical_angle_rad=4.881126881,valid=1,read_failures=0"
dengfoc,"SYNC_TRUTH,sequence=93494,truth_tick_us=187390588,mechanical_angle_rad=4.879592896,valid=1,read_failures=0"
dengfoc,"SYNC_TRUTH,sequence=93495,truth_tick_us=187392584,mechanical_angle_rad=4.881126881,valid=1,read_failures=0"
dengfoc,"SYNC_TRUTH,sequence=93496,truth_tick_us=187394588,mechanical_angle_rad=4.879592896,valid=1,read_failures=0"
dengfoc,"SYNC_TRUTH,sequence=93497,truth_tick_us=187396584,mechanical_angle_rad=4.881126881,valid=1,read_failures=0"
dengfoc,"SYNC_TRUTH,sequence=93498,truth_tick_us=187398588,mechanical_angle_rad=4.879592896,valid=1,read_failures=0"
dengfoc,"SYNC_TRUTH,sequence=93499,truth_tick_us=187400584,mechanical_angle_rad=4.879592896,valid=1,read_failures=0"
dengfoc,"SYNC_TRUTH,sequence=93500,truth_tick_us=187402588,mechanical_angle_rad=4.881126881,valid=1,read_failures=0"
dengfoc,"SYNC_TRUTH,sequence=93501,truth_tick_us=187404584,mechanical_angle_rad=4.879592896,valid=1,read_failures=0"
dengfoc,"SYNC_TRUTH,sequence=93502,truth_tick_us=187406588,mechanical_angle_rad=4.881126881,valid=1,read_failures=0"
dengfoc,"SYNC_TRUTH,sequence=93503,truth_tick_us=187408584,mechanical_angle_rad=4.881126881,valid=1,read_failures=0"
dengfoc,"SYNC_TRUTH,sequence=93504,truth_tick_us=187410588,mechanical_angle_rad=4.879592896,valid=1,read_failures=0"
dengfoc,"SYNC_TRUTH,sequence=93505,truth_tick_us=187412584,mechanical_angle_rad=4.879592896,valid=1,read_failures=0"
dengfoc,"SYNC_TRUTH,sequence=93506,truth_tick_us=187414588,mechanical_angle_rad=4.879592896,valid=1,read_failures=0"
dengfoc,"SYNC_TRUTH,sequence=93507,truth_tick_us=187416584,mechanical_angle_rad=4.879592896,valid=1,read_failures=0"
dengfoc,"SYNC_TRUTH,sequence=93508,truth_tick_us=187418588,mechanical_angle_rad=4.879592896,valid=1,read_failures=0"
dengfoc,"SYNC_TRUTH,sequence=93509,truth_tick_us=187420584,mechanical_angle_rad=4.879592896,valid=1,read_failures=0"
dengfoc,"SYNC_TRUTH,sequence=93510,truth_tick_us=187422588,mechanical_angle_rad=4.879592896,valid=1,read_failures=0"
dengfoc,"SYNC_TRUTH,sequence=93511,truth_tick_us=187424584,mechanical_angle_rad=4.879592896,valid=1,read_failures=0"
dengfoc,"SYNC_TRUTH,sequence=93512,truth_tick_us=187426588,mechanical_angle_rad=4.879592896,valid=1,read_failures=0"
dengfoc,"SYNC_TRUTH,sequence=93513,truth_tick_us=187428584,mechanical_angle_rad=4.881126881,valid=1,read_failures=0"
dengfoc,"SYNC_TRUTH,sequence=93514,truth_tick_us=187430588,mechanical_angle_rad=4.881126881,valid=1,read_failures=0"
dengfoc,"SYNC_TRUTH,sequence=93515,truth_tick_us=187432584,mechanical_angle_rad=4.879592896,valid=1,read_failures=0"
dengfoc,"SYNC_TRUTH,sequence=93516,truth_tick_us=187434588,mechanical_angle_rad=4.881126881,valid=1,read_failures=0"
dengfoc,"SYNC_TRUTH,sequence=93517,truth_tick_us=187436584,mechanical_angle_rad=4.881126881,valid=1,read_failures=0"
dengfoc,"SYNC_TRUTH,sequence=93518,truth_tick_us=187438588,mechanical_angle_rad=4.879592896,valid=1,read_failures=0"
dengfoc,"SYNC_TRUTH,sequence=93519,truth_tick_us=187440584,mechanical_angle_rad=4.879592896,valid=1,read_failures=0"
dengfoc,"SYNC_TRUTH,sequence=93520,truth_tick_us=187442588,mechanical_angle_rad=4.879592896,valid=1,read_failures=0"
dengfoc,"SYNC_TRUTH,sequence=93521,truth_tick_us=187444584,mechanical_angle_rad=4.879592896,valid=1,read_failures=0"
dengfoc,"SYNC_TRUTH,sequence=93522,truth_tick_us=187446588,mechanical_angle_rad=4.881126881,valid=1,read_failures=0"
dengfoc,"SYNC_TRUTH,sequence=93523,truth_tick_us=187448584,mechanical_angle_rad=4.879592896,valid=1,read_failures=0"
dengfoc,"SYNC_TRUTH,sequence=93524,truth_tick_us=187450588,mechanical_angle_rad=4.881126881,valid=1,read_failures=0"
dengfoc,"SYNC_TRUTH,sequence=93525,truth_tick_us=187452584,mechanical_angle_rad=4.879592896,valid=1,read_failures=0"
dengfoc,"SYNC_TRUTH,sequence=93526,truth_tick_us=187454588,mechanical_angle_rad=4.881126881,valid=1,read_failures=0"
dengfoc,"SYNC_TRUTH,sequence=93527,truth_tick_us=187456584,mechanical_angle_rad=4.879592896,valid=1,read_failures=0"
dengfoc,"SYNC_TRUTH,sequence=93528,truth_tick_us=187458588,mechanical_angle_rad=4.879592896,valid=1,read_failures=0"
dengfoc,"SYNC_TRUTH,sequence=93529,truth_tick_us=187460584,mechanical_angle_rad=4.879592896,valid=1,read_failures=0"
dengfoc,"SYNC_TRUTH,sequence=93530,truth_tick_us=187462588,mechanical_angle_rad=4.879592896,valid=1,read_failures=0"
dengfoc,"SYNC_TRUTH,sequence=93531,truth_tick_us=187464584,mechanical_angle_rad=4.879592896,valid=1,read_failures=0"
dengfoc,"SYNC_TRUTH,sequence=93532,truth_tick_us=187466588,mechanical_angle_rad=4.879592896,valid=1,read_failures=0"
dengfoc,"SYNC_TRUTH,sequence=93533,truth_tick_us=187468584,mechanical_angle_rad=4.881126881,valid=1,read_failures=0"
dengfoc,"SYNC_TRUTH,sequence=93534,truth_tick_us=187470588,mechanical_angle_rad=4.879592896,valid=1,read_failures=0"
dengfoc,"SYNC_TRUTH,sequence=93535,truth_tick_us=187472584,mechanical_angle_rad=4.879592896,valid=1,read_failures=0"
dengfoc,"SYNC_TRUTH,sequence=93536,truth_tick_us=187474588,mechanical_angle_rad=4.881126881,valid=1,read_failures=0"
dengfoc,"SYNC_TRUTH,sequence=93537,truth_tick_us=187476584,mechanical_angle_rad=4.881126881,valid=1,read_failures=0"
dengfoc,"SYNC_TRUTH,sequence=93538,truth_tick_us=187478588,mechanical_angle_rad=4.879592896,valid=1,read_failures=0"
dengfoc,"SYNC_TRUTH,sequence=93539,truth_tick_us=187480584,mechanical_angle_rad=4.881126881,valid=1,read_failures=0"
dengfoc,"SYNC_TRUTH,sequence=93540,truth_tick_us=187482588,mechanical_angle_rad=4.879592896,valid=1,read_failures=0"
dengfoc,"SYNC_TRUTH,sequence=93541,truth_tick_us=187484584,mechanical_angle_rad=4.879592896,valid=1,read_failures=0"
dengfoc,"SYNC_TRUTH,sequence=93542,truth_tick_us=187486588,mechanical_angle_rad=4.879592896,valid=1,read_failures=0"
dengfoc,"SYNC_TRUTH,sequence=93543,truth_tick_us=187488584,mechanical_angle_rad=4.879592896,valid=1,read_failures=0"
dengfoc,"SYNC_TRUTH,sequence=93544,truth_tick_us=187490588,mechanical_angle_rad=4.881126881,valid=1,read_failures=0"
dengfoc,"SYNC_TRUTH,sequence=93545,truth_tick_us=187492584,mechanical_angle_rad=4.879592896,valid=1,read_failures=0"
dengfoc,"SYNC_TRUTH,sequence=93546,truth_tick_us=187494588,mechanical_angle_rad=4.881126881,valid=1,read_failures=0"
dengfoc,"SYNC_TRUTH,sequence=93547,truth_tick_us=187496584,mechanical_angle_rad=4.879592896,valid=1,read_failures=0"
dengfoc,"SYNC_TRUTH,sequence=93548,truth_tick_us=187498588,mechanical_angle_rad=4.879592896,valid=1,read_failures=0"
dengfoc,"SYNC_TRUTH,sequence=93549,truth_tick_us=187500584,mechanical_angle_rad=4.879592896,valid=1,read_failures=0"
dengfoc,"SYNC_TRUTH,sequence=93550,truth_tick_us=187502588,mechanical_angle_rad=4.879592896,valid=1,read_failures=0"
dengfoc,"SYNC_TRUTH,sequence=93551,truth_tick_us=187504584,mechanical_angle_rad=4.879592896,valid=1,read_failures=0"
dengfoc,"SYNC_TRUTH,sequence=93552,truth_tick_us=187506588,mechanical_angle_rad=4.879592896,valid=1,read_failures=0"
dengfoc,"SYNC_TRUTH,sequence=93553,truth_tick_us=187508584,mechanical_angle_rad=4.881126881,valid=1,read_failures=0"
dengfoc,"SYNC_TRUTH,sequence=93554,truth_tick_us=187510588,mechanical_angle_rad=4.879592896,valid=1,read_failures=0"
dengfoc,"SYNC_TRUTH,sequence=93555,truth_tick_us=187512584,mechanical_angle_rad=4.879592896,valid=1,read_failures=0"
dengfoc,"SYNC_TRUTH,sequence=93556,truth_tick_us=187514588,mechanical_angle_rad=4.881126881,valid=1,read_failures=0"
dengfoc,"SYNC_TRUTH,sequence=93557,truth_tick_us=187516584,mechanical_angle_rad=4.881126881,valid=1,read_failures=0"
dengfoc,"SYNC_TRUTH,sequence=93558,truth_tick_us=187518588,mechanical_angle_rad=4.879592896,valid=1,read_failures=0"
dengfoc,"SYNC_TRUTH,sequence=93559,truth_tick_us=187520584,mechanical_angle_rad=4.879592896,valid=1,read_failures=0"
dengfoc,"SYNC_TRUTH,sequence=93560,truth_tick_us=187522588,mechanical_angle_rad=4.879592896,valid=1,read_failures=0"
dengfoc,"SYNC_TRUTH,sequence=93561,truth_tick_us=187524584,mechanical_angle_rad=4.879592896,valid=1,read_failures=0"
dengfoc,"SYNC_TRUTH,sequence=93562,truth_tick_us=187526588,mechanical_angle_rad=4.879592896,valid=1,read_failures=0"
dengfoc,"SYNC_TRUTH,sequence=93563,truth_tick_us=187528584,mechanical_angle_rad=4.879592896,valid=1,read_failures=0"
dengfoc,"SYNC_TRUTH,sequence=93564,truth_tick_us=187530588,mechanical_angle_rad=4.879592896,valid=1,read_failures=0"
dengfoc,"SYNC_TRUTH,sequence=93565,truth_tick_us=187532584,mechanical_angle_rad=4.881126881,valid=1,read_failures=0"
dengfoc,"SYNC_TRUTH,sequence=93566,truth_tick_us=187534588,mechanical_angle_rad=4.879592896,valid=1,read_failures=0"
dengfoc,"SYNC_TRUTH,sequence=93567,truth_tick_us=187536584,mechanical_angle_rad=4.879592896,valid=1,read_failures=0"
dengfoc,"SYNC_TRUTH,sequence=93568,truth_tick_us=187538588,mechanical_angle_rad=4.879592896,valid=1,read_failures=0"
dengfoc,"SYNC_TRUTH,sequence=93569,truth_tick_us=187540584,mechanical_angle_rad=4.879592896,valid=1,read_failures=0"
dengfoc,"SYNC_TRUTH,sequence=93570,truth_tick_us=187542588,mechanical_angle_rad=4.881126881,valid=1,read_failures=0"
dengfoc,"SYNC_TRUTH,sequence=93571,truth_tick_us=187544584,mechanical_angle_rad=4.879592896,valid=1,read_failures=0"
dengfoc,"SYNC_TRUTH,sequence=93572,truth_tick_us=187546588,mechanical_angle_rad=4.879592896,valid=1,read_failures=0"
dengfoc,"SYNC_TRUTH,sequence=93573,truth_tick_us=187548584,mechanical_angle_rad=4.881126881,valid=1,read_failures=0"
dengfoc,"SYNC_TRUTH,sequence=93574,truth_tick_us=187550588,mechanical_angle_rad=4.879592896,valid=1,read_failures=0"
dengfoc,"SYNC_TRUTH,sequence=93575,truth_tick_us=187552584,mechanical_angle_rad=4.879592896,valid=1,read_failures=0"
dengfoc,"SYNC_TRUTH,sequence=93576,truth_tick_us=187554588,mechanical_angle_rad=4.879592896,valid=1,read_failures=0"
dengfoc,"SYNC_TRUTH,sequence=93577,truth_tick_us=187556584,mechanical_angle_rad=4.879592896,valid=1,read_failures=0"
dengfoc,"SYNC_TRUTH,sequence=93578,truth_tick_us=187558588,mechanical_angle_rad=4.881126881,valid=1,read_failures=0"
dengfoc,"SYNC_TRUTH,sequence=93579,truth_tick_us=187560584,mechanical_angle_rad=4.879592896,valid=1,read_failures=0"
dengfoc,"SYNC_TRUTH,sequence=93580,truth_tick_us=187562588,mechanical_angle_rad=4.879592896,valid=1,read_failures=0"
dengfoc,"SYNC_TRUTH,sequence=93581,truth_tick_us=187564584,mechanical_angle_rad=4.879592896,valid=1,read_failures=0"
dengfoc,"SYNC_TRUTH,sequence=93582,truth_tick_us=187566588,mechanical_angle_rad=4.879592896,valid=1,read_failures=0"
dengfoc,"SYNC_TRUTH,sequence=93583,truth_tick_us=187568584,mechanical_angle_rad=4.879592896,valid=1,read_failures=0"
dengfoc,"SYNC_TRUTH,sequence=93584,truth_tick_us=187570588,mechanical_angle_rad=4.879592896,valid=1,read_failures=0"
dengfoc,"SYNC_TRUTH,sequence=93585,truth_tick_us=187572584,mechanical_angle_rad=4.879592896,valid=1,read_failures=0"
dengfoc,"SYNC_TRUTH,sequence=93586,truth_tick_us=187574588,mechanical_angle_rad=4.879592896,valid=1,read_failures=0"
dengfoc,"SYNC_TRUTH,sequence=93587,truth_tick_us=187576584,mechanical_angle_rad=4.881126881,valid=1,read_failures=0"
dengfoc,"SYNC_TRUTH,sequence=93588,truth_tick_us=187578588,mechanical_angle_rad=4.879592896,valid=1,read_failures=0"
dengfoc,"SYNC_TRUTH,sequence=93589,truth_tick_us=187580584,mechanical_angle_rad=4.879592896,valid=1,read_failures=0"
dengfoc,"SYNC_TRUTH,sequence=93590,truth_tick_us=187582588,mechanical_angle_rad=4.881126881,valid=1,read_failures=0"
dengfoc,"SYNC_TRUTH,sequence=93591,truth_tick_us=187584584,mechanical_angle_rad=4.881126881,valid=1,read_failures=0"
dengfoc,"SYNC_TRUTH,sequence=93592,truth_tick_us=187586588,mechanical_angle_rad=4.879592896,valid=1,read_failures=0"
dengfoc,"SYNC_TRUTH,sequence=93593,truth_tick_us=187588584,mechanical_angle_rad=4.879592896,valid=1,read_failures=0"
dengfoc,"SYNC_TRUTH,sequence=93594,truth_tick_us=187590588,mechanical_angle_rad=4.879592896,valid=1,read_failures=0"
dengfoc,"SYNC_TRUTH,sequence=93595,truth_tick_us=187592584,mechanical_angle_rad=4.879592896,valid=1,read_failures=0"
dengfoc,"SYNC_TRUTH,sequence=93596,truth_tick_us=187594588,mechanical_angle_rad=4.881126881,valid=1,read_failures=0"
dengfoc,"SYNC_TRUTH,sequence=93597,truth_tick_us=187596584,mechanical_angle_rad=4.881126881,valid=1,read_failures=0"
dengfoc,"SYNC_TRUTH,sequence=93598,truth_tick_us=187598588,mechanical_angle_rad=4.879592896,valid=1,read_failures=0"
dengfoc,"SYNC_TRUTH,sequence=93599,truth_tick_us=187600584,mechanical_angle_rad=4.881126881,valid=1,read_failures=0"
dengfoc,"SYNC_TRUTH,sequence=93600,truth_tick_us=187602588,mechanical_angle_rad=4.881126881,valid=1,read_failures=0"
dengfoc,"SYNC_TRUTH,sequence=93601,truth_tick_us=187604584,mechanical_angle_rad=4.879592896,valid=1,read_failures=0"
dengfoc,"SYNC_TRUTH,sequence=93602,truth_tick_us=187606588,mechanical_angle_rad=4.879592896,valid=1,read_failures=0"
dengfoc,"SYNC_TRUTH,sequence=93603,truth_tick_us=187608584,mechanical_angle_rad=4.879592896,valid=1,read_failures=0"
dengfoc,"SYNC_TRUTH,sequence=93604,truth_tick_us=187610588,mechanical_angle_rad=4.881126881,valid=1,read_failures=0"
dengfoc,"SYNC_TRUTH,sequence=93605,truth_tick_us=187612584,mechanical_angle_rad=4.879592896,valid=1,read_failures=0"
dengfoc,"SYNC_TRUTH,sequence=93606,truth_tick_us=187614588,mechanical_angle_rad=4.879592896,valid=1,read_failures=0"
dengfoc,"SYNC_TRUTH,sequence=93607,truth_tick_us=187616584,mechanical_angle_rad=4.879592896,valid=1,read_failures=0"
dengfoc,"SYNC_TRUTH,sequence=93608,truth_tick_us=187618588,mechanical_angle_rad=4.881126881,valid=1,read_failures=0"
dengfoc,"SYNC_TRUTH,sequence=93609,truth_tick_us=187620584,mechanical_angle_rad=4.879592896,valid=1,read_failures=0"
dengfoc,"SYNC_TRUTH,sequence=93610,truth_tick_us=187622588,mechanical_angle_rad=4.879592896,valid=1,read_failures=0"
dengfoc,"SYNC_TRUTH,sequence=93611,truth_tick_us=187624584,mechanical_angle_rad=4.879592896,valid=1,read_failures=0"
dengfoc,"SYNC_TRUTH,sequence=93612,truth_tick_us=187626588,mechanical_angle_rad=4.879592896,valid=1,read_failures=0"
dengfoc,"SYNC_TRUTH,sequence=93613,truth_tick_us=187628584,mechanical_angle_rad=4.881126881,valid=1,read_failures=0"
dengfoc,"SYNC_TRUTH,sequence=93614,truth_tick_us=187630588,mechanical_angle_rad=4.879592896,valid=1,read_failures=0"
dengfoc,"SYNC_TRUTH,sequence=93615,truth_tick_us=187632584,mechanical_angle_rad=4.879592896,valid=1,read_failures=0"
dengfoc,"SYNC_TRUTH,sequence=93616,truth_tick_us=187634588,mechanical_angle_rad=4.879592896,valid=1,read_failures=0"
dengfoc,"SYNC_TRUTH,sequence=93617,truth_tick_us=187636584,mechanical_angle_rad=4.879592896,valid=1,read_failures=0"
dengfoc,"SYNC_TRUTH,sequence=93618,truth_tick_us=187638588,mechanical_angle_rad=4.879592896,valid=1,read_failures=0"
dengfoc,"SYNC_TRUTH,sequence=93619,truth_tick_us=187640584,mechanical_angle_rad=4.881126881,valid=1,read_failures=0"
dengfoc,"SYNC_TRUTH,sequence=93620,truth_tick_us=187642588,mechanical_angle_rad=4.879592896,valid=1,read_failures=0"
dengfoc,"SYNC_TRUTH,sequence=93621,truth_tick_us=187644584,mechanical_angle_rad=4.881126881,valid=1,read_failures=0"
dengfoc,"SYNC_TRUTH,sequence=93622,truth_tick_us=187646588,mechanical_angle_rad=4.879592896,valid=1,read_failures=0"
dengfoc,"SYNC_TRUTH,sequence=93623,truth_tick_us=187648584,mechanical_angle_rad=4.879592896,valid=1,read_failures=0"
dengfoc,"SYNC_TRUTH,sequence=93624,truth_tick_us=187650588,mechanical_angle_rad=4.879592896,valid=1,read_failures=0"
dengfoc,"SYNC_TRUTH,sequence=93625,truth_tick_us=187652584,mechanical_angle_rad=4.879592896,valid=1,read_failures=0"
dengfoc,"SYNC_TRUTH,sequence=93626,truth_tick_us=187654588,mechanical_angle_rad=4.879592896,valid=1,read_failures=0"
dengfoc,"SYNC_TRUTH,sequence=93627,truth_tick_us=187656584,mechanical_angle_rad=4.879592896,valid=1,read_failures=0"
dengfoc,"SYNC_TRUTH,sequence=93628,truth_tick_us=187658588,mechanical_angle_rad=4.879592896,valid=1,read_failures=0"
dengfoc,"SYNC_TRUTH,sequence=93629,truth_tick_us=187660584,mechanical_angle_rad=4.879592896,valid=1,read_failures=0"
dengfoc,"SYNC_TRUTH,sequence=93630,truth_tick_us=187662588,mechanical_angle_rad=4.879592896,valid=1,read_failures=0"
dengfoc,"SYNC_TRUTH,sequence=93631,truth_tick_us=187664584,mechanical_angle_rad=4.879592896,valid=1,read_failures=0"
dengfoc,"SYNC_TRUTH,sequence=93632,truth_tick_us=187666588,mechanical_angle_rad=4.879592896,valid=1,read_failures=0"
dengfoc,"SYNC_TRUTH,sequence=93633,truth_tick_us=187668584,mechanical_angle_rad=4.879592896,valid=1,read_failures=0"
dengfoc,"SYNC_TRUTH,sequence=93634,truth_tick_us=187670588,mechanical_angle_rad=4.879592896,valid=1,read_failures=0"
dengfoc,"SYNC_TRUTH,sequence=93635,truth_tick_us=187672584,mechanical_angle_rad=4.879592896,valid=1,read_failures=0"
dengfoc,"SYNC_TRUTH,sequence=93636,truth_tick_us=187674588,mechanical_angle_rad=4.879592896,valid=1,read_failures=0"
dengfoc,"SYNC_TRUTH,sequence=93637,truth_tick_us=187676584,mechanical_angle_rad=4.879592896,valid=1,read_failures=0"
dengfoc,"SYNC_TRUTH,sequence=93638,truth_tick_us=187678588,mechanical_angle_rad=4.879592896,valid=1,read_failures=0"
dengfoc,"SYNC_TRUTH,sequence=93639,truth_tick_us=187680584,mechanical_angle_rad=4.879592896,valid=1,read_failures=0"
dengfoc,"SYNC_TRUTH,sequence=93640,truth_tick_us=187682588,mechanical_angle_rad=4.879592896,valid=1,read_failures=0"
dengfoc,"SYNC_TRUTH,sequence=93641,truth_tick_us=187684584,mechanical_angle_rad=4.881126881,valid=1,read_failures=0"
dengfoc,"SYNC_TRUTH,sequence=93642,truth_tick_us=187686588,mechanical_angle_rad=4.881126881,valid=1,read_failures=0"
dengfoc,"SYNC_TRUTH,sequence=93643,truth_tick_us=187688584,mechanical_angle_rad=4.879592896,valid=1,read_failures=0"
dengfoc,"SYNC_TRUTH,sequence=93644,truth_tick_us=187690588,mechanical_angle_rad=4.881126881,valid=1,read_failures=0"
dengfoc,"SYNC_TRUTH,sequence=93645,truth_tick_us=187692584,mechanical_angle_rad=4.881126881,valid=1,read_failures=0"
dengfoc,"SYNC_TRUTH,sequence=93646,truth_tick_us=187694588,mechanical_angle_rad=4.879592896,valid=1,read_failures=0"
dengfoc,"SYNC_TRUTH,sequence=93647,truth_tick_us=187696584,mechanical_angle_rad=4.879592896,valid=1,read_failures=0"
dengfoc,"SYNC_TRUTH,sequence=93648,truth_tick_us=187698588,mechanical_angle_rad=4.879592896,valid=1,read_failures=0"
dengfoc,"SYNC_TRUTH,sequence=93649,truth_tick_us=187700584,mechanical_angle_rad=4.879592896,valid=1,read_failures=0"
dengfoc,"SYNC_TRUTH,sequence=93650,truth_tick_us=187702588,mechanical_angle_rad=4.879592896,valid=1,read_failures=0"
dengfoc,"SYNC_TRUTH,sequence=93651,truth_tick_us=187704584,mechanical_angle_rad=4.879592896,valid=1,read_failures=0"
dengfoc,"SYNC_TRUTH,sequence=93652,truth_tick_us=187706588,mechanical_angle_rad=4.879592896,valid=1,read_failures=0"
dengfoc,"SYNC_TRUTH,sequence=93653,truth_tick_us=187708584,mechanical_angle_rad=4.881126881,valid=1,read_failures=0"
dengfoc,"SYNC_TRUTH,sequence=93654,truth_tick_us=187710588,mechanical_angle_rad=4.879592896,valid=1,read_failures=0"
dengfoc,"SYNC_TRUTH,sequence=93655,truth_tick_us=187712584,mechanical_angle_rad=4.879592896,valid=1,read_failures=0"
dengfoc,"SYNC_TRUTH,sequence=93656,truth_tick_us=187714588,mechanical_angle_rad=4.881126881,valid=1,read_failures=0"
dengfoc,"SYNC_TRUTH,sequence=93657,truth_tick_us=187716584,mechanical_angle_rad=4.879592896,valid=1,read_failures=0"
dengfoc,"SYNC_TRUTH,sequence=93658,truth_tick_us=187718588,mechanical_angle_rad=4.879592896,valid=1,read_failures=0"
dengfoc,"SYNC_TRUTH,sequence=93659,truth_tick_us=187720584,mechanical_angle_rad=4.879592896,valid=1,read_failures=0"
dengfoc,"SYNC_TRUTH,sequence=93660,truth_tick_us=187722588,mechanical_angle_rad=4.881126881,valid=1,read_failures=0"
dengfoc,"SYNC_TRUTH,sequence=93661,truth_tick_us=187724584,mechanical_angle_rad=4.881126881,valid=1,read_failures=0"
dengfoc,"SYNC_TRUTH,sequence=93662,truth_tick_us=187726588,mechanical_angle_rad=4.881126881,valid=1,read_failures=0"
dengfoc,"SYNC_TRUTH,sequence=93663,truth_tick_us=187728584,mechanical_angle_rad=4.879592896,valid=1,read_failures=0"
dengfoc,"SYNC_TRUTH,sequence=93664,truth_tick_us=187730588,mechanical_angle_rad=4.879592896,valid=1,read_failures=0"
dengfoc,"SYNC_TRUTH,sequence=93665,truth_tick_us=187732584,mechanical_angle_rad=4.881126881,valid=1,read_failures=0"
dengfoc,"SYNC_TRUTH,sequence=93666,truth_tick_us=187734588,mechanical_angle_rad=4.879592896,valid=1,read_failures=0"
dengfoc,"SYNC_TRUTH,sequence=93667,truth_tick_us=187736584,mechanical_angle_rad=4.879592896,valid=1,read_failures=0"
dengfoc,"SYNC_TRUTH,sequence=93668,truth_tick_us=187738588,mechanical_angle_rad=4.879592896,valid=1,read_failures=0"
dengfoc,"SYNC_TRUTH,sequence=93669,truth_tick_us=187740584,mechanical_angle_rad=4.879592896,valid=1,read_failures=0"
dengfoc,"SYNC_TRUTH,sequence=93670,truth_tick_us=187742588,mechanical_angle_rad=4.881126881,valid=1,read_failures=0"
dengfoc,"SYNC_TRUTH,sequence=93671,truth_tick_us=187744584,mechanical_angle_rad=4.879592896,valid=1,read_failures=0"
dengfoc,"SYNC_TRUTH,sequence=93672,truth_tick_us=187746588,mechanical_angle_rad=4.879592896,valid=1,read_failures=0"
dengfoc,"SYNC_TRUTH,sequence=93673,truth_tick_us=187748584,mechanical_angle_rad=4.879592896,valid=1,read_failures=0"
dengfoc,"SYNC_TRUTH,sequence=93674,truth_tick_us=187750588,mechanical_angle_rad=4.881126881,valid=1,read_failures=0"
dengfoc,"SYNC_TRUTH,sequence=93675,truth_tick_us=187752584,mechanical_angle_rad=4.879592896,valid=1,read_failures=0"
dengfoc,"SYNC_TRUTH,sequence=93676,truth_tick_us=187754588,mechanical_angle_rad=4.879592896,valid=1,read_failures=0"
dengfoc,"SYNC_TRUTH,sequence=93677,truth_tick_us=187756584,mechanical_angle_rad=4.879592896,valid=1,read_failures=0"
dengfoc,"SYNC_TRUTH,sequence=93678,truth_tick_us=187758588,mechanical_angle_rad=4.879592896,valid=1,read_failures=0"
dengfoc,"SYNC_TRUTH,sequence=93679,truth_tick_us=187760584,mechanical_angle_rad=4.881126881,valid=1,read_failures=0"
dengfoc,"SYNC_TRUTH,sequence=93680,truth_tick_us=187762588,mechanical_angle_rad=4.879592896,valid=1,read_failures=0"
dengfoc,"SYNC_TRUTH,sequence=93681,truth_tick_us=187764584,mechanical_angle_rad=4.881126881,valid=1,read_failures=0"
dengfoc,"SYNC_TRUTH,sequence=93682,truth_tick_us=187766588,mechanical_angle_rad=4.879592896,valid=1,read_failures=0"
dengfoc,"SYNC_TRUTH,sequence=93683,truth_tick_us=187768584,mechanical_angle_rad=4.881126881,valid=1,read_failures=0"
dengfoc,"SYNC_TRUTH,sequence=93684,truth_tick_us=187770588,mechanical_angle_rad=4.881126881,valid=1,read_failures=0"
dengfoc,"SYNC_TRUTH,sequence=93685,truth_tick_us=187772584,mechanical_angle_rad=4.879592896,valid=1,read_failures=0"
dengfoc,"SYNC_TRUTH,sequence=93686,truth_tick_us=187774588,mechanical_angle_rad=4.881126881,valid=1,read_failures=0"
dengfoc,"SYNC_TRUTH,sequence=93687,truth_tick_us=187776584,mechanical_angle_rad=4.879592896,valid=1,read_failures=0"
dengfoc,"SYNC_TRUTH,sequence=93688,truth_tick_us=187778588,mechanical_angle_rad=4.879592896,valid=1,read_failures=0"
dengfoc,"SYNC_TRUTH,sequence=93689,truth_tick_us=187780584,mechanical_angle_rad=4.881126881,valid=1,read_failures=0"
dengfoc,"SYNC_TRUTH,sequence=93690,truth_tick_us=187782588,mechanical_angle_rad=4.881126881,valid=1,read_failures=0"
dengfoc,"SYNC_TRUTH,sequence=93691,truth_tick_us=187784584,mechanical_angle_rad=4.879592896,valid=1,read_failures=0"
dengfoc,"SYNC_TRUTH,sequence=93692,truth_tick_us=187786588,mechanical_angle_rad=4.879592896,valid=1,read_failures=0"
dengfoc,"SYNC_TRUTH,sequence=93693,truth_tick_us=187788584,mechanical_angle_rad=4.879592896,valid=1,read_failures=0"
dengfoc,"SYNC_TRUTH,sequence=93694,truth_tick_us=187790588,mechanical_angle_rad=4.879592896,valid=1,read_failures=0"
dengfoc,"SYNC_TRUTH,sequence=93695,truth_tick_us=187792584,mechanical_angle_rad=4.879592896,valid=1,read_failures=0"
dengfoc,"SYNC_TRUTH,sequence=93696,truth_tick_us=187794588,mechanical_angle_rad=4.881126881,valid=1,read_failures=0"
dengfoc,"SYNC_TRUTH,sequence=93697,truth_tick_us=187796584,mechanical_angle_rad=4.879592896,valid=1,read_failures=0"
dengfoc,"SYNC_TRUTH,sequence=93698,truth_tick_us=187798588,mechanical_angle_rad=4.881126881,valid=1,read_failures=0"
dengfoc,"SYNC_TRUTH,sequence=93699,truth_tick_us=187800584,mechanical_angle_rad=4.879592896,valid=1,read_failures=0"
dengfoc,"SYNC_TRUTH,sequence=93700,truth_tick_us=187802588,mechanical_angle_rad=4.879592896,valid=1,read_failures=0"
dengfoc,"SYNC_TRUTH,sequence=93701,truth_tick_us=187804584,mechanical_angle_rad=4.879592896,valid=1,read_failures=0"
dengfoc,"SYNC_TRUTH,sequence=93702,truth_tick_us=187806588,mechanical_angle_rad=4.881126881,valid=1,read_failures=0"
dengfoc,"SYNC_TRUTH,sequence=93703,truth_tick_us=187808584,mechanical_angle_rad=4.879592896,valid=1,read_failures=0"
dengfoc,"SYNC_TRUTH,sequence=93704,truth_tick_us=187810588,mechanical_angle_rad=4.879592896,valid=1,read_failures=0"
dengfoc,"SYNC_TRUTH,sequence=93705,truth_tick_us=187812584,mechanical_angle_rad=4.881126881,valid=1,read_failures=0"
dengfoc,"SYNC_TRUTH,sequence=93706,truth_tick_us=187814588,mechanical_angle_rad=4.879592896,valid=1,read_failures=0"
dengfoc,"SYNC_TRUTH,sequence=93707,truth_tick_us=187816584,mechanical_angle_rad=4.879592896,valid=1,read_failures=0"
dengfoc,"SYNC_TRUTH,sequence=93708,truth_tick_us=187818588,mechanical_angle_rad=4.879592896,valid=1,read_failures=0"
dengfoc,"SYNC_TRUTH,sequence=93709,truth_tick_us=187820584,mechanical_angle_rad=4.879592896,valid=1,read_failures=0"
dengfoc,"SYNC_TRUTH,sequence=93710,truth_tick_us=187822588,mechanical_angle_rad=4.879592896,valid=1,read_failures=0"
dengfoc,"SYNC_TRUTH,sequence=93711,truth_tick_us=187824584,mechanical_angle_rad=4.881126881,valid=1,read_failures=0"
dengfoc,"SYNC_TRUTH,sequence=93712,truth_tick_us=187826588,mechanical_angle_rad=4.879592896,valid=1,read_failures=0"
dengfoc,"SYNC_TRUTH,sequence=93713,truth_tick_us=187828584,mechanical_angle_rad=4.881126881,valid=1,read_failures=0"
dengfoc,"SYNC_TRUTH,sequence=93714,truth_tick_us=187830588,mechanical_angle_rad=4.879592896,valid=1,read_failures=0"
dengfoc,"SYNC_TRUTH,sequence=93715,truth_tick_us=187832584,mechanical_angle_rad=4.881126881,valid=1,read_failures=0"
dengfoc,"SYNC_TRUTH,sequence=93716,truth_tick_us=187834588,mechanical_angle_rad=4.881126881,valid=1,read_failures=0"
dengfoc,"SYNC_TRUTH,sequence=93717,truth_tick_us=187836584,mechanical_angle_rad=4.881126881,valid=1,read_failures=0"
dengfoc,"SYNC_TRUTH,sequence=93718,truth_tick_us=187838588,mechanical_angle_rad=4.879592896,valid=1,read_failures=0"
dengfoc,"SYNC_TRUTH,sequence=93719,truth_tick_us=187840584,mechanical_angle_rad=4.879592896,valid=1,read_failures=0"
dengfoc,"SYNC_TRUTH,sequence=93720,truth_tick_us=187842588,mechanical_angle_rad=4.881126881,valid=1,read_failures=0"
dengfoc,"SYNC_TRUTH,sequence=93721,truth_tick_us=187844584,mechanical_angle_rad=4.879592896,valid=1,read_failures=0"
dengfoc,"SYNC_TRUTH,sequence=93722,truth_tick_us=187846588,mechanical_angle_rad=4.879592896,valid=1,read_failures=0"
dengfoc,"SYNC_TRUTH,sequence=93723,truth_tick_us=187848584,mechanical_angle_rad=4.879592896,valid=1,read_failures=0"
dengfoc,"SYNC_TRUTH,sequence=93724,truth_tick_us=187850588,mechanical_angle_rad=4.881126881,valid=1,read_failures=0"
dengfoc,"SYNC_TRUTH,sequence=93725,truth_tick_us=187852584,mechanical_angle_rad=4.879592896,valid=1,read_failures=0"
dengfoc,"SYNC_TRUTH,sequence=93726,truth_tick_us=187854588,mechanical_angle_rad=4.879592896,valid=1,read_failures=0"
dengfoc,"SYNC_TRUTH,sequence=93727,truth_tick_us=187856584,mechanical_angle_rad=4.881126881,valid=1,read_failures=0"
dengfoc,"SYNC_TRUTH,sequence=93728,truth_tick_us=187858588,mechanical_angle_rad=4.879592896,valid=1,read_failures=0"
dengfoc,"SYNC_TRUTH,sequence=93729,truth_tick_us=187860584,mechanical_angle_rad=4.879592896,valid=1,read_failures=0"
dengfoc,"SYNC_TRUTH,sequence=93730,truth_tick_us=187862588,mechanical_angle_rad=4.879592896,valid=1,read_failures=0"
dengfoc,"SYNC_TRUTH,sequence=93731,truth_tick_us=187864584,mechanical_angle_rad=4.879592896,valid=1,read_failures=0"
dengfoc,"SYNC_TRUTH,sequence=93732,truth_tick_us=187866588,mechanical_angle_rad=4.881126881,valid=1,read_failures=0"
dengfoc,"SYNC_TRUTH,sequence=93733,truth_tick_us=187868584,mechanical_angle_rad=4.879592896,valid=1,read_failures=0"
dengfoc,"SYNC_TRUTH,sequence=93734,truth_tick_us=187870588,mechanical_angle_rad=4.879592896,valid=1,read_failures=0"
g431,foc_stop
g431,FSTOP
dengfoc,"SYNC_TRUTH,sequence=93735,truth_tick_us=187872584,mechanical_angle_rad=4.881126881,valid=1,read_failures=0"
g431,msh >
dengfoc,"SYNC_TRUTH,sequence=93736,truth_tick_us=187874588,mechanical_angle_rad=4.879592896,valid=1,read_failures=0"
dengfoc,"SYNC_TRUTH,sequence=93737,truth_tick_us=187876584,mechanical_angle_rad=4.879592896,valid=1,read_failures=0"
dengfoc,"SYNC_TRUTH,sequence=93738,truth_tick_us=187878588,mechanical_angle_rad=4.879592896,valid=1,read_failures=0"
dengfoc,"SYNC_TRUTH,sequence=93739,truth_tick_us=187880584,mechanical_angle_rad=4.879592896,valid=1,read_failures=0"
dengfoc,"SYNC_TRUTH,sequence=93740,truth_tick_us=187882588,mechanical_angle_rad=4.879592896,valid=1,read_failures=0"
dengfoc,"SYNC_TRUTH,sequence=93741,truth_tick_us=187884584,mechanical_angle_rad=4.881126881,valid=1,read_failures=0"
dengfoc,"SYNC_TRUTH,sequence=93742,truth_tick_us=187886588,mechanical_angle_rad=4.879592896,valid=1,read_failures=0"
dengfoc,"SYNC_TRUTH,sequence=93743,truth_tick_us=187888584,mechanical_angle_rad=4.879592896,valid=1,read_failures=0"
dengfoc,"SYNC_TRUTH,sequence=93744,truth_tick_us=187890588,mechanical_angle_rad=4.879592896,valid=1,read_failures=0"
dengfoc,"SYNC_TRUTH,sequence=93745,truth_tick_us=187892584,mechanical_angle_rad=4.881126881,valid=1,read_failures=0"
dengfoc,"SYNC_TRUTH,sequence=93746,truth_tick_us=187894588,mechanical_angle_rad=4.879592896,valid=1,read_failures=0"
dengfoc,"SYNC_TRUTH,sequence=93747,truth_tick_us=187896584,mechanical_angle_rad=4.879592896,valid=1,read_failures=0"
dengfoc,"SYNC_TRUTH,sequence=93748,truth_tick_us=187898588,mechanical_angle_rad=4.879592896,valid=1,read_failures=0"
dengfoc,"SYNC_TRUTH,sequence=93749,truth_tick_us=187900584,mechanical_angle_rad=4.879592896,valid=1,read_failures=0"
dengfoc,"SYNC_TRUTH,sequence=93750,truth_tick_us=187902588,mechanical_angle_rad=4.879592896,valid=1,read_failures=0"
dengfoc,"SYNC_TRUTH,sequence=93751,truth_tick_us=187904584,mechanical_angle_rad=4.879592896,valid=1,read_failures=0"
dengfoc,"SYNC_TRUTH,sequence=93752,truth_tick_us=187906588,mechanical_angle_rad=4.881126881,valid=1,read_failures=0"
dengfoc,"SYNC_TRUTH,sequence=93753,truth_tick_us=187908584,mechanical_angle_rad=4.879592896,valid=1,read_failures=0"
g431,msh >
dengfoc,"SYNC_TRUTH,sequence=93754,truth_tick_us=187910588,mechanical_angle_rad=4.881126881,valid=1,read_failures=0"
dengfoc,"SYNC_TRUTH,sequence=93755,truth_tick_us=187912584,mechanical_angle_rad=4.879592896,valid=1,read_failures=0"
dengfoc,"SYNC_TRUTH,sequence=93756,truth_tick_us=187914588,mechanical_angle_rad=4.879592896,valid=1,read_failures=0"
dengfoc,"SYNC_TRUTH,sequence=93757,truth_tick_us=187916584,mechanical_angle_rad=4.879592896,valid=1,read_failures=0"
dengfoc,"SYNC_TRUTH,sequence=93758,truth_tick_us=187918588,mechanical_angle_rad=4.881126881,valid=1,read_failures=0"
dengfoc,"SYNC_TRUTH,sequence=93759,truth_tick_us=187920584,mechanical_angle_rad=4.879592896,valid=1,read_failures=0"
dengfoc,"SYNC_TRUTH,sequence=93760,truth_tick_us=187922588,mechanical_angle_rad=4.879592896,valid=1,read_failures=0"
dengfoc,"SYNC_TRUTH,sequence=93761,truth_tick_us=187924584,mechanical_angle_rad=4.879592896,valid=1,read_failures=0"
dengfoc,"SYNC_TRUTH,sequence=93762,truth_tick_us=187926588,mechanical_angle_rad=4.879592896,valid=1,read_failures=0"
dengfoc,"SYNC_TRUTH,sequence=93763,truth_tick_us=187928584,mechanical_angle_rad=4.879592896,valid=1,read_failures=0"
dengfoc,"SYNC_TRUTH,sequence=93764,truth_tick_us=187930588,mechanical_angle_rad=4.879592896,valid=1,read_failures=0"
dengfoc,"SYNC_TRUTH,sequence=93765,truth_tick_us=187932584,mechanical_angle_rad=4.879592896,valid=1,read_failures=0"
dengfoc,"SYNC_TRUTH,sequence=93766,truth_tick_us=187934588,mechanical_angle_rad=4.879592896,valid=1,read_failures=0"
dengfoc,"SYNC_TRUTH,sequence=93767,truth_tick_us=187936584,mechanical_angle_rad=4.879592896,valid=1,read_failures=0"
dengfoc,"SYNC_TRUTH,sequence=93768,truth_tick_us=187938588,mechanical_angle_rad=4.879592896,valid=1,read_failures=0"
dengfoc,"SYNC_TRUTH,sequence=93769,truth_tick_us=187940584,mechanical_angle_rad=4.881126881,valid=1,read_failures=0"
dengfoc,"SYNC_TRUTH,sequence=93770,truth_tick_us=187942588,mechanical_angle_rad=4.881126881,valid=1,read_failures=0"
dengfoc,"SYNC_TRUTH,sequence=93771,truth_tick_us=187944584,mechanical_angle_rad=4.881126881,valid=1,read_failures=0"
dengfoc,"SYNC_TRUTH,sequence=93772,truth_tick_us=187946588,mechanical_angle_rad=4.879592896,valid=1,read_failures=0"
dengfoc,"SYNC_TRUTH,sequence=93773,truth_tick_us=187948584,mechanical_angle_rad=4.881126881,valid=1,read_failures=0"
dengfoc,"SYNC_TRUTH,sequence=93774,truth_tick_us=187950588,mechanical_angle_rad=4.879592896,valid=1,read_failures=0"
dengfoc,"SYNC_TRUTH,sequence=93775,truth_tick_us=187952584,mechanical_angle_rad=4.881126881,valid=1,read_failures=0"
dengfoc,"SYNC_TRUTH,sequence=93776,truth_tick_us=187954588,mechanical_angle_rad=4.879592896,valid=1,read_failures=0"
dengfoc,"SYNC_TRUTH,sequence=93777,truth_tick_us=187956584,mechanical_angle_rad=4.879592896,valid=1,read_failures=0"
dengfoc,"SYNC_TRUTH,sequence=93778,truth_tick_us=187958588,mechanical_angle_rad=4.879592896,valid=1,read_failures=0"
dengfoc,"SYNC_TRUTH,sequence=93779,truth_tick_us=187960584,mechanical_angle_rad=4.879592896,valid=1,read_failures=0"
dengfoc,"SYNC_TRUTH,sequence=93780,truth_tick_us=187962588,mechanical_angle_rad=4.879592896,valid=1,read_failures=0"
dengfoc,"SYNC_TRUTH,sequence=93781,truth_tick_us=187964584,mechanical_angle_rad=4.879592896,valid=1,read_failures=0"
dengfoc,"SYNC_TRUTH,sequence=93782,truth_tick_us=187966588,mechanical_angle_rad=4.879592896,valid=1,read_failures=0"
dengfoc,"SYNC_TRUTH,sequence=93783,truth_tick_us=187968584,mechanical_angle_rad=4.879592896,valid=1,read_failures=0"
dengfoc,"SYNC_TRUTH,sequence=93784,truth_tick_us=187970588,mechanical_angle_rad=4.879592896,valid=1,read_failures=0"
dengfoc,"SYNC_TRUTH,sequence=93785,truth_tick_us=187972584,mechanical_angle_rad=4.881126881,valid=1,read_failures=0"
dengfoc,"SYNC_TRUTH,sequence=93786,truth_tick_us=187974588,mechanical_angle_rad=4.881126881,valid=1,read_failures=0"
dengfoc,"SYNC_TRUTH,sequence=93787,truth_tick_us=187976584,mechanical_angle_rad=4.879592896,valid=1,read_failures=0"
dengfoc,"SYNC_TRUTH,sequence=93788,truth_tick_us=187978588,mechanical_angle_rad=4.879592896,valid=1,read_failures=0"
dengfoc,"SYNC_TRUTH,sequence=93789,truth_tick_us=187980584,mechanical_angle_rad=4.881126881,valid=1,read_failures=0"
dengfoc,"SYNC_TRUTH,sequence=93790,truth_tick_us=187982588,mechanical_angle_rad=4.879592896,valid=1,read_failures=0"
dengfoc,"SYNC_TRUTH,sequence=93791,truth_tick_us=187984584,mechanical_angle_rad=4.879592896,valid=1,read_failures=0"
dengfoc,"SYNC_TRUTH,sequence=93792,truth_tick_us=187986588,mechanical_angle_rad=4.879592896,valid=1,read_failures=0"
dengfoc,"SYNC_TRUTH,sequence=93793,truth_tick_us=187988584,mechanical_angle_rad=4.879592896,valid=1,read_failures=0"
dengfoc,"SYNC_TRUTH,sequence=93794,truth_tick_us=187990588,mechanical_angle_rad=4.879592896,valid=1,read_failures=0"
dengfoc,"SYNC_TRUTH,sequence=93795,truth_tick_us=187992584,mechanical_angle_rad=4.879592896,valid=1,read_failures=0"
dengfoc,"SYNC_TRUTH,sequence=93796,truth_tick_us=187994588,mechanical_angle_rad=4.879592896,valid=1,read_failures=0"
dengfoc,"SYNC_TRUTH,sequence=93797,truth_tick_us=187996584,mechanical_angle_rad=4.879592896,valid=1,read_failures=0"
dengfoc,"SYNC_TRUTH,sequence=93798,truth_tick_us=187998588,mechanical_angle_rad=4.879592896,valid=1,read_failures=0"
dengfoc,"SYNC_TRUTH,sequence=93799,truth_tick_us=188000584,mechanical_angle_rad=4.881126881,valid=1,read_failures=0"
dengfoc,"SYNC_TRUTH,sequence=93800,truth_tick_us=188002588,mechanical_angle_rad=4.879592896,valid=1,read_failures=0"
dengfoc,"SYNC_TRUTH,sequence=93801,truth_tick_us=188004584,mechanical_angle_rad=4.881126881,valid=1,read_failures=0"
dengfoc,"SYNC_TRUTH,sequence=93802,truth_tick_us=188006588,mechanical_angle_rad=4.879592896,valid=1,read_failures=0"
dengfoc,"SYNC_TRUTH,sequence=93803,truth_tick_us=188008584,mechanical_angle_rad=4.881126881,valid=1,read_failures=0"
dengfoc,"SYNC_TRUTH,sequence=93804,truth_tick_us=188010588,mechanical_angle_rad=4.881126881,valid=1,read_failures=0"
dengfoc,"SYNC_TRUTH,sequence=93805,truth_tick_us=188012584,mechanical_angle_rad=4.879592896,valid=1,read_failures=0"
dengfoc,"SYNC_TRUTH,sequence=93806,truth_tick_us=188014588,mechanical_angle_rad=4.879592896,valid=1,read_failures=0"
dengfoc,"SYNC_TRUTH,sequence=93807,truth_tick_us=188016584,mechanical_angle_rad=4.879592896,valid=1,read_failures=0"
dengfoc,"SYNC_TRUTH,sequence=93808,truth_tick_us=188018588,mechanical_angle_rad=4.881126881,valid=1,read_failures=0"
dengfoc,"SYNC_TRUTH,sequence=93809,truth_tick_us=188020584,mechanical_angle_rad=4.879592896,valid=1,read_failures=0"
dengfoc,"SYNC_TRUTH,sequence=93810,truth_tick_us=188022588,mechanical_angle_rad=4.879592896,valid=1,read_failures=0"
dengfoc,"SYNC_TRUTH,sequence=93811,truth_tick_us=188024584,mechanical_angle_rad=4.879592896,valid=1,read_failures=0"
dengfoc,"SYNC_TRUTH,sequence=93812,truth_tick_us=188026588,mechanical_angle_rad=4.879592896,valid=1,read_failures=0"
dengfoc,"SYNC_TRUTH,sequence=93813,truth_tick_us=188028584,mechanical_angle_rad=4.879592896,valid=1,read_failures=0"
dengfoc,"SYNC_TRUTH,sequence=93814,truth_tick_us=188030588,mechanical_angle_rad=4.881126881,valid=1,read_failures=0"
dengfoc,"SYNC_TRUTH,sequence=93815,truth_tick_us=188032584,mechanical_angle_rad=4.881126881,valid=1,read_failures=0"
dengfoc,"SYNC_TRUTH,sequence=93816,truth_tick_us=188034588,mechanical_angle_rad=4.879592896,valid=1,read_failures=0"
dengfoc,"SYNC_TRUTH,sequence=93817,truth_tick_us=188036584,mechanical_angle_rad=4.879592896,valid=1,read_failures=0"
dengfoc,"SYNC_TRUTH,sequence=93818,truth_tick_us=188038588,mechanical_angle_rad=4.879592896,valid=1,read_failures=0"
dengfoc,"SYNC_TRUTH,sequence=93819,truth_tick_us=188040584,mechanical_angle_rad=4.881126881,valid=1,read_failures=0"
dengfoc,"SYNC_TRUTH,sequence=93820,truth_tick_us=188042588,mechanical_angle_rad=4.879592896,valid=1,read_failures=0"
dengfoc,"SYNC_TRUTH,sequence=93821,truth_tick_us=188044584,mechanical_angle_rad=4.881126881,valid=1,read_failures=0"
dengfoc,"SYNC_TRUTH,sequence=93822,truth_tick_us=188046588,mechanical_angle_rad=4.881126881,valid=1,read_failures=0"
dengfoc,"SYNC_TRUTH,sequence=93823,truth_tick_us=188048584,mechanical_angle_rad=4.879592896,valid=1,read_failures=0"
dengfoc,"SYNC_TRUTH,sequence=93824,truth_tick_us=188050588,mechanical_angle_rad=4.881126881,valid=1,read_failures=0"
dengfoc,"SYNC_TRUTH,sequence=93825,truth_tick_us=188052584,mechanical_angle_rad=4.879592896,valid=1,read_failures=0"
dengfoc,"SYNC_TRUTH,sequence=93826,truth_tick_us=188054588,mechanical_angle_rad=4.881126881,valid=1,read_failures=0"
dengfoc,"SYNC_TRUTH,sequence=93827,truth_tick_us=188056584,mechanical_angle_rad=4.881126881,valid=1,read_failures=0"
dengfoc,"SYNC_TRUTH,sequence=93828,truth_tick_us=188058588,mechanical_angle_rad=4.879592896,valid=1,read_failures=0"
dengfoc,"SYNC_TRUTH,sequence=93829,truth_tick_us=188060584,mechanical_angle_rad=4.879592896,valid=1,read_failures=0"
dengfoc,"SYNC_TRUTH,sequence=93830,truth_tick_us=188062588,mechanical_angle_rad=4.881126881,valid=1,read_failures=0"
dengfoc,"SYNC_TRUTH,sequence=93831,truth_tick_us=188064584,mechanical_angle_rad=4.879592896,valid=1,read_failures=0"
dengfoc,"SYNC_TRUTH,sequence=93832,truth_tick_us=188066588,mechanical_angle_rad=4.879592896,valid=1,read_failures=0"
dengfoc,"SYNC_TRUTH,sequence=93833,truth_tick_us=188068584,mechanical_angle_rad=4.879592896,valid=1,read_failures=0"
dengfoc,"SYNC_TRUTH,sequence=93834,truth_tick_us=188070588,mechanical_angle_rad=4.879592896,valid=1,read_failures=0"
dengfoc,"SYNC_TRUTH,sequence=93835,truth_tick_us=188072584,mechanical_angle_rad=4.881126881,valid=1,read_failures=0"
dengfoc,"SYNC_TRUTH,sequence=93836,truth_tick_us=188074588,mechanical_angle_rad=4.879592896,valid=1,read_failures=0"
dengfoc,"SYNC_TRUTH,sequence=93837,truth_tick_us=188076584,mechanical_angle_rad=4.881126881,valid=1,read_failures=0"
dengfoc,"SYNC_TRUTH,sequence=93838,truth_tick_us=188078588,mechanical_angle_rad=4.881126881,valid=1,read_failures=0"
dengfoc,"SYNC_TRUTH,sequence=93839,truth_tick_us=188080584,mechanical_angle_rad=4.879592896,valid=1,read_failures=0"
dengfoc,"SYNC_TRUTH,sequence=93840,truth_tick_us=188082588,mechanical_angle_rad=4.881126881,valid=1,read_failures=0"
dengfoc,"SYNC_TRUTH,sequence=93841,truth_tick_us=188084584,mechanical_angle_rad=4.879592896,valid=1,read_failures=0"
dengfoc,"SYNC_TRUTH,sequence=93842,truth_tick_us=188086588,mechanical_angle_rad=4.879592896,valid=1,read_failures=0"
dengfoc,"SYNC_TRUTH,sequence=93843,truth_tick_us=188088584,mechanical_angle_rad=4.879592896,valid=1,read_failures=0"
dengfoc,"SYNC_TRUTH,sequence=93844,truth_tick_us=188090588,mechanical_angle_rad=4.879592896,valid=1,read_failures=0"
dengfoc,"SYNC_TRUTH,sequence=93845,truth_tick_us=188092584,mechanical_angle_rad=4.879592896,valid=1,read_failures=0"
dengfoc,"SYNC_TRUTH,sequence=93846,truth_tick_us=188094588,mechanical_angle_rad=4.879592896,valid=1,read_failures=0"
dengfoc,"SYNC_TRUTH,sequence=93847,truth_tick_us=188096584,mechanical_angle_rad=4.881126881,valid=1,read_failures=0"
dengfoc,"SYNC_TRUTH,sequence=93848,truth_tick_us=188098588,mechanical_angle_rad=4.879592896,valid=1,read_failures=0"
dengfoc,"SYNC_TRUTH,sequence=93849,truth_tick_us=188100584,mechanical_angle_rad=4.881126881,valid=1,read_failures=0"
dengfoc,"SYNC_TRUTH,sequence=93850,truth_tick_us=188102588,mechanical_angle_rad=4.879592896,valid=1,read_failures=0"
dengfoc,"SYNC_TRUTH,sequence=93851,truth_tick_us=188104584,mechanical_angle_rad=4.881126881,valid=1,read_failures=0"
dengfoc,"SYNC_TRUTH,sequence=93852,truth_tick_us=188106588,mechanical_angle_rad=4.879592896,valid=1,read_failures=0"
dengfoc,"SYNC_TRUTH,sequence=93853,truth_tick_us=188108584,mechanical_angle_rad=4.879592896,valid=1,read_failures=0"
dengfoc,"SYNC_TRUTH,sequence=93854,truth_tick_us=188110588,mechanical_angle_rad=4.879592896,valid=1,read_failures=0"
dengfoc,"SYNC_TRUTH,sequence=93855,truth_tick_us=188112584,mechanical_angle_rad=4.879592896,valid=1,read_failures=0"
dengfoc,"SYNC_TRUTH,sequence=93856,truth_tick_us=188114588,mechanical_angle_rad=4.879592896,valid=1,read_failures=0"
dengfoc,"SYNC_TRUTH,sequence=93857,truth_tick_us=188116584,mechanical_angle_rad=4.881126881,valid=1,read_failures=0"
dengfoc,"SYNC_TRUTH,sequence=93858,truth_tick_us=188118588,mechanical_angle_rad=4.879592896,valid=1,read_failures=0"
dengfoc,"SYNC_TRUTH,sequence=93859,truth_tick_us=188120584,mechanical_angle_rad=4.881126881,valid=1,read_failures=0"
dengfoc,"SYNC_TRUTH,sequence=93860,truth_tick_us=188122588,mechanical_angle_rad=4.879592896,valid=1,read_failures=0"
dengfoc,"SYNC_TRUTH,sequence=93861,truth_tick_us=188124584,mechanical_angle_rad=4.879592896,valid=1,read_failures=0"
dengfoc,"SYNC_TRUTH,sequence=93862,truth_tick_us=188126588,mechanical_angle_rad=4.879592896,valid=1,read_failures=0"
dengfoc,"SYNC_TRUTH,sequence=93863,truth_tick_us=188128584,mechanical_angle_rad=4.879592896,valid=1,read_failures=0"
dengfoc,"SYNC_TRUTH,sequence=93864,truth_tick_us=188130588,mechanical_angle_rad=4.879592896,valid=1,read_failures=0"
dengfoc,"SYNC_TRUTH,sequence=93865,truth_tick_us=188132584,mechanical_angle_rad=4.879592896,valid=1,read_failures=0"
dengfoc,"SYNC_TRUTH,sequence=93866,truth_tick_us=188134588,mechanical_angle_rad=4.879592896,valid=1,read_failures=0"
dengfoc,"SYNC_TRUTH,sequence=93867,truth_tick_us=188136584,mechanical_angle_rad=4.879592896,valid=1,read_failures=0"
dengfoc,"SYNC_TRUTH,sequence=93868,truth_tick_us=188138588,mechanical_angle_rad=4.879592896,valid=1,read_failures=0"
dengfoc,"SYNC_TRUTH,sequence=93869,truth_tick_us=188140584,mechanical_angle_rad=4.881126881,valid=1,read_failures=0"
dengfoc,"SYNC_TRUTH,sequence=93870,truth_tick_us=188142588,mechanical_angle_rad=4.881126881,valid=1,read_failures=0"
dengfoc,"SYNC_TRUTH,sequence=93871,truth_tick_us=188144584,mechanical_angle_rad=4.879592896,valid=1,read_failures=0"
dengfoc,"SYNC_TRUTH,sequence=93872,truth_tick_us=188146588,mechanical_angle_rad=4.879592896,valid=1,read_failures=0"
dengfoc,"SYNC_TRUTH,sequence=93873,truth_tick_us=188148584,mechanical_angle_rad=4.879592896,valid=1,read_failures=0"
dengfoc,"SYNC_TRUTH,sequence=93874,truth_tick_us=188150588,mechanical_angle_rad=4.879592896,valid=1,read_failures=0"
dengfoc,"SYNC_TRUTH,sequence=93875,truth_tick_us=188152584,mechanical_angle_rad=4.881126881,valid=1,read_failures=0"
dengfoc,"SYNC_TRUTH,sequence=93876,truth_tick_us=188154588,mechanical_angle_rad=4.879592896,valid=1,read_failures=0"
dengfoc,"SYNC_TRUTH,sequence=93877,truth_tick_us=188156584,mechanical_angle_rad=4.879592896,valid=1,read_failures=0"
dengfoc,"SYNC_TRUTH,sequence=93878,truth_tick_us=188158588,mechanical_angle_rad=4.881126881,valid=1,read_failures=0"
dengfoc,"SYNC_TRUTH,sequence=93879,truth_tick_us=188160584,mechanical_angle_rad=4.881126881,valid=1,read_failures=0"
g431,foc_status
dengfoc,"SYNC_TRUTH,sequence=93880,truth_tick_us=188162588,mechanical_angle_rad=4.879592896,valid=1,read_failures=0"
dengfoc,"SYNC_TRUTH,sequence=93881,truth_tick_us=188164584,mechanical_angle_rad=4.881126881,valid=1,read_failures=0"
g431,"FSTAT,disabled,rust-smo-pll,0,0,0,0"
dengfoc,"SYNC_TRUTH,sequence=93882,truth_tick_us=188166588,mechanical_angle_rad=4.881126881,valid=1,read_failures=0"
g431,"FSTAT,iref=0/0,i=0/0,v=0/0"
dengfoc,"SYNC_TRUTH,sequence=93883,truth_tick_us=188168584,mechanical_angle_rad=4.879592896,valid=1,read_failures=0"
g431,"FOBS,0/0,0,0/0,00,0,0/0,0"
dengfoc,"SYNC_TRUTH,sequence=93884,truth_tick_us=188170588,mechanical_angle_rad=4.881126881,valid=1,read_failures=0"
dengfoc,"SYNC_TRUTH,sequence=93885,truth_tick_us=188172584,mechanical_angle_rad=4.879592896,valid=1,read_failures=0"
dengfoc,"SYNC_TRUTH,sequence=93886,truth_tick_us=188174588,mechanical_angle_rad=4.879592896,valid=1,read_failures=0"
g431,FOC f=01e8231f s=0 e=0 ISR=0/12750 miss=0 pk=0(0mA)
dengfoc,"SYNC_TRUTH,sequence=93887,truth_tick_us=188176584,mechanical_angle_rad=4.879592896,valid=1,read_failures=0"
dengfoc,"SYNC_TRUTH,sequence=93888,truth_tick_us=188178588,mechanical_angle_rad=4.879592896,valid=1,read_failures=0"
dengfoc,"SYNC_TRUTH,sequence=93889,truth_tick_us=188180584,mechanical_angle_rad=4.879592896,valid=1,read_failures=0"
g431,"FTIMING,2,0,0,0,0,0,0,0,0,0,0,0,0,12750,0,0,0,31990559,0,0,0"
dengfoc,"SYNC_TRUTH,sequence=93890,truth_tick_us=188182588,mechanical_angle_rad=4.879592896,valid=1,read_failures=0"
g431,FOC st=0 rf=00000000 duty=0/0/0
dengfoc,"SYNC_TRUTH,sequence=93891,truth_tick_us=188184584,mechanical_angle_rad=4.881126881,valid=1,read_failures=0"
dengfoc,"SYNC_TRUTH,sequence=93892,truth_tick_us=188186588,mechanical_angle_rad=4.881126881,valid=1,read_failures=0"
g431,"FFAULT,00000000,00000000,0,0,ARM,0,0000"
dengfoc,"SYNC_STATUS,frames=1,frame_fail=0,truth=93892,truth_fail=0,idle=0,capture_state=1,capture_failure=0,rejected=0,overflow=0,driver_disabled=1"
dengfoc,"SYNC_TRUTH,sequence=93893,truth_tick_us=188189588,mechanical_angle_rad=4.879592896,valid=1,read_failures=0"
dengfoc,"SYNC_TRUTH,sequence=93894,truth_tick_us=188191588,mechanical_angle_rad=4.879592896,valid=1,read_failures=0"
g431,"FPROF,0,6,43116001,28041007,00,edf4f6ca,888e4e91"
dengfoc,"SYNC_TRUTH,sequence=93895,truth_tick_us=188193584,mechanical_angle_rad=4.879592896,valid=1,read_failures=0"
dengfoc,"SYNC_TRUTH,sequence=93896,truth_tick_us=188195588,mechanical_angle_rad=4.879592896,valid=1,read_failures=0"
g431,"FADC,1951/1931/1955,1951/1933/1953,3,39,2053"
g431,msh >
dengfoc,"SYNC_TRUTH,sequence=93897,truth_tick_us=188197584,mechanical_angle_rad=4.879592896,valid=1,read_failures=0"
dengfoc,"SYNC_TRUTH,sequence=93898,truth_tick_us=188199588,mechanical_angle_rad=4.881126881,valid=1,read_failures=0"
dengfoc,"SYNC_TRUTH,sequence=93899,truth_tick_us=188201584,mechanical_angle_rad=4.879592896,valid=1,read_failures=0"
dengfoc,"SYNC_TRUTH,sequence=93900,truth_tick_us=188203588,mechanical_angle_rad=4.881126881,valid=1,read_failures=0"
dengfoc,"SYNC_TRUTH,sequence=93901,truth_tick_us=188205584,mechanical_angle_rad=4.879592896,valid=1,read_failures=0"
dengfoc,"SYNC_TRUTH,sequence=93902,truth_tick_us=188207588,mechanical_angle_rad=4.881126881,valid=1,read_failures=0"
dengfoc,"SYNC_TRUTH,sequence=93903,truth_tick_us=188209584,mechanical_angle_rad=4.879592896,valid=1,read_failures=0"
dengfoc,"SYNC_TRUTH,sequence=93904,truth_tick_us=188211588,mechanical_angle_rad=4.881126881,valid=1,read_failures=0"
dengfoc,"SYNC_TRUTH,sequence=93905,truth_tick_us=188213584,mechanical_angle_rad=4.879592896,valid=1,read_failures=0"
dengfoc,"SYNC_TRUTH,sequence=93906,truth_tick_us=188215588,mechanical_angle_rad=4.881126881,valid=1,read_failures=0"
dengfoc,"SYNC_TRUTH,sequence=93907,truth_tick_us=188217584,mechanical_angle_rad=4.879592896,valid=1,read_failures=0"
g431,msh >
dengfoc,"SYNC_TRUTH,sequence=93908,truth_tick_us=188219588,mechanical_angle_rad=4.879592896,valid=1,read_failures=0"
dengfoc,"SYNC_TRUTH,sequence=93909,truth_tick_us=188221584,mechanical_angle_rad=4.879592896,valid=1,read_failures=0"
dengfoc,"SYNC_TRUTH,sequence=93910,truth_tick_us=188223588,mechanical_angle_rad=4.879592896,valid=1,read_failures=0"
dengfoc,"SYNC_TRUTH,sequence=93911,truth_tick_us=188225584,mechanical_angle_rad=4.879592896,valid=1,read_failures=0"
dengfoc,"SYNC_TRUTH,sequence=93912,truth_tick_us=188227588,mechanical_angle_rad=4.881126881,valid=1,read_failures=0"
dengfoc,"SYNC_TRUTH,sequence=93913,truth_tick_us=188229584,mechanical_angle_rad=4.879592896,valid=1,read_failures=0"
dengfoc,"SYNC_TRUTH,sequence=93914,truth_tick_us=188231588,mechanical_angle_rad=4.879592896,valid=1,read_failures=0"
dengfoc,"SYNC_TRUTH,sequence=93915,truth_tick_us=188233584,mechanical_angle_rad=4.879592896,valid=1,read_failures=0"
dengfoc,"SYNC_TRUTH,sequence=93916,truth_tick_us=188235588,mechanical_angle_rad=4.881126881,valid=1,read_failures=0"
dengfoc,"SYNC_TRUTH,sequence=93917,truth_tick_us=188237584,mechanical_angle_rad=4.879592896,valid=1,read_failures=0"
dengfoc,"SYNC_TRUTH,sequence=93918,truth_tick_us=188239588,mechanical_angle_rad=4.881126881,valid=1,read_failures=0"
dengfoc,"SYNC_TRUTH,sequence=93919,truth_tick_us=188241584,mechanical_angle_rad=4.881126881,valid=1,read_failures=0"
dengfoc,"SYNC_TRUTH,sequence=93920,truth_tick_us=188243588,mechanical_angle_rad=4.879592896,valid=1,read_failures=0"
dengfoc,"SYNC_TRUTH,sequence=93921,truth_tick_us=188245584,mechanical_angle_rad=4.879592896,valid=1,read_failures=0"
dengfoc,"SYNC_TRUTH,sequence=93922,truth_tick_us=188247588,mechanical_angle_rad=4.879592896,valid=1,read_failures=0"
dengfoc,"SYNC_TRUTH,sequence=93923,truth_tick_us=188249584,mechanical_angle_rad=4.879592896,valid=1,read_failures=0"
dengfoc,"SYNC_TRUTH,sequence=93924,truth_tick_us=188251588,mechanical_angle_rad=4.881126881,valid=1,read_failures=0"
dengfoc,"SYNC_TRUTH,sequence=93925,truth_tick_us=188253584,mechanical_angle_rad=4.879592896,valid=1,read_failures=0"
dengfoc,"SYNC_TRUTH,sequence=93926,truth_tick_us=188255588,mechanical_angle_rad=4.881126881,valid=1,read_failures=0"
dengfoc,"SYNC_TRUTH,sequence=93927,truth_tick_us=188257584,mechanical_angle_rad=4.881126881,valid=1,read_failures=0"
dengfoc,"SYNC_TRUTH,sequence=93928,truth_tick_us=188259588,mechanical_angle_rad=4.879592896,valid=1,read_failures=0"
dengfoc,"SYNC_TRUTH,sequence=93929,truth_tick_us=188261584,mechanical_angle_rad=4.881126881,valid=1,read_failures=0"
dengfoc,"SYNC_TRUTH,sequence=93930,truth_tick_us=188263588,mechanical_angle_rad=4.879592896,valid=1,read_failures=0"
dengfoc,"SYNC_TRUTH,sequence=93931,truth_tick_us=188265584,mechanical_angle_rad=4.881126881,valid=1,read_failures=0"
dengfoc,"SYNC_TRUTH,sequence=93932,truth_tick_us=188267588,mechanical_angle_rad=4.879592896,valid=1,read_failures=0"
dengfoc,"SYNC_TRUTH,sequence=93933,truth_tick_us=188269584,mechanical_angle_rad=4.879592896,valid=1,read_failures=0"
dengfoc,"SYNC_TRUTH,sequence=93934,truth_tick_us=188271588,mechanical_angle_rad=4.881126881,valid=1,read_failures=0"
dengfoc,"SYNC_TRUTH,sequence=93935,truth_tick_us=188273584,mechanical_angle_rad=4.879592896,valid=1,read_failures=0"
dengfoc,"SYNC_TRUTH,sequence=93936,truth_tick_us=188275588,mechanical_angle_rad=4.879592896,valid=1,read_failures=0"
dengfoc,"SYNC_TRUTH,sequence=93937,truth_tick_us=188277584,mechanical_angle_rad=4.879592896,valid=1,read_failures=0"
dengfoc,"SYNC_TRUTH,sequence=93938,truth_tick_us=188279588,mechanical_angle_rad=4.879592896,valid=1,read_failures=0"
dengfoc,"SYNC_TRUTH,sequence=93939,truth_tick_us=188281584,mechanical_angle_rad=4.881126881,valid=1,read_failures=0"
dengfoc,"SYNC_TRUTH,sequence=93940,truth_tick_us=188283588,mechanical_angle_rad=4.879592896,valid=1,read_failures=0"
dengfoc,"SYNC_TRUTH,sequence=93941,truth_tick_us=188285584,mechanical_angle_rad=4.879592896,valid=1,read_failures=0"
dengfoc,"SYNC_TRUTH,sequence=93942,truth_tick_us=188287588,mechanical_angle_rad=4.879592896,valid=1,read_failures=0"
dengfoc,"SYNC_TRUTH,sequence=93943,truth_tick_us=188289584,mechanical_angle_rad=4.879592896,valid=1,read_failures=0"
dengfoc,"SYNC_TRUTH,sequence=93944,truth_tick_us=188291588,mechanical_angle_rad=4.879592896,valid=1,read_failures=0"
dengfoc,"SYNC_TRUTH,sequence=93945,truth_tick_us=188293584,mechanical_angle_rad=4.879592896,valid=1,read_failures=0"
dengfoc,"SYNC_TRUTH,sequence=93946,truth_tick_us=188295588,mechanical_angle_rad=4.881126881,valid=1,read_failures=0"
dengfoc,"SYNC_TRUTH,sequence=93947,truth_tick_us=188297584,mechanical_angle_rad=4.879592896,valid=1,read_failures=0"
dengfoc,"SYNC_TRUTH,sequence=93948,truth_tick_us=188299588,mechanical_angle_rad=4.879592896,valid=1,read_failures=0"
dengfoc,"SYNC_TRUTH,sequence=93949,truth_tick_us=188301584,mechanical_angle_rad=4.879592896,valid=1,read_failures=0"
dengfoc,"SYNC_TRUTH,sequence=93950,truth_tick_us=188303588,mechanical_angle_rad=4.879592896,valid=1,read_failures=0"
dengfoc,"SYNC_TRUTH,sequence=93951,truth_tick_us=188305584,mechanical_angle_rad=4.879592896,valid=1,read_failures=0"
dengfoc,"SYNC_TRUTH,sequence=93952,truth_tick_us=188307588,mechanical_angle_rad=4.879592896,valid=1,read_failures=0"
dengfoc,"SYNC_TRUTH,sequence=93953,truth_tick_us=188309584,mechanical_angle_rad=4.881126881,valid=1,read_failures=0"
dengfoc,"SYNC_TRUTH,sequence=93954,truth_tick_us=188311588,mechanical_angle_rad=4.881126881,valid=1,read_failures=0"
dengfoc,"SYNC_TRUTH,sequence=93955,truth_tick_us=188313584,mechanical_angle_rad=4.881126881,valid=1,read_failures=0"
dengfoc,"SYNC_TRUTH,sequence=93956,truth_tick_us=188315588,mechanical_angle_rad=4.879592896,valid=1,read_failures=0"
dengfoc,"SYNC_TRUTH,sequence=93957,truth_tick_us=188317584,mechanical_angle_rad=4.879592896,valid=1,read_failures=0"
dengfoc,"SYNC_TRUTH,sequence=93958,truth_tick_us=188319588,mechanical_angle_rad=4.879592896,valid=1,read_failures=0"
dengfoc,"SYNC_TRUTH,sequence=93959,truth_tick_us=188321584,mechanical_angle_rad=4.879592896,valid=1,read_failures=0"
dengfoc,"SYNC_TRUTH,sequence=93960,truth_tick_us=188323588,mechanical_angle_rad=4.879592896,valid=1,read_failures=0"
dengfoc,"SYNC_TRUTH,sequence=93961,truth_tick_us=188325584,mechanical_angle_rad=4.879592896,valid=1,read_failures=0"
dengfoc,"SYNC_TRUTH,sequence=93962,truth_tick_us=188327588,mechanical_angle_rad=4.879592896,valid=1,read_failures=0"
dengfoc,"SYNC_TRUTH,sequence=93963,truth_tick_us=188329584,mechanical_angle_rad=4.879592896,valid=1,read_failures=0"
dengfoc,"SYNC_TRUTH,sequence=93964,truth_tick_us=188331588,mechanical_angle_rad=4.879592896,valid=1,read_failures=0"
dengfoc,"SYNC_TRUTH,sequence=93965,truth_tick_us=188333584,mechanical_angle_rad=4.879592896,valid=1,read_failures=0"
dengfoc,"SYNC_TRUTH,sequence=93966,truth_tick_us=188335588,mechanical_angle_rad=4.879592896,valid=1,read_failures=0"
dengfoc,"SYNC_TRUTH,sequence=93967,truth_tick_us=188337584,mechanical_angle_rad=4.879592896,valid=1,read_failures=0"
dengfoc,"SYNC_TRUTH,sequence=93968,truth_tick_us=188339588,mechanical_angle_rad=4.879592896,valid=1,read_failures=0"
dengfoc,"SYNC_TRUTH,sequence=93969,truth_tick_us=188341584,mechanical_angle_rad=4.879592896,valid=1,read_failures=0"
dengfoc,"SYNC_TRUTH,sequence=93970,truth_tick_us=188343588,mechanical_angle_rad=4.879592896,valid=1,read_failures=0"
dengfoc,"SYNC_TRUTH,sequence=93971,truth_tick_us=188345584,mechanical_angle_rad=4.879592896,valid=1,read_failures=0"
dengfoc,"SYNC_TRUTH,sequence=93972,truth_tick_us=188347588,mechanical_angle_rad=4.881126881,valid=1,read_failures=0"
dengfoc,"SYNC_TRUTH,sequence=93973,truth_tick_us=188349584,mechanical_angle_rad=4.879592896,valid=1,read_failures=0"
dengfoc,"SYNC_TRUTH,sequence=93974,truth_tick_us=188351588,mechanical_angle_rad=4.879592896,valid=1,read_failures=0"
dengfoc,"SYNC_TRUTH,sequence=93975,truth_tick_us=188353584,mechanical_angle_rad=4.879592896,valid=1,read_failures=0"
dengfoc,"SYNC_TRUTH,sequence=93976,truth_tick_us=188355588,mechanical_angle_rad=4.879592896,valid=1,read_failures=0"
dengfoc,"SYNC_TRUTH,sequence=93977,truth_tick_us=188357584,mechanical_angle_rad=4.879592896,valid=1,read_failures=0"
dengfoc,"SYNC_TRUTH,sequence=93978,truth_tick_us=188359588,mechanical_angle_rad=4.879592896,valid=1,read_failures=0"
dengfoc,"SYNC_TRUTH,sequence=93979,truth_tick_us=188361584,mechanical_angle_rad=4.879592896,valid=1,read_failures=0"
dengfoc,"SYNC_TRUTH,sequence=93980,truth_tick_us=188363588,mechanical_angle_rad=4.879592896,valid=1,read_failures=0"
dengfoc,"SYNC_TRUTH,sequence=93981,truth_tick_us=188365584,mechanical_angle_rad=4.879592896,valid=1,read_failures=0"
dengfoc,"SYNC_TRUTH,sequence=93982,truth_tick_us=188367588,mechanical_angle_rad=4.879592896,valid=1,read_failures=0"
dengfoc,"SYNC_TRUTH,sequence=93983,truth_tick_us=188369584,mechanical_angle_rad=4.879592896,valid=1,read_failures=0"
dengfoc,"SYNC_TRUTH,sequence=93984,truth_tick_us=188371588,mechanical_angle_rad=4.879592896,valid=1,read_failures=0"
dengfoc,"SYNC_TRUTH,sequence=93985,truth_tick_us=188373584,mechanical_angle_rad=4.881126881,valid=1,read_failures=0"
dengfoc,"SYNC_TRUTH,sequence=93986,truth_tick_us=188375588,mechanical_angle_rad=4.881126881,valid=1,read_failures=0"
dengfoc,"SYNC_TRUTH,sequence=93987,truth_tick_us=188377584,mechanical_angle_rad=4.879592896,valid=1,read_failures=0"
dengfoc,"SYNC_TRUTH,sequence=93988,truth_tick_us=188379588,mechanical_angle_rad=4.881126881,valid=1,read_failures=0"
dengfoc,"SYNC_TRUTH,sequence=93989,truth_tick_us=188381584,mechanical_angle_rad=4.879592896,valid=1,read_failures=0"
dengfoc,"SYNC_TRUTH,sequence=93990,truth_tick_us=188383588,mechanical_angle_rad=4.881126881,valid=1,read_failures=0"
dengfoc,"SYNC_TRUTH,sequence=93991,truth_tick_us=188385584,mechanical_angle_rad=4.879592896,valid=1,read_failures=0"
dengfoc,"SYNC_TRUTH,sequence=93992,truth_tick_us=188387588,mechanical_angle_rad=4.879592896,valid=1,read_failures=0"
dengfoc,"SYNC_TRUTH,sequence=93993,truth_tick_us=188389584,mechanical_angle_rad=4.881126881,valid=1,read_failures=0"
dengfoc,"SYNC_TRUTH,sequence=93994,truth_tick_us=188391588,mechanical_angle_rad=4.881126881,valid=1,read_failures=0"
dengfoc,"SYNC_TRUTH,sequence=93995,truth_tick_us=188393584,mechanical_angle_rad=4.879592896,valid=1,read_failures=0"
dengfoc,"SYNC_TRUTH,sequence=93996,truth_tick_us=188395588,mechanical_angle_rad=4.879592896,valid=1,read_failures=0"
dengfoc,"SYNC_TRUTH,sequence=93997,truth_tick_us=188397584,mechanical_angle_rad=4.879592896,valid=1,read_failures=0"
dengfoc,"SYNC_TRUTH,sequence=93998,truth_tick_us=188399588,mechanical_angle_rad=4.881126881,valid=1,read_failures=0"
dengfoc,"SYNC_TRUTH,sequence=93999,truth_tick_us=188401584,mechanical_angle_rad=4.881126881,valid=1,read_failures=0"
dengfoc,"SYNC_TRUTH,sequence=94000,truth_tick_us=188403588,mechanical_angle_rad=4.879592896,valid=1,read_failures=0"
dengfoc,"SYNC_TRUTH,sequence=94001,truth_tick_us=188405584,mechanical_angle_rad=4.879592896,valid=1,read_failures=0"
dengfoc,"SYNC_TRUTH,sequence=94002,truth_tick_us=188407588,mechanical_angle_rad=4.879592896,valid=1,read_failures=0"
dengfoc,"SYNC_TRUTH,sequence=94003,truth_tick_us=188409584,mechanical_angle_rad=4.879592896,valid=1,read_failures=0"
dengfoc,"SYNC_TRUTH,sequence=94004,truth_tick_us=188411588,mechanical_angle_rad=4.881126881,valid=1,read_failures=0"
dengfoc,"SYNC_TRUTH,sequence=94005,truth_tick_us=188413584,mechanical_angle_rad=4.879592896,valid=1,read_failures=0"
dengfoc,"SYNC_TRUTH,sequence=94006,truth_tick_us=188415588,mechanical_angle_rad=4.881126881,valid=1,read_failures=0"
dengfoc,"SYNC_TRUTH,sequence=94007,truth_tick_us=188417584,mechanical_angle_rad=4.879592896,valid=1,read_failures=0"
dengfoc,"SYNC_TRUTH,sequence=94008,truth_tick_us=188419588,mechanical_angle_rad=4.879592896,valid=1,read_failures=0"
dengfoc,"SYNC_TRUTH,sequence=94009,truth_tick_us=188421584,mechanical_angle_rad=4.881126881,valid=1,read_failures=0"
dengfoc,"SYNC_TRUTH,sequence=94010,truth_tick_us=188423588,mechanical_angle_rad=4.881126881,valid=1,read_failures=0"
dengfoc,"SYNC_TRUTH,sequence=94011,truth_tick_us=188425584,mechanical_angle_rad=4.881126881,valid=1,read_failures=0"
dengfoc,"SYNC_TRUTH,sequence=94012,truth_tick_us=188427588,mechanical_angle_rad=4.879592896,valid=1,read_failures=0"
dengfoc,"SYNC_TRUTH,sequence=94013,truth_tick_us=188429584,mechanical_angle_rad=4.879592896,valid=1,read_failures=0"
dengfoc,"SYNC_TRUTH,sequence=94014,truth_tick_us=188431588,mechanical_angle_rad=4.879592896,valid=1,read_failures=0"
dengfoc,"SYNC_TRUTH,sequence=94015,truth_tick_us=188433584,mechanical_angle_rad=4.879592896,valid=1,read_failures=0"
dengfoc,"SYNC_TRUTH,sequence=94016,truth_tick_us=188435588,mechanical_angle_rad=4.881126881,valid=1,read_failures=0"
dengfoc,"SYNC_TRUTH,sequence=94017,truth_tick_us=188437584,mechanical_angle_rad=4.879592896,valid=1,read_failures=0"
dengfoc,"SYNC_TRUTH,sequence=94018,truth_tick_us=188439588,mechanical_angle_rad=4.879592896,valid=1,read_failures=0"
dengfoc,"SYNC_TRUTH,sequence=94019,truth_tick_us=188441584,mechanical_angle_rad=4.879592896,valid=1,read_failures=0"
dengfoc,"SYNC_TRUTH,sequence=94020,truth_tick_us=188443588,mechanical_angle_rad=4.879592896,valid=1,read_failures=0"
dengfoc,"SYNC_TRUTH,sequence=94021,truth_tick_us=188445584,mechanical_angle_rad=4.879592896,valid=1,read_failures=0"
dengfoc,"SYNC_TRUTH,sequence=94022,truth_tick_us=188447588,mechanical_angle_rad=4.879592896,valid=1,read_failures=0"
dengfoc,"SYNC_TRUTH,sequence=94023,truth_tick_us=188449584,mechanical_angle_rad=4.879592896,valid=1,read_failures=0"
dengfoc,"SYNC_TRUTH,sequence=94024,truth_tick_us=188451588,mechanical_angle_rad=4.881126881,valid=1,read_failures=0"
dengfoc,"SYNC_TRUTH,sequence=94025,truth_tick_us=188453584,mechanical_angle_rad=4.879592896,valid=1,read_failures=0"
dengfoc,"SYNC_TRUTH,sequence=94026,truth_tick_us=188455588,mechanical_angle_rad=4.879592896,valid=1,read_failures=0"
dengfoc,"SYNC_TRUTH,sequence=94027,truth_tick_us=188457584,mechanical_angle_rad=4.879592896,valid=1,read_failures=0"
dengfoc,"SYNC_TRUTH,sequence=94028,truth_tick_us=188459588,mechanical_angle_rad=4.881126881,valid=1,read_failures=0"
dengfoc,"SYNC_TRUTH,sequence=94029,truth_tick_us=188461584,mechanical_angle_rad=4.879592896,valid=1,read_failures=0"
dengfoc,"SYNC_TRUTH,sequence=94030,truth_tick_us=188463588,mechanical_angle_rad=4.881126881,valid=1,read_failures=0"
dengfoc,"SYNC_TRUTH,sequence=94031,truth_tick_us=188465584,mechanical_angle_rad=4.881126881,valid=1,read_failures=0"
dengfoc,"SYNC_TRUTH,sequence=94032,truth_tick_us=188467588,mechanical_angle_rad=4.881126881,valid=1,read_failures=0"
dengfoc,"SYNC_TRUTH,sequence=94033,truth_tick_us=188469584,mechanical_angle_rad=4.879592896,valid=1,read_failures=0"
dengfoc,"SYNC_TRUTH,sequence=94034,truth_tick_us=188471588,mechanical_angle_rad=4.879592896,valid=1,read_failures=0"
dengfoc,"SYNC_TRUTH,sequence=94035,truth_tick_us=188473584,mechanical_angle_rad=4.879592896,valid=1,read_failures=0"
dengfoc,"SYNC_TRUTH,sequence=94036,truth_tick_us=188475588,mechanical_angle_rad=4.879592896,valid=1,read_failures=0"
dengfoc,"SYNC_TRUTH,sequence=94037,truth_tick_us=188477584,mechanical_angle_rad=4.879592896,valid=1,read_failures=0"
dengfoc,"SYNC_TRUTH,sequence=94038,truth_tick_us=188479588,mechanical_angle_rad=4.879592896,valid=1,read_failures=0"
dengfoc,"SYNC_TRUTH,sequence=94039,truth_tick_us=188481584,mechanical_angle_rad=4.879592896,valid=1,read_failures=0"
dengfoc,"SYNC_TRUTH,sequence=94040,truth_tick_us=188483588,mechanical_angle_rad=4.879592896,valid=1,read_failures=0"
dengfoc,"SYNC_TRUTH,sequence=94041,truth_tick_us=188485584,mechanical_angle_rad=4.881126881,valid=1,read_failures=0"
dengfoc,"SYNC_TRUTH,sequence=94042,truth_tick_us=188487588,mechanical_angle_rad=4.881126881,valid=1,read_failures=0"
dengfoc,"SYNC_TRUTH,sequence=94043,truth_tick_us=188489584,mechanical_angle_rad=4.879592896,valid=1,read_failures=0"
dengfoc,"SYNC_TRUTH,sequence=94044,truth_tick_us=188491588,mechanical_angle_rad=4.879592896,valid=1,read_failures=0"
dengfoc,"SYNC_TRUTH,sequence=94045,truth_tick_us=188493584,mechanical_angle_rad=4.879592896,valid=1,read_failures=0"
dengfoc,"SYNC_TRUTH,sequence=94046,truth_tick_us=188495588,mechanical_angle_rad=4.879592896,valid=1,read_failures=0"
dengfoc,"SYNC_TRUTH,sequence=94047,truth_tick_us=188497584,mechanical_angle_rad=4.879592896,valid=1,read_failures=0"
dengfoc,"SYNC_TRUTH,sequence=94048,truth_tick_us=188499588,mechanical_angle_rad=4.881126881,valid=1,read_failures=0"
dengfoc,"SYNC_TRUTH,sequence=94049,truth_tick_us=188501584,mechanical_angle_rad=4.879592896,valid=1,read_failures=0"
dengfoc,"SYNC_TRUTH,sequence=94050,truth_tick_us=188503588,mechanical_angle_rad=4.881126881,valid=1,read_failures=0"
dengfoc,"SYNC_TRUTH,sequence=94051,truth_tick_us=188505584,mechanical_angle_rad=4.881126881,valid=1,read_failures=0"
dengfoc,"SYNC_TRUTH,sequence=94052,truth_tick_us=188507588,mechanical_angle_rad=4.879592896,valid=1,read_failures=0"
dengfoc,"SYNC_TRUTH,sequence=94053,truth_tick_us=188509584,mechanical_angle_rad=4.879592896,valid=1,read_failures=0"
dengfoc,"SYNC_TRUTH,sequence=94054,truth_tick_us=188511588,mechanical_angle_rad=4.879592896,valid=1,read_failures=0"
dengfoc,"SYNC_TRUTH,sequence=94055,truth_tick_us=188513584,mechanical_angle_rad=4.881126881,valid=1,read_failures=0"
dengfoc,"SYNC_TRUTH,sequence=94056,truth_tick_us=188515588,mechanical_angle_rad=4.879592896,valid=1,read_failures=0"
dengfoc,"SYNC_TRUTH,sequence=94057,truth_tick_us=188517584,mechanical_angle_rad=4.881126881,valid=1,read_failures=0"
dengfoc,"SYNC_TRUTH,sequence=94058,truth_tick_us=188519588,mechanical_angle_rad=4.881126881,valid=1,read_failures=0"
dengfoc,"SYNC_TRUTH,sequence=94059,truth_tick_us=188521584,mechanical_angle_rad=4.879592896,valid=1,read_failures=0"
dengfoc,"SYNC_TRUTH,sequence=94060,truth_tick_us=188523588,mechanical_angle_rad=4.879592896,valid=1,read_failures=0"
dengfoc,"SYNC_TRUTH,sequence=94061,truth_tick_us=188525584,mechanical_angle_rad=4.879592896,valid=1,read_failures=0"
dengfoc,"SYNC_TRUTH,sequence=94062,truth_tick_us=188527588,mechanical_angle_rad=4.879592896,valid=1,read_failures=0"
dengfoc,"SYNC_TRUTH,sequence=94063,truth_tick_us=188529584,mechanical_angle_rad=4.879592896,valid=1,read_failures=0"
dengfoc,"SYNC_TRUTH,sequence=94064,truth_tick_us=188531588,mechanical_angle_rad=4.879592896,valid=1,read_failures=0"
dengfoc,"SYNC_TRUTH,sequence=94065,truth_tick_us=188533584,mechanical_angle_rad=4.879592896,valid=1,read_failures=0"
dengfoc,"SYNC_TRUTH,sequence=94066,truth_tick_us=188535588,mechanical_angle_rad=4.881126881,valid=1,read_failures=0"
dengfoc,"SYNC_TRUTH,sequence=94067,truth_tick_us=188537584,mechanical_angle_rad=4.879592896,valid=1,read_failures=0"
dengfoc,"SYNC_TRUTH,sequence=94068,truth_tick_us=188539588,mechanical_angle_rad=4.879592896,valid=1,read_failures=0"
dengfoc,"SYNC_TRUTH,sequence=94069,truth_tick_us=188541584,mechanical_angle_rad=4.881126881,valid=1,read_failures=0"
dengfoc,"SYNC_TRUTH,sequence=94070,truth_tick_us=188543588,mechanical_angle_rad=4.879592896,valid=1,read_failures=0"
dengfoc,"SYNC_TRUTH,sequence=94071,truth_tick_us=188545584,mechanical_angle_rad=4.879592896,valid=1,read_failures=0"
dengfoc,"SYNC_TRUTH,sequence=94072,truth_tick_us=188547588,mechanical_angle_rad=4.879592896,valid=1,read_failures=0"
dengfoc,"SYNC_TRUTH,sequence=94073,truth_tick_us=188549584,mechanical_angle_rad=4.879592896,valid=1,read_failures=0"
dengfoc,"SYNC_TRUTH,sequence=94074,truth_tick_us=188551588,mechanical_angle_rad=4.879592896,valid=1,read_failures=0"
dengfoc,"SYNC_TRUTH,sequence=94075,truth_tick_us=188553584,mechanical_angle_rad=4.879592896,valid=1,read_failures=0"
dengfoc,"SYNC_TRUTH,sequence=94076,truth_tick_us=188555588,mechanical_angle_rad=4.879592896,valid=1,read_failures=0"
dengfoc,"SYNC_TRUTH,sequence=94077,truth_tick_us=188557584,mechanical_angle_rad=4.881126881,valid=1,read_failures=0"
dengfoc,"SYNC_TRUTH,sequence=94078,truth_tick_us=188559588,mechanical_angle_rad=4.879592896,valid=1,read_failures=0"
dengfoc,"SYNC_TRUTH,sequence=94079,truth_tick_us=188561584,mechanical_angle_rad=4.879592896,valid=1,read_failures=0"
dengfoc,"SYNC_TRUTH,sequence=94080,truth_tick_us=188563588,mechanical_angle_rad=4.879592896,valid=1,read_failures=0"
dengfoc,"SYNC_TRUTH,sequence=94081,truth_tick_us=188565584,mechanical_angle_rad=4.879592896,valid=1,read_failures=0"
dengfoc,"SYNC_TRUTH,sequence=94082,truth_tick_us=188567588,mechanical_angle_rad=4.881126881,valid=1,read_failures=0"
dengfoc,"SYNC_TRUTH,sequence=94083,truth_tick_us=188569584,mechanical_angle_rad=4.881126881,valid=1,read_failures=0"
dengfoc,"SYNC_TRUTH,sequence=94084,truth_tick_us=188571588,mechanical_angle_rad=4.881126881,valid=1,read_failures=0"
dengfoc,"SYNC_TRUTH,sequence=94085,truth_tick_us=188573584,mechanical_angle_rad=4.879592896,valid=1,read_failures=0"
dengfoc,"SYNC_TRUTH,sequence=94086,truth_tick_us=188575588,mechanical_angle_rad=4.879592896,valid=1,read_failures=0"
dengfoc,"SYNC_TRUTH,sequence=94087,truth_tick_us=188577584,mechanical_angle_rad=4.879592896,valid=1,read_failures=0"
dengfoc,"SYNC_TRUTH,sequence=94088,truth_tick_us=188579588,mechanical_angle_rad=4.879592896,valid=1,read_failures=0"
dengfoc,"SYNC_TRUTH,sequence=94089,truth_tick_us=188581584,mechanical_angle_rad=4.881126881,valid=1,read_failures=0"
dengfoc,"SYNC_TRUTH,sequence=94090,truth_tick_us=188583588,mechanical_angle_rad=4.881126881,valid=1,read_failures=0"
dengfoc,"SYNC_TRUTH,sequence=94091,truth_tick_us=188585584,mechanical_angle_rad=4.879592896,valid=1,read_failures=0"
dengfoc,"SYNC_TRUTH,sequence=94092,truth_tick_us=188587588,mechanical_angle_rad=4.879592896,valid=1,read_failures=0"
dengfoc,"SYNC_TRUTH,sequence=94093,truth_tick_us=188589584,mechanical_angle_rad=4.881126881,valid=1,read_failures=0"
dengfoc,"SYNC_TRUTH,sequence=94094,truth_tick_us=188591588,mechanical_angle_rad=4.879592896,valid=1,read_failures=0"
dengfoc,"SYNC_TRUTH,sequence=94095,truth_tick_us=188593584,mechanical_angle_rad=4.879592896,valid=1,read_failures=0"
dengfoc,"SYNC_TRUTH,sequence=94096,truth_tick_us=188595588,mechanical_angle_rad=4.879592896,valid=1,read_failures=0"
dengfoc,"SYNC_TRUTH,sequence=94097,truth_tick_us=188597584,mechanical_angle_rad=4.881126881,valid=1,read_failures=0"
dengfoc,"SYNC_TRUTH,sequence=94098,truth_tick_us=188599588,mechanical_angle_rad=4.881126881,valid=1,read_failures=0"
dengfoc,"SYNC_TRUTH,sequence=94099,truth_tick_us=188601584,mechanical_angle_rad=4.879592896,valid=1,read_failures=0"
dengfoc,"SYNC_TRUTH,sequence=94100,truth_tick_us=188603588,mechanical_angle_rad=4.879592896,valid=1,read_failures=0"
dengfoc,"SYNC_TRUTH,sequence=94101,truth_tick_us=188605584,mechanical_angle_rad=4.881126881,valid=1,read_failures=0"
dengfoc,"SYNC_TRUTH,sequence=94102,truth_tick_us=188607588,mechanical_angle_rad=4.879592896,valid=1,read_failures=0"
dengfoc,"SYNC_TRUTH,sequence=94103,truth_tick_us=188609584,mechanical_angle_rad=4.879592896,valid=1,read_failures=0"
dengfoc,"SYNC_TRUTH,sequence=94104,truth_tick_us=188611588,mechanical_angle_rad=4.881126881,valid=1,read_failures=0"
dengfoc,"SYNC_TRUTH,sequence=94105,truth_tick_us=188613584,mechanical_angle_rad=4.879592896,valid=1,read_failures=0"
dengfoc,"SYNC_TRUTH,sequence=94106,truth_tick_us=188615588,mechanical_angle_rad=4.879592896,valid=1,read_failures=0"
dengfoc,"SYNC_TRUTH,sequence=94107,truth_tick_us=188617584,mechanical_angle_rad=4.881126881,valid=1,read_failures=0"
dengfoc,"SYNC_TRUTH,sequence=94108,truth_tick_us=188619588,mechanical_angle_rad=4.879592896,valid=1,read_failures=0"
dengfoc,"SYNC_TRUTH,sequence=94109,truth_tick_us=188621584,mechanical_angle_rad=4.881126881,valid=1,read_failures=0"
dengfoc,"SYNC_TRUTH,sequence=94110,truth_tick_us=188623588,mechanical_angle_rad=4.879592896,valid=1,read_failures=0"
dengfoc,"SYNC_TRUTH,sequence=94111,truth_tick_us=188625584,mechanical_angle_rad=4.879592896,valid=1,read_failures=0"
dengfoc,"SYNC_TRUTH,sequence=94112,truth_tick_us=188627588,mechanical_angle_rad=4.881126881,valid=1,read_failures=0"
dengfoc,"SYNC_TRUTH,sequence=94113,truth_tick_us=188629584,mechanical_angle_rad=4.879592896,valid=1,read_failures=0"
dengfoc,"SYNC_TRUTH,sequence=94114,truth_tick_us=188631588,mechanical_angle_rad=4.879592896,valid=1,read_failures=0"
dengfoc,"SYNC_TRUTH,sequence=94115,truth_tick_us=188633584,mechanical_angle_rad=4.881126881,valid=1,read_failures=0"
dengfoc,"SYNC_TRUTH,sequence=94116,truth_tick_us=188635588,mechanical_angle_rad=4.879592896,valid=1,read_failures=0"
dengfoc,"SYNC_TRUTH,sequence=94117,truth_tick_us=188637584,mechanical_angle_rad=4.879592896,valid=1,read_failures=0"
dengfoc,"SYNC_TRUTH,sequence=94118,truth_tick_us=188639588,mechanical_angle_rad=4.879592896,valid=1,read_failures=0"
dengfoc,"SYNC_TRUTH,sequence=94119,truth_tick_us=188641584,mechanical_angle_rad=4.879592896,valid=1,read_failures=0"
dengfoc,"SYNC_TRUTH,sequence=94120,truth_tick_us=188643588,mechanical_angle_rad=4.881126881,valid=1,read_failures=0"
dengfoc,"SYNC_TRUTH,sequence=94121,truth_tick_us=188645584,mechanical_angle_rad=4.879592896,valid=1,read_failures=0"
dengfoc,"SYNC_TRUTH,sequence=94122,truth_tick_us=188647588,mechanical_angle_rad=4.879592896,valid=1,read_failures=0"
dengfoc,"SYNC_TRUTH,sequence=94123,truth_tick_us=188649584,mechanical_angle_rad=4.881126881,valid=1,read_failures=0"
dengfoc,"SYNC_TRUTH,sequence=94124,truth_tick_us=188651588,mechanical_angle_rad=4.879592896,valid=1,read_failures=0"
dengfoc,"SYNC_TRUTH,sequence=94125,truth_tick_us=188653584,mechanical_angle_rad=4.881126881,valid=1,read_failures=0"
dengfoc,"SYNC_TRUTH,sequence=94126,truth_tick_us=188655588,mechanical_angle_rad=4.879592896,valid=1,read_failures=0"
dengfoc,"SYNC_TRUTH,sequence=94127,truth_tick_us=188657584,mechanical_angle_rad=4.879592896,valid=1,read_failures=0"
dengfoc,"SYNC_TRUTH,sequence=94128,truth_tick_us=188659588,mechanical_angle_rad=4.881126881,valid=1,read_failures=0"
dengfoc,"SYNC_TRUTH,sequence=94129,truth_tick_us=188661584,mechanical_angle_rad=4.879592896,valid=1,read_failures=0"
dengfoc,"SYNC_TRUTH,sequence=94130,truth_tick_us=188663588,mechanical_angle_rad=4.879592896,valid=1,read_failures=0"
dengfoc,"SYNC_TRUTH,sequence=94131,truth_tick_us=188665584,mechanical_angle_rad=4.879592896,valid=1,read_failures=0"
dengfoc,"SYNC_TRUTH,sequence=94132,truth_tick_us=188667588,mechanical_angle_rad=4.879592896,valid=1,read_failures=0"
dengfoc,"SYNC_TRUTH,sequence=94133,truth_tick_us=188669584,mechanical_angle_rad=4.881126881,valid=1,read_failures=0"
dengfoc,"SYNC_TRUTH,sequence=94134,truth_tick_us=188671588,mechanical_angle_rad=4.879592896,valid=1,read_failures=0"
dengfoc,"SYNC_TRUTH,sequence=94135,truth_tick_us=188673584,mechanical_angle_rad=4.879592896,valid=1,read_failures=0"
dengfoc,"SYNC_TRUTH,sequence=94136,truth_tick_us=188675588,mechanical_angle_rad=4.879592896,valid=1,read_failures=0"
dengfoc,"SYNC_TRUTH,sequence=94137,truth_tick_us=188677584,mechanical_angle_rad=4.879592896,valid=1,read_failures=0"
dengfoc,"SYNC_TRUTH,sequence=94138,truth_tick_us=188679588,mechanical_angle_rad=4.881126881,valid=1,read_failures=0"
dengfoc,"SYNC_TRUTH,sequence=94139,truth_tick_us=188681584,mechanical_angle_rad=4.879592896,valid=1,read_failures=0"
dengfoc,"SYNC_TRUTH,sequence=94140,truth_tick_us=188683588,mechanical_angle_rad=4.879592896,valid=1,read_failures=0"
dengfoc,"SYNC_TRUTH,sequence=94141,truth_tick_us=188685584,mechanical_angle_rad=4.881126881,valid=1,read_failures=0"
dengfoc,"SYNC_TRUTH,sequence=94142,truth_tick_us=188687588,mechanical_angle_rad=4.879592896,valid=1,read_failures=0"
dengfoc,"SYNC_TRUTH,sequence=94143,truth_tick_us=188689584,mechanical_angle_rad=4.879592896,valid=1,read_failures=0"
dengfoc,"SYNC_TRUTH,sequence=94144,truth_tick_us=188691588,mechanical_angle_rad=4.879592896,valid=1,read_failures=0"
dengfoc,"SYNC_TRUTH,sequence=94145,truth_tick_us=188693584,mechanical_angle_rad=4.879592896,valid=1,read_failures=0"
dengfoc,"SYNC_TRUTH,sequence=94146,truth_tick_us=188695588,mechanical_angle_rad=4.879592896,valid=1,read_failures=0"
dengfoc,"SYNC_TRUTH,sequence=94147,truth_tick_us=188697584,mechanical_angle_rad=4.879592896,valid=1,read_failures=0"
dengfoc,"SYNC_TRUTH,sequence=94148,truth_tick_us=188699588,mechanical_angle_rad=4.879592896,valid=1,read_failures=0"
dengfoc,"SYNC_TRUTH,sequence=94149,truth_tick_us=188701584,mechanical_angle_rad=4.881126881,valid=1,read_failures=0"
dengfoc,"SYNC_TRUTH,sequence=94150,truth_tick_us=188703588,mechanical_angle_rad=4.879592896,valid=1,read_failures=0"
dengfoc,"SYNC_TRUTH,sequence=94151,truth_tick_us=188705584,mechanical_angle_rad=4.881126881,valid=1,read_failures=0"
dengfoc,"SYNC_TRUTH,sequence=94152,truth_tick_us=188707588,mechanical_angle_rad=4.879592896,valid=1,read_failures=0"
dengfoc,"SYNC_TRUTH,sequence=94153,truth_tick_us=188709584,mechanical_angle_rad=4.879592896,valid=1,read_failures=0"
dengfoc,"SYNC_TRUTH,sequence=94154,truth_tick_us=188711588,mechanical_angle_rad=4.879592896,valid=1,read_failures=0"
dengfoc,"SYNC_TRUTH,sequence=94155,truth_tick_us=188713584,mechanical_angle_rad=4.879592896,valid=1,read_failures=0"
dengfoc,"SYNC_TRUTH,sequence=94156,truth_tick_us=188715588,mechanical_angle_rad=4.879592896,valid=1,read_failures=0"
dengfoc,"SYNC_TRUTH,sequence=94157,truth_tick_us=188717584,mechanical_angle_rad=4.881126881,valid=1,read_failures=0"
dengfoc,"SYNC_TRUTH,sequence=94158,truth_tick_us=188719588,mechanical_angle_rad=4.879592896,valid=1,read_failures=0"
dengfoc,"SYNC_TRUTH,sequence=94159,truth_tick_us=188721584,mechanical_angle_rad=4.881126881,valid=1,read_failures=0"
dengfoc,"SYNC_TRUTH,sequence=94160,truth_tick_us=188723588,mechanical_angle_rad=4.881126881,valid=1,read_failures=0"
dengfoc,"SYNC_TRUTH,sequence=94161,truth_tick_us=188725584,mechanical_angle_rad=4.879592896,valid=1,read_failures=0"
dengfoc,"SYNC_TRUTH,sequence=94162,truth_tick_us=188727588,mechanical_angle_rad=4.881126881,valid=1,read_failures=0"
dengfoc,"SYNC_TRUTH,sequence=94163,truth_tick_us=188729584,mechanical_angle_rad=4.879592896,valid=1,read_failures=0"
dengfoc,"SYNC_TRUTH,sequence=94164,truth_tick_us=188731588,mechanical_angle_rad=4.879592896,valid=1,read_failures=0"
dengfoc,"SYNC_TRUTH,sequence=94165,truth_tick_us=188733584,mechanical_angle_rad=4.879592896,valid=1,read_failures=0"
dengfoc,"SYNC_TRUTH,sequence=94166,truth_tick_us=188735588,mechanical_angle_rad=4.879592896,valid=1,read_failures=0"
dengfoc,"SYNC_TRUTH,sequence=94167,truth_tick_us=188737584,mechanical_angle_rad=4.881126881,valid=1,read_failures=0"
dengfoc,"SYNC_TRUTH,sequence=94168,truth_tick_us=188739588,mechanical_angle_rad=4.879592896,valid=1,read_failures=0"
dengfoc,"SYNC_TRUTH,sequence=94169,truth_tick_us=188741584,mechanical_angle_rad=4.879592896,valid=1,read_failures=0"
dengfoc,"SYNC_TRUTH,sequence=94170,truth_tick_us=188743588,mechanical_angle_rad=4.879592896,valid=1,read_failures=0"
dengfoc,"SYNC_TRUTH,sequence=94171,truth_tick_us=188745584,mechanical_angle_rad=4.881126881,valid=1,read_failures=0"
dengfoc,"SYNC_TRUTH,sequence=94172,truth_tick_us=188747588,mechanical_angle_rad=4.879592896,valid=1,read_failures=0"
dengfoc,"SYNC_TRUTH,sequence=94173,truth_tick_us=188749584,mechanical_angle_rad=4.879592896,valid=1,read_failures=0"
dengfoc,"SYNC_TRUTH,sequence=94174,truth_tick_us=188751588,mechanical_angle_rad=4.879592896,valid=1,read_failures=0"
dengfoc,"SYNC_TRUTH,sequence=94175,truth_tick_us=188753584,mechanical_angle_rad=4.881126881,valid=1,read_failures=0"
dengfoc,"SYNC_TRUTH,sequence=94176,truth_tick_us=188755588,mechanical_angle_rad=4.879592896,valid=1,read_failures=0"
dengfoc,"SYNC_TRUTH,sequence=94177,truth_tick_us=188757584,mechanical_angle_rad=4.879592896,valid=1,read_failures=0"
dengfoc,"SYNC_TRUTH,sequence=94178,truth_tick_us=188759588,mechanical_angle_rad=4.879592896,valid=1,read_failures=0"
dengfoc,"SYNC_TRUTH,sequence=94179,truth_tick_us=188761584,mechanical_angle_rad=4.881126881,valid=1,read_failures=0"
dengfoc,"SYNC_TRUTH,sequence=94180,truth_tick_us=188763588,mechanical_angle_rad=4.879592896,valid=1,read_failures=0"
dengfoc,"SYNC_TRUTH,sequence=94181,truth_tick_us=188765584,mechanical_angle_rad=4.879592896,valid=1,read_failures=0"
dengfoc,"SYNC_TRUTH,sequence=94182,truth_tick_us=188767588,mechanical_angle_rad=4.881126881,valid=1,read_failures=0"
dengfoc,"SYNC_TRUTH,sequence=94183,truth_tick_us=188769584,mechanical_angle_rad=4.879592896,valid=1,read_failures=0"
dengfoc,"SYNC_TRUTH,sequence=94184,truth_tick_us=188771588,mechanical_angle_rad=4.879592896,valid=1,read_failures=0"
dengfoc,"SYNC_TRUTH,sequence=94185,truth_tick_us=188773584,mechanical_angle_rad=4.881126881,valid=1,read_failures=0"
dengfoc,"SYNC_TRUTH,sequence=94186,truth_tick_us=188775588,mechanical_angle_rad=4.879592896,valid=1,read_failures=0"
dengfoc,"SYNC_TRUTH,sequence=94187,truth_tick_us=188777584,mechanical_angle_rad=4.881126881,valid=1,read_failures=0"
dengfoc,"SYNC_TRUTH,sequence=94188,truth_tick_us=188779588,mechanical_angle_rad=4.881126881,valid=1,read_failures=0"
dengfoc,"SYNC_TRUTH,sequence=94189,truth_tick_us=188781584,mechanical_angle_rad=4.879592896,valid=1,read_failures=0"
dengfoc,"SYNC_TRUTH,sequence=94190,truth_tick_us=188783588,mechanical_angle_rad=4.881126881,valid=1,read_failures=0"
dengfoc,"SYNC_TRUTH,sequence=94191,truth_tick_us=188785584,mechanical_angle_rad=4.881126881,valid=1,read_failures=0"
dengfoc,"SYNC_TRUTH,sequence=94192,truth_tick_us=188787588,mechanical_angle_rad=4.881126881,valid=1,read_failures=0"
dengfoc,"SYNC_TRUTH,sequence=94193,truth_tick_us=188789584,mechanical_angle_rad=4.879592896,valid=1,read_failures=0"
dengfoc,"SYNC_TRUTH,sequence=94194,truth_tick_us=188791588,mechanical_angle_rad=4.879592896,valid=1,read_failures=0"
dengfoc,"SYNC_TRUTH,sequence=94195,truth_tick_us=188793584,mechanical_angle_rad=4.879592896,valid=1,read_failures=0"
dengfoc,"SYNC_TRUTH,sequence=94196,truth_tick_us=188795588,mechanical_angle_rad=4.879592896,valid=1,read_failures=0"
dengfoc,"SYNC_TRUTH,sequence=94197,truth_tick_us=188797584,mechanical_angle_rad=4.881126881,valid=1,read_failures=0"
dengfoc,"SYNC_TRUTH,sequence=94198,truth_tick_us=188799588,mechanical_angle_rad=4.881126881,valid=1,read_failures=0"
dengfoc,"SYNC_TRUTH,sequence=94199,truth_tick_us=188801584,mechanical_angle_rad=4.879592896,valid=1,read_failures=0"
dengfoc,"SYNC_TRUTH,sequence=94200,truth_tick_us=188803588,mechanical_angle_rad=4.879592896,valid=1,read_failures=0"
dengfoc,"SYNC_TRUTH,sequence=94201,truth_tick_us=188805584,mechanical_angle_rad=4.879592896,valid=1,read_failures=0"
dengfoc,"SYNC_TRUTH,sequence=94202,truth_tick_us=188807588,mechanical_angle_rad=4.881126881,valid=1,read_failures=0"
dengfoc,"SYNC_TRUTH,sequence=94203,truth_tick_us=188809584,mechanical_angle_rad=4.879592896,valid=1,read_failures=0"
dengfoc,"SYNC_TRUTH,sequence=94204,truth_tick_us=188811588,mechanical_angle_rad=4.879592896,valid=1,read_failures=0"
dengfoc,"SYNC_TRUTH,sequence=94205,truth_tick_us=188813584,mechanical_angle_rad=4.879592896,valid=1,read_failures=0"
dengfoc,"SYNC_TRUTH,sequence=94206,truth_tick_us=188815588,mechanical_angle_rad=4.881126881,valid=1,read_failures=0"
dengfoc,"SYNC_TRUTH,sequence=94207,truth_tick_us=188817584,mechanical_angle_rad=4.879592896,valid=1,read_failures=0"
dengfoc,"SYNC_TRUTH,sequence=94208,truth_tick_us=188819588,mechanical_angle_rad=4.879592896,valid=1,read_failures=0"
dengfoc,"SYNC_TRUTH,sequence=94209,truth_tick_us=188821584,mechanical_angle_rad=4.881126881,valid=1,read_failures=0"
dengfoc,"SYNC_TRUTH,sequence=94210,truth_tick_us=188823588,mechanical_angle_rad=4.879592896,valid=1,read_failures=0"
dengfoc,"SYNC_TRUTH,sequence=94211,truth_tick_us=188825584,mechanical_angle_rad=4.879592896,valid=1,read_failures=0"
dengfoc,"SYNC_TRUTH,sequence=94212,truth_tick_us=188827588,mechanical_angle_rad=4.879592896,valid=1,read_failures=0"
dengfoc,"SYNC_TRUTH,sequence=94213,truth_tick_us=188829584,mechanical_angle_rad=4.879592896,valid=1,read_failures=0"
dengfoc,"SYNC_TRUTH,sequence=94214,truth_tick_us=188831588,mechanical_angle_rad=4.879592896,valid=1,read_failures=0"
dengfoc,"SYNC_TRUTH,sequence=94215,truth_tick_us=188833584,mechanical_angle_rad=4.879592896,valid=1,read_failures=0"
dengfoc,"SYNC_TRUTH,sequence=94216,truth_tick_us=188835588,mechanical_angle_rad=4.879592896,valid=1,read_failures=0"
dengfoc,"SYNC_TRUTH,sequence=94217,truth_tick_us=188837584,mechanical_angle_rad=4.879592896,valid=1,read_failures=0"
dengfoc,"SYNC_TRUTH,sequence=94218,truth_tick_us=188839588,mechanical_angle_rad=4.879592896,valid=1,read_failures=0"
dengfoc,"SYNC_TRUTH,sequence=94219,truth_tick_us=188841584,mechanical_angle_rad=4.879592896,valid=1,read_failures=0"
dengfoc,"SYNC_TRUTH,sequence=94220,truth_tick_us=188843588,mechanical_angle_rad=4.879592896,valid=1,read_failures=0"
dengfoc,"SYNC_TRUTH,sequence=94221,truth_tick_us=188845584,mechanical_angle_rad=4.879592896,valid=1,read_failures=0"
dengfoc,"SYNC_TRUTH,sequence=94222,truth_tick_us=188847588,mechanical_angle_rad=4.881126881,valid=1,read_failures=0"
dengfoc,"SYNC_TRUTH,sequence=94223,truth_tick_us=188849584,mechanical_angle_rad=4.879592896,valid=1,read_failures=0"
dengfoc,"SYNC_TRUTH,sequence=94224,truth_tick_us=188851588,mechanical_angle_rad=4.881126881,valid=1,read_failures=0"
dengfoc,"SYNC_TRUTH,sequence=94225,truth_tick_us=188853584,mechanical_angle_rad=4.881126881,valid=1,read_failures=0"
dengfoc,"SYNC_TRUTH,sequence=94226,truth_tick_us=188855588,mechanical_angle_rad=4.879592896,valid=1,read_failures=0"
dengfoc,"SYNC_TRUTH,sequence=94227,truth_tick_us=188857584,mechanical_angle_rad=4.879592896,valid=1,read_failures=0"
dengfoc,"SYNC_TRUTH,sequence=94228,truth_tick_us=188859588,mechanical_angle_rad=4.881126881,valid=1,read_failures=0"
dengfoc,"SYNC_TRUTH,sequence=94229,truth_tick_us=188861584,mechanical_angle_rad=4.879592896,valid=1,read_failures=0"
dengfoc,"SYNC_TRUTH,sequence=94230,truth_tick_us=188863588,mechanical_angle_rad=4.881126881,valid=1,read_failures=0"
dengfoc,"SYNC_TRUTH,sequence=94231,truth_tick_us=188865584,mechanical_angle_rad=4.879592896,valid=1,read_failures=0"
dengfoc,"SYNC_TRUTH,sequence=94232,truth_tick_us=188867588,mechanical_angle_rad=4.881126881,valid=1,read_failures=0"
dengfoc,"SYNC_TRUTH,sequence=94233,truth_tick_us=188869584,mechanical_angle_rad=4.879592896,valid=1,read_failures=0"
dengfoc,"SYNC_TRUTH,sequence=94234,truth_tick_us=188871588,mechanical_angle_rad=4.881126881,valid=1,read_failures=0"
dengfoc,"SYNC_TRUTH,sequence=94235,truth_tick_us=188873584,mechanical_angle_rad=4.879592896,valid=1,read_failures=0"
dengfoc,"SYNC_TRUTH,sequence=94236,truth_tick_us=188875588,mechanical_angle_rad=4.881126881,valid=1,read_failures=0"
dengfoc,"SYNC_TRUTH,sequence=94237,truth_tick_us=188877584,mechanical_angle_rad=4.881126881,valid=1,read_failures=0"
dengfoc,"SYNC_TRUTH,sequence=94238,truth_tick_us=188879588,mechanical_angle_rad=4.879592896,valid=1,read_failures=0"
dengfoc,"SYNC_TRUTH,sequence=94239,truth_tick_us=188881584,mechanical_angle_rad=4.879592896,valid=1,read_failures=0"
dengfoc,"SYNC_TRUTH,sequence=94240,truth_tick_us=188883588,mechanical_angle_rad=4.879592896,valid=1,read_failures=0"
dengfoc,"SYNC_TRUTH,sequence=94241,truth_tick_us=188885584,mechanical_angle_rad=4.879592896,valid=1,read_failures=0"
dengfoc,"SYNC_TRUTH,sequence=94242,truth_tick_us=188887588,mechanical_angle_rad=4.879592896,valid=1,read_failures=0"
dengfoc,"SYNC_TRUTH,sequence=94243,truth_tick_us=188889584,mechanical_angle_rad=4.879592896,valid=1,read_failures=0"
dengfoc,"SYNC_TRUTH,sequence=94244,truth_tick_us=188891588,mechanical_angle_rad=4.879592896,valid=1,read_failures=0"
dengfoc,"SYNC_TRUTH,sequence=94245,truth_tick_us=188893584,mechanical_angle_rad=4.879592896,valid=1,read_failures=0"
dengfoc,"SYNC_TRUTH,sequence=94246,truth_tick_us=188895588,mechanical_angle_rad=4.879592896,valid=1,read_failures=0"
dengfoc,"SYNC_TRUTH,sequence=94247,truth_tick_us=188897584,mechanical_angle_rad=4.879592896,valid=1,read_failures=0"
dengfoc,"SYNC_TRUTH,sequence=94248,truth_tick_us=188899588,mechanical_angle_rad=4.879592896,valid=1,read_failures=0"
dengfoc,"SYNC_TRUTH,sequence=94249,truth_tick_us=188901584,mechanical_angle_rad=4.879592896,valid=1,read_failures=0"
dengfoc,"SYNC_TRUTH,sequence=94250,truth_tick_us=188903588,mechanical_angle_rad=4.879592896,valid=1,read_failures=0"
dengfoc,"SYNC_TRUTH,sequence=94251,truth_tick_us=188905584,mechanical_angle_rad=4.879592896,valid=1,read_failures=0"
dengfoc,"SYNC_TRUTH,sequence=94252,truth_tick_us=188907588,mechanical_angle_rad=4.881126881,valid=1,read_failures=0"
dengfoc,"SYNC_TRUTH,sequence=94253,truth_tick_us=188909584,mechanical_angle_rad=4.879592896,valid=1,read_failures=0"
dengfoc,"SYNC_TRUTH,sequence=94254,truth_tick_us=188911588,mechanical_angle_rad=4.879592896,valid=1,read_failures=0"
dengfoc,"SYNC_TRUTH,sequence=94255,truth_tick_us=188913584,mechanical_angle_rad=4.879592896,valid=1,read_failures=0"
dengfoc,"SYNC_TRUTH,sequence=94256,truth_tick_us=188915588,mechanical_angle_rad=4.879592896,valid=1,read_failures=0"
dengfoc,"SYNC_TRUTH,sequence=94257,truth_tick_us=188917584,mechanical_angle_rad=4.881126881,valid=1,read_failures=0"
dengfoc,"SYNC_TRUTH,sequence=94258,truth_tick_us=188919588,mechanical_angle_rad=4.879592896,valid=1,read_failures=0"
dengfoc,"SYNC_TRUTH,sequence=94259,truth_tick_us=188921584,mechanical_angle_rad=4.879592896,valid=1,read_failures=0"
dengfoc,"SYNC_TRUTH,sequence=94260,truth_tick_us=188923588,mechanical_angle_rad=4.881126881,valid=1,read_failures=0"
dengfoc,"SYNC_TRUTH,sequence=94261,truth_tick_us=188925584,mechanical_angle_rad=4.879592896,valid=1,read_failures=0"
dengfoc,"SYNC_TRUTH,sequence=94262,truth_tick_us=188927588,mechanical_angle_rad=4.879592896,valid=1,read_failures=0"
dengfoc,"SYNC_TRUTH,sequence=94263,truth_tick_us=188929584,mechanical_angle_rad=4.879592896,valid=1,read_failures=0"
dengfoc,"SYNC_TRUTH,sequence=94264,truth_tick_us=188931588,mechanical_angle_rad=4.879592896,valid=1,read_failures=0"
dengfoc,"SYNC_TRUTH,sequence=94265,truth_tick_us=188933584,mechanical_angle_rad=4.879592896,valid=1,read_failures=0"
dengfoc,"SYNC_TRUTH,sequence=94266,truth_tick_us=188935588,mechanical_angle_rad=4.879592896,valid=1,read_failures=0"
dengfoc,"SYNC_TRUTH,sequence=94267,truth_tick_us=188937584,mechanical_angle_rad=4.881126881,valid=1,read_failures=0"
dengfoc,"SYNC_TRUTH,sequence=94268,truth_tick_us=188939588,mechanical_angle_rad=4.881126881,valid=1,read_failures=0"
dengfoc,"SYNC_TRUTH,sequence=94269,truth_tick_us=188941584,mechanical_angle_rad=4.879592896,valid=1,read_failures=0"
dengfoc,"SYNC_TRUTH,sequence=94270,truth_tick_us=188943588,mechanical_angle_rad=4.879592896,valid=1,read_failures=0"
dengfoc,"SYNC_TRUTH,sequence=94271,truth_tick_us=188945584,mechanical_angle_rad=4.881126881,valid=1,read_failures=0"
dengfoc,"SYNC_TRUTH,sequence=94272,truth_tick_us=188947588,mechanical_angle_rad=4.879592896,valid=1,read_failures=0"
dengfoc,"SYNC_TRUTH,sequence=94273,truth_tick_us=188949584,mechanical_angle_rad=4.879592896,valid=1,read_failures=0"
dengfoc,"SYNC_TRUTH,sequence=94274,truth_tick_us=188951588,mechanical_angle_rad=4.881126881,valid=1,read_failures=0"
dengfoc,"SYNC_TRUTH,sequence=94275,truth_tick_us=188953584,mechanical_angle_rad=4.879592896,valid=1,read_failures=0"
dengfoc,"SYNC_TRUTH,sequence=94276,truth_tick_us=188955588,mechanical_angle_rad=4.879592896,valid=1,read_failures=0"
dengfoc,"SYNC_TRUTH,sequence=94277,truth_tick_us=188957584,mechanical_angle_rad=4.879592896,valid=1,read_failures=0"
dengfoc,"SYNC_TRUTH,sequence=94278,truth_tick_us=188959588,mechanical_angle_rad=4.879592896,valid=1,read_failures=0"
dengfoc,"SYNC_TRUTH,sequence=94279,truth_tick_us=188961584,mechanical_angle_rad=4.879592896,valid=1,read_failures=0"
dengfoc,"SYNC_TRUTH,sequence=94280,truth_tick_us=188963588,mechanical_angle_rad=4.879592896,valid=1,read_failures=0"
dengfoc,"SYNC_TRUTH,sequence=94281,truth_tick_us=188965584,mechanical_angle_rad=4.879592896,valid=1,read_failures=0"
dengfoc,"SYNC_TRUTH,sequence=94282,truth_tick_us=188967588,mechanical_angle_rad=4.881126881,valid=1,read_failures=0"
dengfoc,"SYNC_TRUTH,sequence=94283,truth_tick_us=188969584,mechanical_angle_rad=4.879592896,valid=1,read_failures=0"
dengfoc,"SYNC_TRUTH,sequence=94284,truth_tick_us=188971588,mechanical_angle_rad=4.881126881,valid=1,read_failures=0"
dengfoc,"SYNC_TRUTH,sequence=94285,truth_tick_us=188973584,mechanical_angle_rad=4.879592896,valid=1,read_failures=0"
dengfoc,"SYNC_TRUTH,sequence=94286,truth_tick_us=188975588,mechanical_angle_rad=4.879592896,valid=1,read_failures=0"
dengfoc,"SYNC_TRUTH,sequence=94287,truth_tick_us=188977584,mechanical_angle_rad=4.879592896,valid=1,read_failures=0"
dengfoc,"SYNC_TRUTH,sequence=94288,truth_tick_us=188979588,mechanical_angle_rad=4.881126881,valid=1,read_failures=0"
dengfoc,"SYNC_TRUTH,sequence=94289,truth_tick_us=188981584,mechanical_angle_rad=4.879592896,valid=1,read_failures=0"
dengfoc,"SYNC_TRUTH,sequence=94290,truth_tick_us=188983588,mechanical_angle_rad=4.879592896,valid=1,read_failures=0"
dengfoc,"SYNC_TRUTH,sequence=94291,truth_tick_us=188985584,mechanical_angle_rad=4.879592896,valid=1,read_failures=0"
dengfoc,"SYNC_TRUTH,sequence=94292,truth_tick_us=188987588,mechanical_angle_rad=4.879592896,valid=1,read_failures=0"
dengfoc,"SYNC_TRUTH,sequence=94293,truth_tick_us=188989584,mechanical_angle_rad=4.879592896,valid=1,read_failures=0"
dengfoc,"SYNC_TRUTH,sequence=94294,truth_tick_us=188991588,mechanical_angle_rad=4.879592896,valid=1,read_failures=0"
dengfoc,"SYNC_TRUTH,sequence=94295,truth_tick_us=188993584,mechanical_angle_rad=4.879592896,valid=1,read_failures=0"
dengfoc,"SYNC_TRUTH,sequence=94296,truth_tick_us=188995588,mechanical_angle_rad=4.879592896,valid=1,read_failures=0"
dengfoc,"SYNC_TRUTH,sequence=94297,truth_tick_us=188997584,mechanical_angle_rad=4.879592896,valid=1,read_failures=0"
dengfoc,"SYNC_TRUTH,sequence=94298,truth_tick_us=188999588,mechanical_angle_rad=4.879592896,valid=1,read_failures=0"
dengfoc,"SYNC_TRUTH,sequence=94299,truth_tick_us=189001584,mechanical_angle_rad=4.879592896,valid=1,read_failures=0"
dengfoc,"SYNC_TRUTH,sequence=94300,truth_tick_us=189003588,mechanical_angle_rad=4.879592896,valid=1,read_failures=0"
dengfoc,"SYNC_TRUTH,sequence=94301,truth_tick_us=189005584,mechanical_angle_rad=4.879592896,valid=1,read_failures=0"
dengfoc,"SYNC_TRUTH,sequence=94302,truth_tick_us=189007588,mechanical_angle_rad=4.879592896,valid=1,read_failures=0"
dengfoc,"SYNC_TRUTH,sequence=94303,truth_tick_us=189009584,mechanical_angle_rad=4.879592896,valid=1,read_failures=0"
dengfoc,"SYNC_TRUTH,sequence=94304,truth_tick_us=189011588,mechanical_angle_rad=4.881126881,valid=1,read_failures=0"
dengfoc,"SYNC_TRUTH,sequence=94305,truth_tick_us=189013584,mechanical_angle_rad=4.879592896,valid=1,read_failures=0"
dengfoc,"SYNC_TRUTH,sequence=94306,truth_tick_us=189015588,mechanical_angle_rad=4.879592896,valid=1,read_failures=0"
dengfoc,"SYNC_TRUTH,sequence=94307,truth_tick_us=189017584,mechanical_angle_rad=4.879592896,valid=1,read_failures=0"
dengfoc,"SYNC_TRUTH,sequence=94308,truth_tick_us=189019588,mechanical_angle_rad=4.879592896,valid=1,read_failures=0"
dengfoc,"SYNC_TRUTH,sequence=94309,truth_tick_us=189021584,mechanical_angle_rad=4.879592896,valid=1,read_failures=0"
dengfoc,"SYNC_TRUTH,sequence=94310,truth_tick_us=189023588,mechanical_angle_rad=4.881126881,valid=1,read_failures=0"
dengfoc,"SYNC_TRUTH,sequence=94311,truth_tick_us=189025584,mechanical_angle_rad=4.879592896,valid=1,read_failures=0"
dengfoc,"SYNC_TRUTH,sequence=94312,truth_tick_us=189027588,mechanical_angle_rad=4.881126881,valid=1,read_failures=0"
dengfoc,"SYNC_TRUTH,sequence=94313,truth_tick_us=189029584,mechanical_angle_rad=4.879592896,valid=1,read_failures=0"
dengfoc,"SYNC_TRUTH,sequence=94314,truth_tick_us=189031588,mechanical_angle_rad=4.881126881,valid=1,read_failures=0"
dengfoc,"SYNC_TRUTH,sequence=94315,truth_tick_us=189033584,mechanical_angle_rad=4.881126881,valid=1,read_failures=0"
dengfoc,"SYNC_TRUTH,sequence=94316,truth_tick_us=189035588,mechanical_angle_rad=4.879592896,valid=1,read_failures=0"
dengfoc,"SYNC_TRUTH,sequence=94317,truth_tick_us=189037584,mechanical_angle_rad=4.881126881,valid=1,read_failures=0"
dengfoc,"SYNC_TRUTH,sequence=94318,truth_tick_us=189039588,mechanical_angle_rad=4.881126881,valid=1,read_failures=0"
dengfoc,"SYNC_TRUTH,sequence=94319,truth_tick_us=189041584,mechanical_angle_rad=4.881126881,valid=1,read_failures=0"
dengfoc,"SYNC_TRUTH,sequence=94320,truth_tick_us=189043588,mechanical_angle_rad=4.881126881,valid=1,read_failures=0"
dengfoc,"SYNC_TRUTH,sequence=94321,truth_tick_us=189045584,mechanical_angle_rad=4.881126881,valid=1,read_failures=0"
dengfoc,"SYNC_TRUTH,sequence=94322,truth_tick_us=189047588,mechanical_angle_rad=4.879592896,valid=1,read_failures=0"
dengfoc,"SYNC_TRUTH,sequence=94323,truth_tick_us=189049584,mechanical_angle_rad=4.879592896,valid=1,read_failures=0"
dengfoc,"SYNC_TRUTH,sequence=94324,truth_tick_us=189051588,mechanical_angle_rad=4.881126881,valid=1,read_failures=0"
dengfoc,"SYNC_TRUTH,sequence=94325,truth_tick_us=189053584,mechanical_angle_rad=4.879592896,valid=1,read_failures=0"
dengfoc,"SYNC_TRUTH,sequence=94326,truth_tick_us=189055588,mechanical_angle_rad=4.879592896,valid=1,read_failures=0"
dengfoc,"SYNC_TRUTH,sequence=94327,truth_tick_us=189057584,mechanical_angle_rad=4.879592896,valid=1,read_failures=0"
dengfoc,"SYNC_TRUTH,sequence=94328,truth_tick_us=189059588,mechanical_angle_rad=4.879592896,valid=1,read_failures=0"
dengfoc,"SYNC_TRUTH,sequence=94329,truth_tick_us=189061584,mechanical_angle_rad=4.879592896,valid=1,read_failures=0"
dengfoc,"SYNC_TRUTH,sequence=94330,truth_tick_us=189063588,mechanical_angle_rad=4.879592896,valid=1,read_failures=0"
dengfoc,"SYNC_TRUTH,sequence=94331,truth_tick_us=189065584,mechanical_angle_rad=4.879592896,valid=1,read_failures=0"
dengfoc,"SYNC_TRUTH,sequence=94332,truth_tick_us=189067588,mechanical_angle_rad=4.879592896,valid=1,read_failures=0"
dengfoc,"SYNC_TRUTH,sequence=94333,truth_tick_us=189069584,mechanical_angle_rad=4.879592896,valid=1,read_failures=0"
dengfoc,"SYNC_TRUTH,sequence=94334,truth_tick_us=189071588,mechanical_angle_rad=4.879592896,valid=1,read_failures=0"
dengfoc,"SYNC_TRUTH,sequence=94335,truth_tick_us=189073584,mechanical_angle_rad=4.881126881,valid=1,read_failures=0"
dengfoc,"SYNC_TRUTH,sequence=94336,truth_tick_us=189075588,mechanical_angle_rad=4.879592896,valid=1,read_failures=0"
dengfoc,"SYNC_TRUTH,sequence=94337,truth_tick_us=189077584,mechanical_angle_rad=4.879592896,valid=1,read_failures=0"
dengfoc,"SYNC_TRUTH,sequence=94338,truth_tick_us=189079588,mechanical_angle_rad=4.879592896,valid=1,read_failures=0"
dengfoc,"SYNC_TRUTH,sequence=94339,truth_tick_us=189081584,mechanical_angle_rad=4.879592896,valid=1,read_failures=0"
dengfoc,"SYNC_TRUTH,sequence=94340,truth_tick_us=189083588,mechanical_angle_rad=4.879592896,valid=1,read_failures=0"
dengfoc,"SYNC_TRUTH,sequence=94341,truth_tick_us=189085584,mechanical_angle_rad=4.879592896,valid=1,read_failures=0"
dengfoc,"SYNC_TRUTH,sequence=94342,truth_tick_us=189087588,mechanical_angle_rad=4.879592896,valid=1,read_failures=0"
dengfoc,"SYNC_TRUTH,sequence=94343,truth_tick_us=189089584,mechanical_angle_rad=4.881126881,valid=1,read_failures=0"
dengfoc,"SYNC_TRUTH,sequence=94344,truth_tick_us=189091588,mechanical_angle_rad=4.881126881,valid=1,read_failures=0"
dengfoc,"SYNC_TRUTH,sequence=94345,truth_tick_us=189093584,mechanical_angle_rad=4.879592896,valid=1,read_failures=0"
dengfoc,"SYNC_TRUTH,sequence=94346,truth_tick_us=189095588,mechanical_angle_rad=4.879592896,valid=1,read_failures=0"
dengfoc,"SYNC_TRUTH,sequence=94347,truth_tick_us=189097584,mechanical_angle_rad=4.879592896,valid=1,read_failures=0"
dengfoc,"SYNC_TRUTH,sequence=94348,truth_tick_us=189099588,mechanical_angle_rad=4.881126881,valid=1,read_failures=0"
dengfoc,"SYNC_TRUTH,sequence=94349,truth_tick_us=189101584,mechanical_angle_rad=4.879592896,valid=1,read_failures=0"
dengfoc,"SYNC_TRUTH,sequence=94350,truth_tick_us=189103588,mechanical_angle_rad=4.879592896,valid=1,read_failures=0"
dengfoc,"SYNC_TRUTH,sequence=94351,truth_tick_us=189105584,mechanical_angle_rad=4.879592896,valid=1,read_failures=0"
dengfoc,"SYNC_TRUTH,sequence=94352,truth_tick_us=189107588,mechanical_angle_rad=4.881126881,valid=1,read_failures=0"
dengfoc,"SYNC_TRUTH,sequence=94353,truth_tick_us=189109584,mechanical_angle_rad=4.879592896,valid=1,read_failures=0"
dengfoc,"SYNC_TRUTH,sequence=94354,truth_tick_us=189111588,mechanical_angle_rad=4.879592896,valid=1,read_failures=0"
dengfoc,"SYNC_TRUTH,sequence=94355,truth_tick_us=189113584,mechanical_angle_rad=4.879592896,valid=1,read_failures=0"
dengfoc,"SYNC_TRUTH,sequence=94356,truth_tick_us=189115588,mechanical_angle_rad=4.881126881,valid=1,read_failures=0"
dengfoc,"SYNC_TRUTH,sequence=94357,truth_tick_us=189117584,mechanical_angle_rad=4.881126881,valid=1,read_failures=0"
dengfoc,"SYNC_TRUTH,sequence=94358,truth_tick_us=189119588,mechanical_angle_rad=4.881126881,valid=1,read_failures=0"
dengfoc,"SYNC_TRUTH,sequence=94359,truth_tick_us=189121584,mechanical_angle_rad=4.879592896,valid=1,read_failures=0"
dengfoc,"SYNC_TRUTH,sequence=94360,truth_tick_us=189123588,mechanical_angle_rad=4.879592896,valid=1,read_failures=0"
dengfoc,"SYNC_TRUTH,sequence=94361,truth_tick_us=189125584,mechanical_angle_rad=4.879592896,valid=1,read_failures=0"
dengfoc,"SYNC_TRUTH,sequence=94362,truth_tick_us=189127588,mechanical_angle_rad=4.879592896,valid=1,read_failures=0"
dengfoc,"SYNC_TRUTH,sequence=94363,truth_tick_us=189129584,mechanical_angle_rad=4.879592896,valid=1,read_failures=0"
dengfoc,"SYNC_TRUTH,sequence=94364,truth_tick_us=189131588,mechanical_angle_rad=4.879592896,valid=1,read_failures=0"
dengfoc,"SYNC_TRUTH,sequence=94365,truth_tick_us=189133584,mechanical_angle_rad=4.879592896,valid=1,read_failures=0"
dengfoc,"SYNC_TRUTH,sequence=94366,truth_tick_us=189135588,mechanical_angle_rad=4.879592896,valid=1,read_failures=0"
dengfoc,"SYNC_TRUTH,sequence=94367,truth_tick_us=189137584,mechanical_angle_rad=4.881126881,valid=1,read_failures=0"
dengfoc,"SYNC_TRUTH,sequence=94368,truth_tick_us=189139588,mechanical_angle_rad=4.879592896,valid=1,read_failures=0"
dengfoc,"SYNC_TRUTH,sequence=94369,truth_tick_us=189141584,mechanical_angle_rad=4.881126881,valid=1,read_failures=0"
dengfoc,"SYNC_TRUTH,sequence=94370,truth_tick_us=189143588,mechanical_angle_rad=4.879592896,valid=1,read_failures=0"
dengfoc,"SYNC_TRUTH,sequence=94371,truth_tick_us=189145584,mechanical_angle_rad=4.879592896,valid=1,read_failures=0"
dengfoc,"SYNC_TRUTH,sequence=94372,truth_tick_us=189147588,mechanical_angle_rad=4.881126881,valid=1,read_failures=0"
dengfoc,"SYNC_TRUTH,sequence=94373,truth_tick_us=189149584,mechanical_angle_rad=4.881126881,valid=1,read_failures=0"
dengfoc,"SYNC_TRUTH,sequence=94374,truth_tick_us=189151588,mechanical_angle_rad=4.879592896,valid=1,read_failures=0"
dengfoc,"SYNC_TRUTH,sequence=94375,truth_tick_us=189153584,mechanical_angle_rad=4.879592896,valid=1,read_failures=0"
dengfoc,"SYNC_TRUTH,sequence=94376,truth_tick_us=189155588,mechanical_angle_rad=4.879592896,valid=1,read_failures=0"
dengfoc,"SYNC_TRUTH,sequence=94377,truth_tick_us=189157584,mechanical_angle_rad=4.879592896,valid=1,read_failures=0"
dengfoc,"SYNC_TRUTH,sequence=94378,truth_tick_us=189159588,mechanical_angle_rad=4.881126881,valid=1,read_failures=0"
dengfoc,"SYNC_TRUTH,sequence=94379,truth_tick_us=189161584,mechanical_angle_rad=4.879592896,valid=1,read_failures=0"
dengfoc,"SYNC_TRUTH,sequence=94380,truth_tick_us=189163588,mechanical_angle_rad=4.879592896,valid=1,read_failures=0"
dengfoc,"SYNC_TRUTH,sequence=94381,truth_tick_us=189165584,mechanical_angle_rad=4.881126881,valid=1,read_failures=0"
dengfoc,"SYNC_TRUTH,sequence=94382,truth_tick_us=189167588,mechanical_angle_rad=4.879592896,valid=1,read_failures=0"
dengfoc,"SYNC_TRUTH,sequence=94383,truth_tick_us=189169584,mechanical_angle_rad=4.879592896,valid=1,read_failures=0"
dengfoc,"SYNC_TRUTH,sequence=94384,truth_tick_us=189171588,mechanical_angle_rad=4.881126881,valid=1,read_failures=0"
dengfoc,"SYNC_TRUTH,sequence=94385,truth_tick_us=189173584,mechanical_angle_rad=4.881126881,valid=1,read_failures=0"
dengfoc,"SYNC_TRUTH,sequence=94386,truth_tick_us=189175588,mechanical_angle_rad=4.879592896,valid=1,read_failures=0"
dengfoc,"SYNC_TRUTH,sequence=94387,truth_tick_us=189177584,mechanical_angle_rad=4.879592896,valid=1,read_failures=0"
dengfoc,"SYNC_TRUTH,sequence=94388,truth_tick_us=189179588,mechanical_angle_rad=4.879592896,valid=1,read_failures=0"
dengfoc,"SYNC_TRUTH,sequence=94389,truth_tick_us=189181584,mechanical_angle_rad=4.879592896,valid=1,read_failures=0"
dengfoc,"SYNC_TRUTH,sequence=94390,truth_tick_us=189183588,mechanical_angle_rad=4.879592896,valid=1,read_failures=0"
dengfoc,"SYNC_TRUTH,sequence=94391,truth_tick_us=189185584,mechanical_angle_rad=4.879592896,valid=1,read_failures=0"
dengfoc,"SYNC_TRUTH,sequence=94392,truth_tick_us=189187588,mechanical_angle_rad=4.879592896,valid=1,read_failures=0"
dengfoc,"SYNC_STATUS,frames=1,frame_fail=0,truth=94392,truth_fail=0,idle=0,capture_state=1,capture_failure=0,rejected=0,overflow=0,driver_disabled=1"
dengfoc,"SYNC_TRUTH,sequence=94393,truth_tick_us=189190588,mechanical_angle_rad=4.879592896,valid=1,read_failures=0"
dengfoc,"SYNC_TRUTH,sequence=94394,truth_tick_us=189192588,mechanical_angle_rad=4.879592896,valid=1,read_failures=0"
dengfoc,"SYNC_TRUTH,sequence=94395,truth_tick_us=189194584,mechanical_angle_rad=4.879592896,valid=1,read_failures=0"
dengfoc,"SYNC_TRUTH,sequence=94396,truth_tick_us=189196588,mechanical_angle_rad=4.879592896,valid=1,read_failures=0"
dengfoc,"SYNC_TRUTH,sequence=94397,truth_tick_us=189198584,mechanical_angle_rad=4.879592896,valid=1,read_failures=0"
dengfoc,"SYNC_TRUTH,sequence=94398,truth_tick_us=189200588,mechanical_angle_rad=4.879592896,valid=1,read_failures=0"
dengfoc,"SYNC_TRUTH,sequence=94399,truth_tick_us=189202584,mechanical_angle_rad=4.881126881,valid=1,read_failures=0"
dengfoc,"SYNC_TRUTH,sequence=94400,truth_tick_us=189204588,mechanical_angle_rad=4.879592896,valid=1,read_failures=0"
dengfoc,"SYNC_TRUTH,sequence=94401,truth_tick_us=189206584,mechanical_angle_rad=4.879592896,valid=1,read_failures=0"
dengfoc,"SYNC_TRUTH,sequence=94402,truth_tick_us=189208588,mechanical_angle_rad=4.881126881,valid=1,read_failures=0"
dengfoc,"SYNC_TRUTH,sequence=94403,truth_tick_us=189210584,mechanical_angle_rad=4.881126881,valid=1,read_failures=0"
dengfoc,"SYNC_TRUTH,sequence=94404,truth_tick_us=189212588,mechanical_angle_rad=4.879592896,valid=1,read_failures=0"
dengfoc,"SYNC_TRUTH,sequence=94405,truth_tick_us=189214584,mechanical_angle_rad=4.881126881,valid=1,read_failures=0"
dengfoc,"SYNC_TRUTH,sequence=94406,truth_tick_us=189216588,mechanical_angle_rad=4.881126881,valid=1,read_failures=0"
dengfoc,"SYNC_TRUTH,sequence=94407,truth_tick_us=189218584,mechanical_angle_rad=4.879592896,valid=1,read_failures=0"
dengfoc,"SYNC_TRUTH,sequence=94408,truth_tick_us=189220588,mechanical_angle_rad=4.879592896,valid=1,read_failures=0"
dengfoc,"SYNC_TRUTH,sequence=94409,truth_tick_us=189222584,mechanical_angle_rad=4.879592896,valid=1,read_failures=0"
dengfoc,"SYNC_TRUTH,sequence=94410,truth_tick_us=189224588,mechanical_angle_rad=4.881126881,valid=1,read_failures=0"
dengfoc,"SYNC_TRUTH,sequence=94411,truth_tick_us=189226584,mechanical_angle_rad=4.879592896,valid=1,read_failures=0"
dengfoc,"SYNC_TRUTH,sequence=94412,truth_tick_us=189228588,mechanical_angle_rad=4.879592896,valid=1,read_failures=0"
dengfoc,"SYNC_TRUTH,sequence=94413,truth_tick_us=189230584,mechanical_angle_rad=4.879592896,valid=1,read_failures=0"
g431,foc_h3_sync_send 20261004 121 221
dengfoc,"SYNC_TRUTH,sequence=94414,truth_tick_us=189232588,mechanical_angle_rad=4.879592896,valid=1,read_failures=0"
dengfoc,"SYNC_TRUTH,sequence=94415,truth_tick_us=189234584,mechanical_angle_rad=4.879592896,valid=1,read_failures=0"
dengfoc,"SYNC_TRUTH,sequence=94416,truth_tick_us=189236588,mechanical_angle_rad=4.881126881,valid=1,read_failures=0"
dengfoc,"SYNC_TRUTH,sequence=94417,truth_tick_us=189238588,mechanical_angle_rad=4.879592896,valid=1,read_failures=0"
g431,"FH3_SYNC_SEND,1,196608,2,44,43,0,43,0,0,4294967295,0,20261004,121,221,0,28,0,0,0"
dengfoc,"SYNC_TRUTH,sequence=94418,truth_tick_us=189240592,mechanical_angle_rad=4.879592896,valid=1,read_failures=0"
g431,msh >
dengfoc,"SYNC_TRUTH,sequence=94419,truth_tick_us=189242588,mechanical_angle_rad=4.879592896,valid=1,read_failures=0"
dengfoc,"SYNC_TRUTH,sequence=94420,truth_tick_us=189244588,mechanical_angle_rad=4.879592896,valid=1,read_failures=0"
dengfoc,"SYNC_ANCHOR_RX,session=20261004,edge_sequence=121,edge_tag=221,truth_tick_us=189235338,source=2,flags=0x00000003"
dengfoc,"SYNC_TRUTH,sequence=94421,truth_tick_us=189247588,mechanical_angle_rad=4.879592896,valid=1,read_failures=0"
dengfoc,"SYNC_TRUTH,sequence=94422,truth_tick_us=189249588,mechanical_angle_rad=4.879592896,valid=1,read_failures=0"
dengfoc,"SYNC_TRUTH,sequence=94423,truth_tick_us=189251584,mechanical_angle_rad=4.879592896,valid=1,read_failures=0"
dengfoc,"SYNC_TRUTH,sequence=94424,truth_tick_us=189253588,mechanical_angle_rad=4.881126881,valid=1,read_failures=0"
dengfoc,"SYNC_TRUTH,sequence=94425,truth_tick_us=189255584,mechanical_angle_rad=4.879592896,valid=1,read_failures=0"
dengfoc,"SYNC_TRUTH,sequence=94426,truth_tick_us=189257588,mechanical_angle_rad=4.881126881,valid=1,read_failures=0"
dengfoc,"SYNC_TRUTH,sequence=94427,truth_tick_us=189259584,mechanical_angle_rad=4.881126881,valid=1,read_failures=0"
g431,msh >
dengfoc,"SYNC_TRUTH,sequence=94428,truth_tick_us=189261588,mechanical_angle_rad=4.881126881,valid=1,read_failures=0"
dengfoc,"SYNC_TRUTH,sequence=94429,truth_tick_us=189263584,mechanical_angle_rad=4.881126881,valid=1,read_failures=0"
dengfoc,"SYNC_TRUTH,sequence=94430,truth_tick_us=189265588,mechanical_angle_rad=4.879592896,valid=1,read_failures=0"
dengfoc,"SYNC_TRUTH,sequence=94431,truth_tick_us=189267584,mechanical_angle_rad=4.881126881,valid=1,read_failures=0"
dengfoc,"SYNC_TRUTH,sequence=94432,truth_tick_us=189269588,mechanical_angle_rad=4.879592896,valid=1,read_failures=0"
dengfoc,"SYNC_TRUTH,sequence=94433,truth_tick_us=189271584,mechanical_angle_rad=4.879592896,valid=1,read_failures=0"
dengfoc,"SYNC_TRUTH,sequence=94434,truth_tick_us=189273588,mechanical_angle_rad=4.881126881,valid=1,read_failures=0"
dengfoc,"SYNC_TRUTH,sequence=94435,truth_tick_us=189275584,mechanical_angle_rad=4.881126881,valid=1,read_failures=0"
dengfoc,"SYNC_TRUTH,sequence=94436,truth_tick_us=189277588,mechanical_angle_rad=4.879592896,valid=1,read_failures=0"
dengfoc,"SYNC_TRUTH,sequence=94437,truth_tick_us=189279584,mechanical_angle_rad=4.881126881,valid=1,read_failures=0"
dengfoc,"SYNC_TRUTH,sequence=94438,truth_tick_us=189281588,mechanical_angle_rad=4.879592896,valid=1,read_failures=0"
dengfoc,"SYNC_TRUTH,sequence=94439,truth_tick_us=189283584,mechanical_angle_rad=4.879592896,valid=1,read_failures=0"
dengfoc,"SYNC_TRUTH,sequence=94440,truth_tick_us=189285588,mechanical_angle_rad=4.879592896,valid=1,read_failures=0"
dengfoc,"SYNC_TRUTH,sequence=94441,truth_tick_us=189287584,mechanical_angle_rad=4.881126881,valid=1,read_failures=0"
dengfoc,"SYNC_TRUTH,sequence=94442,truth_tick_us=189289588,mechanical_angle_rad=4.879592896,valid=1,read_failures=0"
dengfoc,"SYNC_TRUTH,sequence=94443,truth_tick_us=189291584,mechanical_angle_rad=4.879592896,valid=1,read_failures=0"
dengfoc,"SYNC_TRUTH,sequence=94444,truth_tick_us=189293588,mechanical_angle_rad=4.879592896,valid=1,read_failures=0"
dengfoc,"SYNC_TRUTH,sequence=94445,truth_tick_us=189295584,mechanical_angle_rad=4.881126881,valid=1,read_failures=0"
dengfoc,"SYNC_TRUTH,sequence=94446,truth_tick_us=189297588,mechanical_angle_rad=4.879592896,valid=1,read_failures=0"
dengfoc,"SYNC_TRUTH,sequence=94447,truth_tick_us=189299584,mechanical_angle_rad=4.879592896,valid=1,read_failures=0"
dengfoc,"SYNC_TRUTH,sequence=94448,truth_tick_us=189301588,mechanical_angle_rad=4.879592896,valid=1,read_failures=0"
dengfoc,"SYNC_TRUTH,sequence=94449,truth_tick_us=189303584,mechanical_angle_rad=4.881126881,valid=1,read_failures=0"
dengfoc,"SYNC_TRUTH,sequence=94450,truth_tick_us=189305588,mechanical_angle_rad=4.881126881,valid=1,read_failures=0"
dengfoc,"SYNC_TRUTH,sequence=94451,truth_tick_us=189307584,mechanical_angle_rad=4.879592896,valid=1,read_failures=0"
dengfoc,"SYNC_TRUTH,sequence=94452,truth_tick_us=189309588,mechanical_angle_rad=4.881126881,valid=1,read_failures=0"
dengfoc,"SYNC_TRUTH,sequence=94453,truth_tick_us=189311584,mechanical_angle_rad=4.879592896,valid=1,read_failures=0"
dengfoc,"SYNC_TRUTH,sequence=94454,truth_tick_us=189313588,mechanical_angle_rad=4.881126881,valid=1,read_failures=0"
dengfoc,"SYNC_TRUTH,sequence=94455,truth_tick_us=189315584,mechanical_angle_rad=4.881126881,valid=1,read_failures=0"
dengfoc,"SYNC_TRUTH,sequence=94456,truth_tick_us=189317588,mechanical_angle_rad=4.879592896,valid=1,read_failures=0"
dengfoc,"SYNC_TRUTH,sequence=94457,truth_tick_us=189319584,mechanical_angle_rad=4.879592896,valid=1,read_failures=0"
dengfoc,"SYNC_TRUTH,sequence=94458,truth_tick_us=189321588,mechanical_angle_rad=4.879592896,valid=1,read_failures=0"
dengfoc,"SYNC_TRUTH,sequence=94459,truth_tick_us=189323584,mechanical_angle_rad=4.879592896,valid=1,read_failures=0"
dengfoc,"SYNC_TRUTH,sequence=94460,truth_tick_us=189325588,mechanical_angle_rad=4.879592896,valid=1,read_failures=0"
dengfoc,"SYNC_TRUTH,sequence=94461,truth_tick_us=189327584,mechanical_angle_rad=4.879592896,valid=1,read_failures=0"
dengfoc,"SYNC_TRUTH,sequence=94462,truth_tick_us=189329588,mechanical_angle_rad=4.879592896,valid=1,read_failures=0"
dengfoc,"SYNC_TRUTH,sequence=94463,truth_tick_us=189331584,mechanical_angle_rad=4.879592896,valid=1,read_failures=0"
dengfoc,"SYNC_TRUTH,sequence=94464,truth_tick_us=189333588,mechanical_angle_rad=4.879592896,valid=1,read_failures=0"
dengfoc,"SYNC_TRUTH,sequence=94465,truth_tick_us=189335584,mechanical_angle_rad=4.881126881,valid=1,read_failures=0"
dengfoc,"SYNC_TRUTH,sequence=94466,truth_tick_us=189337588,mechanical_angle_rad=4.879592896,valid=1,read_failures=0"
dengfoc,"SYNC_TRUTH,sequence=94467,truth_tick_us=189339584,mechanical_angle_rad=4.879592896,valid=1,read_failures=0"
dengfoc,"SYNC_TRUTH,sequence=94468,truth_tick_us=189341588,mechanical_angle_rad=4.879592896,valid=1,read_failures=0"
dengfoc,"SYNC_TRUTH,sequence=94469,truth_tick_us=189343584,mechanical_angle_rad=4.881126881,valid=1,read_failures=0"
dengfoc,"SYNC_TRUTH,sequence=94470,truth_tick_us=189345588,mechanical_angle_rad=4.881126881,valid=1,read_failures=0"
dengfoc,"SYNC_TRUTH,sequence=94471,truth_tick_us=189347584,mechanical_angle_rad=4.879592896,valid=1,read_failures=0"
dengfoc,"SYNC_TRUTH,sequence=94472,truth_tick_us=189349588,mechanical_angle_rad=4.881126881,valid=1,read_failures=0"
dengfoc,"SYNC_TRUTH,sequence=94473,truth_tick_us=189351584,mechanical_angle_rad=4.881126881,valid=1,read_failures=0"
dengfoc,"SYNC_TRUTH,sequence=94474,truth_tick_us=189353588,mechanical_angle_rad=4.879592896,valid=1,read_failures=0"
dengfoc,"SYNC_TRUTH,sequence=94475,truth_tick_us=189355584,mechanical_angle_rad=4.879592896,valid=1,read_failures=0"
dengfoc,"SYNC_TRUTH,sequence=94476,truth_tick_us=189357588,mechanical_angle_rad=4.879592896,valid=1,read_failures=0"
dengfoc,"SYNC_TRUTH,sequence=94477,truth_tick_us=189359584,mechanical_angle_rad=4.879592896,valid=1,read_failures=0"
dengfoc,"SYNC_TRUTH,sequence=94478,truth_tick_us=189361588,mechanical_angle_rad=4.879592896,valid=1,read_failures=0"
dengfoc,"SYNC_TRUTH,sequence=94479,truth_tick_us=189363584,mechanical_angle_rad=4.879592896,valid=1,read_failures=0"
dengfoc,"SYNC_TRUTH,sequence=94480,truth_tick_us=189365588,mechanical_angle_rad=4.879592896,valid=1,read_failures=0"
dengfoc,"SYNC_TRUTH,sequence=94481,truth_tick_us=189367584,mechanical_angle_rad=4.881126881,valid=1,read_failures=0"
dengfoc,"SYNC_TRUTH,sequence=94482,truth_tick_us=189369588,mechanical_angle_rad=4.881126881,valid=1,read_failures=0"
dengfoc,"SYNC_TRUTH,sequence=94483,truth_tick_us=189371584,mechanical_angle_rad=4.881126881,valid=1,read_failures=0"
dengfoc,"SYNC_TRUTH,sequence=94484,truth_tick_us=189373588,mechanical_angle_rad=4.881126881,valid=1,read_failures=0"
dengfoc,"SYNC_TRUTH,sequence=94485,truth_tick_us=189375584,mechanical_angle_rad=4.881126881,valid=1,read_failures=0"
dengfoc,"SYNC_TRUTH,sequence=94486,truth_tick_us=189377588,mechanical_angle_rad=4.879592896,valid=1,read_failures=0"
dengfoc,"SYNC_TRUTH,sequence=94487,truth_tick_us=189379584,mechanical_angle_rad=4.879592896,valid=1,read_failures=0"
dengfoc,"SYNC_TRUTH,sequence=94488,truth_tick_us=189381588,mechanical_angle_rad=4.879592896,valid=1,read_failures=0"
dengfoc,"SYNC_TRUTH,sequence=94489,truth_tick_us=189383584,mechanical_angle_rad=4.879592896,valid=1,read_failures=0"
dengfoc,"SYNC_TRUTH,sequence=94490,truth_tick_us=189385588,mechanical_angle_rad=4.879592896,valid=1,read_failures=0"
dengfoc,"SYNC_TRUTH,sequence=94491,truth_tick_us=189387584,mechanical_angle_rad=4.879592896,valid=1,read_failures=0"
dengfoc,"SYNC_TRUTH,sequence=94492,truth_tick_us=189389588,mechanical_angle_rad=4.879592896,valid=1,read_failures=0"
dengfoc,"SYNC_TRUTH,sequence=94493,truth_tick_us=189391584,mechanical_angle_rad=4.881126881,valid=1,read_failures=0"
dengfoc,"SYNC_TRUTH,sequence=94494,truth_tick_us=189393588,mechanical_angle_rad=4.879592896,valid=1,read_failures=0"
dengfoc,"SYNC_TRUTH,sequence=94495,truth_tick_us=189395584,mechanical_angle_rad=4.879592896,valid=1,read_failures=0"
dengfoc,"SYNC_TRUTH,sequence=94496,truth_tick_us=189397588,mechanical_angle_rad=4.879592896,valid=1,read_failures=0"
dengfoc,"SYNC_TRUTH,sequence=94497,truth_tick_us=189399584,mechanical_angle_rad=4.879592896,valid=1,read_failures=0"
dengfoc,"SYNC_TRUTH,sequence=94498,truth_tick_us=189401588,mechanical_angle_rad=4.879592896,valid=1,read_failures=0"
dengfoc,"SYNC_TRUTH,sequence=94499,truth_tick_us=189403584,mechanical_angle_rad=4.881126881,valid=1,read_failures=0"
dengfoc,"SYNC_TRUTH,sequence=94500,truth_tick_us=189405588,mechanical_angle_rad=4.881126881,valid=1,read_failures=0"
dengfoc,"SYNC_TRUTH,sequence=94501,truth_tick_us=189407584,mechanical_angle_rad=4.879592896,valid=1,read_failures=0"
dengfoc,"SYNC_TRUTH,sequence=94502,truth_tick_us=189409588,mechanical_angle_rad=4.879592896,valid=1,read_failures=0"
dengfoc,"SYNC_TRUTH,sequence=94503,truth_tick_us=189411584,mechanical_angle_rad=4.881126881,valid=1,read_failures=0"
dengfoc,"SYNC_TRUTH,sequence=94504,truth_tick_us=189413588,mechanical_angle_rad=4.879592896,valid=1,read_failures=0"
dengfoc,"SYNC_TRUTH,sequence=94505,truth_tick_us=189415584,mechanical_angle_rad=4.879592896,valid=1,read_failures=0"
dengfoc,"SYNC_TRUTH,sequence=94506,truth_tick_us=189417588,mechanical_angle_rad=4.881126881,valid=1,read_failures=0"
dengfoc,"SYNC_TRUTH,sequence=94507,truth_tick_us=189419584,mechanical_angle_rad=4.879592896,valid=1,read_failures=0"
dengfoc,"SYNC_TRUTH,sequence=94508,truth_tick_us=189421588,mechanical_angle_rad=4.881126881,valid=1,read_failures=0"
dengfoc,"SYNC_TRUTH,sequence=94509,truth_tick_us=189423584,mechanical_angle_rad=4.879592896,valid=1,read_failures=0"
dengfoc,"SYNC_TRUTH,sequence=94510,truth_tick_us=189425588,mechanical_angle_rad=4.881126881,valid=1,read_failures=0"
dengfoc,"SYNC_TRUTH,sequence=94511,truth_tick_us=189427584,mechanical_angle_rad=4.879592896,valid=1,read_failures=0"
dengfoc,"SYNC_TRUTH,sequence=94512,truth_tick_us=189429588,mechanical_angle_rad=4.879592896,valid=1,read_failures=0"
dengfoc,"SYNC_TRUTH,sequence=94513,truth_tick_us=189431584,mechanical_angle_rad=4.879592896,valid=1,read_failures=0"
dengfoc,"SYNC_TRUTH,sequence=94514,truth_tick_us=189433588,mechanical_angle_rad=4.879592896,valid=1,read_failures=0"
dengfoc,"SYNC_TRUTH,sequence=94515,truth_tick_us=189435584,mechanical_angle_rad=4.879592896,valid=1,read_failures=0"
dengfoc,"SYNC_TRUTH,sequence=94516,truth_tick_us=189437588,mechanical_angle_rad=4.879592896,valid=1,read_failures=0"
dengfoc,"SYNC_TRUTH,sequence=94517,truth_tick_us=189439584,mechanical_angle_rad=4.879592896,valid=1,read_failures=0"
dengfoc,"SYNC_TRUTH,sequence=94518,truth_tick_us=189441588,mechanical_angle_rad=4.879592896,valid=1,read_failures=0"
dengfoc,"SYNC_TRUTH,sequence=94519,truth_tick_us=189443584,mechanical_angle_rad=4.881126881,valid=1,read_failures=0"
dengfoc,"SYNC_TRUTH,sequence=94520,truth_tick_us=189445588,mechanical_angle_rad=4.881126881,valid=1,read_failures=0"
dengfoc,"SYNC_TRUTH,sequence=94521,truth_tick_us=189447584,mechanical_angle_rad=4.881126881,valid=1,read_failures=0"
dengfoc,"SYNC_TRUTH,sequence=94522,truth_tick_us=189449588,mechanical_angle_rad=4.879592896,valid=1,read_failures=0"
dengfoc,"SYNC_TRUTH,sequence=94523,truth_tick_us=189451584,mechanical_angle_rad=4.879592896,valid=1,read_failures=0"
dengfoc,"SYNC_TRUTH,sequence=94524,truth_tick_us=189453588,mechanical_angle_rad=4.881126881,valid=1,read_failures=0"
dengfoc,"SYNC_TRUTH,sequence=94525,truth_tick_us=189455584,mechanical_angle_rad=4.879592896,valid=1,read_failures=0"
dengfoc,"SYNC_TRUTH,sequence=94526,truth_tick_us=189457588,mechanical_angle_rad=4.879592896,valid=1,read_failures=0"
dengfoc,"SYNC_TRUTH,sequence=94527,truth_tick_us=189459584,mechanical_angle_rad=4.879592896,valid=1,read_failures=0"
dengfoc,"SYNC_TRUTH,sequence=94528,truth_tick_us=189461588,mechanical_angle_rad=4.881126881,valid=1,read_failures=0"
dengfoc,"SYNC_TRUTH,sequence=94529,truth_tick_us=189463584,mechanical_angle_rad=4.879592896,valid=1,read_failures=0"
dengfoc,"SYNC_TRUTH,sequence=94530,truth_tick_us=189465588,mechanical_angle_rad=4.879592896,valid=1,read_failures=0"
dengfoc,"SYNC_TRUTH,sequence=94531,truth_tick_us=189467584,mechanical_angle_rad=4.879592896,valid=1,read_failures=0"
dengfoc,"SYNC_TRUTH,sequence=94532,truth_tick_us=189469588,mechanical_angle_rad=4.879592896,valid=1,read_failures=0"
dengfoc,"SYNC_TRUTH,sequence=94533,truth_tick_us=189471584,mechanical_angle_rad=4.881126881,valid=1,read_failures=0"
dengfoc,"SYNC_TRUTH,sequence=94534,truth_tick_us=189473588,mechanical_angle_rad=4.879592896,valid=1,read_failures=0"
dengfoc,"SYNC_TRUTH,sequence=94535,truth_tick_us=189475584,mechanical_angle_rad=4.879592896,valid=1,read_failures=0"
dengfoc,"SYNC_TRUTH,sequence=94536,truth_tick_us=189477588,mechanical_angle_rad=4.881126881,valid=1,read_failures=0"
dengfoc,"SYNC_TRUTH,sequence=94537,truth_tick_us=189479584,mechanical_angle_rad=4.881126881,valid=1,read_failures=0"
dengfoc,"SYNC_TRUTH,sequence=94538,truth_tick_us=189481588,mechanical_angle_rad=4.879592896,valid=1,read_failures=0"
dengfoc,"SYNC_TRUTH,sequence=94539,truth_tick_us=189483584,mechanical_angle_rad=4.879592896,valid=1,read_failures=0"
dengfoc,"SYNC_TRUTH,sequence=94540,truth_tick_us=189485588,mechanical_angle_rad=4.879592896,valid=1,read_failures=0"
dengfoc,"SYNC_TRUTH,sequence=94541,truth_tick_us=189487584,mechanical_angle_rad=4.879592896,valid=1,read_failures=0"
dengfoc,"SYNC_TRUTH,sequence=94542,truth_tick_us=189489588,mechanical_angle_rad=4.879592896,valid=1,read_failures=0"
dengfoc,"SYNC_TRUTH,sequence=94543,truth_tick_us=189491584,mechanical_angle_rad=4.879592896,valid=1,read_failures=0"
dengfoc,"SYNC_TRUTH,sequence=94544,truth_tick_us=189493588,mechanical_angle_rad=4.879592896,valid=1,read_failures=0"
dengfoc,"SYNC_TRUTH,sequence=94545,truth_tick_us=189495584,mechanical_angle_rad=4.879592896,valid=1,read_failures=0"
dengfoc,"SYNC_TRUTH,sequence=94546,truth_tick_us=189497588,mechanical_angle_rad=4.881126881,valid=1,read_failures=0"
dengfoc,"SYNC_TRUTH,sequence=94547,truth_tick_us=189499584,mechanical_angle_rad=4.879592896,valid=1,read_failures=0"
dengfoc,"SYNC_TRUTH,sequence=94548,truth_tick_us=189501588,mechanical_angle_rad=4.881126881,valid=1,read_failures=0"
dengfoc,"SYNC_TRUTH,sequence=94549,truth_tick_us=189503584,mechanical_angle_rad=4.881126881,valid=1,read_failures=0"
dengfoc,"SYNC_TRUTH,sequence=94550,truth_tick_us=189505588,mechanical_angle_rad=4.879592896,valid=1,read_failures=0"
dengfoc,"SYNC_TRUTH,sequence=94551,truth_tick_us=189507584,mechanical_angle_rad=4.881126881,valid=1,read_failures=0"
dengfoc,"SYNC_TRUTH,sequence=94552,truth_tick_us=189509588,mechanical_angle_rad=4.879592896,valid=1,read_failures=0"
dengfoc,"SYNC_TRUTH,sequence=94553,truth_tick_us=189511584,mechanical_angle_rad=4.879592896,valid=1,read_failures=0"
dengfoc,"SYNC_TRUTH,sequence=94554,truth_tick_us=189513588,mechanical_angle_rad=4.879592896,valid=1,read_failures=0"
dengfoc,"SYNC_TRUTH,sequence=94555,truth_tick_us=189515584,mechanical_angle_rad=4.879592896,valid=1,read_failures=0"
dengfoc,"SYNC_TRUTH,sequence=94556,truth_tick_us=189517588,mechanical_angle_rad=4.879592896,valid=1,read_failures=0"
dengfoc,"SYNC_TRUTH,sequence=94557,truth_tick_us=189519584,mechanical_angle_rad=4.879592896,valid=1,read_failures=0"
dengfoc,"SYNC_TRUTH,sequence=94558,truth_tick_us=189521588,mechanical_angle_rad=4.879592896,valid=1,read_failures=0"
dengfoc,"SYNC_TRUTH,sequence=94559,truth_tick_us=189523584,mechanical_angle_rad=4.879592896,valid=1,read_failures=0"
dengfoc,"SYNC_TRUTH,sequence=94560,truth_tick_us=189525588,mechanical_angle_rad=4.879592896,valid=1,read_failures=0"
dengfoc,"SYNC_TRUTH,sequence=94561,truth_tick_us=189527584,mechanical_angle_rad=4.881126881,valid=1,read_failures=0"
dengfoc,"SYNC_TRUTH,sequence=94562,truth_tick_us=189529588,mechanical_angle_rad=4.881126881,valid=1,read_failures=0"
dengfoc,"SYNC_TRUTH,sequence=94563,truth_tick_us=189531584,mechanical_angle_rad=4.879592896,valid=1,read_failures=0"
dengfoc,"SYNC_TRUTH,sequence=94564,truth_tick_us=189533588,mechanical_angle_rad=4.879592896,valid=1,read_failures=0"
dengfoc,"SYNC_TRUTH,sequence=94565,truth_tick_us=189535584,mechanical_angle_rad=4.879592896,valid=1,read_failures=0"
dengfoc,"SYNC_TRUTH,sequence=94566,truth_tick_us=189537588,mechanical_angle_rad=4.879592896,valid=1,read_failures=0"
dengfoc,"SYNC_TRUTH,sequence=94567,truth_tick_us=189539584,mechanical_angle_rad=4.879592896,valid=1,read_failures=0"
dengfoc,"SYNC_TRUTH,sequence=94568,truth_tick_us=189541588,mechanical_angle_rad=4.881126881,valid=1,read_failures=0"
dengfoc,"SYNC_TRUTH,sequence=94569,truth_tick_us=189543584,mechanical_angle_rad=4.879592896,valid=1,read_failures=0"
dengfoc,"SYNC_TRUTH,sequence=94570,truth_tick_us=189545588,mechanical_angle_rad=4.879592896,valid=1,read_failures=0"
dengfoc,"SYNC_TRUTH,sequence=94571,truth_tick_us=189547584,mechanical_angle_rad=4.879592896,valid=1,read_failures=0"
dengfoc,"SYNC_TRUTH,sequence=94572,truth_tick_us=189549588,mechanical_angle_rad=4.881126881,valid=1,read_failures=0"
dengfoc,"SYNC_TRUTH,sequence=94573,truth_tick_us=189551584,mechanical_angle_rad=4.879592896,valid=1,read_failures=0"
dengfoc,"SYNC_TRUTH,sequence=94574,truth_tick_us=189553588,mechanical_angle_rad=4.879592896,valid=1,read_failures=0"
dengfoc,"SYNC_TRUTH,sequence=94575,truth_tick_us=189555584,mechanical_angle_rad=4.879592896,valid=1,read_failures=0"
dengfoc,"SYNC_TRUTH,sequence=94576,truth_tick_us=189557588,mechanical_angle_rad=4.879592896,valid=1,read_failures=0"
dengfoc,"SYNC_TRUTH,sequence=94577,truth_tick_us=189559584,mechanical_angle_rad=4.879592896,valid=1,read_failures=0"
dengfoc,"SYNC_TRUTH,sequence=94578,truth_tick_us=189561588,mechanical_angle_rad=4.879592896,valid=1,read_failures=0"
dengfoc,"SYNC_TRUTH,sequence=94579,truth_tick_us=189563584,mechanical_angle_rad=4.879592896,valid=1,read_failures=0"
dengfoc,"SYNC_TRUTH,sequence=94580,truth_tick_us=189565588,mechanical_angle_rad=4.879592896,valid=1,read_failures=0"
dengfoc,"SYNC_TRUTH,sequence=94581,truth_tick_us=189567584,mechanical_angle_rad=4.881126881,valid=1,read_failures=0"
dengfoc,"SYNC_TRUTH,sequence=94582,truth_tick_us=189569588,mechanical_angle_rad=4.879592896,valid=1,read_failures=0"
dengfoc,"SYNC_TRUTH,sequence=94583,truth_tick_us=189571584,mechanical_angle_rad=4.879592896,valid=1,read_failures=0"
dengfoc,"SYNC_TRUTH,sequence=94584,truth_tick_us=189573588,mechanical_angle_rad=4.879592896,valid=1,read_failures=0"
dengfoc,"SYNC_TRUTH,sequence=94585,truth_tick_us=189575584,mechanical_angle_rad=4.881126881,valid=1,read_failures=0"
dengfoc,"SYNC_TRUTH,sequence=94586,truth_tick_us=189577588,mechanical_angle_rad=4.881126881,valid=1,read_failures=0"
dengfoc,"SYNC_TRUTH,sequence=94587,truth_tick_us=189579584,mechanical_angle_rad=4.879592896,valid=1,read_failures=0"
dengfoc,"SYNC_TRUTH,sequence=94588,truth_tick_us=189581588,mechanical_angle_rad=4.879592896,valid=1,read_failures=0"
dengfoc,"SYNC_TRUTH,sequence=94589,truth_tick_us=189583584,mechanical_angle_rad=4.879592896,valid=1,read_failures=0"
dengfoc,"SYNC_TRUTH,sequence=94590,truth_tick_us=189585588,mechanical_angle_rad=4.879592896,valid=1,read_failures=0"
dengfoc,"SYNC_TRUTH,sequence=94591,truth_tick_us=189587584,mechanical_angle_rad=4.879592896,valid=1,read_failures=0"
dengfoc,"SYNC_TRUTH,sequence=94592,truth_tick_us=189589588,mechanical_angle_rad=4.881126881,valid=1,read_failures=0"
dengfoc,"SYNC_TRUTH,sequence=94593,truth_tick_us=189591584,mechanical_angle_rad=4.879592896,valid=1,read_failures=0"
dengfoc,"SYNC_TRUTH,sequence=94594,truth_tick_us=189593588,mechanical_angle_rad=4.881126881,valid=1,read_failures=0"
dengfoc,"SYNC_TRUTH,sequence=94595,truth_tick_us=189595584,mechanical_angle_rad=4.881126881,valid=1,read_failures=0"
dengfoc,"SYNC_TRUTH,sequence=94596,truth_tick_us=189597588,mechanical_angle_rad=4.881126881,valid=1,read_failures=0"
g431,foc_h3_sync_status
dengfoc,"SYNC_TRUTH,sequence=94597,truth_tick_us=189599584,mechanical_angle_rad=4.879592896,valid=1,read_failures=0"
dengfoc,"SYNC_TRUTH,sequence=94598,truth_tick_us=189601588,mechanical_angle_rad=4.879592896,valid=1,read_failures=0"
dengfoc,"SYNC_TRUTH,sequence=94599,truth_tick_us=189603584,mechanical_angle_rad=4.879592896,valid=1,read_failures=0"
dengfoc,"SYNC_TRUTH,sequence=94600,truth_tick_us=189605588,mechanical_angle_rad=4.879592896,valid=1,read_failures=0"
dengfoc,"SYNC_TRUTH,sequence=94601,truth_tick_us=189607584,mechanical_angle_rad=4.879592896,valid=1,read_failures=0"
g431,"FH3_SYNC_STATUS,1,196608,3,44,44,0,44,103,2526430559,15640955,7,20261004,121,221,0,29,100,2526430608,49"
g431,msh >
dengfoc,"SYNC_TRUTH,sequence=94602,truth_tick_us=189609588,mechanical_angle_rad=4.879592896,valid=1,read_failures=0"
dengfoc,"SYNC_TRUTH,sequence=94603,truth_tick_us=189611584,mechanical_angle_rad=4.879592896,valid=1,read_failures=0"
dengfoc,"SYNC_TRUTH,sequence=94604,truth_tick_us=189613588,mechanical_angle_rad=4.879592896,valid=1,read_failures=0"
dengfoc,"SYNC_TRUTH,sequence=94605,truth_tick_us=189615584,mechanical_angle_rad=4.879592896,valid=1,read_failures=0"
dengfoc,"SYNC_TRUTH,sequence=94606,truth_tick_us=189617588,mechanical_angle_rad=4.879592896,valid=1,read_failures=0"
dengfoc,"SYNC_TRUTH,sequence=94607,truth_tick_us=189619584,mechanical_angle_rad=4.879592896,valid=1,read_failures=0"
dengfoc,"SYNC_TRUTH,sequence=94608,truth_tick_us=189621588,mechanical_angle_rad=4.879592896,valid=1,read_failures=0"
dengfoc,"SYNC_TRUTH,sequence=94609,truth_tick_us=189623584,mechanical_angle_rad=4.879592896,valid=1,read_failures=0"
dengfoc,"SYNC_TRUTH,sequence=94610,truth_tick_us=189625588,mechanical_angle_rad=4.879592896,valid=1,read_failures=0"
dengfoc,"SYNC_TRUTH,sequence=94611,truth_tick_us=189627584,mechanical_angle_rad=4.879592896,valid=1,read_failures=0"
dengfoc,"SYNC_TRUTH,sequence=94612,truth_tick_us=189629588,mechanical_angle_rad=4.879592896,valid=1,read_failures=0"
dengfoc,"SYNC_TRUTH,sequence=94613,truth_tick_us=189631584,mechanical_angle_rad=4.881126881,valid=1,read_failures=0"
dengfoc,"SYNC_TRUTH,sequence=94614,truth_tick_us=189633588,mechanical_angle_rad=4.879592896,valid=1,read_failures=0"
g431,msh >
dengfoc,"SYNC_TRUTH,sequence=94615,truth_tick_us=189635584,mechanical_angle_rad=4.881126881,valid=1,read_failures=0"
dengfoc,"SYNC_TRUTH,sequence=94616,truth_tick_us=189637588,mechanical_angle_rad=4.879592896,valid=1,read_failures=0"
dengfoc,"SYNC_TRUTH,sequence=94617,truth_tick_us=189639584,mechanical_angle_rad=4.879592896,valid=1,read_failures=0"
dengfoc,"SYNC_TRUTH,sequence=94618,truth_tick_us=189641588,mechanical_angle_rad=4.879592896,valid=1,read_failures=0"
dengfoc,"SYNC_TRUTH,sequence=94619,truth_tick_us=189643584,mechanical_angle_rad=4.881126881,valid=1,read_failures=0"
dengfoc,"SYNC_TRUTH,sequence=94620,truth_tick_us=189645588,mechanical_angle_rad=4.879592896,valid=1,read_failures=0"
dengfoc,"SYNC_TRUTH,sequence=94621,truth_tick_us=189647584,mechanical_angle_rad=4.879592896,valid=1,read_failures=0"
dengfoc,"SYNC_TRUTH,sequence=94622,truth_tick_us=189649588,mechanical_angle_rad=4.881126881,valid=1,read_failures=0"
dengfoc,"SYNC_TRUTH,sequence=94623,truth_tick_us=189651584,mechanical_angle_rad=4.881126881,valid=1,read_failures=0"
dengfoc,"SYNC_TRUTH,sequence=94624,truth_tick_us=189653588,mechanical_angle_rad=4.881126881,valid=1,read_failures=0"
dengfoc,"SYNC_TRUTH,sequence=94625,truth_tick_us=189655584,mechanical_angle_rad=4.879592896,valid=1,read_failures=0"
dengfoc,"SYNC_TRUTH,sequence=94626,truth_tick_us=189657588,mechanical_angle_rad=4.879592896,valid=1,read_failures=0"
dengfoc,"SYNC_TRUTH,sequence=94627,truth_tick_us=189659584,mechanical_angle_rad=4.879592896,valid=1,read_failures=0"
dengfoc,"SYNC_TRUTH,sequence=94628,truth_tick_us=189661588,mechanical_angle_rad=4.881126881,valid=1,read_failures=0"
dengfoc,"SYNC_TRUTH,sequence=94629,truth_tick_us=189663584,mechanical_angle_rad=4.879592896,valid=1,read_failures=0"
dengfoc,"SYNC_TRUTH,sequence=94630,truth_tick_us=189665588,mechanical_angle_rad=4.881126881,valid=1,read_failures=0"
dengfoc,"SYNC_TRUTH,sequence=94631,truth_tick_us=189667584,mechanical_angle_rad=4.879592896,valid=1,read_failures=0"
dengfoc,"SYNC_TRUTH,sequence=94632,truth_tick_us=189669588,mechanical_angle_rad=4.881126881,valid=1,read_failures=0"
dengfoc,"SYNC_TRUTH,sequence=94633,truth_tick_us=189671584,mechanical_angle_rad=4.879592896,valid=1,read_failures=0"
dengfoc,"SYNC_TRUTH,sequence=94634,truth_tick_us=189673588,mechanical_angle_rad=4.879592896,valid=1,read_failures=0"
dengfoc,"SYNC_TRUTH,sequence=94635,truth_tick_us=189675584,mechanical_angle_rad=4.879592896,valid=1,read_failures=0"
dengfoc,"SYNC_TRUTH,sequence=94636,truth_tick_us=189677588,mechanical_angle_rad=4.879592896,valid=1,read_failures=0"
dengfoc,"SYNC_TRUTH,sequence=94637,truth_tick_us=189679584,mechanical_angle_rad=4.881126881,valid=1,read_failures=0"
dengfoc,"SYNC_TRUTH,sequence=94638,truth_tick_us=189681588,mechanical_angle_rad=4.879592896,valid=1,read_failures=0"
dengfoc,"SYNC_TRUTH,sequence=94639,truth_tick_us=189683584,mechanical_angle_rad=4.879592896,valid=1,read_failures=0"
dengfoc,"SYNC_TRUTH,sequence=94640,truth_tick_us=189685588,mechanical_angle_rad=4.881126881,valid=1,read_failures=0"
dengfoc,"SYNC_TRUTH,sequence=94641,truth_tick_us=189687584,mechanical_angle_rad=4.879592896,valid=1,read_failures=0"
dengfoc,"SYNC_TRUTH,sequence=94642,truth_tick_us=189689588,mechanical_angle_rad=4.879592896,valid=1,read_failures=0"
dengfoc,"SYNC_TRUTH,sequence=94643,truth_tick_us=189691584,mechanical_angle_rad=4.881126881,valid=1,read_failures=0"
dengfoc,"SYNC_TRUTH,sequence=94644,truth_tick_us=189693588,mechanical_angle_rad=4.881126881,valid=1,read_failures=0"
dengfoc,"SYNC_TRUTH,sequence=94645,truth_tick_us=189695584,mechanical_angle_rad=4.879592896,valid=1,read_failures=0"
dengfoc,"SYNC_TRUTH,sequence=94646,truth_tick_us=189697588,mechanical_angle_rad=4.881126881,valid=1,read_failures=0"
dengfoc,"SYNC_TRUTH,sequence=94647,truth_tick_us=189699584,mechanical_angle_rad=4.879592896,valid=1,read_failures=0"
dengfoc,"SYNC_TRUTH,sequence=94648,truth_tick_us=189701588,mechanical_angle_rad=4.879592896,valid=1,read_failures=0"
dengfoc,"SYNC_TRUTH,sequence=94649,truth_tick_us=189703584,mechanical_angle_rad=4.879592896,valid=1,read_failures=0"
dengfoc,"SYNC_TRUTH,sequence=94650,truth_tick_us=189705588,mechanical_angle_rad=4.879592896,valid=1,read_failures=0"
dengfoc,"SYNC_TRUTH,sequence=94651,truth_tick_us=189707584,mechanical_angle_rad=4.881126881,valid=1,read_failures=0"
dengfoc,"SYNC_TRUTH,sequence=94652,truth_tick_us=189709588,mechanical_angle_rad=4.879592896,valid=1,read_failures=0"
dengfoc,"SYNC_TRUTH,sequence=94653,truth_tick_us=189711584,mechanical_angle_rad=4.879592896,valid=1,read_failures=0"
dengfoc,"SYNC_TRUTH,sequence=94654,truth_tick_us=189713588,mechanical_angle_rad=4.881126881,valid=1,read_failures=0"
dengfoc,"SYNC_TRUTH,sequence=94655,truth_tick_us=189715584,mechanical_angle_rad=4.881126881,valid=1,read_failures=0"
dengfoc,"SYNC_TRUTH,sequence=94656,truth_tick_us=189717588,mechanical_angle_rad=4.879592896,valid=1,read_failures=0"
dengfoc,"SYNC_TRUTH,sequence=94657,truth_tick_us=189719584,mechanical_angle_rad=4.881126881,valid=1,read_failures=0"
dengfoc,"SYNC_TRUTH,sequence=94658,truth_tick_us=189721588,mechanical_angle_rad=4.879592896,valid=1,read_failures=0"
dengfoc,"SYNC_TRUTH,sequence=94659,truth_tick_us=189723584,mechanical_angle_rad=4.879592896,valid=1,read_failures=0"
dengfoc,"SYNC_TRUTH,sequence=94660,truth_tick_us=189725588,mechanical_angle_rad=4.881126881,valid=1,read_failures=0"
dengfoc,"SYNC_TRUTH,sequence=94661,truth_tick_us=189727584,mechanical_angle_rad=4.879592896,valid=1,read_failures=0"
dengfoc,"SYNC_TRUTH,sequence=94662,truth_tick_us=189729588,mechanical_angle_rad=4.879592896,valid=1,read_failures=0"
dengfoc,"SYNC_TRUTH,sequence=94663,truth_tick_us=189731584,mechanical_angle_rad=4.879592896,valid=1,read_failures=0"
dengfoc,"SYNC_TRUTH,sequence=94664,truth_tick_us=189733588,mechanical_angle_rad=4.879592896,valid=1,read_failures=0"
dengfoc,"SYNC_TRUTH,sequence=94665,truth_tick_us=189735584,mechanical_angle_rad=4.879592896,valid=1,read_failures=0"
dengfoc,"SYNC_TRUTH,sequence=94666,truth_tick_us=189737588,mechanical_angle_rad=4.879592896,valid=1,read_failures=0"
dengfoc,"SYNC_TRUTH,sequence=94667,truth_tick_us=189739584,mechanical_angle_rad=4.881126881,valid=1,read_failures=0"
dengfoc,"SYNC_TRUTH,sequence=94668,truth_tick_us=189741588,mechanical_angle_rad=4.881126881,valid=1,read_failures=0"
dengfoc,"SYNC_TRUTH,sequence=94669,truth_tick_us=189743584,mechanical_angle_rad=4.879592896,valid=1,read_failures=0"
dengfoc,"SYNC_TRUTH,sequence=94670,truth_tick_us=189745588,mechanical_angle_rad=4.881126881,valid=1,read_failures=0"
dengfoc,"SYNC_TRUTH,sequence=94671,truth_tick_us=189747584,mechanical_angle_rad=4.881126881,valid=1,read_failures=0"
dengfoc,"SYNC_TRUTH,sequence=94672,truth_tick_us=189749588,mechanical_angle_rad=4.881126881,valid=1,read_failures=0"
dengfoc,"SYNC_TRUTH,sequence=94673,truth_tick_us=189751584,mechanical_angle_rad=4.879592896,valid=1,read_failures=0"
dengfoc,"SYNC_TRUTH,sequence=94674,truth_tick_us=189753588,mechanical_angle_rad=4.881126881,valid=1,read_failures=0"
dengfoc,"SYNC_TRUTH,sequence=94675,truth_tick_us=189755584,mechanical_angle_rad=4.879592896,valid=1,read_failures=0"
dengfoc,"SYNC_TRUTH,sequence=94676,truth_tick_us=189757588,mechanical_angle_rad=4.879592896,valid=1,read_failures=0"
dengfoc,"SYNC_TRUTH,sequence=94677,truth_tick_us=189759584,mechanical_angle_rad=4.879592896,valid=1,read_failures=0"
dengfoc,"SYNC_TRUTH,sequence=94678,truth_tick_us=189761588,mechanical_angle_rad=4.881126881,valid=1,read_failures=0"
dengfoc,"SYNC_TRUTH,sequence=94679,truth_tick_us=189763584,mechanical_angle_rad=4.881126881,valid=1,read_failures=0"
dengfoc,"SYNC_TRUTH,sequence=94680,truth_tick_us=189765588,mechanical_angle_rad=4.881126881,valid=1,read_failures=0"
dengfoc,"SYNC_TRUTH,sequence=94681,truth_tick_us=189767584,mechanical_angle_rad=4.881126881,valid=1,read_failures=0"
dengfoc,"SYNC_TRUTH,sequence=94682,truth_tick_us=189769588,mechanical_angle_rad=4.879592896,valid=1,read_failures=0"
dengfoc,"SYNC_TRUTH,sequence=94683,truth_tick_us=189771584,mechanical_angle_rad=4.881126881,valid=1,read_failures=0"
dengfoc,"SYNC_TRUTH,sequence=94684,truth_tick_us=189773588,mechanical_angle_rad=4.879592896,valid=1,read_failures=0"
dengfoc,"SYNC_TRUTH,sequence=94685,truth_tick_us=189775584,mechanical_angle_rad=4.879592896,valid=1,read_failures=0"
dengfoc,"SYNC_TRUTH,sequence=94686,truth_tick_us=189777588,mechanical_angle_rad=4.879592896,valid=1,read_failures=0"
dengfoc,"SYNC_TRUTH,sequence=94687,truth_tick_us=189779584,mechanical_angle_rad=4.879592896,valid=1,read_failures=0"
dengfoc,"SYNC_TRUTH,sequence=94688,truth_tick_us=189781588,mechanical_angle_rad=4.879592896,valid=1,read_failures=0"
dengfoc,"SYNC_TRUTH,sequence=94689,truth_tick_us=189783584,mechanical_angle_rad=4.879592896,valid=1,read_failures=0"
dengfoc,"SYNC_TRUTH,sequence=94690,truth_tick_us=189785588,mechanical_angle_rad=4.879592896,valid=1,read_failures=0"
dengfoc,"SYNC_TRUTH,sequence=94691,truth_tick_us=189787584,mechanical_angle_rad=4.879592896,valid=1,read_failures=0"
dengfoc,"SYNC_TRUTH,sequence=94692,truth_tick_us=189789588,mechanical_angle_rad=4.879592896,valid=1,read_failures=0"
dengfoc,"SYNC_TRUTH,sequence=94693,truth_tick_us=189791584,mechanical_angle_rad=4.879592896,valid=1,read_failures=0"
dengfoc,"SYNC_TRUTH,sequence=94694,truth_tick_us=189793588,mechanical_angle_rad=4.879592896,valid=1,read_failures=0"
dengfoc,"SYNC_TRUTH,sequence=94695,truth_tick_us=189795584,mechanical_angle_rad=4.881126881,valid=1,read_failures=0"
dengfoc,"SYNC_TRUTH,sequence=94696,truth_tick_us=189797588,mechanical_angle_rad=4.879592896,valid=1,read_failures=0"
dengfoc,"SYNC_TRUTH,sequence=94697,truth_tick_us=189799584,mechanical_angle_rad=4.881126881,valid=1,read_failures=0"
dengfoc,"SYNC_TRUTH,sequence=94698,truth_tick_us=189801588,mechanical_angle_rad=4.879592896,valid=1,read_failures=0"
dengfoc,"SYNC_TRUTH,sequence=94699,truth_tick_us=189803584,mechanical_angle_rad=4.879592896,valid=1,read_failures=0"
dengfoc,"SYNC_TRUTH,sequence=94700,truth_tick_us=189805588,mechanical_angle_rad=4.879592896,valid=1,read_failures=0"
dengfoc,"SYNC_TRUTH,sequence=94701,truth_tick_us=189807584,mechanical_angle_rad=4.879592896,valid=1,read_failures=0"
dengfoc,"SYNC_TRUTH,sequence=94702,truth_tick_us=189809588,mechanical_angle_rad=4.879592896,valid=1,read_failures=0"
dengfoc,"SYNC_TRUTH,sequence=94703,truth_tick_us=189811584,mechanical_angle_rad=4.879592896,valid=1,read_failures=0"
dengfoc,"SYNC_TRUTH,sequence=94704,truth_tick_us=189813588,mechanical_angle_rad=4.879592896,valid=1,read_failures=0"
dengfoc,"SYNC_TRUTH,sequence=94705,truth_tick_us=189815584,mechanical_angle_rad=4.879592896,valid=1,read_failures=0"
dengfoc,"SYNC_TRUTH,sequence=94706,truth_tick_us=189817588,mechanical_angle_rad=4.879592896,valid=1,read_failures=0"
dengfoc,"SYNC_TRUTH,sequence=94707,truth_tick_us=189819584,mechanical_angle_rad=4.879592896,valid=1,read_failures=0"
dengfoc,"SYNC_TRUTH,sequence=94708,truth_tick_us=189821588,mechanical_angle_rad=4.879592896,valid=1,read_failures=0"
dengfoc,"SYNC_TRUTH,sequence=94709,truth_tick_us=189823584,mechanical_angle_rad=4.879592896,valid=1,read_failures=0"
dengfoc,"SYNC_TRUTH,sequence=94710,truth_tick_us=189825588,mechanical_angle_rad=4.879592896,valid=1,read_failures=0"
dengfoc,"SYNC_TRUTH,sequence=94711,truth_tick_us=189827584,mechanical_angle_rad=4.879592896,valid=1,read_failures=0"
dengfoc,"SYNC_TRUTH,sequence=94712,truth_tick_us=189829588,mechanical_angle_rad=4.879592896,valid=1,read_failures=0"
dengfoc,"SYNC_TRUTH,sequence=94713,truth_tick_us=189831584,mechanical_angle_rad=4.881126881,valid=1,read_failures=0"
dengfoc,"SYNC_TRUTH,sequence=94714,truth_tick_us=189833588,mechanical_angle_rad=4.879592896,valid=1,read_failures=0"
dengfoc,"SYNC_TRUTH,sequence=94715,truth_tick_us=189835584,mechanical_angle_rad=4.879592896,valid=1,read_failures=0"
dengfoc,"SYNC_TRUTH,sequence=94716,truth_tick_us=189837588,mechanical_angle_rad=4.879592896,valid=1,read_failures=0"
dengfoc,"SYNC_TRUTH,sequence=94717,truth_tick_us=189839584,mechanical_angle_rad=4.881126881,valid=1,read_failures=0"
dengfoc,"SYNC_TRUTH,sequence=94718,truth_tick_us=189841588,mechanical_angle_rad=4.879592896,valid=1,read_failures=0"
dengfoc,"SYNC_TRUTH,sequence=94719,truth_tick_us=189843584,mechanical_angle_rad=4.879592896,valid=1,read_failures=0"
dengfoc,"SYNC_TRUTH,sequence=94720,truth_tick_us=189845588,mechanical_angle_rad=4.879592896,valid=1,read_failures=0"
dengfoc,"SYNC_TRUTH,sequence=94721,truth_tick_us=189847584,mechanical_angle_rad=4.881126881,valid=1,read_failures=0"
dengfoc,"SYNC_TRUTH,sequence=94722,truth_tick_us=189849588,mechanical_angle_rad=4.879592896,valid=1,read_failures=0"
dengfoc,"SYNC_TRUTH,sequence=94723,truth_tick_us=189851584,mechanical_angle_rad=4.881126881,valid=1,read_failures=0"
dengfoc,"SYNC_TRUTH,sequence=94724,truth_tick_us=189853588,mechanical_angle_rad=4.879592896,valid=1,read_failures=0"
dengfoc,"SYNC_TRUTH,sequence=94725,truth_tick_us=189855584,mechanical_angle_rad=4.879592896,valid=1,read_failures=0"
dengfoc,"SYNC_TRUTH,sequence=94726,truth_tick_us=189857588,mechanical_angle_rad=4.879592896,valid=1,read_failures=0"
dengfoc,"SYNC_TRUTH,sequence=94727,truth_tick_us=189859584,mechanical_angle_rad=4.879592896,valid=1,read_failures=0"
dengfoc,"SYNC_TRUTH,sequence=94728,truth_tick_us=189861588,mechanical_angle_rad=4.879592896,valid=1,read_failures=0"
dengfoc,"SYNC_TRUTH,sequence=94729,truth_tick_us=189863584,mechanical_angle_rad=4.879592896,valid=1,read_failures=0"
dengfoc,"SYNC_TRUTH,sequence=94730,truth_tick_us=189865588,mechanical_angle_rad=4.881126881,valid=1,read_failures=0"
dengfoc,"SYNC_TRUTH,sequence=94731,truth_tick_us=189867584,mechanical_angle_rad=4.879592896,valid=1,read_failures=0"
dengfoc,"SYNC_TRUTH,sequence=94732,truth_tick_us=189869588,mechanical_angle_rad=4.879592896,valid=1,read_failures=0"
dengfoc,"SYNC_TRUTH,sequence=94733,truth_tick_us=189871584,mechanical_angle_rad=4.879592896,valid=1,read_failures=0"
dengfoc,"SYNC_TRUTH,sequence=94734,truth_tick_us=189873588,mechanical_angle_rad=4.879592896,valid=1,read_failures=0"
dengfoc,"SYNC_TRUTH,sequence=94735,truth_tick_us=189875584,mechanical_angle_rad=4.879592896,valid=1,read_failures=0"
dengfoc,"SYNC_TRUTH,sequence=94736,truth_tick_us=189877588,mechanical_angle_rad=4.879592896,valid=1,read_failures=0"
dengfoc,"SYNC_TRUTH,sequence=94737,truth_tick_us=189879584,mechanical_angle_rad=4.879592896,valid=1,read_failures=0"
dengfoc,"SYNC_TRUTH,sequence=94738,truth_tick_us=189881588,mechanical_angle_rad=4.879592896,valid=1,read_failures=0"
dengfoc,"SYNC_TRUTH,sequence=94739,truth_tick_us=189883584,mechanical_angle_rad=4.881126881,valid=1,read_failures=0"
dengfoc,"SYNC_TRUTH,sequence=94740,truth_tick_us=189885588,mechanical_angle_rad=4.879592896,valid=1,read_failures=0"
dengfoc,"SYNC_TRUTH,sequence=94741,truth_tick_us=189887584,mechanical_angle_rad=4.879592896,valid=1,read_failures=0"
dengfoc,"SYNC_TRUTH,sequence=94742,truth_tick_us=189889588,mechanical_angle_rad=4.879592896,valid=1,read_failures=0"
dengfoc,"SYNC_TRUTH,sequence=94743,truth_tick_us=189891584,mechanical_angle_rad=4.881126881,valid=1,read_failures=0"
dengfoc,"SYNC_TRUTH,sequence=94744,truth_tick_us=189893588,mechanical_angle_rad=4.881126881,valid=1,read_failures=0"
dengfoc,"SYNC_TRUTH,sequence=94745,truth_tick_us=189895584,mechanical_angle_rad=4.879592896,valid=1,read_failures=0"
dengfoc,"SYNC_TRUTH,sequence=94746,truth_tick_us=189897588,mechanical_angle_rad=4.881126881,valid=1,read_failures=0"
dengfoc,"SYNC_TRUTH,sequence=94747,truth_tick_us=189899584,mechanical_angle_rad=4.881126881,valid=1,read_failures=0"
dengfoc,"SYNC_TRUTH,sequence=94748,truth_tick_us=189901588,mechanical_angle_rad=4.879592896,valid=1,read_failures=0"
dengfoc,"SYNC_TRUTH,sequence=94749,truth_tick_us=189903584,mechanical_angle_rad=4.879592896,valid=1,read_failures=0"
dengfoc,"SYNC_TRUTH,sequence=94750,truth_tick_us=189905588,mechanical_angle_rad=4.879592896,valid=1,read_failures=0"
dengfoc,"SYNC_TRUTH,sequence=94751,truth_tick_us=189907584,mechanical_angle_rad=4.879592896,valid=1,read_failures=0"
dengfoc,"SYNC_TRUTH,sequence=94752,truth_tick_us=189909588,mechanical_angle_rad=4.879592896,valid=1,read_failures=0"
dengfoc,"SYNC_TRUTH,sequence=94753,truth_tick_us=189911584,mechanical_angle_rad=4.881126881,valid=1,read_failures=0"
dengfoc,"SYNC_TRUTH,sequence=94754,truth_tick_us=189913588,mechanical_angle_rad=4.879592896,valid=1,read_failures=0"
dengfoc,"SYNC_TRUTH,sequence=94755,truth_tick_us=189915584,mechanical_angle_rad=4.879592896,valid=1,read_failures=0"
dengfoc,"SYNC_TRUTH,sequence=94756,truth_tick_us=189917588,mechanical_angle_rad=4.879592896,valid=1,read_failures=0"
g431,foc_h3_sync_send 20261004 122 222
dengfoc,"SYNC_TRUTH,sequence=94757,truth_tick_us=189919584,mechanical_angle_rad=4.879592896,valid=1,read_failures=0"
dengfoc,"SYNC_TRUTH,sequence=94758,truth_tick_us=189921588,mechanical_angle_rad=4.879592896,valid=1,read_failures=0"
dengfoc,"SYNC_TRUTH,sequence=94759,truth_tick_us=189923584,mechanical_angle_rad=4.879592896,valid=1,read_failures=0"
dengfoc,"SYNC_TRUTH,sequence=94760,truth_tick_us=189925590,mechanical_angle_rad=4.881126881,valid=1,read_failures=0"
g431,"FH3_SYNC_SEND,1,196608,2,45,44,0,44,0,0,4294967295,0,20261004,122,222,0,29,0,0,0"
g431,msh >
dengfoc,"SYNC_TRUTH,sequence=94761,truth_tick_us=189927586,mechanical_angle_rad=4.879592896,valid=1,read_failures=0"
dengfoc,"SYNC_TRUTH,sequence=94762,truth_tick_us=189929588,mechanical_angle_rad=4.881126881,valid=1,read_failures=0"
dengfoc,"SYNC_ANCHOR_RX,session=20261004,edge_sequence=122,edge_tag=222,truth_tick_us=189921333,source=2,flags=0x00000003"
dengfoc,"SYNC_TRUTH,sequence=94763,truth_tick_us=189932592,mechanical_angle_rad=4.879592896,valid=1,read_failures=0"
dengfoc,"SYNC_TRUTH,sequence=94764,truth_tick_us=189934588,mechanical_angle_rad=4.879592896,valid=1,read_failures=0"
dengfoc,"SYNC_TRUTH,sequence=94765,truth_tick_us=189936584,mechanical_angle_rad=4.879592896,valid=1,read_failures=0"
dengfoc,"SYNC_TRUTH,sequence=94766,truth_tick_us=189938588,mechanical_angle_rad=4.879592896,valid=1,read_failures=0"
dengfoc,"SYNC_TRUTH,sequence=94767,truth_tick_us=189940584,mechanical_angle_rad=4.879592896,valid=1,read_failures=0"
dengfoc,"SYNC_TRUTH,sequence=94768,truth_tick_us=189942588,mechanical_angle_rad=4.879592896,valid=1,read_failures=0"
dengfoc,"SYNC_TRUTH,sequence=94769,truth_tick_us=189944584,mechanical_angle_rad=4.881126881,valid=1,read_failures=0"
dengfoc,"SYNC_TRUTH,sequence=94770,truth_tick_us=189946588,mechanical_angle_rad=4.879592896,valid=1,read_failures=0"
dengfoc,"SYNC_TRUTH,sequence=94771,truth_tick_us=189948584,mechanical_angle_rad=4.881126881,valid=1,read_failures=0"
dengfoc,"SYNC_TRUTH,sequence=94772,truth_tick_us=189950588,mechanical_angle_rad=4.881126881,valid=1,read_failures=0"
dengfoc,"SYNC_TRUTH,sequence=94773,truth_tick_us=189952584,mechanical_angle_rad=4.879592896,valid=1,read_failures=0"
dengfoc,"SYNC_TRUTH,sequence=94774,truth_tick_us=189954588,mechanical_angle_rad=4.879592896,valid=1,read_failures=0"
dengfoc,"SYNC_TRUTH,sequence=94775,truth_tick_us=189956584,mechanical_angle_rad=4.879592896,valid=1,read_failures=0"
dengfoc,"SYNC_TRUTH,sequence=94776,truth_tick_us=189958588,mechanical_angle_rad=4.879592896,valid=1,read_failures=0"
dengfoc,"SYNC_TRUTH,sequence=94777,truth_tick_us=189960584,mechanical_angle_rad=4.879592896,valid=1,read_failures=0"
g431,msh >
dengfoc,"SYNC_TRUTH,sequence=94778,truth_tick_us=189962588,mechanical_angle_rad=4.879592896,valid=1,read_failures=0"
dengfoc,"SYNC_TRUTH,sequence=94779,truth_tick_us=189964584,mechanical_angle_rad=4.881126881,valid=1,read_failures=0"
dengfoc,"SYNC_TRUTH,sequence=94780,truth_tick_us=189966588,mechanical_angle_rad=4.879592896,valid=1,read_failures=0"
dengfoc,"SYNC_TRUTH,sequence=94781,truth_tick_us=189968584,mechanical_angle_rad=4.881126881,valid=1,read_failures=0"
dengfoc,"SYNC_TRUTH,sequence=94782,truth_tick_us=189970588,mechanical_angle_rad=4.879592896,valid=1,read_failures=0"
dengfoc,"SYNC_TRUTH,sequence=94783,truth_tick_us=189972584,mechanical_angle_rad=4.879592896,valid=1,read_failures=0"
dengfoc,"SYNC_TRUTH,sequence=94784,truth_tick_us=189974588,mechanical_angle_rad=4.879592896,valid=1,read_failures=0"
dengfoc,"SYNC_TRUTH,sequence=94785,truth_tick_us=189976584,mechanical_angle_rad=4.879592896,valid=1,read_failures=0"
dengfoc,"SYNC_TRUTH,sequence=94786,truth_tick_us=189978588,mechanical_angle_rad=4.879592896,valid=1,read_failures=0"
dengfoc,"SYNC_TRUTH,sequence=94787,truth_tick_us=189980584,mechanical_angle_rad=4.879592896,valid=1,read_failures=0"
dengfoc,"SYNC_TRUTH,sequence=94788,truth_tick_us=189982588,mechanical_angle_rad=4.879592896,valid=1,read_failures=0"
dengfoc,"SYNC_TRUTH,sequence=94789,truth_tick_us=189984584,mechanical_angle_rad=4.879592896,valid=1,read_failures=0"
dengfoc,"SYNC_TRUTH,sequence=94790,truth_tick_us=189986588,mechanical_angle_rad=4.879592896,valid=1,read_failures=0"
dengfoc,"SYNC_TRUTH,sequence=94791,truth_tick_us=189988584,mechanical_angle_rad=4.879592896,valid=1,read_failures=0"
dengfoc,"SYNC_TRUTH,sequence=94792,truth_tick_us=189990588,mechanical_angle_rad=4.879592896,valid=1,read_failures=0"
dengfoc,"SYNC_TRUTH,sequence=94793,truth_tick_us=189992584,mechanical_angle_rad=4.879592896,valid=1,read_failures=0"
dengfoc,"SYNC_TRUTH,sequence=94794,truth_tick_us=189994588,mechanical_angle_rad=4.881126881,valid=1,read_failures=0"
dengfoc,"SYNC_TRUTH,sequence=94795,truth_tick_us=189996584,mechanical_angle_rad=4.879592896,valid=1,read_failures=0"
dengfoc,"SYNC_TRUTH,sequence=94796,truth_tick_us=189998588,mechanical_angle_rad=4.881126881,valid=1,read_failures=0"
dengfoc,"SYNC_TRUTH,sequence=94797,truth_tick_us=190000584,mechanical_angle_rad=4.881126881,valid=1,read_failures=0"
dengfoc,"SYNC_TRUTH,sequence=94798,truth_tick_us=190002588,mechanical_angle_rad=4.879592896,valid=1,read_failures=0"
dengfoc,"SYNC_TRUTH,sequence=94799,truth_tick_us=190004584,mechanical_angle_rad=4.881126881,valid=1,read_failures=0"
dengfoc,"SYNC_TRUTH,sequence=94800,truth_tick_us=190006588,mechanical_angle_rad=4.879592896,valid=1,read_failures=0"
dengfoc,"SYNC_TRUTH,sequence=94801,truth_tick_us=190008584,mechanical_angle_rad=4.879592896,valid=1,read_failures=0"
dengfoc,"SYNC_TRUTH,sequence=94802,truth_tick_us=190010588,mechanical_angle_rad=4.879592896,valid=1,read_failures=0"
dengfoc,"SYNC_TRUTH,sequence=94803,truth_tick_us=190012584,mechanical_angle_rad=4.881126881,valid=1,read_failures=0"
dengfoc,"SYNC_TRUTH,sequence=94804,truth_tick_us=190014588,mechanical_angle_rad=4.881126881,valid=1,read_failures=0"
dengfoc,"SYNC_TRUTH,sequence=94805,truth_tick_us=190016584,mechanical_angle_rad=4.879592896,valid=1,read_failures=0"
dengfoc,"SYNC_TRUTH,sequence=94806,truth_tick_us=190018588,mechanical_angle_rad=4.879592896,valid=1,read_failures=0"
dengfoc,"SYNC_TRUTH,sequence=94807,truth_tick_us=190020584,mechanical_angle_rad=4.879592896,valid=1,read_failures=0"
dengfoc,"SYNC_TRUTH,sequence=94808,truth_tick_us=190022588,mechanical_angle_rad=4.879592896,valid=1,read_failures=0"
dengfoc,"SYNC_TRUTH,sequence=94809,truth_tick_us=190024584,mechanical_angle_rad=4.879592896,valid=1,read_failures=0"
dengfoc,"SYNC_TRUTH,sequence=94810,truth_tick_us=190026588,mechanical_angle_rad=4.879592896,valid=1,read_failures=0"
dengfoc,"SYNC_TRUTH,sequence=94811,truth_tick_us=190028584,mechanical_angle_rad=4.879592896,valid=1,read_failures=0"
dengfoc,"SYNC_TRUTH,sequence=94812,truth_tick_us=190030588,mechanical_angle_rad=4.879592896,valid=1,read_failures=0"
dengfoc,"SYNC_TRUTH,sequence=94813,truth_tick_us=190032584,mechanical_angle_rad=4.879592896,valid=1,read_failures=0"
dengfoc,"SYNC_TRUTH,sequence=94814,truth_tick_us=190034588,mechanical_angle_rad=4.879592896,valid=1,read_failures=0"
dengfoc,"SYNC_TRUTH,sequence=94815,truth_tick_us=190036584,mechanical_angle_rad=4.879592896,valid=1,read_failures=0"
dengfoc,"SYNC_TRUTH,sequence=94816,truth_tick_us=190038588,mechanical_angle_rad=4.879592896,valid=1,read_failures=0"
dengfoc,"SYNC_TRUTH,sequence=94817,truth_tick_us=190040584,mechanical_angle_rad=4.879592896,valid=1,read_failures=0"
dengfoc,"SYNC_TRUTH,sequence=94818,truth_tick_us=190042588,mechanical_angle_rad=4.879592896,valid=1,read_failures=0"
dengfoc,"SYNC_TRUTH,sequence=94819,truth_tick_us=190044584,mechanical_angle_rad=4.879592896,valid=1,read_failures=0"
dengfoc,"SYNC_TRUTH,sequence=94820,truth_tick_us=190046588,mechanical_angle_rad=4.881126881,valid=1,read_failures=0"
dengfoc,"SYNC_TRUTH,sequence=94821,truth_tick_us=190048584,mechanical_angle_rad=4.879592896,valid=1,read_failures=0"
dengfoc,"SYNC_TRUTH,sequence=94822,truth_tick_us=190050588,mechanical_angle_rad=4.879592896,valid=1,read_failures=0"
dengfoc,"SYNC_TRUTH,sequence=94823,truth_tick_us=190052584,mechanical_angle_rad=4.879592896,valid=1,read_failures=0"
dengfoc,"SYNC_TRUTH,sequence=94824,truth_tick_us=190054588,mechanical_angle_rad=4.879592896,valid=1,read_failures=0"
dengfoc,"SYNC_TRUTH,sequence=94825,truth_tick_us=190056584,mechanical_angle_rad=4.879592896,valid=1,read_failures=0"
dengfoc,"SYNC_TRUTH,sequence=94826,truth_tick_us=190058588,mechanical_angle_rad=4.881126881,valid=1,read_failures=0"
dengfoc,"SYNC_TRUTH,sequence=94827,truth_tick_us=190060584,mechanical_angle_rad=4.879592896,valid=1,read_failures=0"
dengfoc,"SYNC_TRUTH,sequence=94828,truth_tick_us=190062588,mechanical_angle_rad=4.881126881,valid=1,read_failures=0"
dengfoc,"SYNC_TRUTH,sequence=94829,truth_tick_us=190064584,mechanical_angle_rad=4.879592896,valid=1,read_failures=0"
dengfoc,"SYNC_TRUTH,sequence=94830,truth_tick_us=190066588,mechanical_angle_rad=4.879592896,valid=1,read_failures=0"
dengfoc,"SYNC_TRUTH,sequence=94831,truth_tick_us=190068584,mechanical_angle_rad=4.879592896,valid=1,read_failures=0"
dengfoc,"SYNC_TRUTH,sequence=94832,truth_tick_us=190070588,mechanical_angle_rad=4.879592896,valid=1,read_failures=0"
dengfoc,"SYNC_TRUTH,sequence=94833,truth_tick_us=190072584,mechanical_angle_rad=4.879592896,valid=1,read_failures=0"
dengfoc,"SYNC_TRUTH,sequence=94834,truth_tick_us=190074588,mechanical_angle_rad=4.881126881,valid=1,read_failures=0"
dengfoc,"SYNC_TRUTH,sequence=94835,truth_tick_us=190076584,mechanical_angle_rad=4.879592896,valid=1,read_failures=0"
dengfoc,"SYNC_TRUTH,sequence=94836,truth_tick_us=190078588,mechanical_angle_rad=4.879592896,valid=1,read_failures=0"
dengfoc,"SYNC_TRUTH,sequence=94837,truth_tick_us=190080584,mechanical_angle_rad=4.879592896,valid=1,read_failures=0"
dengfoc,"SYNC_TRUTH,sequence=94838,truth_tick_us=190082588,mechanical_angle_rad=4.879592896,valid=1,read_failures=0"
dengfoc,"SYNC_TRUTH,sequence=94839,truth_tick_us=190084584,mechanical_angle_rad=4.879592896,valid=1,read_failures=0"
dengfoc,"SYNC_TRUTH,sequence=94840,truth_tick_us=190086588,mechanical_angle_rad=4.881126881,valid=1,read_failures=0"
dengfoc,"SYNC_TRUTH,sequence=94841,truth_tick_us=190088584,mechanical_angle_rad=4.881126881,valid=1,read_failures=0"
dengfoc,"SYNC_TRUTH,sequence=94842,truth_tick_us=190090588,mechanical_angle_rad=4.879592896,valid=1,read_failures=0"
dengfoc,"SYNC_TRUTH,sequence=94843,truth_tick_us=190092584,mechanical_angle_rad=4.879592896,valid=1,read_failures=0"
dengfoc,"SYNC_TRUTH,sequence=94844,truth_tick_us=190094588,mechanical_angle_rad=4.879592896,valid=1,read_failures=0"
dengfoc,"SYNC_TRUTH,sequence=94845,truth_tick_us=190096584,mechanical_angle_rad=4.879592896,valid=1,read_failures=0"
dengfoc,"SYNC_TRUTH,sequence=94846,truth_tick_us=190098588,mechanical_angle_rad=4.879592896,valid=1,read_failures=0"
dengfoc,"SYNC_TRUTH,sequence=94847,truth_tick_us=190100584,mechanical_angle_rad=4.881126881,valid=1,read_failures=0"
dengfoc,"SYNC_TRUTH,sequence=94848,truth_tick_us=190102588,mechanical_angle_rad=4.879592896,valid=1,read_failures=0"
dengfoc,"SYNC_TRUTH,sequence=94849,truth_tick_us=190104584,mechanical_angle_rad=4.881126881,valid=1,read_failures=0"
dengfoc,"SYNC_TRUTH,sequence=94850,truth_tick_us=190106588,mechanical_angle_rad=4.881126881,valid=1,read_failures=0"
dengfoc,"SYNC_TRUTH,sequence=94851,truth_tick_us=190108584,mechanical_angle_rad=4.879592896,valid=1,read_failures=0"
dengfoc,"SYNC_TRUTH,sequence=94852,truth_tick_us=190110588,mechanical_angle_rad=4.879592896,valid=1,read_failures=0"
dengfoc,"SYNC_TRUTH,sequence=94853,truth_tick_us=190112584,mechanical_angle_rad=4.881126881,valid=1,read_failures=0"
dengfoc,"SYNC_TRUTH,sequence=94854,truth_tick_us=190114588,mechanical_angle_rad=4.879592896,valid=1,read_failures=0"
dengfoc,"SYNC_TRUTH,sequence=94855,truth_tick_us=190116584,mechanical_angle_rad=4.879592896,valid=1,read_failures=0"
dengfoc,"SYNC_TRUTH,sequence=94856,truth_tick_us=190118588,mechanical_angle_rad=4.879592896,valid=1,read_failures=0"
dengfoc,"SYNC_TRUTH,sequence=94857,truth_tick_us=190120584,mechanical_angle_rad=4.879592896,valid=1,read_failures=0"
dengfoc,"SYNC_TRUTH,sequence=94858,truth_tick_us=190122588,mechanical_angle_rad=4.879592896,valid=1,read_failures=0"
dengfoc,"SYNC_TRUTH,sequence=94859,truth_tick_us=190124584,mechanical_angle_rad=4.881126881,valid=1,read_failures=0"
dengfoc,"SYNC_TRUTH,sequence=94860,truth_tick_us=190126588,mechanical_angle_rad=4.879592896,valid=1,read_failures=0"
dengfoc,"SYNC_TRUTH,sequence=94861,truth_tick_us=190128584,mechanical_angle_rad=4.881126881,valid=1,read_failures=0"
dengfoc,"SYNC_TRUTH,sequence=94862,truth_tick_us=190130588,mechanical_angle_rad=4.879592896,valid=1,read_failures=0"
dengfoc,"SYNC_TRUTH,sequence=94863,truth_tick_us=190132584,mechanical_angle_rad=4.879592896,valid=1,read_failures=0"
dengfoc,"SYNC_TRUTH,sequence=94864,truth_tick_us=190134588,mechanical_angle_rad=4.879592896,valid=1,read_failures=0"
dengfoc,"SYNC_TRUTH,sequence=94865,truth_tick_us=190136584,mechanical_angle_rad=4.881126881,valid=1,read_failures=0"
dengfoc,"SYNC_TRUTH,sequence=94866,truth_tick_us=190138588,mechanical_angle_rad=4.879592896,valid=1,read_failures=0"
dengfoc,"SYNC_TRUTH,sequence=94867,truth_tick_us=190140584,mechanical_angle_rad=4.881126881,valid=1,read_failures=0"
dengfoc,"SYNC_TRUTH,sequence=94868,truth_tick_us=190142588,mechanical_angle_rad=4.879592896,valid=1,read_failures=0"
dengfoc,"SYNC_TRUTH,sequence=94869,truth_tick_us=190144584,mechanical_angle_rad=4.879592896,valid=1,read_failures=0"
dengfoc,"SYNC_TRUTH,sequence=94870,truth_tick_us=190146588,mechanical_angle_rad=4.879592896,valid=1,read_failures=0"
dengfoc,"SYNC_TRUTH,sequence=94871,truth_tick_us=190148584,mechanical_angle_rad=4.881126881,valid=1,read_failures=0"
dengfoc,"SYNC_TRUTH,sequence=94872,truth_tick_us=190150588,mechanical_angle_rad=4.881126881,valid=1,read_failures=0"
dengfoc,"SYNC_TRUTH,sequence=94873,truth_tick_us=190152584,mechanical_angle_rad=4.879592896,valid=1,read_failures=0"
dengfoc,"SYNC_TRUTH,sequence=94874,truth_tick_us=190154588,mechanical_angle_rad=4.881126881,valid=1,read_failures=0"
dengfoc,"SYNC_TRUTH,sequence=94875,truth_tick_us=190156584,mechanical_angle_rad=4.879592896,valid=1,read_failures=0"
dengfoc,"SYNC_TRUTH,sequence=94876,truth_tick_us=190158588,mechanical_angle_rad=4.881126881,valid=1,read_failures=0"
dengfoc,"SYNC_TRUTH,sequence=94877,truth_tick_us=190160584,mechanical_angle_rad=4.881126881,valid=1,read_failures=0"
dengfoc,"SYNC_TRUTH,sequence=94878,truth_tick_us=190162588,mechanical_angle_rad=4.879592896,valid=1,read_failures=0"
dengfoc,"SYNC_TRUTH,sequence=94879,truth_tick_us=190164584,mechanical_angle_rad=4.881126881,valid=1,read_failures=0"
dengfoc,"SYNC_TRUTH,sequence=94880,truth_tick_us=190166588,mechanical_angle_rad=4.881126881,valid=1,read_failures=0"
dengfoc,"SYNC_TRUTH,sequence=94881,truth_tick_us=190168584,mechanical_angle_rad=4.881126881,valid=1,read_failures=0"
dengfoc,"SYNC_TRUTH,sequence=94882,truth_tick_us=190170588,mechanical_angle_rad=4.881126881,valid=1,read_failures=0"
dengfoc,"SYNC_TRUTH,sequence=94883,truth_tick_us=190172584,mechanical_angle_rad=4.881126881,valid=1,read_failures=0"
dengfoc,"SYNC_TRUTH,sequence=94884,truth_tick_us=190174588,mechanical_angle_rad=4.881126881,valid=1,read_failures=0"
dengfoc,"SYNC_TRUTH,sequence=94885,truth_tick_us=190176584,mechanical_angle_rad=4.881126881,valid=1,read_failures=0"
dengfoc,"SYNC_TRUTH,sequence=94886,truth_tick_us=190178588,mechanical_angle_rad=4.879592896,valid=1,read_failures=0"
dengfoc,"SYNC_TRUTH,sequence=94887,truth_tick_us=190180584,mechanical_angle_rad=4.881126881,valid=1,read_failures=0"
dengfoc,"SYNC_TRUTH,sequence=94888,truth_tick_us=190182588,mechanical_angle_rad=4.879592896,valid=1,read_failures=0"
dengfoc,"SYNC_TRUTH,sequence=94889,truth_tick_us=190184584,mechanical_angle_rad=4.879592896,valid=1,read_failures=0"
dengfoc,"SYNC_TRUTH,sequence=94890,truth_tick_us=190186588,mechanical_angle_rad=4.879592896,valid=1,read_failures=0"
dengfoc,"SYNC_TRUTH,sequence=94891,truth_tick_us=190188584,mechanical_angle_rad=4.881126881,valid=1,read_failures=0"
dengfoc,"SYNC_STATUS,frames=3,frame_fail=0,truth=94891,truth_fail=0,idle=0,capture_state=1,capture_failure=0,rejected=0,overflow=0,driver_disabled=1"
dengfoc,"SYNC_TRUTH,sequence=94892,truth_tick_us=190191592,mechanical_angle_rad=4.879592896,valid=1,read_failures=0"
dengfoc,"SYNC_TRUTH,sequence=94893,truth_tick_us=190193584,mechanical_angle_rad=4.879592896,valid=1,read_failures=0"
dengfoc,"SYNC_TRUTH,sequence=94894,truth_tick_us=190195588,mechanical_angle_rad=4.881126881,valid=1,read_failures=0"
dengfoc,"SYNC_TRUTH,sequence=94895,truth_tick_us=190197584,mechanical_angle_rad=4.879592896,valid=1,read_failures=0"
dengfoc,"SYNC_TRUTH,sequence=94896,truth_tick_us=190199588,mechanical_angle_rad=4.879592896,valid=1,read_failures=0"
dengfoc,"SYNC_TRUTH,sequence=94897,truth_tick_us=190201584,mechanical_angle_rad=4.879592896,valid=1,read_failures=0"
dengfoc,"SYNC_TRUTH,sequence=94898,truth_tick_us=190203588,mechanical_angle_rad=4.879592896,valid=1,read_failures=0"
dengfoc,"SYNC_TRUTH,sequence=94899,truth_tick_us=190205584,mechanical_angle_rad=4.879592896,valid=1,read_failures=0"
dengfoc,"SYNC_TRUTH,sequence=94900,truth_tick_us=190207588,mechanical_angle_rad=4.879592896,valid=1,read_failures=0"
dengfoc,"SYNC_TRUTH,sequence=94901,truth_tick_us=190209584,mechanical_angle_rad=4.879592896,valid=1,read_failures=0"
dengfoc,"SYNC_TRUTH,sequence=94902,truth_tick_us=190211588,mechanical_angle_rad=4.879592896,valid=1,read_failures=0"
dengfoc,"SYNC_TRUTH,sequence=94903,truth_tick_us=190213584,mechanical_angle_rad=4.879592896,valid=1,read_failures=0"
dengfoc,"SYNC_TRUTH,sequence=94904,truth_tick_us=190215588,mechanical_angle_rad=4.879592896,valid=1,read_failures=0"
dengfoc,"SYNC_TRUTH,sequence=94905,truth_tick_us=190217584,mechanical_angle_rad=4.879592896,valid=1,read_failures=0"
dengfoc,"SYNC_TRUTH,sequence=94906,truth_tick_us=190219588,mechanical_angle_rad=4.879592896,valid=1,read_failures=0"
dengfoc,"SYNC_TRUTH,sequence=94907,truth_tick_us=190221584,mechanical_angle_rad=4.881126881,valid=1,read_failures=0"
dengfoc,"SYNC_TRUTH,sequence=94908,truth_tick_us=190223588,mechanical_angle_rad=4.881126881,valid=1,read_failures=0"
dengfoc,"SYNC_TRUTH,sequence=94909,truth_tick_us=190225584,mechanical_angle_rad=4.879592896,valid=1,read_failures=0"
dengfoc,"SYNC_TRUTH,sequence=94910,truth_tick_us=190227588,mechanical_angle_rad=4.879592896,valid=1,read_failures=0"
dengfoc,"SYNC_TRUTH,sequence=94911,truth_tick_us=190229584,mechanical_angle_rad=4.879592896,valid=1,read_failures=0"
dengfoc,"SYNC_TRUTH,sequence=94912,truth_tick_us=190231588,mechanical_angle_rad=4.879592896,valid=1,read_failures=0"
dengfoc,"SYNC_TRUTH,sequence=94913,truth_tick_us=190233584,mechanical_angle_rad=4.879592896,valid=1,read_failures=0"
dengfoc,"SYNC_TRUTH,sequence=94914,truth_tick_us=190235588,mechanical_angle_rad=4.879592896,valid=1,read_failures=0"
dengfoc,"SYNC_TRUTH,sequence=94915,truth_tick_us=190237584,mechanical_angle_rad=4.881126881,valid=1,read_failures=0"
dengfoc,"SYNC_TRUTH,sequence=94916,truth_tick_us=190239588,mechanical_angle_rad=4.881126881,valid=1,read_failures=0"
dengfoc,"SYNC_TRUTH,sequence=94917,truth_tick_us=190241584,mechanical_angle_rad=4.879592896,valid=1,read_failures=0"
dengfoc,"SYNC_TRUTH,sequence=94918,truth_tick_us=190243588,mechanical_angle_rad=4.879592896,valid=1,read_failures=0"
dengfoc,"SYNC_TRUTH,sequence=94919,truth_tick_us=190245584,mechanical_angle_rad=4.879592896,valid=1,read_failures=0"
dengfoc,"SYNC_TRUTH,sequence=94920,truth_tick_us=190247588,mechanical_angle_rad=4.879592896,valid=1,read_failures=0"
dengfoc,"SYNC_TRUTH,sequence=94921,truth_tick_us=190249584,mechanical_angle_rad=4.881126881,valid=1,read_failures=0"
dengfoc,"SYNC_TRUTH,sequence=94922,truth_tick_us=190251588,mechanical_angle_rad=4.881126881,valid=1,read_failures=0"
dengfoc,"SYNC_TRUTH,sequence=94923,truth_tick_us=190253584,mechanical_angle_rad=4.881126881,valid=1,read_failures=0"
dengfoc,"SYNC_TRUTH,sequence=94924,truth_tick_us=190255588,mechanical_angle_rad=4.881126881,valid=1,read_failures=0"
dengfoc,"SYNC_TRUTH,sequence=94925,truth_tick_us=190257584,mechanical_angle_rad=4.879592896,valid=1,read_failures=0"
dengfoc,"SYNC_TRUTH,sequence=94926,truth_tick_us=190259588,mechanical_angle_rad=4.879592896,valid=1,read_failures=0"
dengfoc,"SYNC_TRUTH,sequence=94927,truth_tick_us=190261584,mechanical_angle_rad=4.881126881,valid=1,read_failures=0"
dengfoc,"SYNC_TRUTH,sequence=94928,truth_tick_us=190263588,mechanical_angle_rad=4.881126881,valid=1,read_failures=0"
dengfoc,"SYNC_TRUTH,sequence=94929,truth_tick_us=190265584,mechanical_angle_rad=4.881126881,valid=1,read_failures=0"
dengfoc,"SYNC_TRUTH,sequence=94930,truth_tick_us=190267588,mechanical_angle_rad=4.879592896,valid=1,read_failures=0"
dengfoc,"SYNC_TRUTH,sequence=94931,truth_tick_us=190269584,mechanical_angle_rad=4.879592896,valid=1,read_failures=0"
dengfoc,"SYNC_TRUTH,sequence=94932,truth_tick_us=190271588,mechanical_angle_rad=4.879592896,valid=1,read_failures=0"
dengfoc,"SYNC_TRUTH,sequence=94933,truth_tick_us=190273584,mechanical_angle_rad=4.879592896,valid=1,read_failures=0"
dengfoc,"SYNC_TRUTH,sequence=94934,truth_tick_us=190275588,mechanical_angle_rad=4.879592896,valid=1,read_failures=0"
dengfoc,"SYNC_TRUTH,sequence=94935,truth_tick_us=190277584,mechanical_angle_rad=4.879592896,valid=1,read_failures=0"
dengfoc,"SYNC_TRUTH,sequence=94936,truth_tick_us=190279588,mechanical_angle_rad=4.879592896,valid=1,read_failures=0"
dengfoc,"SYNC_TRUTH,sequence=94937,truth_tick_us=190281584,mechanical_angle_rad=4.879592896,valid=1,read_failures=0"
dengfoc,"SYNC_TRUTH,sequence=94938,truth_tick_us=190283588,mechanical_angle_rad=4.879592896,valid=1,read_failures=0"
dengfoc,"SYNC_TRUTH,sequence=94939,truth_tick_us=190285584,mechanical_angle_rad=4.879592896,valid=1,read_failures=0"
g431,foc_h3_sync_status
dengfoc,"SYNC_TRUTH,sequence=94940,truth_tick_us=190287588,mechanical_angle_rad=4.879592896,valid=1,read_failures=0"
dengfoc,"SYNC_TRUTH,sequence=94941,truth_tick_us=190289584,mechanical_angle_rad=4.879592896,valid=1,read_failures=0"
dengfoc,"SYNC_TRUTH,sequence=94942,truth_tick_us=190291588,mechanical_angle_rad=4.881126881,valid=1,read_failures=0"
dengfoc,"SYNC_TRUTH,sequence=94943,truth_tick_us=190293584,mechanical_angle_rad=4.879592896,valid=1,read_failures=0"
dengfoc,"SYNC_TRUTH,sequence=94944,truth_tick_us=190295588,mechanical_angle_rad=4.879592896,valid=1,read_failures=0"
g431,"FH3_SYNC_STATUS,1,196608,3,45,45,0,45,101,2643046945,15649187,7,20261004,122,222,0,30,100,2643046994,49"
g431,msh >
dengfoc,"SYNC_TRUTH,sequence=94945,truth_tick_us=190297584,mechanical_angle_rad=4.881126881,valid=1,read_failures=0"
dengfoc,"SYNC_TRUTH,sequence=94946,truth_tick_us=190299588,mechanical_angle_rad=4.879592896,valid=1,read_failures=0"
dengfoc,"SYNC_TRUTH,sequence=94947,truth_tick_us=190301584,mechanical_angle_rad=4.881126881,valid=1,read_failures=0"
dengfoc,"SYNC_TRUTH,sequence=94948,truth_tick_us=190303588,mechanical_angle_rad=4.881126881,valid=1,read_failures=0"
dengfoc,"SYNC_TRUTH,sequence=94949,truth_tick_us=190305584,mechanical_angle_rad=4.881126881,valid=1,read_failures=0"
dengfoc,"SYNC_TRUTH,sequence=94950,truth_tick_us=190307588,mechanical_angle_rad=4.879592896,valid=1,read_failures=0"
dengfoc,"SYNC_TRUTH,sequence=94951,truth_tick_us=190309584,mechanical_angle_rad=4.879592896,valid=1,read_failures=0"
dengfoc,"SYNC_TRUTH,sequence=94952,truth_tick_us=190311588,mechanical_angle_rad=4.879592896,valid=1,read_failures=0"
dengfoc,"SYNC_TRUTH,sequence=94953,truth_tick_us=190313584,mechanical_angle_rad=4.879592896,valid=1,read_failures=0"
dengfoc,"SYNC_TRUTH,sequence=94954,truth_tick_us=190315588,mechanical_angle_rad=4.879592896,valid=1,read_failures=0"
dengfoc,"SYNC_TRUTH,sequence=94955,truth_tick_us=190317584,mechanical_angle_rad=4.881126881,valid=1,read_failures=0"
dengfoc,"SYNC_TRUTH,sequence=94956,truth_tick_us=190319588,mechanical_angle_rad=4.879592896,valid=1,read_failures=0"
g431,msh >
dengfoc,"SYNC_TRUTH,sequence=94957,truth_tick_us=190321584,mechanical_angle_rad=4.881126881,valid=1,read_failures=0"
dengfoc,"SYNC_TRUTH,sequence=94958,truth_tick_us=190323588,mechanical_angle_rad=4.879592896,valid=1,read_failures=0"
dengfoc,"SYNC_TRUTH,sequence=94959,truth_tick_us=190325584,mechanical_angle_rad=4.879592896,valid=1,read_failures=0"
dengfoc,"SYNC_TRUTH,sequence=94960,truth_tick_us=190327588,mechanical_angle_rad=4.879592896,valid=1,read_failures=0"
dengfoc,"SYNC_TRUTH,sequence=94961,truth_tick_us=190329584,mechanical_angle_rad=4.879592896,valid=1,read_failures=0"
dengfoc,"SYNC_TRUTH,sequence=94962,truth_tick_us=190331588,mechanical_angle_rad=4.879592896,valid=1,read_failures=0"
dengfoc,"SYNC_TRUTH,sequence=94963,truth_tick_us=190333584,mechanical_angle_rad=4.881126881,valid=1,read_failures=0"
dengfoc,"SYNC_TRUTH,sequence=94964,truth_tick_us=190335588,mechanical_angle_rad=4.879592896,valid=1,read_failures=0"
dengfoc,"SYNC_TRUTH,sequence=94965,truth_tick_us=190337584,mechanical_angle_rad=4.879592896,valid=1,read_failures=0"
dengfoc,"SYNC_TRUTH,sequence=94966,truth_tick_us=190339588,mechanical_angle_rad=4.879592896,valid=1,read_failures=0"
dengfoc,"SYNC_TRUTH,sequence=94967,truth_tick_us=190341584,mechanical_angle_rad=4.881126881,valid=1,read_failures=0"
dengfoc,"SYNC_TRUTH,sequence=94968,truth_tick_us=190343588,mechanical_angle_rad=4.881126881,valid=1,read_failures=0"
dengfoc,"SYNC_TRUTH,sequence=94969,truth_tick_us=190345584,mechanical_angle_rad=4.879592896,valid=1,read_failures=0"
dengfoc,"SYNC_TRUTH,sequence=94970,truth_tick_us=190347588,mechanical_angle_rad=4.881126881,valid=1,read_failures=0"
dengfoc,"SYNC_TRUTH,sequence=94971,truth_tick_us=190349584,mechanical_angle_rad=4.879592896,valid=1,read_failures=0"
dengfoc,"SYNC_TRUTH,sequence=94972,truth_tick_us=190351588,mechanical_angle_rad=4.879592896,valid=1,read_failures=0"
dengfoc,"SYNC_TRUTH,sequence=94973,truth_tick_us=190353584,mechanical_angle_rad=4.879592896,valid=1,read_failures=0"
dengfoc,"SYNC_TRUTH,sequence=94974,truth_tick_us=190355588,mechanical_angle_rad=4.879592896,valid=1,read_failures=0"
dengfoc,"SYNC_TRUTH,sequence=94975,truth_tick_us=190357584,mechanical_angle_rad=4.881126881,valid=1,read_failures=0"
dengfoc,"SYNC_TRUTH,sequence=94976,truth_tick_us=190359588,mechanical_angle_rad=4.881126881,valid=1,read_failures=0"
dengfoc,"SYNC_TRUTH,sequence=94977,truth_tick_us=190361584,mechanical_angle_rad=4.879592896,valid=1,read_failures=0"
dengfoc,"SYNC_TRUTH,sequence=94978,truth_tick_us=190363588,mechanical_angle_rad=4.881126881,valid=1,read_failures=0"
dengfoc,"SYNC_TRUTH,sequence=94979,truth_tick_us=190365584,mechanical_angle_rad=4.879592896,valid=1,read_failures=0"
dengfoc,"SYNC_TRUTH,sequence=94980,truth_tick_us=190367588,mechanical_angle_rad=4.879592896,valid=1,read_failures=0"
dengfoc,"SYNC_TRUTH,sequence=94981,truth_tick_us=190369584,mechanical_angle_rad=4.879592896,valid=1,read_failures=0"
dengfoc,"SYNC_TRUTH,sequence=94982,truth_tick_us=190371588,mechanical_angle_rad=4.881126881,valid=1,read_failures=0"
dengfoc,"SYNC_TRUTH,sequence=94983,truth_tick_us=190373584,mechanical_angle_rad=4.879592896,valid=1,read_failures=0"
dengfoc,"SYNC_TRUTH,sequence=94984,truth_tick_us=190375588,mechanical_angle_rad=4.879592896,valid=1,read_failures=0"
dengfoc,"SYNC_TRUTH,sequence=94985,truth_tick_us=190377584,mechanical_angle_rad=4.879592896,valid=1,read_failures=0"
dengfoc,"SYNC_TRUTH,sequence=94986,truth_tick_us=190379588,mechanical_angle_rad=4.881126881,valid=1,read_failures=0"
dengfoc,"SYNC_TRUTH,sequence=94987,truth_tick_us=190381584,mechanical_angle_rad=4.879592896,valid=1,read_failures=0"
dengfoc,"SYNC_TRUTH,sequence=94988,truth_tick_us=190383588,mechanical_angle_rad=4.879592896,valid=1,read_failures=0"
dengfoc,"SYNC_TRUTH,sequence=94989,truth_tick_us=190385584,mechanical_angle_rad=4.881126881,valid=1,read_failures=0"
dengfoc,"SYNC_TRUTH,sequence=94990,truth_tick_us=190387588,mechanical_angle_rad=4.881126881,valid=1,read_failures=0"
dengfoc,"SYNC_TRUTH,sequence=94991,truth_tick_us=190389584,mechanical_angle_rad=4.881126881,valid=1,read_failures=0"
dengfoc,"SYNC_TRUTH,sequence=94992,truth_tick_us=190391588,mechanical_angle_rad=4.881126881,valid=1,read_failures=0"
dengfoc,"SYNC_TRUTH,sequence=94993,truth_tick_us=190393584,mechanical_angle_rad=4.881126881,valid=1,read_failures=0"
dengfoc,"SYNC_TRUTH,sequence=94994,truth_tick_us=190395588,mechanical_angle_rad=4.881126881,valid=1,read_failures=0"
dengfoc,"SYNC_TRUTH,sequence=94995,truth_tick_us=190397584,mechanical_angle_rad=4.881126881,valid=1,read_failures=0"
dengfoc,"SYNC_TRUTH,sequence=94996,truth_tick_us=190399588,mechanical_angle_rad=4.879592896,valid=1,read_failures=0"
dengfoc,"SYNC_TRUTH,sequence=94997,truth_tick_us=190401584,mechanical_angle_rad=4.879592896,valid=1,read_failures=0"
dengfoc,"SYNC_TRUTH,sequence=94998,truth_tick_us=190403588,mechanical_angle_rad=4.879592896,valid=1,read_failures=0"
dengfoc,"SYNC_TRUTH,sequence=94999,truth_tick_us=190405584,mechanical_angle_rad=4.881126881,valid=1,read_failures=0"
dengfoc,"SYNC_TRUTH,sequence=95000,truth_tick_us=190407588,mechanical_angle_rad=4.881126881,valid=1,read_failures=0"
dengfoc,"SYNC_TRUTH,sequence=95001,truth_tick_us=190409584,mechanical_angle_rad=4.879592896,valid=1,read_failures=0"
dengfoc,"SYNC_TRUTH,sequence=95002,truth_tick_us=190411588,mechanical_angle_rad=4.879592896,valid=1,read_failures=0"
dengfoc,"SYNC_TRUTH,sequence=95003,truth_tick_us=190413584,mechanical_angle_rad=4.881126881,valid=1,read_failures=0"
dengfoc,"SYNC_TRUTH,sequence=95004,truth_tick_us=190415588,mechanical_angle_rad=4.881126881,valid=1,read_failures=0"
dengfoc,"SYNC_TRUTH,sequence=95005,truth_tick_us=190417584,mechanical_angle_rad=4.881126881,valid=1,read_failures=0"
dengfoc,"SYNC_TRUTH,sequence=95006,truth_tick_us=190419588,mechanical_angle_rad=4.879592896,valid=1,read_failures=0"
dengfoc,"SYNC_TRUTH,sequence=95007,truth_tick_us=190421584,mechanical_angle_rad=4.881126881,valid=1,read_failures=0"
dengfoc,"SYNC_TRUTH,sequence=95008,truth_tick_us=190423588,mechanical_angle_rad=4.879592896,valid=1,read_failures=0"
dengfoc,"SYNC_TRUTH,sequence=95009,truth_tick_us=190425584,mechanical_angle_rad=4.881126881,valid=1,read_failures=0"
dengfoc,"SYNC_TRUTH,sequence=95010,truth_tick_us=190427588,mechanical_angle_rad=4.879592896,valid=1,read_failures=0"
dengfoc,"SYNC_TRUTH,sequence=95011,truth_tick_us=190429584,mechanical_angle_rad=4.879592896,valid=1,read_failures=0"
dengfoc,"SYNC_TRUTH,sequence=95012,truth_tick_us=190431588,mechanical_angle_rad=4.879592896,valid=1,read_failures=0"
dengfoc,"SYNC_TRUTH,sequence=95013,truth_tick_us=190433584,mechanical_angle_rad=4.881126881,valid=1,read_failures=0"
dengfoc,"SYNC_TRUTH,sequence=95014,truth_tick_us=190435588,mechanical_angle_rad=4.881126881,valid=1,read_failures=0"
dengfoc,"SYNC_TRUTH,sequence=95015,truth_tick_us=190437584,mechanical_angle_rad=4.879592896,valid=1,read_failures=0"
dengfoc,"SYNC_TRUTH,sequence=95016,truth_tick_us=190439588,mechanical_angle_rad=4.879592896,valid=1,read_failures=0"
dengfoc,"SYNC_TRUTH,sequence=95017,truth_tick_us=190441584,mechanical_angle_rad=4.881126881,valid=1,read_failures=0"
dengfoc,"SYNC_TRUTH,sequence=95018,truth_tick_us=190443588,mechanical_angle_rad=4.879592896,valid=1,read_failures=0"
dengfoc,"SYNC_TRUTH,sequence=95019,truth_tick_us=190445584,mechanical_angle_rad=4.879592896,valid=1,read_failures=0"
dengfoc,"SYNC_TRUTH,sequence=95020,truth_tick_us=190447588,mechanical_angle_rad=4.879592896,valid=1,read_failures=0"
dengfoc,"SYNC_TRUTH,sequence=95021,truth_tick_us=190449584,mechanical_angle_rad=4.879592896,valid=1,read_failures=0"
dengfoc,"SYNC_TRUTH,sequence=95022,truth_tick_us=190451588,mechanical_angle_rad=4.879592896,valid=1,read_failures=0"
dengfoc,"SYNC_TRUTH,sequence=95023,truth_tick_us=190453584,mechanical_angle_rad=4.879592896,valid=1,read_failures=0"
dengfoc,"SYNC_TRUTH,sequence=95024,truth_tick_us=190455588,mechanical_angle_rad=4.879592896,valid=1,read_failures=0"
dengfoc,"SYNC_TRUTH,sequence=95025,truth_tick_us=190457584,mechanical_angle_rad=4.879592896,valid=1,read_failures=0"
dengfoc,"SYNC_TRUTH,sequence=95026,truth_tick_us=190459588,mechanical_angle_rad=4.879592896,valid=1,read_failures=0"
dengfoc,"SYNC_TRUTH,sequence=95027,truth_tick_us=190461584,mechanical_angle_rad=4.879592896,valid=1,read_failures=0"
dengfoc,"SYNC_TRUTH,sequence=95028,truth_tick_us=190463588,mechanical_angle_rad=4.879592896,valid=1,read_failures=0"
dengfoc,"SYNC_TRUTH,sequence=95029,truth_tick_us=190465584,mechanical_angle_rad=4.879592896,valid=1,read_failures=0"
dengfoc,"SYNC_TRUTH,sequence=95030,truth_tick_us=190467588,mechanical_angle_rad=4.881126881,valid=1,read_failures=0"
dengfoc,"SYNC_TRUTH,sequence=95031,truth_tick_us=190469584,mechanical_angle_rad=4.879592896,valid=1,read_failures=0"
dengfoc,"SYNC_TRUTH,sequence=95032,truth_tick_us=190471588,mechanical_angle_rad=4.879592896,valid=1,read_failures=0"
dengfoc,"SYNC_TRUTH,sequence=95033,truth_tick_us=190473584,mechanical_angle_rad=4.879592896,valid=1,read_failures=0"
dengfoc,"SYNC_TRUTH,sequence=95034,truth_tick_us=190475588,mechanical_angle_rad=4.879592896,valid=1,read_failures=0"
dengfoc,"SYNC_TRUTH,sequence=95035,truth_tick_us=190477584,mechanical_angle_rad=4.879592896,valid=1,read_failures=0"
dengfoc,"SYNC_TRUTH,sequence=95036,truth_tick_us=190479588,mechanical_angle_rad=4.879592896,valid=1,read_failures=0"
dengfoc,"SYNC_TRUTH,sequence=95037,truth_tick_us=190481584,mechanical_angle_rad=4.879592896,valid=1,read_failures=0"
dengfoc,"SYNC_TRUTH,sequence=95038,truth_tick_us=190483588,mechanical_angle_rad=4.879592896,valid=1,read_failures=0"
dengfoc,"SYNC_TRUTH,sequence=95039,truth_tick_us=190485584,mechanical_angle_rad=4.881126881,valid=1,read_failures=0"
dengfoc,"SYNC_TRUTH,sequence=95040,truth_tick_us=190487588,mechanical_angle_rad=4.879592896,valid=1,read_failures=0"
dengfoc,"SYNC_TRUTH,sequence=95041,truth_tick_us=190489584,mechanical_angle_rad=4.881126881,valid=1,read_failures=0"
dengfoc,"SYNC_TRUTH,sequence=95042,truth_tick_us=190491588,mechanical_angle_rad=4.879592896,valid=1,read_failures=0"
dengfoc,"SYNC_TRUTH,sequence=95043,truth_tick_us=190493584,mechanical_angle_rad=4.881126881,valid=1,read_failures=0"
dengfoc,"SYNC_TRUTH,sequence=95044,truth_tick_us=190495588,mechanical_angle_rad=4.879592896,valid=1,read_failures=0"
dengfoc,"SYNC_TRUTH,sequence=95045,truth_tick_us=190497584,mechanical_angle_rad=4.879592896,valid=1,read_failures=0"
dengfoc,"SYNC_TRUTH,sequence=95046,truth_tick_us=190499588,mechanical_angle_rad=4.879592896,valid=1,read_failures=0"
dengfoc,"SYNC_TRUTH,sequence=95047,truth_tick_us=190501584,mechanical_angle_rad=4.881126881,valid=1,read_failures=0"
dengfoc,"SYNC_TRUTH,sequence=95048,truth_tick_us=190503588,mechanical_angle_rad=4.879592896,valid=1,read_failures=0"
dengfoc,"SYNC_TRUTH,sequence=95049,truth_tick_us=190505584,mechanical_angle_rad=4.881126881,valid=1,read_failures=0"
dengfoc,"SYNC_TRUTH,sequence=95050,truth_tick_us=190507588,mechanical_angle_rad=4.879592896,valid=1,read_failures=0"
dengfoc,"SYNC_TRUTH,sequence=95051,truth_tick_us=190509584,mechanical_angle_rad=4.879592896,valid=1,read_failures=0"
dengfoc,"SYNC_TRUTH,sequence=95052,truth_tick_us=190511588,mechanical_angle_rad=4.879592896,valid=1,read_failures=0"
dengfoc,"SYNC_TRUTH,sequence=95053,truth_tick_us=190513584,mechanical_angle_rad=4.879592896,valid=1,read_failures=0"
dengfoc,"SYNC_TRUTH,sequence=95054,truth_tick_us=190515588,mechanical_angle_rad=4.881126881,valid=1,read_failures=0"
dengfoc,"SYNC_TRUTH,sequence=95055,truth_tick_us=190517584,mechanical_angle_rad=4.879592896,valid=1,read_failures=0"
dengfoc,"SYNC_TRUTH,sequence=95056,truth_tick_us=190519588,mechanical_angle_rad=4.879592896,valid=1,read_failures=0"
dengfoc,"SYNC_TRUTH,sequence=95057,truth_tick_us=190521584,mechanical_angle_rad=4.879592896,valid=1,read_failures=0"
dengfoc,"SYNC_TRUTH,sequence=95058,truth_tick_us=190523588,mechanical_angle_rad=4.879592896,valid=1,read_failures=0"
dengfoc,"SYNC_TRUTH,sequence=95059,truth_tick_us=190525584,mechanical_angle_rad=4.879592896,valid=1,read_failures=0"
dengfoc,"SYNC_TRUTH,sequence=95060,truth_tick_us=190527588,mechanical_angle_rad=4.879592896,valid=1,read_failures=0"
dengfoc,"SYNC_TRUTH,sequence=95061,truth_tick_us=190529584,mechanical_angle_rad=4.879592896,valid=1,read_failures=0"
dengfoc,"SYNC_TRUTH,sequence=95062,truth_tick_us=190531588,mechanical_angle_rad=4.879592896,valid=1,read_failures=0"
dengfoc,"SYNC_TRUTH,sequence=95063,truth_tick_us=190533584,mechanical_angle_rad=4.879592896,valid=1,read_failures=0"
dengfoc,"SYNC_TRUTH,sequence=95064,truth_tick_us=190535588,mechanical_angle_rad=4.879592896,valid=1,read_failures=0"
dengfoc,"SYNC_TRUTH,sequence=95065,truth_tick_us=190537584,mechanical_angle_rad=4.879592896,valid=1,read_failures=0"
dengfoc,"SYNC_TRUTH,sequence=95066,truth_tick_us=190539588,mechanical_angle_rad=4.881126881,valid=1,read_failures=0"
dengfoc,"SYNC_TRUTH,sequence=95067,truth_tick_us=190541584,mechanical_angle_rad=4.879592896,valid=1,read_failures=0"
dengfoc,"SYNC_TRUTH,sequence=95068,truth_tick_us=190543588,mechanical_angle_rad=4.879592896,valid=1,read_failures=0"
dengfoc,"SYNC_TRUTH,sequence=95069,truth_tick_us=190545584,mechanical_angle_rad=4.881126881,valid=1,read_failures=0"
dengfoc,"SYNC_TRUTH,sequence=95070,truth_tick_us=190547588,mechanical_angle_rad=4.881126881,valid=1,read_failures=0"
dengfoc,"SYNC_TRUTH,sequence=95071,truth_tick_us=190549584,mechanical_angle_rad=4.881126881,valid=1,read_failures=0"
dengfoc,"SYNC_TRUTH,sequence=95072,truth_tick_us=190551588,mechanical_angle_rad=4.879592896,valid=1,read_failures=0"
dengfoc,"SYNC_TRUTH,sequence=95073,truth_tick_us=190553584,mechanical_angle_rad=4.881126881,valid=1,read_failures=0"
dengfoc,"SYNC_TRUTH,sequence=95074,truth_tick_us=190555588,mechanical_angle_rad=4.879592896,valid=1,read_failures=0"
dengfoc,"SYNC_TRUTH,sequence=95075,truth_tick_us=190557584,mechanical_angle_rad=4.879592896,valid=1,read_failures=0"
dengfoc,"SYNC_TRUTH,sequence=95076,truth_tick_us=190559588,mechanical_angle_rad=4.881126881,valid=1,read_failures=0"
dengfoc,"SYNC_TRUTH,sequence=95077,truth_tick_us=190561584,mechanical_angle_rad=4.881126881,valid=1,read_failures=0"
dengfoc,"SYNC_TRUTH,sequence=95078,truth_tick_us=190563588,mechanical_angle_rad=4.879592896,valid=1,read_failures=0"
dengfoc,"SYNC_TRUTH,sequence=95079,truth_tick_us=190565584,mechanical_angle_rad=4.879592896,valid=1,read_failures=0"
dengfoc,"SYNC_TRUTH,sequence=95080,truth_tick_us=190567588,mechanical_angle_rad=4.879592896,valid=1,read_failures=0"
dengfoc,"SYNC_TRUTH,sequence=95081,truth_tick_us=190569584,mechanical_angle_rad=4.879592896,valid=1,read_failures=0"
dengfoc,"SYNC_TRUTH,sequence=95082,truth_tick_us=190571588,mechanical_angle_rad=4.879592896,valid=1,read_failures=0"
dengfoc,"SYNC_TRUTH,sequence=95083,truth_tick_us=190573584,mechanical_angle_rad=4.879592896,valid=1,read_failures=0"
dengfoc,"SYNC_TRUTH,sequence=95084,truth_tick_us=190575588,mechanical_angle_rad=4.879592896,valid=1,read_failures=0"
dengfoc,"SYNC_TRUTH,sequence=95085,truth_tick_us=190577584,mechanical_angle_rad=4.881126881,valid=1,read_failures=0"
dengfoc,"SYNC_TRUTH,sequence=95086,truth_tick_us=190579588,mechanical_angle_rad=4.881126881,valid=1,read_failures=0"
dengfoc,"SYNC_TRUTH,sequence=95087,truth_tick_us=190581584,mechanical_angle_rad=4.879592896,valid=1,read_failures=0"
dengfoc,"SYNC_TRUTH,sequence=95088,truth_tick_us=190583588,mechanical_angle_rad=4.879592896,valid=1,read_failures=0"
dengfoc,"SYNC_TRUTH,sequence=95089,truth_tick_us=190585584,mechanical_angle_rad=4.879592896,valid=1,read_failures=0"
dengfoc,"SYNC_TRUTH,sequence=95090,truth_tick_us=190587588,mechanical_angle_rad=4.881126881,valid=1,read_failures=0"
dengfoc,"SYNC_TRUTH,sequence=95091,truth_tick_us=190589584,mechanical_angle_rad=4.879592896,valid=1,read_failures=0"
dengfoc,"SYNC_TRUTH,sequence=95092,truth_tick_us=190591588,mechanical_angle_rad=4.881126881,valid=1,read_failures=0"
dengfoc,"SYNC_TRUTH,sequence=95093,truth_tick_us=190593584,mechanical_angle_rad=4.879592896,valid=1,read_failures=0"
dengfoc,"SYNC_TRUTH,sequence=95094,truth_tick_us=190595588,mechanical_angle_rad=4.879592896,valid=1,read_failures=0"
dengfoc,"SYNC_TRUTH,sequence=95095,truth_tick_us=190597584,mechanical_angle_rad=4.879592896,valid=1,read_failures=0"
dengfoc,"SYNC_TRUTH,sequence=95096,truth_tick_us=190599588,mechanical_angle_rad=4.879592896,valid=1,read_failures=0"
dengfoc,"SYNC_TRUTH,sequence=95097,truth_tick_us=190601584,mechanical_angle_rad=4.881126881,valid=1,read_failures=0"
dengfoc,"SYNC_TRUTH,sequence=95098,truth_tick_us=190603588,mechanical_angle_rad=4.881126881,valid=1,read_failures=0"
dengfoc,"SYNC_TRUTH,sequence=95099,truth_tick_us=190605584,mechanical_angle_rad=4.881126881,valid=1,read_failures=0"
g431,foc_h3_sync_send 20261004 123 223
dengfoc,"SYNC_TRUTH,sequence=95100,truth_tick_us=190607588,mechanical_angle_rad=4.879592896,valid=1,read_failures=0"
dengfoc,"SYNC_TRUTH,sequence=95101,truth_tick_us=190609584,mechanical_angle_rad=4.879592896,valid=1,read_failures=0"
dengfoc,"SYNC_TRUTH,sequence=95102,truth_tick_us=190611592,mechanical_angle_rad=4.881126881,valid=1,read_failures=0"
dengfoc,"SYNC_TRUTH,sequence=95103,truth_tick_us=190613584,mechanical_angle_rad=4.879592896,valid=1,read_failures=0"
g431,"FH3_SYNC_SEND,1,196608,2,46,45,0,45,0,0,4294967295,0,20261004,123,223,0,30,0,0,0"
dengfoc,"SYNC_TRUTH,sequence=95104,truth_tick_us=190615588,mechanical_angle_rad=4.881126881,valid=1,read_failures=0"
g431,msh >
dengfoc,"SYNC_TRUTH,sequence=95105,truth_tick_us=190617584,mechanical_angle_rad=4.879592896,valid=1,read_failures=0"
dengfoc,"SYNC_TRUTH,sequence=95106,truth_tick_us=190619588,mechanical_angle_rad=4.881126881,valid=1,read_failures=0"
dengfoc,"SYNC_ANCHOR_RX,session=20261004,edge_sequence=123,edge_tag=223,truth_tick_us=190610277,source=2,flags=0x00000003"
dengfoc,"SYNC_TRUTH,sequence=95107,truth_tick_us=190622588,mechanical_angle_rad=4.881126881,valid=1,read_failures=0"
dengfoc,"SYNC_TRUTH,sequence=95108,truth_tick_us=190624588,mechanical_angle_rad=4.881126881,valid=1,read_failures=0"
dengfoc,"SYNC_TRUTH,sequence=95109,truth_tick_us=190626584,mechanical_angle_rad=4.879592896,valid=1,read_failures=0"
dengfoc,"SYNC_TRUTH,sequence=95110,truth_tick_us=190628588,mechanical_angle_rad=4.879592896,valid=1,read_failures=0"
dengfoc,"SYNC_TRUTH,sequence=95111,truth_tick_us=190630584,mechanical_angle_rad=4.879592896,valid=1,read_failures=0"
dengfoc,"SYNC_TRUTH,sequence=95112,truth_tick_us=190632588,mechanical_angle_rad=4.879592896,valid=1,read_failures=0"
dengfoc,"SYNC_TRUTH,sequence=95113,truth_tick_us=190634584,mechanical_angle_rad=4.879592896,valid=1,read_failures=0"
dengfoc,"SYNC_TRUTH,sequence=95114,truth_tick_us=190636588,mechanical_angle_rad=4.881126881,valid=1,read_failures=0"
dengfoc,"SYNC_TRUTH,sequence=95115,truth_tick_us=190638584,mechanical_angle_rad=4.879592896,valid=1,read_failures=0"
dengfoc,"SYNC_TRUTH,sequence=95116,truth_tick_us=190640588,mechanical_angle_rad=4.879592896,valid=1,read_failures=0"
dengfoc,"SYNC_TRUTH,sequence=95117,truth_tick_us=190642584,mechanical_angle_rad=4.879592896,valid=1,read_failures=0"
dengfoc,"SYNC_TRUTH,sequence=95118,truth_tick_us=190644588,mechanical_angle_rad=4.879592896,valid=1,read_failures=0"
g431,msh >
dengfoc,"SYNC_TRUTH,sequence=95119,truth_tick_us=190646584,mechanical_angle_rad=4.879592896,valid=1,read_failures=0"
dengfoc,"SYNC_TRUTH,sequence=95120,truth_tick_us=190648588,mechanical_angle_rad=4.879592896,valid=1,read_failures=0"
dengfoc,"SYNC_TRUTH,sequence=95121,truth_tick_us=190650584,mechanical_angle_rad=4.879592896,valid=1,read_failures=0"
dengfoc,"SYNC_TRUTH,sequence=95122,truth_tick_us=190652588,mechanical_angle_rad=4.879592896,valid=1,read_failures=0"
dengfoc,"SYNC_TRUTH,sequence=95123,truth_tick_us=190654584,mechanical_angle_rad=4.879592896,valid=1,read_failures=0"
dengfoc,"SYNC_TRUTH,sequence=95124,truth_tick_us=190656588,mechanical_angle_rad=4.879592896,valid=1,read_failures=0"
dengfoc,"SYNC_TRUTH,sequence=95125,truth_tick_us=190658584,mechanical_angle_rad=4.881126881,valid=1,read_failures=0"
dengfoc,"SYNC_TRUTH,sequence=95126,truth_tick_us=190660588,mechanical_angle_rad=4.879592896,valid=1,read_failures=0"
dengfoc,"SYNC_TRUTH,sequence=95127,truth_tick_us=190662584,mechanical_angle_rad=4.879592896,valid=1,read_failures=0"
dengfoc,"SYNC_TRUTH,sequence=95128,truth_tick_us=190664588,mechanical_angle_rad=4.879592896,valid=1,read_failures=0"
dengfoc,"SYNC_TRUTH,sequence=95129,truth_tick_us=190666584,mechanical_angle_rad=4.879592896,valid=1,read_failures=0"
dengfoc,"SYNC_TRUTH,sequence=95130,truth_tick_us=190668588,mechanical_angle_rad=4.879592896,valid=1,read_failures=0"
dengfoc,"SYNC_TRUTH,sequence=95131,truth_tick_us=190670584,mechanical_angle_rad=4.879592896,valid=1,read_failures=0"
dengfoc,"SYNC_TRUTH,sequence=95132,truth_tick_us=190672588,mechanical_angle_rad=4.879592896,valid=1,read_failures=0"
dengfoc,"SYNC_TRUTH,sequence=95133,truth_tick_us=190674584,mechanical_angle_rad=4.879592896,valid=1,read_failures=0"
dengfoc,"SYNC_TRUTH,sequence=95134,truth_tick_us=190676588,mechanical_angle_rad=4.881126881,valid=1,read_failures=0"
dengfoc,"SYNC_TRUTH,sequence=95135,truth_tick_us=190678584,mechanical_angle_rad=4.879592896,valid=1,read_failures=0"
dengfoc,"SYNC_TRUTH,sequence=95136,truth_tick_us=190680588,mechanical_angle_rad=4.879592896,valid=1,read_failures=0"
dengfoc,"SYNC_TRUTH,sequence=95137,truth_tick_us=190682584,mechanical_angle_rad=4.879592896,valid=1,read_failures=0"
dengfoc,"SYNC_TRUTH,sequence=95138,truth_tick_us=190684588,mechanical_angle_rad=4.879592896,valid=1,read_failures=0"
dengfoc,"SYNC_TRUTH,sequence=95139,truth_tick_us=190686584,mechanical_angle_rad=4.879592896,valid=1,read_failures=0"
dengfoc,"SYNC_TRUTH,sequence=95140,truth_tick_us=190688588,mechanical_angle_rad=4.881126881,valid=1,read_failures=0"
dengfoc,"SYNC_TRUTH,sequence=95141,truth_tick_us=190690584,mechanical_angle_rad=4.879592896,valid=1,read_failures=0"
dengfoc,"SYNC_TRUTH,sequence=95142,truth_tick_us=190692588,mechanical_angle_rad=4.879592896,valid=1,read_failures=0"
dengfoc,"SYNC_TRUTH,sequence=95143,truth_tick_us=190694584,mechanical_angle_rad=4.881126881,valid=1,read_failures=0"
dengfoc,"SYNC_TRUTH,sequence=95144,truth_tick_us=190696588,mechanical_angle_rad=4.879592896,valid=1,read_failures=0"
dengfoc,"SYNC_TRUTH,sequence=95145,truth_tick_us=190698584,mechanical_angle_rad=4.879592896,valid=1,read_failures=0"
dengfoc,"SYNC_TRUTH,sequence=95146,truth_tick_us=190700588,mechanical_angle_rad=4.879592896,valid=1,read_failures=0"
dengfoc,"SYNC_TRUTH,sequence=95147,truth_tick_us=190702584,mechanical_angle_rad=4.879592896,valid=1,read_failures=0"
dengfoc,"SYNC_TRUTH,sequence=95148,truth_tick_us=190704588,mechanical_angle_rad=4.879592896,valid=1,read_failures=0"
dengfoc,"SYNC_TRUTH,sequence=95149,truth_tick_us=190706584,mechanical_angle_rad=4.879592896,valid=1,read_failures=0"
dengfoc,"SYNC_TRUTH,sequence=95150,truth_tick_us=190708588,mechanical_angle_rad=4.879592896,valid=1,read_failures=0"
dengfoc,"SYNC_TRUTH,sequence=95151,truth_tick_us=190710584,mechanical_angle_rad=4.879592896,valid=1,read_failures=0"
dengfoc,"SYNC_TRUTH,sequence=95152,truth_tick_us=190712588,mechanical_angle_rad=4.879592896,valid=1,read_failures=0"
dengfoc,"SYNC_TRUTH,sequence=95153,truth_tick_us=190714584,mechanical_angle_rad=4.879592896,valid=1,read_failures=0"
dengfoc,"SYNC_TRUTH,sequence=95154,truth_tick_us=190716588,mechanical_angle_rad=4.881126881,valid=1,read_failures=0"
dengfoc,"SYNC_TRUTH,sequence=95155,truth_tick_us=190718584,mechanical_angle_rad=4.881126881,valid=1,read_failures=0"
dengfoc,"SYNC_TRUTH,sequence=95156,truth_tick_us=190720588,mechanical_angle_rad=4.879592896,valid=1,read_failures=0"
dengfoc,"SYNC_TRUTH,sequence=95157,truth_tick_us=190722584,mechanical_angle_rad=4.881126881,valid=1,read_failures=0"
dengfoc,"SYNC_TRUTH,sequence=95158,truth_tick_us=190724588,mechanical_angle_rad=4.881126881,valid=1,read_failures=0"
dengfoc,"SYNC_TRUTH,sequence=95159,truth_tick_us=190726584,mechanical_angle_rad=4.879592896,valid=1,read_failures=0"
dengfoc,"SYNC_TRUTH,sequence=95160,truth_tick_us=190728588,mechanical_angle_rad=4.881126881,valid=1,read_failures=0"
dengfoc,"SYNC_TRUTH,sequence=95161,truth_tick_us=190730584,mechanical_angle_rad=4.881126881,valid=1,read_failures=0"
dengfoc,"SYNC_TRUTH,sequence=95162,truth_tick_us=190732588,mechanical_angle_rad=4.879592896,valid=1,read_failures=0"
dengfoc,"SYNC_TRUTH,sequence=95163,truth_tick_us=190734584,mechanical_angle_rad=4.879592896,valid=1,read_failures=0"
dengfoc,"SYNC_TRUTH,sequence=95164,truth_tick_us=190736588,mechanical_angle_rad=4.881126881,valid=1,read_failures=0"
dengfoc,"SYNC_TRUTH,sequence=95165,truth_tick_us=190738584,mechanical_angle_rad=4.879592896,valid=1,read_failures=0"
dengfoc,"SYNC_TRUTH,sequence=95166,truth_tick_us=190740588,mechanical_angle_rad=4.879592896,valid=1,read_failures=0"
dengfoc,"SYNC_TRUTH,sequence=95167,truth_tick_us=190742584,mechanical_angle_rad=4.879592896,valid=1,read_failures=0"
dengfoc,"SYNC_TRUTH,sequence=95168,truth_tick_us=190744588,mechanical_angle_rad=4.879592896,valid=1,read_failures=0"
dengfoc,"SYNC_TRUTH,sequence=95169,truth_tick_us=190746584,mechanical_angle_rad=4.879592896,valid=1,read_failures=0"
dengfoc,"SYNC_TRUTH,sequence=95170,truth_tick_us=190748588,mechanical_angle_rad=4.879592896,valid=1,read_failures=0"
dengfoc,"SYNC_TRUTH,sequence=95171,truth_tick_us=190750584,mechanical_angle_rad=4.879592896,valid=1,read_failures=0"
dengfoc,"SYNC_TRUTH,sequence=95172,truth_tick_us=190752588,mechanical_angle_rad=4.879592896,valid=1,read_failures=0"
dengfoc,"SYNC_TRUTH,sequence=95173,truth_tick_us=190754584,mechanical_angle_rad=4.879592896,valid=1,read_failures=0"
dengfoc,"SYNC_TRUTH,sequence=95174,truth_tick_us=190756588,mechanical_angle_rad=4.879592896,valid=1,read_failures=0"
dengfoc,"SYNC_TRUTH,sequence=95175,truth_tick_us=190758584,mechanical_angle_rad=4.881126881,valid=1,read_failures=0"
dengfoc,"SYNC_TRUTH,sequence=95176,truth_tick_us=190760588,mechanical_angle_rad=4.879592896,valid=1,read_failures=0"
dengfoc,"SYNC_TRUTH,sequence=95177,truth_tick_us=190762584,mechanical_angle_rad=4.879592896,valid=1,read_failures=0"
dengfoc,"SYNC_TRUTH,sequence=95178,truth_tick_us=190764588,mechanical_angle_rad=4.879592896,valid=1,read_failures=0"
dengfoc,"SYNC_TRUTH,sequence=95179,truth_tick_us=190766584,mechanical_angle_rad=4.881126881,valid=1,read_failures=0"
dengfoc,"SYNC_TRUTH,sequence=95180,truth_tick_us=190768588,mechanical_angle_rad=4.879592896,valid=1,read_failures=0"
dengfoc,"SYNC_TRUTH,sequence=95181,truth_tick_us=190770584,mechanical_angle_rad=4.879592896,valid=1,read_failures=0"
dengfoc,"SYNC_TRUTH,sequence=95182,truth_tick_us=190772588,mechanical_angle_rad=4.879592896,valid=1,read_failures=0"
dengfoc,"SYNC_TRUTH,sequence=95183,truth_tick_us=190774584,mechanical_angle_rad=4.879592896,valid=1,read_failures=0"
dengfoc,"SYNC_TRUTH,sequence=95184,truth_tick_us=190776588,mechanical_angle_rad=4.879592896,valid=1,read_failures=0"
dengfoc,"SYNC_TRUTH,sequence=95185,truth_tick_us=190778584,mechanical_angle_rad=4.881126881,valid=1,read_failures=0"
dengfoc,"SYNC_TRUTH,sequence=95186,truth_tick_us=190780588,mechanical_angle_rad=4.879592896,valid=1,read_failures=0"
dengfoc,"SYNC_TRUTH,sequence=95187,truth_tick_us=190782584,mechanical_angle_rad=4.879592896,valid=1,read_failures=0"
dengfoc,"SYNC_TRUTH,sequence=95188,truth_tick_us=190784588,mechanical_angle_rad=4.879592896,valid=1,read_failures=0"
dengfoc,"SYNC_TRUTH,sequence=95189,truth_tick_us=190786584,mechanical_angle_rad=4.881126881,valid=1,read_failures=0"
dengfoc,"SYNC_TRUTH,sequence=95190,truth_tick_us=190788588,mechanical_angle_rad=4.879592896,valid=1,read_failures=0"
dengfoc,"SYNC_TRUTH,sequence=95191,truth_tick_us=190790584,mechanical_angle_rad=4.879592896,valid=1,read_failures=0"
dengfoc,"SYNC_TRUTH,sequence=95192,truth_tick_us=190792588,mechanical_angle_rad=4.879592896,valid=1,read_failures=0"
dengfoc,"SYNC_TRUTH,sequence=95193,truth_tick_us=190794584,mechanical_angle_rad=4.879592896,valid=1,read_failures=0"
dengfoc,"SYNC_TRUTH,sequence=95194,truth_tick_us=190796588,mechanical_angle_rad=4.881126881,valid=1,read_failures=0"
dengfoc,"SYNC_TRUTH,sequence=95195,truth_tick_us=190798584,mechanical_angle_rad=4.881126881,valid=1,read_failures=0"
dengfoc,"SYNC_TRUTH,sequence=95196,truth_tick_us=190800588,mechanical_angle_rad=4.881126881,valid=1,read_failures=0"
dengfoc,"SYNC_TRUTH,sequence=95197,truth_tick_us=190802584,mechanical_angle_rad=4.879592896,valid=1,read_failures=0"
dengfoc,"SYNC_TRUTH,sequence=95198,truth_tick_us=190804588,mechanical_angle_rad=4.879592896,valid=1,read_failures=0"
dengfoc,"SYNC_TRUTH,sequence=95199,truth_tick_us=190806584,mechanical_angle_rad=4.879592896,valid=1,read_failures=0"
dengfoc,"SYNC_TRUTH,sequence=95200,truth_tick_us=190808588,mechanical_angle_rad=4.879592896,valid=1,read_failures=0"
dengfoc,"SYNC_TRUTH,sequence=95201,truth_tick_us=190810584,mechanical_angle_rad=4.881126881,valid=1,read_failures=0"
dengfoc,"SYNC_TRUTH,sequence=95202,truth_tick_us=190812588,mechanical_angle_rad=4.881126881,valid=1,read_failures=0"
dengfoc,"SYNC_TRUTH,sequence=95203,truth_tick_us=190814584,mechanical_angle_rad=4.879592896,valid=1,read_failures=0"
dengfoc,"SYNC_TRUTH,sequence=95204,truth_tick_us=190816588,mechanical_angle_rad=4.879592896,valid=1,read_failures=0"
dengfoc,"SYNC_TRUTH,sequence=95205,truth_tick_us=190818584,mechanical_angle_rad=4.879592896,valid=1,read_failures=0"
dengfoc,"SYNC_TRUTH,sequence=95206,truth_tick_us=190820588,mechanical_angle_rad=4.879592896,valid=1,read_failures=0"
dengfoc,"SYNC_TRUTH,sequence=95207,truth_tick_us=190822584,mechanical_angle_rad=4.879592896,valid=1,read_failures=0"
dengfoc,"SYNC_TRUTH,sequence=95208,truth_tick_us=190824588,mechanical_angle_rad=4.881126881,valid=1,read_failures=0"
dengfoc,"SYNC_TRUTH,sequence=95209,truth_tick_us=190826584,mechanical_angle_rad=4.879592896,valid=1,read_failures=0"
dengfoc,"SYNC_TRUTH,sequence=95210,truth_tick_us=190828588,mechanical_angle_rad=4.879592896,valid=1,read_failures=0"
dengfoc,"SYNC_TRUTH,sequence=95211,truth_tick_us=190830584,mechanical_angle_rad=4.879592896,valid=1,read_failures=0"
dengfoc,"SYNC_TRUTH,sequence=95212,truth_tick_us=190832588,mechanical_angle_rad=4.879592896,valid=1,read_failures=0"
dengfoc,"SYNC_TRUTH,sequence=95213,truth_tick_us=190834584,mechanical_angle_rad=4.879592896,valid=1,read_failures=0"
dengfoc,"SYNC_TRUTH,sequence=95214,truth_tick_us=190836588,mechanical_angle_rad=4.879592896,valid=1,read_failures=0"
dengfoc,"SYNC_TRUTH,sequence=95215,truth_tick_us=190838584,mechanical_angle_rad=4.879592896,valid=1,read_failures=0"
dengfoc,"SYNC_TRUTH,sequence=95216,truth_tick_us=190840588,mechanical_angle_rad=4.881126881,valid=1,read_failures=0"
dengfoc,"SYNC_TRUTH,sequence=95217,truth_tick_us=190842584,mechanical_angle_rad=4.881126881,valid=1,read_failures=0"
dengfoc,"SYNC_TRUTH,sequence=95218,truth_tick_us=190844588,mechanical_angle_rad=4.879592896,valid=1,read_failures=0"
dengfoc,"SYNC_TRUTH,sequence=95219,truth_tick_us=190846584,mechanical_angle_rad=4.881126881,valid=1,read_failures=0"
dengfoc,"SYNC_TRUTH,sequence=95220,truth_tick_us=190848588,mechanical_angle_rad=4.881126881,valid=1,read_failures=0"
dengfoc,"SYNC_TRUTH,sequence=95221,truth_tick_us=190850584,mechanical_angle_rad=4.881126881,valid=1,read_failures=0"
dengfoc,"SYNC_TRUTH,sequence=95222,truth_tick_us=190852588,mechanical_angle_rad=4.879592896,valid=1,read_failures=0"
dengfoc,"SYNC_TRUTH,sequence=95223,truth_tick_us=190854584,mechanical_angle_rad=4.881126881,valid=1,read_failures=0"
dengfoc,"SYNC_TRUTH,sequence=95224,truth_tick_us=190856588,mechanical_angle_rad=4.879592896,valid=1,read_failures=0"
dengfoc,"SYNC_TRUTH,sequence=95225,truth_tick_us=190858584,mechanical_angle_rad=4.879592896,valid=1,read_failures=0"
dengfoc,"SYNC_TRUTH,sequence=95226,truth_tick_us=190860588,mechanical_angle_rad=4.879592896,valid=1,read_failures=0"
dengfoc,"SYNC_TRUTH,sequence=95227,truth_tick_us=190862584,mechanical_angle_rad=4.879592896,valid=1,read_failures=0"
dengfoc,"SYNC_TRUTH,sequence=95228,truth_tick_us=190864588,mechanical_angle_rad=4.879592896,valid=1,read_failures=0"
dengfoc,"SYNC_TRUTH,sequence=95229,truth_tick_us=190866584,mechanical_angle_rad=4.881126881,valid=1,read_failures=0"
dengfoc,"SYNC_TRUTH,sequence=95230,truth_tick_us=190868588,mechanical_angle_rad=4.879592896,valid=1,read_failures=0"
dengfoc,"SYNC_TRUTH,sequence=95231,truth_tick_us=190870584,mechanical_angle_rad=4.879592896,valid=1,read_failures=0"
dengfoc,"SYNC_TRUTH,sequence=95232,truth_tick_us=190872588,mechanical_angle_rad=4.879592896,valid=1,read_failures=0"
dengfoc,"SYNC_TRUTH,sequence=95233,truth_tick_us=190874584,mechanical_angle_rad=4.879592896,valid=1,read_failures=0"
dengfoc,"SYNC_TRUTH,sequence=95234,truth_tick_us=190876588,mechanical_angle_rad=4.879592896,valid=1,read_failures=0"
dengfoc,"SYNC_TRUTH,sequence=95235,truth_tick_us=190878584,mechanical_angle_rad=4.881126881,valid=1,read_failures=0"
dengfoc,"SYNC_TRUTH,sequence=95236,truth_tick_us=190880588,mechanical_angle_rad=4.879592896,valid=1,read_failures=0"
dengfoc,"SYNC_TRUTH,sequence=95237,truth_tick_us=190882584,mechanical_angle_rad=4.879592896,valid=1,read_failures=0"
dengfoc,"SYNC_TRUTH,sequence=95238,truth_tick_us=190884588,mechanical_angle_rad=4.881126881,valid=1,read_failures=0"
dengfoc,"SYNC_TRUTH,sequence=95239,truth_tick_us=190886584,mechanical_angle_rad=4.881126881,valid=1,read_failures=0"
dengfoc,"SYNC_TRUTH,sequence=95240,truth_tick_us=190888588,mechanical_angle_rad=4.879592896,valid=1,read_failures=0"
dengfoc,"SYNC_TRUTH,sequence=95241,truth_tick_us=190890584,mechanical_angle_rad=4.879592896,valid=1,read_failures=0"
dengfoc,"SYNC_TRUTH,sequence=95242,truth_tick_us=190892588,mechanical_angle_rad=4.881126881,valid=1,read_failures=0"
dengfoc,"SYNC_TRUTH,sequence=95243,truth_tick_us=190894584,mechanical_angle_rad=4.881126881,valid=1,read_failures=0"
dengfoc,"SYNC_TRUTH,sequence=95244,truth_tick_us=190896588,mechanical_angle_rad=4.879592896,valid=1,read_failures=0"
dengfoc,"SYNC_TRUTH,sequence=95245,truth_tick_us=190898584,mechanical_angle_rad=4.879592896,valid=1,read_failures=0"
dengfoc,"SYNC_TRUTH,sequence=95246,truth_tick_us=190900588,mechanical_angle_rad=4.879592896,valid=1,read_failures=0"
dengfoc,"SYNC_TRUTH,sequence=95247,truth_tick_us=190902584,mechanical_angle_rad=4.881126881,valid=1,read_failures=0"
dengfoc,"SYNC_TRUTH,sequence=95248,truth_tick_us=190904588,mechanical_angle_rad=4.879592896,valid=1,read_failures=0"
dengfoc,"SYNC_TRUTH,sequence=95249,truth_tick_us=190906584,mechanical_angle_rad=4.881126881,valid=1,read_failures=0"
dengfoc,"SYNC_TRUTH,sequence=95250,truth_tick_us=190908588,mechanical_angle_rad=4.879592896,valid=1,read_failures=0"
dengfoc,"SYNC_TRUTH,sequence=95251,truth_tick_us=190910584,mechanical_angle_rad=4.879592896,valid=1,read_failures=0"
dengfoc,"SYNC_TRUTH,sequence=95252,truth_tick_us=190912588,mechanical_angle_rad=4.881126881,valid=1,read_failures=0"
dengfoc,"SYNC_TRUTH,sequence=95253,truth_tick_us=190914584,mechanical_angle_rad=4.879592896,valid=1,read_failures=0"
dengfoc,"SYNC_TRUTH,sequence=95254,truth_tick_us=190916588,mechanical_angle_rad=4.881126881,valid=1,read_failures=0"
dengfoc,"SYNC_TRUTH,sequence=95255,truth_tick_us=190918584,mechanical_angle_rad=4.879592896,valid=1,read_failures=0"
dengfoc,"SYNC_TRUTH,sequence=95256,truth_tick_us=190920588,mechanical_angle_rad=4.881126881,valid=1,read_failures=0"
dengfoc,"SYNC_TRUTH,sequence=95257,truth_tick_us=190922584,mechanical_angle_rad=4.881126881,valid=1,read_failures=0"
dengfoc,"SYNC_TRUTH,sequence=95258,truth_tick_us=190924588,mechanical_angle_rad=4.879592896,valid=1,read_failures=0"
dengfoc,"SYNC_TRUTH,sequence=95259,truth_tick_us=190926584,mechanical_angle_rad=4.879592896,valid=1,read_failures=0"
dengfoc,"SYNC_TRUTH,sequence=95260,truth_tick_us=190928588,mechanical_angle_rad=4.879592896,valid=1,read_failures=0"
dengfoc,"SYNC_TRUTH,sequence=95261,truth_tick_us=190930584,mechanical_angle_rad=4.881126881,valid=1,read_failures=0"
dengfoc,"SYNC_TRUTH,sequence=95262,truth_tick_us=190932588,mechanical_angle_rad=4.879592896,valid=1,read_failures=0"
dengfoc,"SYNC_TRUTH,sequence=95263,truth_tick_us=190934584,mechanical_angle_rad=4.879592896,valid=1,read_failures=0"
dengfoc,"SYNC_TRUTH,sequence=95264,truth_tick_us=190936588,mechanical_angle_rad=4.879592896,valid=1,read_failures=0"
dengfoc,"SYNC_TRUTH,sequence=95265,truth_tick_us=190938584,mechanical_angle_rad=4.881126881,valid=1,read_failures=0"
dengfoc,"SYNC_TRUTH,sequence=95266,truth_tick_us=190940588,mechanical_angle_rad=4.879592896,valid=1,read_failures=0"
dengfoc,"SYNC_TRUTH,sequence=95267,truth_tick_us=190942584,mechanical_angle_rad=4.879592896,valid=1,read_failures=0"
dengfoc,"SYNC_TRUTH,sequence=95268,truth_tick_us=190944588,mechanical_angle_rad=4.879592896,valid=1,read_failures=0"
dengfoc,"SYNC_TRUTH,sequence=95269,truth_tick_us=190946584,mechanical_angle_rad=4.879592896,valid=1,read_failures=0"
dengfoc,"SYNC_TRUTH,sequence=95270,truth_tick_us=190948588,mechanical_angle_rad=4.881126881,valid=1,read_failures=0"
dengfoc,"SYNC_TRUTH,sequence=95271,truth_tick_us=190950584,mechanical_angle_rad=4.879592896,valid=1,read_failures=0"
dengfoc,"SYNC_TRUTH,sequence=95272,truth_tick_us=190952588,mechanical_angle_rad=4.879592896,valid=1,read_failures=0"
dengfoc,"SYNC_TRUTH,sequence=95273,truth_tick_us=190954584,mechanical_angle_rad=4.879592896,valid=1,read_failures=0"
dengfoc,"SYNC_TRUTH,sequence=95274,truth_tick_us=190956588,mechanical_angle_rad=4.881126881,valid=1,read_failures=0"
dengfoc,"SYNC_TRUTH,sequence=95275,truth_tick_us=190958584,mechanical_angle_rad=4.881126881,valid=1,read_failures=0"
dengfoc,"SYNC_TRUTH,sequence=95276,truth_tick_us=190960588,mechanical_angle_rad=4.879592896,valid=1,read_failures=0"
dengfoc,"SYNC_TRUTH,sequence=95277,truth_tick_us=190962584,mechanical_angle_rad=4.879592896,valid=1,read_failures=0"
dengfoc,"SYNC_TRUTH,sequence=95278,truth_tick_us=190964588,mechanical_angle_rad=4.879592896,valid=1,read_failures=0"
dengfoc,"SYNC_TRUTH,sequence=95279,truth_tick_us=190966584,mechanical_angle_rad=4.879592896,valid=1,read_failures=0"
dengfoc,"SYNC_TRUTH,sequence=95280,truth_tick_us=190968588,mechanical_angle_rad=4.881126881,valid=1,read_failures=0"
dengfoc,"SYNC_TRUTH,sequence=95281,truth_tick_us=190970584,mechanical_angle_rad=4.881126881,valid=1,read_failures=0"
dengfoc,"SYNC_TRUTH,sequence=95282,truth_tick_us=190972588,mechanical_angle_rad=4.881126881,valid=1,read_failures=0"
dengfoc,"SYNC_TRUTH,sequence=95283,truth_tick_us=190974584,mechanical_angle_rad=4.879592896,valid=1,read_failures=0"
g431,foc_h3_sync_status
dengfoc,"SYNC_TRUTH,sequence=95284,truth_tick_us=190976588,mechanical_angle_rad=4.879592896,valid=1,read_failures=0"
dengfoc,"SYNC_TRUTH,sequence=95285,truth_tick_us=190978584,mechanical_angle_rad=4.881126881,valid=1,read_failures=0"
dengfoc,"SYNC_TRUTH,sequence=95286,truth_tick_us=190980588,mechanical_angle_rad=4.879592896,valid=1,read_failures=0"
dengfoc,"SYNC_TRUTH,sequence=95287,truth_tick_us=190982584,mechanical_angle_rad=4.881126881,valid=1,read_failures=0"
dengfoc,"SYNC_TRUTH,sequence=95288,truth_tick_us=190984588,mechanical_angle_rad=4.881126881,valid=1,read_failures=0"
g431,"FH3_SYNC_STATUS,1,196608,3,46,46,0,46,101,2760164735,15657454,7,20261004,123,223,0,31,100,2760164784,49"
g431,msh >
dengfoc,"SYNC_TRUTH,sequence=95289,truth_tick_us=190986584,mechanical_angle_rad=4.879592896,valid=1,read_failures=0"
dengfoc,"SYNC_TRUTH,sequence=95290,truth_tick_us=190988588,mechanical_angle_rad=4.879592896,valid=1,read_failures=0"
dengfoc,"SYNC_TRUTH,sequence=95291,truth_tick_us=190990584,mechanical_angle_rad=4.881126881,valid=1,read_failures=0"
dengfoc,"SYNC_TRUTH,sequence=95292,truth_tick_us=190992588,mechanical_angle_rad=4.879592896,valid=1,read_failures=0"
dengfoc,"SYNC_TRUTH,sequence=95293,truth_tick_us=190994584,mechanical_angle_rad=4.879592896,valid=1,read_failures=0"
dengfoc,"SYNC_TRUTH,sequence=95294,truth_tick_us=190996588,mechanical_angle_rad=4.879592896,valid=1,read_failures=0"
dengfoc,"SYNC_TRUTH,sequence=95295,truth_tick_us=190998584,mechanical_angle_rad=4.881126881,valid=1,read_failures=0"
dengfoc,"SYNC_TRUTH,sequence=95296,truth_tick_us=191000588,mechanical_angle_rad=4.881126881,valid=1,read_failures=0"
dengfoc,"SYNC_TRUTH,sequence=95297,truth_tick_us=191002584,mechanical_angle_rad=4.881126881,valid=1,read_failures=0"
dengfoc,"SYNC_TRUTH,sequence=95298,truth_tick_us=191004588,mechanical_angle_rad=4.879592896,valid=1,read_failures=0"
dengfoc,"SYNC_TRUTH,sequence=95299,truth_tick_us=191006584,mechanical_angle_rad=4.881126881,valid=1,read_failures=0"
dengfoc,"SYNC_TRUTH,sequence=95300,truth_tick_us=191008588,mechanical_angle_rad=4.879592896,valid=1,read_failures=0"
dengfoc,"SYNC_TRUTH,sequence=95301,truth_tick_us=191010584,mechanical_angle_rad=4.879592896,valid=1,read_failures=0"
dengfoc,"SYNC_TRUTH,sequence=95302,truth_tick_us=191012588,mechanical_angle_rad=4.881126881,valid=1,read_failures=0"
dengfoc,"SYNC_TRUTH,sequence=95303,truth_tick_us=191014584,mechanical_angle_rad=4.879592896,valid=1,read_failures=0"
dengfoc,"SYNC_TRUTH,sequence=95304,truth_tick_us=191016588,mechanical_angle_rad=4.879592896,valid=1,read_failures=0"
g431,msh >
dengfoc,"SYNC_TRUTH,sequence=95305,truth_tick_us=191018584,mechanical_angle_rad=4.881126881,valid=1,read_failures=0"
dengfoc,"SYNC_TRUTH,sequence=95306,truth_tick_us=191020588,mechanical_angle_rad=4.879592896,valid=1,read_failures=0"
dengfoc,"SYNC_TRUTH,sequence=95307,truth_tick_us=191022584,mechanical_angle_rad=4.879592896,valid=1,read_failures=0"
dengfoc,"SYNC_TRUTH,sequence=95308,truth_tick_us=191024588,mechanical_angle_rad=4.879592896,valid=1,read_failures=0"
dengfoc,"SYNC_TRUTH,sequence=95309,truth_tick_us=191026584,mechanical_angle_rad=4.879592896,valid=1,read_failures=0"
dengfoc,"SYNC_TRUTH,sequence=95310,truth_tick_us=191028588,mechanical_angle_rad=4.879592896,valid=1,read_failures=0"
dengfoc,"SYNC_TRUTH,sequence=95311,truth_tick_us=191030584,mechanical_angle_rad=4.879592896,valid=1,read_failures=0"
dengfoc,"SYNC_TRUTH,sequence=95312,truth_tick_us=191032588,mechanical_angle_rad=4.879592896,valid=1,read_failures=0"
dengfoc,"SYNC_TRUTH,sequence=95313,truth_tick_us=191034584,mechanical_angle_rad=4.879592896,valid=1,read_failures=0"
dengfoc,"SYNC_TRUTH,sequence=95314,truth_tick_us=191036588,mechanical_angle_rad=4.879592896,valid=1,read_failures=0"
dengfoc,"SYNC_TRUTH,sequence=95315,truth_tick_us=191038584,mechanical_angle_rad=4.881126881,valid=1,read_failures=0"
dengfoc,"SYNC_TRUTH,sequence=95316,truth_tick_us=191040588,mechanical_angle_rad=4.879592896,valid=1,read_failures=0"
dengfoc,"SYNC_TRUTH,sequence=95317,truth_tick_us=191042584,mechanical_angle_rad=4.879592896,valid=1,read_failures=0"
dengfoc,"SYNC_TRUTH,sequence=95318,truth_tick_us=191044588,mechanical_angle_rad=4.881126881,valid=1,read_failures=0"
dengfoc,"SYNC_TRUTH,sequence=95319,truth_tick_us=191046584,mechanical_angle_rad=4.879592896,valid=1,read_failures=0"
dengfoc,"SYNC_TRUTH,sequence=95320,truth_tick_us=191048588,mechanical_angle_rad=4.881126881,valid=1,read_failures=0"
dengfoc,"SYNC_TRUTH,sequence=95321,truth_tick_us=191050584,mechanical_angle_rad=4.879592896,valid=1,read_failures=0"
dengfoc,"SYNC_TRUTH,sequence=95322,truth_tick_us=191052588,mechanical_angle_rad=4.881126881,valid=1,read_failures=0"
dengfoc,"SYNC_TRUTH,sequence=95323,truth_tick_us=191054584,mechanical_angle_rad=4.879592896,valid=1,read_failures=0"
dengfoc,"SYNC_TRUTH,sequence=95324,truth_tick_us=191056588,mechanical_angle_rad=4.881126881,valid=1,read_failures=0"
dengfoc,"SYNC_TRUTH,sequence=95325,truth_tick_us=191058584,mechanical_angle_rad=4.879592896,valid=1,read_failures=0"
dengfoc,"SYNC_TRUTH,sequence=95326,truth_tick_us=191060588,mechanical_angle_rad=4.879592896,valid=1,read_failures=0"
dengfoc,"SYNC_TRUTH,sequence=95327,truth_tick_us=191062584,mechanical_angle_rad=4.879592896,valid=1,read_failures=0"
dengfoc,"SYNC_TRUTH,sequence=95328,truth_tick_us=191064588,mechanical_angle_rad=4.879592896,valid=1,read_failures=0"
dengfoc,"SYNC_TRUTH,sequence=95329,truth_tick_us=191066584,mechanical_angle_rad=4.879592896,valid=1,read_failures=0"
dengfoc,"SYNC_TRUTH,sequence=95330,truth_tick_us=191068588,mechanical_angle_rad=4.881126881,valid=1,read_failures=0"
dengfoc,"SYNC_TRUTH,sequence=95331,truth_tick_us=191070584,mechanical_angle_rad=4.881126881,valid=1,read_failures=0"
dengfoc,"SYNC_TRUTH,sequence=95332,truth_tick_us=191072588,mechanical_angle_rad=4.879592896,valid=1,read_failures=0"
dengfoc,"SYNC_TRUTH,sequence=95333,truth_tick_us=191074584,mechanical_angle_rad=4.879592896,valid=1,read_failures=0"
dengfoc,"SYNC_TRUTH,sequence=95334,truth_tick_us=191076588,mechanical_angle_rad=4.881126881,valid=1,read_failures=0"
dengfoc,"SYNC_TRUTH,sequence=95335,truth_tick_us=191078584,mechanical_angle_rad=4.879592896,valid=1,read_failures=0"
dengfoc,"SYNC_TRUTH,sequence=95336,truth_tick_us=191080588,mechanical_angle_rad=4.881126881,valid=1,read_failures=0"
dengfoc,"SYNC_TRUTH,sequence=95337,truth_tick_us=191082584,mechanical_angle_rad=4.879592896,valid=1,read_failures=0"
dengfoc,"SYNC_TRUTH,sequence=95338,truth_tick_us=191084588,mechanical_angle_rad=4.879592896,valid=1,read_failures=0"
dengfoc,"SYNC_TRUTH,sequence=95339,truth_tick_us=191086584,mechanical_angle_rad=4.881126881,valid=1,read_failures=0"
dengfoc,"SYNC_TRUTH,sequence=95340,truth_tick_us=191088588,mechanical_angle_rad=4.881126881,valid=1,read_failures=0"
dengfoc,"SYNC_TRUTH,sequence=95341,truth_tick_us=191090584,mechanical_angle_rad=4.879592896,valid=1,read_failures=0"
dengfoc,"SYNC_TRUTH,sequence=95342,truth_tick_us=191092588,mechanical_angle_rad=4.879592896,valid=1,read_failures=0"
dengfoc,"SYNC_TRUTH,sequence=95343,truth_tick_us=191094584,mechanical_angle_rad=4.881126881,valid=1,read_failures=0"
dengfoc,"SYNC_TRUTH,sequence=95344,truth_tick_us=191096588,mechanical_angle_rad=4.879592896,valid=1,read_failures=0"
dengfoc,"SYNC_TRUTH,sequence=95345,truth_tick_us=191098584,mechanical_angle_rad=4.879592896,valid=1,read_failures=0"
dengfoc,"SYNC_TRUTH,sequence=95346,truth_tick_us=191100588,mechanical_angle_rad=4.879592896,valid=1,read_failures=0"
dengfoc,"SYNC_TRUTH,sequence=95347,truth_tick_us=191102584,mechanical_angle_rad=4.879592896,valid=1,read_failures=0"
dengfoc,"SYNC_TRUTH,sequence=95348,truth_tick_us=191104588,mechanical_angle_rad=4.881126881,valid=1,read_failures=0"
dengfoc,"SYNC_TRUTH,sequence=95349,truth_tick_us=191106584,mechanical_angle_rad=4.879592896,valid=1,read_failures=0"
dengfoc,"SYNC_TRUTH,sequence=95350,truth_tick_us=191108588,mechanical_angle_rad=4.879592896,valid=1,read_failures=0"
dengfoc,"SYNC_TRUTH,sequence=95351,truth_tick_us=191110584,mechanical_angle_rad=4.879592896,valid=1,read_failures=0"
dengfoc,"SYNC_TRUTH,sequence=95352,truth_tick_us=191112588,mechanical_angle_rad=4.881126881,valid=1,read_failures=0"
dengfoc,"SYNC_TRUTH,sequence=95353,truth_tick_us=191114584,mechanical_angle_rad=4.879592896,valid=1,read_failures=0"
dengfoc,"SYNC_TRUTH,sequence=95354,truth_tick_us=191116588,mechanical_angle_rad=4.879592896,valid=1,read_failures=0"
dengfoc,"SYNC_TRUTH,sequence=95355,truth_tick_us=191118584,mechanical_angle_rad=4.879592896,valid=1,read_failures=0"
dengfoc,"SYNC_TRUTH,sequence=95356,truth_tick_us=191120588,mechanical_angle_rad=4.879592896,valid=1,read_failures=0"
dengfoc,"SYNC_TRUTH,sequence=95357,truth_tick_us=191122584,mechanical_angle_rad=4.879592896,valid=1,read_failures=0"
dengfoc,"SYNC_TRUTH,sequence=95358,truth_tick_us=191124588,mechanical_angle_rad=4.879592896,valid=1,read_failures=0"
dengfoc,"SYNC_TRUTH,sequence=95359,truth_tick_us=191126584,mechanical_angle_rad=4.879592896,valid=1,read_failures=0"
dengfoc,"SYNC_TRUTH,sequence=95360,truth_tick_us=191128588,mechanical_angle_rad=4.879592896,valid=1,read_failures=0"
dengfoc,"SYNC_TRUTH,sequence=95361,truth_tick_us=191130584,mechanical_angle_rad=4.879592896,valid=1,read_failures=0"
dengfoc,"SYNC_TRUTH,sequence=95362,truth_tick_us=191132588,mechanical_angle_rad=4.879592896,valid=1,read_failures=0"
dengfoc,"SYNC_TRUTH,sequence=95363,truth_tick_us=191134584,mechanical_angle_rad=4.879592896,valid=1,read_failures=0"
dengfoc,"SYNC_TRUTH,sequence=95364,truth_tick_us=191136588,mechanical_angle_rad=4.879592896,valid=1,read_failures=0"
dengfoc,"SYNC_TRUTH,sequence=95365,truth_tick_us=191138584,mechanical_angle_rad=4.879592896,valid=1,read_failures=0"
dengfoc,"SYNC_TRUTH,sequence=95366,truth_tick_us=191140588,mechanical_angle_rad=4.879592896,valid=1,read_failures=0"
dengfoc,"SYNC_TRUTH,sequence=95367,truth_tick_us=191142584,mechanical_angle_rad=4.881126881,valid=1,read_failures=0"
dengfoc,"SYNC_TRUTH,sequence=95368,truth_tick_us=191144588,mechanical_angle_rad=4.879592896,valid=1,read_failures=0"
dengfoc,"SYNC_TRUTH,sequence=95369,truth_tick_us=191146584,mechanical_angle_rad=4.881126881,valid=1,read_failures=0"
dengfoc,"SYNC_TRUTH,sequence=95370,truth_tick_us=191148588,mechanical_angle_rad=4.879592896,valid=1,read_failures=0"
dengfoc,"SYNC_TRUTH,sequence=95371,truth_tick_us=191150584,mechanical_angle_rad=4.881126881,valid=1,read_failures=0"
dengfoc,"SYNC_TRUTH,sequence=95372,truth_tick_us=191152588,mechanical_angle_rad=4.879592896,valid=1,read_failures=0"
dengfoc,"SYNC_TRUTH,sequence=95373,truth_tick_us=191154584,mechanical_angle_rad=4.879592896,valid=1,read_failures=0"
dengfoc,"SYNC_TRUTH,sequence=95374,truth_tick_us=191156588,mechanical_angle_rad=4.881126881,valid=1,read_failures=0"
dengfoc,"SYNC_TRUTH,sequence=95375,truth_tick_us=191158584,mechanical_angle_rad=4.881126881,valid=1,read_failures=0"
dengfoc,"SYNC_TRUTH,sequence=95376,truth_tick_us=191160588,mechanical_angle_rad=4.879592896,valid=1,read_failures=0"
dengfoc,"SYNC_TRUTH,sequence=95377,truth_tick_us=191162584,mechanical_angle_rad=4.879592896,valid=1,read_failures=0"
dengfoc,"SYNC_TRUTH,sequence=95378,truth_tick_us=191164588,mechanical_angle_rad=4.879592896,valid=1,read_failures=0"
dengfoc,"SYNC_TRUTH,sequence=95379,truth_tick_us=191166584,mechanical_angle_rad=4.879592896,valid=1,read_failures=0"
dengfoc,"SYNC_TRUTH,sequence=95380,truth_tick_us=191168588,mechanical_angle_rad=4.879592896,valid=1,read_failures=0"
dengfoc,"SYNC_TRUTH,sequence=95381,truth_tick_us=191170584,mechanical_angle_rad=4.881126881,valid=1,read_failures=0"
dengfoc,"SYNC_TRUTH,sequence=95382,truth_tick_us=191172588,mechanical_angle_rad=4.881126881,valid=1,read_failures=0"
dengfoc,"SYNC_TRUTH,sequence=95383,truth_tick_us=191174584,mechanical_angle_rad=4.879592896,valid=1,read_failures=0"
dengfoc,"SYNC_TRUTH,sequence=95384,truth_tick_us=191176588,mechanical_angle_rad=4.879592896,valid=1,read_failures=0"
dengfoc,"SYNC_TRUTH,sequence=95385,truth_tick_us=191178584,mechanical_angle_rad=4.879592896,valid=1,read_failures=0"
dengfoc,"SYNC_TRUTH,sequence=95386,truth_tick_us=191180588,mechanical_angle_rad=4.879592896,valid=1,read_failures=0"
dengfoc,"SYNC_TRUTH,sequence=95387,truth_tick_us=191182584,mechanical_angle_rad=4.879592896,valid=1,read_failures=0"
dengfoc,"SYNC_TRUTH,sequence=95388,truth_tick_us=191184588,mechanical_angle_rad=4.879592896,valid=1,read_failures=0"
dengfoc,"SYNC_TRUTH,sequence=95389,truth_tick_us=191186584,mechanical_angle_rad=4.879592896,valid=1,read_failures=0"
dengfoc,"SYNC_TRUTH,sequence=95390,truth_tick_us=191188588,mechanical_angle_rad=4.879592896,valid=1,read_failures=0"
dengfoc,"SYNC_STATUS,frames=4,frame_fail=0,truth=95390,truth_fail=0,idle=0,capture_state=1,capture_failure=0,rejected=0,overflow=0,driver_disabled=1"
dengfoc,"SYNC_TRUTH,sequence=95391,truth_tick_us=191191588,mechanical_angle_rad=4.881126881,valid=1,read_failures=0"
dengfoc,"SYNC_TRUTH,sequence=95392,truth_tick_us=191193588,mechanical_angle_rad=4.879592896,valid=1,read_failures=0"
dengfoc,"SYNC_TRUTH,sequence=95393,truth_tick_us=191195584,mechanical_angle_rad=4.879592896,valid=1,read_failures=0"
dengfoc,"SYNC_TRUTH,sequence=95394,truth_tick_us=191197588,mechanical_angle_rad=4.879592896,valid=1,read_failures=0"
dengfoc,"SYNC_TRUTH,sequence=95395,truth_tick_us=191199584,mechanical_angle_rad=4.881126881,valid=1,read_failures=0"
dengfoc,"SYNC_TRUTH,sequence=95396,truth_tick_us=191201588,mechanical_angle_rad=4.879592896,valid=1,read_failures=0"
dengfoc,"SYNC_TRUTH,sequence=95397,truth_tick_us=191203584,mechanical_angle_rad=4.879592896,valid=1,read_failures=0"
dengfoc,"SYNC_TRUTH,sequence=95398,truth_tick_us=191205588,mechanical_angle_rad=4.879592896,valid=1,read_failures=0"
dengfoc,"SYNC_TRUTH,sequence=95399,truth_tick_us=191207584,mechanical_angle_rad=4.881126881,valid=1,read_failures=0"
dengfoc,"SYNC_TRUTH,sequence=95400,truth_tick_us=191209588,mechanical_angle_rad=4.879592896,valid=1,read_failures=0"
dengfoc,"SYNC_TRUTH,sequence=95401,truth_tick_us=191211584,mechanical_angle_rad=4.879592896,valid=1,read_failures=0"
dengfoc,"SYNC_TRUTH,sequence=95402,truth_tick_us=191213588,mechanical_angle_rad=4.879592896,valid=1,read_failures=0"
dengfoc,"SYNC_TRUTH,sequence=95403,truth_tick_us=191215584,mechanical_angle_rad=4.879592896,valid=1,read_failures=0"
dengfoc,"SYNC_TRUTH,sequence=95404,truth_tick_us=191217588,mechanical_angle_rad=4.881126881,valid=1,read_failures=0"
dengfoc,"SYNC_TRUTH,sequence=95405,truth_tick_us=191219584,mechanical_angle_rad=4.881126881,valid=1,read_failures=0"
dengfoc,"SYNC_TRUTH,sequence=95406,truth_tick_us=191221588,mechanical_angle_rad=4.881126881,valid=1,read_failures=0"
dengfoc,"SYNC_TRUTH,sequence=95407,truth_tick_us=191223584,mechanical_angle_rad=4.879592896,valid=1,read_failures=0"
dengfoc,"SYNC_TRUTH,sequence=95408,truth_tick_us=191225588,mechanical_angle_rad=4.881126881,valid=1,read_failures=0"
dengfoc,"SYNC_TRUTH,sequence=95409,truth_tick_us=191227584,mechanical_angle_rad=4.881126881,valid=1,read_failures=0"
dengfoc,"SYNC_TRUTH,sequence=95410,truth_tick_us=191229588,mechanical_angle_rad=4.879592896,valid=1,read_failures=0"
dengfoc,"SYNC_TRUTH,sequence=95411,truth_tick_us=191231584,mechanical_angle_rad=4.879592896,valid=1,read_failures=0"
dengfoc,"SYNC_TRUTH,sequence=95412,truth_tick_us=191233588,mechanical_angle_rad=4.879592896,valid=1,read_failures=0"
dengfoc,"SYNC_TRUTH,sequence=95413,truth_tick_us=191235584,mechanical_angle_rad=4.881126881,valid=1,read_failures=0"
dengfoc,"SYNC_TRUTH,sequence=95414,truth_tick_us=191237588,mechanical_angle_rad=4.879592896,valid=1,read_failures=0"
dengfoc,"SYNC_TRUTH,sequence=95415,truth_tick_us=191239584,mechanical_angle_rad=4.879592896,valid=1,read_failures=0"
dengfoc,"SYNC_TRUTH,sequence=95416,truth_tick_us=191241588,mechanical_angle_rad=4.879592896,valid=1,read_failures=0"
dengfoc,"SYNC_TRUTH,sequence=95417,truth_tick_us=191243584,mechanical_angle_rad=4.881126881,valid=1,read_failures=0"
dengfoc,"SYNC_TRUTH,sequence=95418,truth_tick_us=191245588,mechanical_angle_rad=4.879592896,valid=1,read_failures=0"
dengfoc,"SYNC_TRUTH,sequence=95419,truth_tick_us=191247584,mechanical_angle_rad=4.879592896,valid=1,read_failures=0"
dengfoc,"SYNC_TRUTH,sequence=95420,truth_tick_us=191249588,mechanical_angle_rad=4.879592896,valid=1,read_failures=0"
dengfoc,"SYNC_TRUTH,sequence=95421,truth_tick_us=191251584,mechanical_angle_rad=4.881126881,valid=1,read_failures=0"
dengfoc,"SYNC_TRUTH,sequence=95422,truth_tick_us=191253588,mechanical_angle_rad=4.879592896,valid=1,read_failures=0"
dengfoc,"SYNC_TRUTH,sequence=95423,truth_tick_us=191255584,mechanical_angle_rad=4.879592896,valid=1,read_failures=0"
dengfoc,"SYNC_TRUTH,sequence=95424,truth_tick_us=191257588,mechanical_angle_rad=4.879592896,valid=1,read_failures=0"
dengfoc,"SYNC_TRUTH,sequence=95425,truth_tick_us=191259584,mechanical_angle_rad=4.879592896,valid=1,read_failures=0"
dengfoc,"SYNC_TRUTH,sequence=95426,truth_tick_us=191261588,mechanical_angle_rad=4.881126881,valid=1,read_failures=0"
dengfoc,"SYNC_TRUTH,sequence=95427,truth_tick_us=191263584,mechanical_angle_rad=4.879592896,valid=1,read_failures=0"
dengfoc,"SYNC_TRUTH,sequence=95428,truth_tick_us=191265588,mechanical_angle_rad=4.881126881,valid=1,read_failures=0"
dengfoc,"SYNC_TRUTH,sequence=95429,truth_tick_us=191267584,mechanical_angle_rad=4.879592896,valid=1,read_failures=0"
dengfoc,"SYNC_TRUTH,sequence=95430,truth_tick_us=191269588,mechanical_angle_rad=4.879592896,valid=1,read_failures=0"
dengfoc,"SYNC_TRUTH,sequence=95431,truth_tick_us=191271584,mechanical_angle_rad=4.879592896,valid=1,read_failures=0"
dengfoc,"SYNC_TRUTH,sequence=95432,truth_tick_us=191273588,mechanical_angle_rad=4.879592896,valid=1,read_failures=0"
dengfoc,"SYNC_TRUTH,sequence=95433,truth_tick_us=191275584,mechanical_angle_rad=4.881126881,valid=1,read_failures=0"
dengfoc,"SYNC_TRUTH,sequence=95434,truth_tick_us=191277588,mechanical_angle_rad=4.881126881,valid=1,read_failures=0"
dengfoc,"SYNC_TRUTH,sequence=95435,truth_tick_us=191279584,mechanical_angle_rad=4.879592896,valid=1,read_failures=0"
dengfoc,"SYNC_TRUTH,sequence=95436,truth_tick_us=191281588,mechanical_angle_rad=4.879592896,valid=1,read_failures=0"
dengfoc,"SYNC_TRUTH,sequence=95437,truth_tick_us=191283584,mechanical_angle_rad=4.881126881,valid=1,read_failures=0"
dengfoc,"SYNC_TRUTH,sequence=95438,truth_tick_us=191285588,mechanical_angle_rad=4.879592896,valid=1,read_failures=0"
dengfoc,"SYNC_TRUTH,sequence=95439,truth_tick_us=191287584,mechanical_angle_rad=4.879592896,valid=1,read_failures=0"
dengfoc,"SYNC_TRUTH,sequence=95440,truth_tick_us=191289588,mechanical_angle_rad=4.879592896,valid=1,read_failures=0"
dengfoc,"SYNC_TRUTH,sequence=95441,truth_tick_us=191291584,mechanical_angle_rad=4.879592896,valid=1,read_failures=0"
dengfoc,"SYNC_TRUTH,sequence=95442,truth_tick_us=191293588,mechanical_angle_rad=4.879592896,valid=1,read_failures=0"
g431,foc_h3_sync_send 20261004 124 224
dengfoc,"SYNC_TRUTH,sequence=95443,truth_tick_us=191295584,mechanical_angle_rad=4.879592896,valid=1,read_failures=0"
dengfoc,"SYNC_TRUTH,sequence=95444,truth_tick_us=191297588,mechanical_angle_rad=4.879592896,valid=1,read_failures=0"
dengfoc,"SYNC_TRUTH,sequence=95445,truth_tick_us=191299584,mechanical_angle_rad=4.879592896,valid=1,read_failures=0"
dengfoc,"SYNC_TRUTH,sequence=95446,truth_tick_us=191301588,mechanical_angle_rad=4.881126881,valid=1,read_failures=0"
g431,"FH3_SYNC_SEND,1,196608,2,47,46,0,46,0,0,4294967295,0,20261004,124,224,0,31,0,0,0"
g431,msh >
dengfoc,"SYNC_TRUTH,sequence=95447,truth_tick_us=191303584,mechanical_angle_rad=4.881126881,valid=1,read_failures=0"
dengfoc,"SYNC_TRUTH,sequence=95448,truth_tick_us=191305588,mechanical_angle_rad=4.881126881,valid=1,read_failures=0"
dengfoc,"SYNC_ANCHOR_RX,session=20261004,edge_sequence=124,edge_tag=224,truth_tick_us=191297566,source=2,flags=0x00000003"
dengfoc,"SYNC_TRUTH,sequence=95449,truth_tick_us=191308592,mechanical_angle_rad=4.881126881,valid=1,read_failures=0"
dengfoc,"SYNC_TRUTH,sequence=95450,truth_tick_us=191310588,mechanical_angle_rad=4.879592896,valid=1,read_failures=0"
dengfoc,"SYNC_TRUTH,sequence=95451,truth_tick_us=191312584,mechanical_angle_rad=4.879592896,valid=1,read_failures=0"
dengfoc,"SYNC_TRUTH,sequence=95452,truth_tick_us=191314588,mechanical_angle_rad=4.881126881,valid=1,read_failures=0"
dengfoc,"SYNC_TRUTH,sequence=95453,truth_tick_us=191316584,mechanical_angle_rad=4.879592896,valid=1,read_failures=0"
dengfoc,"SYNC_TRUTH,sequence=95454,truth_tick_us=191318588,mechanical_angle_rad=4.879592896,valid=1,read_failures=0"
dengfoc,"SYNC_TRUTH,sequence=95455,truth_tick_us=191320584,mechanical_angle_rad=4.879592896,valid=1,read_failures=0"
dengfoc,"SYNC_TRUTH,sequence=95456,truth_tick_us=191322588,mechanical_angle_rad=4.879592896,valid=1,read_failures=0"
dengfoc,"SYNC_TRUTH,sequence=95457,truth_tick_us=191324584,mechanical_angle_rad=4.881126881,valid=1,read_failures=0"
dengfoc,"SYNC_TRUTH,sequence=95458,truth_tick_us=191326588,mechanical_angle_rad=4.879592896,valid=1,read_failures=0"
dengfoc,"SYNC_TRUTH,sequence=95459,truth_tick_us=191328584,mechanical_angle_rad=4.879592896,valid=1,read_failures=0"
g431,msh >
dengfoc,"SYNC_TRUTH,sequence=95460,truth_tick_us=191330588,mechanical_angle_rad=4.879592896,valid=1,read_failures=0"
dengfoc,"SYNC_TRUTH,sequence=95461,truth_tick_us=191332584,mechanical_angle_rad=4.879592896,valid=1,read_failures=0"
dengfoc,"SYNC_TRUTH,sequence=95462,truth_tick_us=191334588,mechanical_angle_rad=4.879592896,valid=1,read_failures=0"
dengfoc,"SYNC_TRUTH,sequence=95463,truth_tick_us=191336584,mechanical_angle_rad=4.879592896,valid=1,read_failures=0"
dengfoc,"SYNC_TRUTH,sequence=95464,truth_tick_us=191338588,mechanical_angle_rad=4.879592896,valid=1,read_failures=0"
dengfoc,"SYNC_TRUTH,sequence=95465,truth_tick_us=191340584,mechanical_angle_rad=4.881126881,valid=1,read_failures=0"
dengfoc,"SYNC_TRUTH,sequence=95466,truth_tick_us=191342588,mechanical_angle_rad=4.879592896,valid=1,read_failures=0"
dengfoc,"SYNC_TRUTH,sequence=95467,truth_tick_us=191344584,mechanical_angle_rad=4.881126881,valid=1,read_failures=0"
dengfoc,"SYNC_TRUTH,sequence=95468,truth_tick_us=191346588,mechanical_angle_rad=4.879592896,valid=1,read_failures=0"
dengfoc,"SYNC_TRUTH,sequence=95469,truth_tick_us=191348584,mechanical_angle_rad=4.881126881,valid=1,read_failures=0"
dengfoc,"SYNC_TRUTH,sequence=95470,truth_tick_us=191350588,mechanical_angle_rad=4.879592896,valid=1,read_failures=0"
dengfoc,"SYNC_TRUTH,sequence=95471,truth_tick_us=191352584,mechanical_angle_rad=4.879592896,valid=1,read_failures=0"
dengfoc,"SYNC_TRUTH,sequence=95472,truth_tick_us=191354588,mechanical_angle_rad=4.879592896,valid=1,read_failures=0"
dengfoc,"SYNC_TRUTH,sequence=95473,truth_tick_us=191356584,mechanical_angle_rad=4.879592896,valid=1,read_failures=0"
dengfoc,"SYNC_TRUTH,sequence=95474,truth_tick_us=191358588,mechanical_angle_rad=4.881126881,valid=1,read_failures=0"
dengfoc,"SYNC_TRUTH,sequence=95475,truth_tick_us=191360584,mechanical_angle_rad=4.879592896,valid=1,read_failures=0"
dengfoc,"SYNC_TRUTH,sequence=95476,truth_tick_us=191362588,mechanical_angle_rad=4.881126881,valid=1,read_failures=0"
dengfoc,"SYNC_TRUTH,sequence=95477,truth_tick_us=191364584,mechanical_angle_rad=4.879592896,valid=1,read_failures=0"
dengfoc,"SYNC_TRUTH,sequence=95478,truth_tick_us=191366588,mechanical_angle_rad=4.879592896,valid=1,read_failures=0"
dengfoc,"SYNC_TRUTH,sequence=95479,truth_tick_us=191368584,mechanical_angle_rad=4.879592896,valid=1,read_failures=0"
dengfoc,"SYNC_TRUTH,sequence=95480,truth_tick_us=191370588,mechanical_angle_rad=4.881126881,valid=1,read_failures=0"
dengfoc,"SYNC_TRUTH,sequence=95481,truth_tick_us=191372584,mechanical_angle_rad=4.879592896,valid=1,read_failures=0"
dengfoc,"SYNC_TRUTH,sequence=95482,truth_tick_us=191374588,mechanical_angle_rad=4.879592896,valid=1,read_failures=0"
dengfoc,"SYNC_TRUTH,sequence=95483,truth_tick_us=191376584,mechanical_angle_rad=4.879592896,valid=1,read_failures=0"
dengfoc,"SYNC_TRUTH,sequence=95484,truth_tick_us=191378588,mechanical_angle_rad=4.881126881,valid=1,read_failures=0"
dengfoc,"SYNC_TRUTH,sequence=95485,truth_tick_us=191380584,mechanical_angle_rad=4.879592896,valid=1,read_failures=0"
dengfoc,"SYNC_TRUTH,sequence=95486,truth_tick_us=191382588,mechanical_angle_rad=4.879592896,valid=1,read_failures=0"
dengfoc,"SYNC_TRUTH,sequence=95487,truth_tick_us=191384584,mechanical_angle_rad=4.879592896,valid=1,read_failures=0"
dengfoc,"SYNC_TRUTH,sequence=95488,truth_tick_us=191386588,mechanical_angle_rad=4.881126881,valid=1,read_failures=0"
dengfoc,"SYNC_TRUTH,sequence=95489,truth_tick_us=191388584,mechanical_angle_rad=4.881126881,valid=1,read_failures=0"
dengfoc,"SYNC_TRUTH,sequence=95490,truth_tick_us=191390588,mechanical_angle_rad=4.879592896,valid=1,read_failures=0"
dengfoc,"SYNC_TRUTH,sequence=95491,truth_tick_us=191392584,mechanical_angle_rad=4.879592896,valid=1,read_failures=0"
dengfoc,"SYNC_TRUTH,sequence=95492,truth_tick_us=191394588,mechanical_angle_rad=4.879592896,valid=1,read_failures=0"
dengfoc,"SYNC_TRUTH,sequence=95493,truth_tick_us=191396584,mechanical_angle_rad=4.879592896,valid=1,read_failures=0"
dengfoc,"SYNC_TRUTH,sequence=95494,truth_tick_us=191398588,mechanical_angle_rad=4.879592896,valid=1,read_failures=0"
dengfoc,"SYNC_TRUTH,sequence=95495,truth_tick_us=191400584,mechanical_angle_rad=4.881126881,valid=1,read_failures=0"
dengfoc,"SYNC_TRUTH,sequence=95496,truth_tick_us=191402588,mechanical_angle_rad=4.879592896,valid=1,read_failures=0"
dengfoc,"SYNC_TRUTH,sequence=95497,truth_tick_us=191404584,mechanical_angle_rad=4.879592896,valid=1,read_failures=0"
dengfoc,"SYNC_TRUTH,sequence=95498,truth_tick_us=191406588,mechanical_angle_rad=4.879592896,valid=1,read_failures=0"
dengfoc,"SYNC_TRUTH,sequence=95499,truth_tick_us=191408584,mechanical_angle_rad=4.881126881,valid=1,read_failures=0"
dengfoc,"SYNC_TRUTH,sequence=95500,truth_tick_us=191410588,mechanical_angle_rad=4.879592896,valid=1,read_failures=0"
dengfoc,"SYNC_TRUTH,sequence=95501,truth_tick_us=191412584,mechanical_angle_rad=4.881126881,valid=1,read_failures=0"
dengfoc,"SYNC_TRUTH,sequence=95502,truth_tick_us=191414588,mechanical_angle_rad=4.881126881,valid=1,read_failures=0"
dengfoc,"SYNC_TRUTH,sequence=95503,truth_tick_us=191416584,mechanical_angle_rad=4.879592896,valid=1,read_failures=0"
dengfoc,"SYNC_TRUTH,sequence=95504,truth_tick_us=191418588,mechanical_angle_rad=4.879592896,valid=1,read_failures=0"
dengfoc,"SYNC_TRUTH,sequence=95505,truth_tick_us=191420584,mechanical_angle_rad=4.879592896,valid=1,read_failures=0"
dengfoc,"SYNC_TRUTH,sequence=95506,truth_tick_us=191422588,mechanical_angle_rad=4.881126881,valid=1,read_failures=0"
dengfoc,"SYNC_TRUTH,sequence=95507,truth_tick_us=191424584,mechanical_angle_rad=4.879592896,valid=1,read_failures=0"
dengfoc,"SYNC_TRUTH,sequence=95508,truth_tick_us=191426588,mechanical_angle_rad=4.879592896,valid=1,read_failures=0"
dengfoc,"SYNC_TRUTH,sequence=95509,truth_tick_us=191428584,mechanical_angle_rad=4.881126881,valid=1,read_failures=0"
dengfoc,"SYNC_TRUTH,sequence=95510,truth_tick_us=191430588,mechanical_angle_rad=4.879592896,valid=1,read_failures=0"
dengfoc,"SYNC_TRUTH,sequence=95511,truth_tick_us=191432584,mechanical_angle_rad=4.881126881,valid=1,read_failures=0"
dengfoc,"SYNC_TRUTH,sequence=95512,truth_tick_us=191434588,mechanical_angle_rad=4.879592896,valid=1,read_failures=0"
dengfoc,"SYNC_TRUTH,sequence=95513,truth_tick_us=191436584,mechanical_angle_rad=4.879592896,valid=1,read_failures=0"
dengfoc,"SYNC_TRUTH,sequence=95514,truth_tick_us=191438588,mechanical_angle_rad=4.881126881,valid=1,read_failures=0"
dengfoc,"SYNC_TRUTH,sequence=95515,truth_tick_us=191440584,mechanical_angle_rad=4.879592896,valid=1,read_failures=0"
dengfoc,"SYNC_TRUTH,sequence=95516,truth_tick_us=191442588,mechanical_angle_rad=4.879592896,valid=1,read_failures=0"
dengfoc,"SYNC_TRUTH,sequence=95517,truth_tick_us=191444584,mechanical_angle_rad=4.881126881,valid=1,read_failures=0"
dengfoc,"SYNC_TRUTH,sequence=95518,truth_tick_us=191446588,mechanical_angle_rad=4.881126881,valid=1,read_failures=0"
dengfoc,"SYNC_TRUTH,sequence=95519,truth_tick_us=191448584,mechanical_angle_rad=4.881126881,valid=1,read_failures=0"
dengfoc,"SYNC_TRUTH,sequence=95520,truth_tick_us=191450588,mechanical_angle_rad=4.879592896,valid=1,read_failures=0"
dengfoc,"SYNC_TRUTH,sequence=95521,truth_tick_us=191452584,mechanical_angle_rad=4.879592896,valid=1,read_failures=0"
dengfoc,"SYNC_TRUTH,sequence=95522,truth_tick_us=191454588,mechanical_angle_rad=4.881126881,valid=1,read_failures=0"
dengfoc,"SYNC_TRUTH,sequence=95523,truth_tick_us=191456584,mechanical_angle_rad=4.881126881,valid=1,read_failures=0"
dengfoc,"SYNC_TRUTH,sequence=95524,truth_tick_us=191458588,mechanical_angle_rad=4.879592896,valid=1,read_failures=0"
dengfoc,"SYNC_TRUTH,sequence=95525,truth_tick_us=191460584,mechanical_angle_rad=4.879592896,valid=1,read_failures=0"
dengfoc,"SYNC_TRUTH,sequence=95526,truth_tick_us=191462588,mechanical_angle_rad=4.879592896,valid=1,read_failures=0"
dengfoc,"SYNC_TRUTH,sequence=95527,truth_tick_us=191464584,mechanical_angle_rad=4.879592896,valid=1,read_failures=0"
dengfoc,"SYNC_TRUTH,sequence=95528,truth_tick_us=191466588,mechanical_angle_rad=4.881126881,valid=1,read_failures=0"
dengfoc,"SYNC_TRUTH,sequence=95529,truth_tick_us=191468584,mechanical_angle_rad=4.879592896,valid=1,read_failures=0"
dengfoc,"SYNC_TRUTH,sequence=95530,truth_tick_us=191470588,mechanical_angle_rad=4.879592896,valid=1,read_failures=0"
dengfoc,"SYNC_TRUTH,sequence=95531,truth_tick_us=191472584,mechanical_angle_rad=4.879592896,valid=1,read_failures=0"
dengfoc,"SYNC_TRUTH,sequence=95532,truth_tick_us=191474588,mechanical_angle_rad=4.879592896,valid=1,read_failures=0"
dengfoc,"SYNC_TRUTH,sequence=95533,truth_tick_us=191476584,mechanical_angle_rad=4.881126881,valid=1,read_failures=0"
dengfoc,"SYNC_TRUTH,sequence=95534,truth_tick_us=191478588,mechanical_angle_rad=4.879592896,valid=1,read_failures=0"
dengfoc,"SYNC_TRUTH,sequence=95535,truth_tick_us=191480584,mechanical_angle_rad=4.879592896,valid=1,read_failures=0"
dengfoc,"SYNC_TRUTH,sequence=95536,truth_tick_us=191482588,mechanical_angle_rad=4.879592896,valid=1,read_failures=0"
dengfoc,"SYNC_TRUTH,sequence=95537,truth_tick_us=191484584,mechanical_angle_rad=4.879592896,valid=1,read_failures=0"
dengfoc,"SYNC_TRUTH,sequence=95538,truth_tick_us=191486588,mechanical_angle_rad=4.881126881,valid=1,read_failures=0"
dengfoc,"SYNC_TRUTH,sequence=95539,truth_tick_us=191488584,mechanical_angle_rad=4.879592896,valid=1,read_failures=0"
dengfoc,"SYNC_TRUTH,sequence=95540,truth_tick_us=191490588,mechanical_angle_rad=4.881126881,valid=1,read_failures=0"
dengfoc,"SYNC_TRUTH,sequence=95541,truth_tick_us=191492584,mechanical_angle_rad=4.881126881,valid=1,read_failures=0"
dengfoc,"SYNC_TRUTH,sequence=95542,truth_tick_us=191494588,mechanical_angle_rad=4.879592896,valid=1,read_failures=0"
dengfoc,"SYNC_TRUTH,sequence=95543,truth_tick_us=191496584,mechanical_angle_rad=4.879592896,valid=1,read_failures=0"
dengfoc,"SYNC_TRUTH,sequence=95544,truth_tick_us=191498588,mechanical_angle_rad=4.881126881,valid=1,read_failures=0"
dengfoc,"SYNC_TRUTH,sequence=95545,truth_tick_us=191500584,mechanical_angle_rad=4.881126881,valid=1,read_failures=0"
dengfoc,"SYNC_TRUTH,sequence=95546,truth_tick_us=191502588,mechanical_angle_rad=4.879592896,valid=1,read_failures=0"
dengfoc,"SYNC_TRUTH,sequence=95547,truth_tick_us=191504584,mechanical_angle_rad=4.879592896,valid=1,read_failures=0"
g431,"ALV,01e8231f,15668213,0,0,39"
dengfoc,"SYNC_TRUTH,sequence=95548,truth_tick_us=191506588,mechanical_angle_rad=4.879592896,valid=1,read_failures=0"
dengfoc,"SYNC_TRUTH,sequence=95549,truth_tick_us=191508584,mechanical_angle_rad=4.879592896,valid=1,read_failures=0"
dengfoc,"SYNC_TRUTH,sequence=95550,truth_tick_us=191510588,mechanical_angle_rad=4.879592896,valid=1,read_failures=0"
dengfoc,"SYNC_TRUTH,sequence=95551,truth_tick_us=191512584,mechanical_angle_rad=4.879592896,valid=1,read_failures=0"
dengfoc,"SYNC_TRUTH,sequence=95552,truth_tick_us=191514588,mechanical_angle_rad=4.879592896,valid=1,read_failures=0"
dengfoc,"SYNC_TRUTH,sequence=95553,truth_tick_us=191516584,mechanical_angle_rad=4.879592896,valid=1,read_failures=0"
dengfoc,"SYNC_TRUTH,sequence=95554,truth_tick_us=191518588,mechanical_angle_rad=4.879592896,valid=1,read_failures=0"
dengfoc,"SYNC_TRUTH,sequence=95555,truth_tick_us=191520584,mechanical_angle_rad=4.879592896,valid=1,read_failures=0"
dengfoc,"SYNC_TRUTH,sequence=95556,truth_tick_us=191522588,mechanical_angle_rad=4.879592896,valid=1,read_failures=0"
dengfoc,"SYNC_TRUTH,sequence=95557,truth_tick_us=191524584,mechanical_angle_rad=4.879592896,valid=1,read_failures=0"
dengfoc,"SYNC_TRUTH,sequence=95558,truth_tick_us=191526588,mechanical_angle_rad=4.881126881,valid=1,read_failures=0"
dengfoc,"SYNC_TRUTH,sequence=95559,truth_tick_us=191528584,mechanical_angle_rad=4.879592896,valid=1,read_failures=0"
dengfoc,"SYNC_TRUTH,sequence=95560,truth_tick_us=191530588,mechanical_angle_rad=4.881126881,valid=1,read_failures=0"
dengfoc,"SYNC_TRUTH,sequence=95561,truth_tick_us=191532584,mechanical_angle_rad=4.879592896,valid=1,read_failures=0"
dengfoc,"SYNC_TRUTH,sequence=95562,truth_tick_us=191534588,mechanical_angle_rad=4.881126881,valid=1,read_failures=0"
dengfoc,"SYNC_TRUTH,sequence=95563,truth_tick_us=191536584,mechanical_angle_rad=4.879592896,valid=1,read_failures=0"
dengfoc,"SYNC_TRUTH,sequence=95564,truth_tick_us=191538588,mechanical_angle_rad=4.879592896,valid=1,read_failures=0"
dengfoc,"SYNC_TRUTH,sequence=95565,truth_tick_us=191540584,mechanical_angle_rad=4.881126881,valid=1,read_failures=0"
dengfoc,"SYNC_TRUTH,sequence=95566,truth_tick_us=191542588,mechanical_angle_rad=4.879592896,valid=1,read_failures=0"
dengfoc,"SYNC_TRUTH,sequence=95567,truth_tick_us=191544584,mechanical_angle_rad=4.879592896,valid=1,read_failures=0"
dengfoc,"SYNC_TRUTH,sequence=95568,truth_tick_us=191546588,mechanical_angle_rad=4.881126881,valid=1,read_failures=0"
dengfoc,"SYNC_TRUTH,sequence=95569,truth_tick_us=191548584,mechanical_angle_rad=4.879592896,valid=1,read_failures=0"
dengfoc,"SYNC_TRUTH,sequence=95570,truth_tick_us=191550588,mechanical_angle_rad=4.879592896,valid=1,read_failures=0"
dengfoc,"SYNC_TRUTH,sequence=95571,truth_tick_us=191552584,mechanical_angle_rad=4.881126881,valid=1,read_failures=0"
dengfoc,"SYNC_TRUTH,sequence=95572,truth_tick_us=191554588,mechanical_angle_rad=4.879592896,valid=1,read_failures=0"
dengfoc,"SYNC_TRUTH,sequence=95573,truth_tick_us=191556584,mechanical_angle_rad=4.879592896,valid=1,read_failures=0"
dengfoc,"SYNC_TRUTH,sequence=95574,truth_tick_us=191558588,mechanical_angle_rad=4.879592896,valid=1,read_failures=0"
dengfoc,"SYNC_TRUTH,sequence=95575,truth_tick_us=191560584,mechanical_angle_rad=4.879592896,valid=1,read_failures=0"
dengfoc,"SYNC_TRUTH,sequence=95576,truth_tick_us=191562588,mechanical_angle_rad=4.879592896,valid=1,read_failures=0"
dengfoc,"SYNC_TRUTH,sequence=95577,truth_tick_us=191564584,mechanical_angle_rad=4.879592896,valid=1,read_failures=0"
dengfoc,"SYNC_TRUTH,sequence=95578,truth_tick_us=191566588,mechanical_angle_rad=4.879592896,valid=1,read_failures=0"
dengfoc,"SYNC_TRUTH,sequence=95579,truth_tick_us=191568584,mechanical_angle_rad=4.879592896,valid=1,read_failures=0"
dengfoc,"SYNC_TRUTH,sequence=95580,truth_tick_us=191570588,mechanical_angle_rad=4.879592896,valid=1,read_failures=0"
dengfoc,"SYNC_TRUTH,sequence=95581,truth_tick_us=191572584,mechanical_angle_rad=4.881126881,valid=1,read_failures=0"
dengfoc,"SYNC_TRUTH,sequence=95582,truth_tick_us=191574588,mechanical_angle_rad=4.879592896,valid=1,read_failures=0"
dengfoc,"SYNC_TRUTH,sequence=95583,truth_tick_us=191576584,mechanical_angle_rad=4.881126881,valid=1,read_failures=0"
dengfoc,"SYNC_TRUTH,sequence=95584,truth_tick_us=191578588,mechanical_angle_rad=4.879592896,valid=1,read_failures=0"
dengfoc,"SYNC_TRUTH,sequence=95585,truth_tick_us=191580584,mechanical_angle_rad=4.879592896,valid=1,read_failures=0"
dengfoc,"SYNC_TRUTH,sequence=95586,truth_tick_us=191582588,mechanical_angle_rad=4.879592896,valid=1,read_failures=0"
dengfoc,"SYNC_TRUTH,sequence=95587,truth_tick_us=191584584,mechanical_angle_rad=4.881126881,valid=1,read_failures=0"
dengfoc,"SYNC_TRUTH,sequence=95588,truth_tick_us=191586588,mechanical_angle_rad=4.881126881,valid=1,read_failures=0"
dengfoc,"SYNC_TRUTH,sequence=95589,truth_tick_us=191588584,mechanical_angle_rad=4.879592896,valid=1,read_failures=0"
dengfoc,"SYNC_TRUTH,sequence=95590,truth_tick_us=191590588,mechanical_angle_rad=4.879592896,valid=1,read_failures=0"
dengfoc,"SYNC_TRUTH,sequence=95591,truth_tick_us=191592584,mechanical_angle_rad=4.879592896,valid=1,read_failures=0"
dengfoc,"SYNC_TRUTH,sequence=95592,truth_tick_us=191594588,mechanical_angle_rad=4.879592896,valid=1,read_failures=0"
dengfoc,"SYNC_TRUTH,sequence=95593,truth_tick_us=191596584,mechanical_angle_rad=4.879592896,valid=1,read_failures=0"
dengfoc,"SYNC_TRUTH,sequence=95594,truth_tick_us=191598588,mechanical_angle_rad=4.879592896,valid=1,read_failures=0"
dengfoc,"SYNC_TRUTH,sequence=95595,truth_tick_us=191600584,mechanical_angle_rad=4.879592896,valid=1,read_failures=0"
dengfoc,"SYNC_TRUTH,sequence=95596,truth_tick_us=191602588,mechanical_angle_rad=4.881126881,valid=1,read_failures=0"
dengfoc,"SYNC_TRUTH,sequence=95597,truth_tick_us=191604584,mechanical_angle_rad=4.879592896,valid=1,read_failures=0"
dengfoc,"SYNC_TRUTH,sequence=95598,truth_tick_us=191606588,mechanical_angle_rad=4.879592896,valid=1,read_failures=0"
dengfoc,"SYNC_TRUTH,sequence=95599,truth_tick_us=191608584,mechanical_angle_rad=4.879592896,valid=1,read_failures=0"
dengfoc,"SYNC_TRUTH,sequence=95600,truth_tick_us=191610588,mechanical_angle_rad=4.879592896,valid=1,read_failures=0"
dengfoc,"SYNC_TRUTH,sequence=95601,truth_tick_us=191612584,mechanical_angle_rad=4.881126881,valid=1,read_failures=0"
dengfoc,"SYNC_TRUTH,sequence=95602,truth_tick_us=191614588,mechanical_angle_rad=4.879592896,valid=1,read_failures=0"
dengfoc,"SYNC_TRUTH,sequence=95603,truth_tick_us=191616584,mechanical_angle_rad=4.879592896,valid=1,read_failures=0"
dengfoc,"SYNC_TRUTH,sequence=95604,truth_tick_us=191618588,mechanical_angle_rad=4.879592896,valid=1,read_failures=0"
dengfoc,"SYNC_TRUTH,sequence=95605,truth_tick_us=191620584,mechanical_angle_rad=4.879592896,valid=1,read_failures=0"
dengfoc,"SYNC_TRUTH,sequence=95606,truth_tick_us=191622588,mechanical_angle_rad=4.879592896,valid=1,read_failures=0"
dengfoc,"SYNC_TRUTH,sequence=95607,truth_tick_us=191624584,mechanical_angle_rad=4.879592896,valid=1,read_failures=0"
dengfoc,"SYNC_TRUTH,sequence=95608,truth_tick_us=191626588,mechanical_angle_rad=4.881126881,valid=1,read_failures=0"
dengfoc,"SYNC_TRUTH,sequence=95609,truth_tick_us=191628584,mechanical_angle_rad=4.881126881,valid=1,read_failures=0"
dengfoc,"SYNC_TRUTH,sequence=95610,truth_tick_us=191630588,mechanical_angle_rad=4.879592896,valid=1,read_failures=0"
dengfoc,"SYNC_TRUTH,sequence=95611,truth_tick_us=191632584,mechanical_angle_rad=4.879592896,valid=1,read_failures=0"
dengfoc,"SYNC_TRUTH,sequence=95612,truth_tick_us=191634588,mechanical_angle_rad=4.879592896,valid=1,read_failures=0"
dengfoc,"SYNC_TRUTH,sequence=95613,truth_tick_us=191636584,mechanical_angle_rad=4.879592896,valid=1,read_failures=0"
dengfoc,"SYNC_TRUTH,sequence=95614,truth_tick_us=191638588,mechanical_angle_rad=4.879592896,valid=1,read_failures=0"
dengfoc,"SYNC_TRUTH,sequence=95615,truth_tick_us=191640584,mechanical_angle_rad=4.879592896,valid=1,read_failures=0"
dengfoc,"SYNC_TRUTH,sequence=95616,truth_tick_us=191642588,mechanical_angle_rad=4.881126881,valid=1,read_failures=0"
dengfoc,"SYNC_TRUTH,sequence=95617,truth_tick_us=191644584,mechanical_angle_rad=4.879592896,valid=1,read_failures=0"
dengfoc,"SYNC_TRUTH,sequence=95618,truth_tick_us=191646588,mechanical_angle_rad=4.879592896,valid=1,read_failures=0"
dengfoc,"SYNC_TRUTH,sequence=95619,truth_tick_us=191648584,mechanical_angle_rad=4.879592896,valid=1,read_failures=0"
dengfoc,"SYNC_TRUTH,sequence=95620,truth_tick_us=191650588,mechanical_angle_rad=4.881126881,valid=1,read_failures=0"
dengfoc,"SYNC_TRUTH,sequence=95621,truth_tick_us=191652584,mechanical_angle_rad=4.879592896,valid=1,read_failures=0"
dengfoc,"SYNC_TRUTH,sequence=95622,truth_tick_us=191654588,mechanical_angle_rad=4.879592896,valid=1,read_failures=0"
dengfoc,"SYNC_TRUTH,sequence=95623,truth_tick_us=191656584,mechanical_angle_rad=4.879592896,valid=1,read_failures=0"
dengfoc,"SYNC_TRUTH,sequence=95624,truth_tick_us=191658588,mechanical_angle_rad=4.879592896,valid=1,read_failures=0"
dengfoc,"SYNC_TRUTH,sequence=95625,truth_tick_us=191660584,mechanical_angle_rad=4.879592896,valid=1,read_failures=0"
dengfoc,"SYNC_TRUTH,sequence=95626,truth_tick_us=191662588,mechanical_angle_rad=4.879592896,valid=1,read_failures=0"
g431,foc_h3_sync_status
dengfoc,"SYNC_TRUTH,sequence=95627,truth_tick_us=191664584,mechanical_angle_rad=4.879592896,valid=1,read_failures=0"
dengfoc,"SYNC_TRUTH,sequence=95628,truth_tick_us=191666588,mechanical_angle_rad=4.881126881,valid=1,read_failures=0"
dengfoc,"SYNC_TRUTH,sequence=95629,truth_tick_us=191668584,mechanical_angle_rad=4.879592896,valid=1,read_failures=0"
dengfoc,"SYNC_TRUTH,sequence=95630,truth_tick_us=191670588,mechanical_angle_rad=4.879592896,valid=1,read_failures=0"
dengfoc,"SYNC_TRUTH,sequence=95631,truth_tick_us=191672584,mechanical_angle_rad=4.879592896,valid=1,read_failures=0"
g431,"FH3_SYNC_STATUS,1,196608,3,47,47,0,47,101,2877001103,15665702,7,20261004,124,224,0,32,100,2877001152,49"
g431,msh >
dengfoc,"SYNC_TRUTH,sequence=95632,truth_tick_us=191674588,mechanical_angle_rad=4.879592896,valid=1,read_failures=0"
dengfoc,"SYNC_TRUTH,sequence=95633,truth_tick_us=191676584,mechanical_angle_rad=4.881126881,valid=1,read_failures=0"
dengfoc,"SYNC_TRUTH,sequence=95634,truth_tick_us=191678588,mechanical_angle_rad=4.879592896,valid=1,read_failures=0"
dengfoc,"SYNC_TRUTH,sequence=95635,truth_tick_us=191680584,mechanical_angle_rad=4.879592896,valid=1,read_failures=0"
dengfoc,"SYNC_TRUTH,sequence=95636,truth_tick_us=191682588,mechanical_angle_rad=4.879592896,valid=1,read_failures=0"
dengfoc,"SYNC_TRUTH,sequence=95637,truth_tick_us=191684584,mechanical_angle_rad=4.879592896,valid=1,read_failures=0"
dengfoc,"SYNC_TRUTH,sequence=95638,truth_tick_us=191686588,mechanical_angle_rad=4.879592896,valid=1,read_failures=0"
dengfoc,"SYNC_TRUTH,sequence=95639,truth_tick_us=191688584,mechanical_angle_rad=4.881126881,valid=1,read_failures=0"
dengfoc,"SYNC_TRUTH,sequence=95640,truth_tick_us=191690588,mechanical_angle_rad=4.879592896,valid=1,read_failures=0"
dengfoc,"SYNC_TRUTH,sequence=95641,truth_tick_us=191692584,mechanical_angle_rad=4.879592896,valid=1,read_failures=0"
dengfoc,"SYNC_TRUTH,sequence=95642,truth_tick_us=191694588,mechanical_angle_rad=4.879592896,valid=1,read_failures=0"
dengfoc,"SYNC_TRUTH,sequence=95643,truth_tick_us=191696584,mechanical_angle_rad=4.879592896,valid=1,read_failures=0"
dengfoc,"SYNC_TRUTH,sequence=95644,truth_tick_us=191698588,mechanical_angle_rad=4.879592896,valid=1,read_failures=0"
dengfoc,"SYNC_TRUTH,sequence=95645,truth_tick_us=191700584,mechanical_angle_rad=4.879592896,valid=1,read_failures=0"
dengfoc,"SYNC_TRUTH,sequence=95646,truth_tick_us=191702588,mechanical_angle_rad=4.881126881,valid=1,read_failures=0"
dengfoc,"SYNC_TRUTH,sequence=95647,truth_tick_us=191704584,mechanical_angle_rad=4.881126881,valid=1,read_failures=0"
g431,msh >
dengfoc,"SYNC_TRUTH,sequence=95648,truth_tick_us=191706588,mechanical_angle_rad=4.879592896,valid=1,read_failures=0"
dengfoc,"SYNC_TRUTH,sequence=95649,truth_tick_us=191708584,mechanical_angle_rad=4.881126881,valid=1,read_failures=0"
dengfoc,"SYNC_TRUTH,sequence=95650,truth_tick_us=191710588,mechanical_angle_rad=4.881126881,valid=1,read_failures=0"
dengfoc,"SYNC_TRUTH,sequence=95651,truth_tick_us=191712584,mechanical_angle_rad=4.879592896,valid=1,read_failures=0"
dengfoc,"SYNC_TRUTH,sequence=95652,truth_tick_us=191714588,mechanical_angle_rad=4.879592896,valid=1,read_failures=0"
dengfoc,"SYNC_TRUTH,sequence=95653,truth_tick_us=191716584,mechanical_angle_rad=4.879592896,valid=1,read_failures=0"
dengfoc,"SYNC_TRUTH,sequence=95654,truth_tick_us=191718588,mechanical_angle_rad=4.879592896,valid=1,read_failures=0"
dengfoc,"SYNC_TRUTH,sequence=95655,truth_tick_us=191720584,mechanical_angle_rad=4.879592896,valid=1,read_failures=0"
dengfoc,"SYNC_TRUTH,sequence=95656,truth_tick_us=191722588,mechanical_angle_rad=4.879592896,valid=1,read_failures=0"
dengfoc,"SYNC_TRUTH,sequence=95657,truth_tick_us=191724584,mechanical_angle_rad=4.881126881,valid=1,read_failures=0"
dengfoc,"SYNC_TRUTH,sequence=95658,truth_tick_us=191726588,mechanical_angle_rad=4.879592896,valid=1,read_failures=0"
dengfoc,"SYNC_TRUTH,sequence=95659,truth_tick_us=191728584,mechanical_angle_rad=4.879592896,valid=1,read_failures=0"
dengfoc,"SYNC_TRUTH,sequence=95660,truth_tick_us=191730588,mechanical_angle_rad=4.879592896,valid=1,read_failures=0"
dengfoc,"SYNC_TRUTH,sequence=95661,truth_tick_us=191732584,mechanical_angle_rad=4.879592896,valid=1,read_failures=0"
dengfoc,"SYNC_TRUTH,sequence=95662,truth_tick_us=191734588,mechanical_angle_rad=4.881126881,valid=1,read_failures=0"
dengfoc,"SYNC_TRUTH,sequence=95663,truth_tick_us=191736584,mechanical_angle_rad=4.879592896,valid=1,read_failures=0"
dengfoc,"SYNC_TRUTH,sequence=95664,truth_tick_us=191738588,mechanical_angle_rad=4.879592896,valid=1,read_failures=0"
dengfoc,"SYNC_TRUTH,sequence=95665,truth_tick_us=191740584,mechanical_angle_rad=4.879592896,valid=1,read_failures=0"
dengfoc,"SYNC_TRUTH,sequence=95666,truth_tick_us=191742588,mechanical_angle_rad=4.879592896,valid=1,read_failures=0"
dengfoc,"SYNC_TRUTH,sequence=95667,truth_tick_us=191744584,mechanical_angle_rad=4.879592896,valid=1,read_failures=0"
dengfoc,"SYNC_TRUTH,sequence=95668,truth_tick_us=191746588,mechanical_angle_rad=4.879592896,valid=1,read_failures=0"
dengfoc,"SYNC_TRUTH,sequence=95669,truth_tick_us=191748584,mechanical_angle_rad=4.879592896,valid=1,read_failures=0"
dengfoc,"SYNC_TRUTH,sequence=95670,truth_tick_us=191750588,mechanical_angle_rad=4.879592896,valid=1,read_failures=0"
dengfoc,"SYNC_TRUTH,sequence=95671,truth_tick_us=191752584,mechanical_angle_rad=4.879592896,valid=1,read_failures=0"
dengfoc,"SYNC_TRUTH,sequence=95672,truth_tick_us=191754588,mechanical_angle_rad=4.881126881,valid=1,read_failures=0"
dengfoc,"SYNC_TRUTH,sequence=95673,truth_tick_us=191756584,mechanical_angle_rad=4.881126881,valid=1,read_failures=0"
dengfoc,"SYNC_TRUTH,sequence=95674,truth_tick_us=191758588,mechanical_angle_rad=4.879592896,valid=1,read_failures=0"
dengfoc,"SYNC_TRUTH,sequence=95675,truth_tick_us=191760584,mechanical_angle_rad=4.879592896,valid=1,read_failures=0"
dengfoc,"SYNC_TRUTH,sequence=95676,truth_tick_us=191762588,mechanical_angle_rad=4.881126881,valid=1,read_failures=0"
dengfoc,"SYNC_TRUTH,sequence=95677,truth_tick_us=191764584,mechanical_angle_rad=4.879592896,valid=1,read_failures=0"
dengfoc,"SYNC_TRUTH,sequence=95678,truth_tick_us=191766588,mechanical_angle_rad=4.879592896,valid=1,read_failures=0"
dengfoc,"SYNC_TRUTH,sequence=95679,truth_tick_us=191768584,mechanical_angle_rad=4.879592896,valid=1,read_failures=0"
dengfoc,"SYNC_TRUTH,sequence=95680,truth_tick_us=191770588,mechanical_angle_rad=4.879592896,valid=1,read_failures=0"
dengfoc,"SYNC_TRUTH,sequence=95681,truth_tick_us=191772584,mechanical_angle_rad=4.879592896,valid=1,read_failures=0"
dengfoc,"SYNC_TRUTH,sequence=95682,truth_tick_us=191774588,mechanical_angle_rad=4.879592896,valid=1,read_failures=0"
dengfoc,"SYNC_TRUTH,sequence=95683,truth_tick_us=191776584,mechanical_angle_rad=4.879592896,valid=1,read_failures=0"
dengfoc,"SYNC_TRUTH,sequence=95684,truth_tick_us=191778588,mechanical_angle_rad=4.879592896,valid=1,read_failures=0"
dengfoc,"SYNC_TRUTH,sequence=95685,truth_tick_us=191780584,mechanical_angle_rad=4.881126881,valid=1,read_failures=0"
dengfoc,"SYNC_TRUTH,sequence=95686,truth_tick_us=191782588,mechanical_angle_rad=4.881126881,valid=1,read_failures=0"
dengfoc,"SYNC_TRUTH,sequence=95687,truth_tick_us=191784584,mechanical_angle_rad=4.879592896,valid=1,read_failures=0"
dengfoc,"SYNC_TRUTH,sequence=95688,truth_tick_us=191786588,mechanical_angle_rad=4.879592896,valid=1,read_failures=0"
dengfoc,"SYNC_TRUTH,sequence=95689,truth_tick_us=191788584,mechanical_angle_rad=4.879592896,valid=1,read_failures=0"
dengfoc,"SYNC_TRUTH,sequence=95690,truth_tick_us=191790588,mechanical_angle_rad=4.881126881,valid=1,read_failures=0"
dengfoc,"SYNC_TRUTH,sequence=95691,truth_tick_us=191792584,mechanical_angle_rad=4.881126881,valid=1,read_failures=0"
dengfoc,"SYNC_TRUTH,sequence=95692,truth_tick_us=191794588,mechanical_angle_rad=4.879592896,valid=1,read_failures=0"
dengfoc,"SYNC_TRUTH,sequence=95693,truth_tick_us=191796584,mechanical_angle_rad=4.879592896,valid=1,read_failures=0"
dengfoc,"SYNC_TRUTH,sequence=95694,truth_tick_us=191798588,mechanical_angle_rad=4.879592896,valid=1,read_failures=0"
dengfoc,"SYNC_TRUTH,sequence=95695,truth_tick_us=191800584,mechanical_angle_rad=4.879592896,valid=1,read_failures=0"
dengfoc,"SYNC_TRUTH,sequence=95696,truth_tick_us=191802588,mechanical_angle_rad=4.881126881,valid=1,read_failures=0"
dengfoc,"SYNC_TRUTH,sequence=95697,truth_tick_us=191804584,mechanical_angle_rad=4.879592896,valid=1,read_failures=0"
dengfoc,"SYNC_TRUTH,sequence=95698,truth_tick_us=191806588,mechanical_angle_rad=4.879592896,valid=1,read_failures=0"
dengfoc,"SYNC_TRUTH,sequence=95699,truth_tick_us=191808584,mechanical_angle_rad=4.879592896,valid=1,read_failures=0"
dengfoc,"SYNC_TRUTH,sequence=95700,truth_tick_us=191810588,mechanical_angle_rad=4.879592896,valid=1,read_failures=0"
dengfoc,"SYNC_TRUTH,sequence=95701,truth_tick_us=191812584,mechanical_angle_rad=4.879592896,valid=1,read_failures=0"
dengfoc,"SYNC_TRUTH,sequence=95702,truth_tick_us=191814588,mechanical_angle_rad=4.879592896,valid=1,read_failures=0"
dengfoc,"SYNC_TRUTH,sequence=95703,truth_tick_us=191816584,mechanical_angle_rad=4.879592896,valid=1,read_failures=0"
dengfoc,"SYNC_TRUTH,sequence=95704,truth_tick_us=191818588,mechanical_angle_rad=4.879592896,valid=1,read_failures=0"
dengfoc,"SYNC_TRUTH,sequence=95705,truth_tick_us=191820584,mechanical_angle_rad=4.879592896,valid=1,read_failures=0"
dengfoc,"SYNC_TRUTH,sequence=95706,truth_tick_us=191822588,mechanical_angle_rad=4.879592896,valid=1,read_failures=0"
dengfoc,"SYNC_TRUTH,sequence=95707,truth_tick_us=191824584,mechanical_angle_rad=4.879592896,valid=1,read_failures=0"
dengfoc,"SYNC_TRUTH,sequence=95708,truth_tick_us=191826588,mechanical_angle_rad=4.879592896,valid=1,read_failures=0"
dengfoc,"SYNC_TRUTH,sequence=95709,truth_tick_us=191828584,mechanical_angle_rad=4.879592896,valid=1,read_failures=0"
dengfoc,"SYNC_TRUTH,sequence=95710,truth_tick_us=191830588,mechanical_angle_rad=4.879592896,valid=1,read_failures=0"
dengfoc,"SYNC_TRUTH,sequence=95711,truth_tick_us=191832584,mechanical_angle_rad=4.881126881,valid=1,read_failures=0"
dengfoc,"SYNC_TRUTH,sequence=95712,truth_tick_us=191834588,mechanical_angle_rad=4.881126881,valid=1,read_failures=0"
dengfoc,"SYNC_TRUTH,sequence=95713,truth_tick_us=191836584,mechanical_angle_rad=4.879592896,valid=1,read_failures=0"
dengfoc,"SYNC_TRUTH,sequence=95714,truth_tick_us=191838588,mechanical_angle_rad=4.879592896,valid=1,read_failures=0"
dengfoc,"SYNC_TRUTH,sequence=95715,truth_tick_us=191840584,mechanical_angle_rad=4.881126881,valid=1,read_failures=0"
dengfoc,"SYNC_TRUTH,sequence=95716,truth_tick_us=191842588,mechanical_angle_rad=4.881126881,valid=1,read_failures=0"
dengfoc,"SYNC_TRUTH,sequence=95717,truth_tick_us=191844584,mechanical_angle_rad=4.879592896,valid=1,read_failures=0"
dengfoc,"SYNC_TRUTH,sequence=95718,truth_tick_us=191846588,mechanical_angle_rad=4.879592896,valid=1,read_failures=0"
dengfoc,"SYNC_TRUTH,sequence=95719,truth_tick_us=191848584,mechanical_angle_rad=4.879592896,valid=1,read_failures=0"
dengfoc,"SYNC_TRUTH,sequence=95720,truth_tick_us=191850588,mechanical_angle_rad=4.881126881,valid=1,read_failures=0"
dengfoc,"SYNC_TRUTH,sequence=95721,truth_tick_us=191852584,mechanical_angle_rad=4.879592896,valid=1,read_failures=0"
dengfoc,"SYNC_TRUTH,sequence=95722,truth_tick_us=191854588,mechanical_angle_rad=4.881126881,valid=1,read_failures=0"
dengfoc,"SYNC_TRUTH,sequence=95723,truth_tick_us=191856584,mechanical_angle_rad=4.879592896,valid=1,read_failures=0"
dengfoc,"SYNC_TRUTH,sequence=95724,truth_tick_us=191858588,mechanical_angle_rad=4.879592896,valid=1,read_failures=0"
dengfoc,"SYNC_TRUTH,sequence=95725,truth_tick_us=191860584,mechanical_angle_rad=4.879592896,valid=1,read_failures=0"
dengfoc,"SYNC_TRUTH,sequence=95726,truth_tick_us=191862588,mechanical_angle_rad=4.879592896,valid=1,read_failures=0"
dengfoc,"SYNC_TRUTH,sequence=95727,truth_tick_us=191864584,mechanical_angle_rad=4.881126881,valid=1,read_failures=0"
dengfoc,"SYNC_TRUTH,sequence=95728,truth_tick_us=191866588,mechanical_angle_rad=4.879592896,valid=1,read_failures=0"
dengfoc,"SYNC_TRUTH,sequence=95729,truth_tick_us=191868584,mechanical_angle_rad=4.879592896,valid=1,read_failures=0"
dengfoc,"SYNC_TRUTH,sequence=95730,truth_tick_us=191870588,mechanical_angle_rad=4.879592896,valid=1,read_failures=0"
dengfoc,"SYNC_TRUTH,sequence=95731,truth_tick_us=191872584,mechanical_angle_rad=4.879592896,valid=1,read_failures=0"
dengfoc,"SYNC_TRUTH,sequence=95732,truth_tick_us=191874588,mechanical_angle_rad=4.881126881,valid=1,read_failures=0"
dengfoc,"SYNC_TRUTH,sequence=95733,truth_tick_us=191876584,mechanical_angle_rad=4.879592896,valid=1,read_failures=0"
dengfoc,"SYNC_TRUTH,sequence=95734,truth_tick_us=191878588,mechanical_angle_rad=4.879592896,valid=1,read_failures=0"
dengfoc,"SYNC_TRUTH,sequence=95735,truth_tick_us=191880584,mechanical_angle_rad=4.879592896,valid=1,read_failures=0"
dengfoc,"SYNC_TRUTH,sequence=95736,truth_tick_us=191882588,mechanical_angle_rad=4.879592896,valid=1,read_failures=0"
dengfoc,"SYNC_TRUTH,sequence=95737,truth_tick_us=191884584,mechanical_angle_rad=4.881126881,valid=1,read_failures=0"
dengfoc,"SYNC_TRUTH,sequence=95738,truth_tick_us=191886588,mechanical_angle_rad=4.879592896,valid=1,read_failures=0"
dengfoc,"SYNC_TRUTH,sequence=95739,truth_tick_us=191888584,mechanical_angle_rad=4.879592896,valid=1,read_failures=0"
dengfoc,"SYNC_TRUTH,sequence=95740,truth_tick_us=191890588,mechanical_angle_rad=4.881126881,valid=1,read_failures=0"
dengfoc,"SYNC_TRUTH,sequence=95741,truth_tick_us=191892584,mechanical_angle_rad=4.881126881,valid=1,read_failures=0"
dengfoc,"SYNC_TRUTH,sequence=95742,truth_tick_us=191894588,mechanical_angle_rad=4.879592896,valid=1,read_failures=0"
dengfoc,"SYNC_TRUTH,sequence=95743,truth_tick_us=191896584,mechanical_angle_rad=4.881126881,valid=1,read_failures=0"
dengfoc,"SYNC_TRUTH,sequence=95744,truth_tick_us=191898588,mechanical_angle_rad=4.879592896,valid=1,read_failures=0"
dengfoc,"SYNC_TRUTH,sequence=95745,truth_tick_us=191900584,mechanical_angle_rad=4.879592896,valid=1,read_failures=0"
dengfoc,"SYNC_TRUTH,sequence=95746,truth_tick_us=191902588,mechanical_angle_rad=4.881126881,valid=1,read_failures=0"
dengfoc,"SYNC_TRUTH,sequence=95747,truth_tick_us=191904584,mechanical_angle_rad=4.881126881,valid=1,read_failures=0"
dengfoc,"SYNC_TRUTH,sequence=95748,truth_tick_us=191906588,mechanical_angle_rad=4.881126881,valid=1,read_failures=0"
dengfoc,"SYNC_TRUTH,sequence=95749,truth_tick_us=191908584,mechanical_angle_rad=4.881126881,valid=1,read_failures=0"
dengfoc,"SYNC_TRUTH,sequence=95750,truth_tick_us=191910588,mechanical_angle_rad=4.879592896,valid=1,read_failures=0"
dengfoc,"SYNC_TRUTH,sequence=95751,truth_tick_us=191912584,mechanical_angle_rad=4.881126881,valid=1,read_failures=0"
dengfoc,"SYNC_TRUTH,sequence=95752,truth_tick_us=191914588,mechanical_angle_rad=4.881126881,valid=1,read_failures=0"
dengfoc,"SYNC_TRUTH,sequence=95753,truth_tick_us=191916584,mechanical_angle_rad=4.879592896,valid=1,read_failures=0"
dengfoc,"SYNC_TRUTH,sequence=95754,truth_tick_us=191918588,mechanical_angle_rad=4.881126881,valid=1,read_failures=0"
dengfoc,"SYNC_TRUTH,sequence=95755,truth_tick_us=191920584,mechanical_angle_rad=4.879592896,valid=1,read_failures=0"
dengfoc,"SYNC_TRUTH,sequence=95756,truth_tick_us=191922588,mechanical_angle_rad=4.879592896,valid=1,read_failures=0"
dengfoc,"SYNC_TRUTH,sequence=95757,truth_tick_us=191924584,mechanical_angle_rad=4.879592896,valid=1,read_failures=0"
dengfoc,"SYNC_TRUTH,sequence=95758,truth_tick_us=191926588,mechanical_angle_rad=4.879592896,valid=1,read_failures=0"
dengfoc,"SYNC_TRUTH,sequence=95759,truth_tick_us=191928584,mechanical_angle_rad=4.879592896,valid=1,read_failures=0"
dengfoc,"SYNC_TRUTH,sequence=95760,truth_tick_us=191930588,mechanical_angle_rad=4.879592896,valid=1,read_failures=0"
dengfoc,"SYNC_TRUTH,sequence=95761,truth_tick_us=191932584,mechanical_angle_rad=4.879592896,valid=1,read_failures=0"
dengfoc,"SYNC_TRUTH,sequence=95762,truth_tick_us=191934588,mechanical_angle_rad=4.881126881,valid=1,read_failures=0"
dengfoc,"SYNC_TRUTH,sequence=95763,truth_tick_us=191936584,mechanical_angle_rad=4.879592896,valid=1,read_failures=0"
dengfoc,"SYNC_TRUTH,sequence=95764,truth_tick_us=191938588,mechanical_angle_rad=4.879592896,valid=1,read_failures=0"
dengfoc,"SYNC_TRUTH,sequence=95765,truth_tick_us=191940584,mechanical_angle_rad=4.879592896,valid=1,read_failures=0"
dengfoc,"SYNC_TRUTH,sequence=95766,truth_tick_us=191942588,mechanical_angle_rad=4.879592896,valid=1,read_failures=0"
dengfoc,"SYNC_TRUTH,sequence=95767,truth_tick_us=191944584,mechanical_angle_rad=4.879592896,valid=1,read_failures=0"
dengfoc,"SYNC_TRUTH,sequence=95768,truth_tick_us=191946588,mechanical_angle_rad=4.881126881,valid=1,read_failures=0"
dengfoc,"SYNC_TRUTH,sequence=95769,truth_tick_us=191948584,mechanical_angle_rad=4.879592896,valid=1,read_failures=0"
dengfoc,"SYNC_TRUTH,sequence=95770,truth_tick_us=191950588,mechanical_angle_rad=4.881126881,valid=1,read_failures=0"
dengfoc,"SYNC_TRUTH,sequence=95771,truth_tick_us=191952584,mechanical_angle_rad=4.879592896,valid=1,read_failures=0"
dengfoc,"SYNC_TRUTH,sequence=95772,truth_tick_us=191954588,mechanical_angle_rad=4.881126881,valid=1,read_failures=0"
dengfoc,"SYNC_TRUTH,sequence=95773,truth_tick_us=191956584,mechanical_angle_rad=4.879592896,valid=1,read_failures=0"
dengfoc,"SYNC_TRUTH,sequence=95774,truth_tick_us=191958588,mechanical_angle_rad=4.881126881,valid=1,read_failures=0"
dengfoc,"SYNC_TRUTH,sequence=95775,truth_tick_us=191960584,mechanical_angle_rad=4.881126881,valid=1,read_failures=0"
dengfoc,"SYNC_TRUTH,sequence=95776,truth_tick_us=191962588,mechanical_angle_rad=4.879592896,valid=1,read_failures=0"
dengfoc,"SYNC_TRUTH,sequence=95777,truth_tick_us=191964584,mechanical_angle_rad=4.879592896,valid=1,read_failures=0"
dengfoc,"SYNC_TRUTH,sequence=95778,truth_tick_us=191966588,mechanical_angle_rad=4.879592896,valid=1,read_failures=0"
dengfoc,"SYNC_TRUTH,sequence=95779,truth_tick_us=191968584,mechanical_angle_rad=4.879592896,valid=1,read_failures=0"
dengfoc,"SYNC_TRUTH,sequence=95780,truth_tick_us=191970588,mechanical_angle_rad=4.879592896,valid=1,read_failures=0"
dengfoc,"SYNC_TRUTH,sequence=95781,truth_tick_us=191972584,mechanical_angle_rad=4.879592896,valid=1,read_failures=0"
dengfoc,"SYNC_TRUTH,sequence=95782,truth_tick_us=191974588,mechanical_angle_rad=4.879592896,valid=1,read_failures=0"
dengfoc,"SYNC_TRUTH,sequence=95783,truth_tick_us=191976584,mechanical_angle_rad=4.879592896,valid=1,read_failures=0"
dengfoc,"SYNC_TRUTH,sequence=95784,truth_tick_us=191978588,mechanical_angle_rad=4.881126881,valid=1,read_failures=0"
dengfoc,"SYNC_TRUTH,sequence=95785,truth_tick_us=191980584,mechanical_angle_rad=4.881126881,valid=1,read_failures=0"
g431,foc_h3_sync_send 20261004 125 225
dengfoc,"SYNC_TRUTH,sequence=95786,truth_tick_us=191982588,mechanical_angle_rad=4.879592896,valid=1,read_failures=0"
dengfoc,"SYNC_TRUTH,sequence=95787,truth_tick_us=191984584,mechanical_angle_rad=4.879592896,valid=1,read_failures=0"
dengfoc,"SYNC_TRUTH,sequence=95788,truth_tick_us=191986592,mechanical_angle_rad=4.879592896,valid=1,read_failures=0"
dengfoc,"SYNC_TRUTH,sequence=95789,truth_tick_us=191988584,mechanical_angle_rad=4.879592896,valid=1,read_failures=0"
g431,"FH3_SYNC_SEND,1,196608,2,48,47,0,47,0,0,4294967295,0,20261004,125,225,0,32,0,0,0"
dengfoc,"SYNC_TRUTH,sequence=95790,truth_tick_us=191990592,mechanical_angle_rad=4.881126881,valid=1,read_failures=0"
g431,msh >
dengfoc,"SYNC_TRUTH,sequence=95791,truth_tick_us=191992584,mechanical_angle_rad=4.881126881,valid=1,read_failures=0"
dengfoc,"SYNC_ANCHOR_RX,session=20261004,edge_sequence=125,edge_tag=225,truth_tick_us=191985278,source=2,flags=0x00000003"
dengfoc,"SYNC_TRUTH,sequence=95792,truth_tick_us=191995592,mechanical_angle_rad=4.879592896,valid=1,read_failures=0"
dengfoc,"SYNC_TRUTH,sequence=95793,truth_tick_us=191997584,mechanical_angle_rad=4.879592896,valid=1,read_failures=0"
dengfoc,"SYNC_TRUTH,sequence=95794,truth_tick_us=191999588,mechanical_angle_rad=4.881126881,valid=1,read_failures=0"
dengfoc,"SYNC_TRUTH,sequence=95795,truth_tick_us=192001584,mechanical_angle_rad=4.879592896,valid=1,read_failures=0"
dengfoc,"SYNC_TRUTH,sequence=95796,truth_tick_us=192003588,mechanical_angle_rad=4.879592896,valid=1,read_failures=0"
dengfoc,"SYNC_TRUTH,sequence=95797,truth_tick_us=192005584,mechanical_angle_rad=4.879592896,valid=1,read_failures=0"
dengfoc,"SYNC_TRUTH,sequence=95798,truth_tick_us=192007588,mechanical_angle_rad=4.879592896,valid=1,read_failures=0"
dengfoc,"SYNC_TRUTH,sequence=95799,truth_tick_us=192009584,mechanical_angle_rad=4.879592896,valid=1,read_failures=0"
dengfoc,"SYNC_TRUTH,sequence=95800,truth_tick_us=192011588,mechanical_angle_rad=4.881126881,valid=1,read_failures=0"
dengfoc,"SYNC_TRUTH,sequence=95801,truth_tick_us=192013584,mechanical_angle_rad=4.879592896,valid=1,read_failures=0"
dengfoc,"SYNC_TRUTH,sequence=95802,truth_tick_us=192015588,mechanical_angle_rad=4.879592896,valid=1,read_failures=0"
dengfoc,"SYNC_TRUTH,sequence=95803,truth_tick_us=192017584,mechanical_angle_rad=4.879592896,valid=1,read_failures=0"
g431,msh >
dengfoc,"SYNC_TRUTH,sequence=95804,truth_tick_us=192019588,mechanical_angle_rad=4.879592896,valid=1,read_failures=0"
dengfoc,"SYNC_TRUTH,sequence=95805,truth_tick_us=192021584,mechanical_angle_rad=4.879592896,valid=1,read_failures=0"
dengfoc,"SYNC_TRUTH,sequence=95806,truth_tick_us=192023588,mechanical_angle_rad=4.881126881,valid=1,read_failures=0"
dengfoc,"SYNC_TRUTH,sequence=95807,truth_tick_us=192025584,mechanical_angle_rad=4.879592896,valid=1,read_failures=0"
dengfoc,"SYNC_TRUTH,sequence=95808,truth_tick_us=192027588,mechanical_angle_rad=4.881126881,valid=1,read_failures=0"
dengfoc,"SYNC_TRUTH,sequence=95809,truth_tick_us=192029584,mechanical_angle_rad=4.881126881,valid=1,read_failures=0"
dengfoc,"SYNC_TRUTH,sequence=95810,truth_tick_us=192031588,mechanical_angle_rad=4.879592896,valid=1,read_failures=0"
dengfoc,"SYNC_TRUTH,sequence=95811,truth_tick_us=192033584,mechanical_angle_rad=4.879592896,valid=1,read_failures=0"
dengfoc,"SYNC_TRUTH,sequence=95812,truth_tick_us=192035588,mechanical_angle_rad=4.881126881,valid=1,read_failures=0"
dengfoc,"SYNC_TRUTH,sequence=95813,truth_tick_us=192037584,mechanical_angle_rad=4.881126881,valid=1,read_failures=0"
dengfoc,"SYNC_TRUTH,sequence=95814,truth_tick_us=192039588,mechanical_angle_rad=4.879592896,valid=1,read_failures=0"
dengfoc,"SYNC_TRUTH,sequence=95815,truth_tick_us=192041584,mechanical_angle_rad=4.879592896,valid=1,read_failures=0"
dengfoc,"SYNC_TRUTH,sequence=95816,truth_tick_us=192043588,mechanical_angle_rad=4.879592896,valid=1,read_failures=0"
dengfoc,"SYNC_TRUTH,sequence=95817,truth_tick_us=192045584,mechanical_angle_rad=4.879592896,valid=1,read_failures=0"
dengfoc,"SYNC_TRUTH,sequence=95818,truth_tick_us=192047588,mechanical_angle_rad=4.879592896,valid=1,read_failures=0"
dengfoc,"SYNC_TRUTH,sequence=95819,truth_tick_us=192049584,mechanical_angle_rad=4.881126881,valid=1,read_failures=0"
dengfoc,"SYNC_TRUTH,sequence=95820,truth_tick_us=192051588,mechanical_angle_rad=4.879592896,valid=1,read_failures=0"
dengfoc,"SYNC_TRUTH,sequence=95821,truth_tick_us=192053584,mechanical_angle_rad=4.881126881,valid=1,read_failures=0"
dengfoc,"SYNC_TRUTH,sequence=95822,truth_tick_us=192055588,mechanical_angle_rad=4.879592896,valid=1,read_failures=0"
dengfoc,"SYNC_TRUTH,sequence=95823,truth_tick_us=192057584,mechanical_angle_rad=4.879592896,valid=1,read_failures=0"
dengfoc,"SYNC_TRUTH,sequence=95824,truth_tick_us=192059588,mechanical_angle_rad=4.879592896,valid=1,read_failures=0"
dengfoc,"SYNC_TRUTH,sequence=95825,truth_tick_us=192061584,mechanical_angle_rad=4.879592896,valid=1,read_failures=0"
dengfoc,"SYNC_TRUTH,sequence=95826,truth_tick_us=192063588,mechanical_angle_rad=4.879592896,valid=1,read_failures=0"
dengfoc,"SYNC_TRUTH,sequence=95827,truth_tick_us=192065584,mechanical_angle_rad=4.879592896,valid=1,read_failures=0"
dengfoc,"SYNC_TRUTH,sequence=95828,truth_tick_us=192067588,mechanical_angle_rad=4.879592896,valid=1,read_failures=0"
dengfoc,"SYNC_TRUTH,sequence=95829,truth_tick_us=192069584,mechanical_angle_rad=4.881126881,valid=1,read_failures=0"
dengfoc,"SYNC_TRUTH,sequence=95830,truth_tick_us=192071588,mechanical_angle_rad=4.881126881,valid=1,read_failures=0"
dengfoc,"SYNC_TRUTH,sequence=95831,truth_tick_us=192073584,mechanical_angle_rad=4.879592896,valid=1,read_failures=0"
dengfoc,"SYNC_TRUTH,sequence=95832,truth_tick_us=192075588,mechanical_angle_rad=4.879592896,valid=1,read_failures=0"
dengfoc,"SYNC_TRUTH,sequence=95833,truth_tick_us=192077584,mechanical_angle_rad=4.879592896,valid=1,read_failures=0"
dengfoc,"SYNC_TRUTH,sequence=95834,truth_tick_us=192079588,mechanical_angle_rad=4.879592896,valid=1,read_failures=0"
dengfoc,"SYNC_TRUTH,sequence=95835,truth_tick_us=192081584,mechanical_angle_rad=4.881126881,valid=1,read_failures=0"
dengfoc,"SYNC_TRUTH,sequence=95836,truth_tick_us=192083588,mechanical_angle_rad=4.879592896,valid=1,read_failures=0"
dengfoc,"SYNC_TRUTH,sequence=95837,truth_tick_us=192085584,mechanical_angle_rad=4.879592896,valid=1,read_failures=0"
dengfoc,"SYNC_TRUTH,sequence=95838,truth_tick_us=192087588,mechanical_angle_rad=4.879592896,valid=1,read_failures=0"
dengfoc,"SYNC_TRUTH,sequence=95839,truth_tick_us=192089584,mechanical_angle_rad=4.879592896,valid=1,read_failures=0"
dengfoc,"SYNC_TRUTH,sequence=95840,truth_tick_us=192091588,mechanical_angle_rad=4.879592896,valid=1,read_failures=0"
dengfoc,"SYNC_TRUTH,sequence=95841,truth_tick_us=192093584,mechanical_angle_rad=4.879592896,valid=1,read_failures=0"
dengfoc,"SYNC_TRUTH,sequence=95842,truth_tick_us=192095588,mechanical_angle_rad=4.879592896,valid=1,read_failures=0"
dengfoc,"SYNC_TRUTH,sequence=95843,truth_tick_us=192097584,mechanical_angle_rad=4.879592896,valid=1,read_failures=0"
dengfoc,"SYNC_TRUTH,sequence=95844,truth_tick_us=192099588,mechanical_angle_rad=4.881126881,valid=1,read_failures=0"
dengfoc,"SYNC_TRUTH,sequence=95845,truth_tick_us=192101584,mechanical_angle_rad=4.879592896,valid=1,read_failures=0"
dengfoc,"SYNC_TRUTH,sequence=95846,truth_tick_us=192103588,mechanical_angle_rad=4.879592896,valid=1,read_failures=0"
dengfoc,"SYNC_TRUTH,sequence=95847,truth_tick_us=192105584,mechanical_angle_rad=4.879592896,valid=1,read_failures=0"
dengfoc,"SYNC_TRUTH,sequence=95848,truth_tick_us=192107588,mechanical_angle_rad=4.881126881,valid=1,read_failures=0"
dengfoc,"SYNC_TRUTH,sequence=95849,truth_tick_us=192109584,mechanical_angle_rad=4.879592896,valid=1,read_failures=0"
dengfoc,"SYNC_TRUTH,sequence=95850,truth_tick_us=192111588,mechanical_angle_rad=4.881126881,valid=1,read_failures=0"
dengfoc,"SYNC_TRUTH,sequence=95851,truth_tick_us=192113584,mechanical_angle_rad=4.879592896,valid=1,read_failures=0"
dengfoc,"SYNC_TRUTH,sequence=95852,truth_tick_us=192115588,mechanical_angle_rad=4.881126881,valid=1,read_failures=0"
dengfoc,"SYNC_TRUTH,sequence=95853,truth_tick_us=192117584,mechanical_angle_rad=4.879592896,valid=1,read_failures=0"
dengfoc,"SYNC_TRUTH,sequence=95854,truth_tick_us=192119588,mechanical_angle_rad=4.881126881,valid=1,read_failures=0"
dengfoc,"SYNC_TRUTH,sequence=95855,truth_tick_us=192121584,mechanical_angle_rad=4.879592896,valid=1,read_failures=0"
dengfoc,"SYNC_TRUTH,sequence=95856,truth_tick_us=192123588,mechanical_angle_rad=4.879592896,valid=1,read_failures=0"
dengfoc,"SYNC_TRUTH,sequence=95857,truth_tick_us=192125584,mechanical_angle_rad=4.879592896,valid=1,read_failures=0"
dengfoc,"SYNC_TRUTH,sequence=95858,truth_tick_us=192127588,mechanical_angle_rad=4.879592896,valid=1,read_failures=0"
dengfoc,"SYNC_TRUTH,sequence=95859,truth_tick_us=192129584,mechanical_angle_rad=4.879592896,valid=1,read_failures=0"
dengfoc,"SYNC_TRUTH,sequence=95860,truth_tick_us=192131588,mechanical_angle_rad=4.881126881,valid=1,read_failures=0"
dengfoc,"SYNC_TRUTH,sequence=95861,truth_tick_us=192133584,mechanical_angle_rad=4.879592896,valid=1,read_failures=0"
dengfoc,"SYNC_TRUTH,sequence=95862,truth_tick_us=192135588,mechanical_angle_rad=4.881126881,valid=1,read_failures=0"
dengfoc,"SYNC_TRUTH,sequence=95863,truth_tick_us=192137584,mechanical_angle_rad=4.879592896,valid=1,read_failures=0"
dengfoc,"SYNC_TRUTH,sequence=95864,truth_tick_us=192139588,mechanical_angle_rad=4.879592896,valid=1,read_failures=0"
dengfoc,"SYNC_TRUTH,sequence=95865,truth_tick_us=192141584,mechanical_angle_rad=4.879592896,valid=1,read_failures=0"
dengfoc,"SYNC_TRUTH,sequence=95866,truth_tick_us=192143588,mechanical_angle_rad=4.879592896,valid=1,read_failures=0"
dengfoc,"SYNC_TRUTH,sequence=95867,truth_tick_us=192145584,mechanical_angle_rad=4.879592896,valid=1,read_failures=0"
dengfoc,"SYNC_TRUTH,sequence=95868,truth_tick_us=192147588,mechanical_angle_rad=4.879592896,valid=1,read_failures=0"
dengfoc,"SYNC_TRUTH,sequence=95869,truth_tick_us=192149584,mechanical_angle_rad=4.881126881,valid=1,read_failures=0"
dengfoc,"SYNC_TRUTH,sequence=95870,truth_tick_us=192151588,mechanical_angle_rad=4.879592896,valid=1,read_failures=0"
dengfoc,"SYNC_TRUTH,sequence=95871,truth_tick_us=192153584,mechanical_angle_rad=4.879592896,valid=1,read_failures=0"
dengfoc,"SYNC_TRUTH,sequence=95872,truth_tick_us=192155588,mechanical_angle_rad=4.879592896,valid=1,read_failures=0"
dengfoc,"SYNC_TRUTH,sequence=95873,truth_tick_us=192157584,mechanical_angle_rad=4.879592896,valid=1,read_failures=0"
dengfoc,"SYNC_TRUTH,sequence=95874,truth_tick_us=192159588,mechanical_angle_rad=4.881126881,valid=1,read_failures=0"
dengfoc,"SYNC_TRUTH,sequence=95875,truth_tick_us=192161584,mechanical_angle_rad=4.879592896,valid=1,read_failures=0"
dengfoc,"SYNC_TRUTH,sequence=95876,truth_tick_us=192163588,mechanical_angle_rad=4.879592896,valid=1,read_failures=0"
dengfoc,"SYNC_TRUTH,sequence=95877,truth_tick_us=192165584,mechanical_angle_rad=4.879592896,valid=1,read_failures=0"
dengfoc,"SYNC_TRUTH,sequence=95878,truth_tick_us=192167588,mechanical_angle_rad=4.879592896,valid=1,read_failures=0"
dengfoc,"SYNC_TRUTH,sequence=95879,truth_tick_us=192169584,mechanical_angle_rad=4.879592896,valid=1,read_failures=0"
dengfoc,"SYNC_TRUTH,sequence=95880,truth_tick_us=192171588,mechanical_angle_rad=4.881126881,valid=1,read_failures=0"
dengfoc,"SYNC_TRUTH,sequence=95881,truth_tick_us=192173584,mechanical_angle_rad=4.881126881,valid=1,read_failures=0"
dengfoc,"SYNC_TRUTH,sequence=95882,truth_tick_us=192175588,mechanical_angle_rad=4.879592896,valid=1,read_failures=0"
dengfoc,"SYNC_TRUTH,sequence=95883,truth_tick_us=192177584,mechanical_angle_rad=4.881126881,valid=1,read_failures=0"
dengfoc,"SYNC_TRUTH,sequence=95884,truth_tick_us=192179588,mechanical_angle_rad=4.879592896,valid=1,read_failures=0"
dengfoc,"SYNC_TRUTH,sequence=95885,truth_tick_us=192181584,mechanical_angle_rad=4.879592896,valid=1,read_failures=0"
dengfoc,"SYNC_TRUTH,sequence=95886,truth_tick_us=192183588,mechanical_angle_rad=4.881126881,valid=1,read_failures=0"
dengfoc,"SYNC_TRUTH,sequence=95887,truth_tick_us=192185584,mechanical_angle_rad=4.879592896,valid=1,read_failures=0"
dengfoc,"SYNC_TRUTH,sequence=95888,truth_tick_us=192187588,mechanical_angle_rad=4.879592896,valid=1,read_failures=0"
dengfoc,"SYNC_TRUTH,sequence=95889,truth_tick_us=192189584,mechanical_angle_rad=4.879592896,valid=1,read_failures=0"
dengfoc,"SYNC_STATUS,frames=6,frame_fail=0,truth=95889,truth_fail=0,idle=0,capture_state=1,capture_failure=0,rejected=0,overflow=0,driver_disabled=1"
dengfoc,"SYNC_TRUTH,sequence=95890,truth_tick_us=192192592,mechanical_angle_rad=4.879592896,valid=1,read_failures=0"
dengfoc,"SYNC_TRUTH,sequence=95891,truth_tick_us=192194584,mechanical_angle_rad=4.879592896,valid=1,read_failures=0"
dengfoc,"SYNC_TRUTH,sequence=95892,truth_tick_us=192196588,mechanical_angle_rad=4.879592896,valid=1,read_failures=0"
dengfoc,"SYNC_TRUTH,sequence=95893,truth_tick_us=192198584,mechanical_angle_rad=4.879592896,valid=1,read_failures=0"
dengfoc,"SYNC_TRUTH,sequence=95894,truth_tick_us=192200588,mechanical_angle_rad=4.881126881,valid=1,read_failures=0"
dengfoc,"SYNC_TRUTH,sequence=95895,truth_tick_us=192202584,mechanical_angle_rad=4.879592896,valid=1,read_failures=0"
dengfoc,"SYNC_TRUTH,sequence=95896,truth_tick_us=192204588,mechanical_angle_rad=4.879592896,valid=1,read_failures=0"
dengfoc,"SYNC_TRUTH,sequence=95897,truth_tick_us=192206584,mechanical_angle_rad=4.879592896,valid=1,read_failures=0"
dengfoc,"SYNC_TRUTH,sequence=95898,truth_tick_us=192208588,mechanical_angle_rad=4.879592896,valid=1,read_failures=0"
dengfoc,"SYNC_TRUTH,sequence=95899,truth_tick_us=192210584,mechanical_angle_rad=4.879592896,valid=1,read_failures=0"
dengfoc,"SYNC_TRUTH,sequence=95900,truth_tick_us=192212588,mechanical_angle_rad=4.879592896,valid=1,read_failures=0"
dengfoc,"SYNC_TRUTH,sequence=95901,truth_tick_us=192214584,mechanical_angle_rad=4.881126881,valid=1,read_failures=0"
dengfoc,"SYNC_TRUTH,sequence=95902,truth_tick_us=192216588,mechanical_angle_rad=4.881126881,valid=1,read_failures=0"
dengfoc,"SYNC_TRUTH,sequence=95903,truth_tick_us=192218584,mechanical_angle_rad=4.881126881,valid=1,read_failures=0"
dengfoc,"SYNC_TRUTH,sequence=95904,truth_tick_us=192220588,mechanical_angle_rad=4.879592896,valid=1,read_failures=0"
dengfoc,"SYNC_TRUTH,sequence=95905,truth_tick_us=192222584,mechanical_angle_rad=4.879592896,valid=1,read_failures=0"
dengfoc,"SYNC_TRUTH,sequence=95906,truth_tick_us=192224588,mechanical_angle_rad=4.881126881,valid=1,read_failures=0"
dengfoc,"SYNC_TRUTH,sequence=95907,truth_tick_us=192226584,mechanical_angle_rad=4.879592896,valid=1,read_failures=0"
dengfoc,"SYNC_TRUTH,sequence=95908,truth_tick_us=192228588,mechanical_angle_rad=4.879592896,valid=1,read_failures=0"
dengfoc,"SYNC_TRUTH,sequence=95909,truth_tick_us=192230584,mechanical_angle_rad=4.879592896,valid=1,read_failures=0"
dengfoc,"SYNC_TRUTH,sequence=95910,truth_tick_us=192232588,mechanical_angle_rad=4.879592896,valid=1,read_failures=0"
dengfoc,"SYNC_TRUTH,sequence=95911,truth_tick_us=192234584,mechanical_angle_rad=4.879592896,valid=1,read_failures=0"
dengfoc,"SYNC_TRUTH,sequence=95912,truth_tick_us=192236588,mechanical_angle_rad=4.879592896,valid=1,read_failures=0"
dengfoc,"SYNC_TRUTH,sequence=95913,truth_tick_us=192238584,mechanical_angle_rad=4.879592896,valid=1,read_failures=0"
dengfoc,"SYNC_TRUTH,sequence=95914,truth_tick_us=192240588,mechanical_angle_rad=4.879592896,valid=1,read_failures=0"
dengfoc,"SYNC_TRUTH,sequence=95915,truth_tick_us=192242584,mechanical_angle_rad=4.879592896,valid=1,read_failures=0"
dengfoc,"SYNC_TRUTH,sequence=95916,truth_tick_us=192244588,mechanical_angle_rad=4.879592896,valid=1,read_failures=0"
dengfoc,"SYNC_TRUTH,sequence=95917,truth_tick_us=192246584,mechanical_angle_rad=4.881126881,valid=1,read_failures=0"
dengfoc,"SYNC_TRUTH,sequence=95918,truth_tick_us=192248588,mechanical_angle_rad=4.881126881,valid=1,read_failures=0"
dengfoc,"SYNC_TRUTH,sequence=95919,truth_tick_us=192250584,mechanical_angle_rad=4.881126881,valid=1,read_failures=0"
dengfoc,"SYNC_TRUTH,sequence=95920,truth_tick_us=192252588,mechanical_angle_rad=4.881126881,valid=1,read_failures=0"
dengfoc,"SYNC_TRUTH,sequence=95921,truth_tick_us=192254584,mechanical_angle_rad=4.879592896,valid=1,read_failures=0"
dengfoc,"SYNC_TRUTH,sequence=95922,truth_tick_us=192256588,mechanical_angle_rad=4.881126881,valid=1,read_failures=0"
dengfoc,"SYNC_TRUTH,sequence=95923,truth_tick_us=192258584,mechanical_angle_rad=4.881126881,valid=1,read_failures=0"
dengfoc,"SYNC_TRUTH,sequence=95924,truth_tick_us=192260588,mechanical_angle_rad=4.879592896,valid=1,read_failures=0"
dengfoc,"SYNC_TRUTH,sequence=95925,truth_tick_us=192262584,mechanical_angle_rad=4.879592896,valid=1,read_failures=0"
dengfoc,"SYNC_TRUTH,sequence=95926,truth_tick_us=192264588,mechanical_angle_rad=4.879592896,valid=1,read_failures=0"
dengfoc,"SYNC_TRUTH,sequence=95927,truth_tick_us=192266584,mechanical_angle_rad=4.881126881,valid=1,read_failures=0"
dengfoc,"SYNC_TRUTH,sequence=95928,truth_tick_us=192268588,mechanical_angle_rad=4.881126881,valid=1,read_failures=0"
dengfoc,"SYNC_TRUTH,sequence=95929,truth_tick_us=192270584,mechanical_angle_rad=4.879592896,valid=1,read_failures=0"
dengfoc,"SYNC_TRUTH,sequence=95930,truth_tick_us=192272588,mechanical_angle_rad=4.879592896,valid=1,read_failures=0"
dengfoc,"SYNC_TRUTH,sequence=95931,truth_tick_us=192274584,mechanical_angle_rad=4.879592896,valid=1,read_failures=0"
dengfoc,"SYNC_TRUTH,sequence=95932,truth_tick_us=192276588,mechanical_angle_rad=4.879592896,valid=1,read_failures=0"
dengfoc,"SYNC_TRUTH,sequence=95933,truth_tick_us=192278584,mechanical_angle_rad=4.879592896,valid=1,read_failures=0"
dengfoc,"SYNC_TRUTH,sequence=95934,truth_tick_us=192280588,mechanical_angle_rad=4.879592896,valid=1,read_failures=0"
dengfoc,"SYNC_TRUTH,sequence=95935,truth_tick_us=192282584,mechanical_angle_rad=4.879592896,valid=1,read_failures=0"
dengfoc,"SYNC_TRUTH,sequence=95936,truth_tick_us=192284588,mechanical_angle_rad=4.881126881,valid=1,read_failures=0"
dengfoc,"SYNC_TRUTH,sequence=95937,truth_tick_us=192286584,mechanical_angle_rad=4.879592896,valid=1,read_failures=0"
dengfoc,"SYNC_TRUTH,sequence=95938,truth_tick_us=192288588,mechanical_angle_rad=4.879592896,valid=1,read_failures=0"
dengfoc,"SYNC_TRUTH,sequence=95939,truth_tick_us=192290584,mechanical_angle_rad=4.879592896,valid=1,read_failures=0"
dengfoc,"SYNC_TRUTH,sequence=95940,truth_tick_us=192292588,mechanical_angle_rad=4.879592896,valid=1,read_failures=0"
dengfoc,"SYNC_TRUTH,sequence=95941,truth_tick_us=192294584,mechanical_angle_rad=4.879592896,valid=1,read_failures=0"
dengfoc,"SYNC_TRUTH,sequence=95942,truth_tick_us=192296588,mechanical_angle_rad=4.881126881,valid=1,read_failures=0"
dengfoc,"SYNC_TRUTH,sequence=95943,truth_tick_us=192298584,mechanical_angle_rad=4.879592896,valid=1,read_failures=0"
dengfoc,"SYNC_TRUTH,sequence=95944,truth_tick_us=192300588,mechanical_angle_rad=4.879592896,valid=1,read_failures=0"
dengfoc,"SYNC_TRUTH,sequence=95945,truth_tick_us=192302584,mechanical_angle_rad=4.879592896,valid=1,read_failures=0"
dengfoc,"SYNC_TRUTH,sequence=95946,truth_tick_us=192304588,mechanical_angle_rad=4.879592896,valid=1,read_failures=0"
dengfoc,"SYNC_TRUTH,sequence=95947,truth_tick_us=192306584,mechanical_angle_rad=4.881126881,valid=1,read_failures=0"
dengfoc,"SYNC_TRUTH,sequence=95948,truth_tick_us=192308588,mechanical_angle_rad=4.881126881,valid=1,read_failures=0"
dengfoc,"SYNC_TRUTH,sequence=95949,truth_tick_us=192310584,mechanical_angle_rad=4.881126881,valid=1,read_failures=0"
dengfoc,"SYNC_TRUTH,sequence=95950,truth_tick_us=192312588,mechanical_angle_rad=4.879592896,valid=1,read_failures=0"
dengfoc,"SYNC_TRUTH,sequence=95951,truth_tick_us=192314584,mechanical_angle_rad=4.881126881,valid=1,read_failures=0"
dengfoc,"SYNC_TRUTH,sequence=95952,truth_tick_us=192316588,mechanical_angle_rad=4.879592896,valid=1,read_failures=0"
dengfoc,"SYNC_TRUTH,sequence=95953,truth_tick_us=192318584,mechanical_angle_rad=4.879592896,valid=1,read_failures=0"
dengfoc,"SYNC_TRUTH,sequence=95954,truth_tick_us=192320588,mechanical_angle_rad=4.881126881,valid=1,read_failures=0"
dengfoc,"SYNC_TRUTH,sequence=95955,truth_tick_us=192322584,mechanical_angle_rad=4.879592896,valid=1,read_failures=0"
dengfoc,"SYNC_TRUTH,sequence=95956,truth_tick_us=192324588,mechanical_angle_rad=4.879592896,valid=1,read_failures=0"
dengfoc,"SYNC_TRUTH,sequence=95957,truth_tick_us=192326584,mechanical_angle_rad=4.879592896,valid=1,read_failures=0"
dengfoc,"SYNC_TRUTH,sequence=95958,truth_tick_us=192328588,mechanical_angle_rad=4.879592896,valid=1,read_failures=0"
dengfoc,"SYNC_TRUTH,sequence=95959,truth_tick_us=192330584,mechanical_angle_rad=4.879592896,valid=1,read_failures=0"
dengfoc,"SYNC_TRUTH,sequence=95960,truth_tick_us=192332588,mechanical_angle_rad=4.881126881,valid=1,read_failures=0"
dengfoc,"SYNC_TRUTH,sequence=95961,truth_tick_us=192334584,mechanical_angle_rad=4.881126881,valid=1,read_failures=0"
dengfoc,"SYNC_TRUTH,sequence=95962,truth_tick_us=192336588,mechanical_angle_rad=4.879592896,valid=1,read_failures=0"
dengfoc,"SYNC_TRUTH,sequence=95963,truth_tick_us=192338584,mechanical_angle_rad=4.879592896,valid=1,read_failures=0"
dengfoc,"SYNC_TRUTH,sequence=95964,truth_tick_us=192340588,mechanical_angle_rad=4.881126881,valid=1,read_failures=0"
dengfoc,"SYNC_TRUTH,sequence=95965,truth_tick_us=192342584,mechanical_angle_rad=4.881126881,valid=1,read_failures=0"
dengfoc,"SYNC_TRUTH,sequence=95966,truth_tick_us=192344588,mechanical_angle_rad=4.879592896,valid=1,read_failures=0"
dengfoc,"SYNC_TRUTH,sequence=95967,truth_tick_us=192346584,mechanical_angle_rad=4.881126881,valid=1,read_failures=0"
dengfoc,"SYNC_TRUTH,sequence=95968,truth_tick_us=192348588,mechanical_angle_rad=4.879592896,valid=1,read_failures=0"
dengfoc,"SYNC_TRUTH,sequence=95969,truth_tick_us=192350584,mechanical_angle_rad=4.881126881,valid=1,read_failures=0"
g431,foc_h3_sync_status
dengfoc,"SYNC_TRUTH,sequence=95970,truth_tick_us=192352588,mechanical_angle_rad=4.881126881,valid=1,read_failures=0"
dengfoc,"SYNC_TRUTH,sequence=95971,truth_tick_us=192354584,mechanical_angle_rad=4.879592896,valid=1,read_failures=0"
dengfoc,"SYNC_TRUTH,sequence=95972,truth_tick_us=192356588,mechanical_angle_rad=4.881126881,valid=1,read_failures=0"
dengfoc,"SYNC_TRUTH,sequence=95973,truth_tick_us=192358584,mechanical_angle_rad=4.879592896,valid=1,read_failures=0"
g431,"FH3_SYNC_STATUS,1,196608,3,48,48,0,48,101,2993909399,15673955,7,20261004,125,225,0,33,100,2993909448,49"
dengfoc,"SYNC_TRUTH,sequence=95974,truth_tick_us=192360588,mechanical_angle_rad=4.881126881,valid=1,read_failures=0"
g431,msh >
dengfoc,"SYNC_TRUTH,sequence=95975,truth_tick_us=192362584,mechanical_angle_rad=4.881126881,valid=1,read_failures=0"
dengfoc,"SYNC_TRUTH,sequence=95976,truth_tick_us=192364588,mechanical_angle_rad=4.879592896,valid=1,read_failures=0"
dengfoc,"SYNC_TRUTH,sequence=95977,truth_tick_us=192366584,mechanical_angle_rad=4.881126881,valid=1,read_failures=0"
dengfoc,"SYNC_TRUTH,sequence=95978,truth_tick_us=192368588,mechanical_angle_rad=4.879592896,valid=1,read_failures=0"
dengfoc,"SYNC_TRUTH,sequence=95979,truth_tick_us=192370584,mechanical_angle_rad=4.879592896,valid=1,read_failures=0"
dengfoc,"SYNC_TRUTH,sequence=95980,truth_tick_us=192372588,mechanical_angle_rad=4.879592896,valid=1,read_failures=0"
dengfoc,"SYNC_TRUTH,sequence=95981,truth_tick_us=192374584,mechanical_angle_rad=4.879592896,valid=1,read_failures=0"
dengfoc,"SYNC_TRUTH,sequence=95982,truth_tick_us=192376588,mechanical_angle_rad=4.881126881,valid=1,read_failures=0"
dengfoc,"SYNC_TRUTH,sequence=95983,truth_tick_us=192378584,mechanical_angle_rad=4.879592896,valid=1,read_failures=0"
dengfoc,"SYNC_TRUTH,sequence=95984,truth_tick_us=192380588,mechanical_angle_rad=4.879592896,valid=1,read_failures=0"
dengfoc,"SYNC_TRUTH,sequence=95985,truth_tick_us=192382584,mechanical_angle_rad=4.879592896,valid=1,read_failures=0"
dengfoc,"SYNC_TRUTH,sequence=95986,truth_tick_us=192384588,mechanical_angle_rad=4.881126881,valid=1,read_failures=0"
dengfoc,"SYNC_TRUTH,sequence=95987,truth_tick_us=192386584,mechanical_angle_rad=4.881126881,valid=1,read_failures=0"
dengfoc,"SYNC_TRUTH,sequence=95988,truth_tick_us=192388588,mechanical_angle_rad=4.879592896,valid=1,read_failures=0"
dengfoc,"SYNC_TRUTH,sequence=95989,truth_tick_us=192390584,mechanical_angle_rad=4.881126881,valid=1,read_failures=0"
g431,msh >
dengfoc,"SYNC_TRUTH,sequence=95990,truth_tick_us=192392588,mechanical_angle_rad=4.879592896,valid=1,read_failures=0"
dengfoc,"SYNC_TRUTH,sequence=95991,truth_tick_us=192394584,mechanical_angle_rad=4.879592896,valid=1,read_failures=0"
dengfoc,"SYNC_TRUTH,sequence=95992,truth_tick_us=192396588,mechanical_angle_rad=4.879592896,valid=1,read_failures=0"
dengfoc,"SYNC_TRUTH,sequence=95993,truth_tick_us=192398584,mechanical_angle_rad=4.879592896,valid=1,read_failures=0"
dengfoc,"SYNC_TRUTH,sequence=95994,truth_tick_us=192400588,mechanical_angle_rad=4.879592896,valid=1,read_failures=0"
dengfoc,"SYNC_TRUTH,sequence=95995,truth_tick_us=192402584,mechanical_angle_rad=4.879592896,valid=1,read_failures=0"
dengfoc,"SYNC_TRUTH,sequence=95996,truth_tick_us=192404588,mechanical_angle_rad=4.879592896,valid=1,read_failures=0"
dengfoc,"SYNC_TRUTH,sequence=95997,truth_tick_us=192406584,mechanical_angle_rad=4.879592896,valid=1,read_failures=0"
dengfoc,"SYNC_TRUTH,sequence=95998,truth_tick_us=192408588,mechanical_angle_rad=4.881126881,valid=1,read_failures=0"
dengfoc,"SYNC_TRUTH,sequence=95999,truth_tick_us=192410584,mechanical_angle_rad=4.879592896,valid=1,read_failures=0"
dengfoc,"SYNC_TRUTH,sequence=96000,truth_tick_us=192412588,mechanical_angle_rad=4.879592896,valid=1,read_failures=0"
dengfoc,"SYNC_TRUTH,sequence=96001,truth_tick_us=192414584,mechanical_angle_rad=4.879592896,valid=1,read_failures=0"
dengfoc,"SYNC_TRUTH,sequence=96002,truth_tick_us=192416588,mechanical_angle_rad=4.879592896,valid=1,read_failures=0"
dengfoc,"SYNC_TRUTH,sequence=96003,truth_tick_us=192418584,mechanical_angle_rad=4.881126881,valid=1,read_failures=0"
dengfoc,"SYNC_TRUTH,sequence=96004,truth_tick_us=192420588,mechanical_angle_rad=4.879592896,valid=1,read_failures=0"
dengfoc,"SYNC_TRUTH,sequence=96005,truth_tick_us=192422584,mechanical_angle_rad=4.879592896,valid=1,read_failures=0"
dengfoc,"SYNC_TRUTH,sequence=96006,truth_tick_us=192424588,mechanical_angle_rad=4.881126881,valid=1,read_failures=0"
dengfoc,"SYNC_TRUTH,sequence=96007,truth_tick_us=192426584,mechanical_angle_rad=4.881126881,valid=1,read_failures=0"
dengfoc,"SYNC_TRUTH,sequence=96008,truth_tick_us=192428588,mechanical_angle_rad=4.879592896,valid=1,read_failures=0"
dengfoc,"SYNC_TRUTH,sequence=96009,truth_tick_us=192430584,mechanical_angle_rad=4.881126881,valid=1,read_failures=0"
dengfoc,"SYNC_TRUTH,sequence=96010,truth_tick_us=192432588,mechanical_angle_rad=4.881126881,valid=1,read_failures=0"
dengfoc,"SYNC_TRUTH,sequence=96011,truth_tick_us=192434584,mechanical_angle_rad=4.879592896,valid=1,read_failures=0"
dengfoc,"SYNC_TRUTH,sequence=96012,truth_tick_us=192436588,mechanical_angle_rad=4.879592896,valid=1,read_failures=0"
dengfoc,"SYNC_TRUTH,sequence=96013,truth_tick_us=192438584,mechanical_angle_rad=4.879592896,valid=1,read_failures=0"
dengfoc,"SYNC_TRUTH,sequence=96014,truth_tick_us=192440588,mechanical_angle_rad=4.879592896,valid=1,read_failures=0"
dengfoc,"SYNC_TRUTH,sequence=96015,truth_tick_us=192442584,mechanical_angle_rad=4.879592896,valid=1,read_failures=0"
dengfoc,"SYNC_TRUTH,sequence=96016,truth_tick_us=192444588,mechanical_angle_rad=4.881126881,valid=1,read_failures=0"
dengfoc,"SYNC_TRUTH,sequence=96017,truth_tick_us=192446584,mechanical_angle_rad=4.879592896,valid=1,read_failures=0"
dengfoc,"SYNC_TRUTH,sequence=96018,truth_tick_us=192448588,mechanical_angle_rad=4.879592896,valid=1,read_failures=0"
dengfoc,"SYNC_TRUTH,sequence=96019,truth_tick_us=192450584,mechanical_angle_rad=4.879592896,valid=1,read_failures=0"
dengfoc,"SYNC_TRUTH,sequence=96020,truth_tick_us=192452588,mechanical_angle_rad=4.879592896,valid=1,read_failures=0"
dengfoc,"SYNC_TRUTH,sequence=96021,truth_tick_us=192454584,mechanical_angle_rad=4.881126881,valid=1,read_failures=0"
dengfoc,"SYNC_TRUTH,sequence=96022,truth_tick_us=192456588,mechanical_angle_rad=4.879592896,valid=1,read_failures=0"
dengfoc,"SYNC_TRUTH,sequence=96023,truth_tick_us=192458584,mechanical_angle_rad=4.881126881,valid=1,read_failures=0"
dengfoc,"SYNC_TRUTH,sequence=96024,truth_tick_us=192460588,mechanical_angle_rad=4.879592896,valid=1,read_failures=0"
dengfoc,"SYNC_TRUTH,sequence=96025,truth_tick_us=192462584,mechanical_angle_rad=4.879592896,valid=1,read_failures=0"
dengfoc,"SYNC_TRUTH,sequence=96026,truth_tick_us=192464588,mechanical_angle_rad=4.879592896,valid=1,read_failures=0"
dengfoc,"SYNC_TRUTH,sequence=96027,truth_tick_us=192466584,mechanical_angle_rad=4.879592896,valid=1,read_failures=0"
dengfoc,"SYNC_TRUTH,sequence=96028,truth_tick_us=192468588,mechanical_angle_rad=4.879592896,valid=1,read_failures=0"
dengfoc,"SYNC_TRUTH,sequence=96029,truth_tick_us=192470584,mechanical_angle_rad=4.879592896,valid=1,read_failures=0"
dengfoc,"SYNC_TRUTH,sequence=96030,truth_tick_us=192472588,mechanical_angle_rad=4.881126881,valid=1,read_failures=0"
dengfoc,"SYNC_TRUTH,sequence=96031,truth_tick_us=192474584,mechanical_angle_rad=4.879592896,valid=1,read_failures=0"
dengfoc,"SYNC_TRUTH,sequence=96032,truth_tick_us=192476588,mechanical_angle_rad=4.879592896,valid=1,read_failures=0"
dengfoc,"SYNC_TRUTH,sequence=96033,truth_tick_us=192478584,mechanical_angle_rad=4.881126881,valid=1,read_failures=0"
dengfoc,"SYNC_TRUTH,sequence=96034,truth_tick_us=192480588,mechanical_angle_rad=4.881126881,valid=1,read_failures=0"
dengfoc,"SYNC_TRUTH,sequence=96035,truth_tick_us=192482584,mechanical_angle_rad=4.879592896,valid=1,read_failures=0"
dengfoc,"SYNC_TRUTH,sequence=96036,truth_tick_us=192484588,mechanical_angle_rad=4.881126881,valid=1,read_failures=0"
dengfoc,"SYNC_TRUTH,sequence=96037,truth_tick_us=192486584,mechanical_angle_rad=4.879592896,valid=1,read_failures=0"
dengfoc,"SYNC_TRUTH,sequence=96038,truth_tick_us=192488588,mechanical_angle_rad=4.879592896,valid=1,read_failures=0"
dengfoc,"SYNC_TRUTH,sequence=96039,truth_tick_us=192490584,mechanical_angle_rad=4.881126881,valid=1,read_failures=0"
dengfoc,"SYNC_TRUTH,sequence=96040,truth_tick_us=192492588,mechanical_angle_rad=4.879592896,valid=1,read_failures=0"
dengfoc,"SYNC_TRUTH,sequence=96041,truth_tick_us=192494584,mechanical_angle_rad=4.879592896,valid=1,read_failures=0"
dengfoc,"SYNC_TRUTH,sequence=96042,truth_tick_us=192496588,mechanical_angle_rad=4.879592896,valid=1,read_failures=0"
dengfoc,"SYNC_TRUTH,sequence=96043,truth_tick_us=192498584,mechanical_angle_rad=4.879592896,valid=1,read_failures=0"
dengfoc,"SYNC_TRUTH,sequence=96044,truth_tick_us=192500588,mechanical_angle_rad=4.881126881,valid=1,read_failures=0"
dengfoc,"SYNC_TRUTH,sequence=96045,truth_tick_us=192502584,mechanical_angle_rad=4.879592896,valid=1,read_failures=0"
dengfoc,"SYNC_TRUTH,sequence=96046,truth_tick_us=192504588,mechanical_angle_rad=4.879592896,valid=1,read_failures=0"
dengfoc,"SYNC_TRUTH,sequence=96047,truth_tick_us=192506584,mechanical_angle_rad=4.879592896,valid=1,read_failures=0"
dengfoc,"SYNC_TRUTH,sequence=96048,truth_tick_us=192508588,mechanical_angle_rad=4.881126881,valid=1,read_failures=0"
dengfoc,"SYNC_TRUTH,sequence=96049,truth_tick_us=192510584,mechanical_angle_rad=4.881126881,valid=1,read_failures=0"
dengfoc,"SYNC_TRUTH,sequence=96050,truth_tick_us=192512588,mechanical_angle_rad=4.879592896,valid=1,read_failures=0"
dengfoc,"SYNC_TRUTH,sequence=96051,truth_tick_us=192514584,mechanical_angle_rad=4.879592896,valid=1,read_failures=0"
dengfoc,"SYNC_TRUTH,sequence=96052,truth_tick_us=192516588,mechanical_angle_rad=4.881126881,valid=1,read_failures=0"
dengfoc,"SYNC_TRUTH,sequence=96053,truth_tick_us=192518584,mechanical_angle_rad=4.879592896,valid=1,read_failures=0"
dengfoc,"SYNC_TRUTH,sequence=96054,truth_tick_us=192520588,mechanical_angle_rad=4.879592896,valid=1,read_failures=0"
dengfoc,"SYNC_TRUTH,sequence=96055,truth_tick_us=192522584,mechanical_angle_rad=4.879592896,valid=1,read_failures=0"
dengfoc,"SYNC_TRUTH,sequence=96056,truth_tick_us=192524588,mechanical_angle_rad=4.879592896,valid=1,read_failures=0"
dengfoc,"SYNC_TRUTH,sequence=96057,truth_tick_us=192526584,mechanical_angle_rad=4.879592896,valid=1,read_failures=0"
dengfoc,"SYNC_TRUTH,sequence=96058,truth_tick_us=192528588,mechanical_angle_rad=4.879592896,valid=1,read_failures=0"
dengfoc,"SYNC_TRUTH,sequence=96059,truth_tick_us=192530584,mechanical_angle_rad=4.879592896,valid=1,read_failures=0"
dengfoc,"SYNC_TRUTH,sequence=96060,truth_tick_us=192532588,mechanical_angle_rad=4.879592896,valid=1,read_failures=0"
dengfoc,"SYNC_TRUTH,sequence=96061,truth_tick_us=192534584,mechanical_angle_rad=4.881126881,valid=1,read_failures=0"
dengfoc,"SYNC_TRUTH,sequence=96062,truth_tick_us=192536588,mechanical_angle_rad=4.879592896,valid=1,read_failures=0"
dengfoc,"SYNC_TRUTH,sequence=96063,truth_tick_us=192538584,mechanical_angle_rad=4.879592896,valid=1,read_failures=0"
dengfoc,"SYNC_TRUTH,sequence=96064,truth_tick_us=192540588,mechanical_angle_rad=4.879592896,valid=1,read_failures=0"
dengfoc,"SYNC_TRUTH,sequence=96065,truth_tick_us=192542584,mechanical_angle_rad=4.879592896,valid=1,read_failures=0"
dengfoc,"SYNC_TRUTH,sequence=96066,truth_tick_us=192544588,mechanical_angle_rad=4.881126881,valid=1,read_failures=0"
dengfoc,"SYNC_TRUTH,sequence=96067,truth_tick_us=192546584,mechanical_angle_rad=4.879592896,valid=1,read_failures=0"
dengfoc,"SYNC_TRUTH,sequence=96068,truth_tick_us=192548588,mechanical_angle_rad=4.879592896,valid=1,read_failures=0"
dengfoc,"SYNC_TRUTH,sequence=96069,truth_tick_us=192550584,mechanical_angle_rad=4.879592896,valid=1,read_failures=0"
dengfoc,"SYNC_TRUTH,sequence=96070,truth_tick_us=192552588,mechanical_angle_rad=4.881126881,valid=1,read_failures=0"
dengfoc,"SYNC_TRUTH,sequence=96071,truth_tick_us=192554584,mechanical_angle_rad=4.881126881,valid=1,read_failures=0"
dengfoc,"SYNC_TRUTH,sequence=96072,truth_tick_us=192556588,mechanical_angle_rad=4.879592896,valid=1,read_failures=0"
dengfoc,"SYNC_TRUTH,sequence=96073,truth_tick_us=192558584,mechanical_angle_rad=4.881126881,valid=1,read_failures=0"
dengfoc,"SYNC_TRUTH,sequence=96074,truth_tick_us=192560588,mechanical_angle_rad=4.879592896,valid=1,read_failures=0"
dengfoc,"SYNC_TRUTH,sequence=96075,truth_tick_us=192562584,mechanical_angle_rad=4.879592896,valid=1,read_failures=0"
dengfoc,"SYNC_TRUTH,sequence=96076,truth_tick_us=192564588,mechanical_angle_rad=4.879592896,valid=1,read_failures=0"
dengfoc,"SYNC_TRUTH,sequence=96077,truth_tick_us=192566584,mechanical_angle_rad=4.881126881,valid=1,read_failures=0"
dengfoc,"SYNC_TRUTH,sequence=96078,truth_tick_us=192568588,mechanical_angle_rad=4.879592896,valid=1,read_failures=0"
dengfoc,"SYNC_TRUTH,sequence=96079,truth_tick_us=192570584,mechanical_angle_rad=4.879592896,valid=1,read_failures=0"
dengfoc,"SYNC_TRUTH,sequence=96080,truth_tick_us=192572588,mechanical_angle_rad=4.879592896,valid=1,read_failures=0"
dengfoc,"SYNC_TRUTH,sequence=96081,truth_tick_us=192574584,mechanical_angle_rad=4.881126881,valid=1,read_failures=0"
dengfoc,"SYNC_TRUTH,sequence=96082,truth_tick_us=192576588,mechanical_angle_rad=4.881126881,valid=1,read_failures=0"
dengfoc,"SYNC_TRUTH,sequence=96083,truth_tick_us=192578584,mechanical_angle_rad=4.881126881,valid=1,read_failures=0"
dengfoc,"SYNC_TRUTH,sequence=96084,truth_tick_us=192580588,mechanical_angle_rad=4.879592896,valid=1,read_failures=0"
dengfoc,"SYNC_TRUTH,sequence=96085,truth_tick_us=192582584,mechanical_angle_rad=4.881126881,valid=1,read_failures=0"
dengfoc,"SYNC_TRUTH,sequence=96086,truth_tick_us=192584588,mechanical_angle_rad=4.881126881,valid=1,read_failures=0"
dengfoc,"SYNC_TRUTH,sequence=96087,truth_tick_us=192586584,mechanical_angle_rad=4.881126881,valid=1,read_failures=0"
dengfoc,"SYNC_TRUTH,sequence=96088,truth_tick_us=192588588,mechanical_angle_rad=4.879592896,valid=1,read_failures=0"
dengfoc,"SYNC_TRUTH,sequence=96089,truth_tick_us=192590584,mechanical_angle_rad=4.879592896,valid=1,read_failures=0"
dengfoc,"SYNC_TRUTH,sequence=96090,truth_tick_us=192592588,mechanical_angle_rad=4.881126881,valid=1,read_failures=0"
dengfoc,"SYNC_TRUTH,sequence=96091,truth_tick_us=192594584,mechanical_angle_rad=4.879592896,valid=1,read_failures=0"
dengfoc,"SYNC_TRUTH,sequence=96092,truth_tick_us=192596588,mechanical_angle_rad=4.879592896,valid=1,read_failures=0"
dengfoc,"SYNC_TRUTH,sequence=96093,truth_tick_us=192598584,mechanical_angle_rad=4.879592896,valid=1,read_failures=0"
dengfoc,"SYNC_TRUTH,sequence=96094,truth_tick_us=192600588,mechanical_angle_rad=4.879592896,valid=1,read_failures=0"
dengfoc,"SYNC_TRUTH,sequence=96095,truth_tick_us=192602584,mechanical_angle_rad=4.881126881,valid=1,read_failures=0"
dengfoc,"SYNC_TRUTH,sequence=96096,truth_tick_us=192604588,mechanical_angle_rad=4.881126881,valid=1,read_failures=0"
dengfoc,"SYNC_TRUTH,sequence=96097,truth_tick_us=192606584,mechanical_angle_rad=4.879592896,valid=1,read_failures=0"
dengfoc,"SYNC_TRUTH,sequence=96098,truth_tick_us=192608588,mechanical_angle_rad=4.879592896,valid=1,read_failures=0"
dengfoc,"SYNC_TRUTH,sequence=96099,truth_tick_us=192610584,mechanical_angle_rad=4.881126881,valid=1,read_failures=0"
dengfoc,"SYNC_TRUTH,sequence=96100,truth_tick_us=192612588,mechanical_angle_rad=4.879592896,valid=1,read_failures=0"
dengfoc,"SYNC_TRUTH,sequence=96101,truth_tick_us=192614584,mechanical_angle_rad=4.879592896,valid=1,read_failures=0"
dengfoc,"SYNC_TRUTH,sequence=96102,truth_tick_us=192616588,mechanical_angle_rad=4.881126881,valid=1,read_failures=0"
dengfoc,"SYNC_TRUTH,sequence=96103,truth_tick_us=192618584,mechanical_angle_rad=4.879592896,valid=1,read_failures=0"
dengfoc,"SYNC_TRUTH,sequence=96104,truth_tick_us=192620588,mechanical_angle_rad=4.879592896,valid=1,read_failures=0"
dengfoc,"SYNC_TRUTH,sequence=96105,truth_tick_us=192622584,mechanical_angle_rad=4.879592896,valid=1,read_failures=0"
dengfoc,"SYNC_TRUTH,sequence=96106,truth_tick_us=192624588,mechanical_angle_rad=4.879592896,valid=1,read_failures=0"
dengfoc,"SYNC_TRUTH,sequence=96107,truth_tick_us=192626584,mechanical_angle_rad=4.879592896,valid=1,read_failures=0"
dengfoc,"SYNC_TRUTH,sequence=96108,truth_tick_us=192628588,mechanical_angle_rad=4.879592896,valid=1,read_failures=0"
dengfoc,"SYNC_TRUTH,sequence=96109,truth_tick_us=192630584,mechanical_angle_rad=4.879592896,valid=1,read_failures=0"
dengfoc,"SYNC_TRUTH,sequence=96110,truth_tick_us=192632588,mechanical_angle_rad=4.879592896,valid=1,read_failures=0"
dengfoc,"SYNC_TRUTH,sequence=96111,truth_tick_us=192634584,mechanical_angle_rad=4.879592896,valid=1,read_failures=0"
dengfoc,"SYNC_TRUTH,sequence=96112,truth_tick_us=192636588,mechanical_angle_rad=4.879592896,valid=1,read_failures=0"
dengfoc,"SYNC_TRUTH,sequence=96113,truth_tick_us=192638584,mechanical_angle_rad=4.879592896,valid=1,read_failures=0"
dengfoc,"SYNC_TRUTH,sequence=96114,truth_tick_us=192640588,mechanical_angle_rad=4.879592896,valid=1,read_failures=0"
dengfoc,"SYNC_TRUTH,sequence=96115,truth_tick_us=192642584,mechanical_angle_rad=4.879592896,valid=1,read_failures=0"
dengfoc,"SYNC_TRUTH,sequence=96116,truth_tick_us=192644588,mechanical_angle_rad=4.879592896,valid=1,read_failures=0"
dengfoc,"SYNC_TRUTH,sequence=96117,truth_tick_us=192646584,mechanical_angle_rad=4.881126881,valid=1,read_failures=0"
dengfoc,"SYNC_TRUTH,sequence=96118,truth_tick_us=192648588,mechanical_angle_rad=4.881126881,valid=1,read_failures=0"
dengfoc,"SYNC_TRUTH,sequence=96119,truth_tick_us=192650584,mechanical_angle_rad=4.879592896,valid=1,read_failures=0"
dengfoc,"SYNC_TRUTH,sequence=96120,truth_tick_us=192652588,mechanical_angle_rad=4.879592896,valid=1,read_failures=0"
dengfoc,"SYNC_TRUTH,sequence=96121,truth_tick_us=192654584,mechanical_angle_rad=4.881126881,valid=1,read_failures=0"
dengfoc,"SYNC_TRUTH,sequence=96122,truth_tick_us=192656588,mechanical_angle_rad=4.879592896,valid=1,read_failures=0"
dengfoc,"SYNC_TRUTH,sequence=96123,truth_tick_us=192658584,mechanical_angle_rad=4.879592896,valid=1,read_failures=0"
dengfoc,"SYNC_TRUTH,sequence=96124,truth_tick_us=192660588,mechanical_angle_rad=4.879592896,valid=1,read_failures=0"
dengfoc,"SYNC_TRUTH,sequence=96125,truth_tick_us=192662584,mechanical_angle_rad=4.879592896,valid=1,read_failures=0"
dengfoc,"SYNC_TRUTH,sequence=96126,truth_tick_us=192664588,mechanical_angle_rad=4.881126881,valid=1,read_failures=0"
dengfoc,"SYNC_TRUTH,sequence=96127,truth_tick_us=192666584,mechanical_angle_rad=4.879592896,valid=1,read_failures=0"
dengfoc,"SYNC_TRUTH,sequence=96128,truth_tick_us=192668588,mechanical_angle_rad=4.881126881,valid=1,read_failures=0"
dengfoc,"SYNC_TRUTH,sequence=96129,truth_tick_us=192670584,mechanical_angle_rad=4.879592896,valid=1,read_failures=0"
g431,foc_h3_sync_send 20261004 126 226
dengfoc,"SYNC_TRUTH,sequence=96130,truth_tick_us=192672588,mechanical_angle_rad=4.881126881,valid=1,read_failures=0"
dengfoc,"SYNC_TRUTH,sequence=96131,truth_tick_us=192674584,mechanical_angle_rad=4.881126881,valid=1,read_failures=0"
dengfoc,"SYNC_TRUTH,sequence=96132,truth_tick_us=192676588,mechanical_angle_rad=4.879592896,valid=1,read_failures=0"
g431,"FH3_SYNC_SEND,1,196608,2,49,48,0,48,0,0,4294967295,0,20261004,126,226,0,33,0,0,0"
dengfoc,"SYNC_TRUTH,sequence=96133,truth_tick_us=192678584,mechanical_angle_rad=4.879592896,valid=1,read_failures=0"
g431,msh >
dengfoc,"SYNC_TRUTH,sequence=96134,truth_tick_us=192680588,mechanical_angle_rad=4.879592896,valid=1,read_failures=0"
dengfoc,"SYNC_TRUTH,sequence=96135,truth_tick_us=192682584,mechanical_angle_rad=4.879592896,valid=1,read_failures=0"
dengfoc,"SYNC_ANCHOR_RX,session=20261004,edge_sequence=126,edge_tag=226,truth_tick_us=192673589,source=2,flags=0x00000003"
dengfoc,"SYNC_TRUTH,sequence=96136,truth_tick_us=192685596,mechanical_angle_rad=4.879592896,valid=1,read_failures=0"
dengfoc,"SYNC_TRUTH,sequence=96137,truth_tick_us=192687584,mechanical_angle_rad=4.879592896,valid=1,read_failures=0"
dengfoc,"SYNC_TRUTH,sequence=96138,truth_tick_us=192689588,mechanical_angle_rad=4.879592896,valid=1,read_failures=0"
dengfoc,"SYNC_TRUTH,sequence=96139,truth_tick_us=192691584,mechanical_angle_rad=4.879592896,valid=1,read_failures=0"
dengfoc,"SYNC_TRUTH,sequence=96140,truth_tick_us=192693588,mechanical_angle_rad=4.879592896,valid=1,read_failures=0"
dengfoc,"SYNC_TRUTH,sequence=96141,truth_tick_us=192695584,mechanical_angle_rad=4.879592896,valid=1,read_failures=0"
dengfoc,"SYNC_TRUTH,sequence=96142,truth_tick_us=192697588,mechanical_angle_rad=4.879592896,valid=1,read_failures=0"
dengfoc,"SYNC_TRUTH,sequence=96143,truth_tick_us=192699584,mechanical_angle_rad=4.881126881,valid=1,read_failures=0"
dengfoc,"SYNC_TRUTH,sequence=96144,truth_tick_us=192701588,mechanical_angle_rad=4.879592896,valid=1,read_failures=0"
g431,msh >
dengfoc,"SYNC_TRUTH,sequence=96145,truth_tick_us=192703584,mechanical_angle_rad=4.879592896,valid=1,read_failures=0"
dengfoc,"SYNC_TRUTH,sequence=96146,truth_tick_us=192705588,mechanical_angle_rad=4.879592896,valid=1,read_failures=0"
dengfoc,"SYNC_TRUTH,sequence=96147,truth_tick_us=192707584,mechanical_angle_rad=4.879592896,valid=1,read_failures=0"
dengfoc,"SYNC_TRUTH,sequence=96148,truth_tick_us=192709588,mechanical_angle_rad=4.879592896,valid=1,read_failures=0"
dengfoc,"SYNC_TRUTH,sequence=96149,truth_tick_us=192711584,mechanical_angle_rad=4.879592896,valid=1,read_failures=0"
dengfoc,"SYNC_TRUTH,sequence=96150,truth_tick_us=192713588,mechanical_angle_rad=4.881126881,valid=1,read_failures=0"
dengfoc,"SYNC_TRUTH,sequence=96151,truth_tick_us=192715584,mechanical_angle_rad=4.879592896,valid=1,read_failures=0"
dengfoc,"SYNC_TRUTH,sequence=96152,truth_tick_us=192717588,mechanical_angle_rad=4.879592896,valid=1,read_failures=0"
dengfoc,"SYNC_TRUTH,sequence=96153,truth_tick_us=192719584,mechanical_angle_rad=4.879592896,valid=1,read_failures=0"
dengfoc,"SYNC_TRUTH,sequence=96154,truth_tick_us=192721588,mechanical_angle_rad=4.879592896,valid=1,read_failures=0"
dengfoc,"SYNC_TRUTH,sequence=96155,truth_tick_us=192723584,mechanical_angle_rad=4.879592896,valid=1,read_failures=0"
dengfoc,"SYNC_TRUTH,sequence=96156,truth_tick_us=192725588,mechanical_angle_rad=4.881126881,valid=1,read_failures=0"
dengfoc,"SYNC_TRUTH,sequence=96157,truth_tick_us=192727584,mechanical_angle_rad=4.879592896,valid=1,read_failures=0"
dengfoc,"SYNC_TRUTH,sequence=96158,truth_tick_us=192729588,mechanical_angle_rad=4.879592896,valid=1,read_failures=0"
dengfoc,"SYNC_TRUTH,sequence=96159,truth_tick_us=192731584,mechanical_angle_rad=4.881126881,valid=1,read_failures=0"
dengfoc,"SYNC_TRUTH,sequence=96160,truth_tick_us=192733588,mechanical_angle_rad=4.879592896,valid=1,read_failures=0"
dengfoc,"SYNC_TRUTH,sequence=96161,truth_tick_us=192735584,mechanical_angle_rad=4.879592896,valid=1,read_failures=0"
dengfoc,"SYNC_TRUTH,sequence=96162,truth_tick_us=192737588,mechanical_angle_rad=4.879592896,valid=1,read_failures=0"
dengfoc,"SYNC_TRUTH,sequence=96163,truth_tick_us=192739584,mechanical_angle_rad=4.881126881,valid=1,read_failures=0"
dengfoc,"SYNC_TRUTH,sequence=96164,truth_tick_us=192741588,mechanical_angle_rad=4.879592896,valid=1,read_failures=0"
dengfoc,"SYNC_TRUTH,sequence=96165,truth_tick_us=192743584,mechanical_angle_rad=4.879592896,valid=1,read_failures=0"
dengfoc,"SYNC_TRUTH,sequence=96166,truth_tick_us=192745588,mechanical_angle_rad=4.879592896,valid=1,read_failures=0"
dengfoc,"SYNC_TRUTH,sequence=96167,truth_tick_us=192747584,mechanical_angle_rad=4.881126881,valid=1,read_failures=0"
dengfoc,"SYNC_TRUTH,sequence=96168,truth_tick_us=192749588,mechanical_angle_rad=4.879592896,valid=1,read_failures=0"
dengfoc,"SYNC_TRUTH,sequence=96169,truth_tick_us=192751584,mechanical_angle_rad=4.881126881,valid=1,read_failures=0"
dengfoc,"SYNC_TRUTH,sequence=96170,truth_tick_us=192753588,mechanical_angle_rad=4.879592896,valid=1,read_failures=0"
dengfoc,"SYNC_TRUTH,sequence=96171,truth_tick_us=192755584,mechanical_angle_rad=4.879592896,valid=1,read_failures=0"
dengfoc,"SYNC_TRUTH,sequence=96172,truth_tick_us=192757588,mechanical_angle_rad=4.879592896,valid=1,read_failures=0"
dengfoc,"SYNC_TRUTH,sequence=96173,truth_tick_us=192759584,mechanical_angle_rad=4.881126881,valid=1,read_failures=0"
dengfoc,"SYNC_TRUTH,sequence=96174,truth_tick_us=192761588,mechanical_angle_rad=4.879592896,valid=1,read_failures=0"
dengfoc,"SYNC_TRUTH,sequence=96175,truth_tick_us=192763584,mechanical_angle_rad=4.879592896,valid=1,read_failures=0"
dengfoc,"SYNC_TRUTH,sequence=96176,truth_tick_us=192765588,mechanical_angle_rad=4.879592896,valid=1,read_failures=0"
dengfoc,"SYNC_TRUTH,sequence=96177,truth_tick_us=192767584,mechanical_angle_rad=4.879592896,valid=1,read_failures=0"
dengfoc,"SYNC_TRUTH,sequence=96178,truth_tick_us=192769588,mechanical_angle_rad=4.879592896,valid=1,read_failures=0"
dengfoc,"SYNC_TRUTH,sequence=96179,truth_tick_us=192771584,mechanical_angle_rad=4.881126881,valid=1,read_failures=0"
dengfoc,"SYNC_TRUTH,sequence=96180,truth_tick_us=192773588,mechanical_angle_rad=4.879592896,valid=1,read_failures=0"
dengfoc,"SYNC_TRUTH,sequence=96181,truth_tick_us=192775584,mechanical_angle_rad=4.879592896,valid=1,read_failures=0"
dengfoc,"SYNC_TRUTH,sequence=96182,truth_tick_us=192777588,mechanical_angle_rad=4.879592896,valid=1,read_failures=0"
dengfoc,"SYNC_TRUTH,sequence=96183,truth_tick_us=192779584,mechanical_angle_rad=4.881126881,valid=1,read_failures=0"
dengfoc,"SYNC_TRUTH,sequence=96184,truth_tick_us=192781588,mechanical_angle_rad=4.879592896,valid=1,read_failures=0"
dengfoc,"SYNC_TRUTH,sequence=96185,truth_tick_us=192783584,mechanical_angle_rad=4.881126881,valid=1,read_failures=0"
dengfoc,"SYNC_TRUTH,sequence=96186,truth_tick_us=192785588,mechanical_angle_rad=4.879592896,valid=1,read_failures=0"
dengfoc,"SYNC_TRUTH,sequence=96187,truth_tick_us=192787584,mechanical_angle_rad=4.879592896,valid=1,read_failures=0"
dengfoc,"SYNC_TRUTH,sequence=96188,truth_tick_us=192789588,mechanical_angle_rad=4.881126881,valid=1,read_failures=0"
dengfoc,"SYNC_TRUTH,sequence=96189,truth_tick_us=192791584,mechanical_angle_rad=4.879592896,valid=1,read_failures=0"
dengfoc,"SYNC_TRUTH,sequence=96190,truth_tick_us=192793588,mechanical_angle_rad=4.879592896,valid=1,read_failures=0"
dengfoc,"SYNC_TRUTH,sequence=96191,truth_tick_us=192795584,mechanical_angle_rad=4.879592896,valid=1,read_failures=0"
dengfoc,"SYNC_TRUTH,sequence=96192,truth_tick_us=192797588,mechanical_angle_rad=4.881126881,valid=1,read_failures=0"
dengfoc,"SYNC_TRUTH,sequence=96193,truth_tick_us=192799584,mechanical_angle_rad=4.879592896,valid=1,read_failures=0"
dengfoc,"SYNC_TRUTH,sequence=96194,truth_tick_us=192801588,mechanical_angle_rad=4.879592896,valid=1,read_failures=0"
dengfoc,"SYNC_TRUTH,sequence=96195,truth_tick_us=192803584,mechanical_angle_rad=4.881126881,valid=1,read_failures=0"
dengfoc,"SYNC_TRUTH,sequence=96196,truth_tick_us=192805588,mechanical_angle_rad=4.879592896,valid=1,read_failures=0"
dengfoc,"SYNC_TRUTH,sequence=96197,truth_tick_us=192807584,mechanical_angle_rad=4.879592896,valid=1,read_failures=0"
dengfoc,"SYNC_TRUTH,sequence=96198,truth_tick_us=192809588,mechanical_angle_rad=4.879592896,valid=1,read_failures=0"
dengfoc,"SYNC_TRUTH,sequence=96199,truth_tick_us=192811584,mechanical_angle_rad=4.879592896,valid=1,read_failures=0"
dengfoc,"SYNC_TRUTH,sequence=96200,truth_tick_us=192813588,mechanical_angle_rad=4.879592896,valid=1,read_failures=0"
dengfoc,"SYNC_TRUTH,sequence=96201,truth_tick_us=192815584,mechanical_angle_rad=4.879592896,valid=1,read_failures=0"
dengfoc,"SYNC_TRUTH,sequence=96202,truth_tick_us=192817588,mechanical_angle_rad=4.879592896,valid=1,read_failures=0"
dengfoc,"SYNC_TRUTH,sequence=96203,truth_tick_us=192819584,mechanical_angle_rad=4.879592896,valid=1,read_failures=0"
dengfoc,"SYNC_TRUTH,sequence=96204,truth_tick_us=192821588,mechanical_angle_rad=4.879592896,valid=1,read_failures=0"
dengfoc,"SYNC_TRUTH,sequence=96205,truth_tick_us=192823584,mechanical_angle_rad=4.881126881,valid=1,read_failures=0"
dengfoc,"SYNC_TRUTH,sequence=96206,truth_tick_us=192825588,mechanical_angle_rad=4.879592896,valid=1,read_failures=0"
dengfoc,"SYNC_TRUTH,sequence=96207,truth_tick_us=192827584,mechanical_angle_rad=4.879592896,valid=1,read_failures=0"
dengfoc,"SYNC_TRUTH,sequence=96208,truth_tick_us=192829588,mechanical_angle_rad=4.879592896,valid=1,read_failures=0"
dengfoc,"SYNC_TRUTH,sequence=96209,truth_tick_us=192831584,mechanical_angle_rad=4.881126881,valid=1,read_failures=0"
dengfoc,"SYNC_TRUTH,sequence=96210,truth_tick_us=192833588,mechanical_angle_rad=4.879592896,valid=1,read_failures=0"
dengfoc,"SYNC_TRUTH,sequence=96211,truth_tick_us=192835584,mechanical_angle_rad=4.879592896,valid=1,read_failures=0"
dengfoc,"SYNC_TRUTH,sequence=96212,truth_tick_us=192837588,mechanical_angle_rad=4.879592896,valid=1,read_failures=0"
dengfoc,"SYNC_TRUTH,sequence=96213,truth_tick_us=192839584,mechanical_angle_rad=4.881126881,valid=1,read_failures=0"
dengfoc,"SYNC_TRUTH,sequence=96214,truth_tick_us=192841588,mechanical_angle_rad=4.881126881,valid=1,read_failures=0"
dengfoc,"SYNC_TRUTH,sequence=96215,truth_tick_us=192843584,mechanical_angle_rad=4.879592896,valid=1,read_failures=0"
dengfoc,"SYNC_TRUTH,sequence=96216,truth_tick_us=192845588,mechanical_angle_rad=4.879592896,valid=1,read_failures=0"
dengfoc,"SYNC_TRUTH,sequence=96217,truth_tick_us=192847584,mechanical_angle_rad=4.879592896,valid=1,read_failures=0"
dengfoc,"SYNC_TRUTH,sequence=96218,truth_tick_us=192849588,mechanical_angle_rad=4.879592896,valid=1,read_failures=0"
dengfoc,"SYNC_TRUTH,sequence=96219,truth_tick_us=192851584,mechanical_angle_rad=4.879592896,valid=1,read_failures=0"
dengfoc,"SYNC_TRUTH,sequence=96220,truth_tick_us=192853588,mechanical_angle_rad=4.879592896,valid=1,read_failures=0"
dengfoc,"SYNC_TRUTH,sequence=96221,truth_tick_us=192855584,mechanical_angle_rad=4.881126881,valid=1,read_failures=0"
dengfoc,"SYNC_TRUTH,sequence=96222,truth_tick_us=192857588,mechanical_angle_rad=4.879592896,valid=1,read_failures=0"
dengfoc,"SYNC_TRUTH,sequence=96223,truth_tick_us=192859584,mechanical_angle_rad=4.881126881,valid=1,read_failures=0"
dengfoc,"SYNC_TRUTH,sequence=96224,truth_tick_us=192861588,mechanical_angle_rad=4.879592896,valid=1,read_failures=0"
dengfoc,"SYNC_TRUTH,sequence=96225,truth_tick_us=192863584,mechanical_angle_rad=4.879592896,valid=1,read_failures=0"
dengfoc,"SYNC_TRUTH,sequence=96226,truth_tick_us=192865588,mechanical_angle_rad=4.879592896,valid=1,read_failures=0"
dengfoc,"SYNC_TRUTH,sequence=96227,truth_tick_us=192867584,mechanical_angle_rad=4.879592896,valid=1,read_failures=0"
dengfoc,"SYNC_TRUTH,sequence=96228,truth_tick_us=192869588,mechanical_angle_rad=4.879592896,valid=1,read_failures=0"
dengfoc,"SYNC_TRUTH,sequence=96229,truth_tick_us=192871584,mechanical_angle_rad=4.879592896,valid=1,read_failures=0"
dengfoc,"SYNC_TRUTH,sequence=96230,truth_tick_us=192873588,mechanical_angle_rad=4.881126881,valid=1,read_failures=0"
dengfoc,"SYNC_TRUTH,sequence=96231,truth_tick_us=192875584,mechanical_angle_rad=4.879592896,valid=1,read_failures=0"
dengfoc,"SYNC_TRUTH,sequence=96232,truth_tick_us=192877588,mechanical_angle_rad=4.879592896,valid=1,read_failures=0"
dengfoc,"SYNC_TRUTH,sequence=96233,truth_tick_us=192879584,mechanical_angle_rad=4.879592896,valid=1,read_failures=0"
dengfoc,"SYNC_TRUTH,sequence=96234,truth_tick_us=192881588,mechanical_angle_rad=4.879592896,valid=1,read_failures=0"
dengfoc,"SYNC_TRUTH,sequence=96235,truth_tick_us=192883584,mechanical_angle_rad=4.879592896,valid=1,read_failures=0"
dengfoc,"SYNC_TRUTH,sequence=96236,truth_tick_us=192885588,mechanical_angle_rad=4.879592896,valid=1,read_failures=0"
dengfoc,"SYNC_TRUTH,sequence=96237,truth_tick_us=192887584,mechanical_angle_rad=4.881126881,valid=1,read_failures=0"
dengfoc,"SYNC_TRUTH,sequence=96238,truth_tick_us=192889588,mechanical_angle_rad=4.879592896,valid=1,read_failures=0"
dengfoc,"SYNC_TRUTH,sequence=96239,truth_tick_us=192891584,mechanical_angle_rad=4.881126881,valid=1,read_failures=0"
dengfoc,"SYNC_TRUTH,sequence=96240,truth_tick_us=192893588,mechanical_angle_rad=4.879592896,valid=1,read_failures=0"
dengfoc,"SYNC_TRUTH,sequence=96241,truth_tick_us=192895584,mechanical_angle_rad=4.879592896,valid=1,read_failures=0"
dengfoc,"SYNC_TRUTH,sequence=96242,truth_tick_us=192897588,mechanical_angle_rad=4.879592896,valid=1,read_failures=0"
dengfoc,"SYNC_TRUTH,sequence=96243,truth_tick_us=192899584,mechanical_angle_rad=4.879592896,valid=1,read_failures=0"
dengfoc,"SYNC_TRUTH,sequence=96244,truth_tick_us=192901588,mechanical_angle_rad=4.879592896,valid=1,read_failures=0"
dengfoc,"SYNC_TRUTH,sequence=96245,truth_tick_us=192903584,mechanical_angle_rad=4.879592896,valid=1,read_failures=0"
dengfoc,"SYNC_TRUTH,sequence=96246,truth_tick_us=192905588,mechanical_angle_rad=4.879592896,valid=1,read_failures=0"
dengfoc,"SYNC_TRUTH,sequence=96247,truth_tick_us=192907584,mechanical_angle_rad=4.879592896,valid=1,read_failures=0"
dengfoc,"SYNC_TRUTH,sequence=96248,truth_tick_us=192909588,mechanical_angle_rad=4.879592896,valid=1,read_failures=0"
dengfoc,"SYNC_TRUTH,sequence=96249,truth_tick_us=192911584,mechanical_angle_rad=4.879592896,valid=1,read_failures=0"
dengfoc,"SYNC_TRUTH,sequence=96250,truth_tick_us=192913588,mechanical_angle_rad=4.881126881,valid=1,read_failures=0"
dengfoc,"SYNC_TRUTH,sequence=96251,truth_tick_us=192915584,mechanical_angle_rad=4.879592896,valid=1,read_failures=0"
dengfoc,"SYNC_TRUTH,sequence=96252,truth_tick_us=192917588,mechanical_angle_rad=4.879592896,valid=1,read_failures=0"
dengfoc,"SYNC_TRUTH,sequence=96253,truth_tick_us=192919584,mechanical_angle_rad=4.881126881,valid=1,read_failures=0"
dengfoc,"SYNC_TRUTH,sequence=96254,truth_tick_us=192921588,mechanical_angle_rad=4.881126881,valid=1,read_failures=0"
dengfoc,"SYNC_TRUTH,sequence=96255,truth_tick_us=192923584,mechanical_angle_rad=4.879592896,valid=1,read_failures=0"
dengfoc,"SYNC_TRUTH,sequence=96256,truth_tick_us=192925588,mechanical_angle_rad=4.879592896,valid=1,read_failures=0"
dengfoc,"SYNC_TRUTH,sequence=96257,truth_tick_us=192927584,mechanical_angle_rad=4.879592896,valid=1,read_failures=0"
dengfoc,"SYNC_TRUTH,sequence=96258,truth_tick_us=192929588,mechanical_angle_rad=4.879592896,valid=1,read_failures=0"
dengfoc,"SYNC_TRUTH,sequence=96259,truth_tick_us=192931584,mechanical_angle_rad=4.879592896,valid=1,read_failures=0"
dengfoc,"SYNC_TRUTH,sequence=96260,truth_tick_us=192933588,mechanical_angle_rad=4.881126881,valid=1,read_failures=0"
dengfoc,"SYNC_TRUTH,sequence=96261,truth_tick_us=192935584,mechanical_angle_rad=4.879592896,valid=1,read_failures=0"
dengfoc,"SYNC_TRUTH,sequence=96262,truth_tick_us=192937588,mechanical_angle_rad=4.879592896,valid=1,read_failures=0"
dengfoc,"SYNC_TRUTH,sequence=96263,truth_tick_us=192939584,mechanical_angle_rad=4.879592896,valid=1,read_failures=0"
dengfoc,"SYNC_TRUTH,sequence=96264,truth_tick_us=192941588,mechanical_angle_rad=4.879592896,valid=1,read_failures=0"
dengfoc,"SYNC_TRUTH,sequence=96265,truth_tick_us=192943584,mechanical_angle_rad=4.879592896,valid=1,read_failures=0"
dengfoc,"SYNC_TRUTH,sequence=96266,truth_tick_us=192945588,mechanical_angle_rad=4.881126881,valid=1,read_failures=0"
dengfoc,"SYNC_TRUTH,sequence=96267,truth_tick_us=192947584,mechanical_angle_rad=4.879592896,valid=1,read_failures=0"
dengfoc,"SYNC_TRUTH,sequence=96268,truth_tick_us=192949588,mechanical_angle_rad=4.879592896,valid=1,read_failures=0"
dengfoc,"SYNC_TRUTH,sequence=96269,truth_tick_us=192951584,mechanical_angle_rad=4.879592896,valid=1,read_failures=0"
dengfoc,"SYNC_TRUTH,sequence=96270,truth_tick_us=192953588,mechanical_angle_rad=4.881126881,valid=1,read_failures=0"
dengfoc,"SYNC_TRUTH,sequence=96271,truth_tick_us=192955584,mechanical_angle_rad=4.881126881,valid=1,read_failures=0"
dengfoc,"SYNC_TRUTH,sequence=96272,truth_tick_us=192957588,mechanical_angle_rad=4.879592896,valid=1,read_failures=0"
dengfoc,"SYNC_TRUTH,sequence=96273,truth_tick_us=192959584,mechanical_angle_rad=4.879592896,valid=1,read_failures=0"
dengfoc,"SYNC_TRUTH,sequence=96274,truth_tick_us=192961588,mechanical_angle_rad=4.879592896,valid=1,read_failures=0"
dengfoc,"SYNC_TRUTH,sequence=96275,truth_tick_us=192963584,mechanical_angle_rad=4.879592896,valid=1,read_failures=0"
dengfoc,"SYNC_TRUTH,sequence=96276,truth_tick_us=192965588,mechanical_angle_rad=4.879592896,valid=1,read_failures=0"
dengfoc,"SYNC_TRUTH,sequence=96277,truth_tick_us=192967584,mechanical_angle_rad=4.881126881,valid=1,read_failures=0"
dengfoc,"SYNC_TRUTH,sequence=96278,truth_tick_us=192969588,mechanical_angle_rad=4.881126881,valid=1,read_failures=0"
dengfoc,"SYNC_TRUTH,sequence=96279,truth_tick_us=192971584,mechanical_angle_rad=4.879592896,valid=1,read_failures=0"
dengfoc,"SYNC_TRUTH,sequence=96280,truth_tick_us=192973588,mechanical_angle_rad=4.879592896,valid=1,read_failures=0"
dengfoc,"SYNC_TRUTH,sequence=96281,truth_tick_us=192975584,mechanical_angle_rad=4.879592896,valid=1,read_failures=0"
dengfoc,"SYNC_TRUTH,sequence=96282,truth_tick_us=192977588,mechanical_angle_rad=4.879592896,valid=1,read_failures=0"
dengfoc,"SYNC_TRUTH,sequence=96283,truth_tick_us=192979584,mechanical_angle_rad=4.881126881,valid=1,read_failures=0"
dengfoc,"SYNC_TRUTH,sequence=96284,truth_tick_us=192981588,mechanical_angle_rad=4.879592896,valid=1,read_failures=0"
dengfoc,"SYNC_TRUTH,sequence=96285,truth_tick_us=192983584,mechanical_angle_rad=4.879592896,valid=1,read_failures=0"
dengfoc,"SYNC_TRUTH,sequence=96286,truth_tick_us=192985588,mechanical_angle_rad=4.879592896,valid=1,read_failures=0"
dengfoc,"SYNC_TRUTH,sequence=96287,truth_tick_us=192987584,mechanical_angle_rad=4.879592896,valid=1,read_failures=0"
dengfoc,"SYNC_TRUTH,sequence=96288,truth_tick_us=192989588,mechanical_angle_rad=4.879592896,valid=1,read_failures=0"
dengfoc,"SYNC_TRUTH,sequence=96289,truth_tick_us=192991584,mechanical_angle_rad=4.881126881,valid=1,read_failures=0"
dengfoc,"SYNC_TRUTH,sequence=96290,truth_tick_us=192993588,mechanical_angle_rad=4.881126881,valid=1,read_failures=0"
dengfoc,"SYNC_TRUTH,sequence=96291,truth_tick_us=192995584,mechanical_angle_rad=4.879592896,valid=1,read_failures=0"
dengfoc,"SYNC_TRUTH,sequence=96292,truth_tick_us=192997588,mechanical_angle_rad=4.879592896,valid=1,read_failures=0"
dengfoc,"SYNC_TRUTH,sequence=96293,truth_tick_us=192999584,mechanical_angle_rad=4.879592896,valid=1,read_failures=0"
dengfoc,"SYNC_TRUTH,sequence=96294,truth_tick_us=193001588,mechanical_angle_rad=4.881126881,valid=1,read_failures=0"
dengfoc,"SYNC_TRUTH,sequence=96295,truth_tick_us=193003584,mechanical_angle_rad=4.881126881,valid=1,read_failures=0"
dengfoc,"SYNC_TRUTH,sequence=96296,truth_tick_us=193005588,mechanical_angle_rad=4.879592896,valid=1,read_failures=0"
dengfoc,"SYNC_TRUTH,sequence=96297,truth_tick_us=193007584,mechanical_angle_rad=4.879592896,valid=1,read_failures=0"
dengfoc,"SYNC_TRUTH,sequence=96298,truth_tick_us=193009588,mechanical_angle_rad=4.879592896,valid=1,read_failures=0"
dengfoc,"SYNC_TRUTH,sequence=96299,truth_tick_us=193011584,mechanical_angle_rad=4.879592896,valid=1,read_failures=0"
dengfoc,"SYNC_TRUTH,sequence=96300,truth_tick_us=193013588,mechanical_angle_rad=4.879592896,valid=1,read_failures=0"
dengfoc,"SYNC_TRUTH,sequence=96301,truth_tick_us=193015584,mechanical_angle_rad=4.879592896,valid=1,read_failures=0"
dengfoc,"SYNC_TRUTH,sequence=96302,truth_tick_us=193017588,mechanical_angle_rad=4.879592896,valid=1,read_failures=0"
dengfoc,"SYNC_TRUTH,sequence=96303,truth_tick_us=193019584,mechanical_angle_rad=4.879592896,valid=1,read_failures=0"
dengfoc,"SYNC_TRUTH,sequence=96304,truth_tick_us=193021588,mechanical_angle_rad=4.879592896,valid=1,read_failures=0"
dengfoc,"SYNC_TRUTH,sequence=96305,truth_tick_us=193023584,mechanical_angle_rad=4.881126881,valid=1,read_failures=0"
dengfoc,"SYNC_TRUTH,sequence=96306,truth_tick_us=193025588,mechanical_angle_rad=4.881126881,valid=1,read_failures=0"
dengfoc,"SYNC_TRUTH,sequence=96307,truth_tick_us=193027584,mechanical_angle_rad=4.879592896,valid=1,read_failures=0"
dengfoc,"SYNC_TRUTH,sequence=96308,truth_tick_us=193029588,mechanical_angle_rad=4.879592896,valid=1,read_failures=0"
dengfoc,"SYNC_TRUTH,sequence=96309,truth_tick_us=193031584,mechanical_angle_rad=4.881126881,valid=1,read_failures=0"
dengfoc,"SYNC_TRUTH,sequence=96310,truth_tick_us=193033588,mechanical_angle_rad=4.879592896,valid=1,read_failures=0"
dengfoc,"SYNC_TRUTH,sequence=96311,truth_tick_us=193035584,mechanical_angle_rad=4.879592896,valid=1,read_failures=0"
dengfoc,"SYNC_TRUTH,sequence=96312,truth_tick_us=193037588,mechanical_angle_rad=4.879592896,valid=1,read_failures=0"
g431,foc_h3_sync_status
dengfoc,"SYNC_TRUTH,sequence=96313,truth_tick_us=193039584,mechanical_angle_rad=4.881126881,valid=1,read_failures=0"
dengfoc,"SYNC_TRUTH,sequence=96314,truth_tick_us=193041588,mechanical_angle_rad=4.879592896,valid=1,read_failures=0"
dengfoc,"SYNC_TRUTH,sequence=96315,truth_tick_us=193043584,mechanical_angle_rad=4.879592896,valid=1,read_failures=0"
dengfoc,"SYNC_TRUTH,sequence=96316,truth_tick_us=193045588,mechanical_angle_rad=4.879592896,valid=1,read_failures=0"
g431,"FH3_SYNC_STATUS,1,196608,3,49,49,0,49,104,3110919551,15682215,7,20261004,126,226,0,34,100,3110919600,49"
dengfoc,"SYNC_TRUTH,sequence=96317,truth_tick_us=193047584,mechanical_angle_rad=4.881126881,valid=1,read_failures=0"
g431,msh >
dengfoc,"SYNC_TRUTH,sequence=96318,truth_tick_us=193049588,mechanical_angle_rad=4.879592896,valid=1,read_failures=0"
dengfoc,"SYNC_TRUTH,sequence=96319,truth_tick_us=193051584,mechanical_angle_rad=4.879592896,valid=1,read_failures=0"
dengfoc,"SYNC_TRUTH,sequence=96320,truth_tick_us=193053588,mechanical_angle_rad=4.881126881,valid=1,read_failures=0"
dengfoc,"SYNC_TRUTH,sequence=96321,truth_tick_us=193055584,mechanical_angle_rad=4.879592896,valid=1,read_failures=0"
dengfoc,"SYNC_TRUTH,sequence=96322,truth_tick_us=193057588,mechanical_angle_rad=4.881126881,valid=1,read_failures=0"
dengfoc,"SYNC_TRUTH,sequence=96323,truth_tick_us=193059584,mechanical_angle_rad=4.879592896,valid=1,read_failures=0"
dengfoc,"SYNC_TRUTH,sequence=96324,truth_tick_us=193061588,mechanical_angle_rad=4.881126881,valid=1,read_failures=0"
dengfoc,"SYNC_TRUTH,sequence=96325,truth_tick_us=193063584,mechanical_angle_rad=4.879592896,valid=1,read_failures=0"
dengfoc,"SYNC_TRUTH,sequence=96326,truth_tick_us=193065588,mechanical_angle_rad=4.881126881,valid=1,read_failures=0"
dengfoc,"SYNC_TRUTH,sequence=96327,truth_tick_us=193067584,mechanical_angle_rad=4.879592896,valid=1,read_failures=0"
dengfoc,"SYNC_TRUTH,sequence=96328,truth_tick_us=193069588,mechanical_angle_rad=4.879592896,valid=1,read_failures=0"
dengfoc,"SYNC_TRUTH,sequence=96329,truth_tick_us=193071584,mechanical_angle_rad=4.881126881,valid=1,read_failures=0"
dengfoc,"SYNC_TRUTH,sequence=96330,truth_tick_us=193073588,mechanical_angle_rad=4.881126881,valid=1,read_failures=0"
g431,msh >
dengfoc,"SYNC_TRUTH,sequence=96331,truth_tick_us=193075584,mechanical_angle_rad=4.879592896,valid=1,read_failures=0"
dengfoc,"SYNC_TRUTH,sequence=96332,truth_tick_us=193077588,mechanical_angle_rad=4.879592896,valid=1,read_failures=0"
dengfoc,"SYNC_TRUTH,sequence=96333,truth_tick_us=193079584,mechanical_angle_rad=4.881126881,valid=1,read_failures=0"
dengfoc,"SYNC_TRUTH,sequence=96334,truth_tick_us=193081588,mechanical_angle_rad=4.881126881,valid=1,read_failures=0"
dengfoc,"SYNC_TRUTH,sequence=96335,truth_tick_us=193083584,mechanical_angle_rad=4.881126881,valid=1,read_failures=0"
dengfoc,"SYNC_TRUTH,sequence=96336,truth_tick_us=193085588,mechanical_angle_rad=4.881126881,valid=1,read_failures=0"
dengfoc,"SYNC_TRUTH,sequence=96337,truth_tick_us=193087584,mechanical_angle_rad=4.879592896,valid=1,read_failures=0"
dengfoc,"SYNC_TRUTH,sequence=96338,truth_tick_us=193089588,mechanical_angle_rad=4.879592896,valid=1,read_failures=0"
dengfoc,"SYNC_TRUTH,sequence=96339,truth_tick_us=193091584,mechanical_angle_rad=4.879592896,valid=1,read_failures=0"
dengfoc,"SYNC_TRUTH,sequence=96340,truth_tick_us=193093588,mechanical_angle_rad=4.879592896,valid=1,read_failures=0"
dengfoc,"SYNC_TRUTH,sequence=96341,truth_tick_us=193095584,mechanical_angle_rad=4.881126881,valid=1,read_failures=0"
dengfoc,"SYNC_TRUTH,sequence=96342,truth_tick_us=193097588,mechanical_angle_rad=4.879592896,valid=1,read_failures=0"
dengfoc,"SYNC_TRUTH,sequence=96343,truth_tick_us=193099584,mechanical_angle_rad=4.879592896,valid=1,read_failures=0"
dengfoc,"SYNC_TRUTH,sequence=96344,truth_tick_us=193101588,mechanical_angle_rad=4.879592896,valid=1,read_failures=0"
dengfoc,"SYNC_TRUTH,sequence=96345,truth_tick_us=193103584,mechanical_angle_rad=4.879592896,valid=1,read_failures=0"
dengfoc,"SYNC_TRUTH,sequence=96346,truth_tick_us=193105588,mechanical_angle_rad=4.879592896,valid=1,read_failures=0"
dengfoc,"SYNC_TRUTH,sequence=96347,truth_tick_us=193107584,mechanical_angle_rad=4.879592896,valid=1,read_failures=0"
dengfoc,"SYNC_TRUTH,sequence=96348,truth_tick_us=193109588,mechanical_angle_rad=4.879592896,valid=1,read_failures=0"
dengfoc,"SYNC_TRUTH,sequence=96349,truth_tick_us=193111584,mechanical_angle_rad=4.879592896,valid=1,read_failures=0"
dengfoc,"SYNC_TRUTH,sequence=96350,truth_tick_us=193113588,mechanical_angle_rad=4.879592896,valid=1,read_failures=0"
dengfoc,"SYNC_TRUTH,sequence=96351,truth_tick_us=193115584,mechanical_angle_rad=4.879592896,valid=1,read_failures=0"
dengfoc,"SYNC_TRUTH,sequence=96352,truth_tick_us=193117588,mechanical_angle_rad=4.881126881,valid=1,read_failures=0"
dengfoc,"SYNC_TRUTH,sequence=96353,truth_tick_us=193119584,mechanical_angle_rad=4.879592896,valid=1,read_failures=0"
dengfoc,"SYNC_TRUTH,sequence=96354,truth_tick_us=193121588,mechanical_angle_rad=4.879592896,valid=1,read_failures=0"
dengfoc,"SYNC_TRUTH,sequence=96355,truth_tick_us=193123584,mechanical_angle_rad=4.879592896,valid=1,read_failures=0"
dengfoc,"SYNC_TRUTH,sequence=96356,truth_tick_us=193125588,mechanical_angle_rad=4.879592896,valid=1,read_failures=0"
dengfoc,"SYNC_TRUTH,sequence=96357,truth_tick_us=193127584,mechanical_angle_rad=4.881126881,valid=1,read_failures=0"
dengfoc,"SYNC_TRUTH,sequence=96358,truth_tick_us=193129588,mechanical_angle_rad=4.879592896,valid=1,read_failures=0"
dengfoc,"SYNC_TRUTH,sequence=96359,truth_tick_us=193131584,mechanical_angle_rad=4.879592896,valid=1,read_failures=0"
dengfoc,"SYNC_TRUTH,sequence=96360,truth_tick_us=193133588,mechanical_angle_rad=4.879592896,valid=1,read_failures=0"
dengfoc,"SYNC_TRUTH,sequence=96361,truth_tick_us=193135584,mechanical_angle_rad=4.879592896,valid=1,read_failures=0"
dengfoc,"SYNC_TRUTH,sequence=96362,truth_tick_us=193137588,mechanical_angle_rad=4.879592896,valid=1,read_failures=0"
dengfoc,"SYNC_TRUTH,sequence=96363,truth_tick_us=193139584,mechanical_angle_rad=4.879592896,valid=1,read_failures=0"
dengfoc,"SYNC_TRUTH,sequence=96364,truth_tick_us=193141588,mechanical_angle_rad=4.881126881,valid=1,read_failures=0"
dengfoc,"SYNC_TRUTH,sequence=96365,truth_tick_us=193143584,mechanical_angle_rad=4.879592896,valid=1,read_failures=0"
dengfoc,"SYNC_TRUTH,sequence=96366,truth_tick_us=193145588,mechanical_angle_rad=4.881126881,valid=1,read_failures=0"
dengfoc,"SYNC_TRUTH,sequence=96367,truth_tick_us=193147584,mechanical_angle_rad=4.881126881,valid=1,read_failures=0"
dengfoc,"SYNC_TRUTH,sequence=96368,truth_tick_us=193149588,mechanical_angle_rad=4.881126881,valid=1,read_failures=0"
dengfoc,"SYNC_TRUTH,sequence=96369,truth_tick_us=193151584,mechanical_angle_rad=4.879592896,valid=1,read_failures=0"
dengfoc,"SYNC_TRUTH,sequence=96370,truth_tick_us=193153588,mechanical_angle_rad=4.879592896,valid=1,read_failures=0"
dengfoc,"SYNC_TRUTH,sequence=96371,truth_tick_us=193155584,mechanical_angle_rad=4.879592896,valid=1,read_failures=0"
dengfoc,"SYNC_TRUTH,sequence=96372,truth_tick_us=193157588,mechanical_angle_rad=4.879592896,valid=1,read_failures=0"
dengfoc,"SYNC_TRUTH,sequence=96373,truth_tick_us=193159584,mechanical_angle_rad=4.879592896,valid=1,read_failures=0"
dengfoc,"SYNC_TRUTH,sequence=96374,truth_tick_us=193161588,mechanical_angle_rad=4.881126881,valid=1,read_failures=0"
dengfoc,"SYNC_TRUTH,sequence=96375,truth_tick_us=193163584,mechanical_angle_rad=4.879592896,valid=1,read_failures=0"
dengfoc,"SYNC_TRUTH,sequence=96376,truth_tick_us=193165588,mechanical_angle_rad=4.881126881,valid=1,read_failures=0"
dengfoc,"SYNC_TRUTH,sequence=96377,truth_tick_us=193167584,mechanical_angle_rad=4.881126881,valid=1,read_failures=0"
dengfoc,"SYNC_TRUTH,sequence=96378,truth_tick_us=193169588,mechanical_angle_rad=4.881126881,valid=1,read_failures=0"
dengfoc,"SYNC_TRUTH,sequence=96379,truth_tick_us=193171584,mechanical_angle_rad=4.881126881,valid=1,read_failures=0"
dengfoc,"SYNC_TRUTH,sequence=96380,truth_tick_us=193173588,mechanical_angle_rad=4.879592896,valid=1,read_failures=0"
dengfoc,"SYNC_TRUTH,sequence=96381,truth_tick_us=193175584,mechanical_angle_rad=4.881126881,valid=1,read_failures=0"
dengfoc,"SYNC_TRUTH,sequence=96382,truth_tick_us=193177588,mechanical_angle_rad=4.879592896,valid=1,read_failures=0"
dengfoc,"SYNC_TRUTH,sequence=96383,truth_tick_us=193179584,mechanical_angle_rad=4.879592896,valid=1,read_failures=0"
dengfoc,"SYNC_TRUTH,sequence=96384,truth_tick_us=193181588,mechanical_angle_rad=4.879592896,valid=1,read_failures=0"
dengfoc,"SYNC_TRUTH,sequence=96385,truth_tick_us=193183584,mechanical_angle_rad=4.879592896,valid=1,read_failures=0"
dengfoc,"SYNC_TRUTH,sequence=96386,truth_tick_us=193185588,mechanical_angle_rad=4.881126881,valid=1,read_failures=0"
dengfoc,"SYNC_TRUTH,sequence=96387,truth_tick_us=193187584,mechanical_angle_rad=4.879592896,valid=1,read_failures=0"
dengfoc,"SYNC_TRUTH,sequence=96388,truth_tick_us=193189588,mechanical_angle_rad=4.879592896,valid=1,read_failures=0"
dengfoc,"SYNC_STATUS,frames=7,frame_fail=0,truth=96388,truth_fail=0,idle=0,capture_state=1,capture_failure=0,rejected=0,overflow=0,driver_disabled=1"
dengfoc,"SYNC_TRUTH,sequence=96389,truth_tick_us=193192588,mechanical_angle_rad=4.881126881,valid=1,read_failures=0"
dengfoc,"SYNC_TRUTH,sequence=96390,truth_tick_us=193194588,mechanical_angle_rad=4.879592896,valid=1,read_failures=0"
dengfoc,"SYNC_TRUTH,sequence=96391,truth_tick_us=193196584,mechanical_angle_rad=4.881126881,valid=1,read_failures=0"
dengfoc,"SYNC_TRUTH,sequence=96392,truth_tick_us=193198588,mechanical_angle_rad=4.879592896,valid=1,read_failures=0"
dengfoc,"SYNC_TRUTH,sequence=96393,truth_tick_us=193200584,mechanical_angle_rad=4.879592896,valid=1,read_failures=0"
dengfoc,"SYNC_TRUTH,sequence=96394,truth_tick_us=193202588,mechanical_angle_rad=4.881126881,valid=1,read_failures=0"
dengfoc,"SYNC_TRUTH,sequence=96395,truth_tick_us=193204584,mechanical_angle_rad=4.879592896,valid=1,read_failures=0"
dengfoc,"SYNC_TRUTH,sequence=96396,truth_tick_us=193206588,mechanical_angle_rad=4.879592896,valid=1,read_failures=0"
dengfoc,"SYNC_TRUTH,sequence=96397,truth_tick_us=193208584,mechanical_angle_rad=4.879592896,valid=1,read_failures=0"
dengfoc,"SYNC_TRUTH,sequence=96398,truth_tick_us=193210588,mechanical_angle_rad=4.879592896,valid=1,read_failures=0"
dengfoc,"SYNC_TRUTH,sequence=96399,truth_tick_us=193212584,mechanical_angle_rad=4.879592896,valid=1,read_failures=0"
dengfoc,"SYNC_TRUTH,sequence=96400,truth_tick_us=193214588,mechanical_angle_rad=4.879592896,valid=1,read_failures=0"
dengfoc,"SYNC_TRUTH,sequence=96401,truth_tick_us=193216584,mechanical_angle_rad=4.879592896,valid=1,read_failures=0"
dengfoc,"SYNC_TRUTH,sequence=96402,truth_tick_us=193218588,mechanical_angle_rad=4.879592896,valid=1,read_failures=0"
dengfoc,"SYNC_TRUTH,sequence=96403,truth_tick_us=193220584,mechanical_angle_rad=4.881126881,valid=1,read_failures=0"
dengfoc,"SYNC_TRUTH,sequence=96404,truth_tick_us=193222588,mechanical_angle_rad=4.879592896,valid=1,read_failures=0"
dengfoc,"SYNC_TRUTH,sequence=96405,truth_tick_us=193224584,mechanical_angle_rad=4.879592896,valid=1,read_failures=0"
dengfoc,"SYNC_TRUTH,sequence=96406,truth_tick_us=193226588,mechanical_angle_rad=4.881126881,valid=1,read_failures=0"
dengfoc,"SYNC_TRUTH,sequence=96407,truth_tick_us=193228584,mechanical_angle_rad=4.879592896,valid=1,read_failures=0"
dengfoc,"SYNC_TRUTH,sequence=96408,truth_tick_us=193230588,mechanical_angle_rad=4.879592896,valid=1,read_failures=0"
dengfoc,"SYNC_TRUTH,sequence=96409,truth_tick_us=193232584,mechanical_angle_rad=4.879592896,valid=1,read_failures=0"
dengfoc,"SYNC_TRUTH,sequence=96410,truth_tick_us=193234588,mechanical_angle_rad=4.879592896,valid=1,read_failures=0"
dengfoc,"SYNC_TRUTH,sequence=96411,truth_tick_us=193236584,mechanical_angle_rad=4.879592896,valid=1,read_failures=0"
dengfoc,"SYNC_TRUTH,sequence=96412,truth_tick_us=193238588,mechanical_angle_rad=4.879592896,valid=1,read_failures=0"
dengfoc,"SYNC_TRUTH,sequence=96413,truth_tick_us=193240584,mechanical_angle_rad=4.879592896,valid=1,read_failures=0"
dengfoc,"SYNC_TRUTH,sequence=96414,truth_tick_us=193242588,mechanical_angle_rad=4.879592896,valid=1,read_failures=0"
dengfoc,"SYNC_TRUTH,sequence=96415,truth_tick_us=193244584,mechanical_angle_rad=4.879592896,valid=1,read_failures=0"
dengfoc,"SYNC_TRUTH,sequence=96416,truth_tick_us=193246588,mechanical_angle_rad=4.879592896,valid=1,read_failures=0"
dengfoc,"SYNC_TRUTH,sequence=96417,truth_tick_us=193248584,mechanical_angle_rad=4.879592896,valid=1,read_failures=0"
dengfoc,"SYNC_TRUTH,sequence=96418,truth_tick_us=193250588,mechanical_angle_rad=4.879592896,valid=1,read_failures=0"
dengfoc,"SYNC_TRUTH,sequence=96419,truth_tick_us=193252584,mechanical_angle_rad=4.879592896,valid=1,read_failures=0"
dengfoc,"SYNC_TRUTH,sequence=96420,truth_tick_us=193254588,mechanical_angle_rad=4.881126881,valid=1,read_failures=0"
dengfoc,"SYNC_TRUTH,sequence=96421,truth_tick_us=193256584,mechanical_angle_rad=4.879592896,valid=1,read_failures=0"
dengfoc,"SYNC_TRUTH,sequence=96422,truth_tick_us=193258588,mechanical_angle_rad=4.879592896,valid=1,read_failures=0"
dengfoc,"SYNC_TRUTH,sequence=96423,truth_tick_us=193260584,mechanical_angle_rad=4.879592896,valid=1,read_failures=0"
dengfoc,"SYNC_TRUTH,sequence=96424,truth_tick_us=193262588,mechanical_angle_rad=4.879592896,valid=1,read_failures=0"
dengfoc,"SYNC_TRUTH,sequence=96425,truth_tick_us=193264584,mechanical_angle_rad=4.879592896,valid=1,read_failures=0"
dengfoc,"SYNC_TRUTH,sequence=96426,truth_tick_us=193266588,mechanical_angle_rad=4.879592896,valid=1,read_failures=0"
dengfoc,"SYNC_TRUTH,sequence=96427,truth_tick_us=193268584,mechanical_angle_rad=4.879592896,valid=1,read_failures=0"
dengfoc,"SYNC_TRUTH,sequence=96428,truth_tick_us=193270588,mechanical_angle_rad=4.879592896,valid=1,read_failures=0"
dengfoc,"SYNC_TRUTH,sequence=96429,truth_tick_us=193272584,mechanical_angle_rad=4.879592896,valid=1,read_failures=0"
dengfoc,"SYNC_TRUTH,sequence=96430,truth_tick_us=193274588,mechanical_angle_rad=4.879592896,valid=1,read_failures=0"
dengfoc,"SYNC_TRUTH,sequence=96431,truth_tick_us=193276584,mechanical_angle_rad=4.879592896,valid=1,read_failures=0"
dengfoc,"SYNC_TRUTH,sequence=96432,truth_tick_us=193278588,mechanical_angle_rad=4.881126881,valid=1,read_failures=0"
dengfoc,"SYNC_TRUTH,sequence=96433,truth_tick_us=193280584,mechanical_angle_rad=4.879592896,valid=1,read_failures=0"
dengfoc,"SYNC_TRUTH,sequence=96434,truth_tick_us=193282588,mechanical_angle_rad=4.879592896,valid=1,read_failures=0"
dengfoc,"SYNC_TRUTH,sequence=96435,truth_tick_us=193284584,mechanical_angle_rad=4.879592896,valid=1,read_failures=0"
dengfoc,"SYNC_TRUTH,sequence=96436,truth_tick_us=193286588,mechanical_angle_rad=4.879592896,valid=1,read_failures=0"
dengfoc,"SYNC_TRUTH,sequence=96437,truth_tick_us=193288584,mechanical_angle_rad=4.879592896,valid=1,read_failures=0"
dengfoc,"SYNC_TRUTH,sequence=96438,truth_tick_us=193290588,mechanical_angle_rad=4.879592896,valid=1,read_failures=0"
dengfoc,"SYNC_TRUTH,sequence=96439,truth_tick_us=193292584,mechanical_angle_rad=4.879592896,valid=1,read_failures=0"
dengfoc,"SYNC_TRUTH,sequence=96440,truth_tick_us=193294588,mechanical_angle_rad=4.881126881,valid=1,read_failures=0"
dengfoc,"SYNC_TRUTH,sequence=96441,truth_tick_us=193296584,mechanical_angle_rad=4.879592896,valid=1,read_failures=0"
dengfoc,"SYNC_TRUTH,sequence=96442,truth_tick_us=193298588,mechanical_angle_rad=4.881126881,valid=1,read_failures=0"
dengfoc,"SYNC_TRUTH,sequence=96443,truth_tick_us=193300584,mechanical_angle_rad=4.881126881,valid=1,read_failures=0"
dengfoc,"SYNC_TRUTH,sequence=96444,truth_tick_us=193302588,mechanical_angle_rad=4.879592896,valid=1,read_failures=0"
dengfoc,"SYNC_TRUTH,sequence=96445,truth_tick_us=193304584,mechanical_angle_rad=4.879592896,valid=1,read_failures=0"
dengfoc,"SYNC_TRUTH,sequence=96446,truth_tick_us=193306588,mechanical_angle_rad=4.879592896,valid=1,read_failures=0"
dengfoc,"SYNC_TRUTH,sequence=96447,truth_tick_us=193308584,mechanical_angle_rad=4.879592896,valid=1,read_failures=0"
dengfoc,"SYNC_TRUTH,sequence=96448,truth_tick_us=193310588,mechanical_angle_rad=4.879592896,valid=1,read_failures=0"
dengfoc,"SYNC_TRUTH,sequence=96449,truth_tick_us=193312584,mechanical_angle_rad=4.879592896,valid=1,read_failures=0"
dengfoc,"SYNC_TRUTH,sequence=96450,truth_tick_us=193314588,mechanical_angle_rad=4.879592896,valid=1,read_failures=0"
dengfoc,"SYNC_TRUTH,sequence=96451,truth_tick_us=193316584,mechanical_angle_rad=4.879592896,valid=1,read_failures=0"
dengfoc,"SYNC_TRUTH,sequence=96452,truth_tick_us=193318588,mechanical_angle_rad=4.879592896,valid=1,read_failures=0"
dengfoc,"SYNC_TRUTH,sequence=96453,truth_tick_us=193320584,mechanical_angle_rad=4.879592896,valid=1,read_failures=0"
dengfoc,"SYNC_TRUTH,sequence=96454,truth_tick_us=193322588,mechanical_angle_rad=4.879592896,valid=1,read_failures=0"
dengfoc,"SYNC_TRUTH,sequence=96455,truth_tick_us=193324584,mechanical_angle_rad=4.881126881,valid=1,read_failures=0"
dengfoc,"SYNC_TRUTH,sequence=96456,truth_tick_us=193326588,mechanical_angle_rad=4.881126881,valid=1,read_failures=0"
dengfoc,"SYNC_TRUTH,sequence=96457,truth_tick_us=193328584,mechanical_angle_rad=4.879592896,valid=1,read_failures=0"
dengfoc,"SYNC_TRUTH,sequence=96458,truth_tick_us=193330588,mechanical_angle_rad=4.879592896,valid=1,read_failures=0"
dengfoc,"SYNC_TRUTH,sequence=96459,truth_tick_us=193332584,mechanical_angle_rad=4.879592896,valid=1,read_failures=0"
dengfoc,"SYNC_TRUTH,sequence=96460,truth_tick_us=193334588,mechanical_angle_rad=4.879592896,valid=1,read_failures=0"
dengfoc,"SYNC_TRUTH,sequence=96461,truth_tick_us=193336584,mechanical_angle_rad=4.879592896,valid=1,read_failures=0"
dengfoc,"SYNC_TRUTH,sequence=96462,truth_tick_us=193338588,mechanical_angle_rad=4.879592896,valid=1,read_failures=0"
dengfoc,"SYNC_TRUTH,sequence=96463,truth_tick_us=193340584,mechanical_angle_rad=4.881126881,valid=1,read_failures=0"
dengfoc,"SYNC_TRUTH,sequence=96464,truth_tick_us=193342588,mechanical_angle_rad=4.879592896,valid=1,read_failures=0"
dengfoc,"SYNC_TRUTH,sequence=96465,truth_tick_us=193344584,mechanical_angle_rad=4.881126881,valid=1,read_failures=0"
dengfoc,"SYNC_TRUTH,sequence=96466,truth_tick_us=193346588,mechanical_angle_rad=4.881126881,valid=1,read_failures=0"
dengfoc,"SYNC_TRUTH,sequence=96467,truth_tick_us=193348584,mechanical_angle_rad=4.881126881,valid=1,read_failures=0"
dengfoc,"SYNC_TRUTH,sequence=96468,truth_tick_us=193350588,mechanical_angle_rad=4.881126881,valid=1,read_failures=0"
dengfoc,"SYNC_TRUTH,sequence=96469,truth_tick_us=193352584,mechanical_angle_rad=4.879592896,valid=1,read_failures=0"
dengfoc,"SYNC_TRUTH,sequence=96470,truth_tick_us=193354588,mechanical_angle_rad=4.879592896,valid=1,read_failures=0"
dengfoc,"SYNC_TRUTH,sequence=96471,truth_tick_us=193356584,mechanical_angle_rad=4.879592896,valid=1,read_failures=0"
g431,foc_h3_sync_send 20261004 127 227
dengfoc,"SYNC_TRUTH,sequence=96472,truth_tick_us=193358588,mechanical_angle_rad=4.879592896,valid=1,read_failures=0"
dengfoc,"SYNC_TRUTH,sequence=96473,truth_tick_us=193360584,mechanical_angle_rad=4.879592896,valid=1,read_failures=0"
dengfoc,"SYNC_TRUTH,sequence=96474,truth_tick_us=193362590,mechanical_angle_rad=4.879592896,valid=1,read_failures=0"
dengfoc,"SYNC_TRUTH,sequence=96475,truth_tick_us=193364584,mechanical_angle_rad=4.879592896,valid=1,read_failures=0"
g431,"FH3_SYNC_SEND,1,196608,2,50,49,0,49,0,0,4294967295,0,20261004,127,227,0,34,0,0,0"
g431,msh >
dengfoc,"SYNC_TRUTH,sequence=96476,truth_tick_us=193366588,mechanical_angle_rad=4.881126881,valid=1,read_failures=0"
dengfoc,"SYNC_TRUTH,sequence=96477,truth_tick_us=193368584,mechanical_angle_rad=4.879592896,valid=1,read_failures=0"
dengfoc,"SYNC_ANCHOR_RX,session=20261004,edge_sequence=127,edge_tag=227,truth_tick_us=193360027,source=2,flags=0x00000003"
dengfoc,"SYNC_TRUTH,sequence=96478,truth_tick_us=193371592,mechanical_angle_rad=4.879592896,valid=1,read_failures=0"
dengfoc,"SYNC_TRUTH,sequence=96479,truth_tick_us=193373584,mechanical_angle_rad=4.879592896,valid=1,read_failures=0"
dengfoc,"SYNC_TRUTH,sequence=96480,truth_tick_us=193375588,mechanical_angle_rad=4.879592896,valid=1,read_failures=0"
dengfoc,"SYNC_TRUTH,sequence=96481,truth_tick_us=193377584,mechanical_angle_rad=4.881126881,valid=1,read_failures=0"
dengfoc,"SYNC_TRUTH,sequence=96482,truth_tick_us=193379588,mechanical_angle_rad=4.879592896,valid=1,read_failures=0"
dengfoc,"SYNC_TRUTH,sequence=96483,truth_tick_us=193381584,mechanical_angle_rad=4.879592896,valid=1,read_failures=0"
dengfoc,"SYNC_TRUTH,sequence=96484,truth_tick_us=193383588,mechanical_angle_rad=4.879592896,valid=1,read_failures=0"
dengfoc,"SYNC_TRUTH,sequence=96485,truth_tick_us=193385584,mechanical_angle_rad=4.879592896,valid=1,read_failures=0"
g431,msh >
dengfoc,"SYNC_TRUTH,sequence=96486,truth_tick_us=193387588,mechanical_angle_rad=4.879592896,valid=1,read_failures=0"
dengfoc,"SYNC_TRUTH,sequence=96487,truth_tick_us=193389584,mechanical_angle_rad=4.879592896,valid=1,read_failures=0"
dengfoc,"SYNC_TRUTH,sequence=96488,truth_tick_us=193391588,mechanical_angle_rad=4.879592896,valid=1,read_failures=0"
dengfoc,"SYNC_TRUTH,sequence=96489,truth_tick_us=193393584,mechanical_angle_rad=4.881126881,valid=1,read_failures=0"
dengfoc,"SYNC_TRUTH,sequence=96490,truth_tick_us=193395588,mechanical_angle_rad=4.879592896,valid=1,read_failures=0"
dengfoc,"SYNC_TRUTH,sequence=96491,truth_tick_us=193397584,mechanical_angle_rad=4.879592896,valid=1,read_failures=0"
dengfoc,"SYNC_TRUTH,sequence=96492,truth_tick_us=193399588,mechanical_angle_rad=4.881126881,valid=1,read_failures=0"
dengfoc,"SYNC_TRUTH,sequence=96493,truth_tick_us=193401584,mechanical_angle_rad=4.879592896,valid=1,read_failures=0"
dengfoc,"SYNC_TRUTH,sequence=96494,truth_tick_us=193403588,mechanical_angle_rad=4.879592896,valid=1,read_failures=0"
dengfoc,"SYNC_TRUTH,sequence=96495,truth_tick_us=193405584,mechanical_angle_rad=4.881126881,valid=1,read_failures=0"
dengfoc,"SYNC_TRUTH,sequence=96496,truth_tick_us=193407588,mechanical_angle_rad=4.879592896,valid=1,read_failures=0"
dengfoc,"SYNC_TRUTH,sequence=96497,truth_tick_us=193409584,mechanical_angle_rad=4.881126881,valid=1,read_failures=0"
dengfoc,"SYNC_TRUTH,sequence=96498,truth_tick_us=193411588,mechanical_angle_rad=4.879592896,valid=1,read_failures=0"
dengfoc,"SYNC_TRUTH,sequence=96499,truth_tick_us=193413584,mechanical_angle_rad=4.879592896,valid=1,read_failures=0"
dengfoc,"SYNC_TRUTH,sequence=96500,truth_tick_us=193415588,mechanical_angle_rad=4.881126881,valid=1,read_failures=0"
dengfoc,"SYNC_TRUTH,sequence=96501,truth_tick_us=193417584,mechanical_angle_rad=4.879592896,valid=1,read_failures=0"
dengfoc,"SYNC_TRUTH,sequence=96502,truth_tick_us=193419588,mechanical_angle_rad=4.881126881,valid=1,read_failures=0"
dengfoc,"SYNC_TRUTH,sequence=96503,truth_tick_us=193421584,mechanical_angle_rad=4.879592896,valid=1,read_failures=0"
dengfoc,"SYNC_TRUTH,sequence=96504,truth_tick_us=193423588,mechanical_angle_rad=4.879592896,valid=1,read_failures=0"
dengfoc,"SYNC_TRUTH,sequence=96505,truth_tick_us=193425584,mechanical_angle_rad=4.879592896,valid=1,read_failures=0"
dengfoc,"SYNC_TRUTH,sequence=96506,truth_tick_us=193427588,mechanical_angle_rad=4.879592896,valid=1,read_failures=0"
dengfoc,"SYNC_TRUTH,sequence=96507,truth_tick_us=193429584,mechanical_angle_rad=4.879592896,valid=1,read_failures=0"
dengfoc,"SYNC_TRUTH,sequence=96508,truth_tick_us=193431588,mechanical_angle_rad=4.879592896,valid=1,read_failures=0"
dengfoc,"SYNC_TRUTH,sequence=96509,truth_tick_us=193433584,mechanical_angle_rad=4.879592896,valid=1,read_failures=0"
dengfoc,"SYNC_TRUTH,sequence=96510,truth_tick_us=193435588,mechanical_angle_rad=4.879592896,valid=1,read_failures=0"
dengfoc,"SYNC_TRUTH,sequence=96511,truth_tick_us=193437584,mechanical_angle_rad=4.881126881,valid=1,read_failures=0"
dengfoc,"SYNC_TRUTH,sequence=96512,truth_tick_us=193439588,mechanical_angle_rad=4.881126881,valid=1,read_failures=0"
dengfoc,"SYNC_TRUTH,sequence=96513,truth_tick_us=193441584,mechanical_angle_rad=4.879592896,valid=1,read_failures=0"
dengfoc,"SYNC_TRUTH,sequence=96514,truth_tick_us=193443588,mechanical_angle_rad=4.879592896,valid=1,read_failures=0"
dengfoc,"SYNC_TRUTH,sequence=96515,truth_tick_us=193445584,mechanical_angle_rad=4.879592896,valid=1,read_failures=0"
dengfoc,"SYNC_TRUTH,sequence=96516,truth_tick_us=193447588,mechanical_angle_rad=4.879592896,valid=1,read_failures=0"
dengfoc,"SYNC_TRUTH,sequence=96517,truth_tick_us=193449584,mechanical_angle_rad=4.879592896,valid=1,read_failures=0"
dengfoc,"SYNC_TRUTH,sequence=96518,truth_tick_us=193451588,mechanical_angle_rad=4.881126881,valid=1,read_failures=0"
dengfoc,"SYNC_TRUTH,sequence=96519,truth_tick_us=193453584,mechanical_angle_rad=4.879592896,valid=1,read_failures=0"
dengfoc,"SYNC_TRUTH,sequence=96520,truth_tick_us=193455588,mechanical_angle_rad=4.879592896,valid=1,read_failures=0"
dengfoc,"SYNC_TRUTH,sequence=96521,truth_tick_us=193457584,mechanical_angle_rad=4.879592896,valid=1,read_failures=0"
dengfoc,"SYNC_TRUTH,sequence=96522,truth_tick_us=193459588,mechanical_angle_rad=4.879592896,valid=1,read_failures=0"
dengfoc,"SYNC_TRUTH,sequence=96523,truth_tick_us=193461584,mechanical_angle_rad=4.879592896,valid=1,read_failures=0"
dengfoc,"SYNC_TRUTH,sequence=96524,truth_tick_us=193463588,mechanical_angle_rad=4.879592896,valid=1,read_failures=0"
dengfoc,"SYNC_TRUTH,sequence=96525,truth_tick_us=193465584,mechanical_angle_rad=4.879592896,valid=1,read_failures=0"
dengfoc,"SYNC_TRUTH,sequence=96526,truth_tick_us=193467588,mechanical_angle_rad=4.881126881,valid=1,read_failures=0"
dengfoc,"SYNC_TRUTH,sequence=96527,truth_tick_us=193469584,mechanical_angle_rad=4.879592896,valid=1,read_failures=0"
dengfoc,"SYNC_TRUTH,sequence=96528,truth_tick_us=193471588,mechanical_angle_rad=4.881126881,valid=1,read_failures=0"
dengfoc,"SYNC_TRUTH,sequence=96529,truth_tick_us=193473584,mechanical_angle_rad=4.881126881,valid=1,read_failures=0"
dengfoc,"SYNC_TRUTH,sequence=96530,truth_tick_us=193475588,mechanical_angle_rad=4.881126881,valid=1,read_failures=0"
dengfoc,"SYNC_TRUTH,sequence=96531,truth_tick_us=193477584,mechanical_angle_rad=4.879592896,valid=1,read_failures=0"
dengfoc,"SYNC_TRUTH,sequence=96532,truth_tick_us=193479588,mechanical_angle_rad=4.881126881,valid=1,read_failures=0"
dengfoc,"SYNC_TRUTH,sequence=96533,truth_tick_us=193481584,mechanical_angle_rad=4.879592896,valid=1,read_failures=0"
dengfoc,"SYNC_TRUTH,sequence=96534,truth_tick_us=193483588,mechanical_angle_rad=4.881126881,valid=1,read_failures=0"
dengfoc,"SYNC_TRUTH,sequence=96535,truth_tick_us=193485584,mechanical_angle_rad=4.879592896,valid=1,read_failures=0"
dengfoc,"SYNC_TRUTH,sequence=96536,truth_tick_us=193487588,mechanical_angle_rad=4.879592896,valid=1,read_failures=0"
dengfoc,"SYNC_TRUTH,sequence=96537,truth_tick_us=193489584,mechanical_angle_rad=4.879592896,valid=1,read_failures=0"
dengfoc,"SYNC_TRUTH,sequence=96538,truth_tick_us=193491588,mechanical_angle_rad=4.881126881,valid=1,read_failures=0"
dengfoc,"SYNC_TRUTH,sequence=96539,truth_tick_us=193493584,mechanical_angle_rad=4.879592896,valid=1,read_failures=0"
dengfoc,"SYNC_TRUTH,sequence=96540,truth_tick_us=193495588,mechanical_angle_rad=4.879592896,valid=1,read_failures=0"
dengfoc,"SYNC_TRUTH,sequence=96541,truth_tick_us=193497584,mechanical_angle_rad=4.879592896,valid=1,read_failures=0"
dengfoc,"SYNC_TRUTH,sequence=96542,truth_tick_us=193499588,mechanical_angle_rad=4.881126881,valid=1,read_failures=0"
dengfoc,"SYNC_TRUTH,sequence=96543,truth_tick_us=193501584,mechanical_angle_rad=4.879592896,valid=1,read_failures=0"
dengfoc,"SYNC_TRUTH,sequence=96544,truth_tick_us=193503588,mechanical_angle_rad=4.879592896,valid=1,read_failures=0"
dengfoc,"SYNC_TRUTH,sequence=96545,truth_tick_us=193505584,mechanical_angle_rad=4.881126881,valid=1,read_failures=0"
dengfoc,"SYNC_TRUTH,sequence=96546,truth_tick_us=193507588,mechanical_angle_rad=4.879592896,valid=1,read_failures=0"
dengfoc,"SYNC_TRUTH,sequence=96547,truth_tick_us=193509584,mechanical_angle_rad=4.879592896,valid=1,read_failures=0"
dengfoc,"SYNC_TRUTH,sequence=96548,truth_tick_us=193511588,mechanical_angle_rad=4.879592896,valid=1,read_failures=0"
dengfoc,"SYNC_TRUTH,sequence=96549,truth_tick_us=193513584,mechanical_angle_rad=4.881126881,valid=1,read_failures=0"
dengfoc,"SYNC_TRUTH,sequence=96550,truth_tick_us=193515588,mechanical_angle_rad=4.879592896,valid=1,read_failures=0"
dengfoc,"SYNC_TRUTH,sequence=96551,truth_tick_us=193517584,mechanical_angle_rad=4.879592896,valid=1,read_failures=0"
dengfoc,"SYNC_TRUTH,sequence=96552,truth_tick_us=193519588,mechanical_angle_rad=4.879592896,valid=1,read_failures=0"
dengfoc,"SYNC_TRUTH,sequence=96553,truth_tick_us=193521584,mechanical_angle_rad=4.881126881,valid=1,read_failures=0"
dengfoc,"SYNC_TRUTH,sequence=96554,truth_tick_us=193523588,mechanical_angle_rad=4.879592896,valid=1,read_failures=0"
dengfoc,"SYNC_TRUTH,sequence=96555,truth_tick_us=193525584,mechanical_angle_rad=4.879592896,valid=1,read_failures=0"
dengfoc,"SYNC_TRUTH,sequence=96556,truth_tick_us=193527588,mechanical_angle_rad=4.879592896,valid=1,read_failures=0"
dengfoc,"SYNC_TRUTH,sequence=96557,truth_tick_us=193529584,mechanical_angle_rad=4.879592896,valid=1,read_failures=0"
dengfoc,"SYNC_TRUTH,sequence=96558,truth_tick_us=193531588,mechanical_angle_rad=4.879592896,valid=1,read_failures=0"
dengfoc,"SYNC_TRUTH,sequence=96559,truth_tick_us=193533584,mechanical_angle_rad=4.881126881,valid=1,read_failures=0"
dengfoc,"SYNC_TRUTH,sequence=96560,truth_tick_us=193535588,mechanical_angle_rad=4.879592896,valid=1,read_failures=0"
dengfoc,"SYNC_TRUTH,sequence=96561,truth_tick_us=193537584,mechanical_angle_rad=4.879592896,valid=1,read_failures=0"
dengfoc,"SYNC_TRUTH,sequence=96562,truth_tick_us=193539588,mechanical_angle_rad=4.879592896,valid=1,read_failures=0"
dengfoc,"SYNC_TRUTH,sequence=96563,truth_tick_us=193541584,mechanical_angle_rad=4.881126881,valid=1,read_failures=0"
dengfoc,"SYNC_TRUTH,sequence=96564,truth_tick_us=193543588,mechanical_angle_rad=4.879592896,valid=1,read_failures=0"
dengfoc,"SYNC_TRUTH,sequence=96565,truth_tick_us=193545584,mechanical_angle_rad=4.879592896,valid=1,read_failures=0"
dengfoc,"SYNC_TRUTH,sequence=96566,truth_tick_us=193547588,mechanical_angle_rad=4.879592896,valid=1,read_failures=0"
dengfoc,"SYNC_TRUTH,sequence=96567,truth_tick_us=193549584,mechanical_angle_rad=4.879592896,valid=1,read_failures=0"
dengfoc,"SYNC_TRUTH,sequence=96568,truth_tick_us=193551588,mechanical_angle_rad=4.881126881,valid=1,read_failures=0"
dengfoc,"SYNC_TRUTH,sequence=96569,truth_tick_us=193553584,mechanical_angle_rad=4.879592896,valid=1,read_failures=0"
dengfoc,"SYNC_TRUTH,sequence=96570,truth_tick_us=193555588,mechanical_angle_rad=4.879592896,valid=1,read_failures=0"
dengfoc,"SYNC_TRUTH,sequence=96571,truth_tick_us=193557584,mechanical_angle_rad=4.879592896,valid=1,read_failures=0"
dengfoc,"SYNC_TRUTH,sequence=96572,truth_tick_us=193559588,mechanical_angle_rad=4.881126881,valid=1,read_failures=0"
dengfoc,"SYNC_TRUTH,sequence=96573,truth_tick_us=193561584,mechanical_angle_rad=4.879592896,valid=1,read_failures=0"
dengfoc,"SYNC_TRUTH,sequence=96574,truth_tick_us=193563588,mechanical_angle_rad=4.879592896,valid=1,read_failures=0"
dengfoc,"SYNC_TRUTH,sequence=96575,truth_tick_us=193565584,mechanical_angle_rad=4.881126881,valid=1,read_failures=0"
dengfoc,"SYNC_TRUTH,sequence=96576,truth_tick_us=193567588,mechanical_angle_rad=4.881126881,valid=1,read_failures=0"
dengfoc,"SYNC_TRUTH,sequence=96577,truth_tick_us=193569584,mechanical_angle_rad=4.881126881,valid=1,read_failures=0"
dengfoc,"SYNC_TRUTH,sequence=96578,truth_tick_us=193571588,mechanical_angle_rad=4.879592896,valid=1,read_failures=0"
dengfoc,"SYNC_TRUTH,sequence=96579,truth_tick_us=193573584,mechanical_angle_rad=4.881126881,valid=1,read_failures=0"
dengfoc,"SYNC_TRUTH,sequence=96580,truth_tick_us=193575588,mechanical_angle_rad=4.879592896,valid=1,read_failures=0"
dengfoc,"SYNC_TRUTH,sequence=96581,truth_tick_us=193577584,mechanical_angle_rad=4.879592896,valid=1,read_failures=0"
dengfoc,"SYNC_TRUTH,sequence=96582,truth_tick_us=193579588,mechanical_angle_rad=4.879592896,valid=1,read_failures=0"
dengfoc,"SYNC_TRUTH,sequence=96583,truth_tick_us=193581584,mechanical_angle_rad=4.881126881,valid=1,read_failures=0"
dengfoc,"SYNC_TRUTH,sequence=96584,truth_tick_us=193583588,mechanical_angle_rad=4.879592896,valid=1,read_failures=0"
dengfoc,"SYNC_TRUTH,sequence=96585,truth_tick_us=193585584,mechanical_angle_rad=4.881126881,valid=1,read_failures=0"
dengfoc,"SYNC_TRUTH,sequence=96586,truth_tick_us=193587588,mechanical_angle_rad=4.879592896,valid=1,read_failures=0"
dengfoc,"SYNC_TRUTH,sequence=96587,truth_tick_us=193589584,mechanical_angle_rad=4.879592896,valid=1,read_failures=0"
dengfoc,"SYNC_TRUTH,sequence=96588,truth_tick_us=193591588,mechanical_angle_rad=4.879592896,valid=1,read_failures=0"
dengfoc,"SYNC_TRUTH,sequence=96589,truth_tick_us=193593584,mechanical_angle_rad=4.879592896,valid=1,read_failures=0"
dengfoc,"SYNC_TRUTH,sequence=96590,truth_tick_us=193595588,mechanical_angle_rad=4.881126881,valid=1,read_failures=0"
dengfoc,"SYNC_TRUTH,sequence=96591,truth_tick_us=193597584,mechanical_angle_rad=4.881126881,valid=1,read_failures=0"
dengfoc,"SYNC_TRUTH,sequence=96592,truth_tick_us=193599588,mechanical_angle_rad=4.879592896,valid=1,read_failures=0"
dengfoc,"SYNC_TRUTH,sequence=96593,truth_tick_us=193601584,mechanical_angle_rad=4.881126881,valid=1,read_failures=0"
dengfoc,"SYNC_TRUTH,sequence=96594,truth_tick_us=193603588,mechanical_angle_rad=4.879592896,valid=1,read_failures=0"
dengfoc,"SYNC_TRUTH,sequence=96595,truth_tick_us=193605584,mechanical_angle_rad=4.879592896,valid=1,read_failures=0"
dengfoc,"SYNC_TRUTH,sequence=96596,truth_tick_us=193607588,mechanical_angle_rad=4.881126881,valid=1,read_failures=0"
dengfoc,"SYNC_TRUTH,sequence=96597,truth_tick_us=193609584,mechanical_angle_rad=4.879592896,valid=1,read_failures=0"
dengfoc,"SYNC_TRUTH,sequence=96598,truth_tick_us=193611588,mechanical_angle_rad=4.879592896,valid=1,read_failures=0"
dengfoc,"SYNC_TRUTH,sequence=96599,truth_tick_us=193613584,mechanical_angle_rad=4.881126881,valid=1,read_failures=0"
dengfoc,"SYNC_TRUTH,sequence=96600,truth_tick_us=193615588,mechanical_angle_rad=4.879592896,valid=1,read_failures=0"
dengfoc,"SYNC_TRUTH,sequence=96601,truth_tick_us=193617584,mechanical_angle_rad=4.879592896,valid=1,read_failures=0"
dengfoc,"SYNC_TRUTH,sequence=96602,truth_tick_us=193619588,mechanical_angle_rad=4.879592896,valid=1,read_failures=0"
dengfoc,"SYNC_TRUTH,sequence=96603,truth_tick_us=193621584,mechanical_angle_rad=4.879592896,valid=1,read_failures=0"
dengfoc,"SYNC_TRUTH,sequence=96604,truth_tick_us=193623588,mechanical_angle_rad=4.881126881,valid=1,read_failures=0"
dengfoc,"SYNC_TRUTH,sequence=96605,truth_tick_us=193625584,mechanical_angle_rad=4.879592896,valid=1,read_failures=0"
dengfoc,"SYNC_TRUTH,sequence=96606,truth_tick_us=193627588,mechanical_angle_rad=4.879592896,valid=1,read_failures=0"
dengfoc,"SYNC_TRUTH,sequence=96607,truth_tick_us=193629584,mechanical_angle_rad=4.879592896,valid=1,read_failures=0"
dengfoc,"SYNC_TRUTH,sequence=96608,truth_tick_us=193631588,mechanical_angle_rad=4.879592896,valid=1,read_failures=0"
dengfoc,"SYNC_TRUTH,sequence=96609,truth_tick_us=193633584,mechanical_angle_rad=4.879592896,valid=1,read_failures=0"
dengfoc,"SYNC_TRUTH,sequence=96610,truth_tick_us=193635588,mechanical_angle_rad=4.879592896,valid=1,read_failures=0"
dengfoc,"SYNC_TRUTH,sequence=96611,truth_tick_us=193637584,mechanical_angle_rad=4.879592896,valid=1,read_failures=0"
dengfoc,"SYNC_TRUTH,sequence=96612,truth_tick_us=193639588,mechanical_angle_rad=4.879592896,valid=1,read_failures=0"
dengfoc,"SYNC_TRUTH,sequence=96613,truth_tick_us=193641584,mechanical_angle_rad=4.881126881,valid=1,read_failures=0"
dengfoc,"SYNC_TRUTH,sequence=96614,truth_tick_us=193643588,mechanical_angle_rad=4.879592896,valid=1,read_failures=0"
dengfoc,"SYNC_TRUTH,sequence=96615,truth_tick_us=193645584,mechanical_angle_rad=4.879592896,valid=1,read_failures=0"
dengfoc,"SYNC_TRUTH,sequence=96616,truth_tick_us=193647588,mechanical_angle_rad=4.879592896,valid=1,read_failures=0"
dengfoc,"SYNC_TRUTH,sequence=96617,truth_tick_us=193649584,mechanical_angle_rad=4.879592896,valid=1,read_failures=0"
dengfoc,"SYNC_TRUTH,sequence=96618,truth_tick_us=193651588,mechanical_angle_rad=4.879592896,valid=1,read_failures=0"
dengfoc,"SYNC_TRUTH,sequence=96619,truth_tick_us=193653584,mechanical_angle_rad=4.881126881,valid=1,read_failures=0"
dengfoc,"SYNC_TRUTH,sequence=96620,truth_tick_us=193655588,mechanical_angle_rad=4.879592896,valid=1,read_failures=0"
dengfoc,"SYNC_TRUTH,sequence=96621,truth_tick_us=193657584,mechanical_angle_rad=4.879592896,valid=1,read_failures=0"
dengfoc,"SYNC_TRUTH,sequence=96622,truth_tick_us=193659588,mechanical_angle_rad=4.879592896,valid=1,read_failures=0"
dengfoc,"SYNC_TRUTH,sequence=96623,truth_tick_us=193661584,mechanical_angle_rad=4.879592896,valid=1,read_failures=0"
dengfoc,"SYNC_TRUTH,sequence=96624,truth_tick_us=193663588,mechanical_angle_rad=4.879592896,valid=1,read_failures=0"
dengfoc,"SYNC_TRUTH,sequence=96625,truth_tick_us=193665584,mechanical_angle_rad=4.879592896,valid=1,read_failures=0"
dengfoc,"SYNC_TRUTH,sequence=96626,truth_tick_us=193667588,mechanical_angle_rad=4.879592896,valid=1,read_failures=0"
dengfoc,"SYNC_TRUTH,sequence=96627,truth_tick_us=193669584,mechanical_angle_rad=4.879592896,valid=1,read_failures=0"
dengfoc,"SYNC_TRUTH,sequence=96628,truth_tick_us=193671588,mechanical_angle_rad=4.879592896,valid=1,read_failures=0"
dengfoc,"SYNC_TRUTH,sequence=96629,truth_tick_us=193673584,mechanical_angle_rad=4.879592896,valid=1,read_failures=0"
dengfoc,"SYNC_TRUTH,sequence=96630,truth_tick_us=193675588,mechanical_angle_rad=4.879592896,valid=1,read_failures=0"
dengfoc,"SYNC_TRUTH,sequence=96631,truth_tick_us=193677584,mechanical_angle_rad=4.879592896,valid=1,read_failures=0"
dengfoc,"SYNC_TRUTH,sequence=96632,truth_tick_us=193679588,mechanical_angle_rad=4.879592896,valid=1,read_failures=0"
dengfoc,"SYNC_TRUTH,sequence=96633,truth_tick_us=193681584,mechanical_angle_rad=4.879592896,valid=1,read_failures=0"
dengfoc,"SYNC_TRUTH,sequence=96634,truth_tick_us=193683588,mechanical_angle_rad=4.879592896,valid=1,read_failures=0"
dengfoc,"SYNC_TRUTH,sequence=96635,truth_tick_us=193685584,mechanical_angle_rad=4.879592896,valid=1,read_failures=0"
dengfoc,"SYNC_TRUTH,sequence=96636,truth_tick_us=193687588,mechanical_angle_rad=4.879592896,valid=1,read_failures=0"
dengfoc,"SYNC_TRUTH,sequence=96637,truth_tick_us=193689584,mechanical_angle_rad=4.879592896,valid=1,read_failures=0"
dengfoc,"SYNC_TRUTH,sequence=96638,truth_tick_us=193691588,mechanical_angle_rad=4.879592896,valid=1,read_failures=0"
dengfoc,"SYNC_TRUTH,sequence=96639,truth_tick_us=193693584,mechanical_angle_rad=4.879592896,valid=1,read_failures=0"
dengfoc,"SYNC_TRUTH,sequence=96640,truth_tick_us=193695588,mechanical_angle_rad=4.881126881,valid=1,read_failures=0"
dengfoc,"SYNC_TRUTH,sequence=96641,truth_tick_us=193697584,mechanical_angle_rad=4.879592896,valid=1,read_failures=0"
dengfoc,"SYNC_TRUTH,sequence=96642,truth_tick_us=193699588,mechanical_angle_rad=4.879592896,valid=1,read_failures=0"
dengfoc,"SYNC_TRUTH,sequence=96643,truth_tick_us=193701584,mechanical_angle_rad=4.879592896,valid=1,read_failures=0"
dengfoc,"SYNC_TRUTH,sequence=96644,truth_tick_us=193703588,mechanical_angle_rad=4.879592896,valid=1,read_failures=0"
dengfoc,"SYNC_TRUTH,sequence=96645,truth_tick_us=193705584,mechanical_angle_rad=4.879592896,valid=1,read_failures=0"
dengfoc,"SYNC_TRUTH,sequence=96646,truth_tick_us=193707588,mechanical_angle_rad=4.879592896,valid=1,read_failures=0"
dengfoc,"SYNC_TRUTH,sequence=96647,truth_tick_us=193709584,mechanical_angle_rad=4.879592896,valid=1,read_failures=0"
dengfoc,"SYNC_TRUTH,sequence=96648,truth_tick_us=193711588,mechanical_angle_rad=4.881126881,valid=1,read_failures=0"
dengfoc,"SYNC_TRUTH,sequence=96649,truth_tick_us=193713584,mechanical_angle_rad=4.881126881,valid=1,read_failures=0"
dengfoc,"SYNC_TRUTH,sequence=96650,truth_tick_us=193715588,mechanical_angle_rad=4.879592896,valid=1,read_failures=0"
dengfoc,"SYNC_TRUTH,sequence=96651,truth_tick_us=193717584,mechanical_angle_rad=4.879592896,valid=1,read_failures=0"
dengfoc,"SYNC_TRUTH,sequence=96652,truth_tick_us=193719588,mechanical_angle_rad=4.879592896,valid=1,read_failures=0"
dengfoc,"SYNC_TRUTH,sequence=96653,truth_tick_us=193721584,mechanical_angle_rad=4.881126881,valid=1,read_failures=0"
dengfoc,"SYNC_TRUTH,sequence=96654,truth_tick_us=193723588,mechanical_angle_rad=4.879592896,valid=1,read_failures=0"
dengfoc,"SYNC_TRUTH,sequence=96655,truth_tick_us=193725584,mechanical_angle_rad=4.879592896,valid=1,read_failures=0"
g431,foc_h3_sync_status
dengfoc,"SYNC_TRUTH,sequence=96656,truth_tick_us=193727588,mechanical_angle_rad=4.879592896,valid=1,read_failures=0"
dengfoc,"SYNC_TRUTH,sequence=96657,truth_tick_us=193729584,mechanical_angle_rad=4.879592896,valid=1,read_failures=0"
dengfoc,"SYNC_TRUTH,sequence=96658,truth_tick_us=193731588,mechanical_angle_rad=4.881126881,valid=1,read_failures=0"
dengfoc,"SYNC_TRUTH,sequence=96659,truth_tick_us=193733584,mechanical_angle_rad=4.879592896,valid=1,read_failures=0"
g431,"FH3_SYNC_STATUS,1,196608,3,50,50,0,50,101,3227611207,15690452,7,20261004,127,227,0,35,100,3227611256,49"
dengfoc,"SYNC_TRUTH,sequence=96660,truth_tick_us=193735588,mechanical_angle_rad=4.879592896,valid=1,read_failures=0"
g431,msh >
dengfoc,"SYNC_TRUTH,sequence=96661,truth_tick_us=193737584,mechanical_angle_rad=4.879592896,valid=1,read_failures=0"
dengfoc,"SYNC_TRUTH,sequence=96662,truth_tick_us=193739588,mechanical_angle_rad=4.879592896,valid=1,read_failures=0"
dengfoc,"SYNC_TRUTH,sequence=96663,truth_tick_us=193741584,mechanical_angle_rad=4.879592896,valid=1,read_failures=0"
dengfoc,"SYNC_TRUTH,sequence=96664,truth_tick_us=193743588,mechanical_angle_rad=4.879592896,valid=1,read_failures=0"
dengfoc,"SYNC_TRUTH,sequence=96665,truth_tick_us=193745584,mechanical_angle_rad=4.881126881,valid=1,read_failures=0"
dengfoc,"SYNC_TRUTH,sequence=96666,truth_tick_us=193747588,mechanical_angle_rad=4.881126881,valid=1,read_failures=0"
dengfoc,"SYNC_TRUTH,sequence=96667,truth_tick_us=193749584,mechanical_angle_rad=4.881126881,valid=1,read_failures=0"
dengfoc,"SYNC_TRUTH,sequence=96668,truth_tick_us=193751588,mechanical_angle_rad=4.879592896,valid=1,read_failures=0"
dengfoc,"SYNC_TRUTH,sequence=96669,truth_tick_us=193753584,mechanical_angle_rad=4.879592896,valid=1,read_failures=0"
dengfoc,"SYNC_TRUTH,sequence=96670,truth_tick_us=193755588,mechanical_angle_rad=4.879592896,valid=1,read_failures=0"
dengfoc,"SYNC_TRUTH,sequence=96671,truth_tick_us=193757584,mechanical_angle_rad=4.879592896,valid=1,read_failures=0"
dengfoc,"SYNC_TRUTH,sequence=96672,truth_tick_us=193759588,mechanical_angle_rad=4.881126881,valid=1,read_failures=0"
dengfoc,"SYNC_TRUTH,sequence=96673,truth_tick_us=193761584,mechanical_angle_rad=4.879592896,valid=1,read_failures=0"
g431,msh >
dengfoc,"SYNC_TRUTH,sequence=96674,truth_tick_us=193763588,mechanical_angle_rad=4.879592896,valid=1,read_failures=0"
dengfoc,"SYNC_TRUTH,sequence=96675,truth_tick_us=193765584,mechanical_angle_rad=4.881126881,valid=1,read_failures=0"
dengfoc,"SYNC_TRUTH,sequence=96676,truth_tick_us=193767588,mechanical_angle_rad=4.881126881,valid=1,read_failures=0"
dengfoc,"SYNC_TRUTH,sequence=96677,truth_tick_us=193769584,mechanical_angle_rad=4.881126881,valid=1,read_failures=0"
dengfoc,"SYNC_TRUTH,sequence=96678,truth_tick_us=193771588,mechanical_angle_rad=4.879592896,valid=1,read_failures=0"
dengfoc,"SYNC_TRUTH,sequence=96679,truth_tick_us=193773584,mechanical_angle_rad=4.879592896,valid=1,read_failures=0"
dengfoc,"SYNC_TRUTH,sequence=96680,truth_tick_us=193775588,mechanical_angle_rad=4.879592896,valid=1,read_failures=0"
dengfoc,"SYNC_TRUTH,sequence=96681,truth_tick_us=193777584,mechanical_angle_rad=4.879592896,valid=1,read_failures=0"
dengfoc,"SYNC_TRUTH,sequence=96682,truth_tick_us=193779588,mechanical_angle_rad=4.881126881,valid=1,read_failures=0"
dengfoc,"SYNC_TRUTH,sequence=96683,truth_tick_us=193781584,mechanical_angle_rad=4.879592896,valid=1,read_failures=0"
dengfoc,"SYNC_TRUTH,sequence=96684,truth_tick_us=193783588,mechanical_angle_rad=4.879592896,valid=1,read_failures=0"
dengfoc,"SYNC_TRUTH,sequence=96685,truth_tick_us=193785584,mechanical_angle_rad=4.879592896,valid=1,read_failures=0"
dengfoc,"SYNC_TRUTH,sequence=96686,truth_tick_us=193787588,mechanical_angle_rad=4.879592896,valid=1,read_failures=0"
dengfoc,"SYNC_TRUTH,sequence=96687,truth_tick_us=193789584,mechanical_angle_rad=4.881126881,valid=1,read_failures=0"
dengfoc,"SYNC_TRUTH,sequence=96688,truth_tick_us=193791588,mechanical_angle_rad=4.879592896,valid=1,read_failures=0"
dengfoc,"SYNC_TRUTH,sequence=96689,truth_tick_us=193793584,mechanical_angle_rad=4.879592896,valid=1,read_failures=0"
dengfoc,"SYNC_TRUTH,sequence=96690,truth_tick_us=193795588,mechanical_angle_rad=4.879592896,valid=1,read_failures=0"
dengfoc,"SYNC_TRUTH,sequence=96691,truth_tick_us=193797584,mechanical_angle_rad=4.881126881,valid=1,read_failures=0"
dengfoc,"SYNC_TRUTH,sequence=96692,truth_tick_us=193799588,mechanical_angle_rad=4.879592896,valid=1,read_failures=0"
dengfoc,"SYNC_TRUTH,sequence=96693,truth_tick_us=193801584,mechanical_angle_rad=4.881126881,valid=1,read_failures=0"
dengfoc,"SYNC_TRUTH,sequence=96694,truth_tick_us=193803588,mechanical_angle_rad=4.879592896,valid=1,read_failures=0"
dengfoc,"SYNC_TRUTH,sequence=96695,truth_tick_us=193805584,mechanical_angle_rad=4.879592896,valid=1,read_failures=0"
dengfoc,"SYNC_TRUTH,sequence=96696,truth_tick_us=193807588,mechanical_angle_rad=4.879592896,valid=1,read_failures=0"
dengfoc,"SYNC_TRUTH,sequence=96697,truth_tick_us=193809584,mechanical_angle_rad=4.879592896,valid=1,read_failures=0"
dengfoc,"SYNC_TRUTH,sequence=96698,truth_tick_us=193811588,mechanical_angle_rad=4.881126881,valid=1,read_failures=0"
dengfoc,"SYNC_TRUTH,sequence=96699,truth_tick_us=193813584,mechanical_angle_rad=4.879592896,valid=1,read_failures=0"
dengfoc,"SYNC_TRUTH,sequence=96700,truth_tick_us=193815588,mechanical_angle_rad=4.879592896,valid=1,read_failures=0"
dengfoc,"SYNC_TRUTH,sequence=96701,truth_tick_us=193817584,mechanical_angle_rad=4.879592896,valid=1,read_failures=0"
dengfoc,"SYNC_TRUTH,sequence=96702,truth_tick_us=193819588,mechanical_angle_rad=4.879592896,valid=1,read_failures=0"
dengfoc,"SYNC_TRUTH,sequence=96703,truth_tick_us=193821584,mechanical_angle_rad=4.879592896,valid=1,read_failures=0"
dengfoc,"SYNC_TRUTH,sequence=96704,truth_tick_us=193823588,mechanical_angle_rad=4.879592896,valid=1,read_failures=0"
dengfoc,"SYNC_TRUTH,sequence=96705,truth_tick_us=193825584,mechanical_angle_rad=4.879592896,valid=1,read_failures=0"
dengfoc,"SYNC_TRUTH,sequence=96706,truth_tick_us=193827588,mechanical_angle_rad=4.879592896,valid=1,read_failures=0"
dengfoc,"SYNC_TRUTH,sequence=96707,truth_tick_us=193829584,mechanical_angle_rad=4.879592896,valid=1,read_failures=0"
dengfoc,"SYNC_TRUTH,sequence=96708,truth_tick_us=193831588,mechanical_angle_rad=4.881126881,valid=1,read_failures=0"
dengfoc,"SYNC_TRUTH,sequence=96709,truth_tick_us=193833584,mechanical_angle_rad=4.881126881,valid=1,read_failures=0"
dengfoc,"SYNC_TRUTH,sequence=96710,truth_tick_us=193835588,mechanical_angle_rad=4.879592896,valid=1,read_failures=0"
dengfoc,"SYNC_TRUTH,sequence=96711,truth_tick_us=193837584,mechanical_angle_rad=4.879592896,valid=1,read_failures=0"
dengfoc,"SYNC_TRUTH,sequence=96712,truth_tick_us=193839588,mechanical_angle_rad=4.881126881,valid=1,read_failures=0"
dengfoc,"SYNC_TRUTH,sequence=96713,truth_tick_us=193841584,mechanical_angle_rad=4.879592896,valid=1,read_failures=0"
dengfoc,"SYNC_TRUTH,sequence=96714,truth_tick_us=193843588,mechanical_angle_rad=4.879592896,valid=1,read_failures=0"
dengfoc,"SYNC_TRUTH,sequence=96715,truth_tick_us=193845584,mechanical_angle_rad=4.881126881,valid=1,read_failures=0"
dengfoc,"SYNC_TRUTH,sequence=96716,truth_tick_us=193847588,mechanical_angle_rad=4.881126881,valid=1,read_failures=0"
dengfoc,"SYNC_TRUTH,sequence=96717,truth_tick_us=193849584,mechanical_angle_rad=4.881126881,valid=1,read_failures=0"
dengfoc,"SYNC_TRUTH,sequence=96718,truth_tick_us=193851588,mechanical_angle_rad=4.879592896,valid=1,read_failures=0"
dengfoc,"SYNC_TRUTH,sequence=96719,truth_tick_us=193853584,mechanical_angle_rad=4.881126881,valid=1,read_failures=0"
dengfoc,"SYNC_TRUTH,sequence=96720,truth_tick_us=193855588,mechanical_angle_rad=4.879592896,valid=1,read_failures=0"
dengfoc,"SYNC_TRUTH,sequence=96721,truth_tick_us=193857584,mechanical_angle_rad=4.879592896,valid=1,read_failures=0"
dengfoc,"SYNC_TRUTH,sequence=96722,truth_tick_us=193859588,mechanical_angle_rad=4.879592896,valid=1,read_failures=0"
dengfoc,"SYNC_TRUTH,sequence=96723,truth_tick_us=193861584,mechanical_angle_rad=4.879592896,valid=1,read_failures=0"
dengfoc,"SYNC_TRUTH,sequence=96724,truth_tick_us=193863588,mechanical_angle_rad=4.879592896,valid=1,read_failures=0"
dengfoc,"SYNC_TRUTH,sequence=96725,truth_tick_us=193865584,mechanical_angle_rad=4.879592896,valid=1,read_failures=0"
dengfoc,"SYNC_TRUTH,sequence=96726,truth_tick_us=193867588,mechanical_angle_rad=4.879592896,valid=1,read_failures=0"
dengfoc,"SYNC_TRUTH,sequence=96727,truth_tick_us=193869584,mechanical_angle_rad=4.879592896,valid=1,read_failures=0"
dengfoc,"SYNC_TRUTH,sequence=96728,truth_tick_us=193871588,mechanical_angle_rad=4.879592896,valid=1,read_failures=0"
dengfoc,"SYNC_TRUTH,sequence=96729,truth_tick_us=193873584,mechanical_angle_rad=4.879592896,valid=1,read_failures=0"
dengfoc,"SYNC_TRUTH,sequence=96730,truth_tick_us=193875588,mechanical_angle_rad=4.879592896,valid=1,read_failures=0"
dengfoc,"SYNC_TRUTH,sequence=96731,truth_tick_us=193877584,mechanical_angle_rad=4.881126881,valid=1,read_failures=0"
dengfoc,"SYNC_TRUTH,sequence=96732,truth_tick_us=193879588,mechanical_angle_rad=4.879592896,valid=1,read_failures=0"
dengfoc,"SYNC_TRUTH,sequence=96733,truth_tick_us=193881584,mechanical_angle_rad=4.879592896,valid=1,read_failures=0"
dengfoc,"SYNC_TRUTH,sequence=96734,truth_tick_us=193883588,mechanical_angle_rad=4.879592896,valid=1,read_failures=0"
dengfoc,"SYNC_TRUTH,sequence=96735,truth_tick_us=193885584,mechanical_angle_rad=4.879592896,valid=1,read_failures=0"
dengfoc,"SYNC_TRUTH,sequence=96736,truth_tick_us=193887588,mechanical_angle_rad=4.879592896,valid=1,read_failures=0"
dengfoc,"SYNC_TRUTH,sequence=96737,truth_tick_us=193889584,mechanical_angle_rad=4.879592896,valid=1,read_failures=0"
dengfoc,"SYNC_TRUTH,sequence=96738,truth_tick_us=193891588,mechanical_angle_rad=4.879592896,valid=1,read_failures=0"
dengfoc,"SYNC_TRUTH,sequence=96739,truth_tick_us=193893584,mechanical_angle_rad=4.879592896,valid=1,read_failures=0"
dengfoc,"SYNC_TRUTH,sequence=96740,truth_tick_us=193895588,mechanical_angle_rad=4.881126881,valid=1,read_failures=0"
dengfoc,"SYNC_TRUTH,sequence=96741,truth_tick_us=193897584,mechanical_angle_rad=4.881126881,valid=1,read_failures=0"
dengfoc,"SYNC_TRUTH,sequence=96742,truth_tick_us=193899588,mechanical_angle_rad=4.881126881,valid=1,read_failures=0"
dengfoc,"SYNC_TRUTH,sequence=96743,truth_tick_us=193901584,mechanical_angle_rad=4.879592896,valid=1,read_failures=0"
dengfoc,"SYNC_TRUTH,sequence=96744,truth_tick_us=193903588,mechanical_angle_rad=4.881126881,valid=1,read_failures=0"
dengfoc,"SYNC_TRUTH,sequence=96745,truth_tick_us=193905584,mechanical_angle_rad=4.879592896,valid=1,read_failures=0"
dengfoc,"SYNC_TRUTH,sequence=96746,truth_tick_us=193907588,mechanical_angle_rad=4.881126881,valid=1,read_failures=0"
dengfoc,"SYNC_TRUTH,sequence=96747,truth_tick_us=193909584,mechanical_angle_rad=4.879592896,valid=1,read_failures=0"
dengfoc,"SYNC_TRUTH,sequence=96748,truth_tick_us=193911588,mechanical_angle_rad=4.879592896,valid=1,read_failures=0"
dengfoc,"SYNC_TRUTH,sequence=96749,truth_tick_us=193913584,mechanical_angle_rad=4.881126881,valid=1,read_failures=0"
dengfoc,"SYNC_TRUTH,sequence=96750,truth_tick_us=193915588,mechanical_angle_rad=4.881126881,valid=1,read_failures=0"
dengfoc,"SYNC_TRUTH,sequence=96751,truth_tick_us=193917584,mechanical_angle_rad=4.879592896,valid=1,read_failures=0"
dengfoc,"SYNC_TRUTH,sequence=96752,truth_tick_us=193919588,mechanical_angle_rad=4.881126881,valid=1,read_failures=0"
dengfoc,"SYNC_TRUTH,sequence=96753,truth_tick_us=193921584,mechanical_angle_rad=4.879592896,valid=1,read_failures=0"
dengfoc,"SYNC_TRUTH,sequence=96754,truth_tick_us=193923588,mechanical_angle_rad=4.879592896,valid=1,read_failures=0"
dengfoc,"SYNC_TRUTH,sequence=96755,truth_tick_us=193925584,mechanical_angle_rad=4.879592896,valid=1,read_failures=0"
dengfoc,"SYNC_TRUTH,sequence=96756,truth_tick_us=193927588,mechanical_angle_rad=4.879592896,valid=1,read_failures=0"
dengfoc,"SYNC_TRUTH,sequence=96757,truth_tick_us=193929584,mechanical_angle_rad=4.881126881,valid=1,read_failures=0"
dengfoc,"SYNC_TRUTH,sequence=96758,truth_tick_us=193931588,mechanical_angle_rad=4.881126881,valid=1,read_failures=0"
dengfoc,"SYNC_TRUTH,sequence=96759,truth_tick_us=193933584,mechanical_angle_rad=4.879592896,valid=1,read_failures=0"
dengfoc,"SYNC_TRUTH,sequence=96760,truth_tick_us=193935588,mechanical_angle_rad=4.881126881,valid=1,read_failures=0"
dengfoc,"SYNC_TRUTH,sequence=96761,truth_tick_us=193937584,mechanical_angle_rad=4.879592896,valid=1,read_failures=0"
dengfoc,"SYNC_TRUTH,sequence=96762,truth_tick_us=193939588,mechanical_angle_rad=4.879592896,valid=1,read_failures=0"
dengfoc,"SYNC_TRUTH,sequence=96763,truth_tick_us=193941584,mechanical_angle_rad=4.879592896,valid=1,read_failures=0"
dengfoc,"SYNC_TRUTH,sequence=96764,truth_tick_us=193943588,mechanical_angle_rad=4.881126881,valid=1,read_failures=0"
dengfoc,"SYNC_TRUTH,sequence=96765,truth_tick_us=193945584,mechanical_angle_rad=4.879592896,valid=1,read_failures=0"
dengfoc,"SYNC_TRUTH,sequence=96766,truth_tick_us=193947588,mechanical_angle_rad=4.879592896,valid=1,read_failures=0"
dengfoc,"SYNC_TRUTH,sequence=96767,truth_tick_us=193949584,mechanical_angle_rad=4.879592896,valid=1,read_failures=0"
dengfoc,"SYNC_TRUTH,sequence=96768,truth_tick_us=193951588,mechanical_angle_rad=4.879592896,valid=1,read_failures=0"
dengfoc,"SYNC_TRUTH,sequence=96769,truth_tick_us=193953584,mechanical_angle_rad=4.879592896,valid=1,read_failures=0"
dengfoc,"SYNC_TRUTH,sequence=96770,truth_tick_us=193955588,mechanical_angle_rad=4.879592896,valid=1,read_failures=0"
dengfoc,"SYNC_TRUTH,sequence=96771,truth_tick_us=193957584,mechanical_angle_rad=4.881126881,valid=1,read_failures=0"
dengfoc,"SYNC_TRUTH,sequence=96772,truth_tick_us=193959588,mechanical_angle_rad=4.879592896,valid=1,read_failures=0"
dengfoc,"SYNC_TRUTH,sequence=96773,truth_tick_us=193961584,mechanical_angle_rad=4.879592896,valid=1,read_failures=0"
dengfoc,"SYNC_TRUTH,sequence=96774,truth_tick_us=193963588,mechanical_angle_rad=4.879592896,valid=1,read_failures=0"
dengfoc,"SYNC_TRUTH,sequence=96775,truth_tick_us=193965584,mechanical_angle_rad=4.879592896,valid=1,read_failures=0"
dengfoc,"SYNC_TRUTH,sequence=96776,truth_tick_us=193967588,mechanical_angle_rad=4.879592896,valid=1,read_failures=0"
dengfoc,"SYNC_TRUTH,sequence=96777,truth_tick_us=193969584,mechanical_angle_rad=4.881126881,valid=1,read_failures=0"
dengfoc,"SYNC_TRUTH,sequence=96778,truth_tick_us=193971588,mechanical_angle_rad=4.879592896,valid=1,read_failures=0"
dengfoc,"SYNC_TRUTH,sequence=96779,truth_tick_us=193973584,mechanical_angle_rad=4.879592896,valid=1,read_failures=0"
dengfoc,"SYNC_TRUTH,sequence=96780,truth_tick_us=193975588,mechanical_angle_rad=4.879592896,valid=1,read_failures=0"
dengfoc,"SYNC_TRUTH,sequence=96781,truth_tick_us=193977584,mechanical_angle_rad=4.881126881,valid=1,read_failures=0"
dengfoc,"SYNC_TRUTH,sequence=96782,truth_tick_us=193979588,mechanical_angle_rad=4.881126881,valid=1,read_failures=0"
dengfoc,"SYNC_TRUTH,sequence=96783,truth_tick_us=193981584,mechanical_angle_rad=4.879592896,valid=1,read_failures=0"
dengfoc,"SYNC_TRUTH,sequence=96784,truth_tick_us=193983588,mechanical_angle_rad=4.881126881,valid=1,read_failures=0"
dengfoc,"SYNC_TRUTH,sequence=96785,truth_tick_us=193985584,mechanical_angle_rad=4.879592896,valid=1,read_failures=0"
dengfoc,"SYNC_TRUTH,sequence=96786,truth_tick_us=193987588,mechanical_angle_rad=4.879592896,valid=1,read_failures=0"
dengfoc,"SYNC_TRUTH,sequence=96787,truth_tick_us=193989584,mechanical_angle_rad=4.879592896,valid=1,read_failures=0"
dengfoc,"SYNC_TRUTH,sequence=96788,truth_tick_us=193991588,mechanical_angle_rad=4.879592896,valid=1,read_failures=0"
dengfoc,"SYNC_TRUTH,sequence=96789,truth_tick_us=193993584,mechanical_angle_rad=4.879592896,valid=1,read_failures=0"
dengfoc,"SYNC_TRUTH,sequence=96790,truth_tick_us=193995588,mechanical_angle_rad=4.879592896,valid=1,read_failures=0"
dengfoc,"SYNC_TRUTH,sequence=96791,truth_tick_us=193997584,mechanical_angle_rad=4.881126881,valid=1,read_failures=0"
dengfoc,"SYNC_TRUTH,sequence=96792,truth_tick_us=193999588,mechanical_angle_rad=4.879592896,valid=1,read_failures=0"
dengfoc,"SYNC_TRUTH,sequence=96793,truth_tick_us=194001584,mechanical_angle_rad=4.881126881,valid=1,read_failures=0"
dengfoc,"SYNC_TRUTH,sequence=96794,truth_tick_us=194003588,mechanical_angle_rad=4.879592896,valid=1,read_failures=0"
dengfoc,"SYNC_TRUTH,sequence=96795,truth_tick_us=194005584,mechanical_angle_rad=4.881126881,valid=1,read_failures=0"
dengfoc,"SYNC_TRUTH,sequence=96796,truth_tick_us=194007588,mechanical_angle_rad=4.881126881,valid=1,read_failures=0"
dengfoc,"SYNC_TRUTH,sequence=96797,truth_tick_us=194009584,mechanical_angle_rad=4.879592896,valid=1,read_failures=0"
dengfoc,"SYNC_TRUTH,sequence=96798,truth_tick_us=194011588,mechanical_angle_rad=4.881126881,valid=1,read_failures=0"
dengfoc,"SYNC_TRUTH,sequence=96799,truth_tick_us=194013584,mechanical_angle_rad=4.879592896,valid=1,read_failures=0"
dengfoc,"SYNC_TRUTH,sequence=96800,truth_tick_us=194015588,mechanical_angle_rad=4.881126881,valid=1,read_failures=0"
dengfoc,"SYNC_TRUTH,sequence=96801,truth_tick_us=194017584,mechanical_angle_rad=4.881126881,valid=1,read_failures=0"
dengfoc,"SYNC_TRUTH,sequence=96802,truth_tick_us=194019588,mechanical_angle_rad=4.879592896,valid=1,read_failures=0"
dengfoc,"SYNC_TRUTH,sequence=96803,truth_tick_us=194021584,mechanical_angle_rad=4.879592896,valid=1,read_failures=0"
dengfoc,"SYNC_TRUTH,sequence=96804,truth_tick_us=194023588,mechanical_angle_rad=4.879592896,valid=1,read_failures=0"
dengfoc,"SYNC_TRUTH,sequence=96805,truth_tick_us=194025584,mechanical_angle_rad=4.881126881,valid=1,read_failures=0"
dengfoc,"SYNC_TRUTH,sequence=96806,truth_tick_us=194027588,mechanical_angle_rad=4.879592896,valid=1,read_failures=0"
dengfoc,"SYNC_TRUTH,sequence=96807,truth_tick_us=194029584,mechanical_angle_rad=4.879592896,valid=1,read_failures=0"
dengfoc,"SYNC_TRUTH,sequence=96808,truth_tick_us=194031588,mechanical_angle_rad=4.879592896,valid=1,read_failures=0"
dengfoc,"SYNC_TRUTH,sequence=96809,truth_tick_us=194033584,mechanical_angle_rad=4.881126881,valid=1,read_failures=0"
dengfoc,"SYNC_TRUTH,sequence=96810,truth_tick_us=194035588,mechanical_angle_rad=4.881126881,valid=1,read_failures=0"
dengfoc,"SYNC_TRUTH,sequence=96811,truth_tick_us=194037584,mechanical_angle_rad=4.879592896,valid=1,read_failures=0"
dengfoc,"SYNC_TRUTH,sequence=96812,truth_tick_us=194039588,mechanical_angle_rad=4.881126881,valid=1,read_failures=0"
dengfoc,"SYNC_TRUTH,sequence=96813,truth_tick_us=194041584,mechanical_angle_rad=4.879592896,valid=1,read_failures=0"
dengfoc,"SYNC_TRUTH,sequence=96814,truth_tick_us=194043588,mechanical_angle_rad=4.879592896,valid=1,read_failures=0"
dengfoc,"SYNC_TRUTH,sequence=96815,truth_tick_us=194045584,mechanical_angle_rad=4.879592896,valid=1,read_failures=0"
g431,foc_h3_sync_send 20261004 128 228
dengfoc,"SYNC_TRUTH,sequence=96816,truth_tick_us=194047588,mechanical_angle_rad=4.879592896,valid=1,read_failures=0"
dengfoc,"SYNC_TRUTH,sequence=96817,truth_tick_us=194049584,mechanical_angle_rad=4.879592896,valid=1,read_failures=0"
dengfoc,"SYNC_TRUTH,sequence=96818,truth_tick_us=194051588,mechanical_angle_rad=4.881126881,valid=1,read_failures=0"
dengfoc,"SYNC_TRUTH,sequence=96819,truth_tick_us=194053588,mechanical_angle_rad=4.879592896,valid=1,read_failures=0"
g431,"FH3_SYNC_SEND,1,196608,2,51,50,0,50,0,0,4294967295,0,20261004,128,228,0,35,0,0,0"
g431,msh >
dengfoc,"SYNC_TRUTH,sequence=96820,truth_tick_us=194055588,mechanical_angle_rad=4.879592896,valid=1,read_failures=0"
dengfoc,"SYNC_TRUTH,sequence=96821,truth_tick_us=194057584,mechanical_angle_rad=4.881126881,valid=1,read_failures=0"
dengfoc,"SYNC_ANCHOR_RX,session=20261004,edge_sequence=128,edge_tag=228,truth_tick_us=194049376,source=2,flags=0x00000003"
dengfoc,"SYNC_TRUTH,sequence=96822,truth_tick_us=194060596,mechanical_angle_rad=4.881126881,valid=1,read_failures=0"
dengfoc,"SYNC_TRUTH,sequence=96823,truth_tick_us=194062584,mechanical_angle_rad=4.879592896,valid=1,read_failures=0"
dengfoc,"SYNC_TRUTH,sequence=96824,truth_tick_us=194064588,mechanical_angle_rad=4.879592896,valid=1,read_failures=0"
dengfoc,"SYNC_TRUTH,sequence=96825,truth_tick_us=194066584,mechanical_angle_rad=4.879592896,valid=1,read_failures=0"
dengfoc,"SYNC_TRUTH,sequence=96826,truth_tick_us=194068588,mechanical_angle_rad=4.879592896,valid=1,read_failures=0"
dengfoc,"SYNC_TRUTH,sequence=96827,truth_tick_us=194070584,mechanical_angle_rad=4.879592896,valid=1,read_failures=0"
dengfoc,"SYNC_TRUTH,sequence=96828,truth_tick_us=194072588,mechanical_angle_rad=4.879592896,valid=1,read_failures=0"
g431,msh >
dengfoc,"SYNC_TRUTH,sequence=96829,truth_tick_us=194074584,mechanical_angle_rad=4.881126881,valid=1,read_failures=0"
dengfoc,"SYNC_TRUTH,sequence=96830,truth_tick_us=194076588,mechanical_angle_rad=4.881126881,valid=1,read_failures=0"
dengfoc,"SYNC_TRUTH,sequence=96831,truth_tick_us=194078584,mechanical_angle_rad=4.881126881,valid=1,read_failures=0"
dengfoc,"SYNC_TRUTH,sequence=96832,truth_tick_us=194080588,mechanical_angle_rad=4.879592896,valid=1,read_failures=0"
dengfoc,"SYNC_TRUTH,sequence=96833,truth_tick_us=194082584,mechanical_angle_rad=4.879592896,valid=1,read_failures=0"
dengfoc,"SYNC_TRUTH,sequence=96834,truth_tick_us=194084588,mechanical_angle_rad=4.879592896,valid=1,read_failures=0"
dengfoc,"SYNC_TRUTH,sequence=96835,truth_tick_us=194086584,mechanical_angle_rad=4.879592896,valid=1,read_failures=0"
dengfoc,"SYNC_TRUTH,sequence=96836,truth_tick_us=194088588,mechanical_angle_rad=4.879592896,valid=1,read_failures=0"
dengfoc,"SYNC_TRUTH,sequence=96837,truth_tick_us=194090584,mechanical_angle_rad=4.879592896,valid=1,read_failures=0"
dengfoc,"SYNC_TRUTH,sequence=96838,truth_tick_us=194092588,mechanical_angle_rad=4.881126881,valid=1,read_failures=0"
dengfoc,"SYNC_TRUTH,sequence=96839,truth_tick_us=194094584,mechanical_angle_rad=4.879592896,valid=1,read_failures=0"
dengfoc,"SYNC_TRUTH,sequence=96840,truth_tick_us=194096588,mechanical_angle_rad=4.879592896,valid=1,read_failures=0"
dengfoc,"SYNC_TRUTH,sequence=96841,truth_tick_us=194098584,mechanical_angle_rad=4.881126881,valid=1,read_failures=0"
dengfoc,"SYNC_TRUTH,sequence=96842,truth_tick_us=194100588,mechanical_angle_rad=4.879592896,valid=1,read_failures=0"
dengfoc,"SYNC_TRUTH,sequence=96843,truth_tick_us=194102584,mechanical_angle_rad=4.881126881,valid=1,read_failures=0"
dengfoc,"SYNC_TRUTH,sequence=96844,truth_tick_us=194104588,mechanical_angle_rad=4.879592896,valid=1,read_failures=0"
dengfoc,"SYNC_TRUTH,sequence=96845,truth_tick_us=194106584,mechanical_angle_rad=4.879592896,valid=1,read_failures=0"
dengfoc,"SYNC_TRUTH,sequence=96846,truth_tick_us=194108588,mechanical_angle_rad=4.879592896,valid=1,read_failures=0"
dengfoc,"SYNC_TRUTH,sequence=96847,truth_tick_us=194110584,mechanical_angle_rad=4.879592896,valid=1,read_failures=0"
dengfoc,"SYNC_TRUTH,sequence=96848,truth_tick_us=194112588,mechanical_angle_rad=4.881126881,valid=1,read_failures=0"
dengfoc,"SYNC_TRUTH,sequence=96849,truth_tick_us=194114584,mechanical_angle_rad=4.879592896,valid=1,read_failures=0"
dengfoc,"SYNC_TRUTH,sequence=96850,truth_tick_us=194116588,mechanical_angle_rad=4.879592896,valid=1,read_failures=0"
dengfoc,"SYNC_TRUTH,sequence=96851,truth_tick_us=194118584,mechanical_angle_rad=4.879592896,valid=1,read_failures=0"
dengfoc,"SYNC_TRUTH,sequence=96852,truth_tick_us=194120588,mechanical_angle_rad=4.879592896,valid=1,read_failures=0"
dengfoc,"SYNC_TRUTH,sequence=96853,truth_tick_us=194122584,mechanical_angle_rad=4.879592896,valid=1,read_failures=0"
dengfoc,"SYNC_TRUTH,sequence=96854,truth_tick_us=194124588,mechanical_angle_rad=4.879592896,valid=1,read_failures=0"
dengfoc,"SYNC_TRUTH,sequence=96855,truth_tick_us=194126584,mechanical_angle_rad=4.881126881,valid=1,read_failures=0"
dengfoc,"SYNC_TRUTH,sequence=96856,truth_tick_us=194128588,mechanical_angle_rad=4.881126881,valid=1,read_failures=0"
dengfoc,"SYNC_TRUTH,sequence=96857,truth_tick_us=194130584,mechanical_angle_rad=4.879592896,valid=1,read_failures=0"
dengfoc,"SYNC_TRUTH,sequence=96858,truth_tick_us=194132588,mechanical_angle_rad=4.879592896,valid=1,read_failures=0"
dengfoc,"SYNC_TRUTH,sequence=96859,truth_tick_us=194134584,mechanical_angle_rad=4.879592896,valid=1,read_failures=0"
dengfoc,"SYNC_TRUTH,sequence=96860,truth_tick_us=194136588,mechanical_angle_rad=4.879592896,valid=1,read_failures=0"
dengfoc,"SYNC_TRUTH,sequence=96861,truth_tick_us=194138584,mechanical_angle_rad=4.879592896,valid=1,read_failures=0"
dengfoc,"SYNC_TRUTH,sequence=96862,truth_tick_us=194140588,mechanical_angle_rad=4.881126881,valid=1,read_failures=0"
dengfoc,"SYNC_TRUTH,sequence=96863,truth_tick_us=194142584,mechanical_angle_rad=4.879592896,valid=1,read_failures=0"
dengfoc,"SYNC_TRUTH,sequence=96864,truth_tick_us=194144588,mechanical_angle_rad=4.879592896,valid=1,read_failures=0"
dengfoc,"SYNC_TRUTH,sequence=96865,truth_tick_us=194146584,mechanical_angle_rad=4.879592896,valid=1,read_failures=0"
dengfoc,"SYNC_TRUTH,sequence=96866,truth_tick_us=194148588,mechanical_angle_rad=4.879592896,valid=1,read_failures=0"
dengfoc,"SYNC_TRUTH,sequence=96867,truth_tick_us=194150584,mechanical_angle_rad=4.879592896,valid=1,read_failures=0"
dengfoc,"SYNC_TRUTH,sequence=96868,truth_tick_us=194152588,mechanical_angle_rad=4.881126881,valid=1,read_failures=0"
dengfoc,"SYNC_TRUTH,sequence=96869,truth_tick_us=194154584,mechanical_angle_rad=4.879592896,valid=1,read_failures=0"
dengfoc,"SYNC_TRUTH,sequence=96870,truth_tick_us=194156588,mechanical_angle_rad=4.881126881,valid=1,read_failures=0"
dengfoc,"SYNC_TRUTH,sequence=96871,truth_tick_us=194158584,mechanical_angle_rad=4.879592896,valid=1,read_failures=0"
dengfoc,"SYNC_TRUTH,sequence=96872,truth_tick_us=194160588,mechanical_angle_rad=4.879592896,valid=1,read_failures=0"
dengfoc,"SYNC_TRUTH,sequence=96873,truth_tick_us=194162584,mechanical_angle_rad=4.879592896,valid=1,read_failures=0"
dengfoc,"SYNC_TRUTH,sequence=96874,truth_tick_us=194164588,mechanical_angle_rad=4.879592896,valid=1,read_failures=0"
dengfoc,"SYNC_TRUTH,sequence=96875,truth_tick_us=194166584,mechanical_angle_rad=4.881126881,valid=1,read_failures=0"
dengfoc,"SYNC_TRUTH,sequence=96876,truth_tick_us=194168588,mechanical_angle_rad=4.879592896,valid=1,read_failures=0"
dengfoc,"SYNC_TRUTH,sequence=96877,truth_tick_us=194170584,mechanical_angle_rad=4.879592896,valid=1,read_failures=0"
dengfoc,"SYNC_TRUTH,sequence=96878,truth_tick_us=194172588,mechanical_angle_rad=4.881126881,valid=1,read_failures=0"
dengfoc,"SYNC_TRUTH,sequence=96879,truth_tick_us=194174584,mechanical_angle_rad=4.879592896,valid=1,read_failures=0"
dengfoc,"SYNC_TRUTH,sequence=96880,truth_tick_us=194176588,mechanical_angle_rad=4.879592896,valid=1,read_failures=0"
dengfoc,"SYNC_TRUTH,sequence=96881,truth_tick_us=194178584,mechanical_angle_rad=4.879592896,valid=1,read_failures=0"
dengfoc,"SYNC_TRUTH,sequence=96882,truth_tick_us=194180588,mechanical_angle_rad=4.879592896,valid=1,read_failures=0"
dengfoc,"SYNC_TRUTH,sequence=96883,truth_tick_us=194182584,mechanical_angle_rad=4.879592896,valid=1,read_failures=0"
dengfoc,"SYNC_TRUTH,sequence=96884,truth_tick_us=194184588,mechanical_angle_rad=4.881126881,valid=1,read_failures=0"
dengfoc,"SYNC_TRUTH,sequence=96885,truth_tick_us=194186584,mechanical_angle_rad=4.879592896,valid=1,read_failures=0"
dengfoc,"SYNC_TRUTH,sequence=96886,truth_tick_us=194188588,mechanical_angle_rad=4.879592896,valid=1,read_failures=0"
dengfoc,"SYNC_TRUTH,sequence=96887,truth_tick_us=194190584,mechanical_angle_rad=4.879592896,valid=1,read_failures=0"
dengfoc,"SYNC_STATUS,frames=9,frame_fail=0,truth=96887,truth_fail=0,idle=0,capture_state=1,capture_failure=0,rejected=0,overflow=0,driver_disabled=1"
dengfoc,"SYNC_TRUTH,sequence=96888,truth_tick_us=194193592,mechanical_angle_rad=4.881126881,valid=1,read_failures=0"
dengfoc,"SYNC_TRUTH,sequence=96889,truth_tick_us=194195584,mechanical_angle_rad=4.879592896,valid=1,read_failures=0"
dengfoc,"SYNC_TRUTH,sequence=96890,truth_tick_us=194197588,mechanical_angle_rad=4.879592896,valid=1,read_failures=0"
dengfoc,"SYNC_TRUTH,sequence=96891,truth_tick_us=194199584,mechanical_angle_rad=4.879592896,valid=1,read_failures=0"
dengfoc,"SYNC_TRUTH,sequence=96892,truth_tick_us=194201588,mechanical_angle_rad=4.881126881,valid=1,read_failures=0"
dengfoc,"SYNC_TRUTH,sequence=96893,truth_tick_us=194203584,mechanical_angle_rad=4.879592896,valid=1,read_failures=0"
dengfoc,"SYNC_TRUTH,sequence=96894,truth_tick_us=194205588,mechanical_angle_rad=4.879592896,valid=1,read_failures=0"
dengfoc,"SYNC_TRUTH,sequence=96895,truth_tick_us=194207584,mechanical_angle_rad=4.879592896,valid=1,read_failures=0"
dengfoc,"SYNC_TRUTH,sequence=96896,truth_tick_us=194209588,mechanical_angle_rad=4.879592896,valid=1,read_failures=0"
dengfoc,"SYNC_TRUTH,sequence=96897,truth_tick_us=194211584,mechanical_angle_rad=4.879592896,valid=1,read_failures=0"
dengfoc,"SYNC_TRUTH,sequence=96898,truth_tick_us=194213588,mechanical_angle_rad=4.879592896,valid=1,read_failures=0"
dengfoc,"SYNC_TRUTH,sequence=96899,truth_tick_us=194215584,mechanical_angle_rad=4.879592896,valid=1,read_failures=0"
dengfoc,"SYNC_TRUTH,sequence=96900,truth_tick_us=194217588,mechanical_angle_rad=4.881126881,valid=1,read_failures=0"
dengfoc,"SYNC_TRUTH,sequence=96901,truth_tick_us=194219584,mechanical_angle_rad=4.881126881,valid=1,read_failures=0"
dengfoc,"SYNC_TRUTH,sequence=96902,truth_tick_us=194221588,mechanical_angle_rad=4.879592896,valid=1,read_failures=0"
dengfoc,"SYNC_TRUTH,sequence=96903,truth_tick_us=194223584,mechanical_angle_rad=4.879592896,valid=1,read_failures=0"
dengfoc,"SYNC_TRUTH,sequence=96904,truth_tick_us=194225588,mechanical_angle_rad=4.879592896,valid=1,read_failures=0"
dengfoc,"SYNC_TRUTH,sequence=96905,truth_tick_us=194227584,mechanical_angle_rad=4.879592896,valid=1,read_failures=0"
dengfoc,"SYNC_TRUTH,sequence=96906,truth_tick_us=194229588,mechanical_angle_rad=4.879592896,valid=1,read_failures=0"
dengfoc,"SYNC_TRUTH,sequence=96907,truth_tick_us=194231584,mechanical_angle_rad=4.879592896,valid=1,read_failures=0"
dengfoc,"SYNC_TRUTH,sequence=96908,truth_tick_us=194233588,mechanical_angle_rad=4.879592896,valid=1,read_failures=0"
dengfoc,"SYNC_TRUTH,sequence=96909,truth_tick_us=194235584,mechanical_angle_rad=4.879592896,valid=1,read_failures=0"
dengfoc,"SYNC_TRUTH,sequence=96910,truth_tick_us=194237588,mechanical_angle_rad=4.879592896,valid=1,read_failures=0"
dengfoc,"SYNC_TRUTH,sequence=96911,truth_tick_us=194239584,mechanical_angle_rad=4.879592896,valid=1,read_failures=0"
dengfoc,"SYNC_TRUTH,sequence=96912,truth_tick_us=194241588,mechanical_angle_rad=4.879592896,valid=1,read_failures=0"
dengfoc,"SYNC_TRUTH,sequence=96913,truth_tick_us=194243584,mechanical_angle_rad=4.879592896,valid=1,read_failures=0"
dengfoc,"SYNC_TRUTH,sequence=96914,truth_tick_us=194245588,mechanical_angle_rad=4.881126881,valid=1,read_failures=0"
dengfoc,"SYNC_TRUTH,sequence=96915,truth_tick_us=194247584,mechanical_angle_rad=4.879592896,valid=1,read_failures=0"
dengfoc,"SYNC_TRUTH,sequence=96916,truth_tick_us=194249588,mechanical_angle_rad=4.879592896,valid=1,read_failures=0"
dengfoc,"SYNC_TRUTH,sequence=96917,truth_tick_us=194251584,mechanical_angle_rad=4.881126881,valid=1,read_failures=0"
dengfoc,"SYNC_TRUTH,sequence=96918,truth_tick_us=194253588,mechanical_angle_rad=4.879592896,valid=1,read_failures=0"
dengfoc,"SYNC_TRUTH,sequence=96919,truth_tick_us=194255584,mechanical_angle_rad=4.879592896,valid=1,read_failures=0"
dengfoc,"SYNC_TRUTH,sequence=96920,truth_tick_us=194257588,mechanical_angle_rad=4.879592896,valid=1,read_failures=0"
dengfoc,"SYNC_TRUTH,sequence=96921,truth_tick_us=194259584,mechanical_angle_rad=4.879592896,valid=1,read_failures=0"
dengfoc,"SYNC_TRUTH,sequence=96922,truth_tick_us=194261588,mechanical_angle_rad=4.879592896,valid=1,read_failures=0"
dengfoc,"SYNC_TRUTH,sequence=96923,truth_tick_us=194263584,mechanical_angle_rad=4.879592896,valid=1,read_failures=0"
dengfoc,"SYNC_TRUTH,sequence=96924,truth_tick_us=194265588,mechanical_angle_rad=4.879592896,valid=1,read_failures=0"
dengfoc,"SYNC_TRUTH,sequence=96925,truth_tick_us=194267584,mechanical_angle_rad=4.879592896,valid=1,read_failures=0"
dengfoc,"SYNC_TRUTH,sequence=96926,truth_tick_us=194269588,mechanical_angle_rad=4.881126881,valid=1,read_failures=0"
dengfoc,"SYNC_TRUTH,sequence=96927,truth_tick_us=194271584,mechanical_angle_rad=4.879592896,valid=1,read_failures=0"
dengfoc,"SYNC_TRUTH,sequence=96928,truth_tick_us=194273588,mechanical_angle_rad=4.879592896,valid=1,read_failures=0"
dengfoc,"SYNC_TRUTH,sequence=96929,truth_tick_us=194275584,mechanical_angle_rad=4.879592896,valid=1,read_failures=0"
dengfoc,"SYNC_TRUTH,sequence=96930,truth_tick_us=194277588,mechanical_angle_rad=4.879592896,valid=1,read_failures=0"
dengfoc,"SYNC_TRUTH,sequence=96931,truth_tick_us=194279584,mechanical_angle_rad=4.879592896,valid=1,read_failures=0"
dengfoc,"SYNC_TRUTH,sequence=96932,truth_tick_us=194281588,mechanical_angle_rad=4.879592896,valid=1,read_failures=0"
dengfoc,"SYNC_TRUTH,sequence=96933,truth_tick_us=194283584,mechanical_angle_rad=4.881126881,valid=1,read_failures=0"
dengfoc,"SYNC_TRUTH,sequence=96934,truth_tick_us=194285588,mechanical_angle_rad=4.879592896,valid=1,read_failures=0"
dengfoc,"SYNC_TRUTH,sequence=96935,truth_tick_us=194287584,mechanical_angle_rad=4.879592896,valid=1,read_failures=0"
dengfoc,"SYNC_TRUTH,sequence=96936,truth_tick_us=194289588,mechanical_angle_rad=4.879592896,valid=1,read_failures=0"
dengfoc,"SYNC_TRUTH,sequence=96937,truth_tick_us=194291584,mechanical_angle_rad=4.879592896,valid=1,read_failures=0"
dengfoc,"SYNC_TRUTH,sequence=96938,truth_tick_us=194293588,mechanical_angle_rad=4.879592896,valid=1,read_failures=0"
dengfoc,"SYNC_TRUTH,sequence=96939,truth_tick_us=194295584,mechanical_angle_rad=4.881126881,valid=1,read_failures=0"
dengfoc,"SYNC_TRUTH,sequence=96940,truth_tick_us=194297588,mechanical_angle_rad=4.879592896,valid=1,read_failures=0"
dengfoc,"SYNC_TRUTH,sequence=96941,truth_tick_us=194299584,mechanical_angle_rad=4.879592896,valid=1,read_failures=0"
dengfoc,"SYNC_TRUTH,sequence=96942,truth_tick_us=194301588,mechanical_angle_rad=4.879592896,valid=1,read_failures=0"
dengfoc,"SYNC_TRUTH,sequence=96943,truth_tick_us=194303584,mechanical_angle_rad=4.879592896,valid=1,read_failures=0"
dengfoc,"SYNC_TRUTH,sequence=96944,truth_tick_us=194305588,mechanical_angle_rad=4.879592896,valid=1,read_failures=0"
dengfoc,"SYNC_TRUTH,sequence=96945,truth_tick_us=194307584,mechanical_angle_rad=4.879592896,valid=1,read_failures=0"
dengfoc,"SYNC_TRUTH,sequence=96946,truth_tick_us=194309588,mechanical_angle_rad=4.879592896,valid=1,read_failures=0"
dengfoc,"SYNC_TRUTH,sequence=96947,truth_tick_us=194311584,mechanical_angle_rad=4.879592896,valid=1,read_failures=0"
dengfoc,"SYNC_TRUTH,sequence=96948,truth_tick_us=194313588,mechanical_angle_rad=4.881126881,valid=1,read_failures=0"
dengfoc,"SYNC_TRUTH,sequence=96949,truth_tick_us=194315584,mechanical_angle_rad=4.879592896,valid=1,read_failures=0"
dengfoc,"SYNC_TRUTH,sequence=96950,truth_tick_us=194317588,mechanical_angle_rad=4.881126881,valid=1,read_failures=0"
dengfoc,"SYNC_TRUTH,sequence=96951,truth_tick_us=194319584,mechanical_angle_rad=4.879592896,valid=1,read_failures=0"
dengfoc,"SYNC_TRUTH,sequence=96952,truth_tick_us=194321588,mechanical_angle_rad=4.881126881,valid=1,read_failures=0"
dengfoc,"SYNC_TRUTH,sequence=96953,truth_tick_us=194323584,mechanical_angle_rad=4.879592896,valid=1,read_failures=0"
dengfoc,"SYNC_TRUTH,sequence=96954,truth_tick_us=194325588,mechanical_angle_rad=4.879592896,valid=1,read_failures=0"
dengfoc,"SYNC_TRUTH,sequence=96955,truth_tick_us=194327584,mechanical_angle_rad=4.879592896,valid=1,read_failures=0"
dengfoc,"SYNC_TRUTH,sequence=96956,truth_tick_us=194329588,mechanical_angle_rad=4.879592896,valid=1,read_failures=0"
dengfoc,"SYNC_TRUTH,sequence=96957,truth_tick_us=194331584,mechanical_angle_rad=4.881126881,valid=1,read_failures=0"
dengfoc,"SYNC_TRUTH,sequence=96958,truth_tick_us=194333588,mechanical_angle_rad=4.879592896,valid=1,read_failures=0"
dengfoc,"SYNC_TRUTH,sequence=96959,truth_tick_us=194335584,mechanical_angle_rad=4.879592896,valid=1,read_failures=0"
dengfoc,"SYNC_TRUTH,sequence=96960,truth_tick_us=194337588,mechanical_angle_rad=4.879592896,valid=1,read_failures=0"
dengfoc,"SYNC_TRUTH,sequence=96961,truth_tick_us=194339584,mechanical_angle_rad=4.881126881,valid=1,read_failures=0"
dengfoc,"SYNC_TRUTH,sequence=96962,truth_tick_us=194341588,mechanical_angle_rad=4.881126881,valid=1,read_failures=0"
dengfoc,"SYNC_TRUTH,sequence=96963,truth_tick_us=194343584,mechanical_angle_rad=4.881126881,valid=1,read_failures=0"
dengfoc,"SYNC_TRUTH,sequence=96964,truth_tick_us=194345588,mechanical_angle_rad=4.881126881,valid=1,read_failures=0"
dengfoc,"SYNC_TRUTH,sequence=96965,truth_tick_us=194347584,mechanical_angle_rad=4.879592896,valid=1,read_failures=0"
dengfoc,"SYNC_TRUTH,sequence=96966,truth_tick_us=194349588,mechanical_angle_rad=4.881126881,valid=1,read_failures=0"
dengfoc,"SYNC_TRUTH,sequence=96967,truth_tick_us=194351584,mechanical_angle_rad=4.879592896,valid=1,read_failures=0"
dengfoc,"SYNC_TRUTH,sequence=96968,truth_tick_us=194353588,mechanical_angle_rad=4.881126881,valid=1,read_failures=0"
dengfoc,"SYNC_TRUTH,sequence=96969,truth_tick_us=194355584,mechanical_angle_rad=4.879592896,valid=1,read_failures=0"
dengfoc,"SYNC_TRUTH,sequence=96970,truth_tick_us=194357588,mechanical_angle_rad=4.879592896,valid=1,read_failures=0"
dengfoc,"SYNC_TRUTH,sequence=96971,truth_tick_us=194359584,mechanical_angle_rad=4.879592896,valid=1,read_failures=0"
dengfoc,"SYNC_TRUTH,sequence=96972,truth_tick_us=194361588,mechanical_angle_rad=4.879592896,valid=1,read_failures=0"
dengfoc,"SYNC_TRUTH,sequence=96973,truth_tick_us=194363584,mechanical_angle_rad=4.879592896,valid=1,read_failures=0"
dengfoc,"SYNC_TRUTH,sequence=96974,truth_tick_us=194365588,mechanical_angle_rad=4.879592896,valid=1,read_failures=0"
dengfoc,"SYNC_TRUTH,sequence=96975,truth_tick_us=194367584,mechanical_angle_rad=4.879592896,valid=1,read_failures=0"
dengfoc,"SYNC_TRUTH,sequence=96976,truth_tick_us=194369588,mechanical_angle_rad=4.881126881,valid=1,read_failures=0"
dengfoc,"SYNC_TRUTH,sequence=96977,truth_tick_us=194371584,mechanical_angle_rad=4.879592896,valid=1,read_failures=0"
dengfoc,"SYNC_TRUTH,sequence=96978,truth_tick_us=194373588,mechanical_angle_rad=4.879592896,valid=1,read_failures=0"
dengfoc,"SYNC_TRUTH,sequence=96979,truth_tick_us=194375584,mechanical_angle_rad=4.881126881,valid=1,read_failures=0"
dengfoc,"SYNC_TRUTH,sequence=96980,truth_tick_us=194377588,mechanical_angle_rad=4.879592896,valid=1,read_failures=0"
dengfoc,"SYNC_TRUTH,sequence=96981,truth_tick_us=194379584,mechanical_angle_rad=4.881126881,valid=1,read_failures=0"
dengfoc,"SYNC_TRUTH,sequence=96982,truth_tick_us=194381588,mechanical_angle_rad=4.881126881,valid=1,read_failures=0"
dengfoc,"SYNC_TRUTH,sequence=96983,truth_tick_us=194383584,mechanical_angle_rad=4.879592896,valid=1,read_failures=0"
dengfoc,"SYNC_TRUTH,sequence=96984,truth_tick_us=194385588,mechanical_angle_rad=4.879592896,valid=1,read_failures=0"
dengfoc,"SYNC_TRUTH,sequence=96985,truth_tick_us=194387584,mechanical_angle_rad=4.879592896,valid=1,read_failures=0"
dengfoc,"SYNC_TRUTH,sequence=96986,truth_tick_us=194389588,mechanical_angle_rad=4.881126881,valid=1,read_failures=0"
dengfoc,"SYNC_TRUTH,sequence=96987,truth_tick_us=194391584,mechanical_angle_rad=4.879592896,valid=1,read_failures=0"
dengfoc,"SYNC_TRUTH,sequence=96988,truth_tick_us=194393588,mechanical_angle_rad=4.879592896,valid=1,read_failures=0"
dengfoc,"SYNC_TRUTH,sequence=96989,truth_tick_us=194395584,mechanical_angle_rad=4.879592896,valid=1,read_failures=0"
dengfoc,"SYNC_TRUTH,sequence=96990,truth_tick_us=194397588,mechanical_angle_rad=4.881126881,valid=1,read_failures=0"
dengfoc,"SYNC_TRUTH,sequence=96991,truth_tick_us=194399584,mechanical_angle_rad=4.879592896,valid=1,read_failures=0"
dengfoc,"SYNC_TRUTH,sequence=96992,truth_tick_us=194401588,mechanical_angle_rad=4.879592896,valid=1,read_failures=0"
dengfoc,"SYNC_TRUTH,sequence=96993,truth_tick_us=194403584,mechanical_angle_rad=4.881126881,valid=1,read_failures=0"
dengfoc,"SYNC_TRUTH,sequence=96994,truth_tick_us=194405588,mechanical_angle_rad=4.879592896,valid=1,read_failures=0"
dengfoc,"SYNC_TRUTH,sequence=96995,truth_tick_us=194407584,mechanical_angle_rad=4.881126881,valid=1,read_failures=0"
dengfoc,"SYNC_TRUTH,sequence=96996,truth_tick_us=194409588,mechanical_angle_rad=4.879592896,valid=1,read_failures=0"
dengfoc,"SYNC_TRUTH,sequence=96997,truth_tick_us=194411584,mechanical_angle_rad=4.879592896,valid=1,read_failures=0"
dengfoc,"SYNC_TRUTH,sequence=96998,truth_tick_us=194413588,mechanical_angle_rad=4.879592896,valid=1,read_failures=0"
g431,foc_h3_sync_status
dengfoc,"SYNC_TRUTH,sequence=96999,truth_tick_us=194415584,mechanical_angle_rad=4.879592896,valid=1,read_failures=0"
dengfoc,"SYNC_TRUTH,sequence=97000,truth_tick_us=194417588,mechanical_angle_rad=4.879592896,valid=1,read_failures=0"
dengfoc,"SYNC_TRUTH,sequence=97001,truth_tick_us=194419584,mechanical_angle_rad=4.879592896,valid=1,read_failures=0"
dengfoc,"SYNC_TRUTH,sequence=97002,truth_tick_us=194421588,mechanical_angle_rad=4.879592896,valid=1,read_failures=0"
dengfoc,"SYNC_TRUTH,sequence=97003,truth_tick_us=194423584,mechanical_angle_rad=4.879592896,valid=1,read_failures=0"
g431,"FH3_SYNC_STATUS,1,196608,3,51,51,0,51,101,3344797921,15698724,7,20261004,128,228,0,36,100,3344797970,49"
g431,msh >
dengfoc,"SYNC_TRUTH,sequence=97004,truth_tick_us=194425588,mechanical_angle_rad=4.879592896,valid=1,read_failures=0"
dengfoc,"SYNC_TRUTH,sequence=97005,truth_tick_us=194427584,mechanical_angle_rad=4.879592896,valid=1,read_failures=0"
dengfoc,"SYNC_TRUTH,sequence=97006,truth_tick_us=194429588,mechanical_angle_rad=4.879592896,valid=1,read_failures=0"
dengfoc,"SYNC_TRUTH,sequence=97007,truth_tick_us=194431584,mechanical_angle_rad=4.879592896,valid=1,read_failures=0"
dengfoc,"SYNC_TRUTH,sequence=97008,truth_tick_us=194433588,mechanical_angle_rad=4.879592896,valid=1,read_failures=0"
dengfoc,"SYNC_TRUTH,sequence=97009,truth_tick_us=194435584,mechanical_angle_rad=4.879592896,valid=1,read_failures=0"
dengfoc,"SYNC_TRUTH,sequence=97010,truth_tick_us=194437588,mechanical_angle_rad=4.879592896,valid=1,read_failures=0"
dengfoc,"SYNC_TRUTH,sequence=97011,truth_tick_us=194439584,mechanical_angle_rad=4.879592896,valid=1,read_failures=0"
dengfoc,"SYNC_TRUTH,sequence=97012,truth_tick_us=194441588,mechanical_angle_rad=4.879592896,valid=1,read_failures=0"
dengfoc,"SYNC_TRUTH,sequence=97013,truth_tick_us=194443584,mechanical_angle_rad=4.879592896,valid=1,read_failures=0"
dengfoc,"SYNC_TRUTH,sequence=97014,truth_tick_us=194445588,mechanical_angle_rad=4.879592896,valid=1,read_failures=0"
dengfoc,"SYNC_TRUTH,sequence=97015,truth_tick_us=194447584,mechanical_angle_rad=4.879592896,valid=1,read_failures=0"
dengfoc,"SYNC_TRUTH,sequence=97016,truth_tick_us=194449588,mechanical_angle_rad=4.879592896,valid=1,read_failures=0"
g431,msh >
dengfoc,"SYNC_TRUTH,sequence=97017,truth_tick_us=194451584,mechanical_angle_rad=4.879592896,valid=1,read_failures=0"
dengfoc,"SYNC_TRUTH,sequence=97018,truth_tick_us=194453588,mechanical_angle_rad=4.879592896,valid=1,read_failures=0"
dengfoc,"SYNC_TRUTH,sequence=97019,truth_tick_us=194455584,mechanical_angle_rad=4.879592896,valid=1,read_failures=0"
dengfoc,"SYNC_TRUTH,sequence=97020,truth_tick_us=194457588,mechanical_angle_rad=4.879592896,valid=1,read_failures=0"
dengfoc,"SYNC_TRUTH,sequence=97021,truth_tick_us=194459584,mechanical_angle_rad=4.879592896,valid=1,read_failures=0"
dengfoc,"SYNC_TRUTH,sequence=97022,truth_tick_us=194461588,mechanical_angle_rad=4.879592896,valid=1,read_failures=0"
dengfoc,"SYNC_TRUTH,sequence=97023,truth_tick_us=194463584,mechanical_angle_rad=4.881126881,valid=1,read_failures=0"
dengfoc,"SYNC_TRUTH,sequence=97024,truth_tick_us=194465588,mechanical_angle_rad=4.879592896,valid=1,read_failures=0"
dengfoc,"SYNC_TRUTH,sequence=97025,truth_tick_us=194467584,mechanical_angle_rad=4.879592896,valid=1,read_failures=0"
dengfoc,"SYNC_TRUTH,sequence=97026,truth_tick_us=194469588,mechanical_angle_rad=4.879592896,valid=1,read_failures=0"
dengfoc,"SYNC_TRUTH,sequence=97027,truth_tick_us=194471584,mechanical_angle_rad=4.881126881,valid=1,read_failures=0"
dengfoc,"SYNC_TRUTH,sequence=97028,truth_tick_us=194473588,mechanical_angle_rad=4.879592896,valid=1,read_failures=0"
dengfoc,"SYNC_TRUTH,sequence=97029,truth_tick_us=194475584,mechanical_angle_rad=4.879592896,valid=1,read_failures=0"
dengfoc,"SYNC_TRUTH,sequence=97030,truth_tick_us=194477588,mechanical_angle_rad=4.879592896,valid=1,read_failures=0"
dengfoc,"SYNC_TRUTH,sequence=97031,truth_tick_us=194479584,mechanical_angle_rad=4.879592896,valid=1,read_failures=0"
dengfoc,"SYNC_TRUTH,sequence=97032,truth_tick_us=194481588,mechanical_angle_rad=4.879592896,valid=1,read_failures=0"
dengfoc,"SYNC_TRUTH,sequence=97033,truth_tick_us=194483584,mechanical_angle_rad=4.879592896,valid=1,read_failures=0"
dengfoc,"SYNC_TRUTH,sequence=97034,truth_tick_us=194485588,mechanical_angle_rad=4.881126881,valid=1,read_failures=0"
dengfoc,"SYNC_TRUTH,sequence=97035,truth_tick_us=194487584,mechanical_angle_rad=4.879592896,valid=1,read_failures=0"
dengfoc,"SYNC_TRUTH,sequence=97036,truth_tick_us=194489588,mechanical_angle_rad=4.879592896,valid=1,read_failures=0"
dengfoc,"SYNC_TRUTH,sequence=97037,truth_tick_us=194491584,mechanical_angle_rad=4.879592896,valid=1,read_failures=0"
dengfoc,"SYNC_TRUTH,sequence=97038,truth_tick_us=194493588,mechanical_angle_rad=4.879592896,valid=1,read_failures=0"
dengfoc,"SYNC_TRUTH,sequence=97039,truth_tick_us=194495584,mechanical_angle_rad=4.879592896,valid=1,read_failures=0"
dengfoc,"SYNC_TRUTH,sequence=97040,truth_tick_us=194497588,mechanical_angle_rad=4.879592896,valid=1,read_failures=0"
dengfoc,"SYNC_TRUTH,sequence=97041,truth_tick_us=194499584,mechanical_angle_rad=4.879592896,valid=1,read_failures=0"
dengfoc,"SYNC_TRUTH,sequence=97042,truth_tick_us=194501588,mechanical_angle_rad=4.881126881,valid=1,read_failures=0"
dengfoc,"SYNC_TRUTH,sequence=97043,truth_tick_us=194503584,mechanical_angle_rad=4.879592896,valid=1,read_failures=0"
dengfoc,"SYNC_TRUTH,sequence=97044,truth_tick_us=194505588,mechanical_angle_rad=4.879592896,valid=1,read_failures=0"
dengfoc,"SYNC_TRUTH,sequence=97045,truth_tick_us=194507584,mechanical_angle_rad=4.879592896,valid=1,read_failures=0"
dengfoc,"SYNC_TRUTH,sequence=97046,truth_tick_us=194509588,mechanical_angle_rad=4.879592896,valid=1,read_failures=0"
dengfoc,"SYNC_TRUTH,sequence=97047,truth_tick_us=194511584,mechanical_angle_rad=4.881126881,valid=1,read_failures=0"
dengfoc,"SYNC_TRUTH,sequence=97048,truth_tick_us=194513588,mechanical_angle_rad=4.881126881,valid=1,read_failures=0"
dengfoc,"SYNC_TRUTH,sequence=97049,truth_tick_us=194515584,mechanical_angle_rad=4.881126881,valid=1,read_failures=0"
dengfoc,"SYNC_TRUTH,sequence=97050,truth_tick_us=194517588,mechanical_angle_rad=4.879592896,valid=1,read_failures=0"
dengfoc,"SYNC_TRUTH,sequence=97051,truth_tick_us=194519584,mechanical_angle_rad=4.879592896,valid=1,read_failures=0"
dengfoc,"SYNC_TRUTH,sequence=97052,truth_tick_us=194521588,mechanical_angle_rad=4.879592896,valid=1,read_failures=0"
dengfoc,"SYNC_TRUTH,sequence=97053,truth_tick_us=194523584,mechanical_angle_rad=4.879592896,valid=1,read_failures=0"
dengfoc,"SYNC_TRUTH,sequence=97054,truth_tick_us=194525588,mechanical_angle_rad=4.879592896,valid=1,read_failures=0"
dengfoc,"SYNC_TRUTH,sequence=97055,truth_tick_us=194527584,mechanical_angle_rad=4.879592896,valid=1,read_failures=0"
dengfoc,"SYNC_TRUTH,sequence=97056,truth_tick_us=194529588,mechanical_angle_rad=4.879592896,valid=1,read_failures=0"
dengfoc,"SYNC_TRUTH,sequence=97057,truth_tick_us=194531584,mechanical_angle_rad=4.881126881,valid=1,read_failures=0"
dengfoc,"SYNC_TRUTH,sequence=97058,truth_tick_us=194533588,mechanical_angle_rad=4.879592896,valid=1,read_failures=0"
dengfoc,"SYNC_TRUTH,sequence=97059,truth_tick_us=194535584,mechanical_angle_rad=4.879592896,valid=1,read_failures=0"
dengfoc,"SYNC_TRUTH,sequence=97060,truth_tick_us=194537588,mechanical_angle_rad=4.881126881,valid=1,read_failures=0"
dengfoc,"SYNC_TRUTH,sequence=97061,truth_tick_us=194539584,mechanical_angle_rad=4.879592896,valid=1,read_failures=0"
dengfoc,"SYNC_TRUTH,sequence=97062,truth_tick_us=194541588,mechanical_angle_rad=4.881126881,valid=1,read_failures=0"
dengfoc,"SYNC_TRUTH,sequence=97063,truth_tick_us=194543584,mechanical_angle_rad=4.881126881,valid=1,read_failures=0"
dengfoc,"SYNC_TRUTH,sequence=97064,truth_tick_us=194545588,mechanical_angle_rad=4.879592896,valid=1,read_failures=0"
dengfoc,"SYNC_TRUTH,sequence=97065,truth_tick_us=194547584,mechanical_angle_rad=4.881126881,valid=1,read_failures=0"
dengfoc,"SYNC_TRUTH,sequence=97066,truth_tick_us=194549588,mechanical_angle_rad=4.881126881,valid=1,read_failures=0"
dengfoc,"SYNC_TRUTH,sequence=97067,truth_tick_us=194551584,mechanical_angle_rad=4.879592896,valid=1,read_failures=0"
dengfoc,"SYNC_TRUTH,sequence=97068,truth_tick_us=194553588,mechanical_angle_rad=4.881126881,valid=1,read_failures=0"
dengfoc,"SYNC_TRUTH,sequence=97069,truth_tick_us=194555584,mechanical_angle_rad=4.879592896,valid=1,read_failures=0"
dengfoc,"SYNC_TRUTH,sequence=97070,truth_tick_us=194557588,mechanical_angle_rad=4.879592896,valid=1,read_failures=0"
dengfoc,"SYNC_TRUTH,sequence=97071,truth_tick_us=194559584,mechanical_angle_rad=4.879592896,valid=1,read_failures=0"
dengfoc,"SYNC_TRUTH,sequence=97072,truth_tick_us=194561588,mechanical_angle_rad=4.879592896,valid=1,read_failures=0"
dengfoc,"SYNC_TRUTH,sequence=97073,truth_tick_us=194563584,mechanical_angle_rad=4.881126881,valid=1,read_failures=0"
dengfoc,"SYNC_TRUTH,sequence=97074,truth_tick_us=194565588,mechanical_angle_rad=4.879592896,valid=1,read_failures=0"
dengfoc,"SYNC_TRUTH,sequence=97075,truth_tick_us=194567584,mechanical_angle_rad=4.879592896,valid=1,read_failures=0"
dengfoc,"SYNC_TRUTH,sequence=97076,truth_tick_us=194569588,mechanical_angle_rad=4.879592896,valid=1,read_failures=0"
dengfoc,"SYNC_TRUTH,sequence=97077,truth_tick_us=194571584,mechanical_angle_rad=4.879592896,valid=1,read_failures=0"
dengfoc,"SYNC_TRUTH,sequence=97078,truth_tick_us=194573588,mechanical_angle_rad=4.879592896,valid=1,read_failures=0"
dengfoc,"SYNC_TRUTH,sequence=97079,truth_tick_us=194575584,mechanical_angle_rad=4.881126881,valid=1,read_failures=0"
dengfoc,"SYNC_TRUTH,sequence=97080,truth_tick_us=194577588,mechanical_angle_rad=4.881126881,valid=1,read_failures=0"
dengfoc,"SYNC_TRUTH,sequence=97081,truth_tick_us=194579584,mechanical_angle_rad=4.879592896,valid=1,read_failures=0"
dengfoc,"SYNC_TRUTH,sequence=97082,truth_tick_us=194581588,mechanical_angle_rad=4.881126881,valid=1,read_failures=0"
dengfoc,"SYNC_TRUTH,sequence=97083,truth_tick_us=194583584,mechanical_angle_rad=4.879592896,valid=1,read_failures=0"
dengfoc,"SYNC_TRUTH,sequence=97084,truth_tick_us=194585588,mechanical_angle_rad=4.881126881,valid=1,read_failures=0"
dengfoc,"SYNC_TRUTH,sequence=97085,truth_tick_us=194587584,mechanical_angle_rad=4.879592896,valid=1,read_failures=0"
dengfoc,"SYNC_TRUTH,sequence=97086,truth_tick_us=194589588,mechanical_angle_rad=4.879592896,valid=1,read_failures=0"
dengfoc,"SYNC_TRUTH,sequence=97087,truth_tick_us=194591584,mechanical_angle_rad=4.881126881,valid=1,read_failures=0"
dengfoc,"SYNC_TRUTH,sequence=97088,truth_tick_us=194593588,mechanical_angle_rad=4.881126881,valid=1,read_failures=0"
dengfoc,"SYNC_TRUTH,sequence=97089,truth_tick_us=194595584,mechanical_angle_rad=4.879592896,valid=1,read_failures=0"
dengfoc,"SYNC_TRUTH,sequence=97090,truth_tick_us=194597588,mechanical_angle_rad=4.879592896,valid=1,read_failures=0"
dengfoc,"SYNC_TRUTH,sequence=97091,truth_tick_us=194599584,mechanical_angle_rad=4.879592896,valid=1,read_failures=0"
dengfoc,"SYNC_TRUTH,sequence=97092,truth_tick_us=194601588,mechanical_angle_rad=4.879592896,valid=1,read_failures=0"
dengfoc,"SYNC_TRUTH,sequence=97093,truth_tick_us=194603584,mechanical_angle_rad=4.879592896,valid=1,read_failures=0"
dengfoc,"SYNC_TRUTH,sequence=97094,truth_tick_us=194605588,mechanical_angle_rad=4.879592896,valid=1,read_failures=0"
dengfoc,"SYNC_TRUTH,sequence=97095,truth_tick_us=194607584,mechanical_angle_rad=4.881126881,valid=1,read_failures=0"
dengfoc,"SYNC_TRUTH,sequence=97096,truth_tick_us=194609588,mechanical_angle_rad=4.881126881,valid=1,read_failures=0"
dengfoc,"SYNC_TRUTH,sequence=97097,truth_tick_us=194611584,mechanical_angle_rad=4.881126881,valid=1,read_failures=0"
dengfoc,"SYNC_TRUTH,sequence=97098,truth_tick_us=194613588,mechanical_angle_rad=4.881126881,valid=1,read_failures=0"
dengfoc,"SYNC_TRUTH,sequence=97099,truth_tick_us=194615584,mechanical_angle_rad=4.879592896,valid=1,read_failures=0"
dengfoc,"SYNC_TRUTH,sequence=97100,truth_tick_us=194617588,mechanical_angle_rad=4.879592896,valid=1,read_failures=0"
dengfoc,"SYNC_TRUTH,sequence=97101,truth_tick_us=194619584,mechanical_angle_rad=4.881126881,valid=1,read_failures=0"
dengfoc,"SYNC_TRUTH,sequence=97102,truth_tick_us=194621588,mechanical_angle_rad=4.879592896,valid=1,read_failures=0"
dengfoc,"SYNC_TRUTH,sequence=97103,truth_tick_us=194623584,mechanical_angle_rad=4.881126881,valid=1,read_failures=0"
dengfoc,"SYNC_TRUTH,sequence=97104,truth_tick_us=194625588,mechanical_angle_rad=4.879592896,valid=1,read_failures=0"
dengfoc,"SYNC_TRUTH,sequence=97105,truth_tick_us=194627584,mechanical_angle_rad=4.879592896,valid=1,read_failures=0"
dengfoc,"SYNC_TRUTH,sequence=97106,truth_tick_us=194629588,mechanical_angle_rad=4.879592896,valid=1,read_failures=0"
dengfoc,"SYNC_TRUTH,sequence=97107,truth_tick_us=194631584,mechanical_angle_rad=4.879592896,valid=1,read_failures=0"
dengfoc,"SYNC_TRUTH,sequence=97108,truth_tick_us=194633588,mechanical_angle_rad=4.879592896,valid=1,read_failures=0"
dengfoc,"SYNC_TRUTH,sequence=97109,truth_tick_us=194635584,mechanical_angle_rad=4.879592896,valid=1,read_failures=0"
dengfoc,"SYNC_TRUTH,sequence=97110,truth_tick_us=194637588,mechanical_angle_rad=4.879592896,valid=1,read_failures=0"
dengfoc,"SYNC_TRUTH,sequence=97111,truth_tick_us=194639584,mechanical_angle_rad=4.879592896,valid=1,read_failures=0"
dengfoc,"SYNC_TRUTH,sequence=97112,truth_tick_us=194641588,mechanical_angle_rad=4.881126881,valid=1,read_failures=0"
dengfoc,"SYNC_TRUTH,sequence=97113,truth_tick_us=194643584,mechanical_angle_rad=4.879592896,valid=1,read_failures=0"
dengfoc,"SYNC_TRUTH,sequence=97114,truth_tick_us=194645588,mechanical_angle_rad=4.881126881,valid=1,read_failures=0"
dengfoc,"SYNC_TRUTH,sequence=97115,truth_tick_us=194647584,mechanical_angle_rad=4.881126881,valid=1,read_failures=0"
dengfoc,"SYNC_TRUTH,sequence=97116,truth_tick_us=194649588,mechanical_angle_rad=4.881126881,valid=1,read_failures=0"
dengfoc,"SYNC_TRUTH,sequence=97117,truth_tick_us=194651584,mechanical_angle_rad=4.881126881,valid=1,read_failures=0"
dengfoc,"SYNC_TRUTH,sequence=97118,truth_tick_us=194653588,mechanical_angle_rad=4.879592896,valid=1,read_failures=0"
dengfoc,"SYNC_TRUTH,sequence=97119,truth_tick_us=194655584,mechanical_angle_rad=4.879592896,valid=1,read_failures=0"
dengfoc,"SYNC_TRUTH,sequence=97120,truth_tick_us=194657588,mechanical_angle_rad=4.881126881,valid=1,read_failures=0"
dengfoc,"SYNC_TRUTH,sequence=97121,truth_tick_us=194659584,mechanical_angle_rad=4.879592896,valid=1,read_failures=0"
dengfoc,"SYNC_TRUTH,sequence=97122,truth_tick_us=194661588,mechanical_angle_rad=4.881126881,valid=1,read_failures=0"
dengfoc,"SYNC_TRUTH,sequence=97123,truth_tick_us=194663584,mechanical_angle_rad=4.879592896,valid=1,read_failures=0"
dengfoc,"SYNC_TRUTH,sequence=97124,truth_tick_us=194665588,mechanical_angle_rad=4.879592896,valid=1,read_failures=0"
dengfoc,"SYNC_TRUTH,sequence=97125,truth_tick_us=194667584,mechanical_angle_rad=4.879592896,valid=1,read_failures=0"
dengfoc,"SYNC_TRUTH,sequence=97126,truth_tick_us=194669588,mechanical_angle_rad=4.879592896,valid=1,read_failures=0"
dengfoc,"SYNC_TRUTH,sequence=97127,truth_tick_us=194671584,mechanical_angle_rad=4.879592896,valid=1,read_failures=0"
dengfoc,"SYNC_TRUTH,sequence=97128,truth_tick_us=194673588,mechanical_angle_rad=4.881126881,valid=1,read_failures=0"
dengfoc,"SYNC_TRUTH,sequence=97129,truth_tick_us=194675584,mechanical_angle_rad=4.881126881,valid=1,read_failures=0"
dengfoc,"SYNC_TRUTH,sequence=97130,truth_tick_us=194677588,mechanical_angle_rad=4.879592896,valid=1,read_failures=0"
dengfoc,"SYNC_TRUTH,sequence=97131,truth_tick_us=194679584,mechanical_angle_rad=4.881126881,valid=1,read_failures=0"
dengfoc,"SYNC_TRUTH,sequence=97132,truth_tick_us=194681588,mechanical_angle_rad=4.879592896,valid=1,read_failures=0"
dengfoc,"SYNC_TRUTH,sequence=97133,truth_tick_us=194683584,mechanical_angle_rad=4.879592896,valid=1,read_failures=0"
dengfoc,"SYNC_TRUTH,sequence=97134,truth_tick_us=194685588,mechanical_angle_rad=4.879592896,valid=1,read_failures=0"
dengfoc,"SYNC_TRUTH,sequence=97135,truth_tick_us=194687584,mechanical_angle_rad=4.881126881,valid=1,read_failures=0"
dengfoc,"SYNC_TRUTH,sequence=97136,truth_tick_us=194689588,mechanical_angle_rad=4.879592896,valid=1,read_failures=0"
dengfoc,"SYNC_TRUTH,sequence=97137,truth_tick_us=194691584,mechanical_angle_rad=4.879592896,valid=1,read_failures=0"
dengfoc,"SYNC_TRUTH,sequence=97138,truth_tick_us=194693588,mechanical_angle_rad=4.879592896,valid=1,read_failures=0"
dengfoc,"SYNC_TRUTH,sequence=97139,truth_tick_us=194695584,mechanical_angle_rad=4.879592896,valid=1,read_failures=0"
dengfoc,"SYNC_TRUTH,sequence=97140,truth_tick_us=194697588,mechanical_angle_rad=4.879592896,valid=1,read_failures=0"
dengfoc,"SYNC_TRUTH,sequence=97141,truth_tick_us=194699584,mechanical_angle_rad=4.879592896,valid=1,read_failures=0"
dengfoc,"SYNC_TRUTH,sequence=97142,truth_tick_us=194701588,mechanical_angle_rad=4.879592896,valid=1,read_failures=0"
dengfoc,"SYNC_TRUTH,sequence=97143,truth_tick_us=194703584,mechanical_angle_rad=4.879592896,valid=1,read_failures=0"
dengfoc,"SYNC_TRUTH,sequence=97144,truth_tick_us=194705588,mechanical_angle_rad=4.881126881,valid=1,read_failures=0"
dengfoc,"SYNC_TRUTH,sequence=97145,truth_tick_us=194707584,mechanical_angle_rad=4.879592896,valid=1,read_failures=0"
dengfoc,"SYNC_TRUTH,sequence=97146,truth_tick_us=194709588,mechanical_angle_rad=4.879592896,valid=1,read_failures=0"
dengfoc,"SYNC_TRUTH,sequence=97147,truth_tick_us=194711584,mechanical_angle_rad=4.879592896,valid=1,read_failures=0"
dengfoc,"SYNC_TRUTH,sequence=97148,truth_tick_us=194713588,mechanical_angle_rad=4.879592896,valid=1,read_failures=0"
dengfoc,"SYNC_TRUTH,sequence=97149,truth_tick_us=194715584,mechanical_angle_rad=4.879592896,valid=1,read_failures=0"
dengfoc,"SYNC_TRUTH,sequence=97150,truth_tick_us=194717588,mechanical_angle_rad=4.881126881,valid=1,read_failures=0"
dengfoc,"SYNC_TRUTH,sequence=97151,truth_tick_us=194719584,mechanical_angle_rad=4.881126881,valid=1,read_failures=0"
dengfoc,"SYNC_TRUTH,sequence=97152,truth_tick_us=194721588,mechanical_angle_rad=4.879592896,valid=1,read_failures=0"
dengfoc,"SYNC_TRUTH,sequence=97153,truth_tick_us=194723584,mechanical_angle_rad=4.881126881,valid=1,read_failures=0"
dengfoc,"SYNC_TRUTH,sequence=97154,truth_tick_us=194725588,mechanical_angle_rad=4.879592896,valid=1,read_failures=0"
dengfoc,"SYNC_TRUTH,sequence=97155,truth_tick_us=194727584,mechanical_angle_rad=4.879592896,valid=1,read_failures=0"
dengfoc,"SYNC_TRUTH,sequence=97156,truth_tick_us=194729588,mechanical_angle_rad=4.881126881,valid=1,read_failures=0"
dengfoc,"SYNC_TRUTH,sequence=97157,truth_tick_us=194731584,mechanical_angle_rad=4.881126881,valid=1,read_failures=0"
dengfoc,"SYNC_TRUTH,sequence=97158,truth_tick_us=194733588,mechanical_angle_rad=4.881126881,valid=1,read_failures=0"
dengfoc,"SYNC_TRUTH,sequence=97159,truth_tick_us=194735584,mechanical_angle_rad=4.879592896,valid=1,read_failures=0"
g431,foc_h3_sync_send 20261004 129 229
dengfoc,"SYNC_TRUTH,sequence=97160,truth_tick_us=194737588,mechanical_angle_rad=4.879592896,valid=1,read_failures=0"
dengfoc,"SYNC_TRUTH,sequence=97161,truth_tick_us=194739584,mechanical_angle_rad=4.879592896,valid=1,read_failures=0"
dengfoc,"SYNC_TRUTH,sequence=97162,truth_tick_us=194741588,mechanical_angle_rad=4.879592896,valid=1,read_failures=0"
g431,"FH3_SYNC_SEND,1,196608,2,52,51,0,51,0,0,4294967295,0,20261004,129,229,0,36,0,0,0"
dengfoc,"SYNC_TRUTH,sequence=97163,truth_tick_us=194743584,mechanical_angle_rad=4.879592896,valid=1,read_failures=0"
g431,msh >
dengfoc,"SYNC_TRUTH,sequence=97164,truth_tick_us=194745588,mechanical_angle_rad=4.879592896,valid=1,read_failures=0"
dengfoc,"SYNC_TRUTH,sequence=97165,truth_tick_us=194747584,mechanical_angle_rad=4.879592896,valid=1,read_failures=0"
dengfoc,"SYNC_ANCHOR_RX,session=20261004,edge_sequence=129,edge_tag=229,truth_tick_us=194738831,source=2,flags=0x00000003"
dengfoc,"SYNC_TRUTH,sequence=97166,truth_tick_us=194750592,mechanical_angle_rad=4.879592896,valid=1,read_failures=0"
dengfoc,"SYNC_TRUTH,sequence=97167,truth_tick_us=194752584,mechanical_angle_rad=4.879592896,valid=1,read_failures=0"
dengfoc,"SYNC_TRUTH,sequence=97168,truth_tick_us=194754588,mechanical_angle_rad=4.879592896,valid=1,read_failures=0"
dengfoc,"SYNC_TRUTH,sequence=97169,truth_tick_us=194756584,mechanical_angle_rad=4.879592896,valid=1,read_failures=0"
dengfoc,"SYNC_TRUTH,sequence=97170,truth_tick_us=194758588,mechanical_angle_rad=4.881126881,valid=1,read_failures=0"
dengfoc,"SYNC_TRUTH,sequence=97171,truth_tick_us=194760584,mechanical_angle_rad=4.879592896,valid=1,read_failures=0"
dengfoc,"SYNC_TRUTH,sequence=97172,truth_tick_us=194762588,mechanical_angle_rad=4.879592896,valid=1,read_failures=0"
dengfoc,"SYNC_TRUTH,sequence=97173,truth_tick_us=194764584,mechanical_angle_rad=4.879592896,valid=1,read_failures=0"
dengfoc,"SYNC_TRUTH,sequence=97174,truth_tick_us=194766588,mechanical_angle_rad=4.879592896,valid=1,read_failures=0"
dengfoc,"SYNC_TRUTH,sequence=97175,truth_tick_us=194768584,mechanical_angle_rad=4.879592896,valid=1,read_failures=0"
dengfoc,"SYNC_TRUTH,sequence=97176,truth_tick_us=194770588,mechanical_angle_rad=4.879592896,valid=1,read_failures=0"
dengfoc,"SYNC_TRUTH,sequence=97177,truth_tick_us=194772584,mechanical_angle_rad=4.879592896,valid=1,read_failures=0"
g431,msh >
dengfoc,"SYNC_TRUTH,sequence=97178,truth_tick_us=194774588,mechanical_angle_rad=4.879592896,valid=1,read_failures=0"
dengfoc,"SYNC_TRUTH,sequence=97179,truth_tick_us=194776584,mechanical_angle_rad=4.881126881,valid=1,read_failures=0"
dengfoc,"SYNC_TRUTH,sequence=97180,truth_tick_us=194778588,mechanical_angle_rad=4.881126881,valid=1,read_failures=0"
dengfoc,"SYNC_TRUTH,sequence=97181,truth_tick_us=194780584,mechanical_angle_rad=4.879592896,valid=1,read_failures=0"
dengfoc,"SYNC_TRUTH,sequence=97182,truth_tick_us=194782588,mechanical_angle_rad=4.879592896,valid=1,read_failures=0"
dengfoc,"SYNC_TRUTH,sequence=97183,truth_tick_us=194784584,mechanical_angle_rad=4.879592896,valid=1,read_failures=0"
dengfoc,"SYNC_TRUTH,sequence=97184,truth_tick_us=194786588,mechanical_angle_rad=4.879592896,valid=1,read_failures=0"
dengfoc,"SYNC_TRUTH,sequence=97185,truth_tick_us=194788584,mechanical_angle_rad=4.879592896,valid=1,read_failures=0"
dengfoc,"SYNC_TRUTH,sequence=97186,truth_tick_us=194790588,mechanical_angle_rad=4.881126881,valid=1,read_failures=0"
dengfoc,"SYNC_TRUTH,sequence=97187,truth_tick_us=194792584,mechanical_angle_rad=4.879592896,valid=1,read_failures=0"
dengfoc,"SYNC_TRUTH,sequence=97188,truth_tick_us=194794588,mechanical_angle_rad=4.879592896,valid=1,read_failures=0"
dengfoc,"SYNC_TRUTH,sequence=97189,truth_tick_us=194796584,mechanical_angle_rad=4.879592896,valid=1,read_failures=0"
dengfoc,"SYNC_TRUTH,sequence=97190,truth_tick_us=194798588,mechanical_angle_rad=4.881126881,valid=1,read_failures=0"
dengfoc,"SYNC_TRUTH,sequence=97191,truth_tick_us=194800584,mechanical_angle_rad=4.879592896,valid=1,read_failures=0"
dengfoc,"SYNC_TRUTH,sequence=97192,truth_tick_us=194802588,mechanical_angle_rad=4.879592896,valid=1,read_failures=0"
dengfoc,"SYNC_TRUTH,sequence=97193,truth_tick_us=194804584,mechanical_angle_rad=4.879592896,valid=1,read_failures=0"
dengfoc,"SYNC_TRUTH,sequence=97194,truth_tick_us=194806588,mechanical_angle_rad=4.881126881,valid=1,read_failures=0"
dengfoc,"SYNC_TRUTH,sequence=97195,truth_tick_us=194808584,mechanical_angle_rad=4.879592896,valid=1,read_failures=0"
dengfoc,"SYNC_TRUTH,sequence=97196,truth_tick_us=194810588,mechanical_angle_rad=4.879592896,valid=1,read_failures=0"
dengfoc,"SYNC_TRUTH,sequence=97197,truth_tick_us=194812584,mechanical_angle_rad=4.881126881,valid=1,read_failures=0"
dengfoc,"SYNC_TRUTH,sequence=97198,truth_tick_us=194814588,mechanical_angle_rad=4.879592896,valid=1,read_failures=0"
dengfoc,"SYNC_TRUTH,sequence=97199,truth_tick_us=194816584,mechanical_angle_rad=4.879592896,valid=1,read_failures=0"
dengfoc,"SYNC_TRUTH,sequence=97200,truth_tick_us=194818588,mechanical_angle_rad=4.881126881,valid=1,read_failures=0"
dengfoc,"SYNC_TRUTH,sequence=97201,truth_tick_us=194820584,mechanical_angle_rad=4.879592896,valid=1,read_failures=0"
dengfoc,"SYNC_TRUTH,sequence=97202,truth_tick_us=194822588,mechanical_angle_rad=4.879592896,valid=1,read_failures=0"
dengfoc,"SYNC_TRUTH,sequence=97203,truth_tick_us=194824584,mechanical_angle_rad=4.879592896,valid=1,read_failures=0"
dengfoc,"SYNC_TRUTH,sequence=97204,truth_tick_us=194826588,mechanical_angle_rad=4.881126881,valid=1,read_failures=0"
dengfoc,"SYNC_TRUTH,sequence=97205,truth_tick_us=194828584,mechanical_angle_rad=4.879592896,valid=1,read_failures=0"
dengfoc,"SYNC_TRUTH,sequence=97206,truth_tick_us=194830588,mechanical_angle_rad=4.881126881,valid=1,read_failures=0"
dengfoc,"SYNC_TRUTH,sequence=97207,truth_tick_us=194832584,mechanical_angle_rad=4.879592896,valid=1,read_failures=0"
dengfoc,"SYNC_TRUTH,sequence=97208,truth_tick_us=194834588,mechanical_angle_rad=4.879592896,valid=1,read_failures=0"
dengfoc,"SYNC_TRUTH,sequence=97209,truth_tick_us=194836584,mechanical_angle_rad=4.879592896,valid=1,read_failures=0"
dengfoc,"SYNC_TRUTH,sequence=97210,truth_tick_us=194838588,mechanical_angle_rad=4.881126881,valid=1,read_failures=0"
dengfoc,"SYNC_TRUTH,sequence=97211,truth_tick_us=194840584,mechanical_angle_rad=4.879592896,valid=1,read_failures=0"
dengfoc,"SYNC_TRUTH,sequence=97212,truth_tick_us=194842588,mechanical_angle_rad=4.879592896,valid=1,read_failures=0"
dengfoc,"SYNC_TRUTH,sequence=97213,truth_tick_us=194844584,mechanical_angle_rad=4.879592896,valid=1,read_failures=0"
dengfoc,"SYNC_TRUTH,sequence=97214,truth_tick_us=194846588,mechanical_angle_rad=4.881126881,valid=1,read_failures=0"
dengfoc,"SYNC_TRUTH,sequence=97215,truth_tick_us=194848584,mechanical_angle_rad=4.879592896,valid=1,read_failures=0"
dengfoc,"SYNC_TRUTH,sequence=97216,truth_tick_us=194850588,mechanical_angle_rad=4.879592896,valid=1,read_failures=0"
dengfoc,"SYNC_TRUTH,sequence=97217,truth_tick_us=194852584,mechanical_angle_rad=4.879592896,valid=1,read_failures=0"
dengfoc,"SYNC_TRUTH,sequence=97218,truth_tick_us=194854588,mechanical_angle_rad=4.879592896,valid=1,read_failures=0"
dengfoc,"SYNC_TRUTH,sequence=97219,truth_tick_us=194856584,mechanical_angle_rad=4.879592896,valid=1,read_failures=0"
dengfoc,"SYNC_TRUTH,sequence=97220,truth_tick_us=194858588,mechanical_angle_rad=4.881126881,valid=1,read_failures=0"
dengfoc,"SYNC_TRUTH,sequence=97221,truth_tick_us=194860584,mechanical_angle_rad=4.879592896,valid=1,read_failures=0"
dengfoc,"SYNC_TRUTH,sequence=97222,truth_tick_us=194862588,mechanical_angle_rad=4.879592896,valid=1,read_failures=0"
dengfoc,"SYNC_TRUTH,sequence=97223,truth_tick_us=194864584,mechanical_angle_rad=4.881126881,valid=1,read_failures=0"
dengfoc,"SYNC_TRUTH,sequence=97224,truth_tick_us=194866588,mechanical_angle_rad=4.879592896,valid=1,read_failures=0"
dengfoc,"SYNC_TRUTH,sequence=97225,truth_tick_us=194868584,mechanical_angle_rad=4.879592896,valid=1,read_failures=0"
dengfoc,"SYNC_TRUTH,sequence=97226,truth_tick_us=194870588,mechanical_angle_rad=4.879592896,valid=1,read_failures=0"
dengfoc,"SYNC_TRUTH,sequence=97227,truth_tick_us=194872584,mechanical_angle_rad=4.879592896,valid=1,read_failures=0"
dengfoc,"SYNC_TRUTH,sequence=97228,truth_tick_us=194874588,mechanical_angle_rad=4.881126881,valid=1,read_failures=0"
dengfoc,"SYNC_TRUTH,sequence=97229,truth_tick_us=194876584,mechanical_angle_rad=4.881126881,valid=1,read_failures=0"
dengfoc,"SYNC_TRUTH,sequence=97230,truth_tick_us=194878588,mechanical_angle_rad=4.881126881,valid=1,read_failures=0"
dengfoc,"SYNC_TRUTH,sequence=97231,truth_tick_us=194880584,mechanical_angle_rad=4.881126881,valid=1,read_failures=0"
dengfoc,"SYNC_TRUTH,sequence=97232,truth_tick_us=194882588,mechanical_angle_rad=4.879592896,valid=1,read_failures=0"
dengfoc,"SYNC_TRUTH,sequence=97233,truth_tick_us=194884584,mechanical_angle_rad=4.879592896,valid=1,read_failures=0"
dengfoc,"SYNC_TRUTH,sequence=97234,truth_tick_us=194886588,mechanical_angle_rad=4.879592896,valid=1,read_failures=0"
dengfoc,"SYNC_TRUTH,sequence=97235,truth_tick_us=194888584,mechanical_angle_rad=4.879592896,valid=1,read_failures=0"
dengfoc,"SYNC_TRUTH,sequence=97236,truth_tick_us=194890588,mechanical_angle_rad=4.879592896,valid=1,read_failures=0"
dengfoc,"SYNC_TRUTH,sequence=97237,truth_tick_us=194892584,mechanical_angle_rad=4.879592896,valid=1,read_failures=0"
dengfoc,"SYNC_TRUTH,sequence=97238,truth_tick_us=194894588,mechanical_angle_rad=4.881126881,valid=1,read_failures=0"
dengfoc,"SYNC_TRUTH,sequence=97239,truth_tick_us=194896584,mechanical_angle_rad=4.879592896,valid=1,read_failures=0"
dengfoc,"SYNC_TRUTH,sequence=97240,truth_tick_us=194898588,mechanical_angle_rad=4.881126881,valid=1,read_failures=0"
dengfoc,"SYNC_TRUTH,sequence=97241,truth_tick_us=194900584,mechanical_angle_rad=4.879592896,valid=1,read_failures=0"
dengfoc,"SYNC_TRUTH,sequence=97242,truth_tick_us=194902588,mechanical_angle_rad=4.879592896,valid=1,read_failures=0"
dengfoc,"SYNC_TRUTH,sequence=97243,truth_tick_us=194904584,mechanical_angle_rad=4.879592896,valid=1,read_failures=0"
dengfoc,"SYNC_TRUTH,sequence=97244,truth_tick_us=194906588,mechanical_angle_rad=4.879592896,valid=1,read_failures=0"
dengfoc,"SYNC_TRUTH,sequence=97245,truth_tick_us=194908584,mechanical_angle_rad=4.879592896,valid=1,read_failures=0"
dengfoc,"SYNC_TRUTH,sequence=97246,truth_tick_us=194910588,mechanical_angle_rad=4.879592896,valid=1,read_failures=0"
dengfoc,"SYNC_TRUTH,sequence=97247,truth_tick_us=194912584,mechanical_angle_rad=4.881126881,valid=1,read_failures=0"
dengfoc,"SYNC_TRUTH,sequence=97248,truth_tick_us=194914588,mechanical_angle_rad=4.881126881,valid=1,read_failures=0"
dengfoc,"SYNC_TRUTH,sequence=97249,truth_tick_us=194916584,mechanical_angle_rad=4.879592896,valid=1,read_failures=0"
dengfoc,"SYNC_TRUTH,sequence=97250,truth_tick_us=194918588,mechanical_angle_rad=4.879592896,valid=1,read_failures=0"
dengfoc,"SYNC_TRUTH,sequence=97251,truth_tick_us=194920584,mechanical_angle_rad=4.881126881,valid=1,read_failures=0"
dengfoc,"SYNC_TRUTH,sequence=97252,truth_tick_us=194922588,mechanical_angle_rad=4.879592896,valid=1,read_failures=0"
dengfoc,"SYNC_TRUTH,sequence=97253,truth_tick_us=194924584,mechanical_angle_rad=4.879592896,valid=1,read_failures=0"
dengfoc,"SYNC_TRUTH,sequence=97254,truth_tick_us=194926588,mechanical_angle_rad=4.879592896,valid=1,read_failures=0"
dengfoc,"SYNC_TRUTH,sequence=97255,truth_tick_us=194928584,mechanical_angle_rad=4.879592896,valid=1,read_failures=0"
dengfoc,"SYNC_TRUTH,sequence=97256,truth_tick_us=194930588,mechanical_angle_rad=4.879592896,valid=1,read_failures=0"
dengfoc,"SYNC_TRUTH,sequence=97257,truth_tick_us=194932584,mechanical_angle_rad=4.879592896,valid=1,read_failures=0"
dengfoc,"SYNC_TRUTH,sequence=97258,truth_tick_us=194934588,mechanical_angle_rad=4.879592896,valid=1,read_failures=0"
dengfoc,"SYNC_TRUTH,sequence=97259,truth_tick_us=194936584,mechanical_angle_rad=4.881126881,valid=1,read_failures=0"
dengfoc,"SYNC_TRUTH,sequence=97260,truth_tick_us=194938588,mechanical_angle_rad=4.881126881,valid=1,read_failures=0"
dengfoc,"SYNC_TRUTH,sequence=97261,truth_tick_us=194940584,mechanical_angle_rad=4.879592896,valid=1,read_failures=0"
dengfoc,"SYNC_TRUTH,sequence=97262,truth_tick_us=194942588,mechanical_angle_rad=4.881126881,valid=1,read_failures=0"
dengfoc,"SYNC_TRUTH,sequence=97263,truth_tick_us=194944584,mechanical_angle_rad=4.881126881,valid=1,read_failures=0"
dengfoc,"SYNC_TRUTH,sequence=97264,truth_tick_us=194946588,mechanical_angle_rad=4.879592896,valid=1,read_failures=0"
dengfoc,"SYNC_TRUTH,sequence=97265,truth_tick_us=194948584,mechanical_angle_rad=4.879592896,valid=1,read_failures=0"
dengfoc,"SYNC_TRUTH,sequence=97266,truth_tick_us=194950588,mechanical_angle_rad=4.879592896,valid=1,read_failures=0"
dengfoc,"SYNC_TRUTH,sequence=97267,truth_tick_us=194952584,mechanical_angle_rad=4.879592896,valid=1,read_failures=0"
dengfoc,"SYNC_TRUTH,sequence=97268,truth_tick_us=194954588,mechanical_angle_rad=4.879592896,valid=1,read_failures=0"
dengfoc,"SYNC_TRUTH,sequence=97269,truth_tick_us=194956584,mechanical_angle_rad=4.881126881,valid=1,read_failures=0"
dengfoc,"SYNC_TRUTH,sequence=97270,truth_tick_us=194958588,mechanical_angle_rad=4.881126881,valid=1,read_failures=0"
dengfoc,"SYNC_TRUTH,sequence=97271,truth_tick_us=194960584,mechanical_angle_rad=4.879592896,valid=1,read_failures=0"
dengfoc,"SYNC_TRUTH,sequence=97272,truth_tick_us=194962588,mechanical_angle_rad=4.879592896,valid=1,read_failures=0"
dengfoc,"SYNC_TRUTH,sequence=97273,truth_tick_us=194964584,mechanical_angle_rad=4.881126881,valid=1,read_failures=0"
dengfoc,"SYNC_TRUTH,sequence=97274,truth_tick_us=194966588,mechanical_angle_rad=4.879592896,valid=1,read_failures=0"
dengfoc,"SYNC_TRUTH,sequence=97275,truth_tick_us=194968584,mechanical_angle_rad=4.879592896,valid=1,read_failures=0"
dengfoc,"SYNC_TRUTH,sequence=97276,truth_tick_us=194970588,mechanical_angle_rad=4.879592896,valid=1,read_failures=0"
dengfoc,"SYNC_TRUTH,sequence=97277,truth_tick_us=194972584,mechanical_angle_rad=4.879592896,valid=1,read_failures=0"
dengfoc,"SYNC_TRUTH,sequence=97278,truth_tick_us=194974588,mechanical_angle_rad=4.879592896,valid=1,read_failures=0"
dengfoc,"SYNC_TRUTH,sequence=97279,truth_tick_us=194976584,mechanical_angle_rad=4.879592896,valid=1,read_failures=0"
dengfoc,"SYNC_TRUTH,sequence=97280,truth_tick_us=194978588,mechanical_angle_rad=4.879592896,valid=1,read_failures=0"
dengfoc,"SYNC_TRUTH,sequence=97281,truth_tick_us=194980584,mechanical_angle_rad=4.879592896,valid=1,read_failures=0"
dengfoc,"SYNC_TRUTH,sequence=97282,truth_tick_us=194982588,mechanical_angle_rad=4.879592896,valid=1,read_failures=0"
dengfoc,"SYNC_TRUTH,sequence=97283,truth_tick_us=194984584,mechanical_angle_rad=4.881126881,valid=1,read_failures=0"
dengfoc,"SYNC_TRUTH,sequence=97284,truth_tick_us=194986588,mechanical_angle_rad=4.881126881,valid=1,read_failures=0"
dengfoc,"SYNC_TRUTH,sequence=97285,truth_tick_us=194988584,mechanical_angle_rad=4.881126881,valid=1,read_failures=0"
dengfoc,"SYNC_TRUTH,sequence=97286,truth_tick_us=194990588,mechanical_angle_rad=4.879592896,valid=1,read_failures=0"
dengfoc,"SYNC_TRUTH,sequence=97287,truth_tick_us=194992584,mechanical_angle_rad=4.879592896,valid=1,read_failures=0"
dengfoc,"SYNC_TRUTH,sequence=97288,truth_tick_us=194994588,mechanical_angle_rad=4.879592896,valid=1,read_failures=0"
dengfoc,"SYNC_TRUTH,sequence=97289,truth_tick_us=194996584,mechanical_angle_rad=4.881126881,valid=1,read_failures=0"
dengfoc,"SYNC_TRUTH,sequence=97290,truth_tick_us=194998588,mechanical_angle_rad=4.879592896,valid=1,read_failures=0"
dengfoc,"SYNC_TRUTH,sequence=97291,truth_tick_us=195000584,mechanical_angle_rad=4.879592896,valid=1,read_failures=0"
dengfoc,"SYNC_TRUTH,sequence=97292,truth_tick_us=195002588,mechanical_angle_rad=4.881126881,valid=1,read_failures=0"
dengfoc,"SYNC_TRUTH,sequence=97293,truth_tick_us=195004584,mechanical_angle_rad=4.879592896,valid=1,read_failures=0"
dengfoc,"SYNC_TRUTH,sequence=97294,truth_tick_us=195006588,mechanical_angle_rad=4.879592896,valid=1,read_failures=0"
dengfoc,"SYNC_TRUTH,sequence=97295,truth_tick_us=195008584,mechanical_angle_rad=4.881126881,valid=1,read_failures=0"
dengfoc,"SYNC_TRUTH,sequence=97296,truth_tick_us=195010588,mechanical_angle_rad=4.879592896,valid=1,read_failures=0"
dengfoc,"SYNC_TRUTH,sequence=97297,truth_tick_us=195012584,mechanical_angle_rad=4.879592896,valid=1,read_failures=0"
dengfoc,"SYNC_TRUTH,sequence=97298,truth_tick_us=195014588,mechanical_angle_rad=4.879592896,valid=1,read_failures=0"
dengfoc,"SYNC_TRUTH,sequence=97299,truth_tick_us=195016584,mechanical_angle_rad=4.879592896,valid=1,read_failures=0"
dengfoc,"SYNC_TRUTH,sequence=97300,truth_tick_us=195018588,mechanical_angle_rad=4.879592896,valid=1,read_failures=0"
dengfoc,"SYNC_TRUTH,sequence=97301,truth_tick_us=195020584,mechanical_angle_rad=4.879592896,valid=1,read_failures=0"
dengfoc,"SYNC_TRUTH,sequence=97302,truth_tick_us=195022588,mechanical_angle_rad=4.881126881,valid=1,read_failures=0"
dengfoc,"SYNC_TRUTH,sequence=97303,truth_tick_us=195024584,mechanical_angle_rad=4.879592896,valid=1,read_failures=0"
dengfoc,"SYNC_TRUTH,sequence=97304,truth_tick_us=195026588,mechanical_angle_rad=4.881126881,valid=1,read_failures=0"
dengfoc,"SYNC_TRUTH,sequence=97305,truth_tick_us=195028584,mechanical_angle_rad=4.879592896,valid=1,read_failures=0"
dengfoc,"SYNC_TRUTH,sequence=97306,truth_tick_us=195030588,mechanical_angle_rad=4.879592896,valid=1,read_failures=0"
dengfoc,"SYNC_TRUTH,sequence=97307,truth_tick_us=195032584,mechanical_angle_rad=4.879592896,valid=1,read_failures=0"
dengfoc,"SYNC_TRUTH,sequence=97308,truth_tick_us=195034588,mechanical_angle_rad=4.881126881,valid=1,read_failures=0"
dengfoc,"SYNC_TRUTH,sequence=97309,truth_tick_us=195036584,mechanical_angle_rad=4.879592896,valid=1,read_failures=0"
dengfoc,"SYNC_TRUTH,sequence=97310,truth_tick_us=195038588,mechanical_angle_rad=4.879592896,valid=1,read_failures=0"
dengfoc,"SYNC_TRUTH,sequence=97311,truth_tick_us=195040584,mechanical_angle_rad=4.879592896,valid=1,read_failures=0"
dengfoc,"SYNC_TRUTH,sequence=97312,truth_tick_us=195042588,mechanical_angle_rad=4.879592896,valid=1,read_failures=0"
dengfoc,"SYNC_TRUTH,sequence=97313,truth_tick_us=195044584,mechanical_angle_rad=4.879592896,valid=1,read_failures=0"
dengfoc,"SYNC_TRUTH,sequence=97314,truth_tick_us=195046588,mechanical_angle_rad=4.879592896,valid=1,read_failures=0"
dengfoc,"SYNC_TRUTH,sequence=97315,truth_tick_us=195048584,mechanical_angle_rad=4.879592896,valid=1,read_failures=0"
dengfoc,"SYNC_TRUTH,sequence=97316,truth_tick_us=195050588,mechanical_angle_rad=4.879592896,valid=1,read_failures=0"
dengfoc,"SYNC_TRUTH,sequence=97317,truth_tick_us=195052584,mechanical_angle_rad=4.879592896,valid=1,read_failures=0"
dengfoc,"SYNC_TRUTH,sequence=97318,truth_tick_us=195054588,mechanical_angle_rad=4.879592896,valid=1,read_failures=0"
dengfoc,"SYNC_TRUTH,sequence=97319,truth_tick_us=195056584,mechanical_angle_rad=4.879592896,valid=1,read_failures=0"
dengfoc,"SYNC_TRUTH,sequence=97320,truth_tick_us=195058588,mechanical_angle_rad=4.879592896,valid=1,read_failures=0"
dengfoc,"SYNC_TRUTH,sequence=97321,truth_tick_us=195060584,mechanical_angle_rad=4.881126881,valid=1,read_failures=0"
dengfoc,"SYNC_TRUTH,sequence=97322,truth_tick_us=195062588,mechanical_angle_rad=4.881126881,valid=1,read_failures=0"
dengfoc,"SYNC_TRUTH,sequence=97323,truth_tick_us=195064584,mechanical_angle_rad=4.879592896,valid=1,read_failures=0"
dengfoc,"SYNC_TRUTH,sequence=97324,truth_tick_us=195066588,mechanical_angle_rad=4.879592896,valid=1,read_failures=0"
dengfoc,"SYNC_TRUTH,sequence=97325,truth_tick_us=195068584,mechanical_angle_rad=4.879592896,valid=1,read_failures=0"
dengfoc,"SYNC_TRUTH,sequence=97326,truth_tick_us=195070588,mechanical_angle_rad=4.879592896,valid=1,read_failures=0"
dengfoc,"SYNC_TRUTH,sequence=97327,truth_tick_us=195072584,mechanical_angle_rad=4.881126881,valid=1,read_failures=0"
dengfoc,"SYNC_TRUTH,sequence=97328,truth_tick_us=195074588,mechanical_angle_rad=4.879592896,valid=1,read_failures=0"
dengfoc,"SYNC_TRUTH,sequence=97329,truth_tick_us=195076584,mechanical_angle_rad=4.879592896,valid=1,read_failures=0"
dengfoc,"SYNC_TRUTH,sequence=97330,truth_tick_us=195078588,mechanical_angle_rad=4.879592896,valid=1,read_failures=0"
dengfoc,"SYNC_TRUTH,sequence=97331,truth_tick_us=195080584,mechanical_angle_rad=4.879592896,valid=1,read_failures=0"
dengfoc,"SYNC_TRUTH,sequence=97332,truth_tick_us=195082588,mechanical_angle_rad=4.881126881,valid=1,read_failures=0"
dengfoc,"SYNC_TRUTH,sequence=97333,truth_tick_us=195084584,mechanical_angle_rad=4.879592896,valid=1,read_failures=0"
dengfoc,"SYNC_TRUTH,sequence=97334,truth_tick_us=195086588,mechanical_angle_rad=4.879592896,valid=1,read_failures=0"
dengfoc,"SYNC_TRUTH,sequence=97335,truth_tick_us=195088584,mechanical_angle_rad=4.879592896,valid=1,read_failures=0"
dengfoc,"SYNC_TRUTH,sequence=97336,truth_tick_us=195090588,mechanical_angle_rad=4.879592896,valid=1,read_failures=0"
dengfoc,"SYNC_TRUTH,sequence=97337,truth_tick_us=195092584,mechanical_angle_rad=4.879592896,valid=1,read_failures=0"
dengfoc,"SYNC_TRUTH,sequence=97338,truth_tick_us=195094588,mechanical_angle_rad=4.879592896,valid=1,read_failures=0"
dengfoc,"SYNC_TRUTH,sequence=97339,truth_tick_us=195096584,mechanical_angle_rad=4.879592896,valid=1,read_failures=0"
dengfoc,"SYNC_TRUTH,sequence=97340,truth_tick_us=195098588,mechanical_angle_rad=4.881126881,valid=1,read_failures=0"
dengfoc,"SYNC_TRUTH,sequence=97341,truth_tick_us=195100584,mechanical_angle_rad=4.879592896,valid=1,read_failures=0"
dengfoc,"SYNC_TRUTH,sequence=97342,truth_tick_us=195102588,mechanical_angle_rad=4.879592896,valid=1,read_failures=0"
g431,foc_h3_sync_status
dengfoc,"SYNC_TRUTH,sequence=97343,truth_tick_us=195104584,mechanical_angle_rad=4.879592896,valid=1,read_failures=0"
dengfoc,"SYNC_TRUTH,sequence=97344,truth_tick_us=195106588,mechanical_angle_rad=4.879592896,valid=1,read_failures=0"
dengfoc,"SYNC_TRUTH,sequence=97345,truth_tick_us=195108584,mechanical_angle_rad=4.879592896,valid=1,read_failures=0"
dengfoc,"SYNC_TRUTH,sequence=97346,truth_tick_us=195110588,mechanical_angle_rad=4.881126881,valid=1,read_failures=0"
dengfoc,"SYNC_TRUTH,sequence=97347,truth_tick_us=195112584,mechanical_angle_rad=4.881126881,valid=1,read_failures=0"
g431,"FH3_SYNC_STATUS,1,196608,3,52,52,0,52,102,3462002579,15706998,7,20261004,129,229,0,37,100,3462002458,-121"
g431,msh >
dengfoc,"SYNC_TRUTH,sequence=97348,truth_tick_us=195114588,mechanical_angle_rad=4.881126881,valid=1,read_failures=0"
dengfoc,"SYNC_TRUTH,sequence=97349,truth_tick_us=195116584,mechanical_angle_rad=4.879592896,valid=1,read_failures=0"
dengfoc,"SYNC_TRUTH,sequence=97350,truth_tick_us=195118588,mechanical_angle_rad=4.881126881,valid=1,read_failures=0"
dengfoc,"SYNC_TRUTH,sequence=97351,truth_tick_us=195120584,mechanical_angle_rad=4.879592896,valid=1,read_failures=0"
dengfoc,"SYNC_TRUTH,sequence=97352,truth_tick_us=195122588,mechanical_angle_rad=4.879592896,valid=1,read_failures=0"
dengfoc,"SYNC_TRUTH,sequence=97353,truth_tick_us=195124584,mechanical_angle_rad=4.879592896,valid=1,read_failures=0"
dengfoc,"SYNC_TRUTH,sequence=97354,truth_tick_us=195126588,mechanical_angle_rad=4.881126881,valid=1,read_failures=0"
dengfoc,"SYNC_TRUTH,sequence=97355,truth_tick_us=195128584,mechanical_angle_rad=4.879592896,valid=1,read_failures=0"
dengfoc,"SYNC_TRUTH,sequence=97356,truth_tick_us=195130588,mechanical_angle_rad=4.879592896,valid=1,read_failures=0"
dengfoc,"SYNC_TRUTH,sequence=97357,truth_tick_us=195132584,mechanical_angle_rad=4.881126881,valid=1,read_failures=0"
dengfoc,"SYNC_TRUTH,sequence=97358,truth_tick_us=195134588,mechanical_angle_rad=4.881126881,valid=1,read_failures=0"
g431,msh >
dengfoc,"SYNC_TRUTH,sequence=97359,truth_tick_us=195136584,mechanical_angle_rad=4.881126881,valid=1,read_failures=0"
dengfoc,"SYNC_TRUTH,sequence=97360,truth_tick_us=195138588,mechanical_angle_rad=4.879592896,valid=1,read_failures=0"
dengfoc,"SYNC_TRUTH,sequence=97361,truth_tick_us=195140584,mechanical_angle_rad=4.881126881,valid=1,read_failures=0"
dengfoc,"SYNC_TRUTH,sequence=97362,truth_tick_us=195142588,mechanical_angle_rad=4.881126881,valid=1,read_failures=0"
dengfoc,"SYNC_TRUTH,sequence=97363,truth_tick_us=195144584,mechanical_angle_rad=4.879592896,valid=1,read_failures=0"
dengfoc,"SYNC_TRUTH,sequence=97364,truth_tick_us=195146588,mechanical_angle_rad=4.879592896,valid=1,read_failures=0"
dengfoc,"SYNC_TRUTH,sequence=97365,truth_tick_us=195148584,mechanical_angle_rad=4.879592896,valid=1,read_failures=0"
dengfoc,"SYNC_TRUTH,sequence=97366,truth_tick_us=195150588,mechanical_angle_rad=4.879592896,valid=1,read_failures=0"
dengfoc,"SYNC_TRUTH,sequence=97367,truth_tick_us=195152584,mechanical_angle_rad=4.881126881,valid=1,read_failures=0"
dengfoc,"SYNC_TRUTH,sequence=97368,truth_tick_us=195154588,mechanical_angle_rad=4.881126881,valid=1,read_failures=0"
dengfoc,"SYNC_TRUTH,sequence=97369,truth_tick_us=195156584,mechanical_angle_rad=4.879592896,valid=1,read_failures=0"
dengfoc,"SYNC_TRUTH,sequence=97370,truth_tick_us=195158588,mechanical_angle_rad=4.879592896,valid=1,read_failures=0"
dengfoc,"SYNC_TRUTH,sequence=97371,truth_tick_us=195160584,mechanical_angle_rad=4.879592896,valid=1,read_failures=0"
dengfoc,"SYNC_TRUTH,sequence=97372,truth_tick_us=195162588,mechanical_angle_rad=4.881126881,valid=1,read_failures=0"
dengfoc,"SYNC_TRUTH,sequence=97373,truth_tick_us=195164584,mechanical_angle_rad=4.879592896,valid=1,read_failures=0"
dengfoc,"SYNC_TRUTH,sequence=97374,truth_tick_us=195166588,mechanical_angle_rad=4.879592896,valid=1,read_failures=0"
dengfoc,"SYNC_TRUTH,sequence=97375,truth_tick_us=195168584,mechanical_angle_rad=4.879592896,valid=1,read_failures=0"
dengfoc,"SYNC_TRUTH,sequence=97376,truth_tick_us=195170588,mechanical_angle_rad=4.879592896,valid=1,read_failures=0"
dengfoc,"SYNC_TRUTH,sequence=97377,truth_tick_us=195172584,mechanical_angle_rad=4.879592896,valid=1,read_failures=0"
dengfoc,"SYNC_TRUTH,sequence=97378,truth_tick_us=195174588,mechanical_angle_rad=4.881126881,valid=1,read_failures=0"
dengfoc,"SYNC_TRUTH,sequence=97379,truth_tick_us=195176584,mechanical_angle_rad=4.879592896,valid=1,read_failures=0"
dengfoc,"SYNC_TRUTH,sequence=97380,truth_tick_us=195178588,mechanical_angle_rad=4.879592896,valid=1,read_failures=0"
dengfoc,"SYNC_TRUTH,sequence=97381,truth_tick_us=195180584,mechanical_angle_rad=4.881126881,valid=1,read_failures=0"
dengfoc,"SYNC_TRUTH,sequence=97382,truth_tick_us=195182588,mechanical_angle_rad=4.879592896,valid=1,read_failures=0"
dengfoc,"SYNC_TRUTH,sequence=97383,truth_tick_us=195184584,mechanical_angle_rad=4.879592896,valid=1,read_failures=0"
dengfoc,"SYNC_TRUTH,sequence=97384,truth_tick_us=195186588,mechanical_angle_rad=4.879592896,valid=1,read_failures=0"
dengfoc,"SYNC_TRUTH,sequence=97385,truth_tick_us=195188584,mechanical_angle_rad=4.879592896,valid=1,read_failures=0"
dengfoc,"SYNC_TRUTH,sequence=97386,truth_tick_us=195190588,mechanical_angle_rad=4.879592896,valid=1,read_failures=0"
dengfoc,"SYNC_STATUS,frames=10,frame_fail=0,truth=97386,truth_fail=0,idle=0,capture_state=1,capture_failure=0,rejected=0,overflow=0,driver_disabled=1"
dengfoc,"SYNC_TRUTH,sequence=97387,truth_tick_us=195193588,mechanical_angle_rad=4.881126881,valid=1,read_failures=0"
dengfoc,"SYNC_TRUTH,sequence=97388,truth_tick_us=195195588,mechanical_angle_rad=4.879592896,valid=1,read_failures=0"
dengfoc,"SYNC_TRUTH,sequence=97389,truth_tick_us=195197584,mechanical_angle_rad=4.879592896,valid=1,read_failures=0"
dengfoc,"SYNC_TRUTH,sequence=97390,truth_tick_us=195199588,mechanical_angle_rad=4.879592896,valid=1,read_failures=0"
dengfoc,"SYNC_TRUTH,sequence=97391,truth_tick_us=195201584,mechanical_angle_rad=4.879592896,valid=1,read_failures=0"
dengfoc,"SYNC_TRUTH,sequence=97392,truth_tick_us=195203588,mechanical_angle_rad=4.879592896,valid=1,read_failures=0"
dengfoc,"SYNC_TRUTH,sequence=97393,truth_tick_us=195205584,mechanical_angle_rad=4.879592896,valid=1,read_failures=0"
dengfoc,"SYNC_TRUTH,sequence=97394,truth_tick_us=195207588,mechanical_angle_rad=4.881126881,valid=1,read_failures=0"
dengfoc,"SYNC_TRUTH,sequence=97395,truth_tick_us=195209584,mechanical_angle_rad=4.881126881,valid=1,read_failures=0"
dengfoc,"SYNC_TRUTH,sequence=97396,truth_tick_us=195211588,mechanical_angle_rad=4.881126881,valid=1,read_failures=0"
dengfoc,"SYNC_TRUTH,sequence=97397,truth_tick_us=195213584,mechanical_angle_rad=4.881126881,valid=1,read_failures=0"
dengfoc,"SYNC_TRUTH,sequence=97398,truth_tick_us=195215588,mechanical_angle_rad=4.881126881,valid=1,read_failures=0"
dengfoc,"SYNC_TRUTH,sequence=97399,truth_tick_us=195217584,mechanical_angle_rad=4.881126881,valid=1,read_failures=0"
dengfoc,"SYNC_TRUTH,sequence=97400,truth_tick_us=195219588,mechanical_angle_rad=4.879592896,valid=1,read_failures=0"
dengfoc,"SYNC_TRUTH,sequence=97401,truth_tick_us=195221584,mechanical_angle_rad=4.879592896,valid=1,read_failures=0"
dengfoc,"SYNC_TRUTH,sequence=97402,truth_tick_us=195223588,mechanical_angle_rad=4.881126881,valid=1,read_failures=0"
dengfoc,"SYNC_TRUTH,sequence=97403,truth_tick_us=195225584,mechanical_angle_rad=4.879592896,valid=1,read_failures=0"
dengfoc,"SYNC_TRUTH,sequence=97404,truth_tick_us=195227588,mechanical_angle_rad=4.879592896,valid=1,read_failures=0"
dengfoc,"SYNC_TRUTH,sequence=97405,truth_tick_us=195229584,mechanical_angle_rad=4.881126881,valid=1,read_failures=0"
dengfoc,"SYNC_TRUTH,sequence=97406,truth_tick_us=195231588,mechanical_angle_rad=4.881126881,valid=1,read_failures=0"
dengfoc,"SYNC_TRUTH,sequence=97407,truth_tick_us=195233584,mechanical_angle_rad=4.881126881,valid=1,read_failures=0"
dengfoc,"SYNC_TRUTH,sequence=97408,truth_tick_us=195235588,mechanical_angle_rad=4.879592896,valid=1,read_failures=0"
dengfoc,"SYNC_TRUTH,sequence=97409,truth_tick_us=195237584,mechanical_angle_rad=4.879592896,valid=1,read_failures=0"
dengfoc,"SYNC_TRUTH,sequence=97410,truth_tick_us=195239588,mechanical_angle_rad=4.879592896,valid=1,read_failures=0"
dengfoc,"SYNC_TRUTH,sequence=97411,truth_tick_us=195241584,mechanical_angle_rad=4.879592896,valid=1,read_failures=0"
dengfoc,"SYNC_TRUTH,sequence=97412,truth_tick_us=195243588,mechanical_angle_rad=4.879592896,valid=1,read_failures=0"
dengfoc,"SYNC_TRUTH,sequence=97413,truth_tick_us=195245584,mechanical_angle_rad=4.881126881,valid=1,read_failures=0"
dengfoc,"SYNC_TRUTH,sequence=97414,truth_tick_us=195247588,mechanical_angle_rad=4.881126881,valid=1,read_failures=0"
dengfoc,"SYNC_TRUTH,sequence=97415,truth_tick_us=195249584,mechanical_angle_rad=4.881126881,valid=1,read_failures=0"
dengfoc,"SYNC_TRUTH,sequence=97416,truth_tick_us=195251588,mechanical_angle_rad=4.879592896,valid=1,read_failures=0"
dengfoc,"SYNC_TRUTH,sequence=97417,truth_tick_us=195253584,mechanical_angle_rad=4.879592896,valid=1,read_failures=0"
dengfoc,"SYNC_TRUTH,sequence=97418,truth_tick_us=195255588,mechanical_angle_rad=4.879592896,valid=1,read_failures=0"
dengfoc,"SYNC_TRUTH,sequence=97419,truth_tick_us=195257584,mechanical_angle_rad=4.881126881,valid=1,read_failures=0"
dengfoc,"SYNC_TRUTH,sequence=97420,truth_tick_us=195259588,mechanical_angle_rad=4.881126881,valid=1,read_failures=0"
dengfoc,"SYNC_TRUTH,sequence=97421,truth_tick_us=195261584,mechanical_angle_rad=4.879592896,valid=1,read_failures=0"
dengfoc,"SYNC_TRUTH,sequence=97422,truth_tick_us=195263588,mechanical_angle_rad=4.879592896,valid=1,read_failures=0"
dengfoc,"SYNC_TRUTH,sequence=97423,truth_tick_us=195265584,mechanical_angle_rad=4.879592896,valid=1,read_failures=0"
dengfoc,"SYNC_TRUTH,sequence=97424,truth_tick_us=195267588,mechanical_angle_rad=4.879592896,valid=1,read_failures=0"
dengfoc,"SYNC_TRUTH,sequence=97425,truth_tick_us=195269584,mechanical_angle_rad=4.879592896,valid=1,read_failures=0"
dengfoc,"SYNC_TRUTH,sequence=97426,truth_tick_us=195271588,mechanical_angle_rad=4.879592896,valid=1,read_failures=0"
dengfoc,"SYNC_TRUTH,sequence=97427,truth_tick_us=195273584,mechanical_angle_rad=4.879592896,valid=1,read_failures=0"
dengfoc,"SYNC_TRUTH,sequence=97428,truth_tick_us=195275588,mechanical_angle_rad=4.881126881,valid=1,read_failures=0"
dengfoc,"SYNC_TRUTH,sequence=97429,truth_tick_us=195277584,mechanical_angle_rad=4.879592896,valid=1,read_failures=0"
dengfoc,"SYNC_TRUTH,sequence=97430,truth_tick_us=195279588,mechanical_angle_rad=4.879592896,valid=1,read_failures=0"
dengfoc,"SYNC_TRUTH,sequence=97431,truth_tick_us=195281584,mechanical_angle_rad=4.881126881,valid=1,read_failures=0"
dengfoc,"SYNC_TRUTH,sequence=97432,truth_tick_us=195283588,mechanical_angle_rad=4.881126881,valid=1,read_failures=0"
dengfoc,"SYNC_TRUTH,sequence=97433,truth_tick_us=195285584,mechanical_angle_rad=4.879592896,valid=1,read_failures=0"
dengfoc,"SYNC_TRUTH,sequence=97434,truth_tick_us=195287588,mechanical_angle_rad=4.879592896,valid=1,read_failures=0"
dengfoc,"SYNC_TRUTH,sequence=97435,truth_tick_us=195289584,mechanical_angle_rad=4.879592896,valid=1,read_failures=0"
dengfoc,"SYNC_TRUTH,sequence=97436,truth_tick_us=195291588,mechanical_angle_rad=4.879592896,valid=1,read_failures=0"
dengfoc,"SYNC_TRUTH,sequence=97437,truth_tick_us=195293584,mechanical_angle_rad=4.881126881,valid=1,read_failures=0"
dengfoc,"SYNC_TRUTH,sequence=97438,truth_tick_us=195295588,mechanical_angle_rad=4.879592896,valid=1,read_failures=0"
dengfoc,"SYNC_TRUTH,sequence=97439,truth_tick_us=195297584,mechanical_angle_rad=4.879592896,valid=1,read_failures=0"
dengfoc,"SYNC_TRUTH,sequence=97440,truth_tick_us=195299588,mechanical_angle_rad=4.879592896,valid=1,read_failures=0"
dengfoc,"SYNC_TRUTH,sequence=97441,truth_tick_us=195301584,mechanical_angle_rad=4.879592896,valid=1,read_failures=0"
dengfoc,"SYNC_TRUTH,sequence=97442,truth_tick_us=195303588,mechanical_angle_rad=4.879592896,valid=1,read_failures=0"
dengfoc,"SYNC_TRUTH,sequence=97443,truth_tick_us=195305584,mechanical_angle_rad=4.879592896,valid=1,read_failures=0"
dengfoc,"SYNC_TRUTH,sequence=97444,truth_tick_us=195307588,mechanical_angle_rad=4.879592896,valid=1,read_failures=0"
dengfoc,"SYNC_TRUTH,sequence=97445,truth_tick_us=195309584,mechanical_angle_rad=4.881126881,valid=1,read_failures=0"
dengfoc,"SYNC_TRUTH,sequence=97446,truth_tick_us=195311588,mechanical_angle_rad=4.879592896,valid=1,read_failures=0"
dengfoc,"SYNC_TRUTH,sequence=97447,truth_tick_us=195313584,mechanical_angle_rad=4.881126881,valid=1,read_failures=0"
dengfoc,"SYNC_TRUTH,sequence=97448,truth_tick_us=195315588,mechanical_angle_rad=4.879592896,valid=1,read_failures=0"
dengfoc,"SYNC_TRUTH,sequence=97449,truth_tick_us=195317584,mechanical_angle_rad=4.881126881,valid=1,read_failures=0"
dengfoc,"SYNC_TRUTH,sequence=97450,truth_tick_us=195319588,mechanical_angle_rad=4.881126881,valid=1,read_failures=0"
dengfoc,"SYNC_TRUTH,sequence=97451,truth_tick_us=195321584,mechanical_angle_rad=4.879592896,valid=1,read_failures=0"
dengfoc,"SYNC_TRUTH,sequence=97452,truth_tick_us=195323588,mechanical_angle_rad=4.879592896,valid=1,read_failures=0"
dengfoc,"SYNC_TRUTH,sequence=97453,truth_tick_us=195325584,mechanical_angle_rad=4.879592896,valid=1,read_failures=0"
dengfoc,"SYNC_TRUTH,sequence=97454,truth_tick_us=195327588,mechanical_angle_rad=4.881126881,valid=1,read_failures=0"
dengfoc,"SYNC_TRUTH,sequence=97455,truth_tick_us=195329584,mechanical_angle_rad=4.879592896,valid=1,read_failures=0"
dengfoc,"SYNC_TRUTH,sequence=97456,truth_tick_us=195331588,mechanical_angle_rad=4.879592896,valid=1,read_failures=0"
dengfoc,"SYNC_TRUTH,sequence=97457,truth_tick_us=195333584,mechanical_angle_rad=4.879592896,valid=1,read_failures=0"
dengfoc,"SYNC_TRUTH,sequence=97458,truth_tick_us=195335588,mechanical_angle_rad=4.879592896,valid=1,read_failures=0"
dengfoc,"SYNC_TRUTH,sequence=97459,truth_tick_us=195337584,mechanical_angle_rad=4.881126881,valid=1,read_failures=0"
dengfoc,"SYNC_TRUTH,sequence=97460,truth_tick_us=195339588,mechanical_angle_rad=4.879592896,valid=1,read_failures=0"
dengfoc,"SYNC_TRUTH,sequence=97461,truth_tick_us=195341584,mechanical_angle_rad=4.881126881,valid=1,read_failures=0"
dengfoc,"SYNC_TRUTH,sequence=97462,truth_tick_us=195343588,mechanical_angle_rad=4.881126881,valid=1,read_failures=0"
dengfoc,"SYNC_TRUTH,sequence=97463,truth_tick_us=195345584,mechanical_angle_rad=4.879592896,valid=1,read_failures=0"
dengfoc,"SYNC_TRUTH,sequence=97464,truth_tick_us=195347588,mechanical_angle_rad=4.879592896,valid=1,read_failures=0"
dengfoc,"SYNC_TRUTH,sequence=97465,truth_tick_us=195349584,mechanical_angle_rad=4.879592896,valid=1,read_failures=0"
dengfoc,"SYNC_TRUTH,sequence=97466,truth_tick_us=195351588,mechanical_angle_rad=4.879592896,valid=1,read_failures=0"
dengfoc,"SYNC_TRUTH,sequence=97467,truth_tick_us=195353584,mechanical_angle_rad=4.879592896,valid=1,read_failures=0"
dengfoc,"SYNC_TRUTH,sequence=97468,truth_tick_us=195355588,mechanical_angle_rad=4.879592896,valid=1,read_failures=0"
dengfoc,"SYNC_TRUTH,sequence=97469,truth_tick_us=195357584,mechanical_angle_rad=4.879592896,valid=1,read_failures=0"
dengfoc,"SYNC_TRUTH,sequence=97470,truth_tick_us=195359588,mechanical_angle_rad=4.879592896,valid=1,read_failures=0"
dengfoc,"SYNC_TRUTH,sequence=97471,truth_tick_us=195361584,mechanical_angle_rad=4.879592896,valid=1,read_failures=0"
dengfoc,"SYNC_TRUTH,sequence=97472,truth_tick_us=195363588,mechanical_angle_rad=4.879592896,valid=1,read_failures=0"
dengfoc,"SYNC_TRUTH,sequence=97473,truth_tick_us=195365584,mechanical_angle_rad=4.881126881,valid=1,read_failures=0"
dengfoc,"SYNC_TRUTH,sequence=97474,truth_tick_us=195367588,mechanical_angle_rad=4.881126881,valid=1,read_failures=0"
dengfoc,"SYNC_TRUTH,sequence=97475,truth_tick_us=195369584,mechanical_angle_rad=4.881126881,valid=1,read_failures=0"
dengfoc,"SYNC_TRUTH,sequence=97476,truth_tick_us=195371588,mechanical_angle_rad=4.879592896,valid=1,read_failures=0"
dengfoc,"SYNC_TRUTH,sequence=97477,truth_tick_us=195373584,mechanical_angle_rad=4.879592896,valid=1,read_failures=0"
dengfoc,"SYNC_TRUTH,sequence=97478,truth_tick_us=195375588,mechanical_angle_rad=4.879592896,valid=1,read_failures=0"
dengfoc,"SYNC_TRUTH,sequence=97479,truth_tick_us=195377584,mechanical_angle_rad=4.881126881,valid=1,read_failures=0"
dengfoc,"SYNC_TRUTH,sequence=97480,truth_tick_us=195379588,mechanical_angle_rad=4.881126881,valid=1,read_failures=0"
dengfoc,"SYNC_TRUTH,sequence=97481,truth_tick_us=195381584,mechanical_angle_rad=4.879592896,valid=1,read_failures=0"
dengfoc,"SYNC_TRUTH,sequence=97482,truth_tick_us=195383588,mechanical_angle_rad=4.879592896,valid=1,read_failures=0"
dengfoc,"SYNC_TRUTH,sequence=97483,truth_tick_us=195385584,mechanical_angle_rad=4.881126881,valid=1,read_failures=0"
dengfoc,"SYNC_TRUTH,sequence=97484,truth_tick_us=195387588,mechanical_angle_rad=4.879592896,valid=1,read_failures=0"
dengfoc,"SYNC_TRUTH,sequence=97485,truth_tick_us=195389584,mechanical_angle_rad=4.879592896,valid=1,read_failures=0"
dengfoc,"SYNC_TRUTH,sequence=97486,truth_tick_us=195391588,mechanical_angle_rad=4.879592896,valid=1,read_failures=0"
dengfoc,"SYNC_TRUTH,sequence=97487,truth_tick_us=195393584,mechanical_angle_rad=4.879592896,valid=1,read_failures=0"
dengfoc,"SYNC_TRUTH,sequence=97488,truth_tick_us=195395588,mechanical_angle_rad=4.879592896,valid=1,read_failures=0"
dengfoc,"SYNC_TRUTH,sequence=97489,truth_tick_us=195397584,mechanical_angle_rad=4.879592896,valid=1,read_failures=0"
dengfoc,"SYNC_TRUTH,sequence=97490,truth_tick_us=195399588,mechanical_angle_rad=4.879592896,valid=1,read_failures=0"
dengfoc,"SYNC_TRUTH,sequence=97491,truth_tick_us=195401584,mechanical_angle_rad=4.879592896,valid=1,read_failures=0"
dengfoc,"SYNC_TRUTH,sequence=97492,truth_tick_us=195403588,mechanical_angle_rad=4.881126881,valid=1,read_failures=0"
dengfoc,"SYNC_TRUTH,sequence=97493,truth_tick_us=195405584,mechanical_angle_rad=4.881126881,valid=1,read_failures=0"
dengfoc,"SYNC_TRUTH,sequence=97494,truth_tick_us=195407588,mechanical_angle_rad=4.881126881,valid=1,read_failures=0"
dengfoc,"SYNC_TRUTH,sequence=97495,truth_tick_us=195409584,mechanical_angle_rad=4.879592896,valid=1,read_failures=0"
dengfoc,"SYNC_TRUTH,sequence=97496,truth_tick_us=195411588,mechanical_angle_rad=4.879592896,valid=1,read_failures=0"
dengfoc,"SYNC_TRUTH,sequence=97497,truth_tick_us=195413584,mechanical_angle_rad=4.879592896,valid=1,read_failures=0"
dengfoc,"SYNC_TRUTH,sequence=97498,truth_tick_us=195415588,mechanical_angle_rad=4.881126881,valid=1,read_failures=0"
dengfoc,"SYNC_TRUTH,sequence=97499,truth_tick_us=195417584,mechanical_angle_rad=4.881126881,valid=1,read_failures=0"
dengfoc,"SYNC_TRUTH,sequence=97500,truth_tick_us=195419588,mechanical_angle_rad=4.879592896,valid=1,read_failures=0"
dengfoc,"SYNC_TRUTH,sequence=97501,truth_tick_us=195421584,mechanical_angle_rad=4.881126881,valid=1,read_failures=0"
g431,foc_h3_sync_send 20261004 130 230
dengfoc,"SYNC_TRUTH,sequence=97502,truth_tick_us=195423588,mechanical_angle_rad=4.879592896,valid=1,read_failures=0"
dengfoc,"SYNC_TRUTH,sequence=97503,truth_tick_us=195425584,mechanical_angle_rad=4.879592896,valid=1,read_failures=0"
dengfoc,"SYNC_TRUTH,sequence=97504,truth_tick_us=195427588,mechanical_angle_rad=4.881126881,valid=1,read_failures=0"
dengfoc,"SYNC_TRUTH,sequence=97505,truth_tick_us=195429584,mechanical_angle_rad=4.879592896,valid=1,read_failures=0"
g431,"FH3_SYNC_SEND,1,196608,2,53,52,0,52,0,0,4294967295,0,20261004,130,230,0,37,0,0,0"
g431,msh >
dengfoc,"SYNC_TRUTH,sequence=97506,truth_tick_us=195431590,mechanical_angle_rad=4.881126881,valid=1,read_failures=0"
dengfoc,"SYNC_TRUTH,sequence=97507,truth_tick_us=195433584,mechanical_angle_rad=4.879592896,valid=1,read_failures=0"
dengfoc,"SYNC_ANCHOR_RX,session=20261004,edge_sequence=130,edge_tag=230,truth_tick_us=195425947,source=2,flags=0x00000003"
dengfoc,"SYNC_TRUTH,sequence=97508,truth_tick_us=195436596,mechanical_angle_rad=4.881126881,valid=1,read_failures=0"
dengfoc,"SYNC_TRUTH,sequence=97509,truth_tick_us=195438584,mechanical_angle_rad=4.881126881,valid=1,read_failures=0"
dengfoc,"SYNC_TRUTH,sequence=97510,truth_tick_us=195440588,mechanical_angle_rad=4.879592896,valid=1,read_failures=0"
dengfoc,"SYNC_TRUTH,sequence=97511,truth_tick_us=195442584,mechanical_angle_rad=4.879592896,valid=1,read_failures=0"
dengfoc,"SYNC_TRUTH,sequence=97512,truth_tick_us=195444588,mechanical_angle_rad=4.879592896,valid=1,read_failures=0"
dengfoc,"SYNC_TRUTH,sequence=97513,truth_tick_us=195446584,mechanical_angle_rad=4.879592896,valid=1,read_failures=0"
dengfoc,"SYNC_TRUTH,sequence=97514,truth_tick_us=195448588,mechanical_angle_rad=4.879592896,valid=1,read_failures=0"
dengfoc,"SYNC_TRUTH,sequence=97515,truth_tick_us=195450584,mechanical_angle_rad=4.881126881,valid=1,read_failures=0"
dengfoc,"SYNC_TRUTH,sequence=97516,truth_tick_us=195452588,mechanical_angle_rad=4.879592896,valid=1,read_failures=0"
dengfoc,"SYNC_TRUTH,sequence=97517,truth_tick_us=195454584,mechanical_angle_rad=4.881126881,valid=1,read_failures=0"
dengfoc,"SYNC_TRUTH,sequence=97518,truth_tick_us=195456588,mechanical_angle_rad=4.879592896,valid=1,read_failures=0"
dengfoc,"SYNC_TRUTH,sequence=97519,truth_tick_us=195458584,mechanical_angle_rad=4.879592896,valid=1,read_failures=0"
dengfoc,"SYNC_TRUTH,sequence=97520,truth_tick_us=195460588,mechanical_angle_rad=4.879592896,valid=1,read_failures=0"
g431,msh >
dengfoc,"SYNC_TRUTH,sequence=97521,truth_tick_us=195462584,mechanical_angle_rad=4.879592896,valid=1,read_failures=0"
dengfoc,"SYNC_TRUTH,sequence=97522,truth_tick_us=195464588,mechanical_angle_rad=4.879592896,valid=1,read_failures=0"
dengfoc,"SYNC_TRUTH,sequence=97523,truth_tick_us=195466584,mechanical_angle_rad=4.881126881,valid=1,read_failures=0"
dengfoc,"SYNC_TRUTH,sequence=97524,truth_tick_us=195468588,mechanical_angle_rad=4.879592896,valid=1,read_failures=0"
dengfoc,"SYNC_TRUTH,sequence=97525,truth_tick_us=195470584,mechanical_angle_rad=4.879592896,valid=1,read_failures=0"
dengfoc,"SYNC_TRUTH,sequence=97526,truth_tick_us=195472588,mechanical_angle_rad=4.879592896,valid=1,read_failures=0"
dengfoc,"SYNC_TRUTH,sequence=97527,truth_tick_us=195474584,mechanical_angle_rad=4.879592896,valid=1,read_failures=0"
dengfoc,"SYNC_TRUTH,sequence=97528,truth_tick_us=195476588,mechanical_angle_rad=4.881126881,valid=1,read_failures=0"
dengfoc,"SYNC_TRUTH,sequence=97529,truth_tick_us=195478584,mechanical_angle_rad=4.879592896,valid=1,read_failures=0"
dengfoc,"SYNC_TRUTH,sequence=97530,truth_tick_us=195480588,mechanical_angle_rad=4.881126881,valid=1,read_failures=0"
dengfoc,"SYNC_TRUTH,sequence=97531,truth_tick_us=195482584,mechanical_angle_rad=4.881126881,valid=1,read_failures=0"
dengfoc,"SYNC_TRUTH,sequence=97532,truth_tick_us=195484588,mechanical_angle_rad=4.879592896,valid=1,read_failures=0"
dengfoc,"SYNC_TRUTH,sequence=97533,truth_tick_us=195486584,mechanical_angle_rad=4.879592896,valid=1,read_failures=0"
dengfoc,"SYNC_TRUTH,sequence=97534,truth_tick_us=195488588,mechanical_angle_rad=4.879592896,valid=1,read_failures=0"
dengfoc,"SYNC_TRUTH,sequence=97535,truth_tick_us=195490584,mechanical_angle_rad=4.879592896,valid=1,read_failures=0"
dengfoc,"SYNC_TRUTH,sequence=97536,truth_tick_us=195492588,mechanical_angle_rad=4.879592896,valid=1,read_failures=0"
dengfoc,"SYNC_TRUTH,sequence=97537,truth_tick_us=195494584,mechanical_angle_rad=4.879592896,valid=1,read_failures=0"
dengfoc,"SYNC_TRUTH,sequence=97538,truth_tick_us=195496588,mechanical_angle_rad=4.879592896,valid=1,read_failures=0"
dengfoc,"SYNC_TRUTH,sequence=97539,truth_tick_us=195498584,mechanical_angle_rad=4.881126881,valid=1,read_failures=0"
dengfoc,"SYNC_TRUTH,sequence=97540,truth_tick_us=195500588,mechanical_angle_rad=4.879592896,valid=1,read_failures=0"
dengfoc,"SYNC_TRUTH,sequence=97541,truth_tick_us=195502584,mechanical_angle_rad=4.879592896,valid=1,read_failures=0"
dengfoc,"SYNC_TRUTH,sequence=97542,truth_tick_us=195504588,mechanical_angle_rad=4.881126881,valid=1,read_failures=0"
dengfoc,"SYNC_TRUTH,sequence=97543,truth_tick_us=195506584,mechanical_angle_rad=4.881126881,valid=1,read_failures=0"
dengfoc,"SYNC_TRUTH,sequence=97544,truth_tick_us=195508588,mechanical_angle_rad=4.879592896,valid=1,read_failures=0"
dengfoc,"SYNC_TRUTH,sequence=97545,truth_tick_us=195510584,mechanical_angle_rad=4.881126881,valid=1,read_failures=0"
dengfoc,"SYNC_TRUTH,sequence=97546,truth_tick_us=195512588,mechanical_angle_rad=4.879592896,valid=1,read_failures=0"
dengfoc,"SYNC_TRUTH,sequence=97547,truth_tick_us=195514584,mechanical_angle_rad=4.879592896,valid=1,read_failures=0"
dengfoc,"SYNC_TRUTH,sequence=97548,truth_tick_us=195516588,mechanical_angle_rad=4.879592896,valid=1,read_failures=0"
dengfoc,"SYNC_TRUTH,sequence=97549,truth_tick_us=195518584,mechanical_angle_rad=4.879592896,valid=1,read_failures=0"
dengfoc,"SYNC_TRUTH,sequence=97550,truth_tick_us=195520588,mechanical_angle_rad=4.879592896,valid=1,read_failures=0"
dengfoc,"SYNC_TRUTH,sequence=97551,truth_tick_us=195522584,mechanical_angle_rad=4.881126881,valid=1,read_failures=0"
dengfoc,"SYNC_TRUTH,sequence=97552,truth_tick_us=195524588,mechanical_angle_rad=4.879592896,valid=1,read_failures=0"
dengfoc,"SYNC_TRUTH,sequence=97553,truth_tick_us=195526584,mechanical_angle_rad=4.879592896,valid=1,read_failures=0"
dengfoc,"SYNC_TRUTH,sequence=97554,truth_tick_us=195528588,mechanical_angle_rad=4.879592896,valid=1,read_failures=0"
dengfoc,"SYNC_TRUTH,sequence=97555,truth_tick_us=195530584,mechanical_angle_rad=4.879592896,valid=1,read_failures=0"
dengfoc,"SYNC_TRUTH,sequence=97556,truth_tick_us=195532588,mechanical_angle_rad=4.881126881,valid=1,read_failures=0"
dengfoc,"SYNC_TRUTH,sequence=97557,truth_tick_us=195534584,mechanical_angle_rad=4.879592896,valid=1,read_failures=0"
dengfoc,"SYNC_TRUTH,sequence=97558,truth_tick_us=195536588,mechanical_angle_rad=4.879592896,valid=1,read_failures=0"
dengfoc,"SYNC_TRUTH,sequence=97559,truth_tick_us=195538584,mechanical_angle_rad=4.879592896,valid=1,read_failures=0"
dengfoc,"SYNC_TRUTH,sequence=97560,truth_tick_us=195540588,mechanical_angle_rad=4.879592896,valid=1,read_failures=0"
dengfoc,"SYNC_TRUTH,sequence=97561,truth_tick_us=195542584,mechanical_angle_rad=4.879592896,valid=1,read_failures=0"
dengfoc,"SYNC_TRUTH,sequence=97562,truth_tick_us=195544588,mechanical_angle_rad=4.881126881,valid=1,read_failures=0"
dengfoc,"SYNC_TRUTH,sequence=97563,truth_tick_us=195546584,mechanical_angle_rad=4.881126881,valid=1,read_failures=0"
dengfoc,"SYNC_TRUTH,sequence=97564,truth_tick_us=195548588,mechanical_angle_rad=4.879592896,valid=1,read_failures=0"
dengfoc,"SYNC_TRUTH,sequence=97565,truth_tick_us=195550584,mechanical_angle_rad=4.879592896,valid=1,read_failures=0"
dengfoc,"SYNC_TRUTH,sequence=97566,truth_tick_us=195552588,mechanical_angle_rad=4.881126881,valid=1,read_failures=0"
dengfoc,"SYNC_TRUTH,sequence=97567,truth_tick_us=195554584,mechanical_angle_rad=4.881126881,valid=1,read_failures=0"
dengfoc,"SYNC_TRUTH,sequence=97568,truth_tick_us=195556588,mechanical_angle_rad=4.879592896,valid=1,read_failures=0"
dengfoc,"SYNC_TRUTH,sequence=97569,truth_tick_us=195558584,mechanical_angle_rad=4.881126881,valid=1,read_failures=0"
dengfoc,"SYNC_TRUTH,sequence=97570,truth_tick_us=195560588,mechanical_angle_rad=4.879592896,valid=1,read_failures=0"
dengfoc,"SYNC_TRUTH,sequence=97571,truth_tick_us=195562584,mechanical_angle_rad=4.879592896,valid=1,read_failures=0"
dengfoc,"SYNC_TRUTH,sequence=97572,truth_tick_us=195564588,mechanical_angle_rad=4.881126881,valid=1,read_failures=0"
dengfoc,"SYNC_TRUTH,sequence=97573,truth_tick_us=195566584,mechanical_angle_rad=4.881126881,valid=1,read_failures=0"
dengfoc,"SYNC_TRUTH,sequence=97574,truth_tick_us=195568588,mechanical_angle_rad=4.881126881,valid=1,read_failures=0"
dengfoc,"SYNC_TRUTH,sequence=97575,truth_tick_us=195570584,mechanical_angle_rad=4.879592896,valid=1,read_failures=0"
dengfoc,"SYNC_TRUTH,sequence=97576,truth_tick_us=195572588,mechanical_angle_rad=4.879592896,valid=1,read_failures=0"
dengfoc,"SYNC_TRUTH,sequence=97577,truth_tick_us=195574584,mechanical_angle_rad=4.879592896,valid=1,read_failures=0"
dengfoc,"SYNC_TRUTH,sequence=97578,truth_tick_us=195576588,mechanical_angle_rad=4.879592896,valid=1,read_failures=0"
dengfoc,"SYNC_TRUTH,sequence=97579,truth_tick_us=195578584,mechanical_angle_rad=4.879592896,valid=1,read_failures=0"
dengfoc,"SYNC_TRUTH,sequence=97580,truth_tick_us=195580588,mechanical_angle_rad=4.879592896,valid=1,read_failures=0"
dengfoc,"SYNC_TRUTH,sequence=97581,truth_tick_us=195582584,mechanical_angle_rad=4.881126881,valid=1,read_failures=0"
dengfoc,"SYNC_TRUTH,sequence=97582,truth_tick_us=195584588,mechanical_angle_rad=4.879592896,valid=1,read_failures=0"
dengfoc,"SYNC_TRUTH,sequence=97583,truth_tick_us=195586584,mechanical_angle_rad=4.879592896,valid=1,read_failures=0"
dengfoc,"SYNC_TRUTH,sequence=97584,truth_tick_us=195588588,mechanical_angle_rad=4.879592896,valid=1,read_failures=0"
dengfoc,"SYNC_TRUTH,sequence=97585,truth_tick_us=195590584,mechanical_angle_rad=4.879592896,valid=1,read_failures=0"
dengfoc,"SYNC_TRUTH,sequence=97586,truth_tick_us=195592588,mechanical_angle_rad=4.879592896,valid=1,read_failures=0"
dengfoc,"SYNC_TRUTH,sequence=97587,truth_tick_us=195594584,mechanical_angle_rad=4.881126881,valid=1,read_failures=0"
dengfoc,"SYNC_TRUTH,sequence=97588,truth_tick_us=195596588,mechanical_angle_rad=4.879592896,valid=1,read_failures=0"
dengfoc,"SYNC_TRUTH,sequence=97589,truth_tick_us=195598584,mechanical_angle_rad=4.879592896,valid=1,read_failures=0"
dengfoc,"SYNC_TRUTH,sequence=97590,truth_tick_us=195600588,mechanical_angle_rad=4.881126881,valid=1,read_failures=0"
dengfoc,"SYNC_TRUTH,sequence=97591,truth_tick_us=195602584,mechanical_angle_rad=4.879592896,valid=1,read_failures=0"
dengfoc,"SYNC_TRUTH,sequence=97592,truth_tick_us=195604588,mechanical_angle_rad=4.879592896,valid=1,read_failures=0"
dengfoc,"SYNC_TRUTH,sequence=97593,truth_tick_us=195606584,mechanical_angle_rad=4.881126881,valid=1,read_failures=0"
dengfoc,"SYNC_TRUTH,sequence=97594,truth_tick_us=195608588,mechanical_angle_rad=4.879592896,valid=1,read_failures=0"
dengfoc,"SYNC_TRUTH,sequence=97595,truth_tick_us=195610584,mechanical_angle_rad=4.879592896,valid=1,read_failures=0"
dengfoc,"SYNC_TRUTH,sequence=97596,truth_tick_us=195612588,mechanical_angle_rad=4.879592896,valid=1,read_failures=0"
dengfoc,"SYNC_TRUTH,sequence=97597,truth_tick_us=195614584,mechanical_angle_rad=4.879592896,valid=1,read_failures=0"
dengfoc,"SYNC_TRUTH,sequence=97598,truth_tick_us=195616588,mechanical_angle_rad=4.881126881,valid=1,read_failures=0"
dengfoc,"SYNC_TRUTH,sequence=97599,truth_tick_us=195618584,mechanical_angle_rad=4.879592896,valid=1,read_failures=0"
dengfoc,"SYNC_TRUTH,sequence=97600,truth_tick_us=195620588,mechanical_angle_rad=4.881126881,valid=1,read_failures=0"
dengfoc,"SYNC_TRUTH,sequence=97601,truth_tick_us=195622584,mechanical_angle_rad=4.879592896,valid=1,read_failures=0"
dengfoc,"SYNC_TRUTH,sequence=97602,truth_tick_us=195624588,mechanical_angle_rad=4.879592896,valid=1,read_failures=0"
dengfoc,"SYNC_TRUTH,sequence=97603,truth_tick_us=195626584,mechanical_angle_rad=4.879592896,valid=1,read_failures=0"
dengfoc,"SYNC_TRUTH,sequence=97604,truth_tick_us=195628588,mechanical_angle_rad=4.879592896,valid=1,read_failures=0"
dengfoc,"SYNC_TRUTH,sequence=97605,truth_tick_us=195630584,mechanical_angle_rad=4.881126881,valid=1,read_failures=0"
dengfoc,"SYNC_TRUTH,sequence=97606,truth_tick_us=195632588,mechanical_angle_rad=4.881126881,valid=1,read_failures=0"
dengfoc,"SYNC_TRUTH,sequence=97607,truth_tick_us=195634584,mechanical_angle_rad=4.879592896,valid=1,read_failures=0"
dengfoc,"SYNC_TRUTH,sequence=97608,truth_tick_us=195636588,mechanical_angle_rad=4.879592896,valid=1,read_failures=0"
dengfoc,"SYNC_TRUTH,sequence=97609,truth_tick_us=195638584,mechanical_angle_rad=4.881126881,valid=1,read_failures=0"
dengfoc,"SYNC_TRUTH,sequence=97610,truth_tick_us=195640588,mechanical_angle_rad=4.879592896,valid=1,read_failures=0"
dengfoc,"SYNC_TRUTH,sequence=97611,truth_tick_us=195642584,mechanical_angle_rad=4.879592896,valid=1,read_failures=0"
dengfoc,"SYNC_TRUTH,sequence=97612,truth_tick_us=195644588,mechanical_angle_rad=4.879592896,valid=1,read_failures=0"
dengfoc,"SYNC_TRUTH,sequence=97613,truth_tick_us=195646584,mechanical_angle_rad=4.881126881,valid=1,read_failures=0"
dengfoc,"SYNC_TRUTH,sequence=97614,truth_tick_us=195648588,mechanical_angle_rad=4.879592896,valid=1,read_failures=0"
dengfoc,"SYNC_TRUTH,sequence=97615,truth_tick_us=195650584,mechanical_angle_rad=4.879592896,valid=1,read_failures=0"
dengfoc,"SYNC_TRUTH,sequence=97616,truth_tick_us=195652588,mechanical_angle_rad=4.879592896,valid=1,read_failures=0"
dengfoc,"SYNC_TRUTH,sequence=97617,truth_tick_us=195654584,mechanical_angle_rad=4.879592896,valid=1,read_failures=0"
dengfoc,"SYNC_TRUTH,sequence=97618,truth_tick_us=195656588,mechanical_angle_rad=4.881126881,valid=1,read_failures=0"
dengfoc,"SYNC_TRUTH,sequence=97619,truth_tick_us=195658584,mechanical_angle_rad=4.881126881,valid=1,read_failures=0"
dengfoc,"SYNC_TRUTH,sequence=97620,truth_tick_us=195660588,mechanical_angle_rad=4.881126881,valid=1,read_failures=0"
dengfoc,"SYNC_TRUTH,sequence=97621,truth_tick_us=195662584,mechanical_angle_rad=4.879592896,valid=1,read_failures=0"
dengfoc,"SYNC_TRUTH,sequence=97622,truth_tick_us=195664588,mechanical_angle_rad=4.881126881,valid=1,read_failures=0"
dengfoc,"SYNC_TRUTH,sequence=97623,truth_tick_us=195666584,mechanical_angle_rad=4.879592896,valid=1,read_failures=0"
dengfoc,"SYNC_TRUTH,sequence=97624,truth_tick_us=195668588,mechanical_angle_rad=4.879592896,valid=1,read_failures=0"
dengfoc,"SYNC_TRUTH,sequence=97625,truth_tick_us=195670584,mechanical_angle_rad=4.879592896,valid=1,read_failures=0"
dengfoc,"SYNC_TRUTH,sequence=97626,truth_tick_us=195672588,mechanical_angle_rad=4.879592896,valid=1,read_failures=0"
dengfoc,"SYNC_TRUTH,sequence=97627,truth_tick_us=195674584,mechanical_angle_rad=4.879592896,valid=1,read_failures=0"
dengfoc,"SYNC_TRUTH,sequence=97628,truth_tick_us=195676588,mechanical_angle_rad=4.879592896,valid=1,read_failures=0"
dengfoc,"SYNC_TRUTH,sequence=97629,truth_tick_us=195678584,mechanical_angle_rad=4.879592896,valid=1,read_failures=0"
dengfoc,"SYNC_TRUTH,sequence=97630,truth_tick_us=195680588,mechanical_angle_rad=4.879592896,valid=1,read_failures=0"
dengfoc,"SYNC_TRUTH,sequence=97631,truth_tick_us=195682584,mechanical_angle_rad=4.879592896,valid=1,read_failures=0"
dengfoc,"SYNC_TRUTH,sequence=97632,truth_tick_us=195684588,mechanical_angle_rad=4.879592896,valid=1,read_failures=0"
dengfoc,"SYNC_TRUTH,sequence=97633,truth_tick_us=195686584,mechanical_angle_rad=4.881126881,valid=1,read_failures=0"
dengfoc,"SYNC_TRUTH,sequence=97634,truth_tick_us=195688588,mechanical_angle_rad=4.879592896,valid=1,read_failures=0"
dengfoc,"SYNC_TRUTH,sequence=97635,truth_tick_us=195690584,mechanical_angle_rad=4.879592896,valid=1,read_failures=0"
dengfoc,"SYNC_TRUTH,sequence=97636,truth_tick_us=195692588,mechanical_angle_rad=4.879592896,valid=1,read_failures=0"
dengfoc,"SYNC_TRUTH,sequence=97637,truth_tick_us=195694584,mechanical_angle_rad=4.881126881,valid=1,read_failures=0"
dengfoc,"SYNC_TRUTH,sequence=97638,truth_tick_us=195696588,mechanical_angle_rad=4.879592896,valid=1,read_failures=0"
dengfoc,"SYNC_TRUTH,sequence=97639,truth_tick_us=195698584,mechanical_angle_rad=4.879592896,valid=1,read_failures=0"
dengfoc,"SYNC_TRUTH,sequence=97640,truth_tick_us=195700588,mechanical_angle_rad=4.879592896,valid=1,read_failures=0"
dengfoc,"SYNC_TRUTH,sequence=97641,truth_tick_us=195702584,mechanical_angle_rad=4.879592896,valid=1,read_failures=0"
dengfoc,"SYNC_TRUTH,sequence=97642,truth_tick_us=195704588,mechanical_angle_rad=4.879592896,valid=1,read_failures=0"
dengfoc,"SYNC_TRUTH,sequence=97643,truth_tick_us=195706584,mechanical_angle_rad=4.879592896,valid=1,read_failures=0"
dengfoc,"SYNC_TRUTH,sequence=97644,truth_tick_us=195708588,mechanical_angle_rad=4.879592896,valid=1,read_failures=0"
dengfoc,"SYNC_TRUTH,sequence=97645,truth_tick_us=195710584,mechanical_angle_rad=4.881126881,valid=1,read_failures=0"
dengfoc,"SYNC_TRUTH,sequence=97646,truth_tick_us=195712588,mechanical_angle_rad=4.879592896,valid=1,read_failures=0"
dengfoc,"SYNC_TRUTH,sequence=97647,truth_tick_us=195714584,mechanical_angle_rad=4.879592896,valid=1,read_failures=0"
dengfoc,"SYNC_TRUTH,sequence=97648,truth_tick_us=195716588,mechanical_angle_rad=4.879592896,valid=1,read_failures=0"
dengfoc,"SYNC_TRUTH,sequence=97649,truth_tick_us=195718584,mechanical_angle_rad=4.881126881,valid=1,read_failures=0"
dengfoc,"SYNC_TRUTH,sequence=97650,truth_tick_us=195720588,mechanical_angle_rad=4.879592896,valid=1,read_failures=0"
dengfoc,"SYNC_TRUTH,sequence=97651,truth_tick_us=195722584,mechanical_angle_rad=4.879592896,valid=1,read_failures=0"
dengfoc,"SYNC_TRUTH,sequence=97652,truth_tick_us=195724588,mechanical_angle_rad=4.881126881,valid=1,read_failures=0"
dengfoc,"SYNC_TRUTH,sequence=97653,truth_tick_us=195726584,mechanical_angle_rad=4.879592896,valid=1,read_failures=0"
dengfoc,"SYNC_TRUTH,sequence=97654,truth_tick_us=195728588,mechanical_angle_rad=4.879592896,valid=1,read_failures=0"
dengfoc,"SYNC_TRUTH,sequence=97655,truth_tick_us=195730584,mechanical_angle_rad=4.879592896,valid=1,read_failures=0"
dengfoc,"SYNC_TRUTH,sequence=97656,truth_tick_us=195732588,mechanical_angle_rad=4.881126881,valid=1,read_failures=0"
dengfoc,"SYNC_TRUTH,sequence=97657,truth_tick_us=195734584,mechanical_angle_rad=4.881126881,valid=1,read_failures=0"
dengfoc,"SYNC_TRUTH,sequence=97658,truth_tick_us=195736588,mechanical_angle_rad=4.879592896,valid=1,read_failures=0"
dengfoc,"SYNC_TRUTH,sequence=97659,truth_tick_us=195738584,mechanical_angle_rad=4.879592896,valid=1,read_failures=0"
dengfoc,"SYNC_TRUTH,sequence=97660,truth_tick_us=195740588,mechanical_angle_rad=4.879592896,valid=1,read_failures=0"
dengfoc,"SYNC_TRUTH,sequence=97661,truth_tick_us=195742584,mechanical_angle_rad=4.879592896,valid=1,read_failures=0"
dengfoc,"SYNC_TRUTH,sequence=97662,truth_tick_us=195744588,mechanical_angle_rad=4.879592896,valid=1,read_failures=0"
dengfoc,"SYNC_TRUTH,sequence=97663,truth_tick_us=195746584,mechanical_angle_rad=4.879592896,valid=1,read_failures=0"
dengfoc,"SYNC_TRUTH,sequence=97664,truth_tick_us=195748588,mechanical_angle_rad=4.879592896,valid=1,read_failures=0"
dengfoc,"SYNC_TRUTH,sequence=97665,truth_tick_us=195750584,mechanical_angle_rad=4.879592896,valid=1,read_failures=0"
dengfoc,"SYNC_TRUTH,sequence=97666,truth_tick_us=195752588,mechanical_angle_rad=4.879592896,valid=1,read_failures=0"
dengfoc,"SYNC_TRUTH,sequence=97667,truth_tick_us=195754584,mechanical_angle_rad=4.879592896,valid=1,read_failures=0"
dengfoc,"SYNC_TRUTH,sequence=97668,truth_tick_us=195756588,mechanical_angle_rad=4.881126881,valid=1,read_failures=0"
dengfoc,"SYNC_TRUTH,sequence=97669,truth_tick_us=195758584,mechanical_angle_rad=4.879592896,valid=1,read_failures=0"
dengfoc,"SYNC_TRUTH,sequence=97670,truth_tick_us=195760588,mechanical_angle_rad=4.881126881,valid=1,read_failures=0"
dengfoc,"SYNC_TRUTH,sequence=97671,truth_tick_us=195762584,mechanical_angle_rad=4.881126881,valid=1,read_failures=0"
dengfoc,"SYNC_TRUTH,sequence=97672,truth_tick_us=195764588,mechanical_angle_rad=4.879592896,valid=1,read_failures=0"
dengfoc,"SYNC_TRUTH,sequence=97673,truth_tick_us=195766584,mechanical_angle_rad=4.879592896,valid=1,read_failures=0"
dengfoc,"SYNC_TRUTH,sequence=97674,truth_tick_us=195768588,mechanical_angle_rad=4.879592896,valid=1,read_failures=0"
dengfoc,"SYNC_TRUTH,sequence=97675,truth_tick_us=195770584,mechanical_angle_rad=4.881126881,valid=1,read_failures=0"
dengfoc,"SYNC_TRUTH,sequence=97676,truth_tick_us=195772588,mechanical_angle_rad=4.881126881,valid=1,read_failures=0"
dengfoc,"SYNC_TRUTH,sequence=97677,truth_tick_us=195774584,mechanical_angle_rad=4.881126881,valid=1,read_failures=0"
dengfoc,"SYNC_TRUTH,sequence=97678,truth_tick_us=195776588,mechanical_angle_rad=4.879592896,valid=1,read_failures=0"
dengfoc,"SYNC_TRUTH,sequence=97679,truth_tick_us=195778584,mechanical_angle_rad=4.879592896,valid=1,read_failures=0"
dengfoc,"SYNC_TRUTH,sequence=97680,truth_tick_us=195780588,mechanical_angle_rad=4.881126881,valid=1,read_failures=0"
dengfoc,"SYNC_TRUTH,sequence=97681,truth_tick_us=195782584,mechanical_angle_rad=4.879592896,valid=1,read_failures=0"
dengfoc,"SYNC_TRUTH,sequence=97682,truth_tick_us=195784588,mechanical_angle_rad=4.881126881,valid=1,read_failures=0"
dengfoc,"SYNC_TRUTH,sequence=97683,truth_tick_us=195786584,mechanical_angle_rad=4.879592896,valid=1,read_failures=0"
dengfoc,"SYNC_TRUTH,sequence=97684,truth_tick_us=195788588,mechanical_angle_rad=4.881126881,valid=1,read_failures=0"
g431,foc_h3_sync_status
dengfoc,"SYNC_TRUTH,sequence=97685,truth_tick_us=195790584,mechanical_angle_rad=4.879592896,valid=1,read_failures=0"
dengfoc,"SYNC_TRUTH,sequence=97686,truth_tick_us=195792588,mechanical_angle_rad=4.879592896,valid=1,read_failures=0"
dengfoc,"SYNC_TRUTH,sequence=97687,truth_tick_us=195794584,mechanical_angle_rad=4.879592896,valid=1,read_failures=0"
dengfoc,"SYNC_TRUTH,sequence=97688,truth_tick_us=195796588,mechanical_angle_rad=4.879592896,valid=1,read_failures=0"
dengfoc,"SYNC_TRUTH,sequence=97689,truth_tick_us=195798584,mechanical_angle_rad=4.879592896,valid=1,read_failures=0"
dengfoc,"SYNC_TRUTH,sequence=97690,truth_tick_us=195800588,mechanical_angle_rad=4.879592896,valid=1,read_failures=0"
g431,"FH3_SYNC_STATUS,1,196608,3,53,53,0,53,101,3578809356,15715244,7,20261004,130,230,0,38,100,3578809405,49"
g431,msh >
dengfoc,"SYNC_TRUTH,sequence=97691,truth_tick_us=195802584,mechanical_angle_rad=4.881126881,valid=1,read_failures=0"
dengfoc,"SYNC_TRUTH,sequence=97692,truth_tick_us=195804588,mechanical_angle_rad=4.879592896,valid=1,read_failures=0"
dengfoc,"SYNC_TRUTH,sequence=97693,truth_tick_us=195806584,mechanical_angle_rad=4.881126881,valid=1,read_failures=0"
dengfoc,"SYNC_TRUTH,sequence=97694,truth_tick_us=195808588,mechanical_angle_rad=4.879592896,valid=1,read_failures=0"
dengfoc,"SYNC_TRUTH,sequence=97695,truth_tick_us=195810584,mechanical_angle_rad=4.879592896,valid=1,read_failures=0"
dengfoc,"SYNC_TRUTH,sequence=97696,truth_tick_us=195812588,mechanical_angle_rad=4.879592896,valid=1,read_failures=0"
dengfoc,"SYNC_TRUTH,sequence=97697,truth_tick_us=195814584,mechanical_angle_rad=4.879592896,valid=1,read_failures=0"
dengfoc,"SYNC_TRUTH,sequence=97698,truth_tick_us=195816588,mechanical_angle_rad=4.879592896,valid=1,read_failures=0"
dengfoc,"SYNC_TRUTH,sequence=97699,truth_tick_us=195818584,mechanical_angle_rad=4.879592896,valid=1,read_failures=0"
dengfoc,"SYNC_TRUTH,sequence=97700,truth_tick_us=195820588,mechanical_angle_rad=4.879592896,valid=1,read_failures=0"
dengfoc,"SYNC_TRUTH,sequence=97701,truth_tick_us=195822584,mechanical_angle_rad=4.879592896,valid=1,read_failures=0"
dengfoc,"SYNC_TRUTH,sequence=97702,truth_tick_us=195824588,mechanical_angle_rad=4.879592896,valid=1,read_failures=0"
dengfoc,"SYNC_TRUTH,sequence=97703,truth_tick_us=195826584,mechanical_angle_rad=4.879592896,valid=1,read_failures=0"
dengfoc,"SYNC_TRUTH,sequence=97704,truth_tick_us=195828588,mechanical_angle_rad=4.879592896,valid=1,read_failures=0"
dengfoc,"SYNC_TRUTH,sequence=97705,truth_tick_us=195830584,mechanical_angle_rad=4.879592896,valid=1,read_failures=0"
dengfoc,"SYNC_TRUTH,sequence=97706,truth_tick_us=195832588,mechanical_angle_rad=4.879592896,valid=1,read_failures=0"
g431,msh >
dengfoc,"SYNC_TRUTH,sequence=97707,truth_tick_us=195834584,mechanical_angle_rad=4.879592896,valid=1,read_failures=0"
dengfoc,"SYNC_TRUTH,sequence=97708,truth_tick_us=195836588,mechanical_angle_rad=4.879592896,valid=1,read_failures=0"
dengfoc,"SYNC_TRUTH,sequence=97709,truth_tick_us=195838584,mechanical_angle_rad=4.879592896,valid=1,read_failures=0"
dengfoc,"SYNC_TRUTH,sequence=97710,truth_tick_us=195840588,mechanical_angle_rad=4.881126881,valid=1,read_failures=0"
dengfoc,"SYNC_TRUTH,sequence=97711,truth_tick_us=195842584,mechanical_angle_rad=4.879592896,valid=1,read_failures=0"
dengfoc,"SYNC_TRUTH,sequence=97712,truth_tick_us=195844588,mechanical_angle_rad=4.879592896,valid=1,read_failures=0"
dengfoc,"SYNC_TRUTH,sequence=97713,truth_tick_us=195846584,mechanical_angle_rad=4.881126881,valid=1,read_failures=0"
dengfoc,"SYNC_TRUTH,sequence=97714,truth_tick_us=195848588,mechanical_angle_rad=4.879592896,valid=1,read_failures=0"
dengfoc,"SYNC_TRUTH,sequence=97715,truth_tick_us=195850584,mechanical_angle_rad=4.879592896,valid=1,read_failures=0"
dengfoc,"SYNC_TRUTH,sequence=97716,truth_tick_us=195852588,mechanical_angle_rad=4.879592896,valid=1,read_failures=0"
dengfoc,"SYNC_TRUTH,sequence=97717,truth_tick_us=195854584,mechanical_angle_rad=4.879592896,valid=1,read_failures=0"
dengfoc,"SYNC_TRUTH,sequence=97718,truth_tick_us=195856588,mechanical_angle_rad=4.879592896,valid=1,read_failures=0"
dengfoc,"SYNC_TRUTH,sequence=97719,truth_tick_us=195858584,mechanical_angle_rad=4.879592896,valid=1,read_failures=0"
dengfoc,"SYNC_TRUTH,sequence=97720,truth_tick_us=195860588,mechanical_angle_rad=4.879592896,valid=1,read_failures=0"
dengfoc,"SYNC_TRUTH,sequence=97721,truth_tick_us=195862584,mechanical_angle_rad=4.879592896,valid=1,read_failures=0"
dengfoc,"SYNC_TRUTH,sequence=97722,truth_tick_us=195864588,mechanical_angle_rad=4.881126881,valid=1,read_failures=0"
dengfoc,"SYNC_TRUTH,sequence=97723,truth_tick_us=195866584,mechanical_angle_rad=4.879592896,valid=1,read_failures=0"
dengfoc,"SYNC_TRUTH,sequence=97724,truth_tick_us=195868588,mechanical_angle_rad=4.879592896,valid=1,read_failures=0"
dengfoc,"SYNC_TRUTH,sequence=97725,truth_tick_us=195870584,mechanical_angle_rad=4.879592896,valid=1,read_failures=0"
dengfoc,"SYNC_TRUTH,sequence=97726,truth_tick_us=195872588,mechanical_angle_rad=4.879592896,valid=1,read_failures=0"
dengfoc,"SYNC_TRUTH,sequence=97727,truth_tick_us=195874584,mechanical_angle_rad=4.881126881,valid=1,read_failures=0"
dengfoc,"SYNC_TRUTH,sequence=97728,truth_tick_us=195876588,mechanical_angle_rad=4.879592896,valid=1,read_failures=0"
dengfoc,"SYNC_TRUTH,sequence=97729,truth_tick_us=195878584,mechanical_angle_rad=4.881126881,valid=1,read_failures=0"
dengfoc,"SYNC_TRUTH,sequence=97730,truth_tick_us=195880588,mechanical_angle_rad=4.879592896,valid=1,read_failures=0"
dengfoc,"SYNC_TRUTH,sequence=97731,truth_tick_us=195882584,mechanical_angle_rad=4.881126881,valid=1,read_failures=0"
dengfoc,"SYNC_TRUTH,sequence=97732,truth_tick_us=195884588,mechanical_angle_rad=4.879592896,valid=1,read_failures=0"
dengfoc,"SYNC_TRUTH,sequence=97733,truth_tick_us=195886584,mechanical_angle_rad=4.879592896,valid=1,read_failures=0"
dengfoc,"SYNC_TRUTH,sequence=97734,truth_tick_us=195888588,mechanical_angle_rad=4.879592896,valid=1,read_failures=0"
dengfoc,"SYNC_TRUTH,sequence=97735,truth_tick_us=195890584,mechanical_angle_rad=4.879592896,valid=1,read_failures=0"
dengfoc,"SYNC_TRUTH,sequence=97736,truth_tick_us=195892588,mechanical_angle_rad=4.879592896,valid=1,read_failures=0"
dengfoc,"SYNC_TRUTH,sequence=97737,truth_tick_us=195894584,mechanical_angle_rad=4.879592896,valid=1,read_failures=0"
dengfoc,"SYNC_TRUTH,sequence=97738,truth_tick_us=195896588,mechanical_angle_rad=4.879592896,valid=1,read_failures=0"
dengfoc,"SYNC_TRUTH,sequence=97739,truth_tick_us=195898584,mechanical_angle_rad=4.879592896,valid=1,read_failures=0"
dengfoc,"SYNC_TRUTH,sequence=97740,truth_tick_us=195900588,mechanical_angle_rad=4.879592896,valid=1,read_failures=0"
dengfoc,"SYNC_TRUTH,sequence=97741,truth_tick_us=195902584,mechanical_angle_rad=4.879592896,valid=1,read_failures=0"
dengfoc,"SYNC_TRUTH,sequence=97742,truth_tick_us=195904588,mechanical_angle_rad=4.879592896,valid=1,read_failures=0"
dengfoc,"SYNC_TRUTH,sequence=97743,truth_tick_us=195906584,mechanical_angle_rad=4.879592896,valid=1,read_failures=0"
dengfoc,"SYNC_TRUTH,sequence=97744,truth_tick_us=195908588,mechanical_angle_rad=4.879592896,valid=1,read_failures=0"
dengfoc,"SYNC_TRUTH,sequence=97745,truth_tick_us=195910584,mechanical_angle_rad=4.881126881,valid=1,read_failures=0"
dengfoc,"SYNC_TRUTH,sequence=97746,truth_tick_us=195912588,mechanical_angle_rad=4.879592896,valid=1,read_failures=0"
dengfoc,"SYNC_TRUTH,sequence=97747,truth_tick_us=195914584,mechanical_angle_rad=4.879592896,valid=1,read_failures=0"
dengfoc,"SYNC_TRUTH,sequence=97748,truth_tick_us=195916588,mechanical_angle_rad=4.881126881,valid=1,read_failures=0"
dengfoc,"SYNC_TRUTH,sequence=97749,truth_tick_us=195918584,mechanical_angle_rad=4.879592896,valid=1,read_failures=0"
dengfoc,"SYNC_TRUTH,sequence=97750,truth_tick_us=195920588,mechanical_angle_rad=4.881126881,valid=1,read_failures=0"
dengfoc,"SYNC_TRUTH,sequence=97751,truth_tick_us=195922584,mechanical_angle_rad=4.879592896,valid=1,read_failures=0"
dengfoc,"SYNC_TRUTH,sequence=97752,truth_tick_us=195924588,mechanical_angle_rad=4.879592896,valid=1,read_failures=0"
dengfoc,"SYNC_TRUTH,sequence=97753,truth_tick_us=195926584,mechanical_angle_rad=4.879592896,valid=1,read_failures=0"
dengfoc,"SYNC_TRUTH,sequence=97754,truth_tick_us=195928588,mechanical_angle_rad=4.881126881,valid=1,read_failures=0"
dengfoc,"SYNC_TRUTH,sequence=97755,truth_tick_us=195930584,mechanical_angle_rad=4.879592896,valid=1,read_failures=0"
dengfoc,"SYNC_TRUTH,sequence=97756,truth_tick_us=195932588,mechanical_angle_rad=4.879592896,valid=1,read_failures=0"
dengfoc,"SYNC_TRUTH,sequence=97757,truth_tick_us=195934584,mechanical_angle_rad=4.879592896,valid=1,read_failures=0"
dengfoc,"SYNC_TRUTH,sequence=97758,truth_tick_us=195936588,mechanical_angle_rad=4.879592896,valid=1,read_failures=0"
dengfoc,"SYNC_TRUTH,sequence=97759,truth_tick_us=195938584,mechanical_angle_rad=4.879592896,valid=1,read_failures=0"
dengfoc,"SYNC_TRUTH,sequence=97760,truth_tick_us=195940588,mechanical_angle_rad=4.881126881,valid=1,read_failures=0"
dengfoc,"SYNC_TRUTH,sequence=97761,truth_tick_us=195942584,mechanical_angle_rad=4.879592896,valid=1,read_failures=0"
dengfoc,"SYNC_TRUTH,sequence=97762,truth_tick_us=195944588,mechanical_angle_rad=4.879592896,valid=1,read_failures=0"
dengfoc,"SYNC_TRUTH,sequence=97763,truth_tick_us=195946584,mechanical_angle_rad=4.881126881,valid=1,read_failures=0"
dengfoc,"SYNC_TRUTH,sequence=97764,truth_tick_us=195948588,mechanical_angle_rad=4.881126881,valid=1,read_failures=0"
dengfoc,"SYNC_TRUTH,sequence=97765,truth_tick_us=195950584,mechanical_angle_rad=4.879592896,valid=1,read_failures=0"
dengfoc,"SYNC_TRUTH,sequence=97766,truth_tick_us=195952588,mechanical_angle_rad=4.879592896,valid=1,read_failures=0"
dengfoc,"SYNC_TRUTH,sequence=97767,truth_tick_us=195954584,mechanical_angle_rad=4.881126881,valid=1,read_failures=0"
dengfoc,"SYNC_TRUTH,sequence=97768,truth_tick_us=195956588,mechanical_angle_rad=4.881126881,valid=1,read_failures=0"
dengfoc,"SYNC_TRUTH,sequence=97769,truth_tick_us=195958584,mechanical_angle_rad=4.879592896,valid=1,read_failures=0"
dengfoc,"SYNC_TRUTH,sequence=97770,truth_tick_us=195960588,mechanical_angle_rad=4.879592896,valid=1,read_failures=0"
dengfoc,"SYNC_TRUTH,sequence=97771,truth_tick_us=195962584,mechanical_angle_rad=4.879592896,valid=1,read_failures=0"
dengfoc,"SYNC_TRUTH,sequence=97772,truth_tick_us=195964588,mechanical_angle_rad=4.879592896,valid=1,read_failures=0"
dengfoc,"SYNC_TRUTH,sequence=97773,truth_tick_us=195966584,mechanical_angle_rad=4.879592896,valid=1,read_failures=0"
dengfoc,"SYNC_TRUTH,sequence=97774,truth_tick_us=195968588,mechanical_angle_rad=4.879592896,valid=1,read_failures=0"
dengfoc,"SYNC_TRUTH,sequence=97775,truth_tick_us=195970584,mechanical_angle_rad=4.881126881,valid=1,read_failures=0"
dengfoc,"SYNC_TRUTH,sequence=97776,truth_tick_us=195972588,mechanical_angle_rad=4.881126881,valid=1,read_failures=0"
dengfoc,"SYNC_TRUTH,sequence=97777,truth_tick_us=195974584,mechanical_angle_rad=4.879592896,valid=1,read_failures=0"
dengfoc,"SYNC_TRUTH,sequence=97778,truth_tick_us=195976588,mechanical_angle_rad=4.881126881,valid=1,read_failures=0"
dengfoc,"SYNC_TRUTH,sequence=97779,truth_tick_us=195978584,mechanical_angle_rad=4.879592896,valid=1,read_failures=0"
dengfoc,"SYNC_TRUTH,sequence=97780,truth_tick_us=195980588,mechanical_angle_rad=4.881126881,valid=1,read_failures=0"
dengfoc,"SYNC_TRUTH,sequence=97781,truth_tick_us=195982584,mechanical_angle_rad=4.879592896,valid=1,read_failures=0"
dengfoc,"SYNC_TRUTH,sequence=97782,truth_tick_us=195984588,mechanical_angle_rad=4.879592896,valid=1,read_failures=0"
dengfoc,"SYNC_TRUTH,sequence=97783,truth_tick_us=195986584,mechanical_angle_rad=4.879592896,valid=1,read_failures=0"
dengfoc,"SYNC_TRUTH,sequence=97784,truth_tick_us=195988588,mechanical_angle_rad=4.879592896,valid=1,read_failures=0"
dengfoc,"SYNC_TRUTH,sequence=97785,truth_tick_us=195990584,mechanical_angle_rad=4.881126881,valid=1,read_failures=0"
dengfoc,"SYNC_TRUTH,sequence=97786,truth_tick_us=195992588,mechanical_angle_rad=4.881126881,valid=1,read_failures=0"
dengfoc,"SYNC_TRUTH,sequence=97787,truth_tick_us=195994584,mechanical_angle_rad=4.879592896,valid=1,read_failures=0"
dengfoc,"SYNC_TRUTH,sequence=97788,truth_tick_us=195996588,mechanical_angle_rad=4.879592896,valid=1,read_failures=0"
dengfoc,"SYNC_TRUTH,sequence=97789,truth_tick_us=195998584,mechanical_angle_rad=4.879592896,valid=1,read_failures=0"
dengfoc,"SYNC_TRUTH,sequence=97790,truth_tick_us=196000588,mechanical_angle_rad=4.879592896,valid=1,read_failures=0"
dengfoc,"SYNC_TRUTH,sequence=97791,truth_tick_us=196002584,mechanical_angle_rad=4.879592896,valid=1,read_failures=0"
dengfoc,"SYNC_TRUTH,sequence=97792,truth_tick_us=196004588,mechanical_angle_rad=4.879592896,valid=1,read_failures=0"
dengfoc,"SYNC_TRUTH,sequence=97793,truth_tick_us=196006584,mechanical_angle_rad=4.879592896,valid=1,read_failures=0"
dengfoc,"SYNC_TRUTH,sequence=97794,truth_tick_us=196008588,mechanical_angle_rad=4.881126881,valid=1,read_failures=0"
dengfoc,"SYNC_TRUTH,sequence=97795,truth_tick_us=196010584,mechanical_angle_rad=4.879592896,valid=1,read_failures=0"
dengfoc,"SYNC_TRUTH,sequence=97796,truth_tick_us=196012588,mechanical_angle_rad=4.879592896,valid=1,read_failures=0"
dengfoc,"SYNC_TRUTH,sequence=97797,truth_tick_us=196014584,mechanical_angle_rad=4.879592896,valid=1,read_failures=0"
dengfoc,"SYNC_TRUTH,sequence=97798,truth_tick_us=196016588,mechanical_angle_rad=4.879592896,valid=1,read_failures=0"
dengfoc,"SYNC_TRUTH,sequence=97799,truth_tick_us=196018584,mechanical_angle_rad=4.879592896,valid=1,read_failures=0"
dengfoc,"SYNC_TRUTH,sequence=97800,truth_tick_us=196020588,mechanical_angle_rad=4.879592896,valid=1,read_failures=0"
dengfoc,"SYNC_TRUTH,sequence=97801,truth_tick_us=196022584,mechanical_angle_rad=4.881126881,valid=1,read_failures=0"
dengfoc,"SYNC_TRUTH,sequence=97802,truth_tick_us=196024588,mechanical_angle_rad=4.879592896,valid=1,read_failures=0"
dengfoc,"SYNC_TRUTH,sequence=97803,truth_tick_us=196026584,mechanical_angle_rad=4.879592896,valid=1,read_failures=0"
dengfoc,"SYNC_TRUTH,sequence=97804,truth_tick_us=196028588,mechanical_angle_rad=4.879592896,valid=1,read_failures=0"
dengfoc,"SYNC_TRUTH,sequence=97805,truth_tick_us=196030584,mechanical_angle_rad=4.879592896,valid=1,read_failures=0"
dengfoc,"SYNC_TRUTH,sequence=97806,truth_tick_us=196032588,mechanical_angle_rad=4.879592896,valid=1,read_failures=0"
dengfoc,"SYNC_TRUTH,sequence=97807,truth_tick_us=196034584,mechanical_angle_rad=4.879592896,valid=1,read_failures=0"
dengfoc,"SYNC_TRUTH,sequence=97808,truth_tick_us=196036588,mechanical_angle_rad=4.879592896,valid=1,read_failures=0"
dengfoc,"SYNC_TRUTH,sequence=97809,truth_tick_us=196038584,mechanical_angle_rad=4.879592896,valid=1,read_failures=0"
dengfoc,"SYNC_TRUTH,sequence=97810,truth_tick_us=196040588,mechanical_angle_rad=4.879592896,valid=1,read_failures=0"
dengfoc,"SYNC_TRUTH,sequence=97811,truth_tick_us=196042584,mechanical_angle_rad=4.879592896,valid=1,read_failures=0"
dengfoc,"SYNC_TRUTH,sequence=97812,truth_tick_us=196044588,mechanical_angle_rad=4.879592896,valid=1,read_failures=0"
dengfoc,"SYNC_TRUTH,sequence=97813,truth_tick_us=196046584,mechanical_angle_rad=4.881126881,valid=1,read_failures=0"
dengfoc,"SYNC_TRUTH,sequence=97814,truth_tick_us=196048588,mechanical_angle_rad=4.881126881,valid=1,read_failures=0"
dengfoc,"SYNC_TRUTH,sequence=97815,truth_tick_us=196050584,mechanical_angle_rad=4.881126881,valid=1,read_failures=0"
dengfoc,"SYNC_TRUTH,sequence=97816,truth_tick_us=196052588,mechanical_angle_rad=4.881126881,valid=1,read_failures=0"
dengfoc,"SYNC_TRUTH,sequence=97817,truth_tick_us=196054584,mechanical_angle_rad=4.879592896,valid=1,read_failures=0"
dengfoc,"SYNC_TRUTH,sequence=97818,truth_tick_us=196056588,mechanical_angle_rad=4.879592896,valid=1,read_failures=0"
dengfoc,"SYNC_TRUTH,sequence=97819,truth_tick_us=196058584,mechanical_angle_rad=4.879592896,valid=1,read_failures=0"
dengfoc,"SYNC_TRUTH,sequence=97820,truth_tick_us=196060588,mechanical_angle_rad=4.881126881,valid=1,read_failures=0"
dengfoc,"SYNC_TRUTH,sequence=97821,truth_tick_us=196062584,mechanical_angle_rad=4.881126881,valid=1,read_failures=0"
dengfoc,"SYNC_TRUTH,sequence=97822,truth_tick_us=196064588,mechanical_angle_rad=4.881126881,valid=1,read_failures=0"
dengfoc,"SYNC_TRUTH,sequence=97823,truth_tick_us=196066584,mechanical_angle_rad=4.879592896,valid=1,read_failures=0"
dengfoc,"SYNC_TRUTH,sequence=97824,truth_tick_us=196068588,mechanical_angle_rad=4.879592896,valid=1,read_failures=0"
dengfoc,"SYNC_TRUTH,sequence=97825,truth_tick_us=196070584,mechanical_angle_rad=4.879592896,valid=1,read_failures=0"
dengfoc,"SYNC_TRUTH,sequence=97826,truth_tick_us=196072588,mechanical_angle_rad=4.879592896,valid=1,read_failures=0"
dengfoc,"SYNC_TRUTH,sequence=97827,truth_tick_us=196074584,mechanical_angle_rad=4.881126881,valid=1,read_failures=0"
dengfoc,"SYNC_TRUTH,sequence=97828,truth_tick_us=196076588,mechanical_angle_rad=4.881126881,valid=1,read_failures=0"
dengfoc,"SYNC_TRUTH,sequence=97829,truth_tick_us=196078584,mechanical_angle_rad=4.881126881,valid=1,read_failures=0"
dengfoc,"SYNC_TRUTH,sequence=97830,truth_tick_us=196080588,mechanical_angle_rad=4.881126881,valid=1,read_failures=0"
dengfoc,"SYNC_TRUTH,sequence=97831,truth_tick_us=196082584,mechanical_angle_rad=4.879592896,valid=1,read_failures=0"
dengfoc,"SYNC_TRUTH,sequence=97832,truth_tick_us=196084588,mechanical_angle_rad=4.881126881,valid=1,read_failures=0"
dengfoc,"SYNC_TRUTH,sequence=97833,truth_tick_us=196086584,mechanical_angle_rad=4.881126881,valid=1,read_failures=0"
dengfoc,"SYNC_TRUTH,sequence=97834,truth_tick_us=196088588,mechanical_angle_rad=4.881126881,valid=1,read_failures=0"
dengfoc,"SYNC_TRUTH,sequence=97835,truth_tick_us=196090584,mechanical_angle_rad=4.881126881,valid=1,read_failures=0"
dengfoc,"SYNC_TRUTH,sequence=97836,truth_tick_us=196092588,mechanical_angle_rad=4.879592896,valid=1,read_failures=0"
dengfoc,"SYNC_TRUTH,sequence=97837,truth_tick_us=196094584,mechanical_angle_rad=4.879592896,valid=1,read_failures=0"
dengfoc,"SYNC_TRUTH,sequence=97838,truth_tick_us=196096588,mechanical_angle_rad=4.881126881,valid=1,read_failures=0"
dengfoc,"SYNC_TRUTH,sequence=97839,truth_tick_us=196098584,mechanical_angle_rad=4.879592896,valid=1,read_failures=0"
dengfoc,"SYNC_TRUTH,sequence=97840,truth_tick_us=196100588,mechanical_angle_rad=4.881126881,valid=1,read_failures=0"
dengfoc,"SYNC_TRUTH,sequence=97841,truth_tick_us=196102584,mechanical_angle_rad=4.881126881,valid=1,read_failures=0"
dengfoc,"SYNC_TRUTH,sequence=97842,truth_tick_us=196104588,mechanical_angle_rad=4.879592896,valid=1,read_failures=0"
dengfoc,"SYNC_TRUTH,sequence=97843,truth_tick_us=196106584,mechanical_angle_rad=4.881126881,valid=1,read_failures=0"
g431,foc_h3_sync_send 20261004 131 231
dengfoc,"SYNC_TRUTH,sequence=97844,truth_tick_us=196108588,mechanical_angle_rad=4.879592896,valid=1,read_failures=0"
dengfoc,"SYNC_TRUTH,sequence=97845,truth_tick_us=196110584,mechanical_angle_rad=4.881126881,valid=1,read_failures=0"
dengfoc,"SYNC_TRUTH,sequence=97846,truth_tick_us=196112588,mechanical_angle_rad=4.879592896,valid=1,read_failures=0"
dengfoc,"SYNC_TRUTH,sequence=97847,truth_tick_us=196114588,mechanical_angle_rad=4.881126881,valid=1,read_failures=0"
g431,"FH3_SYNC_SEND,1,196608,2,54,53,0,53,0,0,4294967295,0,20261004,131,231,0,38,0,0,0"
g431,msh >
dengfoc,"SYNC_TRUTH,sequence=97848,truth_tick_us=196116590,mechanical_angle_rad=4.881126881,valid=1,read_failures=0"
dengfoc,"SYNC_TRUTH,sequence=97849,truth_tick_us=196118584,mechanical_angle_rad=4.881126881,valid=1,read_failures=0"
dengfoc,"SYNC_ANCHOR_RX,session=20261004,edge_sequence=131,edge_tag=231,truth_tick_us=196110786,source=2,flags=0x00000003"
dengfoc,"SYNC_TRUTH,sequence=97850,truth_tick_us=196121592,mechanical_angle_rad=4.881126881,valid=1,read_failures=0"
dengfoc,"SYNC_TRUTH,sequence=97851,truth_tick_us=196123584,mechanical_angle_rad=4.879592896,valid=1,read_failures=0"
dengfoc,"SYNC_TRUTH,sequence=97852,truth_tick_us=196125588,mechanical_angle_rad=4.881126881,valid=1,read_failures=0"
dengfoc,"SYNC_TRUTH,sequence=97853,truth_tick_us=196127584,mechanical_angle_rad=4.881126881,valid=1,read_failures=0"
dengfoc,"SYNC_TRUTH,sequence=97854,truth_tick_us=196129588,mechanical_angle_rad=4.881126881,valid=1,read_failures=0"
dengfoc,"SYNC_TRUTH,sequence=97855,truth_tick_us=196131584,mechanical_angle_rad=4.879592896,valid=1,read_failures=0"
dengfoc,"SYNC_TRUTH,sequence=97856,truth_tick_us=196133588,mechanical_angle_rad=4.881126881,valid=1,read_failures=0"
dengfoc,"SYNC_TRUTH,sequence=97857,truth_tick_us=196135584,mechanical_angle_rad=4.879592896,valid=1,read_failures=0"
dengfoc,"SYNC_TRUTH,sequence=97858,truth_tick_us=196137588,mechanical_angle_rad=4.879592896,valid=1,read_failures=0"
dengfoc,"SYNC_TRUTH,sequence=97859,truth_tick_us=196139584,mechanical_angle_rad=4.881126881,valid=1,read_failures=0"
dengfoc,"SYNC_TRUTH,sequence=97860,truth_tick_us=196141588,mechanical_angle_rad=4.879592896,valid=1,read_failures=0"
dengfoc,"SYNC_TRUTH,sequence=97861,truth_tick_us=196143584,mechanical_angle_rad=4.879592896,valid=1,read_failures=0"
dengfoc,"SYNC_TRUTH,sequence=97862,truth_tick_us=196145588,mechanical_angle_rad=4.879592896,valid=1,read_failures=0"
dengfoc,"SYNC_TRUTH,sequence=97863,truth_tick_us=196147584,mechanical_angle_rad=4.879592896,valid=1,read_failures=0"
g431,msh >
dengfoc,"SYNC_TRUTH,sequence=97864,truth_tick_us=196149588,mechanical_angle_rad=4.879592896,valid=1,read_failures=0"
dengfoc,"SYNC_TRUTH,sequence=97865,truth_tick_us=196151584,mechanical_angle_rad=4.879592896,valid=1,read_failures=0"
dengfoc,"SYNC_TRUTH,sequence=97866,truth_tick_us=196153588,mechanical_angle_rad=4.879592896,valid=1,read_failures=0"
dengfoc,"SYNC_TRUTH,sequence=97867,truth_tick_us=196155584,mechanical_angle_rad=4.879592896,valid=1,read_failures=0"
dengfoc,"SYNC_TRUTH,sequence=97868,truth_tick_us=196157588,mechanical_angle_rad=4.879592896,valid=1,read_failures=0"
dengfoc,"SYNC_TRUTH,sequence=97869,truth_tick_us=196159584,mechanical_angle_rad=4.881126881,valid=1,read_failures=0"
dengfoc,"SYNC_TRUTH,sequence=97870,truth_tick_us=196161588,mechanical_angle_rad=4.881126881,valid=1,read_failures=0"
dengfoc,"SYNC_TRUTH,sequence=97871,truth_tick_us=196163584,mechanical_angle_rad=4.881126881,valid=1,read_failures=0"
dengfoc,"SYNC_TRUTH,sequence=97872,truth_tick_us=196165588,mechanical_angle_rad=4.881126881,valid=1,read_failures=0"
dengfoc,"SYNC_TRUTH,sequence=97873,truth_tick_us=196167584,mechanical_angle_rad=4.881126881,valid=1,read_failures=0"
dengfoc,"SYNC_TRUTH,sequence=97874,truth_tick_us=196169588,mechanical_angle_rad=4.879592896,valid=1,read_failures=0"
dengfoc,"SYNC_TRUTH,sequence=97875,truth_tick_us=196171584,mechanical_angle_rad=4.881126881,valid=1,read_failures=0"
dengfoc,"SYNC_TRUTH,sequence=97876,truth_tick_us=196173588,mechanical_angle_rad=4.879592896,valid=1,read_failures=0"
dengfoc,"SYNC_TRUTH,sequence=97877,truth_tick_us=196175584,mechanical_angle_rad=4.879592896,valid=1,read_failures=0"
dengfoc,"SYNC_TRUTH,sequence=97878,truth_tick_us=196177588,mechanical_angle_rad=4.881126881,valid=1,read_failures=0"
dengfoc,"SYNC_TRUTH,sequence=97879,truth_tick_us=196179584,mechanical_angle_rad=4.879592896,valid=1,read_failures=0"
dengfoc,"SYNC_TRUTH,sequence=97880,truth_tick_us=196181588,mechanical_angle_rad=4.879592896,valid=1,read_failures=0"
dengfoc,"SYNC_TRUTH,sequence=97881,truth_tick_us=196183584,mechanical_angle_rad=4.879592896,valid=1,read_failures=0"
dengfoc,"SYNC_TRUTH,sequence=97882,truth_tick_us=196185588,mechanical_angle_rad=4.879592896,valid=1,read_failures=0"
dengfoc,"SYNC_TRUTH,sequence=97883,truth_tick_us=196187584,mechanical_angle_rad=4.881126881,valid=1,read_failures=0"
dengfoc,"SYNC_TRUTH,sequence=97884,truth_tick_us=196189588,mechanical_angle_rad=4.879592896,valid=1,read_failures=0"
dengfoc,"SYNC_TRUTH,sequence=97885,truth_tick_us=196191584,mechanical_angle_rad=4.879592896,valid=1,read_failures=0"
dengfoc,"SYNC_STATUS,frames=12,frame_fail=0,truth=97885,truth_fail=0,idle=0,capture_state=1,capture_failure=0,rejected=0,overflow=0,driver_disabled=1"
dengfoc,"SYNC_TRUTH,sequence=97886,truth_tick_us=196194592,mechanical_angle_rad=4.879592896,valid=1,read_failures=0"
dengfoc,"SYNC_TRUTH,sequence=97887,truth_tick_us=196196584,mechanical_angle_rad=4.879592896,valid=1,read_failures=0"
dengfoc,"SYNC_TRUTH,sequence=97888,truth_tick_us=196198588,mechanical_angle_rad=4.879592896,valid=1,read_failures=0"
dengfoc,"SYNC_TRUTH,sequence=97889,truth_tick_us=196200584,mechanical_angle_rad=4.879592896,valid=1,read_failures=0"
dengfoc,"SYNC_TRUTH,sequence=97890,truth_tick_us=196202588,mechanical_angle_rad=4.879592896,valid=1,read_failures=0"
dengfoc,"SYNC_TRUTH,sequence=97891,truth_tick_us=196204584,mechanical_angle_rad=4.881126881,valid=1,read_failures=0"
dengfoc,"SYNC_TRUTH,sequence=97892,truth_tick_us=196206588,mechanical_angle_rad=4.881126881,valid=1,read_failures=0"
dengfoc,"SYNC_TRUTH,sequence=97893,truth_tick_us=196208584,mechanical_angle_rad=4.879592896,valid=1,read_failures=0"
dengfoc,"SYNC_TRUTH,sequence=97894,truth_tick_us=196210588,mechanical_angle_rad=4.879592896,valid=1,read_failures=0"
dengfoc,"SYNC_TRUTH,sequence=97895,truth_tick_us=196212584,mechanical_angle_rad=4.881126881,valid=1,read_failures=0"
dengfoc,"SYNC_TRUTH,sequence=97896,truth_tick_us=196214588,mechanical_angle_rad=4.879592896,valid=1,read_failures=0"
dengfoc,"SYNC_TRUTH,sequence=97897,truth_tick_us=196216584,mechanical_angle_rad=4.879592896,valid=1,read_failures=0"
dengfoc,"SYNC_TRUTH,sequence=97898,truth_tick_us=196218588,mechanical_angle_rad=4.879592896,valid=1,read_failures=0"
dengfoc,"SYNC_TRUTH,sequence=97899,truth_tick_us=196220584,mechanical_angle_rad=4.881126881,valid=1,read_failures=0"
dengfoc,"SYNC_TRUTH,sequence=97900,truth_tick_us=196222588,mechanical_angle_rad=4.879592896,valid=1,read_failures=0"
dengfoc,"SYNC_TRUTH,sequence=97901,truth_tick_us=196224584,mechanical_angle_rad=4.879592896,valid=1,read_failures=0"
dengfoc,"SYNC_TRUTH,sequence=97902,truth_tick_us=196226588,mechanical_angle_rad=4.879592896,valid=1,read_failures=0"
dengfoc,"SYNC_TRUTH,sequence=97903,truth_tick_us=196228584,mechanical_angle_rad=4.879592896,valid=1,read_failures=0"
dengfoc,"SYNC_TRUTH,sequence=97904,truth_tick_us=196230588,mechanical_angle_rad=4.879592896,valid=1,read_failures=0"
dengfoc,"SYNC_TRUTH,sequence=97905,truth_tick_us=196232584,mechanical_angle_rad=4.879592896,valid=1,read_failures=0"
dengfoc,"SYNC_TRUTH,sequence=97906,truth_tick_us=196234588,mechanical_angle_rad=4.879592896,valid=1,read_failures=0"
dengfoc,"SYNC_TRUTH,sequence=97907,truth_tick_us=196236584,mechanical_angle_rad=4.879592896,valid=1,read_failures=0"
dengfoc,"SYNC_TRUTH,sequence=97908,truth_tick_us=196238588,mechanical_angle_rad=4.879592896,valid=1,read_failures=0"
dengfoc,"SYNC_TRUTH,sequence=97909,truth_tick_us=196240584,mechanical_angle_rad=4.881126881,valid=1,read_failures=0"
dengfoc,"SYNC_TRUTH,sequence=97910,truth_tick_us=196242588,mechanical_angle_rad=4.881126881,valid=1,read_failures=0"
dengfoc,"SYNC_TRUTH,sequence=97911,truth_tick_us=196244584,mechanical_angle_rad=4.879592896,valid=1,read_failures=0"
dengfoc,"SYNC_TRUTH,sequence=97912,truth_tick_us=196246588,mechanical_angle_rad=4.879592896,valid=1,read_failures=0"
dengfoc,"SYNC_TRUTH,sequence=97913,truth_tick_us=196248584,mechanical_angle_rad=4.879592896,valid=1,read_failures=0"
dengfoc,"SYNC_TRUTH,sequence=97914,truth_tick_us=196250588,mechanical_angle_rad=4.879592896,valid=1,read_failures=0"
dengfoc,"SYNC_TRUTH,sequence=97915,truth_tick_us=196252584,mechanical_angle_rad=4.879592896,valid=1,read_failures=0"
dengfoc,"SYNC_TRUTH,sequence=97916,truth_tick_us=196254588,mechanical_angle_rad=4.879592896,valid=1,read_failures=0"
dengfoc,"SYNC_TRUTH,sequence=97917,truth_tick_us=196256584,mechanical_angle_rad=4.881126881,valid=1,read_failures=0"
dengfoc,"SYNC_TRUTH,sequence=97918,truth_tick_us=196258588,mechanical_angle_rad=4.879592896,valid=1,read_failures=0"
dengfoc,"SYNC_TRUTH,sequence=97919,truth_tick_us=196260584,mechanical_angle_rad=4.879592896,valid=1,read_failures=0"
dengfoc,"SYNC_TRUTH,sequence=97920,truth_tick_us=196262588,mechanical_angle_rad=4.879592896,valid=1,read_failures=0"
dengfoc,"SYNC_TRUTH,sequence=97921,truth_tick_us=196264584,mechanical_angle_rad=4.879592896,valid=1,read_failures=0"
dengfoc,"SYNC_TRUTH,sequence=97922,truth_tick_us=196266588,mechanical_angle_rad=4.881126881,valid=1,read_failures=0"
dengfoc,"SYNC_TRUTH,sequence=97923,truth_tick_us=196268584,mechanical_angle_rad=4.879592896,valid=1,read_failures=0"
dengfoc,"SYNC_TRUTH,sequence=97924,truth_tick_us=196270588,mechanical_angle_rad=4.879592896,valid=1,read_failures=0"
dengfoc,"SYNC_TRUTH,sequence=97925,truth_tick_us=196272584,mechanical_angle_rad=4.879592896,valid=1,read_failures=0"
dengfoc,"SYNC_TRUTH,sequence=97926,truth_tick_us=196274588,mechanical_angle_rad=4.879592896,valid=1,read_failures=0"
dengfoc,"SYNC_TRUTH,sequence=97927,truth_tick_us=196276584,mechanical_angle_rad=4.879592896,valid=1,read_failures=0"
dengfoc,"SYNC_TRUTH,sequence=97928,truth_tick_us=196278588,mechanical_angle_rad=4.879592896,valid=1,read_failures=0"
dengfoc,"SYNC_TRUTH,sequence=97929,truth_tick_us=196280584,mechanical_angle_rad=4.881126881,valid=1,read_failures=0"
dengfoc,"SYNC_TRUTH,sequence=97930,truth_tick_us=196282588,mechanical_angle_rad=4.879592896,valid=1,read_failures=0"
dengfoc,"SYNC_TRUTH,sequence=97931,truth_tick_us=196284584,mechanical_angle_rad=4.879592896,valid=1,read_failures=0"
dengfoc,"SYNC_TRUTH,sequence=97932,truth_tick_us=196286588,mechanical_angle_rad=4.881126881,valid=1,read_failures=0"
dengfoc,"SYNC_TRUTH,sequence=97933,truth_tick_us=196288584,mechanical_angle_rad=4.879592896,valid=1,read_failures=0"
dengfoc,"SYNC_TRUTH,sequence=97934,truth_tick_us=196290588,mechanical_angle_rad=4.879592896,valid=1,read_failures=0"
dengfoc,"SYNC_TRUTH,sequence=97935,truth_tick_us=196292584,mechanical_angle_rad=4.881126881,valid=1,read_failures=0"
dengfoc,"SYNC_TRUTH,sequence=97936,truth_tick_us=196294588,mechanical_angle_rad=4.881126881,valid=1,read_failures=0"
dengfoc,"SYNC_TRUTH,sequence=97937,truth_tick_us=196296584,mechanical_angle_rad=4.879592896,valid=1,read_failures=0"
dengfoc,"SYNC_TRUTH,sequence=97938,truth_tick_us=196298588,mechanical_angle_rad=4.879592896,valid=1,read_failures=0"
dengfoc,"SYNC_TRUTH,sequence=97939,truth_tick_us=196300584,mechanical_angle_rad=4.881126881,valid=1,read_failures=0"
dengfoc,"SYNC_TRUTH,sequence=97940,truth_tick_us=196302588,mechanical_angle_rad=4.879592896,valid=1,read_failures=0"
dengfoc,"SYNC_TRUTH,sequence=97941,truth_tick_us=196304584,mechanical_angle_rad=4.881126881,valid=1,read_failures=0"
dengfoc,"SYNC_TRUTH,sequence=97942,truth_tick_us=196306588,mechanical_angle_rad=4.879592896,valid=1,read_failures=0"
dengfoc,"SYNC_TRUTH,sequence=97943,truth_tick_us=196308584,mechanical_angle_rad=4.879592896,valid=1,read_failures=0"
dengfoc,"SYNC_TRUTH,sequence=97944,truth_tick_us=196310588,mechanical_angle_rad=4.881126881,valid=1,read_failures=0"
dengfoc,"SYNC_TRUTH,sequence=97945,truth_tick_us=196312584,mechanical_angle_rad=4.881126881,valid=1,read_failures=0"
dengfoc,"SYNC_TRUTH,sequence=97946,truth_tick_us=196314588,mechanical_angle_rad=4.879592896,valid=1,read_failures=0"
dengfoc,"SYNC_TRUTH,sequence=97947,truth_tick_us=196316584,mechanical_angle_rad=4.879592896,valid=1,read_failures=0"
dengfoc,"SYNC_TRUTH,sequence=97948,truth_tick_us=196318588,mechanical_angle_rad=4.879592896,valid=1,read_failures=0"
dengfoc,"SYNC_TRUTH,sequence=97949,truth_tick_us=196320584,mechanical_angle_rad=4.879592896,valid=1,read_failures=0"
dengfoc,"SYNC_TRUTH,sequence=97950,truth_tick_us=196322588,mechanical_angle_rad=4.881126881,valid=1,read_failures=0"
dengfoc,"SYNC_TRUTH,sequence=97951,truth_tick_us=196324584,mechanical_angle_rad=4.881126881,valid=1,read_failures=0"
dengfoc,"SYNC_TRUTH,sequence=97952,truth_tick_us=196326588,mechanical_angle_rad=4.879592896,valid=1,read_failures=0"
dengfoc,"SYNC_TRUTH,sequence=97953,truth_tick_us=196328584,mechanical_angle_rad=4.879592896,valid=1,read_failures=0"
dengfoc,"SYNC_TRUTH,sequence=97954,truth_tick_us=196330588,mechanical_angle_rad=4.879592896,valid=1,read_failures=0"
dengfoc,"SYNC_TRUTH,sequence=97955,truth_tick_us=196332584,mechanical_angle_rad=4.881126881,valid=1,read_failures=0"
dengfoc,"SYNC_TRUTH,sequence=97956,truth_tick_us=196334588,mechanical_angle_rad=4.879592896,valid=1,read_failures=0"
dengfoc,"SYNC_TRUTH,sequence=97957,truth_tick_us=196336584,mechanical_angle_rad=4.879592896,valid=1,read_failures=0"
dengfoc,"SYNC_TRUTH,sequence=97958,truth_tick_us=196338588,mechanical_angle_rad=4.881126881,valid=1,read_failures=0"
dengfoc,"SYNC_TRUTH,sequence=97959,truth_tick_us=196340584,mechanical_angle_rad=4.879592896,valid=1,read_failures=0"
dengfoc,"SYNC_TRUTH,sequence=97960,truth_tick_us=196342588,mechanical_angle_rad=4.881126881,valid=1,read_failures=0"
dengfoc,"SYNC_TRUTH,sequence=97961,truth_tick_us=196344584,mechanical_angle_rad=4.879592896,valid=1,read_failures=0"
dengfoc,"SYNC_TRUTH,sequence=97962,truth_tick_us=196346588,mechanical_angle_rad=4.879592896,valid=1,read_failures=0"
dengfoc,"SYNC_TRUTH,sequence=97963,truth_tick_us=196348584,mechanical_angle_rad=4.881126881,valid=1,read_failures=0"
dengfoc,"SYNC_TRUTH,sequence=97964,truth_tick_us=196350588,mechanical_angle_rad=4.881126881,valid=1,read_failures=0"
dengfoc,"SYNC_TRUTH,sequence=97965,truth_tick_us=196352584,mechanical_angle_rad=4.881126881,valid=1,read_failures=0"
dengfoc,"SYNC_TRUTH,sequence=97966,truth_tick_us=196354588,mechanical_angle_rad=4.879592896,valid=1,read_failures=0"
dengfoc,"SYNC_TRUTH,sequence=97967,truth_tick_us=196356584,mechanical_angle_rad=4.879592896,valid=1,read_failures=0"
dengfoc,"SYNC_TRUTH,sequence=97968,truth_tick_us=196358588,mechanical_angle_rad=4.879592896,valid=1,read_failures=0"
dengfoc,"SYNC_TRUTH,sequence=97969,truth_tick_us=196360584,mechanical_angle_rad=4.879592896,valid=1,read_failures=0"
dengfoc,"SYNC_TRUTH,sequence=97970,truth_tick_us=196362588,mechanical_angle_rad=4.879592896,valid=1,read_failures=0"
dengfoc,"SYNC_TRUTH,sequence=97971,truth_tick_us=196364584,mechanical_angle_rad=4.881126881,valid=1,read_failures=0"
dengfoc,"SYNC_TRUTH,sequence=97972,truth_tick_us=196366588,mechanical_angle_rad=4.879592896,valid=1,read_failures=0"
dengfoc,"SYNC_TRUTH,sequence=97973,truth_tick_us=196368584,mechanical_angle_rad=4.881126881,valid=1,read_failures=0"
dengfoc,"SYNC_TRUTH,sequence=97974,truth_tick_us=196370588,mechanical_angle_rad=4.879592896,valid=1,read_failures=0"
dengfoc,"SYNC_TRUTH,sequence=97975,truth_tick_us=196372584,mechanical_angle_rad=4.879592896,valid=1,read_failures=0"
dengfoc,"SYNC_TRUTH,sequence=97976,truth_tick_us=196374588,mechanical_angle_rad=4.879592896,valid=1,read_failures=0"
dengfoc,"SYNC_TRUTH,sequence=97977,truth_tick_us=196376584,mechanical_angle_rad=4.879592896,valid=1,read_failures=0"
dengfoc,"SYNC_TRUTH,sequence=97978,truth_tick_us=196378588,mechanical_angle_rad=4.879592896,valid=1,read_failures=0"
dengfoc,"SYNC_TRUTH,sequence=97979,truth_tick_us=196380584,mechanical_angle_rad=4.881126881,valid=1,read_failures=0"
dengfoc,"SYNC_TRUTH,sequence=97980,truth_tick_us=196382588,mechanical_angle_rad=4.879592896,valid=1,read_failures=0"
dengfoc,"SYNC_TRUTH,sequence=97981,truth_tick_us=196384584,mechanical_angle_rad=4.881126881,valid=1,read_failures=0"
dengfoc,"SYNC_TRUTH,sequence=97982,truth_tick_us=196386588,mechanical_angle_rad=4.881126881,valid=1,read_failures=0"
dengfoc,"SYNC_TRUTH,sequence=97983,truth_tick_us=196388584,mechanical_angle_rad=4.881126881,valid=1,read_failures=0"
dengfoc,"SYNC_TRUTH,sequence=97984,truth_tick_us=196390588,mechanical_angle_rad=4.881126881,valid=1,read_failures=0"
dengfoc,"SYNC_TRUTH,sequence=97985,truth_tick_us=196392584,mechanical_angle_rad=4.881126881,valid=1,read_failures=0"
dengfoc,"SYNC_TRUTH,sequence=97986,truth_tick_us=196394588,mechanical_angle_rad=4.879592896,valid=1,read_failures=0"
dengfoc,"SYNC_TRUTH,sequence=97987,truth_tick_us=196396584,mechanical_angle_rad=4.879592896,valid=1,read_failures=0"
dengfoc,"SYNC_TRUTH,sequence=97988,truth_tick_us=196398588,mechanical_angle_rad=4.879592896,valid=1,read_failures=0"
dengfoc,"SYNC_TRUTH,sequence=97989,truth_tick_us=196400584,mechanical_angle_rad=4.879592896,valid=1,read_failures=0"
dengfoc,"SYNC_TRUTH,sequence=97990,truth_tick_us=196402588,mechanical_angle_rad=4.881126881,valid=1,read_failures=0"
dengfoc,"SYNC_TRUTH,sequence=97991,truth_tick_us=196404584,mechanical_angle_rad=4.879592896,valid=1,read_failures=0"
dengfoc,"SYNC_TRUTH,sequence=97992,truth_tick_us=196406588,mechanical_angle_rad=4.879592896,valid=1,read_failures=0"
dengfoc,"SYNC_TRUTH,sequence=97993,truth_tick_us=196408584,mechanical_angle_rad=4.879592896,valid=1,read_failures=0"
dengfoc,"SYNC_TRUTH,sequence=97994,truth_tick_us=196410588,mechanical_angle_rad=4.879592896,valid=1,read_failures=0"
dengfoc,"SYNC_TRUTH,sequence=97995,truth_tick_us=196412584,mechanical_angle_rad=4.879592896,valid=1,read_failures=0"
dengfoc,"SYNC_TRUTH,sequence=97996,truth_tick_us=196414588,mechanical_angle_rad=4.879592896,valid=1,read_failures=0"
dengfoc,"SYNC_TRUTH,sequence=97997,truth_tick_us=196416584,mechanical_angle_rad=4.879592896,valid=1,read_failures=0"
dengfoc,"SYNC_TRUTH,sequence=97998,truth_tick_us=196418588,mechanical_angle_rad=4.879592896,valid=1,read_failures=0"
dengfoc,"SYNC_TRUTH,sequence=97999,truth_tick_us=196420584,mechanical_angle_rad=4.879592896,valid=1,read_failures=0"
dengfoc,"SYNC_TRUTH,sequence=98000,truth_tick_us=196422588,mechanical_angle_rad=4.879592896,valid=1,read_failures=0"
dengfoc,"SYNC_TRUTH,sequence=98001,truth_tick_us=196424584,mechanical_angle_rad=4.881126881,valid=1,read_failures=0"
dengfoc,"SYNC_TRUTH,sequence=98002,truth_tick_us=196426588,mechanical_angle_rad=4.881126881,valid=1,read_failures=0"
dengfoc,"SYNC_TRUTH,sequence=98003,truth_tick_us=196428584,mechanical_angle_rad=4.879592896,valid=1,read_failures=0"
dengfoc,"SYNC_TRUTH,sequence=98004,truth_tick_us=196430588,mechanical_angle_rad=4.879592896,valid=1,read_failures=0"
dengfoc,"SYNC_TRUTH,sequence=98005,truth_tick_us=196432584,mechanical_angle_rad=4.879592896,valid=1,read_failures=0"
dengfoc,"SYNC_TRUTH,sequence=98006,truth_tick_us=196434588,mechanical_angle_rad=4.881126881,valid=1,read_failures=0"
dengfoc,"SYNC_TRUTH,sequence=98007,truth_tick_us=196436584,mechanical_angle_rad=4.879592896,valid=1,read_failures=0"
dengfoc,"SYNC_TRUTH,sequence=98008,truth_tick_us=196438588,mechanical_angle_rad=4.879592896,valid=1,read_failures=0"
dengfoc,"SYNC_TRUTH,sequence=98009,truth_tick_us=196440584,mechanical_angle_rad=4.879592896,valid=1,read_failures=0"
dengfoc,"SYNC_TRUTH,sequence=98010,truth_tick_us=196442588,mechanical_angle_rad=4.879592896,valid=1,read_failures=0"
dengfoc,"SYNC_TRUTH,sequence=98011,truth_tick_us=196444584,mechanical_angle_rad=4.881126881,valid=1,read_failures=0"
dengfoc,"SYNC_TRUTH,sequence=98012,truth_tick_us=196446588,mechanical_angle_rad=4.879592896,valid=1,read_failures=0"
dengfoc,"SYNC_TRUTH,sequence=98013,truth_tick_us=196448584,mechanical_angle_rad=4.879592896,valid=1,read_failures=0"
dengfoc,"SYNC_TRUTH,sequence=98014,truth_tick_us=196450588,mechanical_angle_rad=4.879592896,valid=1,read_failures=0"
dengfoc,"SYNC_TRUTH,sequence=98015,truth_tick_us=196452584,mechanical_angle_rad=4.879592896,valid=1,read_failures=0"
dengfoc,"SYNC_TRUTH,sequence=98016,truth_tick_us=196454588,mechanical_angle_rad=4.879592896,valid=1,read_failures=0"
dengfoc,"SYNC_TRUTH,sequence=98017,truth_tick_us=196456584,mechanical_angle_rad=4.879592896,valid=1,read_failures=0"
dengfoc,"SYNC_TRUTH,sequence=98018,truth_tick_us=196458588,mechanical_angle_rad=4.879592896,valid=1,read_failures=0"
dengfoc,"SYNC_TRUTH,sequence=98019,truth_tick_us=196460584,mechanical_angle_rad=4.879592896,valid=1,read_failures=0"
dengfoc,"SYNC_TRUTH,sequence=98020,truth_tick_us=196462588,mechanical_angle_rad=4.879592896,valid=1,read_failures=0"
dengfoc,"SYNC_TRUTH,sequence=98021,truth_tick_us=196464584,mechanical_angle_rad=4.879592896,valid=1,read_failures=0"
dengfoc,"SYNC_TRUTH,sequence=98022,truth_tick_us=196466588,mechanical_angle_rad=4.879592896,valid=1,read_failures=0"
dengfoc,"SYNC_TRUTH,sequence=98023,truth_tick_us=196468584,mechanical_angle_rad=4.879592896,valid=1,read_failures=0"
dengfoc,"SYNC_TRUTH,sequence=98024,truth_tick_us=196470588,mechanical_angle_rad=4.881126881,valid=1,read_failures=0"
dengfoc,"SYNC_TRUTH,sequence=98025,truth_tick_us=196472584,mechanical_angle_rad=4.879592896,valid=1,read_failures=0"
dengfoc,"SYNC_TRUTH,sequence=98026,truth_tick_us=196474588,mechanical_angle_rad=4.879592896,valid=1,read_failures=0"
dengfoc,"SYNC_TRUTH,sequence=98027,truth_tick_us=196476584,mechanical_angle_rad=4.879592896,valid=1,read_failures=0"
g431,foc_h3_sync_status
dengfoc,"SYNC_TRUTH,sequence=98028,truth_tick_us=196478588,mechanical_angle_rad=4.881126881,valid=1,read_failures=0"
dengfoc,"SYNC_TRUTH,sequence=98029,truth_tick_us=196480584,mechanical_angle_rad=4.881126881,valid=1,read_failures=0"
dengfoc,"SYNC_TRUTH,sequence=98030,truth_tick_us=196482588,mechanical_angle_rad=4.879592896,valid=1,read_failures=0"
dengfoc,"SYNC_TRUTH,sequence=98031,truth_tick_us=196484584,mechanical_angle_rad=4.879592896,valid=1,read_failures=0"
dengfoc,"SYNC_TRUTH,sequence=98032,truth_tick_us=196486588,mechanical_angle_rad=4.881126881,valid=1,read_failures=0"
g431,"FH3_SYNC_STATUS,1,196608,3,54,54,0,54,101,3695229259,15723462,7,20261004,131,231,0,39,100,3695229308,49"
g431,msh >
dengfoc,"SYNC_TRUTH,sequence=98033,truth_tick_us=196488584,mechanical_angle_rad=4.879592896,valid=1,read_failures=0"
dengfoc,"SYNC_TRUTH,sequence=98034,truth_tick_us=196490588,mechanical_angle_rad=4.881126881,valid=1,read_failures=0"
dengfoc,"SYNC_TRUTH,sequence=98035,truth_tick_us=196492584,mechanical_angle_rad=4.879592896,valid=1,read_failures=0"
dengfoc,"SYNC_TRUTH,sequence=98036,truth_tick_us=196494588,mechanical_angle_rad=4.879592896,valid=1,read_failures=0"
dengfoc,"SYNC_TRUTH,sequence=98037,truth_tick_us=196496584,mechanical_angle_rad=4.879592896,valid=1,read_failures=0"
dengfoc,"SYNC_TRUTH,sequence=98038,truth_tick_us=196498588,mechanical_angle_rad=4.881126881,valid=1,read_failures=0"
dengfoc,"SYNC_TRUTH,sequence=98039,truth_tick_us=196500584,mechanical_angle_rad=4.879592896,valid=1,read_failures=0"
dengfoc,"SYNC_TRUTH,sequence=98040,truth_tick_us=196502588,mechanical_angle_rad=4.879592896,valid=1,read_failures=0"
dengfoc,"SYNC_TRUTH,sequence=98041,truth_tick_us=196504584,mechanical_angle_rad=4.879592896,valid=1,read_failures=0"
dengfoc,"SYNC_TRUTH,sequence=98042,truth_tick_us=196506588,mechanical_angle_rad=4.881126881,valid=1,read_failures=0"
dengfoc,"SYNC_TRUTH,sequence=98043,truth_tick_us=196508584,mechanical_angle_rad=4.879592896,valid=1,read_failures=0"
g431,"msh >ALV,01e8231f,15728239,0,0,39"
dengfoc,"SYNC_TRUTH,sequence=98044,truth_tick_us=196510588,mechanical_angle_rad=4.879592896,valid=1,read_failures=0"
dengfoc,"SYNC_TRUTH,sequence=98045,truth_tick_us=196512584,mechanical_angle_rad=4.879592896,valid=1,read_failures=0"
dengfoc,"SYNC_TRUTH,sequence=98046,truth_tick_us=196514588,mechanical_angle_rad=4.881126881,valid=1,read_failures=0"
dengfoc,"SYNC_TRUTH,sequence=98047,truth_tick_us=196516584,mechanical_angle_rad=4.879592896,valid=1,read_failures=0"
dengfoc,"SYNC_TRUTH,sequence=98048,truth_tick_us=196518588,mechanical_angle_rad=4.879592896,valid=1,read_failures=0"
dengfoc,"SYNC_TRUTH,sequence=98049,truth_tick_us=196520584,mechanical_angle_rad=4.881126881,valid=1,read_failures=0"
dengfoc,"SYNC_TRUTH,sequence=98050,truth_tick_us=196522588,mechanical_angle_rad=4.879592896,valid=1,read_failures=0"
dengfoc,"SYNC_TRUTH,sequence=98051,truth_tick_us=196524584,mechanical_angle_rad=4.879592896,valid=1,read_failures=0"
dengfoc,"SYNC_TRUTH,sequence=98052,truth_tick_us=196526588,mechanical_angle_rad=4.879592896,valid=1,read_failures=0"
dengfoc,"SYNC_TRUTH,sequence=98053,truth_tick_us=196528584,mechanical_angle_rad=4.881126881,valid=1,read_failures=0"
dengfoc,"SYNC_TRUTH,sequence=98054,truth_tick_us=196530588,mechanical_angle_rad=4.879592896,valid=1,read_failures=0"
dengfoc,"SYNC_TRUTH,sequence=98055,truth_tick_us=196532584,mechanical_angle_rad=4.879592896,valid=1,read_failures=0"
dengfoc,"SYNC_TRUTH,sequence=98056,truth_tick_us=196534588,mechanical_angle_rad=4.881126881,valid=1,read_failures=0"
dengfoc,"SYNC_TRUTH,sequence=98057,truth_tick_us=196536584,mechanical_angle_rad=4.879592896,valid=1,read_failures=0"
dengfoc,"SYNC_TRUTH,sequence=98058,truth_tick_us=196538588,mechanical_angle_rad=4.879592896,valid=1,read_failures=0"
dengfoc,"SYNC_TRUTH,sequence=98059,truth_tick_us=196540584,mechanical_angle_rad=4.879592896,valid=1,read_failures=0"
dengfoc,"SYNC_TRUTH,sequence=98060,truth_tick_us=196542588,mechanical_angle_rad=4.881126881,valid=1,read_failures=0"
dengfoc,"SYNC_TRUTH,sequence=98061,truth_tick_us=196544584,mechanical_angle_rad=4.879592896,valid=1,read_failures=0"
dengfoc,"SYNC_TRUTH,sequence=98062,truth_tick_us=196546588,mechanical_angle_rad=4.879592896,valid=1,read_failures=0"
dengfoc,"SYNC_TRUTH,sequence=98063,truth_tick_us=196548584,mechanical_angle_rad=4.879592896,valid=1,read_failures=0"
dengfoc,"SYNC_TRUTH,sequence=98064,truth_tick_us=196550588,mechanical_angle_rad=4.879592896,valid=1,read_failures=0"
dengfoc,"SYNC_TRUTH,sequence=98065,truth_tick_us=196552584,mechanical_angle_rad=4.879592896,valid=1,read_failures=0"
dengfoc,"SYNC_TRUTH,sequence=98066,truth_tick_us=196554588,mechanical_angle_rad=4.881126881,valid=1,read_failures=0"
dengfoc,"SYNC_TRUTH,sequence=98067,truth_tick_us=196556584,mechanical_angle_rad=4.879592896,valid=1,read_failures=0"
dengfoc,"SYNC_TRUTH,sequence=98068,truth_tick_us=196558588,mechanical_angle_rad=4.879592896,valid=1,read_failures=0"
dengfoc,"SYNC_TRUTH,sequence=98069,truth_tick_us=196560584,mechanical_angle_rad=4.879592896,valid=1,read_failures=0"
dengfoc,"SYNC_TRUTH,sequence=98070,truth_tick_us=196562588,mechanical_angle_rad=4.879592896,valid=1,read_failures=0"
dengfoc,"SYNC_TRUTH,sequence=98071,truth_tick_us=196564584,mechanical_angle_rad=4.879592896,valid=1,read_failures=0"
dengfoc,"SYNC_TRUTH,sequence=98072,truth_tick_us=196566588,mechanical_angle_rad=4.879592896,valid=1,read_failures=0"
dengfoc,"SYNC_TRUTH,sequence=98073,truth_tick_us=196568584,mechanical_angle_rad=4.879592896,valid=1,read_failures=0"
dengfoc,"SYNC_TRUTH,sequence=98074,truth_tick_us=196570588,mechanical_angle_rad=4.879592896,valid=1,read_failures=0"
dengfoc,"SYNC_TRUTH,sequence=98075,truth_tick_us=196572584,mechanical_angle_rad=4.879592896,valid=1,read_failures=0"
dengfoc,"SYNC_TRUTH,sequence=98076,truth_tick_us=196574588,mechanical_angle_rad=4.879592896,valid=1,read_failures=0"
dengfoc,"SYNC_TRUTH,sequence=98077,truth_tick_us=196576584,mechanical_angle_rad=4.879592896,valid=1,read_failures=0"
dengfoc,"SYNC_TRUTH,sequence=98078,truth_tick_us=196578588,mechanical_angle_rad=4.879592896,valid=1,read_failures=0"
dengfoc,"SYNC_TRUTH,sequence=98079,truth_tick_us=196580584,mechanical_angle_rad=4.881126881,valid=1,read_failures=0"
dengfoc,"SYNC_TRUTH,sequence=98080,truth_tick_us=196582588,mechanical_angle_rad=4.879592896,valid=1,read_failures=0"
dengfoc,"SYNC_TRUTH,sequence=98081,truth_tick_us=196584584,mechanical_angle_rad=4.881126881,valid=1,read_failures=0"
dengfoc,"SYNC_TRUTH,sequence=98082,truth_tick_us=196586588,mechanical_angle_rad=4.879592896,valid=1,read_failures=0"
dengfoc,"SYNC_TRUTH,sequence=98083,truth_tick_us=196588584,mechanical_angle_rad=4.879592896,valid=1,read_failures=0"
dengfoc,"SYNC_TRUTH,sequence=98084,truth_tick_us=196590588,mechanical_angle_rad=4.879592896,valid=1,read_failures=0"
dengfoc,"SYNC_TRUTH,sequence=98085,truth_tick_us=196592584,mechanical_angle_rad=4.879592896,valid=1,read_failures=0"
dengfoc,"SYNC_TRUTH,sequence=98086,truth_tick_us=196594588,mechanical_angle_rad=4.881126881,valid=1,read_failures=0"
dengfoc,"SYNC_TRUTH,sequence=98087,truth_tick_us=196596584,mechanical_angle_rad=4.879592896,valid=1,read_failures=0"
dengfoc,"SYNC_TRUTH,sequence=98088,truth_tick_us=196598588,mechanical_angle_rad=4.879592896,valid=1,read_failures=0"
dengfoc,"SYNC_TRUTH,sequence=98089,truth_tick_us=196600584,mechanical_angle_rad=4.879592896,valid=1,read_failures=0"
dengfoc,"SYNC_TRUTH,sequence=98090,truth_tick_us=196602588,mechanical_angle_rad=4.879592896,valid=1,read_failures=0"
dengfoc,"SYNC_TRUTH,sequence=98091,truth_tick_us=196604584,mechanical_angle_rad=4.879592896,valid=1,read_failures=0"
dengfoc,"SYNC_TRUTH,sequence=98092,truth_tick_us=196606588,mechanical_angle_rad=4.879592896,valid=1,read_failures=0"
dengfoc,"SYNC_TRUTH,sequence=98093,truth_tick_us=196608584,mechanical_angle_rad=4.879592896,valid=1,read_failures=0"
dengfoc,"SYNC_TRUTH,sequence=98094,truth_tick_us=196610588,mechanical_angle_rad=4.879592896,valid=1,read_failures=0"
dengfoc,"SYNC_TRUTH,sequence=98095,truth_tick_us=196612584,mechanical_angle_rad=4.879592896,valid=1,read_failures=0"
dengfoc,"SYNC_TRUTH,sequence=98096,truth_tick_us=196614588,mechanical_angle_rad=4.881126881,valid=1,read_failures=0"
dengfoc,"SYNC_TRUTH,sequence=98097,truth_tick_us=196616584,mechanical_angle_rad=4.881126881,valid=1,read_failures=0"
dengfoc,"SYNC_TRUTH,sequence=98098,truth_tick_us=196618588,mechanical_angle_rad=4.879592896,valid=1,read_failures=0"
dengfoc,"SYNC_TRUTH,sequence=98099,truth_tick_us=196620584,mechanical_angle_rad=4.879592896,valid=1,read_failures=0"
dengfoc,"SYNC_TRUTH,sequence=98100,truth_tick_us=196622588,mechanical_angle_rad=4.879592896,valid=1,read_failures=0"
dengfoc,"SYNC_TRUTH,sequence=98101,truth_tick_us=196624584,mechanical_angle_rad=4.879592896,valid=1,read_failures=0"
dengfoc,"SYNC_TRUTH,sequence=98102,truth_tick_us=196626588,mechanical_angle_rad=4.879592896,valid=1,read_failures=0"
dengfoc,"SYNC_TRUTH,sequence=98103,truth_tick_us=196628584,mechanical_angle_rad=4.879592896,valid=1,read_failures=0"
dengfoc,"SYNC_TRUTH,sequence=98104,truth_tick_us=196630588,mechanical_angle_rad=4.879592896,valid=1,read_failures=0"
dengfoc,"SYNC_TRUTH,sequence=98105,truth_tick_us=196632584,mechanical_angle_rad=4.879592896,valid=1,read_failures=0"
dengfoc,"SYNC_TRUTH,sequence=98106,truth_tick_us=196634588,mechanical_angle_rad=4.881126881,valid=1,read_failures=0"
dengfoc,"SYNC_TRUTH,sequence=98107,truth_tick_us=196636584,mechanical_angle_rad=4.879592896,valid=1,read_failures=0"
dengfoc,"SYNC_TRUTH,sequence=98108,truth_tick_us=196638588,mechanical_angle_rad=4.879592896,valid=1,read_failures=0"
dengfoc,"SYNC_TRUTH,sequence=98109,truth_tick_us=196640584,mechanical_angle_rad=4.879592896,valid=1,read_failures=0"
dengfoc,"SYNC_TRUTH,sequence=98110,truth_tick_us=196642588,mechanical_angle_rad=4.879592896,valid=1,read_failures=0"
dengfoc,"SYNC_TRUTH,sequence=98111,truth_tick_us=196644584,mechanical_angle_rad=4.879592896,valid=1,read_failures=0"
dengfoc,"SYNC_TRUTH,sequence=98112,truth_tick_us=196646588,mechanical_angle_rad=4.879592896,valid=1,read_failures=0"
dengfoc,"SYNC_TRUTH,sequence=98113,truth_tick_us=196648584,mechanical_angle_rad=4.879592896,valid=1,read_failures=0"
dengfoc,"SYNC_TRUTH,sequence=98114,truth_tick_us=196650588,mechanical_angle_rad=4.879592896,valid=1,read_failures=0"
dengfoc,"SYNC_TRUTH,sequence=98115,truth_tick_us=196652584,mechanical_angle_rad=4.879592896,valid=1,read_failures=0"
dengfoc,"SYNC_TRUTH,sequence=98116,truth_tick_us=196654588,mechanical_angle_rad=4.879592896,valid=1,read_failures=0"
dengfoc,"SYNC_TRUTH,sequence=98117,truth_tick_us=196656584,mechanical_angle_rad=4.879592896,valid=1,read_failures=0"
dengfoc,"SYNC_TRUTH,sequence=98118,truth_tick_us=196658588,mechanical_angle_rad=4.879592896,valid=1,read_failures=0"
dengfoc,"SYNC_TRUTH,sequence=98119,truth_tick_us=196660584,mechanical_angle_rad=4.881126881,valid=1,read_failures=0"
dengfoc,"SYNC_TRUTH,sequence=98120,truth_tick_us=196662588,mechanical_angle_rad=4.881126881,valid=1,read_failures=0"
dengfoc,"SYNC_TRUTH,sequence=98121,truth_tick_us=196664584,mechanical_angle_rad=4.881126881,valid=1,read_failures=0"
dengfoc,"SYNC_TRUTH,sequence=98122,truth_tick_us=196666588,mechanical_angle_rad=4.881126881,valid=1,read_failures=0"
dengfoc,"SYNC_TRUTH,sequence=98123,truth_tick_us=196668584,mechanical_angle_rad=4.879592896,valid=1,read_failures=0"
dengfoc,"SYNC_TRUTH,sequence=98124,truth_tick_us=196670588,mechanical_angle_rad=4.881126881,valid=1,read_failures=0"
dengfoc,"SYNC_TRUTH,sequence=98125,truth_tick_us=196672584,mechanical_angle_rad=4.879592896,valid=1,read_failures=0"
dengfoc,"SYNC_TRUTH,sequence=98126,truth_tick_us=196674588,mechanical_angle_rad=4.879592896,valid=1,read_failures=0"
dengfoc,"SYNC_TRUTH,sequence=98127,truth_tick_us=196676584,mechanical_angle_rad=4.879592896,valid=1,read_failures=0"
dengfoc,"SYNC_TRUTH,sequence=98128,truth_tick_us=196678588,mechanical_angle_rad=4.879592896,valid=1,read_failures=0"
dengfoc,"SYNC_TRUTH,sequence=98129,truth_tick_us=196680584,mechanical_angle_rad=4.879592896,valid=1,read_failures=0"
dengfoc,"SYNC_TRUTH,sequence=98130,truth_tick_us=196682588,mechanical_angle_rad=4.879592896,valid=1,read_failures=0"
dengfoc,"SYNC_TRUTH,sequence=98131,truth_tick_us=196684584,mechanical_angle_rad=4.879592896,valid=1,read_failures=0"
dengfoc,"SYNC_TRUTH,sequence=98132,truth_tick_us=196686588,mechanical_angle_rad=4.879592896,valid=1,read_failures=0"
dengfoc,"SYNC_TRUTH,sequence=98133,truth_tick_us=196688584,mechanical_angle_rad=4.879592896,valid=1,read_failures=0"
dengfoc,"SYNC_TRUTH,sequence=98134,truth_tick_us=196690588,mechanical_angle_rad=4.881126881,valid=1,read_failures=0"
dengfoc,"SYNC_TRUTH,sequence=98135,truth_tick_us=196692584,mechanical_angle_rad=4.879592896,valid=1,read_failures=0"
dengfoc,"SYNC_TRUTH,sequence=98136,truth_tick_us=196694588,mechanical_angle_rad=4.879592896,valid=1,read_failures=0"
dengfoc,"SYNC_TRUTH,sequence=98137,truth_tick_us=196696584,mechanical_angle_rad=4.879592896,valid=1,read_failures=0"
dengfoc,"SYNC_TRUTH,sequence=98138,truth_tick_us=196698588,mechanical_angle_rad=4.879592896,valid=1,read_failures=0"
dengfoc,"SYNC_TRUTH,sequence=98139,truth_tick_us=196700584,mechanical_angle_rad=4.879592896,valid=1,read_failures=0"
dengfoc,"SYNC_TRUTH,sequence=98140,truth_tick_us=196702588,mechanical_angle_rad=4.879592896,valid=1,read_failures=0"
dengfoc,"SYNC_TRUTH,sequence=98141,truth_tick_us=196704584,mechanical_angle_rad=4.879592896,valid=1,read_failures=0"
dengfoc,"SYNC_TRUTH,sequence=98142,truth_tick_us=196706588,mechanical_angle_rad=4.879592896,valid=1,read_failures=0"
dengfoc,"SYNC_TRUTH,sequence=98143,truth_tick_us=196708584,mechanical_angle_rad=4.881126881,valid=1,read_failures=0"
dengfoc,"SYNC_TRUTH,sequence=98144,truth_tick_us=196710588,mechanical_angle_rad=4.879592896,valid=1,read_failures=0"
dengfoc,"SYNC_TRUTH,sequence=98145,truth_tick_us=196712584,mechanical_angle_rad=4.879592896,valid=1,read_failures=0"
dengfoc,"SYNC_TRUTH,sequence=98146,truth_tick_us=196714588,mechanical_angle_rad=4.881126881,valid=1,read_failures=0"
dengfoc,"SYNC_TRUTH,sequence=98147,truth_tick_us=196716584,mechanical_angle_rad=4.879592896,valid=1,read_failures=0"
dengfoc,"SYNC_TRUTH,sequence=98148,truth_tick_us=196718588,mechanical_angle_rad=4.879592896,valid=1,read_failures=0"
dengfoc,"SYNC_TRUTH,sequence=98149,truth_tick_us=196720584,mechanical_angle_rad=4.879592896,valid=1,read_failures=0"
dengfoc,"SYNC_TRUTH,sequence=98150,truth_tick_us=196722588,mechanical_angle_rad=4.881126881,valid=1,read_failures=0"
dengfoc,"SYNC_TRUTH,sequence=98151,truth_tick_us=196724584,mechanical_angle_rad=4.879592896,valid=1,read_failures=0"
dengfoc,"SYNC_TRUTH,sequence=98152,truth_tick_us=196726588,mechanical_angle_rad=4.879592896,valid=1,read_failures=0"
dengfoc,"SYNC_TRUTH,sequence=98153,truth_tick_us=196728584,mechanical_angle_rad=4.879592896,valid=1,read_failures=0"
dengfoc,"SYNC_TRUTH,sequence=98154,truth_tick_us=196730588,mechanical_angle_rad=4.879592896,valid=1,read_failures=0"
dengfoc,"SYNC_TRUTH,sequence=98155,truth_tick_us=196732584,mechanical_angle_rad=4.879592896,valid=1,read_failures=0"
dengfoc,"SYNC_TRUTH,sequence=98156,truth_tick_us=196734588,mechanical_angle_rad=4.879592896,valid=1,read_failures=0"
dengfoc,"SYNC_TRUTH,sequence=98157,truth_tick_us=196736584,mechanical_angle_rad=4.879592896,valid=1,read_failures=0"
dengfoc,"SYNC_TRUTH,sequence=98158,truth_tick_us=196738588,mechanical_angle_rad=4.879592896,valid=1,read_failures=0"
dengfoc,"SYNC_TRUTH,sequence=98159,truth_tick_us=196740584,mechanical_angle_rad=4.879592896,valid=1,read_failures=0"
dengfoc,"SYNC_TRUTH,sequence=98160,truth_tick_us=196742588,mechanical_angle_rad=4.879592896,valid=1,read_failures=0"
dengfoc,"SYNC_TRUTH,sequence=98161,truth_tick_us=196744584,mechanical_angle_rad=4.879592896,valid=1,read_failures=0"
dengfoc,"SYNC_TRUTH,sequence=98162,truth_tick_us=196746588,mechanical_angle_rad=4.879592896,valid=1,read_failures=0"
dengfoc,"SYNC_TRUTH,sequence=98163,truth_tick_us=196748584,mechanical_angle_rad=4.879592896,valid=1,read_failures=0"
dengfoc,"SYNC_TRUTH,sequence=98164,truth_tick_us=196750588,mechanical_angle_rad=4.879592896,valid=1,read_failures=0"
dengfoc,"SYNC_TRUTH,sequence=98165,truth_tick_us=196752584,mechanical_angle_rad=4.881126881,valid=1,read_failures=0"
dengfoc,"SYNC_TRUTH,sequence=98166,truth_tick_us=196754588,mechanical_angle_rad=4.879592896,valid=1,read_failures=0"
dengfoc,"SYNC_TRUTH,sequence=98167,truth_tick_us=196756584,mechanical_angle_rad=4.879592896,valid=1,read_failures=0"
dengfoc,"SYNC_TRUTH,sequence=98168,truth_tick_us=196758588,mechanical_angle_rad=4.879592896,valid=1,read_failures=0"
dengfoc,"SYNC_TRUTH,sequence=98169,truth_tick_us=196760584,mechanical_angle_rad=4.879592896,valid=1,read_failures=0"
dengfoc,"SYNC_TRUTH,sequence=98170,truth_tick_us=196762588,mechanical_angle_rad=4.881126881,valid=1,read_failures=0"
dengfoc,"SYNC_TRUTH,sequence=98171,truth_tick_us=196764584,mechanical_angle_rad=4.881126881,valid=1,read_failures=0"
dengfoc,"SYNC_TRUTH,sequence=98172,truth_tick_us=196766588,mechanical_angle_rad=4.879592896,valid=1,read_failures=0"
dengfoc,"SYNC_TRUTH,sequence=98173,truth_tick_us=196768584,mechanical_angle_rad=4.879592896,valid=1,read_failures=0"
dengfoc,"SYNC_TRUTH,sequence=98174,truth_tick_us=196770588,mechanical_angle_rad=4.879592896,valid=1,read_failures=0"
dengfoc,"SYNC_TRUTH,sequence=98175,truth_tick_us=196772584,mechanical_angle_rad=4.879592896,valid=1,read_failures=0"
dengfoc,"SYNC_TRUTH,sequence=98176,truth_tick_us=196774588,mechanical_angle_rad=4.879592896,valid=1,read_failures=0"
dengfoc,"SYNC_TRUTH,sequence=98177,truth_tick_us=196776584,mechanical_angle_rad=4.879592896,valid=1,read_failures=0"
dengfoc,"SYNC_TRUTH,sequence=98178,truth_tick_us=196778588,mechanical_angle_rad=4.881126881,valid=1,read_failures=0"
dengfoc,"SYNC_TRUTH,sequence=98179,truth_tick_us=196780584,mechanical_angle_rad=4.879592896,valid=1,read_failures=0"
dengfoc,"SYNC_TRUTH,sequence=98180,truth_tick_us=196782588,mechanical_angle_rad=4.879592896,valid=1,read_failures=0"
dengfoc,"SYNC_TRUTH,sequence=98181,truth_tick_us=196784584,mechanical_angle_rad=4.881126881,valid=1,read_failures=0"
dengfoc,"SYNC_TRUTH,sequence=98182,truth_tick_us=196786588,mechanical_angle_rad=4.881126881,valid=1,read_failures=0"
dengfoc,"SYNC_TRUTH,sequence=98183,truth_tick_us=196788584,mechanical_angle_rad=4.879592896,valid=1,read_failures=0"
dengfoc,"SYNC_TRUTH,sequence=98184,truth_tick_us=196790588,mechanical_angle_rad=4.881126881,valid=1,read_failures=0"
dengfoc,"SYNC_TRUTH,sequence=98185,truth_tick_us=196792584,mechanical_angle_rad=4.881126881,valid=1,read_failures=0"
dengfoc,"SYNC_TRUTH,sequence=98186,truth_tick_us=196794588,mechanical_angle_rad=4.881126881,valid=1,read_failures=0"
g431,foc_h3_sync_send 20261004 132 232
dengfoc,"SYNC_TRUTH,sequence=98187,truth_tick_us=196796584,mechanical_angle_rad=4.881126881,valid=1,read_failures=0"
dengfoc,"SYNC_TRUTH,sequence=98188,truth_tick_us=196798588,mechanical_angle_rad=4.879592896,valid=1,read_failures=0"
dengfoc,"SYNC_TRUTH,sequence=98189,truth_tick_us=196800585,mechanical_angle_rad=4.879592896,valid=1,read_failures=0"
dengfoc,"SYNC_TRUTH,sequence=98190,truth_tick_us=196802588,mechanical_angle_rad=4.881126881,valid=1,read_failures=0"
g431,"FH3_SYNC_SEND,1,196608,2,55,54,0,54,0,0,4294967295,0,20261004,132,232,0,39,0,0,0"
g431,msh >
dengfoc,"SYNC_TRUTH,sequence=98191,truth_tick_us=196804584,mechanical_angle_rad=4.881126881,valid=1,read_failures=0"
dengfoc,"SYNC_TRUTH,sequence=98192,truth_tick_us=196806588,mechanical_angle_rad=4.881126881,valid=1,read_failures=0"
dengfoc,"SYNC_ANCHOR_RX,session=20261004,edge_sequence=132,edge_tag=232,truth_tick_us=196798813,source=2,flags=0x00000003"
dengfoc,"SYNC_TRUTH,sequence=98193,truth_tick_us=196809592,mechanical_angle_rad=4.879592896,valid=1,read_failures=0"
dengfoc,"SYNC_TRUTH,sequence=98194,truth_tick_us=196811588,mechanical_angle_rad=4.879592896,valid=1,read_failures=0"
dengfoc,"SYNC_TRUTH,sequence=98195,truth_tick_us=196813584,mechanical_angle_rad=4.879592896,valid=1,read_failures=0"
dengfoc,"SYNC_TRUTH,sequence=98196,truth_tick_us=196815588,mechanical_angle_rad=4.879592896,valid=1,read_failures=0"
dengfoc,"SYNC_TRUTH,sequence=98197,truth_tick_us=196817584,mechanical_angle_rad=4.881126881,valid=1,read_failures=0"
dengfoc,"SYNC_TRUTH,sequence=98198,truth_tick_us=196819588,mechanical_angle_rad=4.879592896,valid=1,read_failures=0"
dengfoc,"SYNC_TRUTH,sequence=98199,truth_tick_us=196821584,mechanical_angle_rad=4.881126881,valid=1,read_failures=0"
dengfoc,"SYNC_TRUTH,sequence=98200,truth_tick_us=196823588,mechanical_angle_rad=4.881126881,valid=1,read_failures=0"
dengfoc,"SYNC_TRUTH,sequence=98201,truth_tick_us=196825584,mechanical_angle_rad=4.879592896,valid=1,read_failures=0"
dengfoc,"SYNC_TRUTH,sequence=98202,truth_tick_us=196827588,mechanical_angle_rad=4.881126881,valid=1,read_failures=0"
dengfoc,"SYNC_TRUTH,sequence=98203,truth_tick_us=196829584,mechanical_angle_rad=4.879592896,valid=1,read_failures=0"
dengfoc,"SYNC_TRUTH,sequence=98204,truth_tick_us=196831588,mechanical_angle_rad=4.879592896,valid=1,read_failures=0"
dengfoc,"SYNC_TRUTH,sequence=98205,truth_tick_us=196833584,mechanical_angle_rad=4.879592896,valid=1,read_failures=0"
dengfoc,"SYNC_TRUTH,sequence=98206,truth_tick_us=196835588,mechanical_angle_rad=4.879592896,valid=1,read_failures=0"
g431,msh >
dengfoc,"SYNC_TRUTH,sequence=98207,truth_tick_us=196837584,mechanical_angle_rad=4.879592896,valid=1,read_failures=0"
dengfoc,"SYNC_TRUTH,sequence=98208,truth_tick_us=196839588,mechanical_angle_rad=4.879592896,valid=1,read_failures=0"
dengfoc,"SYNC_TRUTH,sequence=98209,truth_tick_us=196841584,mechanical_angle_rad=4.879592896,valid=1,read_failures=0"
dengfoc,"SYNC_TRUTH,sequence=98210,truth_tick_us=196843588,mechanical_angle_rad=4.879592896,valid=1,read_failures=0"
dengfoc,"SYNC_TRUTH,sequence=98211,truth_tick_us=196845584,mechanical_angle_rad=4.881126881,valid=1,read_failures=0"
dengfoc,"SYNC_TRUTH,sequence=98212,truth_tick_us=196847588,mechanical_angle_rad=4.879592896,valid=1,read_failures=0"
dengfoc,"SYNC_TRUTH,sequence=98213,truth_tick_us=196849584,mechanical_angle_rad=4.879592896,valid=1,read_failures=0"
dengfoc,"SYNC_TRUTH,sequence=98214,truth_tick_us=196851588,mechanical_angle_rad=4.879592896,valid=1,read_failures=0"
dengfoc,"SYNC_TRUTH,sequence=98215,truth_tick_us=196853584,mechanical_angle_rad=4.879592896,valid=1,read_failures=0"
dengfoc,"SYNC_TRUTH,sequence=98216,truth_tick_us=196855588,mechanical_angle_rad=4.879592896,valid=1,read_failures=0"
dengfoc,"SYNC_TRUTH,sequence=98217,truth_tick_us=196857584,mechanical_angle_rad=4.881126881,valid=1,read_failures=0"
dengfoc,"SYNC_TRUTH,sequence=98218,truth_tick_us=196859588,mechanical_angle_rad=4.879592896,valid=1,read_failures=0"
dengfoc,"SYNC_TRUTH,sequence=98219,truth_tick_us=196861584,mechanical_angle_rad=4.879592896,valid=1,read_failures=0"
dengfoc,"SYNC_TRUTH,sequence=98220,truth_tick_us=196863588,mechanical_angle_rad=4.881126881,valid=1,read_failures=0"
dengfoc,"SYNC_TRUTH,sequence=98221,truth_tick_us=196865584,mechanical_angle_rad=4.881126881,valid=1,read_failures=0"
dengfoc,"SYNC_TRUTH,sequence=98222,truth_tick_us=196867588,mechanical_angle_rad=4.879592896,valid=1,read_failures=0"
dengfoc,"SYNC_TRUTH,sequence=98223,truth_tick_us=196869584,mechanical_angle_rad=4.879592896,valid=1,read_failures=0"
dengfoc,"SYNC_TRUTH,sequence=98224,truth_tick_us=196871588,mechanical_angle_rad=4.879592896,valid=1,read_failures=0"
dengfoc,"SYNC_TRUTH,sequence=98225,truth_tick_us=196873584,mechanical_angle_rad=4.879592896,valid=1,read_failures=0"
dengfoc,"SYNC_TRUTH,sequence=98226,truth_tick_us=196875588,mechanical_angle_rad=4.879592896,valid=1,read_failures=0"
dengfoc,"SYNC_TRUTH,sequence=98227,truth_tick_us=196877584,mechanical_angle_rad=4.879592896,valid=1,read_failures=0"
dengfoc,"SYNC_TRUTH,sequence=98228,truth_tick_us=196879588,mechanical_angle_rad=4.879592896,valid=1,read_failures=0"
dengfoc,"SYNC_TRUTH,sequence=98229,truth_tick_us=196881584,mechanical_angle_rad=4.879592896,valid=1,read_failures=0"
dengfoc,"SYNC_TRUTH,sequence=98230,truth_tick_us=196883588,mechanical_angle_rad=4.881126881,valid=1,read_failures=0"
dengfoc,"SYNC_TRUTH,sequence=98231,truth_tick_us=196885584,mechanical_angle_rad=4.879592896,valid=1,read_failures=0"
dengfoc,"SYNC_TRUTH,sequence=98232,truth_tick_us=196887588,mechanical_angle_rad=4.879592896,valid=1,read_failures=0"
dengfoc,"SYNC_TRUTH,sequence=98233,truth_tick_us=196889584,mechanical_angle_rad=4.881126881,valid=1,read_failures=0"
dengfoc,"SYNC_TRUTH,sequence=98234,truth_tick_us=196891588,mechanical_angle_rad=4.879592896,valid=1,read_failures=0"
dengfoc,"SYNC_TRUTH,sequence=98235,truth_tick_us=196893584,mechanical_angle_rad=4.879592896,valid=1,read_failures=0"
dengfoc,"SYNC_TRUTH,sequence=98236,truth_tick_us=196895588,mechanical_angle_rad=4.879592896,valid=1,read_failures=0"
dengfoc,"SYNC_TRUTH,sequence=98237,truth_tick_us=196897584,mechanical_angle_rad=4.879592896,valid=1,read_failures=0"
dengfoc,"SYNC_TRUTH,sequence=98238,truth_tick_us=196899588,mechanical_angle_rad=4.879592896,valid=1,read_failures=0"
dengfoc,"SYNC_TRUTH,sequence=98239,truth_tick_us=196901584,mechanical_angle_rad=4.881126881,valid=1,read_failures=0"
dengfoc,"SYNC_TRUTH,sequence=98240,truth_tick_us=196903588,mechanical_angle_rad=4.879592896,valid=1,read_failures=0"
dengfoc,"SYNC_TRUTH,sequence=98241,truth_tick_us=196905584,mechanical_angle_rad=4.879592896,valid=1,read_failures=0"
dengfoc,"SYNC_TRUTH,sequence=98242,truth_tick_us=196907588,mechanical_angle_rad=4.879592896,valid=1,read_failures=0"
dengfoc,"SYNC_TRUTH,sequence=98243,truth_tick_us=196909584,mechanical_angle_rad=4.881126881,valid=1,read_failures=0"
dengfoc,"SYNC_TRUTH,sequence=98244,truth_tick_us=196911588,mechanical_angle_rad=4.879592896,valid=1,read_failures=0"
dengfoc,"SYNC_TRUTH,sequence=98245,truth_tick_us=196913584,mechanical_angle_rad=4.879592896,valid=1,read_failures=0"
dengfoc,"SYNC_TRUTH,sequence=98246,truth_tick_us=196915588,mechanical_angle_rad=4.879592896,valid=1,read_failures=0"
dengfoc,"SYNC_TRUTH,sequence=98247,truth_tick_us=196917584,mechanical_angle_rad=4.879592896,valid=1,read_failures=0"
dengfoc,"SYNC_TRUTH,sequence=98248,truth_tick_us=196919588,mechanical_angle_rad=4.879592896,valid=1,read_failures=0"
dengfoc,"SYNC_TRUTH,sequence=98249,truth_tick_us=196921584,mechanical_angle_rad=4.881126881,valid=1,read_failures=0"
dengfoc,"SYNC_TRUTH,sequence=98250,truth_tick_us=196923588,mechanical_angle_rad=4.881126881,valid=1,read_failures=0"
dengfoc,"SYNC_TRUTH,sequence=98251,truth_tick_us=196925584,mechanical_angle_rad=4.879592896,valid=1,read_failures=0"
dengfoc,"SYNC_TRUTH,sequence=98252,truth_tick_us=196927588,mechanical_angle_rad=4.879592896,valid=1,read_failures=0"
dengfoc,"SYNC_TRUTH,sequence=98253,truth_tick_us=196929584,mechanical_angle_rad=4.879592896,valid=1,read_failures=0"
dengfoc,"SYNC_TRUTH,sequence=98254,truth_tick_us=196931588,mechanical_angle_rad=4.881126881,valid=1,read_failures=0"
dengfoc,"SYNC_TRUTH,sequence=98255,truth_tick_us=196933584,mechanical_angle_rad=4.879592896,valid=1,read_failures=0"
dengfoc,"SYNC_TRUTH,sequence=98256,truth_tick_us=196935588,mechanical_angle_rad=4.879592896,valid=1,read_failures=0"
dengfoc,"SYNC_TRUTH,sequence=98257,truth_tick_us=196937584,mechanical_angle_rad=4.879592896,valid=1,read_failures=0"
dengfoc,"SYNC_TRUTH,sequence=98258,truth_tick_us=196939588,mechanical_angle_rad=4.879592896,valid=1,read_failures=0"
dengfoc,"SYNC_TRUTH,sequence=98259,truth_tick_us=196941584,mechanical_angle_rad=4.879592896,valid=1,read_failures=0"
dengfoc,"SYNC_TRUTH,sequence=98260,truth_tick_us=196943588,mechanical_angle_rad=4.881126881,valid=1,read_failures=0"
dengfoc,"SYNC_TRUTH,sequence=98261,truth_tick_us=196945584,mechanical_angle_rad=4.879592896,valid=1,read_failures=0"
dengfoc,"SYNC_TRUTH,sequence=98262,truth_tick_us=196947588,mechanical_angle_rad=4.879592896,valid=1,read_failures=0"
dengfoc,"SYNC_TRUTH,sequence=98263,truth_tick_us=196949584,mechanical_angle_rad=4.879592896,valid=1,read_failures=0"
dengfoc,"SYNC_TRUTH,sequence=98264,truth_tick_us=196951588,mechanical_angle_rad=4.879592896,valid=1,read_failures=0"
dengfoc,"SYNC_TRUTH,sequence=98265,truth_tick_us=196953584,mechanical_angle_rad=4.879592896,valid=1,read_failures=0"
dengfoc,"SYNC_TRUTH,sequence=98266,truth_tick_us=196955588,mechanical_angle_rad=4.881126881,valid=1,read_failures=0"
dengfoc,"SYNC_TRUTH,sequence=98267,truth_tick_us=196957584,mechanical_angle_rad=4.881126881,valid=1,read_failures=0"
dengfoc,"SYNC_TRUTH,sequence=98268,truth_tick_us=196959588,mechanical_angle_rad=4.881126881,valid=1,read_failures=0"
dengfoc,"SYNC_TRUTH,sequence=98269,truth_tick_us=196961584,mechanical_angle_rad=4.879592896,valid=1,read_failures=0"
dengfoc,"SYNC_TRUTH,sequence=98270,truth_tick_us=196963588,mechanical_angle_rad=4.881126881,valid=1,read_failures=0"
dengfoc,"SYNC_TRUTH,sequence=98271,truth_tick_us=196965584,mechanical_angle_rad=4.879592896,valid=1,read_failures=0"
dengfoc,"SYNC_TRUTH,sequence=98272,truth_tick_us=196967588,mechanical_angle_rad=4.881126881,valid=1,read_failures=0"
dengfoc,"SYNC_TRUTH,sequence=98273,truth_tick_us=196969584,mechanical_angle_rad=4.879592896,valid=1,read_failures=0"
dengfoc,"SYNC_TRUTH,sequence=98274,truth_tick_us=196971588,mechanical_angle_rad=4.881126881,valid=1,read_failures=0"
dengfoc,"SYNC_TRUTH,sequence=98275,truth_tick_us=196973584,mechanical_angle_rad=4.879592896,valid=1,read_failures=0"
dengfoc,"SYNC_TRUTH,sequence=98276,truth_tick_us=196975588,mechanical_angle_rad=4.879592896,valid=1,read_failures=0"
dengfoc,"SYNC_TRUTH,sequence=98277,truth_tick_us=196977584,mechanical_angle_rad=4.879592896,valid=1,read_failures=0"
dengfoc,"SYNC_TRUTH,sequence=98278,truth_tick_us=196979588,mechanical_angle_rad=4.881126881,valid=1,read_failures=0"
dengfoc,"SYNC_TRUTH,sequence=98279,truth_tick_us=196981584,mechanical_angle_rad=4.881126881,valid=1,read_failures=0"
dengfoc,"SYNC_TRUTH,sequence=98280,truth_tick_us=196983588,mechanical_angle_rad=4.879592896,valid=1,read_failures=0"
dengfoc,"SYNC_TRUTH,sequence=98281,truth_tick_us=196985584,mechanical_angle_rad=4.881126881,valid=1,read_failures=0"
dengfoc,"SYNC_TRUTH,sequence=98282,truth_tick_us=196987588,mechanical_angle_rad=4.879592896,valid=1,read_failures=0"
dengfoc,"SYNC_TRUTH,sequence=98283,truth_tick_us=196989584,mechanical_angle_rad=4.879592896,valid=1,read_failures=0"
dengfoc,"SYNC_TRUTH,sequence=98284,truth_tick_us=196991588,mechanical_angle_rad=4.881126881,valid=1,read_failures=0"
dengfoc,"SYNC_TRUTH,sequence=98285,truth_tick_us=196993584,mechanical_angle_rad=4.879592896,valid=1,read_failures=0"
dengfoc,"SYNC_TRUTH,sequence=98286,truth_tick_us=196995588,mechanical_angle_rad=4.879592896,valid=1,read_failures=0"
dengfoc,"SYNC_TRUTH,sequence=98287,truth_tick_us=196997584,mechanical_angle_rad=4.879592896,valid=1,read_failures=0"
dengfoc,"SYNC_TRUTH,sequence=98288,truth_tick_us=196999588,mechanical_angle_rad=4.881126881,valid=1,read_failures=0"
dengfoc,"SYNC_TRUTH,sequence=98289,truth_tick_us=197001584,mechanical_angle_rad=4.879592896,valid=1,read_failures=0"
dengfoc,"SYNC_TRUTH,sequence=98290,truth_tick_us=197003588,mechanical_angle_rad=4.879592896,valid=1,read_failures=0"
dengfoc,"SYNC_TRUTH,sequence=98291,truth_tick_us=197005584,mechanical_angle_rad=4.879592896,valid=1,read_failures=0"
dengfoc,"SYNC_TRUTH,sequence=98292,truth_tick_us=197007588,mechanical_angle_rad=4.879592896,valid=1,read_failures=0"
dengfoc,"SYNC_TRUTH,sequence=98293,truth_tick_us=197009584,mechanical_angle_rad=4.881126881,valid=1,read_failures=0"
dengfoc,"SYNC_TRUTH,sequence=98294,truth_tick_us=197011588,mechanical_angle_rad=4.879592896,valid=1,read_failures=0"
dengfoc,"SYNC_TRUTH,sequence=98295,truth_tick_us=197013584,mechanical_angle_rad=4.879592896,valid=1,read_failures=0"
dengfoc,"SYNC_TRUTH,sequence=98296,truth_tick_us=197015588,mechanical_angle_rad=4.881126881,valid=1,read_failures=0"
dengfoc,"SYNC_TRUTH,sequence=98297,truth_tick_us=197017584,mechanical_angle_rad=4.879592896,valid=1,read_failures=0"
dengfoc,"SYNC_TRUTH,sequence=98298,truth_tick_us=197019588,mechanical_angle_rad=4.879592896,valid=1,read_failures=0"
dengfoc,"SYNC_TRUTH,sequence=98299,truth_tick_us=197021584,mechanical_angle_rad=4.879592896,valid=1,read_failures=0"
dengfoc,"SYNC_TRUTH,sequence=98300,truth_tick_us=197023588,mechanical_angle_rad=4.879592896,valid=1,read_failures=0"
dengfoc,"SYNC_TRUTH,sequence=98301,truth_tick_us=197025584,mechanical_angle_rad=4.879592896,valid=1,read_failures=0"
dengfoc,"SYNC_TRUTH,sequence=98302,truth_tick_us=197027588,mechanical_angle_rad=4.879592896,valid=1,read_failures=0"
dengfoc,"SYNC_TRUTH,sequence=98303,truth_tick_us=197029584,mechanical_angle_rad=4.881126881,valid=1,read_failures=0"
dengfoc,"SYNC_TRUTH,sequence=98304,truth_tick_us=197031588,mechanical_angle_rad=4.881126881,valid=1,read_failures=0"
dengfoc,"SYNC_TRUTH,sequence=98305,truth_tick_us=197033584,mechanical_angle_rad=4.879592896,valid=1,read_failures=0"
dengfoc,"SYNC_TRUTH,sequence=98306,truth_tick_us=197035588,mechanical_angle_rad=4.881126881,valid=1,read_failures=0"
dengfoc,"SYNC_TRUTH,sequence=98307,truth_tick_us=197037584,mechanical_angle_rad=4.881126881,valid=1,read_failures=0"
dengfoc,"SYNC_TRUTH,sequence=98308,truth_tick_us=197039588,mechanical_angle_rad=4.879592896,valid=1,read_failures=0"
dengfoc,"SYNC_TRUTH,sequence=98309,truth_tick_us=197041584,mechanical_angle_rad=4.881126881,valid=1,read_failures=0"
dengfoc,"SYNC_TRUTH,sequence=98310,truth_tick_us=197043588,mechanical_angle_rad=4.879592896,valid=1,read_failures=0"
dengfoc,"SYNC_TRUTH,sequence=98311,truth_tick_us=197045584,mechanical_angle_rad=4.879592896,valid=1,read_failures=0"
dengfoc,"SYNC_TRUTH,sequence=98312,truth_tick_us=197047588,mechanical_angle_rad=4.881126881,valid=1,read_failures=0"
dengfoc,"SYNC_TRUTH,sequence=98313,truth_tick_us=197049584,mechanical_angle_rad=4.879592896,valid=1,read_failures=0"
dengfoc,"SYNC_TRUTH,sequence=98314,truth_tick_us=197051588,mechanical_angle_rad=4.879592896,valid=1,read_failures=0"
dengfoc,"SYNC_TRUTH,sequence=98315,truth_tick_us=197053584,mechanical_angle_rad=4.879592896,valid=1,read_failures=0"
dengfoc,"SYNC_TRUTH,sequence=98316,truth_tick_us=197055588,mechanical_angle_rad=4.879592896,valid=1,read_failures=0"
dengfoc,"SYNC_TRUTH,sequence=98317,truth_tick_us=197057584,mechanical_angle_rad=4.879592896,valid=1,read_failures=0"
dengfoc,"SYNC_TRUTH,sequence=98318,truth_tick_us=197059588,mechanical_angle_rad=4.879592896,valid=1,read_failures=0"
dengfoc,"SYNC_TRUTH,sequence=98319,truth_tick_us=197061584,mechanical_angle_rad=4.879592896,valid=1,read_failures=0"
dengfoc,"SYNC_TRUTH,sequence=98320,truth_tick_us=197063588,mechanical_angle_rad=4.881126881,valid=1,read_failures=0"
dengfoc,"SYNC_TRUTH,sequence=98321,truth_tick_us=197065584,mechanical_angle_rad=4.881126881,valid=1,read_failures=0"
dengfoc,"SYNC_TRUTH,sequence=98322,truth_tick_us=197067588,mechanical_angle_rad=4.881126881,valid=1,read_failures=0"
dengfoc,"SYNC_TRUTH,sequence=98323,truth_tick_us=197069584,mechanical_angle_rad=4.879592896,valid=1,read_failures=0"
dengfoc,"SYNC_TRUTH,sequence=98324,truth_tick_us=197071588,mechanical_angle_rad=4.881126881,valid=1,read_failures=0"
dengfoc,"SYNC_TRUTH,sequence=98325,truth_tick_us=197073584,mechanical_angle_rad=4.881126881,valid=1,read_failures=0"
dengfoc,"SYNC_TRUTH,sequence=98326,truth_tick_us=197075588,mechanical_angle_rad=4.881126881,valid=1,read_failures=0"
dengfoc,"SYNC_TRUTH,sequence=98327,truth_tick_us=197077584,mechanical_angle_rad=4.879592896,valid=1,read_failures=0"
dengfoc,"SYNC_TRUTH,sequence=98328,truth_tick_us=197079588,mechanical_angle_rad=4.881126881,valid=1,read_failures=0"
dengfoc,"SYNC_TRUTH,sequence=98329,truth_tick_us=197081584,mechanical_angle_rad=4.879592896,valid=1,read_failures=0"
dengfoc,"SYNC_TRUTH,sequence=98330,truth_tick_us=197083588,mechanical_angle_rad=4.879592896,valid=1,read_failures=0"
dengfoc,"SYNC_TRUTH,sequence=98331,truth_tick_us=197085584,mechanical_angle_rad=4.879592896,valid=1,read_failures=0"
dengfoc,"SYNC_TRUTH,sequence=98332,truth_tick_us=197087588,mechanical_angle_rad=4.879592896,valid=1,read_failures=0"
dengfoc,"SYNC_TRUTH,sequence=98333,truth_tick_us=197089584,mechanical_angle_rad=4.879592896,valid=1,read_failures=0"
dengfoc,"SYNC_TRUTH,sequence=98334,truth_tick_us=197091588,mechanical_angle_rad=4.879592896,valid=1,read_failures=0"
dengfoc,"SYNC_TRUTH,sequence=98335,truth_tick_us=197093584,mechanical_angle_rad=4.881126881,valid=1,read_failures=0"
dengfoc,"SYNC_TRUTH,sequence=98336,truth_tick_us=197095588,mechanical_angle_rad=4.879592896,valid=1,read_failures=0"
dengfoc,"SYNC_TRUTH,sequence=98337,truth_tick_us=197097584,mechanical_angle_rad=4.881126881,valid=1,read_failures=0"
dengfoc,"SYNC_TRUTH,sequence=98338,truth_tick_us=197099588,mechanical_angle_rad=4.879592896,valid=1,read_failures=0"
dengfoc,"SYNC_TRUTH,sequence=98339,truth_tick_us=197101584,mechanical_angle_rad=4.879592896,valid=1,read_failures=0"
dengfoc,"SYNC_TRUTH,sequence=98340,truth_tick_us=197103588,mechanical_angle_rad=4.881126881,valid=1,read_failures=0"
dengfoc,"SYNC_TRUTH,sequence=98341,truth_tick_us=197105584,mechanical_angle_rad=4.881126881,valid=1,read_failures=0"
dengfoc,"SYNC_TRUTH,sequence=98342,truth_tick_us=197107588,mechanical_angle_rad=4.879592896,valid=1,read_failures=0"
dengfoc,"SYNC_TRUTH,sequence=98343,truth_tick_us=197109584,mechanical_angle_rad=4.879592896,valid=1,read_failures=0"
dengfoc,"SYNC_TRUTH,sequence=98344,truth_tick_us=197111588,mechanical_angle_rad=4.879592896,valid=1,read_failures=0"
dengfoc,"SYNC_TRUTH,sequence=98345,truth_tick_us=197113584,mechanical_angle_rad=4.879592896,valid=1,read_failures=0"
dengfoc,"SYNC_TRUTH,sequence=98346,truth_tick_us=197115588,mechanical_angle_rad=4.879592896,valid=1,read_failures=0"
dengfoc,"SYNC_TRUTH,sequence=98347,truth_tick_us=197117584,mechanical_angle_rad=4.879592896,valid=1,read_failures=0"
dengfoc,"SYNC_TRUTH,sequence=98348,truth_tick_us=197119588,mechanical_angle_rad=4.879592896,valid=1,read_failures=0"
dengfoc,"SYNC_TRUTH,sequence=98349,truth_tick_us=197121584,mechanical_angle_rad=4.879592896,valid=1,read_failures=0"
dengfoc,"SYNC_TRUTH,sequence=98350,truth_tick_us=197123588,mechanical_angle_rad=4.879592896,valid=1,read_failures=0"
dengfoc,"SYNC_TRUTH,sequence=98351,truth_tick_us=197125584,mechanical_angle_rad=4.879592896,valid=1,read_failures=0"
dengfoc,"SYNC_TRUTH,sequence=98352,truth_tick_us=197127588,mechanical_angle_rad=4.879592896,valid=1,read_failures=0"
dengfoc,"SYNC_TRUTH,sequence=98353,truth_tick_us=197129584,mechanical_angle_rad=4.879592896,valid=1,read_failures=0"
dengfoc,"SYNC_TRUTH,sequence=98354,truth_tick_us=197131588,mechanical_angle_rad=4.879592896,valid=1,read_failures=0"
dengfoc,"SYNC_TRUTH,sequence=98355,truth_tick_us=197133584,mechanical_angle_rad=4.879592896,valid=1,read_failures=0"
dengfoc,"SYNC_TRUTH,sequence=98356,truth_tick_us=197135588,mechanical_angle_rad=4.879592896,valid=1,read_failures=0"
dengfoc,"SYNC_TRUTH,sequence=98357,truth_tick_us=197137584,mechanical_angle_rad=4.881126881,valid=1,read_failures=0"
dengfoc,"SYNC_TRUTH,sequence=98358,truth_tick_us=197139588,mechanical_angle_rad=4.879592896,valid=1,read_failures=0"
dengfoc,"SYNC_TRUTH,sequence=98359,truth_tick_us=197141584,mechanical_angle_rad=4.879592896,valid=1,read_failures=0"
dengfoc,"SYNC_TRUTH,sequence=98360,truth_tick_us=197143588,mechanical_angle_rad=4.879592896,valid=1,read_failures=0"
dengfoc,"SYNC_TRUTH,sequence=98361,truth_tick_us=197145584,mechanical_angle_rad=4.879592896,valid=1,read_failures=0"
dengfoc,"SYNC_TRUTH,sequence=98362,truth_tick_us=197147588,mechanical_angle_rad=4.879592896,valid=1,read_failures=0"
dengfoc,"SYNC_TRUTH,sequence=98363,truth_tick_us=197149584,mechanical_angle_rad=4.879592896,valid=1,read_failures=0"
dengfoc,"SYNC_TRUTH,sequence=98364,truth_tick_us=197151588,mechanical_angle_rad=4.879592896,valid=1,read_failures=0"
dengfoc,"SYNC_TRUTH,sequence=98365,truth_tick_us=197153584,mechanical_angle_rad=4.879592896,valid=1,read_failures=0"
dengfoc,"SYNC_TRUTH,sequence=98366,truth_tick_us=197155588,mechanical_angle_rad=4.879592896,valid=1,read_failures=0"
dengfoc,"SYNC_TRUTH,sequence=98367,truth_tick_us=197157584,mechanical_angle_rad=4.881126881,valid=1,read_failures=0"
dengfoc,"SYNC_TRUTH,sequence=98368,truth_tick_us=197159588,mechanical_angle_rad=4.879592896,valid=1,read_failures=0"
dengfoc,"SYNC_TRUTH,sequence=98369,truth_tick_us=197161584,mechanical_angle_rad=4.879592896,valid=1,read_failures=0"
dengfoc,"SYNC_TRUTH,sequence=98370,truth_tick_us=197163588,mechanical_angle_rad=4.881126881,valid=1,read_failures=0"
g431,foc_h3_sync_status
dengfoc,"SYNC_TRUTH,sequence=98371,truth_tick_us=197165584,mechanical_angle_rad=4.881126881,valid=1,read_failures=0"
dengfoc,"SYNC_TRUTH,sequence=98372,truth_tick_us=197167588,mechanical_angle_rad=4.879592896,valid=1,read_failures=0"
dengfoc,"SYNC_TRUTH,sequence=98373,truth_tick_us=197169584,mechanical_angle_rad=4.881126881,valid=1,read_failures=0"
dengfoc,"SYNC_TRUTH,sequence=98374,truth_tick_us=197171588,mechanical_angle_rad=4.879592896,valid=1,read_failures=0"
dengfoc,"SYNC_TRUTH,sequence=98375,truth_tick_us=197173584,mechanical_angle_rad=4.879592896,valid=1,read_failures=0"
g431,"FH3_SYNC_STATUS,1,196608,3,55,55,0,55,101,3812190982,15731718,7,20261004,132,232,0,40,100,3812191031,49"
g431,msh >
dengfoc,"SYNC_TRUTH,sequence=98376,truth_tick_us=197175588,mechanical_angle_rad=4.879592896,valid=1,read_failures=0"
dengfoc,"SYNC_TRUTH,sequence=98377,truth_tick_us=197177584,mechanical_angle_rad=4.881126881,valid=1,read_failures=0"
dengfoc,"SYNC_TRUTH,sequence=98378,truth_tick_us=197179588,mechanical_angle_rad=4.879592896,valid=1,read_failures=0"
dengfoc,"SYNC_TRUTH,sequence=98379,truth_tick_us=197181584,mechanical_angle_rad=4.879592896,valid=1,read_failures=0"
dengfoc,"SYNC_TRUTH,sequence=98380,truth_tick_us=197183588,mechanical_angle_rad=4.879592896,valid=1,read_failures=0"
dengfoc,"SYNC_TRUTH,sequence=98381,truth_tick_us=197185584,mechanical_angle_rad=4.881126881,valid=1,read_failures=0"
dengfoc,"SYNC_TRUTH,sequence=98382,truth_tick_us=197187588,mechanical_angle_rad=4.881126881,valid=1,read_failures=0"
dengfoc,"SYNC_TRUTH,sequence=98383,truth_tick_us=197189584,mechanical_angle_rad=4.879592896,valid=1,read_failures=0"
dengfoc,"SYNC_TRUTH,sequence=98384,truth_tick_us=197191588,mechanical_angle_rad=4.881126881,valid=1,read_failures=0"
dengfoc,"SYNC_STATUS,frames=13,frame_fail=0,truth=98384,truth_fail=0,idle=0,capture_state=1,capture_failure=0,rejected=0,overflow=0,driver_disabled=1"
dengfoc,"SYNC_TRUTH,sequence=98385,truth_tick_us=197194588,mechanical_angle_rad=4.881126881,valid=1,read_failures=0"
g431,msh >
dengfoc,"SYNC_TRUTH,sequence=98386,truth_tick_us=197196588,mechanical_angle_rad=4.879592896,valid=1,read_failures=0"
dengfoc,"SYNC_TRUTH,sequence=98387,truth_tick_us=197198584,mechanical_angle_rad=4.879592896,valid=1,read_failures=0"
dengfoc,"SYNC_TRUTH,sequence=98388,truth_tick_us=197200588,mechanical_angle_rad=4.879592896,valid=1,read_failures=0"
dengfoc,"SYNC_TRUTH,sequence=98389,truth_tick_us=197202584,mechanical_angle_rad=4.879592896,valid=1,read_failures=0"
dengfoc,"SYNC_TRUTH,sequence=98390,truth_tick_us=197204588,mechanical_angle_rad=4.881126881,valid=1,read_failures=0"
dengfoc,"SYNC_TRUTH,sequence=98391,truth_tick_us=197206584,mechanical_angle_rad=4.881126881,valid=1,read_failures=0"
dengfoc,"SYNC_TRUTH,sequence=98392,truth_tick_us=197208588,mechanical_angle_rad=4.879592896,valid=1,read_failures=0"
dengfoc,"SYNC_TRUTH,sequence=98393,truth_tick_us=197210584,mechanical_angle_rad=4.881126881,valid=1,read_failures=0"
dengfoc,"SYNC_TRUTH,sequence=98394,truth_tick_us=197212588,mechanical_angle_rad=4.881126881,valid=1,read_failures=0"
dengfoc,"SYNC_TRUTH,sequence=98395,truth_tick_us=197214584,mechanical_angle_rad=4.879592896,valid=1,read_failures=0"
dengfoc,"SYNC_TRUTH,sequence=98396,truth_tick_us=197216588,mechanical_angle_rad=4.879592896,valid=1,read_failures=0"
dengfoc,"SYNC_TRUTH,sequence=98397,truth_tick_us=197218584,mechanical_angle_rad=4.881126881,valid=1,read_failures=0"
dengfoc,"SYNC_TRUTH,sequence=98398,truth_tick_us=197220588,mechanical_angle_rad=4.881126881,valid=1,read_failures=0"
dengfoc,"SYNC_TRUTH,sequence=98399,truth_tick_us=197222584,mechanical_angle_rad=4.879592896,valid=1,read_failures=0"
dengfoc,"SYNC_TRUTH,sequence=98400,truth_tick_us=197224588,mechanical_angle_rad=4.881126881,valid=1,read_failures=0"
dengfoc,"SYNC_TRUTH,sequence=98401,truth_tick_us=197226584,mechanical_angle_rad=4.879592896,valid=1,read_failures=0"
dengfoc,"SYNC_TRUTH,sequence=98402,truth_tick_us=197228588,mechanical_angle_rad=4.881126881,valid=1,read_failures=0"
dengfoc,"SYNC_TRUTH,sequence=98403,truth_tick_us=197230584,mechanical_angle_rad=4.881126881,valid=1,read_failures=0"
dengfoc,"SYNC_TRUTH,sequence=98404,truth_tick_us=197232588,mechanical_angle_rad=4.879592896,valid=1,read_failures=0"
dengfoc,"SYNC_TRUTH,sequence=98405,truth_tick_us=197234584,mechanical_angle_rad=4.879592896,valid=1,read_failures=0"
dengfoc,"SYNC_TRUTH,sequence=98406,truth_tick_us=197236588,mechanical_angle_rad=4.879592896,valid=1,read_failures=0"
dengfoc,"SYNC_TRUTH,sequence=98407,truth_tick_us=197238584,mechanical_angle_rad=4.881126881,valid=1,read_failures=0"
dengfoc,"SYNC_TRUTH,sequence=98408,truth_tick_us=197240588,mechanical_angle_rad=4.879592896,valid=1,read_failures=0"
dengfoc,"SYNC_TRUTH,sequence=98409,truth_tick_us=197242584,mechanical_angle_rad=4.881126881,valid=1,read_failures=0"
dengfoc,"SYNC_TRUTH,sequence=98410,truth_tick_us=197244588,mechanical_angle_rad=4.879592896,valid=1,read_failures=0"
dengfoc,"SYNC_TRUTH,sequence=98411,truth_tick_us=197246584,mechanical_angle_rad=4.879592896,valid=1,read_failures=0"
dengfoc,"SYNC_TRUTH,sequence=98412,truth_tick_us=197248588,mechanical_angle_rad=4.879592896,valid=1,read_failures=0"
dengfoc,"SYNC_TRUTH,sequence=98413,truth_tick_us=197250584,mechanical_angle_rad=4.879592896,valid=1,read_failures=0"
dengfoc,"SYNC_TRUTH,sequence=98414,truth_tick_us=197252588,mechanical_angle_rad=4.879592896,valid=1,read_failures=0"
dengfoc,"SYNC_TRUTH,sequence=98415,truth_tick_us=197254584,mechanical_angle_rad=4.881126881,valid=1,read_failures=0"
dengfoc,"SYNC_TRUTH,sequence=98416,truth_tick_us=197256588,mechanical_angle_rad=4.879592896,valid=1,read_failures=0"
dengfoc,"SYNC_TRUTH,sequence=98417,truth_tick_us=197258584,mechanical_angle_rad=4.879592896,valid=1,read_failures=0"
dengfoc,"SYNC_TRUTH,sequence=98418,truth_tick_us=197260588,mechanical_angle_rad=4.881126881,valid=1,read_failures=0"
dengfoc,"SYNC_TRUTH,sequence=98419,truth_tick_us=197262584,mechanical_angle_rad=4.879592896,valid=1,read_failures=0"
dengfoc,"SYNC_TRUTH,sequence=98420,truth_tick_us=197264588,mechanical_angle_rad=4.879592896,valid=1,read_failures=0"
dengfoc,"SYNC_TRUTH,sequence=98421,truth_tick_us=197266584,mechanical_angle_rad=4.879592896,valid=1,read_failures=0"
dengfoc,"SYNC_TRUTH,sequence=98422,truth_tick_us=197268588,mechanical_angle_rad=4.879592896,valid=1,read_failures=0"
dengfoc,"SYNC_TRUTH,sequence=98423,truth_tick_us=197270584,mechanical_angle_rad=4.881126881,valid=1,read_failures=0"
dengfoc,"SYNC_TRUTH,sequence=98424,truth_tick_us=197272588,mechanical_angle_rad=4.879592896,valid=1,read_failures=0"
dengfoc,"SYNC_TRUTH,sequence=98425,truth_tick_us=197274584,mechanical_angle_rad=4.879592896,valid=1,read_failures=0"
dengfoc,"SYNC_TRUTH,sequence=98426,truth_tick_us=197276588,mechanical_angle_rad=4.881126881,valid=1,read_failures=0"
dengfoc,"SYNC_TRUTH,sequence=98427,truth_tick_us=197278584,mechanical_angle_rad=4.881126881,valid=1,read_failures=0"
dengfoc,"SYNC_TRUTH,sequence=98428,truth_tick_us=197280588,mechanical_angle_rad=4.881126881,valid=1,read_failures=0"
dengfoc,"SYNC_TRUTH,sequence=98429,truth_tick_us=197282584,mechanical_angle_rad=4.879592896,valid=1,read_failures=0"
dengfoc,"SYNC_TRUTH,sequence=98430,truth_tick_us=197284588,mechanical_angle_rad=4.879592896,valid=1,read_failures=0"
dengfoc,"SYNC_TRUTH,sequence=98431,truth_tick_us=197286584,mechanical_angle_rad=4.879592896,valid=1,read_failures=0"
dengfoc,"SYNC_TRUTH,sequence=98432,truth_tick_us=197288588,mechanical_angle_rad=4.879592896,valid=1,read_failures=0"
dengfoc,"SYNC_TRUTH,sequence=98433,truth_tick_us=197290584,mechanical_angle_rad=4.879592896,valid=1,read_failures=0"
dengfoc,"SYNC_TRUTH,sequence=98434,truth_tick_us=197292588,mechanical_angle_rad=4.879592896,valid=1,read_failures=0"
dengfoc,"SYNC_TRUTH,sequence=98435,truth_tick_us=197294584,mechanical_angle_rad=4.879592896,valid=1,read_failures=0"
dengfoc,"SYNC_TRUTH,sequence=98436,truth_tick_us=197296588,mechanical_angle_rad=4.879592896,valid=1,read_failures=0"
dengfoc,"SYNC_TRUTH,sequence=98437,truth_tick_us=197298584,mechanical_angle_rad=4.881126881,valid=1,read_failures=0"
dengfoc,"SYNC_TRUTH,sequence=98438,truth_tick_us=197300588,mechanical_angle_rad=4.879592896,valid=1,read_failures=0"
dengfoc,"SYNC_TRUTH,sequence=98439,truth_tick_us=197302584,mechanical_angle_rad=4.879592896,valid=1,read_failures=0"
dengfoc,"SYNC_TRUTH,sequence=98440,truth_tick_us=197304588,mechanical_angle_rad=4.879592896,valid=1,read_failures=0"
dengfoc,"SYNC_TRUTH,sequence=98441,truth_tick_us=197306584,mechanical_angle_rad=4.879592896,valid=1,read_failures=0"
dengfoc,"SYNC_TRUTH,sequence=98442,truth_tick_us=197308588,mechanical_angle_rad=4.879592896,valid=1,read_failures=0"
dengfoc,"SYNC_TRUTH,sequence=98443,truth_tick_us=197310584,mechanical_angle_rad=4.881126881,valid=1,read_failures=0"
dengfoc,"SYNC_TRUTH,sequence=98444,truth_tick_us=197312588,mechanical_angle_rad=4.879592896,valid=1,read_failures=0"
dengfoc,"SYNC_TRUTH,sequence=98445,truth_tick_us=197314584,mechanical_angle_rad=4.881126881,valid=1,read_failures=0"
dengfoc,"SYNC_TRUTH,sequence=98446,truth_tick_us=197316588,mechanical_angle_rad=4.879592896,valid=1,read_failures=0"
dengfoc,"SYNC_TRUTH,sequence=98447,truth_tick_us=197318584,mechanical_angle_rad=4.879592896,valid=1,read_failures=0"
dengfoc,"SYNC_TRUTH,sequence=98448,truth_tick_us=197320588,mechanical_angle_rad=4.879592896,valid=1,read_failures=0"
dengfoc,"SYNC_TRUTH,sequence=98449,truth_tick_us=197322584,mechanical_angle_rad=4.879592896,valid=1,read_failures=0"
dengfoc,"SYNC_TRUTH,sequence=98450,truth_tick_us=197324588,mechanical_angle_rad=4.881126881,valid=1,read_failures=0"
dengfoc,"SYNC_TRUTH,sequence=98451,truth_tick_us=197326584,mechanical_angle_rad=4.881126881,valid=1,read_failures=0"
dengfoc,"SYNC_TRUTH,sequence=98452,truth_tick_us=197328588,mechanical_angle_rad=4.879592896,valid=1,read_failures=0"
dengfoc,"SYNC_TRUTH,sequence=98453,truth_tick_us=197330584,mechanical_angle_rad=4.879592896,valid=1,read_failures=0"
dengfoc,"SYNC_TRUTH,sequence=98454,truth_tick_us=197332588,mechanical_angle_rad=4.879592896,valid=1,read_failures=0"
dengfoc,"SYNC_TRUTH,sequence=98455,truth_tick_us=197334584,mechanical_angle_rad=4.879592896,valid=1,read_failures=0"
dengfoc,"SYNC_TRUTH,sequence=98456,truth_tick_us=197336588,mechanical_angle_rad=4.879592896,valid=1,read_failures=0"
dengfoc,"SYNC_TRUTH,sequence=98457,truth_tick_us=197338584,mechanical_angle_rad=4.879592896,valid=1,read_failures=0"
dengfoc,"SYNC_TRUTH,sequence=98458,truth_tick_us=197340588,mechanical_angle_rad=4.881126881,valid=1,read_failures=0"
dengfoc,"SYNC_TRUTH,sequence=98459,truth_tick_us=197342584,mechanical_angle_rad=4.879592896,valid=1,read_failures=0"
dengfoc,"SYNC_TRUTH,sequence=98460,truth_tick_us=197344588,mechanical_angle_rad=4.879592896,valid=1,read_failures=0"
dengfoc,"SYNC_TRUTH,sequence=98461,truth_tick_us=197346584,mechanical_angle_rad=4.879592896,valid=1,read_failures=0"
dengfoc,"SYNC_TRUTH,sequence=98462,truth_tick_us=197348588,mechanical_angle_rad=4.879592896,valid=1,read_failures=0"
dengfoc,"SYNC_TRUTH,sequence=98463,truth_tick_us=197350584,mechanical_angle_rad=4.879592896,valid=1,read_failures=0"
dengfoc,"SYNC_TRUTH,sequence=98464,truth_tick_us=197352588,mechanical_angle_rad=4.879592896,valid=1,read_failures=0"
dengfoc,"SYNC_TRUTH,sequence=98465,truth_tick_us=197354584,mechanical_angle_rad=4.879592896,valid=1,read_failures=0"
dengfoc,"SYNC_TRUTH,sequence=98466,truth_tick_us=197356588,mechanical_angle_rad=4.879592896,valid=1,read_failures=0"
dengfoc,"SYNC_TRUTH,sequence=98467,truth_tick_us=197358584,mechanical_angle_rad=4.881126881,valid=1,read_failures=0"
dengfoc,"SYNC_TRUTH,sequence=98468,truth_tick_us=197360588,mechanical_angle_rad=4.879592896,valid=1,read_failures=0"
dengfoc,"SYNC_TRUTH,sequence=98469,truth_tick_us=197362584,mechanical_angle_rad=4.881126881,valid=1,read_failures=0"
dengfoc,"SYNC_TRUTH,sequence=98470,truth_tick_us=197364588,mechanical_angle_rad=4.879592896,valid=1,read_failures=0"
dengfoc,"SYNC_TRUTH,sequence=98471,truth_tick_us=197366584,mechanical_angle_rad=4.879592896,valid=1,read_failures=0"
dengfoc,"SYNC_TRUTH,sequence=98472,truth_tick_us=197368588,mechanical_angle_rad=4.879592896,valid=1,read_failures=0"
dengfoc,"SYNC_TRUTH,sequence=98473,truth_tick_us=197370584,mechanical_angle_rad=4.879592896,valid=1,read_failures=0"
dengfoc,"SYNC_TRUTH,sequence=98474,truth_tick_us=197372588,mechanical_angle_rad=4.879592896,valid=1,read_failures=0"
dengfoc,"SYNC_TRUTH,sequence=98475,truth_tick_us=197374584,mechanical_angle_rad=4.879592896,valid=1,read_failures=0"
dengfoc,"SYNC_TRUTH,sequence=98476,truth_tick_us=197376588,mechanical_angle_rad=4.879592896,valid=1,read_failures=0"
dengfoc,"SYNC_TRUTH,sequence=98477,truth_tick_us=197378584,mechanical_angle_rad=4.879592896,valid=1,read_failures=0"
dengfoc,"SYNC_TRUTH,sequence=98478,truth_tick_us=197380588,mechanical_angle_rad=4.879592896,valid=1,read_failures=0"
dengfoc,"SYNC_TRUTH,sequence=98479,truth_tick_us=197382584,mechanical_angle_rad=4.879592896,valid=1,read_failures=0"
dengfoc,"SYNC_TRUTH,sequence=98480,truth_tick_us=197384588,mechanical_angle_rad=4.879592896,valid=1,read_failures=0"
dengfoc,"SYNC_TRUTH,sequence=98481,truth_tick_us=197386584,mechanical_angle_rad=4.879592896,valid=1,read_failures=0"
dengfoc,"SYNC_TRUTH,sequence=98482,truth_tick_us=197388588,mechanical_angle_rad=4.879592896,valid=1,read_failures=0"
dengfoc,"SYNC_TRUTH,sequence=98483,truth_tick_us=197390584,mechanical_angle_rad=4.879592896,valid=1,read_failures=0"
dengfoc,"SYNC_TRUTH,sequence=98484,truth_tick_us=197392588,mechanical_angle_rad=4.879592896,valid=1,read_failures=0"
dengfoc,"SYNC_TRUTH,sequence=98485,truth_tick_us=197394584,mechanical_angle_rad=4.879592896,valid=1,read_failures=0"
dengfoc,"SYNC_TRUTH,sequence=98486,truth_tick_us=197396588,mechanical_angle_rad=4.879592896,valid=1,read_failures=0"
dengfoc,"SYNC_TRUTH,sequence=98487,truth_tick_us=197398584,mechanical_angle_rad=4.881126881,valid=1,read_failures=0"
dengfoc,"SYNC_TRUTH,sequence=98488,truth_tick_us=197400588,mechanical_angle_rad=4.879592896,valid=1,read_failures=0"
dengfoc,"SYNC_TRUTH,sequence=98489,truth_tick_us=197402584,mechanical_angle_rad=4.879592896,valid=1,read_failures=0"
dengfoc,"SYNC_TRUTH,sequence=98490,truth_tick_us=197404588,mechanical_angle_rad=4.879592896,valid=1,read_failures=0"
dengfoc,"SYNC_TRUTH,sequence=98491,truth_tick_us=197406584,mechanical_angle_rad=4.881126881,valid=1,read_failures=0"
dengfoc,"SYNC_TRUTH,sequence=98492,truth_tick_us=197408588,mechanical_angle_rad=4.879592896,valid=1,read_failures=0"
dengfoc,"SYNC_TRUTH,sequence=98493,truth_tick_us=197410584,mechanical_angle_rad=4.879592896,valid=1,read_failures=0"
dengfoc,"SYNC_TRUTH,sequence=98494,truth_tick_us=197412588,mechanical_angle_rad=4.881126881,valid=1,read_failures=0"
dengfoc,"SYNC_TRUTH,sequence=98495,truth_tick_us=197414584,mechanical_angle_rad=4.881126881,valid=1,read_failures=0"
dengfoc,"SYNC_TRUTH,sequence=98496,truth_tick_us=197416588,mechanical_angle_rad=4.879592896,valid=1,read_failures=0"
dengfoc,"SYNC_TRUTH,sequence=98497,truth_tick_us=197418584,mechanical_angle_rad=4.879592896,valid=1,read_failures=0"
dengfoc,"SYNC_TRUTH,sequence=98498,truth_tick_us=197420588,mechanical_angle_rad=4.881126881,valid=1,read_failures=0"
dengfoc,"SYNC_TRUTH,sequence=98499,truth_tick_us=197422584,mechanical_angle_rad=4.881126881,valid=1,read_failures=0"
dengfoc,"SYNC_TRUTH,sequence=98500,truth_tick_us=197424588,mechanical_angle_rad=4.879592896,valid=1,read_failures=0"
dengfoc,"SYNC_TRUTH,sequence=98501,truth_tick_us=197426584,mechanical_angle_rad=4.879592896,valid=1,read_failures=0"
dengfoc,"SYNC_TRUTH,sequence=98502,truth_tick_us=197428588,mechanical_angle_rad=4.879592896,valid=1,read_failures=0"
dengfoc,"SYNC_TRUTH,sequence=98503,truth_tick_us=197430584,mechanical_angle_rad=4.879592896,valid=1,read_failures=0"
dengfoc,"SYNC_TRUTH,sequence=98504,truth_tick_us=197432588,mechanical_angle_rad=4.879592896,valid=1,read_failures=0"
dengfoc,"SYNC_TRUTH,sequence=98505,truth_tick_us=197434584,mechanical_angle_rad=4.879592896,valid=1,read_failures=0"
dengfoc,"SYNC_TRUTH,sequence=98506,truth_tick_us=197436588,mechanical_angle_rad=4.879592896,valid=1,read_failures=0"
dengfoc,"SYNC_TRUTH,sequence=98507,truth_tick_us=197438584,mechanical_angle_rad=4.879592896,valid=1,read_failures=0"
dengfoc,"SYNC_TRUTH,sequence=98508,truth_tick_us=197440588,mechanical_angle_rad=4.879592896,valid=1,read_failures=0"
dengfoc,"SYNC_TRUTH,sequence=98509,truth_tick_us=197442584,mechanical_angle_rad=4.879592896,valid=1,read_failures=0"
dengfoc,"SYNC_TRUTH,sequence=98510,truth_tick_us=197444588,mechanical_angle_rad=4.879592896,valid=1,read_failures=0"
dengfoc,"SYNC_TRUTH,sequence=98511,truth_tick_us=197446584,mechanical_angle_rad=4.879592896,valid=1,read_failures=0"
dengfoc,"SYNC_TRUTH,sequence=98512,truth_tick_us=197448588,mechanical_angle_rad=4.879592896,valid=1,read_failures=0"
dengfoc,"SYNC_TRUTH,sequence=98513,truth_tick_us=197450584,mechanical_angle_rad=4.879592896,valid=1,read_failures=0"
dengfoc,"SYNC_TRUTH,sequence=98514,truth_tick_us=197452588,mechanical_angle_rad=4.879592896,valid=1,read_failures=0"
dengfoc,"SYNC_TRUTH,sequence=98515,truth_tick_us=197454584,mechanical_angle_rad=4.881126881,valid=1,read_failures=0"
dengfoc,"SYNC_TRUTH,sequence=98516,truth_tick_us=197456588,mechanical_angle_rad=4.879592896,valid=1,read_failures=0"
dengfoc,"SYNC_TRUTH,sequence=98517,truth_tick_us=197458584,mechanical_angle_rad=4.879592896,valid=1,read_failures=0"
dengfoc,"SYNC_TRUTH,sequence=98518,truth_tick_us=197460588,mechanical_angle_rad=4.879592896,valid=1,read_failures=0"
dengfoc,"SYNC_TRUTH,sequence=98519,truth_tick_us=197462584,mechanical_angle_rad=4.879592896,valid=1,read_failures=0"
dengfoc,"SYNC_TRUTH,sequence=98520,truth_tick_us=197464588,mechanical_angle_rad=4.881126881,valid=1,read_failures=0"
dengfoc,"SYNC_TRUTH,sequence=98521,truth_tick_us=197466584,mechanical_angle_rad=4.879592896,valid=1,read_failures=0"
dengfoc,"SYNC_TRUTH,sequence=98522,truth_tick_us=197468588,mechanical_angle_rad=4.881126881,valid=1,read_failures=0"
dengfoc,"SYNC_TRUTH,sequence=98523,truth_tick_us=197470584,mechanical_angle_rad=4.879592896,valid=1,read_failures=0"
dengfoc,"SYNC_TRUTH,sequence=98524,truth_tick_us=197472588,mechanical_angle_rad=4.881126881,valid=1,read_failures=0"
dengfoc,"SYNC_TRUTH,sequence=98525,truth_tick_us=197474584,mechanical_angle_rad=4.879592896,valid=1,read_failures=0"
dengfoc,"SYNC_TRUTH,sequence=98526,truth_tick_us=197476588,mechanical_angle_rad=4.881126881,valid=1,read_failures=0"
dengfoc,"SYNC_TRUTH,sequence=98527,truth_tick_us=197478584,mechanical_angle_rad=4.879592896,valid=1,read_failures=0"
dengfoc,"SYNC_TRUTH,sequence=98528,truth_tick_us=197480588,mechanical_angle_rad=4.881126881,valid=1,read_failures=0"
dengfoc,"SYNC_TRUTH,sequence=98529,truth_tick_us=197482584,mechanical_angle_rad=4.879592896,valid=1,read_failures=0"
g431,foc_h3_sync_send 20261004 133 233
dengfoc,"SYNC_TRUTH,sequence=98530,truth_tick_us=197484588,mechanical_angle_rad=4.879592896,valid=1,read_failures=0"
dengfoc,"SYNC_TRUTH,sequence=98531,truth_tick_us=197486586,mechanical_angle_rad=4.879592896,valid=1,read_failures=0"
dengfoc,"SYNC_TRUTH,sequence=98532,truth_tick_us=197488590,mechanical_angle_rad=4.881126881,valid=1,read_failures=0"
g431,"FH3_SYNC_SEND,1,196608,2,56,55,0,55,0,0,4294967295,0,20261004,133,233,0,40,0,0,0"
dengfoc,"SYNC_TRUTH,sequence=98533,truth_tick_us=197490584,mechanical_angle_rad=4.879592896,valid=1,read_failures=0"
g431,msh >
dengfoc,"SYNC_TRUTH,sequence=98534,truth_tick_us=197492588,mechanical_angle_rad=4.879592896,valid=1,read_failures=0"
dengfoc,"SYNC_TRUTH,sequence=98535,truth_tick_us=197494584,mechanical_angle_rad=4.879592896,valid=1,read_failures=0"
dengfoc,"SYNC_ANCHOR_RX,session=20261004,edge_sequence=133,edge_tag=233,truth_tick_us=197485755,source=2,flags=0x00000003"
dengfoc,"SYNC_TRUTH,sequence=98536,truth_tick_us=197497592,mechanical_angle_rad=4.879592896,valid=1,read_failures=0"
dengfoc,"SYNC_TRUTH,sequence=98537,truth_tick_us=197499584,mechanical_angle_rad=4.881126881,valid=1,read_failures=0"
dengfoc,"SYNC_TRUTH,sequence=98538,truth_tick_us=197501588,mechanical_angle_rad=4.881126881,valid=1,read_failures=0"
dengfoc,"SYNC_TRUTH,sequence=98539,truth_tick_us=197503584,mechanical_angle_rad=4.879592896,valid=1,read_failures=0"
dengfoc,"SYNC_TRUTH,sequence=98540,truth_tick_us=197505588,mechanical_angle_rad=4.879592896,valid=1,read_failures=0"
dengfoc,"SYNC_TRUTH,sequence=98541,truth_tick_us=197507584,mechanical_angle_rad=4.881126881,valid=1,read_failures=0"
dengfoc,"SYNC_TRUTH,sequence=98542,truth_tick_us=197509588,mechanical_angle_rad=4.879592896,valid=1,read_failures=0"
dengfoc,"SYNC_TRUTH,sequence=98543,truth_tick_us=197511584,mechanical_angle_rad=4.879592896,valid=1,read_failures=0"
dengfoc,"SYNC_TRUTH,sequence=98544,truth_tick_us=197513588,mechanical_angle_rad=4.879592896,valid=1,read_failures=0"
dengfoc,"SYNC_TRUTH,sequence=98545,truth_tick_us=197515584,mechanical_angle_rad=4.881126881,valid=1,read_failures=0"
dengfoc,"SYNC_TRUTH,sequence=98546,truth_tick_us=197517588,mechanical_angle_rad=4.879592896,valid=1,read_failures=0"
dengfoc,"SYNC_TRUTH,sequence=98547,truth_tick_us=197519584,mechanical_angle_rad=4.879592896,valid=1,read_failures=0"
dengfoc,"SYNC_TRUTH,sequence=98548,truth_tick_us=197521588,mechanical_angle_rad=4.879592896,valid=1,read_failures=0"
dengfoc,"SYNC_TRUTH,sequence=98549,truth_tick_us=197523584,mechanical_angle_rad=4.879592896,valid=1,read_failures=0"
g431,msh >
dengfoc,"SYNC_TRUTH,sequence=98550,truth_tick_us=197525588,mechanical_angle_rad=4.881126881,valid=1,read_failures=0"
dengfoc,"SYNC_TRUTH,sequence=98551,truth_tick_us=197527584,mechanical_angle_rad=4.879592896,valid=1,read_failures=0"
dengfoc,"SYNC_TRUTH,sequence=98552,truth_tick_us=197529588,mechanical_angle_rad=4.879592896,valid=1,read_failures=0"
dengfoc,"SYNC_TRUTH,sequence=98553,truth_tick_us=197531584,mechanical_angle_rad=4.881126881,valid=1,read_failures=0"
dengfoc,"SYNC_TRUTH,sequence=98554,truth_tick_us=197533588,mechanical_angle_rad=4.879592896,valid=1,read_failures=0"
dengfoc,"SYNC_TRUTH,sequence=98555,truth_tick_us=197535584,mechanical_angle_rad=4.879592896,valid=1,read_failures=0"
dengfoc,"SYNC_TRUTH,sequence=98556,truth_tick_us=197537588,mechanical_angle_rad=4.879592896,valid=1,read_failures=0"
dengfoc,"SYNC_TRUTH,sequence=98557,truth_tick_us=197539584,mechanical_angle_rad=4.879592896,valid=1,read_failures=0"
dengfoc,"SYNC_TRUTH,sequence=98558,truth_tick_us=197541588,mechanical_angle_rad=4.879592896,valid=1,read_failures=0"
dengfoc,"SYNC_TRUTH,sequence=98559,truth_tick_us=197543584,mechanical_angle_rad=4.879592896,valid=1,read_failures=0"
dengfoc,"SYNC_TRUTH,sequence=98560,truth_tick_us=197545588,mechanical_angle_rad=4.879592896,valid=1,read_failures=0"
dengfoc,"SYNC_TRUTH,sequence=98561,truth_tick_us=197547584,mechanical_angle_rad=4.879592896,valid=1,read_failures=0"
dengfoc,"SYNC_TRUTH,sequence=98562,truth_tick_us=197549588,mechanical_angle_rad=4.879592896,valid=1,read_failures=0"
dengfoc,"SYNC_TRUTH,sequence=98563,truth_tick_us=197551584,mechanical_angle_rad=4.881126881,valid=1,read_failures=0"
dengfoc,"SYNC_TRUTH,sequence=98564,truth_tick_us=197553588,mechanical_angle_rad=4.881126881,valid=1,read_failures=0"
dengfoc,"SYNC_TRUTH,sequence=98565,truth_tick_us=197555584,mechanical_angle_rad=4.881126881,valid=1,read_failures=0"
dengfoc,"SYNC_TRUTH,sequence=98566,truth_tick_us=197557588,mechanical_angle_rad=4.881126881,valid=1,read_failures=0"
dengfoc,"SYNC_TRUTH,sequence=98567,truth_tick_us=197559584,mechanical_angle_rad=4.879592896,valid=1,read_failures=0"
dengfoc,"SYNC_TRUTH,sequence=98568,truth_tick_us=197561588,mechanical_angle_rad=4.881126881,valid=1,read_failures=0"
dengfoc,"SYNC_TRUTH,sequence=98569,truth_tick_us=197563584,mechanical_angle_rad=4.881126881,valid=1,read_failures=0"
dengfoc,"SYNC_TRUTH,sequence=98570,truth_tick_us=197565588,mechanical_angle_rad=4.879592896,valid=1,read_failures=0"
dengfoc,"SYNC_TRUTH,sequence=98571,truth_tick_us=197567584,mechanical_angle_rad=4.881126881,valid=1,read_failures=0"
dengfoc,"SYNC_TRUTH,sequence=98572,truth_tick_us=197569588,mechanical_angle_rad=4.881126881,valid=1,read_failures=0"
dengfoc,"SYNC_TRUTH,sequence=98573,truth_tick_us=197571584,mechanical_angle_rad=4.881126881,valid=1,read_failures=0"
dengfoc,"SYNC_TRUTH,sequence=98574,truth_tick_us=197573588,mechanical_angle_rad=4.879592896,valid=1,read_failures=0"
dengfoc,"SYNC_TRUTH,sequence=98575,truth_tick_us=197575584,mechanical_angle_rad=4.881126881,valid=1,read_failures=0"
dengfoc,"SYNC_TRUTH,sequence=98576,truth_tick_us=197577588,mechanical_angle_rad=4.879592896,valid=1,read_failures=0"
dengfoc,"SYNC_TRUTH,sequence=98577,truth_tick_us=197579584,mechanical_angle_rad=4.881126881,valid=1,read_failures=0"
dengfoc,"SYNC_TRUTH,sequence=98578,truth_tick_us=197581588,mechanical_angle_rad=4.879592896,valid=1,read_failures=0"
dengfoc,"SYNC_TRUTH,sequence=98579,truth_tick_us=197583584,mechanical_angle_rad=4.879592896,valid=1,read_failures=0"
dengfoc,"SYNC_TRUTH,sequence=98580,truth_tick_us=197585588,mechanical_angle_rad=4.881126881,valid=1,read_failures=0"
dengfoc,"SYNC_TRUTH,sequence=98581,truth_tick_us=197587584,mechanical_angle_rad=4.879592896,valid=1,read_failures=0"
dengfoc,"SYNC_TRUTH,sequence=98582,truth_tick_us=197589588,mechanical_angle_rad=4.879592896,valid=1,read_failures=0"
dengfoc,"SYNC_TRUTH,sequence=98583,truth_tick_us=197591584,mechanical_angle_rad=4.879592896,valid=1,read_failures=0"
dengfoc,"SYNC_TRUTH,sequence=98584,truth_tick_us=197593588,mechanical_angle_rad=4.879592896,valid=1,read_failures=0"
dengfoc,"SYNC_TRUTH,sequence=98585,truth_tick_us=197595584,mechanical_angle_rad=4.881126881,valid=1,read_failures=0"
dengfoc,"SYNC_TRUTH,sequence=98586,truth_tick_us=197597588,mechanical_angle_rad=4.879592896,valid=1,read_failures=0"
dengfoc,"SYNC_TRUTH,sequence=98587,truth_tick_us=197599584,mechanical_angle_rad=4.879592896,valid=1,read_failures=0"
dengfoc,"SYNC_TRUTH,sequence=98588,truth_tick_us=197601588,mechanical_angle_rad=4.879592896,valid=1,read_failures=0"
dengfoc,"SYNC_TRUTH,sequence=98589,truth_tick_us=197603584,mechanical_angle_rad=4.881126881,valid=1,read_failures=0"
dengfoc,"SYNC_TRUTH,sequence=98590,truth_tick_us=197605588,mechanical_angle_rad=4.881126881,valid=1,read_failures=0"
dengfoc,"SYNC_TRUTH,sequence=98591,truth_tick_us=197607584,mechanical_angle_rad=4.879592896,valid=1,read_failures=0"
dengfoc,"SYNC_TRUTH,sequence=98592,truth_tick_us=197609588,mechanical_angle_rad=4.879592896,valid=1,read_failures=0"
dengfoc,"SYNC_TRUTH,sequence=98593,truth_tick_us=197611584,mechanical_angle_rad=4.881126881,valid=1,read_failures=0"
dengfoc,"SYNC_TRUTH,sequence=98594,truth_tick_us=197613588,mechanical_angle_rad=4.881126881,valid=1,read_failures=0"
dengfoc,"SYNC_TRUTH,sequence=98595,truth_tick_us=197615584,mechanical_angle_rad=4.879592896,valid=1,read_failures=0"
dengfoc,"SYNC_TRUTH,sequence=98596,truth_tick_us=197617588,mechanical_angle_rad=4.879592896,valid=1,read_failures=0"
dengfoc,"SYNC_TRUTH,sequence=98597,truth_tick_us=197619584,mechanical_angle_rad=4.879592896,valid=1,read_failures=0"
dengfoc,"SYNC_TRUTH,sequence=98598,truth_tick_us=197621588,mechanical_angle_rad=4.881126881,valid=1,read_failures=0"
dengfoc,"SYNC_TRUTH,sequence=98599,truth_tick_us=197623584,mechanical_angle_rad=4.879592896,valid=1,read_failures=0"
dengfoc,"SYNC_TRUTH,sequence=98600,truth_tick_us=197625588,mechanical_angle_rad=4.879592896,valid=1,read_failures=0"
dengfoc,"SYNC_TRUTH,sequence=98601,truth_tick_us=197627584,mechanical_angle_rad=4.879592896,valid=1,read_failures=0"
dengfoc,"SYNC_TRUTH,sequence=98602,truth_tick_us=197629588,mechanical_angle_rad=4.879592896,valid=1,read_failures=0"
dengfoc,"SYNC_TRUTH,sequence=98603,truth_tick_us=197631584,mechanical_angle_rad=4.879592896,valid=1,read_failures=0"
dengfoc,"SYNC_TRUTH,sequence=98604,truth_tick_us=197633588,mechanical_angle_rad=4.879592896,valid=1,read_failures=0"
dengfoc,"SYNC_TRUTH,sequence=98605,truth_tick_us=197635584,mechanical_angle_rad=4.881126881,valid=1,read_failures=0"
dengfoc,"SYNC_TRUTH,sequence=98606,truth_tick_us=197637588,mechanical_angle_rad=4.879592896,valid=1,read_failures=0"
dengfoc,"SYNC_TRUTH,sequence=98607,truth_tick_us=197639584,mechanical_angle_rad=4.879592896,valid=1,read_failures=0"
dengfoc,"SYNC_TRUTH,sequence=98608,truth_tick_us=197641588,mechanical_angle_rad=4.879592896,valid=1,read_failures=0"
dengfoc,"SYNC_TRUTH,sequence=98609,truth_tick_us=197643584,mechanical_angle_rad=4.879592896,valid=1,read_failures=0"
dengfoc,"SYNC_TRUTH,sequence=98610,truth_tick_us=197645588,mechanical_angle_rad=4.881126881,valid=1,read_failures=0"
dengfoc,"SYNC_TRUTH,sequence=98611,truth_tick_us=197647584,mechanical_angle_rad=4.881126881,valid=1,read_failures=0"
dengfoc,"SYNC_TRUTH,sequence=98612,truth_tick_us=197649588,mechanical_angle_rad=4.879592896,valid=1,read_failures=0"
dengfoc,"SYNC_TRUTH,sequence=98613,truth_tick_us=197651584,mechanical_angle_rad=4.879592896,valid=1,read_failures=0"
dengfoc,"SYNC_TRUTH,sequence=98614,truth_tick_us=197653588,mechanical_angle_rad=4.879592896,valid=1,read_failures=0"
dengfoc,"SYNC_TRUTH,sequence=98615,truth_tick_us=197655584,mechanical_angle_rad=4.879592896,valid=1,read_failures=0"
dengfoc,"SYNC_TRUTH,sequence=98616,truth_tick_us=197657588,mechanical_angle_rad=4.879592896,valid=1,read_failures=0"
dengfoc,"SYNC_TRUTH,sequence=98617,truth_tick_us=197659584,mechanical_angle_rad=4.881126881,valid=1,read_failures=0"
dengfoc,"SYNC_TRUTH,sequence=98618,truth_tick_us=197661588,mechanical_angle_rad=4.879592896,valid=1,read_failures=0"
dengfoc,"SYNC_TRUTH,sequence=98619,truth_tick_us=197663584,mechanical_angle_rad=4.881126881,valid=1,read_failures=0"
dengfoc,"SYNC_TRUTH,sequence=98620,truth_tick_us=197665588,mechanical_angle_rad=4.881126881,valid=1,read_failures=0"
dengfoc,"SYNC_TRUTH,sequence=98621,truth_tick_us=197667584,mechanical_angle_rad=4.879592896,valid=1,read_failures=0"
dengfoc,"SYNC_TRUTH,sequence=98622,truth_tick_us=197669588,mechanical_angle_rad=4.881126881,valid=1,read_failures=0"
dengfoc,"SYNC_TRUTH,sequence=98623,truth_tick_us=197671584,mechanical_angle_rad=4.881126881,valid=1,read_failures=0"
dengfoc,"SYNC_TRUTH,sequence=98624,truth_tick_us=197673588,mechanical_angle_rad=4.879592896,valid=1,read_failures=0"
dengfoc,"SYNC_TRUTH,sequence=98625,truth_tick_us=197675584,mechanical_angle_rad=4.879592896,valid=1,read_failures=0"
dengfoc,"SYNC_TRUTH,sequence=98626,truth_tick_us=197677588,mechanical_angle_rad=4.879592896,valid=1,read_failures=0"
dengfoc,"SYNC_TRUTH,sequence=98627,truth_tick_us=197679584,mechanical_angle_rad=4.879592896,valid=1,read_failures=0"
dengfoc,"SYNC_TRUTH,sequence=98628,truth_tick_us=197681588,mechanical_angle_rad=4.879592896,valid=1,read_failures=0"
dengfoc,"SYNC_TRUTH,sequence=98629,truth_tick_us=197683584,mechanical_angle_rad=4.881126881,valid=1,read_failures=0"
dengfoc,"SYNC_TRUTH,sequence=98630,truth_tick_us=197685588,mechanical_angle_rad=4.879592896,valid=1,read_failures=0"
dengfoc,"SYNC_TRUTH,sequence=98631,truth_tick_us=197687584,mechanical_angle_rad=4.881126881,valid=1,read_failures=0"
dengfoc,"SYNC_TRUTH,sequence=98632,truth_tick_us=197689588,mechanical_angle_rad=4.879592896,valid=1,read_failures=0"
dengfoc,"SYNC_TRUTH,sequence=98633,truth_tick_us=197691584,mechanical_angle_rad=4.879592896,valid=1,read_failures=0"
dengfoc,"SYNC_TRUTH,sequence=98634,truth_tick_us=197693588,mechanical_angle_rad=4.879592896,valid=1,read_failures=0"
dengfoc,"SYNC_TRUTH,sequence=98635,truth_tick_us=197695584,mechanical_angle_rad=4.879592896,valid=1,read_failures=0"
dengfoc,"SYNC_TRUTH,sequence=98636,truth_tick_us=197697588,mechanical_angle_rad=4.879592896,valid=1,read_failures=0"
dengfoc,"SYNC_TRUTH,sequence=98637,truth_tick_us=197699584,mechanical_angle_rad=4.881126881,valid=1,read_failures=0"
dengfoc,"SYNC_TRUTH,sequence=98638,truth_tick_us=197701588,mechanical_angle_rad=4.879592896,valid=1,read_failures=0"
dengfoc,"SYNC_TRUTH,sequence=98639,truth_tick_us=197703584,mechanical_angle_rad=4.881126881,valid=1,read_failures=0"
dengfoc,"SYNC_TRUTH,sequence=98640,truth_tick_us=197705588,mechanical_angle_rad=4.881126881,valid=1,read_failures=0"
dengfoc,"SYNC_TRUTH,sequence=98641,truth_tick_us=197707584,mechanical_angle_rad=4.879592896,valid=1,read_failures=0"
dengfoc,"SYNC_TRUTH,sequence=98642,truth_tick_us=197709588,mechanical_angle_rad=4.879592896,valid=1,read_failures=0"
dengfoc,"SYNC_TRUTH,sequence=98643,truth_tick_us=197711584,mechanical_angle_rad=4.879592896,valid=1,read_failures=0"
dengfoc,"SYNC_TRUTH,sequence=98644,truth_tick_us=197713588,mechanical_angle_rad=4.881126881,valid=1,read_failures=0"
dengfoc,"SYNC_TRUTH,sequence=98645,truth_tick_us=197715584,mechanical_angle_rad=4.881126881,valid=1,read_failures=0"
dengfoc,"SYNC_TRUTH,sequence=98646,truth_tick_us=197717588,mechanical_angle_rad=4.879592896,valid=1,read_failures=0"
dengfoc,"SYNC_TRUTH,sequence=98647,truth_tick_us=197719584,mechanical_angle_rad=4.879592896,valid=1,read_failures=0"
dengfoc,"SYNC_TRUTH,sequence=98648,truth_tick_us=197721588,mechanical_angle_rad=4.879592896,valid=1,read_failures=0"
dengfoc,"SYNC_TRUTH,sequence=98649,truth_tick_us=197723584,mechanical_angle_rad=4.879592896,valid=1,read_failures=0"
dengfoc,"SYNC_TRUTH,sequence=98650,truth_tick_us=197725588,mechanical_angle_rad=4.881126881,valid=1,read_failures=0"
dengfoc,"SYNC_TRUTH,sequence=98651,truth_tick_us=197727584,mechanical_angle_rad=4.879592896,valid=1,read_failures=0"
dengfoc,"SYNC_TRUTH,sequence=98652,truth_tick_us=197729588,mechanical_angle_rad=4.881126881,valid=1,read_failures=0"
dengfoc,"SYNC_TRUTH,sequence=98653,truth_tick_us=197731584,mechanical_angle_rad=4.879592896,valid=1,read_failures=0"
dengfoc,"SYNC_TRUTH,sequence=98654,truth_tick_us=197733588,mechanical_angle_rad=4.879592896,valid=1,read_failures=0"
dengfoc,"SYNC_TRUTH,sequence=98655,truth_tick_us=197735584,mechanical_angle_rad=4.879592896,valid=1,read_failures=0"
dengfoc,"SYNC_TRUTH,sequence=98656,truth_tick_us=197737588,mechanical_angle_rad=4.879592896,valid=1,read_failures=0"
dengfoc,"SYNC_TRUTH,sequence=98657,truth_tick_us=197739584,mechanical_angle_rad=4.881126881,valid=1,read_failures=0"
dengfoc,"SYNC_TRUTH,sequence=98658,truth_tick_us=197741588,mechanical_angle_rad=4.879592896,valid=1,read_failures=0"
dengfoc,"SYNC_TRUTH,sequence=98659,truth_tick_us=197743584,mechanical_angle_rad=4.879592896,valid=1,read_failures=0"
dengfoc,"SYNC_TRUTH,sequence=98660,truth_tick_us=197745588,mechanical_angle_rad=4.881126881,valid=1,read_failures=0"
dengfoc,"SYNC_TRUTH,sequence=98661,truth_tick_us=197747584,mechanical_angle_rad=4.879592896,valid=1,read_failures=0"
dengfoc,"SYNC_TRUTH,sequence=98662,truth_tick_us=197749588,mechanical_angle_rad=4.879592896,valid=1,read_failures=0"
dengfoc,"SYNC_TRUTH,sequence=98663,truth_tick_us=197751584,mechanical_angle_rad=4.881126881,valid=1,read_failures=0"
dengfoc,"SYNC_TRUTH,sequence=98664,truth_tick_us=197753588,mechanical_angle_rad=4.879592896,valid=1,read_failures=0"
dengfoc,"SYNC_TRUTH,sequence=98665,truth_tick_us=197755584,mechanical_angle_rad=4.879592896,valid=1,read_failures=0"
dengfoc,"SYNC_TRUTH,sequence=98666,truth_tick_us=197757588,mechanical_angle_rad=4.879592896,valid=1,read_failures=0"
dengfoc,"SYNC_TRUTH,sequence=98667,truth_tick_us=197759584,mechanical_angle_rad=4.879592896,valid=1,read_failures=0"
dengfoc,"SYNC_TRUTH,sequence=98668,truth_tick_us=197761588,mechanical_angle_rad=4.879592896,valid=1,read_failures=0"
dengfoc,"SYNC_TRUTH,sequence=98669,truth_tick_us=197763584,mechanical_angle_rad=4.881126881,valid=1,read_failures=0"
dengfoc,"SYNC_TRUTH,sequence=98670,truth_tick_us=197765588,mechanical_angle_rad=4.879592896,valid=1,read_failures=0"
dengfoc,"SYNC_TRUTH,sequence=98671,truth_tick_us=197767584,mechanical_angle_rad=4.879592896,valid=1,read_failures=0"
dengfoc,"SYNC_TRUTH,sequence=98672,truth_tick_us=197769588,mechanical_angle_rad=4.881126881,valid=1,read_failures=0"
dengfoc,"SYNC_TRUTH,sequence=98673,truth_tick_us=197771584,mechanical_angle_rad=4.881126881,valid=1,read_failures=0"
dengfoc,"SYNC_TRUTH,sequence=98674,truth_tick_us=197773588,mechanical_angle_rad=4.881126881,valid=1,read_failures=0"
dengfoc,"SYNC_TRUTH,sequence=98675,truth_tick_us=197775584,mechanical_angle_rad=4.879592896,valid=1,read_failures=0"
dengfoc,"SYNC_TRUTH,sequence=98676,truth_tick_us=197777588,mechanical_angle_rad=4.881126881,valid=1,read_failures=0"
dengfoc,"SYNC_TRUTH,sequence=98677,truth_tick_us=197779584,mechanical_angle_rad=4.879592896,valid=1,read_failures=0"
dengfoc,"SYNC_TRUTH,sequence=98678,truth_tick_us=197781588,mechanical_angle_rad=4.881126881,valid=1,read_failures=0"
dengfoc,"SYNC_TRUTH,sequence=98679,truth_tick_us=197783584,mechanical_angle_rad=4.879592896,valid=1,read_failures=0"
dengfoc,"SYNC_TRUTH,sequence=98680,truth_tick_us=197785588,mechanical_angle_rad=4.881126881,valid=1,read_failures=0"
dengfoc,"SYNC_TRUTH,sequence=98681,truth_tick_us=197787584,mechanical_angle_rad=4.881126881,valid=1,read_failures=0"
dengfoc,"SYNC_TRUTH,sequence=98682,truth_tick_us=197789588,mechanical_angle_rad=4.879592896,valid=1,read_failures=0"
dengfoc,"SYNC_TRUTH,sequence=98683,truth_tick_us=197791584,mechanical_angle_rad=4.879592896,valid=1,read_failures=0"
dengfoc,"SYNC_TRUTH,sequence=98684,truth_tick_us=197793588,mechanical_angle_rad=4.881126881,valid=1,read_failures=0"
dengfoc,"SYNC_TRUTH,sequence=98685,truth_tick_us=197795584,mechanical_angle_rad=4.881126881,valid=1,read_failures=0"
dengfoc,"SYNC_TRUTH,sequence=98686,truth_tick_us=197797588,mechanical_angle_rad=4.879592896,valid=1,read_failures=0"
dengfoc,"SYNC_TRUTH,sequence=98687,truth_tick_us=197799584,mechanical_angle_rad=4.879592896,valid=1,read_failures=0"
dengfoc,"SYNC_TRUTH,sequence=98688,truth_tick_us=197801588,mechanical_angle_rad=4.879592896,valid=1,read_failures=0"
dengfoc,"SYNC_TRUTH,sequence=98689,truth_tick_us=197803584,mechanical_angle_rad=4.879592896,valid=1,read_failures=0"
dengfoc,"SYNC_TRUTH,sequence=98690,truth_tick_us=197805588,mechanical_angle_rad=4.879592896,valid=1,read_failures=0"
dengfoc,"SYNC_TRUTH,sequence=98691,truth_tick_us=197807584,mechanical_angle_rad=4.879592896,valid=1,read_failures=0"
dengfoc,"SYNC_TRUTH,sequence=98692,truth_tick_us=197809588,mechanical_angle_rad=4.879592896,valid=1,read_failures=0"
dengfoc,"SYNC_TRUTH,sequence=98693,truth_tick_us=197811584,mechanical_angle_rad=4.881126881,valid=1,read_failures=0"
dengfoc,"SYNC_TRUTH,sequence=98694,truth_tick_us=197813588,mechanical_angle_rad=4.879592896,valid=1,read_failures=0"
dengfoc,"SYNC_TRUTH,sequence=98695,truth_tick_us=197815584,mechanical_angle_rad=4.879592896,valid=1,read_failures=0"
dengfoc,"SYNC_TRUTH,sequence=98696,truth_tick_us=197817588,mechanical_angle_rad=4.879592896,valid=1,read_failures=0"
dengfoc,"SYNC_TRUTH,sequence=98697,truth_tick_us=197819584,mechanical_angle_rad=4.879592896,valid=1,read_failures=0"
dengfoc,"SYNC_TRUTH,sequence=98698,truth_tick_us=197821588,mechanical_angle_rad=4.881126881,valid=1,read_failures=0"
dengfoc,"SYNC_TRUTH,sequence=98699,truth_tick_us=197823584,mechanical_angle_rad=4.879592896,valid=1,read_failures=0"
dengfoc,"SYNC_TRUTH,sequence=98700,truth_tick_us=197825588,mechanical_angle_rad=4.879592896,valid=1,read_failures=0"
dengfoc,"SYNC_TRUTH,sequence=98701,truth_tick_us=197827584,mechanical_angle_rad=4.881126881,valid=1,read_failures=0"
dengfoc,"SYNC_TRUTH,sequence=98702,truth_tick_us=197829588,mechanical_angle_rad=4.879592896,valid=1,read_failures=0"
dengfoc,"SYNC_TRUTH,sequence=98703,truth_tick_us=197831584,mechanical_angle_rad=4.881126881,valid=1,read_failures=0"
dengfoc,"SYNC_TRUTH,sequence=98704,truth_tick_us=197833588,mechanical_angle_rad=4.879592896,valid=1,read_failures=0"
dengfoc,"SYNC_TRUTH,sequence=98705,truth_tick_us=197835584,mechanical_angle_rad=4.879592896,valid=1,read_failures=0"
dengfoc,"SYNC_TRUTH,sequence=98706,truth_tick_us=197837588,mechanical_angle_rad=4.881126881,valid=1,read_failures=0"
dengfoc,"SYNC_TRUTH,sequence=98707,truth_tick_us=197839584,mechanical_angle_rad=4.879592896,valid=1,read_failures=0"
dengfoc,"SYNC_TRUTH,sequence=98708,truth_tick_us=197841588,mechanical_angle_rad=4.881126881,valid=1,read_failures=0"
dengfoc,"SYNC_TRUTH,sequence=98709,truth_tick_us=197843584,mechanical_angle_rad=4.879592896,valid=1,read_failures=0"
dengfoc,"SYNC_TRUTH,sequence=98710,truth_tick_us=197845588,mechanical_angle_rad=4.879592896,valid=1,read_failures=0"
dengfoc,"SYNC_TRUTH,sequence=98711,truth_tick_us=197847584,mechanical_angle_rad=4.881126881,valid=1,read_failures=0"
dengfoc,"SYNC_TRUTH,sequence=98712,truth_tick_us=197849588,mechanical_angle_rad=4.879592896,valid=1,read_failures=0"
g431,foc_h3_sync_status
dengfoc,"SYNC_TRUTH,sequence=98713,truth_tick_us=197851584,mechanical_angle_rad=4.881126881,valid=1,read_failures=0"
dengfoc,"SYNC_TRUTH,sequence=98714,truth_tick_us=197853588,mechanical_angle_rad=4.881126881,valid=1,read_failures=0"
dengfoc,"SYNC_TRUTH,sequence=98715,truth_tick_us=197855584,mechanical_angle_rad=4.881126881,valid=1,read_failures=0"
dengfoc,"SYNC_TRUTH,sequence=98716,truth_tick_us=197857588,mechanical_angle_rad=4.879592896,valid=1,read_failures=0"
g431,"FH3_SYNC_STATUS,1,196608,3,56,56,0,56,101,3928968672,15739962,7,20261004,133,233,0,41,100,3928968721,49"
dengfoc,"SYNC_TRUTH,sequence=98717,truth_tick_us=197859584,mechanical_angle_rad=4.879592896,valid=1,read_failures=0"
g431,msh >
dengfoc,"SYNC_TRUTH,sequence=98718,truth_tick_us=197861588,mechanical_angle_rad=4.879592896,valid=1,read_failures=0"
dengfoc,"SYNC_TRUTH,sequence=98719,truth_tick_us=197863584,mechanical_angle_rad=4.881126881,valid=1,read_failures=0"
dengfoc,"SYNC_TRUTH,sequence=98720,truth_tick_us=197865588,mechanical_angle_rad=4.879592896,valid=1,read_failures=0"
dengfoc,"SYNC_TRUTH,sequence=98721,truth_tick_us=197867584,mechanical_angle_rad=4.879592896,valid=1,read_failures=0"
dengfoc,"SYNC_TRUTH,sequence=98722,truth_tick_us=197869588,mechanical_angle_rad=4.881126881,valid=1,read_failures=0"
dengfoc,"SYNC_TRUTH,sequence=98723,truth_tick_us=197871584,mechanical_angle_rad=4.879592896,valid=1,read_failures=0"
dengfoc,"SYNC_TRUTH,sequence=98724,truth_tick_us=197873588,mechanical_angle_rad=4.879592896,valid=1,read_failures=0"
dengfoc,"SYNC_TRUTH,sequence=98725,truth_tick_us=197875584,mechanical_angle_rad=4.879592896,valid=1,read_failures=0"
dengfoc,"SYNC_TRUTH,sequence=98726,truth_tick_us=197877588,mechanical_angle_rad=4.881126881,valid=1,read_failures=0"
dengfoc,"SYNC_TRUTH,sequence=98727,truth_tick_us=197879584,mechanical_angle_rad=4.879592896,valid=1,read_failures=0"
dengfoc,"SYNC_TRUTH,sequence=98728,truth_tick_us=197881588,mechanical_angle_rad=4.881126881,valid=1,read_failures=0"
dengfoc,"SYNC_TRUTH,sequence=98729,truth_tick_us=197883584,mechanical_angle_rad=4.881126881,valid=1,read_failures=0"
dengfoc,"SYNC_TRUTH,sequence=98730,truth_tick_us=197885588,mechanical_angle_rad=4.879592896,valid=1,read_failures=0"
dengfoc,"SYNC_TRUTH,sequence=98731,truth_tick_us=197887584,mechanical_angle_rad=4.879592896,valid=1,read_failures=0"
dengfoc,"SYNC_TRUTH,sequence=98732,truth_tick_us=197889588,mechanical_angle_rad=4.879592896,valid=1,read_failures=0"
dengfoc,"SYNC_TRUTH,sequence=98733,truth_tick_us=197891584,mechanical_angle_rad=4.881126881,valid=1,read_failures=0"
dengfoc,"SYNC_TRUTH,sequence=98734,truth_tick_us=197893588,mechanical_angle_rad=4.879592896,valid=1,read_failures=0"
g431,msh >
dengfoc,"SYNC_TRUTH,sequence=98735,truth_tick_us=197895584,mechanical_angle_rad=4.879592896,valid=1,read_failures=0"
dengfoc,"SYNC_TRUTH,sequence=98736,truth_tick_us=197897588,mechanical_angle_rad=4.879592896,valid=1,read_failures=0"
dengfoc,"SYNC_TRUTH,sequence=98737,truth_tick_us=197899584,mechanical_angle_rad=4.879592896,valid=1,read_failures=0"
dengfoc,"SYNC_TRUTH,sequence=98738,truth_tick_us=197901588,mechanical_angle_rad=4.879592896,valid=1,read_failures=0"
dengfoc,"SYNC_TRUTH,sequence=98739,truth_tick_us=197903584,mechanical_angle_rad=4.881126881,valid=1,read_failures=0"
dengfoc,"SYNC_TRUTH,sequence=98740,truth_tick_us=197905588,mechanical_angle_rad=4.879592896,valid=1,read_failures=0"
dengfoc,"SYNC_TRUTH,sequence=98741,truth_tick_us=197907584,mechanical_angle_rad=4.881126881,valid=1,read_failures=0"
dengfoc,"SYNC_TRUTH,sequence=98742,truth_tick_us=197909588,mechanical_angle_rad=4.879592896,valid=1,read_failures=0"
dengfoc,"SYNC_TRUTH,sequence=98743,truth_tick_us=197911584,mechanical_angle_rad=4.879592896,valid=1,read_failures=0"
dengfoc,"SYNC_TRUTH,sequence=98744,truth_tick_us=197913588,mechanical_angle_rad=4.879592896,valid=1,read_failures=0"
dengfoc,"SYNC_TRUTH,sequence=98745,truth_tick_us=197915584,mechanical_angle_rad=4.879592896,valid=1,read_failures=0"
dengfoc,"SYNC_TRUTH,sequence=98746,truth_tick_us=197917588,mechanical_angle_rad=4.879592896,valid=1,read_failures=0"
dengfoc,"SYNC_TRUTH,sequence=98747,truth_tick_us=197919584,mechanical_angle_rad=4.881126881,valid=1,read_failures=0"
dengfoc,"SYNC_TRUTH,sequence=98748,truth_tick_us=197921588,mechanical_angle_rad=4.881126881,valid=1,read_failures=0"
dengfoc,"SYNC_TRUTH,sequence=98749,truth_tick_us=197923584,mechanical_angle_rad=4.879592896,valid=1,read_failures=0"
dengfoc,"SYNC_TRUTH,sequence=98750,truth_tick_us=197925588,mechanical_angle_rad=4.879592896,valid=1,read_failures=0"
dengfoc,"SYNC_TRUTH,sequence=98751,truth_tick_us=197927584,mechanical_angle_rad=4.879592896,valid=1,read_failures=0"
dengfoc,"SYNC_TRUTH,sequence=98752,truth_tick_us=197929588,mechanical_angle_rad=4.881126881,valid=1,read_failures=0"
dengfoc,"SYNC_TRUTH,sequence=98753,truth_tick_us=197931584,mechanical_angle_rad=4.879592896,valid=1,read_failures=0"
dengfoc,"SYNC_TRUTH,sequence=98754,truth_tick_us=197933588,mechanical_angle_rad=4.879592896,valid=1,read_failures=0"
dengfoc,"SYNC_TRUTH,sequence=98755,truth_tick_us=197935584,mechanical_angle_rad=4.879592896,valid=1,read_failures=0"
dengfoc,"SYNC_TRUTH,sequence=98756,truth_tick_us=197937588,mechanical_angle_rad=4.879592896,valid=1,read_failures=0"
dengfoc,"SYNC_TRUTH,sequence=98757,truth_tick_us=197939584,mechanical_angle_rad=4.879592896,valid=1,read_failures=0"
dengfoc,"SYNC_TRUTH,sequence=98758,truth_tick_us=197941588,mechanical_angle_rad=4.881126881,valid=1,read_failures=0"
dengfoc,"SYNC_TRUTH,sequence=98759,truth_tick_us=197943584,mechanical_angle_rad=4.879592896,valid=1,read_failures=0"
dengfoc,"SYNC_TRUTH,sequence=98760,truth_tick_us=197945588,mechanical_angle_rad=4.879592896,valid=1,read_failures=0"
dengfoc,"SYNC_TRUTH,sequence=98761,truth_tick_us=197947584,mechanical_angle_rad=4.881126881,valid=1,read_failures=0"
dengfoc,"SYNC_TRUTH,sequence=98762,truth_tick_us=197949588,mechanical_angle_rad=4.881126881,valid=1,read_failures=0"
dengfoc,"SYNC_TRUTH,sequence=98763,truth_tick_us=197951584,mechanical_angle_rad=4.879592896,valid=1,read_failures=0"
dengfoc,"SYNC_TRUTH,sequence=98764,truth_tick_us=197953588,mechanical_angle_rad=4.879592896,valid=1,read_failures=0"
dengfoc,"SYNC_TRUTH,sequence=98765,truth_tick_us=197955584,mechanical_angle_rad=4.881126881,valid=1,read_failures=0"
dengfoc,"SYNC_TRUTH,sequence=98766,truth_tick_us=197957588,mechanical_angle_rad=4.879592896,valid=1,read_failures=0"
dengfoc,"SYNC_TRUTH,sequence=98767,truth_tick_us=197959584,mechanical_angle_rad=4.879592896,valid=1,read_failures=0"
dengfoc,"SYNC_TRUTH,sequence=98768,truth_tick_us=197961588,mechanical_angle_rad=4.879592896,valid=1,read_failures=0"
dengfoc,"SYNC_TRUTH,sequence=98769,truth_tick_us=197963584,mechanical_angle_rad=4.881126881,valid=1,read_failures=0"
dengfoc,"SYNC_TRUTH,sequence=98770,truth_tick_us=197965588,mechanical_angle_rad=4.881126881,valid=1,read_failures=0"
dengfoc,"SYNC_TRUTH,sequence=98771,truth_tick_us=197967584,mechanical_angle_rad=4.879592896,valid=1,read_failures=0"
dengfoc,"SYNC_TRUTH,sequence=98772,truth_tick_us=197969588,mechanical_angle_rad=4.879592896,valid=1,read_failures=0"
dengfoc,"SYNC_TRUTH,sequence=98773,truth_tick_us=197971584,mechanical_angle_rad=4.879592896,valid=1,read_failures=0"
dengfoc,"SYNC_TRUTH,sequence=98774,truth_tick_us=197973588,mechanical_angle_rad=4.879592896,valid=1,read_failures=0"
dengfoc,"SYNC_TRUTH,sequence=98775,truth_tick_us=197975584,mechanical_angle_rad=4.879592896,valid=1,read_failures=0"
dengfoc,"SYNC_TRUTH,sequence=98776,truth_tick_us=197977588,mechanical_angle_rad=4.879592896,valid=1,read_failures=0"
dengfoc,"SYNC_TRUTH,sequence=98777,truth_tick_us=197979584,mechanical_angle_rad=4.879592896,valid=1,read_failures=0"
dengfoc,"SYNC_TRUTH,sequence=98778,truth_tick_us=197981588,mechanical_angle_rad=4.879592896,valid=1,read_failures=0"
dengfoc,"SYNC_TRUTH,sequence=98779,truth_tick_us=197983584,mechanical_angle_rad=4.879592896,valid=1,read_failures=0"
dengfoc,"SYNC_TRUTH,sequence=98780,truth_tick_us=197985588,mechanical_angle_rad=4.881126881,valid=1,read_failures=0"
dengfoc,"SYNC_TRUTH,sequence=98781,truth_tick_us=197987584,mechanical_angle_rad=4.881126881,valid=1,read_failures=0"
dengfoc,"SYNC_TRUTH,sequence=98782,truth_tick_us=197989588,mechanical_angle_rad=4.881126881,valid=1,read_failures=0"
dengfoc,"SYNC_TRUTH,sequence=98783,truth_tick_us=197991584,mechanical_angle_rad=4.879592896,valid=1,read_failures=0"
dengfoc,"SYNC_TRUTH,sequence=98784,truth_tick_us=197993588,mechanical_angle_rad=4.879592896,valid=1,read_failures=0"
dengfoc,"SYNC_TRUTH,sequence=98785,truth_tick_us=197995584,mechanical_angle_rad=4.879592896,valid=1,read_failures=0"
dengfoc,"SYNC_TRUTH,sequence=98786,truth_tick_us=197997588,mechanical_angle_rad=4.879592896,valid=1,read_failures=0"
dengfoc,"SYNC_TRUTH,sequence=98787,truth_tick_us=197999584,mechanical_angle_rad=4.879592896,valid=1,read_failures=0"
dengfoc,"SYNC_TRUTH,sequence=98788,truth_tick_us=198001588,mechanical_angle_rad=4.879592896,valid=1,read_failures=0"
dengfoc,"SYNC_TRUTH,sequence=98789,truth_tick_us=198003584,mechanical_angle_rad=4.879592896,valid=1,read_failures=0"
dengfoc,"SYNC_TRUTH,sequence=98790,truth_tick_us=198005588,mechanical_angle_rad=4.879592896,valid=1,read_failures=0"
dengfoc,"SYNC_TRUTH,sequence=98791,truth_tick_us=198007584,mechanical_angle_rad=4.881126881,valid=1,read_failures=0"
dengfoc,"SYNC_TRUTH,sequence=98792,truth_tick_us=198009588,mechanical_angle_rad=4.879592896,valid=1,read_failures=0"
dengfoc,"SYNC_TRUTH,sequence=98793,truth_tick_us=198011584,mechanical_angle_rad=4.879592896,valid=1,read_failures=0"
dengfoc,"SYNC_TRUTH,sequence=98794,truth_tick_us=198013588,mechanical_angle_rad=4.879592896,valid=1,read_failures=0"
dengfoc,"SYNC_TRUTH,sequence=98795,truth_tick_us=198015584,mechanical_angle_rad=4.881126881,valid=1,read_failures=0"
dengfoc,"SYNC_TRUTH,sequence=98796,truth_tick_us=198017588,mechanical_angle_rad=4.879592896,valid=1,read_failures=0"
dengfoc,"SYNC_TRUTH,sequence=98797,truth_tick_us=198019584,mechanical_angle_rad=4.879592896,valid=1,read_failures=0"
dengfoc,"SYNC_TRUTH,sequence=98798,truth_tick_us=198021588,mechanical_angle_rad=4.879592896,valid=1,read_failures=0"
dengfoc,"SYNC_TRUTH,sequence=98799,truth_tick_us=198023584,mechanical_angle_rad=4.879592896,valid=1,read_failures=0"
dengfoc,"SYNC_TRUTH,sequence=98800,truth_tick_us=198025588,mechanical_angle_rad=4.879592896,valid=1,read_failures=0"
dengfoc,"SYNC_TRUTH,sequence=98801,truth_tick_us=198027584,mechanical_angle_rad=4.881126881,valid=1,read_failures=0"
dengfoc,"SYNC_TRUTH,sequence=98802,truth_tick_us=198029588,mechanical_angle_rad=4.879592896,valid=1,read_failures=0"
dengfoc,"SYNC_TRUTH,sequence=98803,truth_tick_us=198031584,mechanical_angle_rad=4.881126881,valid=1,read_failures=0"
dengfoc,"SYNC_TRUTH,sequence=98804,truth_tick_us=198033588,mechanical_angle_rad=4.879592896,valid=1,read_failures=0"
dengfoc,"SYNC_TRUTH,sequence=98805,truth_tick_us=198035584,mechanical_angle_rad=4.881126881,valid=1,read_failures=0"
dengfoc,"SYNC_TRUTH,sequence=98806,truth_tick_us=198037588,mechanical_angle_rad=4.881126881,valid=1,read_failures=0"
dengfoc,"SYNC_TRUTH,sequence=98807,truth_tick_us=198039584,mechanical_angle_rad=4.879592896,valid=1,read_failures=0"
dengfoc,"SYNC_TRUTH,sequence=98808,truth_tick_us=198041588,mechanical_angle_rad=4.881126881,valid=1,read_failures=0"
dengfoc,"SYNC_TRUTH,sequence=98809,truth_tick_us=198043584,mechanical_angle_rad=4.879592896,valid=1,read_failures=0"
dengfoc,"SYNC_TRUTH,sequence=98810,truth_tick_us=198045588,mechanical_angle_rad=4.879592896,valid=1,read_failures=0"
dengfoc,"SYNC_TRUTH,sequence=98811,truth_tick_us=198047584,mechanical_angle_rad=4.879592896,valid=1,read_failures=0"
dengfoc,"SYNC_TRUTH,sequence=98812,truth_tick_us=198049588,mechanical_angle_rad=4.879592896,valid=1,read_failures=0"
dengfoc,"SYNC_TRUTH,sequence=98813,truth_tick_us=198051584,mechanical_angle_rad=4.879592896,valid=1,read_failures=0"
dengfoc,"SYNC_TRUTH,sequence=98814,truth_tick_us=198053588,mechanical_angle_rad=4.879592896,valid=1,read_failures=0"
dengfoc,"SYNC_TRUTH,sequence=98815,truth_tick_us=198055584,mechanical_angle_rad=4.879592896,valid=1,read_failures=0"
dengfoc,"SYNC_TRUTH,sequence=98816,truth_tick_us=198057588,mechanical_angle_rad=4.879592896,valid=1,read_failures=0"
dengfoc,"SYNC_TRUTH,sequence=98817,truth_tick_us=198059584,mechanical_angle_rad=4.879592896,valid=1,read_failures=0"
dengfoc,"SYNC_TRUTH,sequence=98818,truth_tick_us=198061588,mechanical_angle_rad=4.879592896,valid=1,read_failures=0"
dengfoc,"SYNC_TRUTH,sequence=98819,truth_tick_us=198063584,mechanical_angle_rad=4.879592896,valid=1,read_failures=0"
dengfoc,"SYNC_TRUTH,sequence=98820,truth_tick_us=198065588,mechanical_angle_rad=4.879592896,valid=1,read_failures=0"
dengfoc,"SYNC_TRUTH,sequence=98821,truth_tick_us=198067584,mechanical_angle_rad=4.879592896,valid=1,read_failures=0"
dengfoc,"SYNC_TRUTH,sequence=98822,truth_tick_us=198069588,mechanical_angle_rad=4.881126881,valid=1,read_failures=0"
dengfoc,"SYNC_TRUTH,sequence=98823,truth_tick_us=198071584,mechanical_angle_rad=4.879592896,valid=1,read_failures=0"
dengfoc,"SYNC_TRUTH,sequence=98824,truth_tick_us=198073588,mechanical_angle_rad=4.879592896,valid=1,read_failures=0"
dengfoc,"SYNC_TRUTH,sequence=98825,truth_tick_us=198075584,mechanical_angle_rad=4.879592896,valid=1,read_failures=0"
dengfoc,"SYNC_TRUTH,sequence=98826,truth_tick_us=198077588,mechanical_angle_rad=4.879592896,valid=1,read_failures=0"
dengfoc,"SYNC_TRUTH,sequence=98827,truth_tick_us=198079584,mechanical_angle_rad=4.879592896,valid=1,read_failures=0"
dengfoc,"SYNC_TRUTH,sequence=98828,truth_tick_us=198081588,mechanical_angle_rad=4.879592896,valid=1,read_failures=0"
dengfoc,"SYNC_TRUTH,sequence=98829,truth_tick_us=198083584,mechanical_angle_rad=4.879592896,valid=1,read_failures=0"
dengfoc,"SYNC_TRUTH,sequence=98830,truth_tick_us=198085588,mechanical_angle_rad=4.879592896,valid=1,read_failures=0"
dengfoc,"SYNC_TRUTH,sequence=98831,truth_tick_us=198087584,mechanical_angle_rad=4.881126881,valid=1,read_failures=0"
dengfoc,"SYNC_TRUTH,sequence=98832,truth_tick_us=198089588,mechanical_angle_rad=4.881126881,valid=1,read_failures=0"
dengfoc,"SYNC_TRUTH,sequence=98833,truth_tick_us=198091584,mechanical_angle_rad=4.881126881,valid=1,read_failures=0"
dengfoc,"SYNC_TRUTH,sequence=98834,truth_tick_us=198093588,mechanical_angle_rad=4.881126881,valid=1,read_failures=0"
dengfoc,"SYNC_TRUTH,sequence=98835,truth_tick_us=198095584,mechanical_angle_rad=4.879592896,valid=1,read_failures=0"
dengfoc,"SYNC_TRUTH,sequence=98836,truth_tick_us=198097588,mechanical_angle_rad=4.879592896,valid=1,read_failures=0"
dengfoc,"SYNC_TRUTH,sequence=98837,truth_tick_us=198099584,mechanical_angle_rad=4.881126881,valid=1,read_failures=0"
dengfoc,"SYNC_TRUTH,sequence=98838,truth_tick_us=198101588,mechanical_angle_rad=4.881126881,valid=1,read_failures=0"
dengfoc,"SYNC_TRUTH,sequence=98839,truth_tick_us=198103584,mechanical_angle_rad=4.879592896,valid=1,read_failures=0"
dengfoc,"SYNC_TRUTH,sequence=98840,truth_tick_us=198105588,mechanical_angle_rad=4.879592896,valid=1,read_failures=0"
dengfoc,"SYNC_TRUTH,sequence=98841,truth_tick_us=198107584,mechanical_angle_rad=4.881126881,valid=1,read_failures=0"
dengfoc,"SYNC_TRUTH,sequence=98842,truth_tick_us=198109588,mechanical_angle_rad=4.879592896,valid=1,read_failures=0"
dengfoc,"SYNC_TRUTH,sequence=98843,truth_tick_us=198111584,mechanical_angle_rad=4.879592896,valid=1,read_failures=0"
dengfoc,"SYNC_TRUTH,sequence=98844,truth_tick_us=198113588,mechanical_angle_rad=4.879592896,valid=1,read_failures=0"
dengfoc,"SYNC_TRUTH,sequence=98845,truth_tick_us=198115584,mechanical_angle_rad=4.881126881,valid=1,read_failures=0"
dengfoc,"SYNC_TRUTH,sequence=98846,truth_tick_us=198117588,mechanical_angle_rad=4.879592896,valid=1,read_failures=0"
dengfoc,"SYNC_TRUTH,sequence=98847,truth_tick_us=198119584,mechanical_angle_rad=4.879592896,valid=1,read_failures=0"
dengfoc,"SYNC_TRUTH,sequence=98848,truth_tick_us=198121588,mechanical_angle_rad=4.879592896,valid=1,read_failures=0"
dengfoc,"SYNC_TRUTH,sequence=98849,truth_tick_us=198123584,mechanical_angle_rad=4.879592896,valid=1,read_failures=0"
dengfoc,"SYNC_TRUTH,sequence=98850,truth_tick_us=198125588,mechanical_angle_rad=4.879592896,valid=1,read_failures=0"
dengfoc,"SYNC_TRUTH,sequence=98851,truth_tick_us=198127584,mechanical_angle_rad=4.881126881,valid=1,read_failures=0"
dengfoc,"SYNC_TRUTH,sequence=98852,truth_tick_us=198129588,mechanical_angle_rad=4.879592896,valid=1,read_failures=0"
dengfoc,"SYNC_TRUTH,sequence=98853,truth_tick_us=198131584,mechanical_angle_rad=4.881126881,valid=1,read_failures=0"
dengfoc,"SYNC_TRUTH,sequence=98854,truth_tick_us=198133588,mechanical_angle_rad=4.879592896,valid=1,read_failures=0"
dengfoc,"SYNC_TRUTH,sequence=98855,truth_tick_us=198135584,mechanical_angle_rad=4.879592896,valid=1,read_failures=0"
dengfoc,"SYNC_TRUTH,sequence=98856,truth_tick_us=198137588,mechanical_angle_rad=4.881126881,valid=1,read_failures=0"
dengfoc,"SYNC_TRUTH,sequence=98857,truth_tick_us=198139584,mechanical_angle_rad=4.879592896,valid=1,read_failures=0"
dengfoc,"SYNC_TRUTH,sequence=98858,truth_tick_us=198141588,mechanical_angle_rad=4.881126881,valid=1,read_failures=0"
dengfoc,"SYNC_TRUTH,sequence=98859,truth_tick_us=198143584,mechanical_angle_rad=4.881126881,valid=1,read_failures=0"
dengfoc,"SYNC_TRUTH,sequence=98860,truth_tick_us=198145588,mechanical_angle_rad=4.879592896,valid=1,read_failures=0"
dengfoc,"SYNC_TRUTH,sequence=98861,truth_tick_us=198147584,mechanical_angle_rad=4.879592896,valid=1,read_failures=0"
dengfoc,"SYNC_TRUTH,sequence=98862,truth_tick_us=198149588,mechanical_angle_rad=4.879592896,valid=1,read_failures=0"
dengfoc,"SYNC_TRUTH,sequence=98863,truth_tick_us=198151584,mechanical_angle_rad=4.881126881,valid=1,read_failures=0"
dengfoc,"SYNC_TRUTH,sequence=98864,truth_tick_us=198153588,mechanical_angle_rad=4.879592896,valid=1,read_failures=0"
dengfoc,"SYNC_TRUTH,sequence=98865,truth_tick_us=198155584,mechanical_angle_rad=4.881126881,valid=1,read_failures=0"
dengfoc,"SYNC_TRUTH,sequence=98866,truth_tick_us=198157588,mechanical_angle_rad=4.879592896,valid=1,read_failures=0"
dengfoc,"SYNC_TRUTH,sequence=98867,truth_tick_us=198159584,mechanical_angle_rad=4.879592896,valid=1,read_failures=0"
dengfoc,"SYNC_TRUTH,sequence=98868,truth_tick_us=198161588,mechanical_angle_rad=4.881126881,valid=1,read_failures=0"
dengfoc,"SYNC_TRUTH,sequence=98869,truth_tick_us=198163584,mechanical_angle_rad=4.879592896,valid=1,read_failures=0"
dengfoc,"SYNC_TRUTH,sequence=98870,truth_tick_us=198165588,mechanical_angle_rad=4.881126881,valid=1,read_failures=0"
dengfoc,"SYNC_TRUTH,sequence=98871,truth_tick_us=198167584,mechanical_angle_rad=4.879592896,valid=1,read_failures=0"
g431,foc_h3_sync_send 20261004 134 234
dengfoc,"SYNC_TRUTH,sequence=98872,truth_tick_us=198169588,mechanical_angle_rad=4.879592896,valid=1,read_failures=0"
dengfoc,"SYNC_TRUTH,sequence=98873,truth_tick_us=198171586,mechanical_angle_rad=4.881126881,valid=1,read_failures=0"
dengfoc,"SYNC_TRUTH,sequence=98874,truth_tick_us=198173588,mechanical_angle_rad=4.879592896,valid=1,read_failures=0"
g431,"FH3_SYNC_SEND,1,196608,2,57,56,0,56,0,0,4294967295,0,20261004,134,234,0,41,0,0,0"
dengfoc,"SYNC_TRUTH,sequence=98875,truth_tick_us=198175584,mechanical_angle_rad=4.881126881,valid=1,read_failures=0"
g431,msh >
dengfoc,"SYNC_TRUTH,sequence=98876,truth_tick_us=198177588,mechanical_angle_rad=4.879592896,valid=1,read_failures=0"
dengfoc,"SYNC_TRUTH,sequence=98877,truth_tick_us=198179584,mechanical_angle_rad=4.881126881,valid=1,read_failures=0"
dengfoc,"SYNC_ANCHOR_RX,session=20261004,edge_sequence=134,edge_tag=234,truth_tick_us=198170653,source=2,flags=0x00000003"
dengfoc,"SYNC_TRUTH,sequence=98878,truth_tick_us=198182596,mechanical_angle_rad=4.879592896,valid=1,read_failures=0"
dengfoc,"SYNC_TRUTH,sequence=98879,truth_tick_us=198184584,mechanical_angle_rad=4.881126881,valid=1,read_failures=0"
dengfoc,"SYNC_TRUTH,sequence=98880,truth_tick_us=198186588,mechanical_angle_rad=4.879592896,valid=1,read_failures=0"
dengfoc,"SYNC_TRUTH,sequence=98881,truth_tick_us=198188584,mechanical_angle_rad=4.881126881,valid=1,read_failures=0"
dengfoc,"SYNC_TRUTH,sequence=98882,truth_tick_us=198190588,mechanical_angle_rad=4.879592896,valid=1,read_failures=0"
dengfoc,"SYNC_TRUTH,sequence=98883,truth_tick_us=198192584,mechanical_angle_rad=4.879592896,valid=1,read_failures=0"
dengfoc,"SYNC_STATUS,frames=15,frame_fail=0,truth=98883,truth_fail=0,idle=0,capture_state=1,capture_failure=0,rejected=0,overflow=0,driver_disabled=1"
dengfoc,"SYNC_TRUTH,sequence=98884,truth_tick_us=198195592,mechanical_angle_rad=4.879592896,valid=1,read_failures=0"
dengfoc,"SYNC_TRUTH,sequence=98885,truth_tick_us=198197584,mechanical_angle_rad=4.881126881,valid=1,read_failures=0"
dengfoc,"SYNC_TRUTH,sequence=98886,truth_tick_us=198199588,mechanical_angle_rad=4.879592896,valid=1,read_failures=0"
dengfoc,"SYNC_TRUTH,sequence=98887,truth_tick_us=198201584,mechanical_angle_rad=4.879592896,valid=1,read_failures=0"
dengfoc,"SYNC_TRUTH,sequence=98888,truth_tick_us=198203588,mechanical_angle_rad=4.879592896,valid=1,read_failures=0"
dengfoc,"SYNC_TRUTH,sequence=98889,truth_tick_us=198205584,mechanical_angle_rad=4.879592896,valid=1,read_failures=0"
dengfoc,"SYNC_TRUTH,sequence=98890,truth_tick_us=198207588,mechanical_angle_rad=4.879592896,valid=1,read_failures=0"
g431,msh >
dengfoc,"SYNC_TRUTH,sequence=98891,truth_tick_us=198209584,mechanical_angle_rad=4.881126881,valid=1,read_failures=0"
dengfoc,"SYNC_TRUTH,sequence=98892,truth_tick_us=198211588,mechanical_angle_rad=4.879592896,valid=1,read_failures=0"
dengfoc,"SYNC_TRUTH,sequence=98893,truth_tick_us=198213584,mechanical_angle_rad=4.881126881,valid=1,read_failures=0"
dengfoc,"SYNC_TRUTH,sequence=98894,truth_tick_us=198215588,mechanical_angle_rad=4.879592896,valid=1,read_failures=0"
dengfoc,"SYNC_TRUTH,sequence=98895,truth_tick_us=198217584,mechanical_angle_rad=4.879592896,valid=1,read_failures=0"
dengfoc,"SYNC_TRUTH,sequence=98896,truth_tick_us=198219588,mechanical_angle_rad=4.879592896,valid=1,read_failures=0"
dengfoc,"SYNC_TRUTH,sequence=98897,truth_tick_us=198221584,mechanical_angle_rad=4.879592896,valid=1,read_failures=0"
dengfoc,"SYNC_TRUTH,sequence=98898,truth_tick_us=198223588,mechanical_angle_rad=4.879592896,valid=1,read_failures=0"
dengfoc,"SYNC_TRUTH,sequence=98899,truth_tick_us=198225584,mechanical_angle_rad=4.879592896,valid=1,read_failures=0"
dengfoc,"SYNC_TRUTH,sequence=98900,truth_tick_us=198227588,mechanical_angle_rad=4.879592896,valid=1,read_failures=0"
dengfoc,"SYNC_TRUTH,sequence=98901,truth_tick_us=198229584,mechanical_angle_rad=4.881126881,valid=1,read_failures=0"
dengfoc,"SYNC_TRUTH,sequence=98902,truth_tick_us=198231588,mechanical_angle_rad=4.879592896,valid=1,read_failures=0"
dengfoc,"SYNC_TRUTH,sequence=98903,truth_tick_us=198233584,mechanical_angle_rad=4.881126881,valid=1,read_failures=0"
dengfoc,"SYNC_TRUTH,sequence=98904,truth_tick_us=198235588,mechanical_angle_rad=4.879592896,valid=1,read_failures=0"
dengfoc,"SYNC_TRUTH,sequence=98905,truth_tick_us=198237584,mechanical_angle_rad=4.879592896,valid=1,read_failures=0"
dengfoc,"SYNC_TRUTH,sequence=98906,truth_tick_us=198239588,mechanical_angle_rad=4.879592896,valid=1,read_failures=0"
dengfoc,"SYNC_TRUTH,sequence=98907,truth_tick_us=198241584,mechanical_angle_rad=4.879592896,valid=1,read_failures=0"
dengfoc,"SYNC_TRUTH,sequence=98908,truth_tick_us=198243588,mechanical_angle_rad=4.879592896,valid=1,read_failures=0"
dengfoc,"SYNC_TRUTH,sequence=98909,truth_tick_us=198245584,mechanical_angle_rad=4.879592896,valid=1,read_failures=0"
dengfoc,"SYNC_TRUTH,sequence=98910,truth_tick_us=198247588,mechanical_angle_rad=4.879592896,valid=1,read_failures=0"
dengfoc,"SYNC_TRUTH,sequence=98911,truth_tick_us=198249584,mechanical_angle_rad=4.879592896,valid=1,read_failures=0"
dengfoc,"SYNC_TRUTH,sequence=98912,truth_tick_us=198251588,mechanical_angle_rad=4.879592896,valid=1,read_failures=0"
dengfoc,"SYNC_TRUTH,sequence=98913,truth_tick_us=198253584,mechanical_angle_rad=4.881126881,valid=1,read_failures=0"
dengfoc,"SYNC_TRUTH,sequence=98914,truth_tick_us=198255588,mechanical_angle_rad=4.879592896,valid=1,read_failures=0"
dengfoc,"SYNC_TRUTH,sequence=98915,truth_tick_us=198257584,mechanical_angle_rad=4.879592896,valid=1,read_failures=0"
dengfoc,"SYNC_TRUTH,sequence=98916,truth_tick_us=198259588,mechanical_angle_rad=4.881126881,valid=1,read_failures=0"
dengfoc,"SYNC_TRUTH,sequence=98917,truth_tick_us=198261584,mechanical_angle_rad=4.879592896,valid=1,read_failures=0"
dengfoc,"SYNC_TRUTH,sequence=98918,truth_tick_us=198263588,mechanical_angle_rad=4.879592896,valid=1,read_failures=0"
dengfoc,"SYNC_TRUTH,sequence=98919,truth_tick_us=198265584,mechanical_angle_rad=4.879592896,valid=1,read_failures=0"
dengfoc,"SYNC_TRUTH,sequence=98920,truth_tick_us=198267588,mechanical_angle_rad=4.881126881,valid=1,read_failures=0"
dengfoc,"SYNC_TRUTH,sequence=98921,truth_tick_us=198269584,mechanical_angle_rad=4.881126881,valid=1,read_failures=0"
dengfoc,"SYNC_TRUTH,sequence=98922,truth_tick_us=198271588,mechanical_angle_rad=4.879592896,valid=1,read_failures=0"
dengfoc,"SYNC_TRUTH,sequence=98923,truth_tick_us=198273584,mechanical_angle_rad=4.879592896,valid=1,read_failures=0"
dengfoc,"SYNC_TRUTH,sequence=98924,truth_tick_us=198275588,mechanical_angle_rad=4.879592896,valid=1,read_failures=0"
dengfoc,"SYNC_TRUTH,sequence=98925,truth_tick_us=198277584,mechanical_angle_rad=4.879592896,valid=1,read_failures=0"
dengfoc,"SYNC_TRUTH,sequence=98926,truth_tick_us=198279588,mechanical_angle_rad=4.879592896,valid=1,read_failures=0"
dengfoc,"SYNC_TRUTH,sequence=98927,truth_tick_us=198281584,mechanical_angle_rad=4.881126881,valid=1,read_failures=0"
dengfoc,"SYNC_TRUTH,sequence=98928,truth_tick_us=198283588,mechanical_angle_rad=4.879592896,valid=1,read_failures=0"
dengfoc,"SYNC_TRUTH,sequence=98929,truth_tick_us=198285584,mechanical_angle_rad=4.879592896,valid=1,read_failures=0"
dengfoc,"SYNC_TRUTH,sequence=98930,truth_tick_us=198287588,mechanical_angle_rad=4.879592896,valid=1,read_failures=0"
dengfoc,"SYNC_TRUTH,sequence=98931,truth_tick_us=198289584,mechanical_angle_rad=4.881126881,valid=1,read_failures=0"
dengfoc,"SYNC_TRUTH,sequence=98932,truth_tick_us=198291588,mechanical_angle_rad=4.879592896,valid=1,read_failures=0"
dengfoc,"SYNC_TRUTH,sequence=98933,truth_tick_us=198293584,mechanical_angle_rad=4.881126881,valid=1,read_failures=0"
dengfoc,"SYNC_TRUTH,sequence=98934,truth_tick_us=198295588,mechanical_angle_rad=4.879592896,valid=1,read_failures=0"
dengfoc,"SYNC_TRUTH,sequence=98935,truth_tick_us=198297584,mechanical_angle_rad=4.879592896,valid=1,read_failures=0"
dengfoc,"SYNC_TRUTH,sequence=98936,truth_tick_us=198299588,mechanical_angle_rad=4.879592896,valid=1,read_failures=0"
dengfoc,"SYNC_TRUTH,sequence=98937,truth_tick_us=198301584,mechanical_angle_rad=4.879592896,valid=1,read_failures=0"
dengfoc,"SYNC_TRUTH,sequence=98938,truth_tick_us=198303588,mechanical_angle_rad=4.879592896,valid=1,read_failures=0"
dengfoc,"SYNC_TRUTH,sequence=98939,truth_tick_us=198305584,mechanical_angle_rad=4.881126881,valid=1,read_failures=0"
dengfoc,"SYNC_TRUTH,sequence=98940,truth_tick_us=198307588,mechanical_angle_rad=4.881126881,valid=1,read_failures=0"
dengfoc,"SYNC_TRUTH,sequence=98941,truth_tick_us=198309584,mechanical_angle_rad=4.879592896,valid=1,read_failures=0"
dengfoc,"SYNC_TRUTH,sequence=98942,truth_tick_us=198311588,mechanical_angle_rad=4.879592896,valid=1,read_failures=0"
dengfoc,"SYNC_TRUTH,sequence=98943,truth_tick_us=198313584,mechanical_angle_rad=4.881126881,valid=1,read_failures=0"
dengfoc,"SYNC_TRUTH,sequence=98944,truth_tick_us=198315588,mechanical_angle_rad=4.879592896,valid=1,read_failures=0"
dengfoc,"SYNC_TRUTH,sequence=98945,truth_tick_us=198317584,mechanical_angle_rad=4.879592896,valid=1,read_failures=0"
dengfoc,"SYNC_TRUTH,sequence=98946,truth_tick_us=198319588,mechanical_angle_rad=4.879592896,valid=1,read_failures=0"
dengfoc,"SYNC_TRUTH,sequence=98947,truth_tick_us=198321584,mechanical_angle_rad=4.879592896,valid=1,read_failures=0"
dengfoc,"SYNC_TRUTH,sequence=98948,truth_tick_us=198323588,mechanical_angle_rad=4.879592896,valid=1,read_failures=0"
dengfoc,"SYNC_TRUTH,sequence=98949,truth_tick_us=198325584,mechanical_angle_rad=4.879592896,valid=1,read_failures=0"
dengfoc,"SYNC_TRUTH,sequence=98950,truth_tick_us=198327588,mechanical_angle_rad=4.881126881,valid=1,read_failures=0"
dengfoc,"SYNC_TRUTH,sequence=98951,truth_tick_us=198329584,mechanical_angle_rad=4.879592896,valid=1,read_failures=0"
dengfoc,"SYNC_TRUTH,sequence=98952,truth_tick_us=198331588,mechanical_angle_rad=4.881126881,valid=1,read_failures=0"
dengfoc,"SYNC_TRUTH,sequence=98953,truth_tick_us=198333584,mechanical_angle_rad=4.881126881,valid=1,read_failures=0"
dengfoc,"SYNC_TRUTH,sequence=98954,truth_tick_us=198335588,mechanical_angle_rad=4.881126881,valid=1,read_failures=0"
dengfoc,"SYNC_TRUTH,sequence=98955,truth_tick_us=198337584,mechanical_angle_rad=4.879592896,valid=1,read_failures=0"
dengfoc,"SYNC_TRUTH,sequence=98956,truth_tick_us=198339588,mechanical_angle_rad=4.881126881,valid=1,read_failures=0"
dengfoc,"SYNC_TRUTH,sequence=98957,truth_tick_us=198341584,mechanical_angle_rad=4.879592896,valid=1,read_failures=0"
dengfoc,"SYNC_TRUTH,sequence=98958,truth_tick_us=198343588,mechanical_angle_rad=4.879592896,valid=1,read_failures=0"
dengfoc,"SYNC_TRUTH,sequence=98959,truth_tick_us=198345584,mechanical_angle_rad=4.881126881,valid=1,read_failures=0"
dengfoc,"SYNC_TRUTH,sequence=98960,truth_tick_us=198347588,mechanical_angle_rad=4.879592896,valid=1,read_failures=0"
dengfoc,"SYNC_TRUTH,sequence=98961,truth_tick_us=198349584,mechanical_angle_rad=4.879592896,valid=1,read_failures=0"
dengfoc,"SYNC_TRUTH,sequence=98962,truth_tick_us=198351588,mechanical_angle_rad=4.879592896,valid=1,read_failures=0"
dengfoc,"SYNC_TRUTH,sequence=98963,truth_tick_us=198353584,mechanical_angle_rad=4.879592896,valid=1,read_failures=0"
dengfoc,"SYNC_TRUTH,sequence=98964,truth_tick_us=198355588,mechanical_angle_rad=4.879592896,valid=1,read_failures=0"
dengfoc,"SYNC_TRUTH,sequence=98965,truth_tick_us=198357584,mechanical_angle_rad=4.879592896,valid=1,read_failures=0"
dengfoc,"SYNC_TRUTH,sequence=98966,truth_tick_us=198359588,mechanical_angle_rad=4.879592896,valid=1,read_failures=0"
dengfoc,"SYNC_TRUTH,sequence=98967,truth_tick_us=198361584,mechanical_angle_rad=4.881126881,valid=1,read_failures=0"
dengfoc,"SYNC_TRUTH,sequence=98968,truth_tick_us=198363588,mechanical_angle_rad=4.879592896,valid=1,read_failures=0"
dengfoc,"SYNC_TRUTH,sequence=98969,truth_tick_us=198365584,mechanical_angle_rad=4.879592896,valid=1,read_failures=0"
dengfoc,"SYNC_TRUTH,sequence=98970,truth_tick_us=198367588,mechanical_angle_rad=4.879592896,valid=1,read_failures=0"
dengfoc,"SYNC_TRUTH,sequence=98971,truth_tick_us=198369584,mechanical_angle_rad=4.881126881,valid=1,read_failures=0"
dengfoc,"SYNC_TRUTH,sequence=98972,truth_tick_us=198371588,mechanical_angle_rad=4.881126881,valid=1,read_failures=0"
dengfoc,"SYNC_TRUTH,sequence=98973,truth_tick_us=198373584,mechanical_angle_rad=4.879592896,valid=1,read_failures=0"
dengfoc,"SYNC_TRUTH,sequence=98974,truth_tick_us=198375588,mechanical_angle_rad=4.881126881,valid=1,read_failures=0"
dengfoc,"SYNC_TRUTH,sequence=98975,truth_tick_us=198377584,mechanical_angle_rad=4.881126881,valid=1,read_failures=0"
dengfoc,"SYNC_TRUTH,sequence=98976,truth_tick_us=198379588,mechanical_angle_rad=4.879592896,valid=1,read_failures=0"
dengfoc,"SYNC_TRUTH,sequence=98977,truth_tick_us=198381584,mechanical_angle_rad=4.879592896,valid=1,read_failures=0"
dengfoc,"SYNC_TRUTH,sequence=98978,truth_tick_us=198383588,mechanical_angle_rad=4.879592896,valid=1,read_failures=0"
dengfoc,"SYNC_TRUTH,sequence=98979,truth_tick_us=198385584,mechanical_angle_rad=4.879592896,valid=1,read_failures=0"
dengfoc,"SYNC_TRUTH,sequence=98980,truth_tick_us=198387588,mechanical_angle_rad=4.879592896,valid=1,read_failures=0"
dengfoc,"SYNC_TRUTH,sequence=98981,truth_tick_us=198389584,mechanical_angle_rad=4.881126881,valid=1,read_failures=0"
dengfoc,"SYNC_TRUTH,sequence=98982,truth_tick_us=198391588,mechanical_angle_rad=4.881126881,valid=1,read_failures=0"
dengfoc,"SYNC_TRUTH,sequence=98983,truth_tick_us=198393584,mechanical_angle_rad=4.881126881,valid=1,read_failures=0"
dengfoc,"SYNC_TRUTH,sequence=98984,truth_tick_us=198395588,mechanical_angle_rad=4.879592896,valid=1,read_failures=0"
dengfoc,"SYNC_TRUTH,sequence=98985,truth_tick_us=198397584,mechanical_angle_rad=4.879592896,valid=1,read_failures=0"
dengfoc,"SYNC_TRUTH,sequence=98986,truth_tick_us=198399588,mechanical_angle_rad=4.879592896,valid=1,read_failures=0"
dengfoc,"SYNC_TRUTH,sequence=98987,truth_tick_us=198401584,mechanical_angle_rad=4.879592896,valid=1,read_failures=0"
dengfoc,"SYNC_TRUTH,sequence=98988,truth_tick_us=198403588,mechanical_angle_rad=4.879592896,valid=1,read_failures=0"
dengfoc,"SYNC_TRUTH,sequence=98989,truth_tick_us=198405584,mechanical_angle_rad=4.879592896,valid=1,read_failures=0"
dengfoc,"SYNC_TRUTH,sequence=98990,truth_tick_us=198407588,mechanical_angle_rad=4.881126881,valid=1,read_failures=0"
dengfoc,"SYNC_TRUTH,sequence=98991,truth_tick_us=198409584,mechanical_angle_rad=4.879592896,valid=1,read_failures=0"
dengfoc,"SYNC_TRUTH,sequence=98992,truth_tick_us=198411588,mechanical_angle_rad=4.879592896,valid=1,read_failures=0"
dengfoc,"SYNC_TRUTH,sequence=98993,truth_tick_us=198413584,mechanical_angle_rad=4.881126881,valid=1,read_failures=0"
dengfoc,"SYNC_TRUTH,sequence=98994,truth_tick_us=198415588,mechanical_angle_rad=4.879592896,valid=1,read_failures=0"
dengfoc,"SYNC_TRUTH,sequence=98995,truth_tick_us=198417584,mechanical_angle_rad=4.879592896,valid=1,read_failures=0"
dengfoc,"SYNC_TRUTH,sequence=98996,truth_tick_us=198419588,mechanical_angle_rad=4.881126881,valid=1,read_failures=0"
dengfoc,"SYNC_TRUTH,sequence=98997,truth_tick_us=198421584,mechanical_angle_rad=4.879592896,valid=1,read_failures=0"
dengfoc,"SYNC_TRUTH,sequence=98998,truth_tick_us=198423588,mechanical_angle_rad=4.879592896,valid=1,read_failures=0"
dengfoc,"SYNC_TRUTH,sequence=98999,truth_tick_us=198425584,mechanical_angle_rad=4.881126881,valid=1,read_failures=0"
dengfoc,"SYNC_TRUTH,sequence=99000,truth_tick_us=198427588,mechanical_angle_rad=4.879592896,valid=1,read_failures=0"
dengfoc,"SYNC_TRUTH,sequence=99001,truth_tick_us=198429584,mechanical_angle_rad=4.881126881,valid=1,read_failures=0"
dengfoc,"SYNC_TRUTH,sequence=99002,truth_tick_us=198431588,mechanical_angle_rad=4.879592896,valid=1,read_failures=0"
dengfoc,"SYNC_TRUTH,sequence=99003,truth_tick_us=198433584,mechanical_angle_rad=4.879592896,valid=1,read_failures=0"
dengfoc,"SYNC_TRUTH,sequence=99004,truth_tick_us=198435588,mechanical_angle_rad=4.879592896,valid=1,read_failures=0"
dengfoc,"SYNC_TRUTH,sequence=99005,truth_tick_us=198437584,mechanical_angle_rad=4.879592896,valid=1,read_failures=0"
dengfoc,"SYNC_TRUTH,sequence=99006,truth_tick_us=198439588,mechanical_angle_rad=4.879592896,valid=1,read_failures=0"
dengfoc,"SYNC_TRUTH,sequence=99007,truth_tick_us=198441584,mechanical_angle_rad=4.881126881,valid=1,read_failures=0"
dengfoc,"SYNC_TRUTH,sequence=99008,truth_tick_us=198443588,mechanical_angle_rad=4.879592896,valid=1,read_failures=0"
dengfoc,"SYNC_TRUTH,sequence=99009,truth_tick_us=198445584,mechanical_angle_rad=4.879592896,valid=1,read_failures=0"
dengfoc,"SYNC_TRUTH,sequence=99010,truth_tick_us=198447588,mechanical_angle_rad=4.881126881,valid=1,read_failures=0"
dengfoc,"SYNC_TRUTH,sequence=99011,truth_tick_us=198449584,mechanical_angle_rad=4.881126881,valid=1,read_failures=0"
dengfoc,"SYNC_TRUTH,sequence=99012,truth_tick_us=198451588,mechanical_angle_rad=4.881126881,valid=1,read_failures=0"
dengfoc,"SYNC_TRUTH,sequence=99013,truth_tick_us=198453584,mechanical_angle_rad=4.881126881,valid=1,read_failures=0"
dengfoc,"SYNC_TRUTH,sequence=99014,truth_tick_us=198455588,mechanical_angle_rad=4.879592896,valid=1,read_failures=0"
dengfoc,"SYNC_TRUTH,sequence=99015,truth_tick_us=198457584,mechanical_angle_rad=4.879592896,valid=1,read_failures=0"
dengfoc,"SYNC_TRUTH,sequence=99016,truth_tick_us=198459588,mechanical_angle_rad=4.881126881,valid=1,read_failures=0"
dengfoc,"SYNC_TRUTH,sequence=99017,truth_tick_us=198461584,mechanical_angle_rad=4.879592896,valid=1,read_failures=0"
dengfoc,"SYNC_TRUTH,sequence=99018,truth_tick_us=198463588,mechanical_angle_rad=4.881126881,valid=1,read_failures=0"
dengfoc,"SYNC_TRUTH,sequence=99019,truth_tick_us=198465584,mechanical_angle_rad=4.879592896,valid=1,read_failures=0"
dengfoc,"SYNC_TRUTH,sequence=99020,truth_tick_us=198467588,mechanical_angle_rad=4.879592896,valid=1,read_failures=0"
dengfoc,"SYNC_TRUTH,sequence=99021,truth_tick_us=198469584,mechanical_angle_rad=4.881126881,valid=1,read_failures=0"
dengfoc,"SYNC_TRUTH,sequence=99022,truth_tick_us=198471588,mechanical_angle_rad=4.879592896,valid=1,read_failures=0"
dengfoc,"SYNC_TRUTH,sequence=99023,truth_tick_us=198473584,mechanical_angle_rad=4.879592896,valid=1,read_failures=0"
dengfoc,"SYNC_TRUTH,sequence=99024,truth_tick_us=198475588,mechanical_angle_rad=4.879592896,valid=1,read_failures=0"
dengfoc,"SYNC_TRUTH,sequence=99025,truth_tick_us=198477584,mechanical_angle_rad=4.879592896,valid=1,read_failures=0"
dengfoc,"SYNC_TRUTH,sequence=99026,truth_tick_us=198479588,mechanical_angle_rad=4.879592896,valid=1,read_failures=0"
dengfoc,"SYNC_TRUTH,sequence=99027,truth_tick_us=198481584,mechanical_angle_rad=4.881126881,valid=1,read_failures=0"
dengfoc,"SYNC_TRUTH,sequence=99028,truth_tick_us=198483588,mechanical_angle_rad=4.881126881,valid=1,read_failures=0"
dengfoc,"SYNC_TRUTH,sequence=99029,truth_tick_us=198485584,mechanical_angle_rad=4.879592896,valid=1,read_failures=0"
dengfoc,"SYNC_TRUTH,sequence=99030,truth_tick_us=198487588,mechanical_angle_rad=4.879592896,valid=1,read_failures=0"
dengfoc,"SYNC_TRUTH,sequence=99031,truth_tick_us=198489584,mechanical_angle_rad=4.881126881,valid=1,read_failures=0"
dengfoc,"SYNC_TRUTH,sequence=99032,truth_tick_us=198491588,mechanical_angle_rad=4.881126881,valid=1,read_failures=0"
dengfoc,"SYNC_TRUTH,sequence=99033,truth_tick_us=198493584,mechanical_angle_rad=4.881126881,valid=1,read_failures=0"
dengfoc,"SYNC_TRUTH,sequence=99034,truth_tick_us=198495588,mechanical_angle_rad=4.879592896,valid=1,read_failures=0"
dengfoc,"SYNC_TRUTH,sequence=99035,truth_tick_us=198497584,mechanical_angle_rad=4.879592896,valid=1,read_failures=0"
dengfoc,"SYNC_TRUTH,sequence=99036,truth_tick_us=198499588,mechanical_angle_rad=4.879592896,valid=1,read_failures=0"
dengfoc,"SYNC_TRUTH,sequence=99037,truth_tick_us=198501584,mechanical_angle_rad=4.879592896,valid=1,read_failures=0"
dengfoc,"SYNC_TRUTH,sequence=99038,truth_tick_us=198503588,mechanical_angle_rad=4.879592896,valid=1,read_failures=0"
dengfoc,"SYNC_TRUTH,sequence=99039,truth_tick_us=198505584,mechanical_angle_rad=4.879592896,valid=1,read_failures=0"
dengfoc,"SYNC_TRUTH,sequence=99040,truth_tick_us=198507588,mechanical_angle_rad=4.879592896,valid=1,read_failures=0"
dengfoc,"SYNC_TRUTH,sequence=99041,truth_tick_us=198509584,mechanical_angle_rad=4.879592896,valid=1,read_failures=0"
dengfoc,"SYNC_TRUTH,sequence=99042,truth_tick_us=198511588,mechanical_angle_rad=4.879592896,valid=1,read_failures=0"
dengfoc,"SYNC_TRUTH,sequence=99043,truth_tick_us=198513584,mechanical_angle_rad=4.881126881,valid=1,read_failures=0"
dengfoc,"SYNC_TRUTH,sequence=99044,truth_tick_us=198515588,mechanical_angle_rad=4.879592896,valid=1,read_failures=0"
dengfoc,"SYNC_TRUTH,sequence=99045,truth_tick_us=198517584,mechanical_angle_rad=4.879592896,valid=1,read_failures=0"
dengfoc,"SYNC_TRUTH,sequence=99046,truth_tick_us=198519588,mechanical_angle_rad=4.879592896,valid=1,read_failures=0"
dengfoc,"SYNC_TRUTH,sequence=99047,truth_tick_us=198521584,mechanical_angle_rad=4.879592896,valid=1,read_failures=0"
dengfoc,"SYNC_TRUTH,sequence=99048,truth_tick_us=198523588,mechanical_angle_rad=4.879592896,valid=1,read_failures=0"
dengfoc,"SYNC_TRUTH,sequence=99049,truth_tick_us=198525584,mechanical_angle_rad=4.879592896,valid=1,read_failures=0"
dengfoc,"SYNC_TRUTH,sequence=99050,truth_tick_us=198527588,mechanical_angle_rad=4.881126881,valid=1,read_failures=0"
dengfoc,"SYNC_TRUTH,sequence=99051,truth_tick_us=198529584,mechanical_angle_rad=4.879592896,valid=1,read_failures=0"
dengfoc,"SYNC_TRUTH,sequence=99052,truth_tick_us=198531588,mechanical_angle_rad=4.879592896,valid=1,read_failures=0"
dengfoc,"SYNC_TRUTH,sequence=99053,truth_tick_us=198533584,mechanical_angle_rad=4.879592896,valid=1,read_failures=0"
dengfoc,"SYNC_TRUTH,sequence=99054,truth_tick_us=198535588,mechanical_angle_rad=4.879592896,valid=1,read_failures=0"
g431,foc_h3_sync_status
dengfoc,"SYNC_TRUTH,sequence=99055,truth_tick_us=198537584,mechanical_angle_rad=4.879592896,valid=1,read_failures=0"
dengfoc,"SYNC_TRUTH,sequence=99056,truth_tick_us=198539588,mechanical_angle_rad=4.879592896,valid=1,read_failures=0"
dengfoc,"SYNC_TRUTH,sequence=99057,truth_tick_us=198541584,mechanical_angle_rad=4.879592896,valid=1,read_failures=0"
dengfoc,"SYNC_TRUTH,sequence=99058,truth_tick_us=198543588,mechanical_angle_rad=4.879592896,valid=1,read_failures=0"
dengfoc,"SYNC_TRUTH,sequence=99059,truth_tick_us=198545584,mechanical_angle_rad=4.881126881,valid=1,read_failures=0"
g431,"FH3_SYNC_STATUS,1,196608,3,57,57,0,57,101,4045398480,15748181,7,20261004,134,234,0,42,100,4045398529,49"
g431,msh >
dengfoc,"SYNC_TRUTH,sequence=99060,truth_tick_us=198547588,mechanical_angle_rad=4.879592896,valid=1,read_failures=0"
dengfoc,"SYNC_TRUTH,sequence=99061,truth_tick_us=198549584,mechanical_angle_rad=4.881126881,valid=1,read_failures=0"
dengfoc,"SYNC_TRUTH,sequence=99062,truth_tick_us=198551588,mechanical_angle_rad=4.879592896,valid=1,read_failures=0"
dengfoc,"SYNC_TRUTH,sequence=99063,truth_tick_us=198553584,mechanical_angle_rad=4.881126881,valid=1,read_failures=0"
dengfoc,"SYNC_TRUTH,sequence=99064,truth_tick_us=198555588,mechanical_angle_rad=4.881126881,valid=1,read_failures=0"
dengfoc,"SYNC_TRUTH,sequence=99065,truth_tick_us=198557584,mechanical_angle_rad=4.879592896,valid=1,read_failures=0"
dengfoc,"SYNC_TRUTH,sequence=99066,truth_tick_us=198559588,mechanical_angle_rad=4.879592896,valid=1,read_failures=0"
dengfoc,"SYNC_TRUTH,sequence=99067,truth_tick_us=198561584,mechanical_angle_rad=4.879592896,valid=1,read_failures=0"
dengfoc,"SYNC_TRUTH,sequence=99068,truth_tick_us=198563588,mechanical_angle_rad=4.879592896,valid=1,read_failures=0"
dengfoc,"SYNC_TRUTH,sequence=99069,truth_tick_us=198565584,mechanical_angle_rad=4.879592896,valid=1,read_failures=0"
dengfoc,"SYNC_TRUTH,sequence=99070,truth_tick_us=198567588,mechanical_angle_rad=4.879592896,valid=1,read_failures=0"
dengfoc,"SYNC_TRUTH,sequence=99071,truth_tick_us=198569584,mechanical_angle_rad=4.879592896,valid=1,read_failures=0"
dengfoc,"SYNC_TRUTH,sequence=99072,truth_tick_us=198571588,mechanical_angle_rad=4.879592896,valid=1,read_failures=0"
dengfoc,"SYNC_TRUTH,sequence=99073,truth_tick_us=198573584,mechanical_angle_rad=4.879592896,valid=1,read_failures=0"
dengfoc,"SYNC_TRUTH,sequence=99074,truth_tick_us=198575588,mechanical_angle_rad=4.881126881,valid=1,read_failures=0"
dengfoc,"SYNC_TRUTH,sequence=99075,truth_tick_us=198577584,mechanical_angle_rad=4.879592896,valid=1,read_failures=0"
dengfoc,"SYNC_TRUTH,sequence=99076,truth_tick_us=198579588,mechanical_angle_rad=4.879592896,valid=1,read_failures=0"
dengfoc,"SYNC_TRUTH,sequence=99077,truth_tick_us=198581584,mechanical_angle_rad=4.879592896,valid=1,read_failures=0"
g431,msh >
dengfoc,"SYNC_TRUTH,sequence=99078,truth_tick_us=198583588,mechanical_angle_rad=4.881126881,valid=1,read_failures=0"
dengfoc,"SYNC_TRUTH,sequence=99079,truth_tick_us=198585584,mechanical_angle_rad=4.879592896,valid=1,read_failures=0"
dengfoc,"SYNC_TRUTH,sequence=99080,truth_tick_us=198587588,mechanical_angle_rad=4.881126881,valid=1,read_failures=0"
dengfoc,"SYNC_TRUTH,sequence=99081,truth_tick_us=198589584,mechanical_angle_rad=4.879592896,valid=1,read_failures=0"
dengfoc,"SYNC_TRUTH,sequence=99082,truth_tick_us=198591588,mechanical_angle_rad=4.879592896,valid=1,read_failures=0"
dengfoc,"SYNC_TRUTH,sequence=99083,truth_tick_us=198593584,mechanical_angle_rad=4.879592896,valid=1,read_failures=0"
dengfoc,"SYNC_TRUTH,sequence=99084,truth_tick_us=198595588,mechanical_angle_rad=4.879592896,valid=1,read_failures=0"
dengfoc,"SYNC_TRUTH,sequence=99085,truth_tick_us=198597584,mechanical_angle_rad=4.879592896,valid=1,read_failures=0"
dengfoc,"SYNC_TRUTH,sequence=99086,truth_tick_us=198599588,mechanical_angle_rad=4.879592896,valid=1,read_failures=0"
dengfoc,"SYNC_TRUTH,sequence=99087,truth_tick_us=198601584,mechanical_angle_rad=4.879592896,valid=1,read_failures=0"
dengfoc,"SYNC_TRUTH,sequence=99088,truth_tick_us=198603588,mechanical_angle_rad=4.881126881,valid=1,read_failures=0"
dengfoc,"SYNC_TRUTH,sequence=99089,truth_tick_us=198605584,mechanical_angle_rad=4.879592896,valid=1,read_failures=0"
dengfoc,"SYNC_TRUTH,sequence=99090,truth_tick_us=198607588,mechanical_angle_rad=4.879592896,valid=1,read_failures=0"
dengfoc,"SYNC_TRUTH,sequence=99091,truth_tick_us=198609584,mechanical_angle_rad=4.879592896,valid=1,read_failures=0"
dengfoc,"SYNC_TRUTH,sequence=99092,truth_tick_us=198611588,mechanical_angle_rad=4.881126881,valid=1,read_failures=0"
dengfoc,"SYNC_TRUTH,sequence=99093,truth_tick_us=198613584,mechanical_angle_rad=4.879592896,valid=1,read_failures=0"
dengfoc,"SYNC_TRUTH,sequence=99094,truth_tick_us=198615588,mechanical_angle_rad=4.879592896,valid=1,read_failures=0"
dengfoc,"SYNC_TRUTH,sequence=99095,truth_tick_us=198617584,mechanical_angle_rad=4.879592896,valid=1,read_failures=0"
dengfoc,"SYNC_TRUTH,sequence=99096,truth_tick_us=198619588,mechanical_angle_rad=4.881126881,valid=1,read_failures=0"
dengfoc,"SYNC_TRUTH,sequence=99097,truth_tick_us=198621584,mechanical_angle_rad=4.879592896,valid=1,read_failures=0"
dengfoc,"SYNC_TRUTH,sequence=99098,truth_tick_us=198623588,mechanical_angle_rad=4.879592896,valid=1,read_failures=0"
dengfoc,"SYNC_TRUTH,sequence=99099,truth_tick_us=198625584,mechanical_angle_rad=4.879592896,valid=1,read_failures=0"
dengfoc,"SYNC_TRUTH,sequence=99100,truth_tick_us=198627588,mechanical_angle_rad=4.879592896,valid=1,read_failures=0"
dengfoc,"SYNC_TRUTH,sequence=99101,truth_tick_us=198629584,mechanical_angle_rad=4.879592896,valid=1,read_failures=0"
dengfoc,"SYNC_TRUTH,sequence=99102,truth_tick_us=198631588,mechanical_angle_rad=4.879592896,valid=1,read_failures=0"
dengfoc,"SYNC_TRUTH,sequence=99103,truth_tick_us=198633584,mechanical_angle_rad=4.879592896,valid=1,read_failures=0"
dengfoc,"SYNC_TRUTH,sequence=99104,truth_tick_us=198635588,mechanical_angle_rad=4.879592896,valid=1,read_failures=0"
dengfoc,"SYNC_TRUTH,sequence=99105,truth_tick_us=198637584,mechanical_angle_rad=4.879592896,valid=1,read_failures=0"
dengfoc,"SYNC_TRUTH,sequence=99106,truth_tick_us=198639588,mechanical_angle_rad=4.881126881,valid=1,read_failures=0"
dengfoc,"SYNC_TRUTH,sequence=99107,truth_tick_us=198641584,mechanical_angle_rad=4.879592896,valid=1,read_failures=0"
dengfoc,"SYNC_TRUTH,sequence=99108,truth_tick_us=198643588,mechanical_angle_rad=4.881126881,valid=1,read_failures=0"
dengfoc,"SYNC_TRUTH,sequence=99109,truth_tick_us=198645584,mechanical_angle_rad=4.879592896,valid=1,read_failures=0"
dengfoc,"SYNC_TRUTH,sequence=99110,truth_tick_us=198647588,mechanical_angle_rad=4.879592896,valid=1,read_failures=0"
dengfoc,"SYNC_TRUTH,sequence=99111,truth_tick_us=198649584,mechanical_angle_rad=4.879592896,valid=1,read_failures=0"
dengfoc,"SYNC_TRUTH,sequence=99112,truth_tick_us=198651588,mechanical_angle_rad=4.879592896,valid=1,read_failures=0"
dengfoc,"SYNC_TRUTH,sequence=99113,truth_tick_us=198653584,mechanical_angle_rad=4.881126881,valid=1,read_failures=0"
dengfoc,"SYNC_TRUTH,sequence=99114,truth_tick_us=198655588,mechanical_angle_rad=4.879592896,valid=1,read_failures=0"
dengfoc,"SYNC_TRUTH,sequence=99115,truth_tick_us=198657584,mechanical_angle_rad=4.879592896,valid=1,read_failures=0"
dengfoc,"SYNC_TRUTH,sequence=99116,truth_tick_us=198659588,mechanical_angle_rad=4.881126881,valid=1,read_failures=0"
dengfoc,"SYNC_TRUTH,sequence=99117,truth_tick_us=198661584,mechanical_angle_rad=4.879592896,valid=1,read_failures=0"
dengfoc,"SYNC_TRUTH,sequence=99118,truth_tick_us=198663588,mechanical_angle_rad=4.879592896,valid=1,read_failures=0"
dengfoc,"SYNC_TRUTH,sequence=99119,truth_tick_us=198665584,mechanical_angle_rad=4.879592896,valid=1,read_failures=0"
dengfoc,"SYNC_TRUTH,sequence=99120,truth_tick_us=198667588,mechanical_angle_rad=4.879592896,valid=1,read_failures=0"
dengfoc,"SYNC_TRUTH,sequence=99121,truth_tick_us=198669584,mechanical_angle_rad=4.879592896,valid=1,read_failures=0"
dengfoc,"SYNC_TRUTH,sequence=99122,truth_tick_us=198671588,mechanical_angle_rad=4.881126881,valid=1,read_failures=0"
dengfoc,"SYNC_TRUTH,sequence=99123,truth_tick_us=198673584,mechanical_angle_rad=4.879592896,valid=1,read_failures=0"
dengfoc,"SYNC_TRUTH,sequence=99124,truth_tick_us=198675588,mechanical_angle_rad=4.879592896,valid=1,read_failures=0"
dengfoc,"SYNC_TRUTH,sequence=99125,truth_tick_us=198677584,mechanical_angle_rad=4.879592896,valid=1,read_failures=0"
dengfoc,"SYNC_TRUTH,sequence=99126,truth_tick_us=198679588,mechanical_angle_rad=4.879592896,valid=1,read_failures=0"
dengfoc,"SYNC_TRUTH,sequence=99127,truth_tick_us=198681584,mechanical_angle_rad=4.879592896,valid=1,read_failures=0"
dengfoc,"SYNC_TRUTH,sequence=99128,truth_tick_us=198683588,mechanical_angle_rad=4.881126881,valid=1,read_failures=0"
dengfoc,"SYNC_TRUTH,sequence=99129,truth_tick_us=198685584,mechanical_angle_rad=4.879592896,valid=1,read_failures=0"
dengfoc,"SYNC_TRUTH,sequence=99130,truth_tick_us=198687588,mechanical_angle_rad=4.879592896,valid=1,read_failures=0"
dengfoc,"SYNC_TRUTH,sequence=99131,truth_tick_us=198689584,mechanical_angle_rad=4.881126881,valid=1,read_failures=0"
dengfoc,"SYNC_TRUTH,sequence=99132,truth_tick_us=198691588,mechanical_angle_rad=4.879592896,valid=1,read_failures=0"
dengfoc,"SYNC_TRUTH,sequence=99133,truth_tick_us=198693584,mechanical_angle_rad=4.879592896,valid=1,read_failures=0"
dengfoc,"SYNC_TRUTH,sequence=99134,truth_tick_us=198695588,mechanical_angle_rad=4.881126881,valid=1,read_failures=0"
dengfoc,"SYNC_TRUTH,sequence=99135,truth_tick_us=198697584,mechanical_angle_rad=4.879592896,valid=1,read_failures=0"
dengfoc,"SYNC_TRUTH,sequence=99136,truth_tick_us=198699588,mechanical_angle_rad=4.879592896,valid=1,read_failures=0"
dengfoc,"SYNC_TRUTH,sequence=99137,truth_tick_us=198701584,mechanical_angle_rad=4.881126881,valid=1,read_failures=0"
dengfoc,"SYNC_TRUTH,sequence=99138,truth_tick_us=198703588,mechanical_angle_rad=4.879592896,valid=1,read_failures=0"
dengfoc,"SYNC_TRUTH,sequence=99139,truth_tick_us=198705584,mechanical_angle_rad=4.879592896,valid=1,read_failures=0"
dengfoc,"SYNC_TRUTH,sequence=99140,truth_tick_us=198707588,mechanical_angle_rad=4.879592896,valid=1,read_failures=0"
dengfoc,"SYNC_TRUTH,sequence=99141,truth_tick_us=198709584,mechanical_angle_rad=4.881126881,valid=1,read_failures=0"
dengfoc,"SYNC_TRUTH,sequence=99142,truth_tick_us=198711588,mechanical_angle_rad=4.879592896,valid=1,read_failures=0"
dengfoc,"SYNC_TRUTH,sequence=99143,truth_tick_us=198713584,mechanical_angle_rad=4.879592896,valid=1,read_failures=0"
dengfoc,"SYNC_TRUTH,sequence=99144,truth_tick_us=198715588,mechanical_angle_rad=4.879592896,valid=1,read_failures=0"
dengfoc,"SYNC_TRUTH,sequence=99145,truth_tick_us=198717584,mechanical_angle_rad=4.879592896,valid=1,read_failures=0"
dengfoc,"SYNC_TRUTH,sequence=99146,truth_tick_us=198719588,mechanical_angle_rad=4.881126881,valid=1,read_failures=0"
dengfoc,"SYNC_TRUTH,sequence=99147,truth_tick_us=198721584,mechanical_angle_rad=4.879592896,valid=1,read_failures=0"
dengfoc,"SYNC_TRUTH,sequence=99148,truth_tick_us=198723588,mechanical_angle_rad=4.879592896,valid=1,read_failures=0"
dengfoc,"SYNC_TRUTH,sequence=99149,truth_tick_us=198725584,mechanical_angle_rad=4.879592896,valid=1,read_failures=0"
dengfoc,"SYNC_TRUTH,sequence=99150,truth_tick_us=198727588,mechanical_angle_rad=4.881126881,valid=1,read_failures=0"
dengfoc,"SYNC_TRUTH,sequence=99151,truth_tick_us=198729584,mechanical_angle_rad=4.879592896,valid=1,read_failures=0"
dengfoc,"SYNC_TRUTH,sequence=99152,truth_tick_us=198731588,mechanical_angle_rad=4.879592896,valid=1,read_failures=0"
dengfoc,"SYNC_TRUTH,sequence=99153,truth_tick_us=198733584,mechanical_angle_rad=4.879592896,valid=1,read_failures=0"
dengfoc,"SYNC_TRUTH,sequence=99154,truth_tick_us=198735588,mechanical_angle_rad=4.881126881,valid=1,read_failures=0"
dengfoc,"SYNC_TRUTH,sequence=99155,truth_tick_us=198737584,mechanical_angle_rad=4.881126881,valid=1,read_failures=0"
dengfoc,"SYNC_TRUTH,sequence=99156,truth_tick_us=198739588,mechanical_angle_rad=4.879592896,valid=1,read_failures=0"
dengfoc,"SYNC_TRUTH,sequence=99157,truth_tick_us=198741584,mechanical_angle_rad=4.879592896,valid=1,read_failures=0"
dengfoc,"SYNC_TRUTH,sequence=99158,truth_tick_us=198743588,mechanical_angle_rad=4.879592896,valid=1,read_failures=0"
dengfoc,"SYNC_TRUTH,sequence=99159,truth_tick_us=198745584,mechanical_angle_rad=4.881126881,valid=1,read_failures=0"
dengfoc,"SYNC_TRUTH,sequence=99160,truth_tick_us=198747588,mechanical_angle_rad=4.881126881,valid=1,read_failures=0"
dengfoc,"SYNC_TRUTH,sequence=99161,truth_tick_us=198749584,mechanical_angle_rad=4.881126881,valid=1,read_failures=0"
dengfoc,"SYNC_TRUTH,sequence=99162,truth_tick_us=198751588,mechanical_angle_rad=4.881126881,valid=1,read_failures=0"
dengfoc,"SYNC_TRUTH,sequence=99163,truth_tick_us=198753584,mechanical_angle_rad=4.879592896,valid=1,read_failures=0"
dengfoc,"SYNC_TRUTH,sequence=99164,truth_tick_us=198755588,mechanical_angle_rad=4.881126881,valid=1,read_failures=0"
dengfoc,"SYNC_TRUTH,sequence=99165,truth_tick_us=198757584,mechanical_angle_rad=4.879592896,valid=1,read_failures=0"
dengfoc,"SYNC_TRUTH,sequence=99166,truth_tick_us=198759588,mechanical_angle_rad=4.879592896,valid=1,read_failures=0"
dengfoc,"SYNC_TRUTH,sequence=99167,truth_tick_us=198761584,mechanical_angle_rad=4.879592896,valid=1,read_failures=0"
dengfoc,"SYNC_TRUTH,sequence=99168,truth_tick_us=198763588,mechanical_angle_rad=4.879592896,valid=1,read_failures=0"
dengfoc,"SYNC_TRUTH,sequence=99169,truth_tick_us=198765584,mechanical_angle_rad=4.879592896,valid=1,read_failures=0"
dengfoc,"SYNC_TRUTH,sequence=99170,truth_tick_us=198767588,mechanical_angle_rad=4.881126881,valid=1,read_failures=0"
dengfoc,"SYNC_TRUTH,sequence=99171,truth_tick_us=198769584,mechanical_angle_rad=4.879592896,valid=1,read_failures=0"
dengfoc,"SYNC_TRUTH,sequence=99172,truth_tick_us=198771588,mechanical_angle_rad=4.879592896,valid=1,read_failures=0"
dengfoc,"SYNC_TRUTH,sequence=99173,truth_tick_us=198773584,mechanical_angle_rad=4.879592896,valid=1,read_failures=0"
dengfoc,"SYNC_TRUTH,sequence=99174,truth_tick_us=198775588,mechanical_angle_rad=4.881126881,valid=1,read_failures=0"
dengfoc,"SYNC_TRUTH,sequence=99175,truth_tick_us=198777584,mechanical_angle_rad=4.879592896,valid=1,read_failures=0"
dengfoc,"SYNC_TRUTH,sequence=99176,truth_tick_us=198779588,mechanical_angle_rad=4.879592896,valid=1,read_failures=0"
dengfoc,"SYNC_TRUTH,sequence=99177,truth_tick_us=198781584,mechanical_angle_rad=4.879592896,valid=1,read_failures=0"
dengfoc,"SYNC_TRUTH,sequence=99178,truth_tick_us=198783588,mechanical_angle_rad=4.879592896,valid=1,read_failures=0"
dengfoc,"SYNC_TRUTH,sequence=99179,truth_tick_us=198785584,mechanical_angle_rad=4.879592896,valid=1,read_failures=0"
dengfoc,"SYNC_TRUTH,sequence=99180,truth_tick_us=198787588,mechanical_angle_rad=4.881126881,valid=1,read_failures=0"
dengfoc,"SYNC_TRUTH,sequence=99181,truth_tick_us=198789584,mechanical_angle_rad=4.879592896,valid=1,read_failures=0"
dengfoc,"SYNC_TRUTH,sequence=99182,truth_tick_us=198791588,mechanical_angle_rad=4.879592896,valid=1,read_failures=0"
dengfoc,"SYNC_TRUTH,sequence=99183,truth_tick_us=198793584,mechanical_angle_rad=4.881126881,valid=1,read_failures=0"
dengfoc,"SYNC_TRUTH,sequence=99184,truth_tick_us=198795588,mechanical_angle_rad=4.881126881,valid=1,read_failures=0"
dengfoc,"SYNC_TRUTH,sequence=99185,truth_tick_us=198797584,mechanical_angle_rad=4.881126881,valid=1,read_failures=0"
dengfoc,"SYNC_TRUTH,sequence=99186,truth_tick_us=198799588,mechanical_angle_rad=4.879592896,valid=1,read_failures=0"
dengfoc,"SYNC_TRUTH,sequence=99187,truth_tick_us=198801584,mechanical_angle_rad=4.879592896,valid=1,read_failures=0"
dengfoc,"SYNC_TRUTH,sequence=99188,truth_tick_us=198803588,mechanical_angle_rad=4.879592896,valid=1,read_failures=0"
dengfoc,"SYNC_TRUTH,sequence=99189,truth_tick_us=198805584,mechanical_angle_rad=4.879592896,valid=1,read_failures=0"
dengfoc,"SYNC_TRUTH,sequence=99190,truth_tick_us=198807588,mechanical_angle_rad=4.879592896,valid=1,read_failures=0"
dengfoc,"SYNC_TRUTH,sequence=99191,truth_tick_us=198809584,mechanical_angle_rad=4.879592896,valid=1,read_failures=0"
dengfoc,"SYNC_TRUTH,sequence=99192,truth_tick_us=198811588,mechanical_angle_rad=4.881126881,valid=1,read_failures=0"
dengfoc,"SYNC_TRUTH,sequence=99193,truth_tick_us=198813584,mechanical_angle_rad=4.879592896,valid=1,read_failures=0"
dengfoc,"SYNC_TRUTH,sequence=99194,truth_tick_us=198815588,mechanical_angle_rad=4.879592896,valid=1,read_failures=0"
dengfoc,"SYNC_TRUTH,sequence=99195,truth_tick_us=198817584,mechanical_angle_rad=4.879592896,valid=1,read_failures=0"
dengfoc,"SYNC_TRUTH,sequence=99196,truth_tick_us=198819588,mechanical_angle_rad=4.879592896,valid=1,read_failures=0"
dengfoc,"SYNC_TRUTH,sequence=99197,truth_tick_us=198821584,mechanical_angle_rad=4.881126881,valid=1,read_failures=0"
dengfoc,"SYNC_TRUTH,sequence=99198,truth_tick_us=198823588,mechanical_angle_rad=4.879592896,valid=1,read_failures=0"
dengfoc,"SYNC_TRUTH,sequence=99199,truth_tick_us=198825584,mechanical_angle_rad=4.879592896,valid=1,read_failures=0"
dengfoc,"SYNC_TRUTH,sequence=99200,truth_tick_us=198827588,mechanical_angle_rad=4.879592896,valid=1,read_failures=0"
dengfoc,"SYNC_TRUTH,sequence=99201,truth_tick_us=198829584,mechanical_angle_rad=4.879592896,valid=1,read_failures=0"
dengfoc,"SYNC_TRUTH,sequence=99202,truth_tick_us=198831588,mechanical_angle_rad=4.879592896,valid=1,read_failures=0"
dengfoc,"SYNC_TRUTH,sequence=99203,truth_tick_us=198833584,mechanical_angle_rad=4.879592896,valid=1,read_failures=0"
dengfoc,"SYNC_TRUTH,sequence=99204,truth_tick_us=198835588,mechanical_angle_rad=4.879592896,valid=1,read_failures=0"
dengfoc,"SYNC_TRUTH,sequence=99205,truth_tick_us=198837584,mechanical_angle_rad=4.879592896,valid=1,read_failures=0"
dengfoc,"SYNC_TRUTH,sequence=99206,truth_tick_us=198839588,mechanical_angle_rad=4.879592896,valid=1,read_failures=0"
dengfoc,"SYNC_TRUTH,sequence=99207,truth_tick_us=198841584,mechanical_angle_rad=4.879592896,valid=1,read_failures=0"
dengfoc,"SYNC_TRUTH,sequence=99208,truth_tick_us=198843588,mechanical_angle_rad=4.879592896,valid=1,read_failures=0"
dengfoc,"SYNC_TRUTH,sequence=99209,truth_tick_us=198845584,mechanical_angle_rad=4.879592896,valid=1,read_failures=0"
dengfoc,"SYNC_TRUTH,sequence=99210,truth_tick_us=198847588,mechanical_angle_rad=4.881126881,valid=1,read_failures=0"
dengfoc,"SYNC_TRUTH,sequence=99211,truth_tick_us=198849584,mechanical_angle_rad=4.879592896,valid=1,read_failures=0"
dengfoc,"SYNC_TRUTH,sequence=99212,truth_tick_us=198851588,mechanical_angle_rad=4.881126881,valid=1,read_failures=0"
dengfoc,"SYNC_TRUTH,sequence=99213,truth_tick_us=198853584,mechanical_angle_rad=4.879592896,valid=1,read_failures=0"
dengfoc,"SYNC_TRUTH,sequence=99214,truth_tick_us=198855588,mechanical_angle_rad=4.881126881,valid=1,read_failures=0"
g431,foc_h3_sync_send 20261004 135 235
dengfoc,"SYNC_TRUTH,sequence=99215,truth_tick_us=198857584,mechanical_angle_rad=4.881126881,valid=1,read_failures=0"
dengfoc,"SYNC_TRUTH,sequence=99216,truth_tick_us=198859588,mechanical_angle_rad=4.879592896,valid=1,read_failures=0"
dengfoc,"SYNC_TRUTH,sequence=99217,truth_tick_us=198861584,mechanical_angle_rad=4.879592896,valid=1,read_failures=0"
g431,"FH3_SYNC_SEND,1,196608,2,58,57,0,57,0,0,4294967295,0,20261004,135,235,0,42,0,0,0"
dengfoc,"SYNC_TRUTH,sequence=99218,truth_tick_us=198863588,mechanical_angle_rad=4.881126881,valid=1,read_failures=0"
g431,msh >
dengfoc,"SYNC_TRUTH,sequence=99219,truth_tick_us=198865584,mechanical_angle_rad=4.881126881,valid=1,read_failures=0"
dengfoc,"SYNC_TRUTH,sequence=99220,truth_tick_us=198867588,mechanical_angle_rad=4.879592896,valid=1,read_failures=0"
dengfoc,"SYNC_ANCHOR_RX,session=20261004,edge_sequence=135,edge_tag=235,truth_tick_us=198858940,source=2,flags=0x00000003"
dengfoc,"SYNC_TRUTH,sequence=99221,truth_tick_us=198870588,mechanical_angle_rad=4.881126881,valid=1,read_failures=0"
dengfoc,"SYNC_TRUTH,sequence=99222,truth_tick_us=198872588,mechanical_angle_rad=4.881126881,valid=1,read_failures=0"
dengfoc,"SYNC_TRUTH,sequence=99223,truth_tick_us=198874584,mechanical_angle_rad=4.881126881,valid=1,read_failures=0"
dengfoc,"SYNC_TRUTH,sequence=99224,truth_tick_us=198876588,mechanical_angle_rad=4.879592896,valid=1,read_failures=0"
dengfoc,"SYNC_TRUTH,sequence=99225,truth_tick_us=198878584,mechanical_angle_rad=4.881126881,valid=1,read_failures=0"
dengfoc,"SYNC_TRUTH,sequence=99226,truth_tick_us=198880588,mechanical_angle_rad=4.879592896,valid=1,read_failures=0"
dengfoc,"SYNC_TRUTH,sequence=99227,truth_tick_us=198882584,mechanical_angle_rad=4.879592896,valid=1,read_failures=0"
dengfoc,"SYNC_TRUTH,sequence=99228,truth_tick_us=198884588,mechanical_angle_rad=4.881126881,valid=1,read_failures=0"
dengfoc,"SYNC_TRUTH,sequence=99229,truth_tick_us=198886584,mechanical_angle_rad=4.879592896,valid=1,read_failures=0"
dengfoc,"SYNC_TRUTH,sequence=99230,truth_tick_us=198888588,mechanical_angle_rad=4.879592896,valid=1,read_failures=0"
dengfoc,"SYNC_TRUTH,sequence=99231,truth_tick_us=198890584,mechanical_angle_rad=4.879592896,valid=1,read_failures=0"
dengfoc,"SYNC_TRUTH,sequence=99232,truth_tick_us=198892588,mechanical_angle_rad=4.879592896,valid=1,read_failures=0"
dengfoc,"SYNC_TRUTH,sequence=99233,truth_tick_us=198894584,mechanical_angle_rad=4.879592896,valid=1,read_failures=0"
g431,msh >
dengfoc,"SYNC_TRUTH,sequence=99234,truth_tick_us=198896588,mechanical_angle_rad=4.879592896,valid=1,read_failures=0"
dengfoc,"SYNC_TRUTH,sequence=99235,truth_tick_us=198898584,mechanical_angle_rad=4.879592896,valid=1,read_failures=0"
dengfoc,"SYNC_TRUTH,sequence=99236,truth_tick_us=198900588,mechanical_angle_rad=4.879592896,valid=1,read_failures=0"
dengfoc,"SYNC_TRUTH,sequence=99237,truth_tick_us=198902584,mechanical_angle_rad=4.879592896,valid=1,read_failures=0"
dengfoc,"SYNC_TRUTH,sequence=99238,truth_tick_us=198904588,mechanical_angle_rad=4.881126881,valid=1,read_failures=0"
dengfoc,"SYNC_TRUTH,sequence=99239,truth_tick_us=198906584,mechanical_angle_rad=4.879592896,valid=1,read_failures=0"
dengfoc,"SYNC_TRUTH,sequence=99240,truth_tick_us=198908588,mechanical_angle_rad=4.879592896,valid=1,read_failures=0"
dengfoc,"SYNC_TRUTH,sequence=99241,truth_tick_us=198910584,mechanical_angle_rad=4.879592896,valid=1,read_failures=0"
dengfoc,"SYNC_TRUTH,sequence=99242,truth_tick_us=198912588,mechanical_angle_rad=4.879592896,valid=1,read_failures=0"
dengfoc,"SYNC_TRUTH,sequence=99243,truth_tick_us=198914584,mechanical_angle_rad=4.879592896,valid=1,read_failures=0"
dengfoc,"SYNC_TRUTH,sequence=99244,truth_tick_us=198916588,mechanical_angle_rad=4.879592896,valid=1,read_failures=0"
dengfoc,"SYNC_TRUTH,sequence=99245,truth_tick_us=198918584,mechanical_angle_rad=4.879592896,valid=1,read_failures=0"
dengfoc,"SYNC_TRUTH,sequence=99246,truth_tick_us=198920588,mechanical_angle_rad=4.879592896,valid=1,read_failures=0"
dengfoc,"SYNC_TRUTH,sequence=99247,truth_tick_us=198922584,mechanical_angle_rad=4.879592896,valid=1,read_failures=0"
dengfoc,"SYNC_TRUTH,sequence=99248,truth_tick_us=198924588,mechanical_angle_rad=4.879592896,valid=1,read_failures=0"
dengfoc,"SYNC_TRUTH,sequence=99249,truth_tick_us=198926584,mechanical_angle_rad=4.879592896,valid=1,read_failures=0"
dengfoc,"SYNC_TRUTH,sequence=99250,truth_tick_us=198928588,mechanical_angle_rad=4.881126881,valid=1,read_failures=0"
dengfoc,"SYNC_TRUTH,sequence=99251,truth_tick_us=198930584,mechanical_angle_rad=4.879592896,valid=1,read_failures=0"
dengfoc,"SYNC_TRUTH,sequence=99252,truth_tick_us=198932588,mechanical_angle_rad=4.879592896,valid=1,read_failures=0"
dengfoc,"SYNC_TRUTH,sequence=99253,truth_tick_us=198934584,mechanical_angle_rad=4.879592896,valid=1,read_failures=0"
dengfoc,"SYNC_TRUTH,sequence=99254,truth_tick_us=198936588,mechanical_angle_rad=4.879592896,valid=1,read_failures=0"
dengfoc,"SYNC_TRUTH,sequence=99255,truth_tick_us=198938584,mechanical_angle_rad=4.879592896,valid=1,read_failures=0"
dengfoc,"SYNC_TRUTH,sequence=99256,truth_tick_us=198940588,mechanical_angle_rad=4.879592896,valid=1,read_failures=0"
dengfoc,"SYNC_TRUTH,sequence=99257,truth_tick_us=198942584,mechanical_angle_rad=4.879592896,valid=1,read_failures=0"
dengfoc,"SYNC_TRUTH,sequence=99258,truth_tick_us=198944588,mechanical_angle_rad=4.881126881,valid=1,read_failures=0"
dengfoc,"SYNC_TRUTH,sequence=99259,truth_tick_us=198946584,mechanical_angle_rad=4.879592896,valid=1,read_failures=0"
dengfoc,"SYNC_TRUTH,sequence=99260,truth_tick_us=198948588,mechanical_angle_rad=4.881126881,valid=1,read_failures=0"
dengfoc,"SYNC_TRUTH,sequence=99261,truth_tick_us=198950584,mechanical_angle_rad=4.879592896,valid=1,read_failures=0"
dengfoc,"SYNC_TRUTH,sequence=99262,truth_tick_us=198952588,mechanical_angle_rad=4.881126881,valid=1,read_failures=0"
dengfoc,"SYNC_TRUTH,sequence=99263,truth_tick_us=198954584,mechanical_angle_rad=4.879592896,valid=1,read_failures=0"
dengfoc,"SYNC_TRUTH,sequence=99264,truth_tick_us=198956588,mechanical_angle_rad=4.881126881,valid=1,read_failures=0"
dengfoc,"SYNC_TRUTH,sequence=99265,truth_tick_us=198958584,mechanical_angle_rad=4.879592896,valid=1,read_failures=0"
dengfoc,"SYNC_TRUTH,sequence=99266,truth_tick_us=198960588,mechanical_angle_rad=4.879592896,valid=1,read_failures=0"
dengfoc,"SYNC_TRUTH,sequence=99267,truth_tick_us=198962584,mechanical_angle_rad=4.879592896,valid=1,read_failures=0"
dengfoc,"SYNC_TRUTH,sequence=99268,truth_tick_us=198964588,mechanical_angle_rad=4.879592896,valid=1,read_failures=0"
dengfoc,"SYNC_TRUTH,sequence=99269,truth_tick_us=198966584,mechanical_angle_rad=4.881126881,valid=1,read_failures=0"
dengfoc,"SYNC_TRUTH,sequence=99270,truth_tick_us=198968588,mechanical_angle_rad=4.881126881,valid=1,read_failures=0"
dengfoc,"SYNC_TRUTH,sequence=99271,truth_tick_us=198970584,mechanical_angle_rad=4.879592896,valid=1,read_failures=0"
dengfoc,"SYNC_TRUTH,sequence=99272,truth_tick_us=198972588,mechanical_angle_rad=4.881126881,valid=1,read_failures=0"
dengfoc,"SYNC_TRUTH,sequence=99273,truth_tick_us=198974584,mechanical_angle_rad=4.881126881,valid=1,read_failures=0"
dengfoc,"SYNC_TRUTH,sequence=99274,truth_tick_us=198976588,mechanical_angle_rad=4.879592896,valid=1,read_failures=0"
dengfoc,"SYNC_TRUTH,sequence=99275,truth_tick_us=198978584,mechanical_angle_rad=4.879592896,valid=1,read_failures=0"
dengfoc,"SYNC_TRUTH,sequence=99276,truth_tick_us=198980588,mechanical_angle_rad=4.879592896,valid=1,read_failures=0"
dengfoc,"SYNC_TRUTH,sequence=99277,truth_tick_us=198982584,mechanical_angle_rad=4.879592896,valid=1,read_failures=0"
dengfoc,"SYNC_TRUTH,sequence=99278,truth_tick_us=198984588,mechanical_angle_rad=4.879592896,valid=1,read_failures=0"
dengfoc,"SYNC_TRUTH,sequence=99279,truth_tick_us=198986584,mechanical_angle_rad=4.881126881,valid=1,read_failures=0"
dengfoc,"SYNC_TRUTH,sequence=99280,truth_tick_us=198988588,mechanical_angle_rad=4.879592896,valid=1,read_failures=0"
dengfoc,"SYNC_TRUTH,sequence=99281,truth_tick_us=198990584,mechanical_angle_rad=4.881126881,valid=1,read_failures=0"
dengfoc,"SYNC_TRUTH,sequence=99282,truth_tick_us=198992588,mechanical_angle_rad=4.879592896,valid=1,read_failures=0"
dengfoc,"SYNC_TRUTH,sequence=99283,truth_tick_us=198994584,mechanical_angle_rad=4.881126881,valid=1,read_failures=0"
dengfoc,"SYNC_TRUTH,sequence=99284,truth_tick_us=198996588,mechanical_angle_rad=4.881126881,valid=1,read_failures=0"
dengfoc,"SYNC_TRUTH,sequence=99285,truth_tick_us=198998584,mechanical_angle_rad=4.879592896,valid=1,read_failures=0"
dengfoc,"SYNC_TRUTH,sequence=99286,truth_tick_us=199000588,mechanical_angle_rad=4.879592896,valid=1,read_failures=0"
dengfoc,"SYNC_TRUTH,sequence=99287,truth_tick_us=199002584,mechanical_angle_rad=4.879592896,valid=1,read_failures=0"
dengfoc,"SYNC_TRUTH,sequence=99288,truth_tick_us=199004588,mechanical_angle_rad=4.879592896,valid=1,read_failures=0"
dengfoc,"SYNC_TRUTH,sequence=99289,truth_tick_us=199006584,mechanical_angle_rad=4.879592896,valid=1,read_failures=0"
dengfoc,"SYNC_TRUTH,sequence=99290,truth_tick_us=199008588,mechanical_angle_rad=4.881126881,valid=1,read_failures=0"
dengfoc,"SYNC_TRUTH,sequence=99291,truth_tick_us=199010584,mechanical_angle_rad=4.881126881,valid=1,read_failures=0"
dengfoc,"SYNC_TRUTH,sequence=99292,truth_tick_us=199012588,mechanical_angle_rad=4.881126881,valid=1,read_failures=0"
dengfoc,"SYNC_TRUTH,sequence=99293,truth_tick_us=199014584,mechanical_angle_rad=4.879592896,valid=1,read_failures=0"
dengfoc,"SYNC_TRUTH,sequence=99294,truth_tick_us=199016588,mechanical_angle_rad=4.881126881,valid=1,read_failures=0"
dengfoc,"SYNC_TRUTH,sequence=99295,truth_tick_us=199018584,mechanical_angle_rad=4.881126881,valid=1,read_failures=0"
dengfoc,"SYNC_TRUTH,sequence=99296,truth_tick_us=199020588,mechanical_angle_rad=4.879592896,valid=1,read_failures=0"
dengfoc,"SYNC_TRUTH,sequence=99297,truth_tick_us=199022584,mechanical_angle_rad=4.879592896,valid=1,read_failures=0"
dengfoc,"SYNC_TRUTH,sequence=99298,truth_tick_us=199024588,mechanical_angle_rad=4.879592896,valid=1,read_failures=0"
dengfoc,"SYNC_TRUTH,sequence=99299,truth_tick_us=199026584,mechanical_angle_rad=4.879592896,valid=1,read_failures=0"
dengfoc,"SYNC_TRUTH,sequence=99300,truth_tick_us=199028588,mechanical_angle_rad=4.881126881,valid=1,read_failures=0"
dengfoc,"SYNC_TRUTH,sequence=99301,truth_tick_us=199030584,mechanical_angle_rad=4.879592896,valid=1,read_failures=0"
dengfoc,"SYNC_TRUTH,sequence=99302,truth_tick_us=199032588,mechanical_angle_rad=4.879592896,valid=1,read_failures=0"
dengfoc,"SYNC_TRUTH,sequence=99303,truth_tick_us=199034584,mechanical_angle_rad=4.881126881,valid=1,read_failures=0"
dengfoc,"SYNC_TRUTH,sequence=99304,truth_tick_us=199036588,mechanical_angle_rad=4.879592896,valid=1,read_failures=0"
dengfoc,"SYNC_TRUTH,sequence=99305,truth_tick_us=199038584,mechanical_angle_rad=4.879592896,valid=1,read_failures=0"
dengfoc,"SYNC_TRUTH,sequence=99306,truth_tick_us=199040588,mechanical_angle_rad=4.881126881,valid=1,read_failures=0"
dengfoc,"SYNC_TRUTH,sequence=99307,truth_tick_us=199042584,mechanical_angle_rad=4.879592896,valid=1,read_failures=0"
dengfoc,"SYNC_TRUTH,sequence=99308,truth_tick_us=199044588,mechanical_angle_rad=4.879592896,valid=1,read_failures=0"
dengfoc,"SYNC_TRUTH,sequence=99309,truth_tick_us=199046584,mechanical_angle_rad=4.879592896,valid=1,read_failures=0"
dengfoc,"SYNC_TRUTH,sequence=99310,truth_tick_us=199048588,mechanical_angle_rad=4.879592896,valid=1,read_failures=0"
dengfoc,"SYNC_TRUTH,sequence=99311,truth_tick_us=199050584,mechanical_angle_rad=4.881126881,valid=1,read_failures=0"
dengfoc,"SYNC_TRUTH,sequence=99312,truth_tick_us=199052588,mechanical_angle_rad=4.879592896,valid=1,read_failures=0"
dengfoc,"SYNC_TRUTH,sequence=99313,truth_tick_us=199054584,mechanical_angle_rad=4.879592896,valid=1,read_failures=0"
dengfoc,"SYNC_TRUTH,sequence=99314,truth_tick_us=199056588,mechanical_angle_rad=4.879592896,valid=1,read_failures=0"
dengfoc,"SYNC_TRUTH,sequence=99315,truth_tick_us=199058584,mechanical_angle_rad=4.879592896,valid=1,read_failures=0"
dengfoc,"SYNC_TRUTH,sequence=99316,truth_tick_us=199060588,mechanical_angle_rad=4.881126881,valid=1,read_failures=0"
dengfoc,"SYNC_TRUTH,sequence=99317,truth_tick_us=199062584,mechanical_angle_rad=4.879592896,valid=1,read_failures=0"
dengfoc,"SYNC_TRUTH,sequence=99318,truth_tick_us=199064588,mechanical_angle_rad=4.879592896,valid=1,read_failures=0"
dengfoc,"SYNC_TRUTH,sequence=99319,truth_tick_us=199066584,mechanical_angle_rad=4.879592896,valid=1,read_failures=0"
dengfoc,"SYNC_TRUTH,sequence=99320,truth_tick_us=199068588,mechanical_angle_rad=4.881126881,valid=1,read_failures=0"
dengfoc,"SYNC_TRUTH,sequence=99321,truth_tick_us=199070584,mechanical_angle_rad=4.879592896,valid=1,read_failures=0"
dengfoc,"SYNC_TRUTH,sequence=99322,truth_tick_us=199072588,mechanical_angle_rad=4.881126881,valid=1,read_failures=0"
dengfoc,"SYNC_TRUTH,sequence=99323,truth_tick_us=199074584,mechanical_angle_rad=4.879592896,valid=1,read_failures=0"
dengfoc,"SYNC_TRUTH,sequence=99324,truth_tick_us=199076588,mechanical_angle_rad=4.879592896,valid=1,read_failures=0"
dengfoc,"SYNC_TRUTH,sequence=99325,truth_tick_us=199078584,mechanical_angle_rad=4.879592896,valid=1,read_failures=0"
dengfoc,"SYNC_TRUTH,sequence=99326,truth_tick_us=199080588,mechanical_angle_rad=4.879592896,valid=1,read_failures=0"
dengfoc,"SYNC_TRUTH,sequence=99327,truth_tick_us=199082584,mechanical_angle_rad=4.881126881,valid=1,read_failures=0"
dengfoc,"SYNC_TRUTH,sequence=99328,truth_tick_us=199084588,mechanical_angle_rad=4.881126881,valid=1,read_failures=0"
dengfoc,"SYNC_TRUTH,sequence=99329,truth_tick_us=199086584,mechanical_angle_rad=4.879592896,valid=1,read_failures=0"
dengfoc,"SYNC_TRUTH,sequence=99330,truth_tick_us=199088588,mechanical_angle_rad=4.879592896,valid=1,read_failures=0"
dengfoc,"SYNC_TRUTH,sequence=99331,truth_tick_us=199090584,mechanical_angle_rad=4.879592896,valid=1,read_failures=0"
dengfoc,"SYNC_TRUTH,sequence=99332,truth_tick_us=199092588,mechanical_angle_rad=4.879592896,valid=1,read_failures=0"
dengfoc,"SYNC_TRUTH,sequence=99333,truth_tick_us=199094584,mechanical_angle_rad=4.879592896,valid=1,read_failures=0"
dengfoc,"SYNC_TRUTH,sequence=99334,truth_tick_us=199096588,mechanical_angle_rad=4.881126881,valid=1,read_failures=0"
dengfoc,"SYNC_TRUTH,sequence=99335,truth_tick_us=199098584,mechanical_angle_rad=4.879592896,valid=1,read_failures=0"
dengfoc,"SYNC_TRUTH,sequence=99336,truth_tick_us=199100588,mechanical_angle_rad=4.879592896,valid=1,read_failures=0"
dengfoc,"SYNC_TRUTH,sequence=99337,truth_tick_us=199102584,mechanical_angle_rad=4.879592896,valid=1,read_failures=0"
dengfoc,"SYNC_TRUTH,sequence=99338,truth_tick_us=199104588,mechanical_angle_rad=4.879592896,valid=1,read_failures=0"
dengfoc,"SYNC_TRUTH,sequence=99339,truth_tick_us=199106584,mechanical_angle_rad=4.881126881,valid=1,read_failures=0"
dengfoc,"SYNC_TRUTH,sequence=99340,truth_tick_us=199108588,mechanical_angle_rad=4.879592896,valid=1,read_failures=0"
dengfoc,"SYNC_TRUTH,sequence=99341,truth_tick_us=199110584,mechanical_angle_rad=4.879592896,valid=1,read_failures=0"
dengfoc,"SYNC_TRUTH,sequence=99342,truth_tick_us=199112588,mechanical_angle_rad=4.879592896,valid=1,read_failures=0"
dengfoc,"SYNC_TRUTH,sequence=99343,truth_tick_us=199114584,mechanical_angle_rad=4.881126881,valid=1,read_failures=0"
dengfoc,"SYNC_TRUTH,sequence=99344,truth_tick_us=199116588,mechanical_angle_rad=4.879592896,valid=1,read_failures=0"
dengfoc,"SYNC_TRUTH,sequence=99345,truth_tick_us=199118584,mechanical_angle_rad=4.879592896,valid=1,read_failures=0"
dengfoc,"SYNC_TRUTH,sequence=99346,truth_tick_us=199120588,mechanical_angle_rad=4.879592896,valid=1,read_failures=0"
dengfoc,"SYNC_TRUTH,sequence=99347,truth_tick_us=199122584,mechanical_angle_rad=4.879592896,valid=1,read_failures=0"
dengfoc,"SYNC_TRUTH,sequence=99348,truth_tick_us=199124588,mechanical_angle_rad=4.879592896,valid=1,read_failures=0"
dengfoc,"SYNC_TRUTH,sequence=99349,truth_tick_us=199126584,mechanical_angle_rad=4.879592896,valid=1,read_failures=0"
dengfoc,"SYNC_TRUTH,sequence=99350,truth_tick_us=199128588,mechanical_angle_rad=4.879592896,valid=1,read_failures=0"
dengfoc,"SYNC_TRUTH,sequence=99351,truth_tick_us=199130584,mechanical_angle_rad=4.881126881,valid=1,read_failures=0"
dengfoc,"SYNC_TRUTH,sequence=99352,truth_tick_us=199132588,mechanical_angle_rad=4.881126881,valid=1,read_failures=0"
dengfoc,"SYNC_TRUTH,sequence=99353,truth_tick_us=199134584,mechanical_angle_rad=4.879592896,valid=1,read_failures=0"
dengfoc,"SYNC_TRUTH,sequence=99354,truth_tick_us=199136588,mechanical_angle_rad=4.881126881,valid=1,read_failures=0"
dengfoc,"SYNC_TRUTH,sequence=99355,truth_tick_us=199138584,mechanical_angle_rad=4.879592896,valid=1,read_failures=0"
dengfoc,"SYNC_TRUTH,sequence=99356,truth_tick_us=199140588,mechanical_angle_rad=4.879592896,valid=1,read_failures=0"
dengfoc,"SYNC_TRUTH,sequence=99357,truth_tick_us=199142584,mechanical_angle_rad=4.879592896,valid=1,read_failures=0"
dengfoc,"SYNC_TRUTH,sequence=99358,truth_tick_us=199144588,mechanical_angle_rad=4.881126881,valid=1,read_failures=0"
dengfoc,"SYNC_TRUTH,sequence=99359,truth_tick_us=199146584,mechanical_angle_rad=4.881126881,valid=1,read_failures=0"
dengfoc,"SYNC_TRUTH,sequence=99360,truth_tick_us=199148588,mechanical_angle_rad=4.879592896,valid=1,read_failures=0"
dengfoc,"SYNC_TRUTH,sequence=99361,truth_tick_us=199150584,mechanical_angle_rad=4.879592896,valid=1,read_failures=0"
dengfoc,"SYNC_TRUTH,sequence=99362,truth_tick_us=199152588,mechanical_angle_rad=4.879592896,valid=1,read_failures=0"
dengfoc,"SYNC_TRUTH,sequence=99363,truth_tick_us=199154584,mechanical_angle_rad=4.879592896,valid=1,read_failures=0"
dengfoc,"SYNC_TRUTH,sequence=99364,truth_tick_us=199156588,mechanical_angle_rad=4.879592896,valid=1,read_failures=0"
dengfoc,"SYNC_TRUTH,sequence=99365,truth_tick_us=199158584,mechanical_angle_rad=4.881126881,valid=1,read_failures=0"
dengfoc,"SYNC_TRUTH,sequence=99366,truth_tick_us=199160588,mechanical_angle_rad=4.879592896,valid=1,read_failures=0"
dengfoc,"SYNC_TRUTH,sequence=99367,truth_tick_us=199162584,mechanical_angle_rad=4.879592896,valid=1,read_failures=0"
dengfoc,"SYNC_TRUTH,sequence=99368,truth_tick_us=199164588,mechanical_angle_rad=4.881126881,valid=1,read_failures=0"
dengfoc,"SYNC_TRUTH,sequence=99369,truth_tick_us=199166584,mechanical_angle_rad=4.881126881,valid=1,read_failures=0"
dengfoc,"SYNC_TRUTH,sequence=99370,truth_tick_us=199168588,mechanical_angle_rad=4.881126881,valid=1,read_failures=0"
dengfoc,"SYNC_TRUTH,sequence=99371,truth_tick_us=199170584,mechanical_angle_rad=4.879592896,valid=1,read_failures=0"
dengfoc,"SYNC_TRUTH,sequence=99372,truth_tick_us=199172588,mechanical_angle_rad=4.879592896,valid=1,read_failures=0"
dengfoc,"SYNC_TRUTH,sequence=99373,truth_tick_us=199174584,mechanical_angle_rad=4.879592896,valid=1,read_failures=0"
dengfoc,"SYNC_TRUTH,sequence=99374,truth_tick_us=199176588,mechanical_angle_rad=4.879592896,valid=1,read_failures=0"
dengfoc,"SYNC_TRUTH,sequence=99375,truth_tick_us=199178584,mechanical_angle_rad=4.879592896,valid=1,read_failures=0"
dengfoc,"SYNC_TRUTH,sequence=99376,truth_tick_us=199180588,mechanical_angle_rad=4.879592896,valid=1,read_failures=0"
dengfoc,"SYNC_TRUTH,sequence=99377,truth_tick_us=199182584,mechanical_angle_rad=4.881126881,valid=1,read_failures=0"
dengfoc,"SYNC_TRUTH,sequence=99378,truth_tick_us=199184588,mechanical_angle_rad=4.881126881,valid=1,read_failures=0"
dengfoc,"SYNC_TRUTH,sequence=99379,truth_tick_us=199186584,mechanical_angle_rad=4.879592896,valid=1,read_failures=0"
dengfoc,"SYNC_TRUTH,sequence=99380,truth_tick_us=199188588,mechanical_angle_rad=4.881126881,valid=1,read_failures=0"
dengfoc,"SYNC_TRUTH,sequence=99381,truth_tick_us=199190584,mechanical_angle_rad=4.881126881,valid=1,read_failures=0"
dengfoc,"SYNC_TRUTH,sequence=99382,truth_tick_us=199192588,mechanical_angle_rad=4.879592896,valid=1,read_failures=0"
dengfoc,"SYNC_STATUS,frames=16,frame_fail=0,truth=99382,truth_fail=0,idle=0,capture_state=1,capture_failure=0,rejected=0,overflow=0,driver_disabled=1"
dengfoc,"SYNC_TRUTH,sequence=99383,truth_tick_us=199195588,mechanical_angle_rad=4.879592896,valid=1,read_failures=0"
dengfoc,"SYNC_TRUTH,sequence=99384,truth_tick_us=199197588,mechanical_angle_rad=4.879592896,valid=1,read_failures=0"
dengfoc,"SYNC_TRUTH,sequence=99385,truth_tick_us=199199584,mechanical_angle_rad=4.879592896,valid=1,read_failures=0"
dengfoc,"SYNC_TRUTH,sequence=99386,truth_tick_us=199201588,mechanical_angle_rad=4.881126881,valid=1,read_failures=0"
dengfoc,"SYNC_TRUTH,sequence=99387,truth_tick_us=199203584,mechanical_angle_rad=4.879592896,valid=1,read_failures=0"
dengfoc,"SYNC_TRUTH,sequence=99388,truth_tick_us=199205588,mechanical_angle_rad=4.879592896,valid=1,read_failures=0"
dengfoc,"SYNC_TRUTH,sequence=99389,truth_tick_us=199207584,mechanical_angle_rad=4.879592896,valid=1,read_failures=0"
dengfoc,"SYNC_TRUTH,sequence=99390,truth_tick_us=199209588,mechanical_angle_rad=4.879592896,valid=1,read_failures=0"
dengfoc,"SYNC_TRUTH,sequence=99391,truth_tick_us=199211584,mechanical_angle_rad=4.879592896,valid=1,read_failures=0"
dengfoc,"SYNC_TRUTH,sequence=99392,truth_tick_us=199213588,mechanical_angle_rad=4.881126881,valid=1,read_failures=0"
dengfoc,"SYNC_TRUTH,sequence=99393,truth_tick_us=199215584,mechanical_angle_rad=4.879592896,valid=1,read_failures=0"
dengfoc,"SYNC_TRUTH,sequence=99394,truth_tick_us=199217588,mechanical_angle_rad=4.879592896,valid=1,read_failures=0"
dengfoc,"SYNC_TRUTH,sequence=99395,truth_tick_us=199219584,mechanical_angle_rad=4.879592896,valid=1,read_failures=0"
dengfoc,"SYNC_TRUTH,sequence=99396,truth_tick_us=199221588,mechanical_angle_rad=4.879592896,valid=1,read_failures=0"
dengfoc,"SYNC_TRUTH,sequence=99397,truth_tick_us=199223584,mechanical_angle_rad=4.879592896,valid=1,read_failures=0"
dengfoc,"SYNC_TRUTH,sequence=99398,truth_tick_us=199225588,mechanical_angle_rad=4.879592896,valid=1,read_failures=0"
g431,foc_h3_sync_status
dengfoc,"SYNC_TRUTH,sequence=99399,truth_tick_us=199227584,mechanical_angle_rad=4.881126881,valid=1,read_failures=0"
dengfoc,"SYNC_TRUTH,sequence=99400,truth_tick_us=199229588,mechanical_angle_rad=4.879592896,valid=1,read_failures=0"
dengfoc,"SYNC_TRUTH,sequence=99401,truth_tick_us=199231584,mechanical_angle_rad=4.881126881,valid=1,read_failures=0"
dengfoc,"SYNC_TRUTH,sequence=99402,truth_tick_us=199233588,mechanical_angle_rad=4.881126881,valid=1,read_failures=0"
dengfoc,"SYNC_TRUTH,sequence=99403,truth_tick_us=199235584,mechanical_angle_rad=4.879592896,valid=1,read_failures=0"
g431,"FH3_SYNC_STATUS,1,196608,3,58,58,0,58,107,4162404558,15756441,7,20261004,135,235,0,43,100,4162404607,49"
g431,msh >
dengfoc,"SYNC_TRUTH,sequence=99404,truth_tick_us=199237588,mechanical_angle_rad=4.879592896,valid=1,read_failures=0"
dengfoc,"SYNC_TRUTH,sequence=99405,truth_tick_us=199239584,mechanical_angle_rad=4.879592896,valid=1,read_failures=0"
dengfoc,"SYNC_TRUTH,sequence=99406,truth_tick_us=199241588,mechanical_angle_rad=4.881126881,valid=1,read_failures=0"
dengfoc,"SYNC_TRUTH,sequence=99407,truth_tick_us=199243584,mechanical_angle_rad=4.879592896,valid=1,read_failures=0"
dengfoc,"SYNC_TRUTH,sequence=99408,truth_tick_us=199245588,mechanical_angle_rad=4.879592896,valid=1,read_failures=0"
dengfoc,"SYNC_TRUTH,sequence=99409,truth_tick_us=199247584,mechanical_angle_rad=4.879592896,valid=1,read_failures=0"
dengfoc,"SYNC_TRUTH,sequence=99410,truth_tick_us=199249588,mechanical_angle_rad=4.879592896,valid=1,read_failures=0"
dengfoc,"SYNC_TRUTH,sequence=99411,truth_tick_us=199251584,mechanical_angle_rad=4.879592896,valid=1,read_failures=0"
dengfoc,"SYNC_TRUTH,sequence=99412,truth_tick_us=199253588,mechanical_angle_rad=4.879592896,valid=1,read_failures=0"
dengfoc,"SYNC_TRUTH,sequence=99413,truth_tick_us=199255584,mechanical_angle_rad=4.879592896,valid=1,read_failures=0"
g431,msh >
dengfoc,"SYNC_TRUTH,sequence=99414,truth_tick_us=199257588,mechanical_angle_rad=4.879592896,valid=1,read_failures=0"
dengfoc,"SYNC_TRUTH,sequence=99415,truth_tick_us=199259584,mechanical_angle_rad=4.879592896,valid=1,read_failures=0"
dengfoc,"SYNC_TRUTH,sequence=99416,truth_tick_us=199261588,mechanical_angle_rad=4.879592896,valid=1,read_failures=0"
dengfoc,"SYNC_TRUTH,sequence=99417,truth_tick_us=199263584,mechanical_angle_rad=4.881126881,valid=1,read_failures=0"
dengfoc,"SYNC_TRUTH,sequence=99418,truth_tick_us=199265588,mechanical_angle_rad=4.881126881,valid=1,read_failures=0"
dengfoc,"SYNC_TRUTH,sequence=99419,truth_tick_us=199267584,mechanical_angle_rad=4.881126881,valid=1,read_failures=0"
dengfoc,"SYNC_TRUTH,sequence=99420,truth_tick_us=199269588,mechanical_angle_rad=4.881126881,valid=1,read_failures=0"
dengfoc,"SYNC_TRUTH,sequence=99421,truth_tick_us=199271584,mechanical_angle_rad=4.879592896,valid=1,read_failures=0"
dengfoc,"SYNC_TRUTH,sequence=99422,truth_tick_us=199273588,mechanical_angle_rad=4.879592896,valid=1,read_failures=0"
dengfoc,"SYNC_TRUTH,sequence=99423,truth_tick_us=199275584,mechanical_angle_rad=4.879592896,valid=1,read_failures=0"
dengfoc,"SYNC_TRUTH,sequence=99424,truth_tick_us=199277588,mechanical_angle_rad=4.879592896,valid=1,read_failures=0"
dengfoc,"SYNC_TRUTH,sequence=99425,truth_tick_us=199279584,mechanical_angle_rad=4.881126881,valid=1,read_failures=0"
dengfoc,"SYNC_TRUTH,sequence=99426,truth_tick_us=199281588,mechanical_angle_rad=4.881126881,valid=1,read_failures=0"
dengfoc,"SYNC_TRUTH,sequence=99427,truth_tick_us=199283584,mechanical_angle_rad=4.879592896,valid=1,read_failures=0"
dengfoc,"SYNC_TRUTH,sequence=99428,truth_tick_us=199285588,mechanical_angle_rad=4.881126881,valid=1,read_failures=0"
dengfoc,"SYNC_TRUTH,sequence=99429,truth_tick_us=199287584,mechanical_angle_rad=4.881126881,valid=1,read_failures=0"
dengfoc,"SYNC_TRUTH,sequence=99430,truth_tick_us=199289588,mechanical_angle_rad=4.879592896,valid=1,read_failures=0"
dengfoc,"SYNC_TRUTH,sequence=99431,truth_tick_us=199291584,mechanical_angle_rad=4.881126881,valid=1,read_failures=0"
dengfoc,"SYNC_TRUTH,sequence=99432,truth_tick_us=199293588,mechanical_angle_rad=4.879592896,valid=1,read_failures=0"
dengfoc,"SYNC_TRUTH,sequence=99433,truth_tick_us=199295584,mechanical_angle_rad=4.879592896,valid=1,read_failures=0"
dengfoc,"SYNC_TRUTH,sequence=99434,truth_tick_us=199297588,mechanical_angle_rad=4.879592896,valid=1,read_failures=0"
dengfoc,"SYNC_TRUTH,sequence=99435,truth_tick_us=199299584,mechanical_angle_rad=4.879592896,valid=1,read_failures=0"
dengfoc,"SYNC_TRUTH,sequence=99436,truth_tick_us=199301588,mechanical_angle_rad=4.879592896,valid=1,read_failures=0"
dengfoc,"SYNC_TRUTH,sequence=99437,truth_tick_us=199303584,mechanical_angle_rad=4.881126881,valid=1,read_failures=0"
dengfoc,"SYNC_TRUTH,sequence=99438,truth_tick_us=199305588,mechanical_angle_rad=4.881126881,valid=1,read_failures=0"
dengfoc,"SYNC_TRUTH,sequence=99439,truth_tick_us=199307584,mechanical_angle_rad=4.881126881,valid=1,read_failures=0"
dengfoc,"SYNC_TRUTH,sequence=99440,truth_tick_us=199309588,mechanical_angle_rad=4.879592896,valid=1,read_failures=0"
dengfoc,"SYNC_TRUTH,sequence=99441,truth_tick_us=199311584,mechanical_angle_rad=4.879592896,valid=1,read_failures=0"
dengfoc,"SYNC_TRUTH,sequence=99442,truth_tick_us=199313588,mechanical_angle_rad=4.879592896,valid=1,read_failures=0"
dengfoc,"SYNC_TRUTH,sequence=99443,truth_tick_us=199315584,mechanical_angle_rad=4.879592896,valid=1,read_failures=0"
dengfoc,"SYNC_TRUTH,sequence=99444,truth_tick_us=199317588,mechanical_angle_rad=4.879592896,valid=1,read_failures=0"
dengfoc,"SYNC_TRUTH,sequence=99445,truth_tick_us=199319584,mechanical_angle_rad=4.879592896,valid=1,read_failures=0"
dengfoc,"SYNC_TRUTH,sequence=99446,truth_tick_us=199321588,mechanical_angle_rad=4.881126881,valid=1,read_failures=0"
dengfoc,"SYNC_TRUTH,sequence=99447,truth_tick_us=199323584,mechanical_angle_rad=4.879592896,valid=1,read_failures=0"
dengfoc,"SYNC_TRUTH,sequence=99448,truth_tick_us=199325588,mechanical_angle_rad=4.879592896,valid=1,read_failures=0"
dengfoc,"SYNC_TRUTH,sequence=99449,truth_tick_us=199327584,mechanical_angle_rad=4.879592896,valid=1,read_failures=0"
dengfoc,"SYNC_TRUTH,sequence=99450,truth_tick_us=199329588,mechanical_angle_rad=4.881126881,valid=1,read_failures=0"
dengfoc,"SYNC_TRUTH,sequence=99451,truth_tick_us=199331584,mechanical_angle_rad=4.879592896,valid=1,read_failures=0"
dengfoc,"SYNC_TRUTH,sequence=99452,truth_tick_us=199333588,mechanical_angle_rad=4.881126881,valid=1,read_failures=0"
dengfoc,"SYNC_TRUTH,sequence=99453,truth_tick_us=199335584,mechanical_angle_rad=4.879592896,valid=1,read_failures=0"
dengfoc,"SYNC_TRUTH,sequence=99454,truth_tick_us=199337588,mechanical_angle_rad=4.879592896,valid=1,read_failures=0"
dengfoc,"SYNC_TRUTH,sequence=99455,truth_tick_us=199339584,mechanical_angle_rad=4.881126881,valid=1,read_failures=0"
dengfoc,"SYNC_TRUTH,sequence=99456,truth_tick_us=199341588,mechanical_angle_rad=4.881126881,valid=1,read_failures=0"
dengfoc,"SYNC_TRUTH,sequence=99457,truth_tick_us=199343584,mechanical_angle_rad=4.879592896,valid=1,read_failures=0"
dengfoc,"SYNC_TRUTH,sequence=99458,truth_tick_us=199345588,mechanical_angle_rad=4.879592896,valid=1,read_failures=0"
dengfoc,"SYNC_TRUTH,sequence=99459,truth_tick_us=199347584,mechanical_angle_rad=4.879592896,valid=1,read_failures=0"
dengfoc,"SYNC_TRUTH,sequence=99460,truth_tick_us=199349588,mechanical_angle_rad=4.879592896,valid=1,read_failures=0"
dengfoc,"SYNC_TRUTH,sequence=99461,truth_tick_us=199351584,mechanical_angle_rad=4.879592896,valid=1,read_failures=0"
dengfoc,"SYNC_TRUTH,sequence=99462,truth_tick_us=199353588,mechanical_angle_rad=4.879592896,valid=1,read_failures=0"
dengfoc,"SYNC_TRUTH,sequence=99463,truth_tick_us=199355584,mechanical_angle_rad=4.879592896,valid=1,read_failures=0"
dengfoc,"SYNC_TRUTH,sequence=99464,truth_tick_us=199357588,mechanical_angle_rad=4.881126881,valid=1,read_failures=0"
dengfoc,"SYNC_TRUTH,sequence=99465,truth_tick_us=199359584,mechanical_angle_rad=4.879592896,valid=1,read_failures=0"
dengfoc,"SYNC_TRUTH,sequence=99466,truth_tick_us=199361588,mechanical_angle_rad=4.879592896,valid=1,read_failures=0"
dengfoc,"SYNC_TRUTH,sequence=99467,truth_tick_us=199363584,mechanical_angle_rad=4.879592896,valid=1,read_failures=0"
dengfoc,"SYNC_TRUTH,sequence=99468,truth_tick_us=199365588,mechanical_angle_rad=4.879592896,valid=1,read_failures=0"
dengfoc,"SYNC_TRUTH,sequence=99469,truth_tick_us=199367584,mechanical_angle_rad=4.881126881,valid=1,read_failures=0"
dengfoc,"SYNC_TRUTH,sequence=99470,truth_tick_us=199369588,mechanical_angle_rad=4.881126881,valid=1,read_failures=0"
dengfoc,"SYNC_TRUTH,sequence=99471,truth_tick_us=199371584,mechanical_angle_rad=4.879592896,valid=1,read_failures=0"
dengfoc,"SYNC_TRUTH,sequence=99472,truth_tick_us=199373588,mechanical_angle_rad=4.879592896,valid=1,read_failures=0"
dengfoc,"SYNC_TRUTH,sequence=99473,truth_tick_us=199375584,mechanical_angle_rad=4.879592896,valid=1,read_failures=0"
dengfoc,"SYNC_TRUTH,sequence=99474,truth_tick_us=199377588,mechanical_angle_rad=4.879592896,valid=1,read_failures=0"
dengfoc,"SYNC_TRUTH,sequence=99475,truth_tick_us=199379584,mechanical_angle_rad=4.879592896,valid=1,read_failures=0"
dengfoc,"SYNC_TRUTH,sequence=99476,truth_tick_us=199381588,mechanical_angle_rad=4.881126881,valid=1,read_failures=0"
dengfoc,"SYNC_TRUTH,sequence=99477,truth_tick_us=199383584,mechanical_angle_rad=4.879592896,valid=1,read_failures=0"
dengfoc,"SYNC_TRUTH,sequence=99478,truth_tick_us=199385588,mechanical_angle_rad=4.879592896,valid=1,read_failures=0"
dengfoc,"SYNC_TRUTH,sequence=99479,truth_tick_us=199387584,mechanical_angle_rad=4.881126881,valid=1,read_failures=0"
dengfoc,"SYNC_TRUTH,sequence=99480,truth_tick_us=199389588,mechanical_angle_rad=4.879592896,valid=1,read_failures=0"
dengfoc,"SYNC_TRUTH,sequence=99481,truth_tick_us=199391584,mechanical_angle_rad=4.879592896,valid=1,read_failures=0"
dengfoc,"SYNC_TRUTH,sequence=99482,truth_tick_us=199393588,mechanical_angle_rad=4.881126881,valid=1,read_failures=0"
dengfoc,"SYNC_TRUTH,sequence=99483,truth_tick_us=199395584,mechanical_angle_rad=4.879592896,valid=1,read_failures=0"
dengfoc,"SYNC_TRUTH,sequence=99484,truth_tick_us=199397588,mechanical_angle_rad=4.881126881,valid=1,read_failures=0"
dengfoc,"SYNC_TRUTH,sequence=99485,truth_tick_us=199399584,mechanical_angle_rad=4.879592896,valid=1,read_failures=0"
dengfoc,"SYNC_TRUTH,sequence=99486,truth_tick_us=199401588,mechanical_angle_rad=4.881126881,valid=1,read_failures=0"
dengfoc,"SYNC_TRUTH,sequence=99487,truth_tick_us=199403584,mechanical_angle_rad=4.881126881,valid=1,read_failures=0"
dengfoc,"SYNC_TRUTH,sequence=99488,truth_tick_us=199405588,mechanical_angle_rad=4.879592896,valid=1,read_failures=0"
dengfoc,"SYNC_TRUTH,sequence=99489,truth_tick_us=199407584,mechanical_angle_rad=4.881126881,valid=1,read_failures=0"
dengfoc,"SYNC_TRUTH,sequence=99490,truth_tick_us=199409588,mechanical_angle_rad=4.879592896,valid=1,read_failures=0"
dengfoc,"SYNC_TRUTH,sequence=99491,truth_tick_us=199411584,mechanical_angle_rad=4.881126881,valid=1,read_failures=0"
dengfoc,"SYNC_TRUTH,sequence=99492,truth_tick_us=199413588,mechanical_angle_rad=4.879592896,valid=1,read_failures=0"
dengfoc,"SYNC_TRUTH,sequence=99493,truth_tick_us=199415584,mechanical_angle_rad=4.879592896,valid=1,read_failures=0"
dengfoc,"SYNC_TRUTH,sequence=99494,truth_tick_us=199417588,mechanical_angle_rad=4.881126881,valid=1,read_failures=0"
dengfoc,"SYNC_TRUTH,sequence=99495,truth_tick_us=199419584,mechanical_angle_rad=4.879592896,valid=1,read_failures=0"
dengfoc,"SYNC_TRUTH,sequence=99496,truth_tick_us=199421588,mechanical_angle_rad=4.879592896,valid=1,read_failures=0"
dengfoc,"SYNC_TRUTH,sequence=99497,truth_tick_us=199423584,mechanical_angle_rad=4.879592896,valid=1,read_failures=0"
dengfoc,"SYNC_TRUTH,sequence=99498,truth_tick_us=199425588,mechanical_angle_rad=4.879592896,valid=1,read_failures=0"
dengfoc,"SYNC_TRUTH,sequence=99499,truth_tick_us=199427584,mechanical_angle_rad=4.881126881,valid=1,read_failures=0"
dengfoc,"SYNC_TRUTH,sequence=99500,truth_tick_us=199429588,mechanical_angle_rad=4.879592896,valid=1,read_failures=0"
dengfoc,"SYNC_TRUTH,sequence=99501,truth_tick_us=199431584,mechanical_angle_rad=4.881126881,valid=1,read_failures=0"
dengfoc,"SYNC_TRUTH,sequence=99502,truth_tick_us=199433588,mechanical_angle_rad=4.881126881,valid=1,read_failures=0"
dengfoc,"SYNC_TRUTH,sequence=99503,truth_tick_us=199435584,mechanical_angle_rad=4.879592896,valid=1,read_failures=0"
dengfoc,"SYNC_TRUTH,sequence=99504,truth_tick_us=199437588,mechanical_angle_rad=4.879592896,valid=1,read_failures=0"
dengfoc,"SYNC_TRUTH,sequence=99505,truth_tick_us=199439584,mechanical_angle_rad=4.879592896,valid=1,read_failures=0"
dengfoc,"SYNC_TRUTH,sequence=99506,truth_tick_us=199441588,mechanical_angle_rad=4.881126881,valid=1,read_failures=0"
dengfoc,"SYNC_TRUTH,sequence=99507,truth_tick_us=199443584,mechanical_angle_rad=4.879592896,valid=1,read_failures=0"
dengfoc,"SYNC_TRUTH,sequence=99508,truth_tick_us=199445588,mechanical_angle_rad=4.879592896,valid=1,read_failures=0"
dengfoc,"SYNC_TRUTH,sequence=99509,truth_tick_us=199447584,mechanical_angle_rad=4.879592896,valid=1,read_failures=0"
dengfoc,"SYNC_TRUTH,sequence=99510,truth_tick_us=199449588,mechanical_angle_rad=4.879592896,valid=1,read_failures=0"
dengfoc,"SYNC_TRUTH,sequence=99511,truth_tick_us=199451584,mechanical_angle_rad=4.881126881,valid=1,read_failures=0"
dengfoc,"SYNC_TRUTH,sequence=99512,truth_tick_us=199453588,mechanical_angle_rad=4.881126881,valid=1,read_failures=0"
dengfoc,"SYNC_TRUTH,sequence=99513,truth_tick_us=199455584,mechanical_angle_rad=4.879592896,valid=1,read_failures=0"
dengfoc,"SYNC_TRUTH,sequence=99514,truth_tick_us=199457588,mechanical_angle_rad=4.879592896,valid=1,read_failures=0"
dengfoc,"SYNC_TRUTH,sequence=99515,truth_tick_us=199459584,mechanical_angle_rad=4.879592896,valid=1,read_failures=0"
dengfoc,"SYNC_TRUTH,sequence=99516,truth_tick_us=199461588,mechanical_angle_rad=4.879592896,valid=1,read_failures=0"
dengfoc,"SYNC_TRUTH,sequence=99517,truth_tick_us=199463584,mechanical_angle_rad=4.879592896,valid=1,read_failures=0"
dengfoc,"SYNC_TRUTH,sequence=99518,truth_tick_us=199465588,mechanical_angle_rad=4.881126881,valid=1,read_failures=0"
dengfoc,"SYNC_TRUTH,sequence=99519,truth_tick_us=199467584,mechanical_angle_rad=4.879592896,valid=1,read_failures=0"
dengfoc,"SYNC_TRUTH,sequence=99520,truth_tick_us=199469588,mechanical_angle_rad=4.879592896,valid=1,read_failures=0"
dengfoc,"SYNC_TRUTH,sequence=99521,truth_tick_us=199471584,mechanical_angle_rad=4.881126881,valid=1,read_failures=0"
dengfoc,"SYNC_TRUTH,sequence=99522,truth_tick_us=199473588,mechanical_angle_rad=4.879592896,valid=1,read_failures=0"
dengfoc,"SYNC_TRUTH,sequence=99523,truth_tick_us=199475584,mechanical_angle_rad=4.879592896,valid=1,read_failures=0"
dengfoc,"SYNC_TRUTH,sequence=99524,truth_tick_us=199477588,mechanical_angle_rad=4.879592896,valid=1,read_failures=0"
dengfoc,"SYNC_TRUTH,sequence=99525,truth_tick_us=199479584,mechanical_angle_rad=4.879592896,valid=1,read_failures=0"
dengfoc,"SYNC_TRUTH,sequence=99526,truth_tick_us=199481588,mechanical_angle_rad=4.879592896,valid=1,read_failures=0"
dengfoc,"SYNC_TRUTH,sequence=99527,truth_tick_us=199483584,mechanical_angle_rad=4.879592896,valid=1,read_failures=0"
dengfoc,"SYNC_TRUTH,sequence=99528,truth_tick_us=199485588,mechanical_angle_rad=4.879592896,valid=1,read_failures=0"
dengfoc,"SYNC_TRUTH,sequence=99529,truth_tick_us=199487584,mechanical_angle_rad=4.879592896,valid=1,read_failures=0"
dengfoc,"SYNC_TRUTH,sequence=99530,truth_tick_us=199489588,mechanical_angle_rad=4.879592896,valid=1,read_failures=0"
dengfoc,"SYNC_TRUTH,sequence=99531,truth_tick_us=199491584,mechanical_angle_rad=4.879592896,valid=1,read_failures=0"
dengfoc,"SYNC_TRUTH,sequence=99532,truth_tick_us=199493588,mechanical_angle_rad=4.881126881,valid=1,read_failures=0"
dengfoc,"SYNC_TRUTH,sequence=99533,truth_tick_us=199495584,mechanical_angle_rad=4.879592896,valid=1,read_failures=0"
dengfoc,"SYNC_TRUTH,sequence=99534,truth_tick_us=199497588,mechanical_angle_rad=4.881126881,valid=1,read_failures=0"
dengfoc,"SYNC_TRUTH,sequence=99535,truth_tick_us=199499584,mechanical_angle_rad=4.879592896,valid=1,read_failures=0"
dengfoc,"SYNC_TRUTH,sequence=99536,truth_tick_us=199501588,mechanical_angle_rad=4.879592896,valid=1,read_failures=0"
dengfoc,"SYNC_TRUTH,sequence=99537,truth_tick_us=199503584,mechanical_angle_rad=4.879592896,valid=1,read_failures=0"
dengfoc,"SYNC_TRUTH,sequence=99538,truth_tick_us=199505588,mechanical_angle_rad=4.879592896,valid=1,read_failures=0"
dengfoc,"SYNC_TRUTH,sequence=99539,truth_tick_us=199507584,mechanical_angle_rad=4.879592896,valid=1,read_failures=0"
dengfoc,"SYNC_TRUTH,sequence=99540,truth_tick_us=199509588,mechanical_angle_rad=4.879592896,valid=1,read_failures=0"
dengfoc,"SYNC_TRUTH,sequence=99541,truth_tick_us=199511584,mechanical_angle_rad=4.879592896,valid=1,read_failures=0"
dengfoc,"SYNC_TRUTH,sequence=99542,truth_tick_us=199513588,mechanical_angle_rad=4.879592896,valid=1,read_failures=0"
dengfoc,"SYNC_TRUTH,sequence=99543,truth_tick_us=199515584,mechanical_angle_rad=4.879592896,valid=1,read_failures=0"
dengfoc,"SYNC_TRUTH,sequence=99544,truth_tick_us=199517588,mechanical_angle_rad=4.881126881,valid=1,read_failures=0"
dengfoc,"SYNC_TRUTH,sequence=99545,truth_tick_us=199519584,mechanical_angle_rad=4.879592896,valid=1,read_failures=0"
dengfoc,"SYNC_TRUTH,sequence=99546,truth_tick_us=199521588,mechanical_angle_rad=4.879592896,valid=1,read_failures=0"
dengfoc,"SYNC_TRUTH,sequence=99547,truth_tick_us=199523584,mechanical_angle_rad=4.881126881,valid=1,read_failures=0"
dengfoc,"SYNC_TRUTH,sequence=99548,truth_tick_us=199525588,mechanical_angle_rad=4.881126881,valid=1,read_failures=0"
dengfoc,"SYNC_TRUTH,sequence=99549,truth_tick_us=199527584,mechanical_angle_rad=4.879592896,valid=1,read_failures=0"
dengfoc,"SYNC_TRUTH,sequence=99550,truth_tick_us=199529588,mechanical_angle_rad=4.879592896,valid=1,read_failures=0"
dengfoc,"SYNC_TRUTH,sequence=99551,truth_tick_us=199531584,mechanical_angle_rad=4.879592896,valid=1,read_failures=0"
dengfoc,"SYNC_TRUTH,sequence=99552,truth_tick_us=199533588,mechanical_angle_rad=4.881126881,valid=1,read_failures=0"
dengfoc,"SYNC_TRUTH,sequence=99553,truth_tick_us=199535584,mechanical_angle_rad=4.879592896,valid=1,read_failures=0"
dengfoc,"SYNC_TRUTH,sequence=99554,truth_tick_us=199537588,mechanical_angle_rad=4.881126881,valid=1,read_failures=0"
dengfoc,"SYNC_TRUTH,sequence=99555,truth_tick_us=199539584,mechanical_angle_rad=4.879592896,valid=1,read_failures=0"
dengfoc,"SYNC_TRUTH,sequence=99556,truth_tick_us=199541588,mechanical_angle_rad=4.879592896,valid=1,read_failures=0"
dengfoc,"SYNC_TRUTH,sequence=99557,truth_tick_us=199543584,mechanical_angle_rad=4.879592896,valid=1,read_failures=0"
dengfoc,"SYNC_TRUTH,sequence=99558,truth_tick_us=199545588,mechanical_angle_rad=4.881126881,valid=1,read_failures=0"
g431,foc_h3_sync_send 20261004 136 236
dengfoc,"SYNC_TRUTH,sequence=99559,truth_tick_us=199547584,mechanical_angle_rad=4.879592896,valid=1,read_failures=0"
dengfoc,"SYNC_TRUTH,sequence=99560,truth_tick_us=199549590,mechanical_angle_rad=4.881126881,valid=1,read_failures=0"
dengfoc,"SYNC_TRUTH,sequence=99561,truth_tick_us=199551586,mechanical_angle_rad=4.879592896,valid=1,read_failures=0"
g431,"FH3_SYNC_SEND,1,196608,2,59,58,0,58,0,0,4294967295,0,20261004,136,236,0,43,0,0,0"
dengfoc,"SYNC_TRUTH,sequence=99562,truth_tick_us=199553588,mechanical_angle_rad=4.879592896,valid=1,read_failures=0"
g431,msh >
dengfoc,"SYNC_TRUTH,sequence=99563,truth_tick_us=199555584,mechanical_angle_rad=4.879592896,valid=1,read_failures=0"
dengfoc,"SYNC_TRUTH,sequence=99564,truth_tick_us=199557588,mechanical_angle_rad=4.879592896,valid=1,read_failures=0"
dengfoc,"SYNC_ANCHOR_RX,session=20261004,edge_sequence=136,edge_tag=236,truth_tick_us=199548594,source=2,flags=0x00000003"
dengfoc,"SYNC_TRUTH,sequence=99565,truth_tick_us=199560592,mechanical_angle_rad=4.879592896,valid=1,read_failures=0"
dengfoc,"SYNC_TRUTH,sequence=99566,truth_tick_us=199562588,mechanical_angle_rad=4.881126881,valid=1,read_failures=0"
dengfoc,"SYNC_TRUTH,sequence=99567,truth_tick_us=199564584,mechanical_angle_rad=4.879592896,valid=1,read_failures=0"
dengfoc,"SYNC_TRUTH,sequence=99568,truth_tick_us=199566588,mechanical_angle_rad=4.879592896,valid=1,read_failures=0"
dengfoc,"SYNC_TRUTH,sequence=99569,truth_tick_us=199568584,mechanical_angle_rad=4.881126881,valid=1,read_failures=0"
dengfoc,"SYNC_TRUTH,sequence=99570,truth_tick_us=199570588,mechanical_angle_rad=4.879592896,valid=1,read_failures=0"
dengfoc,"SYNC_TRUTH,sequence=99571,truth_tick_us=199572584,mechanical_angle_rad=4.879592896,valid=1,read_failures=0"
dengfoc,"SYNC_TRUTH,sequence=99572,truth_tick_us=199574588,mechanical_angle_rad=4.879592896,valid=1,read_failures=0"
dengfoc,"SYNC_TRUTH,sequence=99573,truth_tick_us=199576584,mechanical_angle_rad=4.879592896,valid=1,read_failures=0"
dengfoc,"SYNC_TRUTH,sequence=99574,truth_tick_us=199578588,mechanical_angle_rad=4.879592896,valid=1,read_failures=0"
dengfoc,"SYNC_TRUTH,sequence=99575,truth_tick_us=199580584,mechanical_angle_rad=4.879592896,valid=1,read_failures=0"
dengfoc,"SYNC_TRUTH,sequence=99576,truth_tick_us=199582588,mechanical_angle_rad=4.879592896,valid=1,read_failures=0"
dengfoc,"SYNC_TRUTH,sequence=99577,truth_tick_us=199584584,mechanical_angle_rad=4.879592896,valid=1,read_failures=0"
dengfoc,"SYNC_TRUTH,sequence=99578,truth_tick_us=199586588,mechanical_angle_rad=4.879592896,valid=1,read_failures=0"
g431,msh >
dengfoc,"SYNC_TRUTH,sequence=99579,truth_tick_us=199588584,mechanical_angle_rad=4.881126881,valid=1,read_failures=0"
dengfoc,"SYNC_TRUTH,sequence=99580,truth_tick_us=199590588,mechanical_angle_rad=4.881126881,valid=1,read_failures=0"
dengfoc,"SYNC_TRUTH,sequence=99581,truth_tick_us=199592584,mechanical_angle_rad=4.879592896,valid=1,read_failures=0"
dengfoc,"SYNC_TRUTH,sequence=99582,truth_tick_us=199594588,mechanical_angle_rad=4.879592896,valid=1,read_failures=0"
dengfoc,"SYNC_TRUTH,sequence=99583,truth_tick_us=199596584,mechanical_angle_rad=4.879592896,valid=1,read_failures=0"
dengfoc,"SYNC_TRUTH,sequence=99584,truth_tick_us=199598588,mechanical_angle_rad=4.879592896,valid=1,read_failures=0"
dengfoc,"SYNC_TRUTH,sequence=99585,truth_tick_us=199600584,mechanical_angle_rad=4.879592896,valid=1,read_failures=0"
dengfoc,"SYNC_TRUTH,sequence=99586,truth_tick_us=199602588,mechanical_angle_rad=4.881126881,valid=1,read_failures=0"
dengfoc,"SYNC_TRUTH,sequence=99587,truth_tick_us=199604584,mechanical_angle_rad=4.879592896,valid=1,read_failures=0"
dengfoc,"SYNC_TRUTH,sequence=99588,truth_tick_us=199606588,mechanical_angle_rad=4.879592896,valid=1,read_failures=0"
dengfoc,"SYNC_TRUTH,sequence=99589,truth_tick_us=199608584,mechanical_angle_rad=4.879592896,valid=1,read_failures=0"
dengfoc,"SYNC_TRUTH,sequence=99590,truth_tick_us=199610588,mechanical_angle_rad=4.881126881,valid=1,read_failures=0"
dengfoc,"SYNC_TRUTH,sequence=99591,truth_tick_us=199612584,mechanical_angle_rad=4.879592896,valid=1,read_failures=0"
dengfoc,"SYNC_TRUTH,sequence=99592,truth_tick_us=199614588,mechanical_angle_rad=4.881126881,valid=1,read_failures=0"
dengfoc,"SYNC_TRUTH,sequence=99593,truth_tick_us=199616584,mechanical_angle_rad=4.879592896,valid=1,read_failures=0"
dengfoc,"SYNC_TRUTH,sequence=99594,truth_tick_us=199618588,mechanical_angle_rad=4.879592896,valid=1,read_failures=0"
dengfoc,"SYNC_TRUTH,sequence=99595,truth_tick_us=199620584,mechanical_angle_rad=4.881126881,valid=1,read_failures=0"
dengfoc,"SYNC_TRUTH,sequence=99596,truth_tick_us=199622588,mechanical_angle_rad=4.879592896,valid=1,read_failures=0"
dengfoc,"SYNC_TRUTH,sequence=99597,truth_tick_us=199624584,mechanical_angle_rad=4.879592896,valid=1,read_failures=0"
dengfoc,"SYNC_TRUTH,sequence=99598,truth_tick_us=199626588,mechanical_angle_rad=4.879592896,valid=1,read_failures=0"
dengfoc,"SYNC_TRUTH,sequence=99599,truth_tick_us=199628584,mechanical_angle_rad=4.879592896,valid=1,read_failures=0"
dengfoc,"SYNC_TRUTH,sequence=99600,truth_tick_us=199630588,mechanical_angle_rad=4.879592896,valid=1,read_failures=0"
dengfoc,"SYNC_TRUTH,sequence=99601,truth_tick_us=199632584,mechanical_angle_rad=4.881126881,valid=1,read_failures=0"
dengfoc,"SYNC_TRUTH,sequence=99602,truth_tick_us=199634588,mechanical_angle_rad=4.879592896,valid=1,read_failures=0"
dengfoc,"SYNC_TRUTH,sequence=99603,truth_tick_us=199636584,mechanical_angle_rad=4.881126881,valid=1,read_failures=0"
dengfoc,"SYNC_TRUTH,sequence=99604,truth_tick_us=199638588,mechanical_angle_rad=4.879592896,valid=1,read_failures=0"
dengfoc,"SYNC_TRUTH,sequence=99605,truth_tick_us=199640584,mechanical_angle_rad=4.879592896,valid=1,read_failures=0"
dengfoc,"SYNC_TRUTH,sequence=99606,truth_tick_us=199642588,mechanical_angle_rad=4.879592896,valid=1,read_failures=0"
dengfoc,"SYNC_TRUTH,sequence=99607,truth_tick_us=199644584,mechanical_angle_rad=4.879592896,valid=1,read_failures=0"
dengfoc,"SYNC_TRUTH,sequence=99608,truth_tick_us=199646588,mechanical_angle_rad=4.879592896,valid=1,read_failures=0"
dengfoc,"SYNC_TRUTH,sequence=99609,truth_tick_us=199648584,mechanical_angle_rad=4.879592896,valid=1,read_failures=0"
dengfoc,"SYNC_TRUTH,sequence=99610,truth_tick_us=199650588,mechanical_angle_rad=4.879592896,valid=1,read_failures=0"
dengfoc,"SYNC_TRUTH,sequence=99611,truth_tick_us=199652584,mechanical_angle_rad=4.879592896,valid=1,read_failures=0"
dengfoc,"SYNC_TRUTH,sequence=99612,truth_tick_us=199654588,mechanical_angle_rad=4.879592896,valid=1,read_failures=0"
dengfoc,"SYNC_TRUTH,sequence=99613,truth_tick_us=199656584,mechanical_angle_rad=4.879592896,valid=1,read_failures=0"
dengfoc,"SYNC_TRUTH,sequence=99614,truth_tick_us=199658588,mechanical_angle_rad=4.879592896,valid=1,read_failures=0"
dengfoc,"SYNC_TRUTH,sequence=99615,truth_tick_us=199660584,mechanical_angle_rad=4.881126881,valid=1,read_failures=0"
dengfoc,"SYNC_TRUTH,sequence=99616,truth_tick_us=199662588,mechanical_angle_rad=4.879592896,valid=1,read_failures=0"
dengfoc,"SYNC_TRUTH,sequence=99617,truth_tick_us=199664584,mechanical_angle_rad=4.881126881,valid=1,read_failures=0"
dengfoc,"SYNC_TRUTH,sequence=99618,truth_tick_us=199666588,mechanical_angle_rad=4.879592896,valid=1,read_failures=0"
dengfoc,"SYNC_TRUTH,sequence=99619,truth_tick_us=199668584,mechanical_angle_rad=4.879592896,valid=1,read_failures=0"
dengfoc,"SYNC_TRUTH,sequence=99620,truth_tick_us=199670588,mechanical_angle_rad=4.879592896,valid=1,read_failures=0"
dengfoc,"SYNC_TRUTH,sequence=99621,truth_tick_us=199672584,mechanical_angle_rad=4.879592896,valid=1,read_failures=0"
dengfoc,"SYNC_TRUTH,sequence=99622,truth_tick_us=199674588,mechanical_angle_rad=4.879592896,valid=1,read_failures=0"
dengfoc,"SYNC_TRUTH,sequence=99623,truth_tick_us=199676584,mechanical_angle_rad=4.881126881,valid=1,read_failures=0"
dengfoc,"SYNC_TRUTH,sequence=99624,truth_tick_us=199678588,mechanical_angle_rad=4.879592896,valid=1,read_failures=0"
dengfoc,"SYNC_TRUTH,sequence=99625,truth_tick_us=199680584,mechanical_angle_rad=4.881126881,valid=1,read_failures=0"
dengfoc,"SYNC_TRUTH,sequence=99626,truth_tick_us=199682588,mechanical_angle_rad=4.879592896,valid=1,read_failures=0"
dengfoc,"SYNC_TRUTH,sequence=99627,truth_tick_us=199684584,mechanical_angle_rad=4.879592896,valid=1,read_failures=0"
dengfoc,"SYNC_TRUTH,sequence=99628,truth_tick_us=199686588,mechanical_angle_rad=4.879592896,valid=1,read_failures=0"
dengfoc,"SYNC_TRUTH,sequence=99629,truth_tick_us=199688584,mechanical_angle_rad=4.879592896,valid=1,read_failures=0"
dengfoc,"SYNC_TRUTH,sequence=99630,truth_tick_us=199690588,mechanical_angle_rad=4.879592896,valid=1,read_failures=0"
dengfoc,"SYNC_TRUTH,sequence=99631,truth_tick_us=199692584,mechanical_angle_rad=4.881126881,valid=1,read_failures=0"
dengfoc,"SYNC_TRUTH,sequence=99632,truth_tick_us=199694588,mechanical_angle_rad=4.879592896,valid=1,read_failures=0"
dengfoc,"SYNC_TRUTH,sequence=99633,truth_tick_us=199696584,mechanical_angle_rad=4.879592896,valid=1,read_failures=0"
dengfoc,"SYNC_TRUTH,sequence=99634,truth_tick_us=199698588,mechanical_angle_rad=4.879592896,valid=1,read_failures=0"
dengfoc,"SYNC_TRUTH,sequence=99635,truth_tick_us=199700584,mechanical_angle_rad=4.881126881,valid=1,read_failures=0"
dengfoc,"SYNC_TRUTH,sequence=99636,truth_tick_us=199702588,mechanical_angle_rad=4.881126881,valid=1,read_failures=0"
dengfoc,"SYNC_TRUTH,sequence=99637,truth_tick_us=199704584,mechanical_angle_rad=4.881126881,valid=1,read_failures=0"
dengfoc,"SYNC_TRUTH,sequence=99638,truth_tick_us=199706588,mechanical_angle_rad=4.879592896,valid=1,read_failures=0"
dengfoc,"SYNC_TRUTH,sequence=99639,truth_tick_us=199708584,mechanical_angle_rad=4.879592896,valid=1,read_failures=0"
dengfoc,"SYNC_TRUTH,sequence=99640,truth_tick_us=199710588,mechanical_angle_rad=4.879592896,valid=1,read_failures=0"
dengfoc,"SYNC_TRUTH,sequence=99641,truth_tick_us=199712584,mechanical_angle_rad=4.881126881,valid=1,read_failures=0"
dengfoc,"SYNC_TRUTH,sequence=99642,truth_tick_us=199714588,mechanical_angle_rad=4.879592896,valid=1,read_failures=0"
dengfoc,"SYNC_TRUTH,sequence=99643,truth_tick_us=199716584,mechanical_angle_rad=4.879592896,valid=1,read_failures=0"
dengfoc,"SYNC_TRUTH,sequence=99644,truth_tick_us=199718588,mechanical_angle_rad=4.879592896,valid=1,read_failures=0"
dengfoc,"SYNC_TRUTH,sequence=99645,truth_tick_us=199720584,mechanical_angle_rad=4.879592896,valid=1,read_failures=0"
dengfoc,"SYNC_TRUTH,sequence=99646,truth_tick_us=199722588,mechanical_angle_rad=4.881126881,valid=1,read_failures=0"
dengfoc,"SYNC_TRUTH,sequence=99647,truth_tick_us=199724584,mechanical_angle_rad=4.881126881,valid=1,read_failures=0"
dengfoc,"SYNC_TRUTH,sequence=99648,truth_tick_us=199726588,mechanical_angle_rad=4.879592896,valid=1,read_failures=0"
dengfoc,"SYNC_TRUTH,sequence=99649,truth_tick_us=199728584,mechanical_angle_rad=4.879592896,valid=1,read_failures=0"
dengfoc,"SYNC_TRUTH,sequence=99650,truth_tick_us=199730588,mechanical_angle_rad=4.881126881,valid=1,read_failures=0"
dengfoc,"SYNC_TRUTH,sequence=99651,truth_tick_us=199732584,mechanical_angle_rad=4.881126881,valid=1,read_failures=0"
dengfoc,"SYNC_TRUTH,sequence=99652,truth_tick_us=199734588,mechanical_angle_rad=4.879592896,valid=1,read_failures=0"
dengfoc,"SYNC_TRUTH,sequence=99653,truth_tick_us=199736584,mechanical_angle_rad=4.879592896,valid=1,read_failures=0"
dengfoc,"SYNC_TRUTH,sequence=99654,truth_tick_us=199738588,mechanical_angle_rad=4.879592896,valid=1,read_failures=0"
dengfoc,"SYNC_TRUTH,sequence=99655,truth_tick_us=199740584,mechanical_angle_rad=4.879592896,valid=1,read_failures=0"
dengfoc,"SYNC_TRUTH,sequence=99656,truth_tick_us=199742588,mechanical_angle_rad=4.879592896,valid=1,read_failures=0"
dengfoc,"SYNC_TRUTH,sequence=99657,truth_tick_us=199744584,mechanical_angle_rad=4.879592896,valid=1,read_failures=0"
dengfoc,"SYNC_TRUTH,sequence=99658,truth_tick_us=199746588,mechanical_angle_rad=4.879592896,valid=1,read_failures=0"
dengfoc,"SYNC_TRUTH,sequence=99659,truth_tick_us=199748584,mechanical_angle_rad=4.879592896,valid=1,read_failures=0"
dengfoc,"SYNC_TRUTH,sequence=99660,truth_tick_us=199750588,mechanical_angle_rad=4.879592896,valid=1,read_failures=0"
dengfoc,"SYNC_TRUTH,sequence=99661,truth_tick_us=199752584,mechanical_angle_rad=4.879592896,valid=1,read_failures=0"
dengfoc,"SYNC_TRUTH,sequence=99662,truth_tick_us=199754588,mechanical_angle_rad=4.879592896,valid=1,read_failures=0"
dengfoc,"SYNC_TRUTH,sequence=99663,truth_tick_us=199756584,mechanical_angle_rad=4.879592896,valid=1,read_failures=0"
dengfoc,"SYNC_TRUTH,sequence=99664,truth_tick_us=199758588,mechanical_angle_rad=4.881126881,valid=1,read_failures=0"
dengfoc,"SYNC_TRUTH,sequence=99665,truth_tick_us=199760584,mechanical_angle_rad=4.879592896,valid=1,read_failures=0"
dengfoc,"SYNC_TRUTH,sequence=99666,truth_tick_us=199762588,mechanical_angle_rad=4.879592896,valid=1,read_failures=0"
dengfoc,"SYNC_TRUTH,sequence=99667,truth_tick_us=199764584,mechanical_angle_rad=4.879592896,valid=1,read_failures=0"
dengfoc,"SYNC_TRUTH,sequence=99668,truth_tick_us=199766588,mechanical_angle_rad=4.881126881,valid=1,read_failures=0"
dengfoc,"SYNC_TRUTH,sequence=99669,truth_tick_us=199768584,mechanical_angle_rad=4.879592896,valid=1,read_failures=0"
dengfoc,"SYNC_TRUTH,sequence=99670,truth_tick_us=199770588,mechanical_angle_rad=4.881126881,valid=1,read_failures=0"
dengfoc,"SYNC_TRUTH,sequence=99671,truth_tick_us=199772584,mechanical_angle_rad=4.879592896,valid=1,read_failures=0"
dengfoc,"SYNC_TRUTH,sequence=99672,truth_tick_us=199774588,mechanical_angle_rad=4.881126881,valid=1,read_failures=0"
dengfoc,"SYNC_TRUTH,sequence=99673,truth_tick_us=199776584,mechanical_angle_rad=4.879592896,valid=1,read_failures=0"
dengfoc,"SYNC_TRUTH,sequence=99674,truth_tick_us=199778588,mechanical_angle_rad=4.879592896,valid=1,read_failures=0"
dengfoc,"SYNC_TRUTH,sequence=99675,truth_tick_us=199780584,mechanical_angle_rad=4.879592896,valid=1,read_failures=0"
dengfoc,"SYNC_TRUTH,sequence=99676,truth_tick_us=199782588,mechanical_angle_rad=4.881126881,valid=1,read_failures=0"
dengfoc,"SYNC_TRUTH,sequence=99677,truth_tick_us=199784584,mechanical_angle_rad=4.879592896,valid=1,read_failures=0"
dengfoc,"SYNC_TRUTH,sequence=99678,truth_tick_us=199786588,mechanical_angle_rad=4.881126881,valid=1,read_failures=0"
dengfoc,"SYNC_TRUTH,sequence=99679,truth_tick_us=199788584,mechanical_angle_rad=4.879592896,valid=1,read_failures=0"
dengfoc,"SYNC_TRUTH,sequence=99680,truth_tick_us=199790588,mechanical_angle_rad=4.881126881,valid=1,read_failures=0"
dengfoc,"SYNC_TRUTH,sequence=99681,truth_tick_us=199792584,mechanical_angle_rad=4.881126881,valid=1,read_failures=0"
dengfoc,"SYNC_TRUTH,sequence=99682,truth_tick_us=199794588,mechanical_angle_rad=4.879592896,valid=1,read_failures=0"
dengfoc,"SYNC_TRUTH,sequence=99683,truth_tick_us=199796584,mechanical_angle_rad=4.879592896,valid=1,read_failures=0"
dengfoc,"SYNC_TRUTH,sequence=99684,truth_tick_us=199798588,mechanical_angle_rad=4.879592896,valid=1,read_failures=0"
dengfoc,"SYNC_TRUTH,sequence=99685,truth_tick_us=199800584,mechanical_angle_rad=4.879592896,valid=1,read_failures=0"
dengfoc,"SYNC_TRUTH,sequence=99686,truth_tick_us=199802588,mechanical_angle_rad=4.881126881,valid=1,read_failures=0"
dengfoc,"SYNC_TRUTH,sequence=99687,truth_tick_us=199804584,mechanical_angle_rad=4.879592896,valid=1,read_failures=0"
dengfoc,"SYNC_TRUTH,sequence=99688,truth_tick_us=199806588,mechanical_angle_rad=4.879592896,valid=1,read_failures=0"
dengfoc,"SYNC_TRUTH,sequence=99689,truth_tick_us=199808584,mechanical_angle_rad=4.879592896,valid=1,read_failures=0"
dengfoc,"SYNC_TRUTH,sequence=99690,truth_tick_us=199810588,mechanical_angle_rad=4.881126881,valid=1,read_failures=0"
dengfoc,"SYNC_TRUTH,sequence=99691,truth_tick_us=199812584,mechanical_angle_rad=4.881126881,valid=1,read_failures=0"
dengfoc,"SYNC_TRUTH,sequence=99692,truth_tick_us=199814588,mechanical_angle_rad=4.879592896,valid=1,read_failures=0"
dengfoc,"SYNC_TRUTH,sequence=99693,truth_tick_us=199816584,mechanical_angle_rad=4.879592896,valid=1,read_failures=0"
dengfoc,"SYNC_TRUTH,sequence=99694,truth_tick_us=199818588,mechanical_angle_rad=4.879592896,valid=1,read_failures=0"
dengfoc,"SYNC_TRUTH,sequence=99695,truth_tick_us=199820584,mechanical_angle_rad=4.881126881,valid=1,read_failures=0"
dengfoc,"SYNC_TRUTH,sequence=99696,truth_tick_us=199822588,mechanical_angle_rad=4.879592896,valid=1,read_failures=0"
dengfoc,"SYNC_TRUTH,sequence=99697,truth_tick_us=199824584,mechanical_angle_rad=4.881126881,valid=1,read_failures=0"
dengfoc,"SYNC_TRUTH,sequence=99698,truth_tick_us=199826588,mechanical_angle_rad=4.879592896,valid=1,read_failures=0"
dengfoc,"SYNC_TRUTH,sequence=99699,truth_tick_us=199828584,mechanical_angle_rad=4.879592896,valid=1,read_failures=0"
dengfoc,"SYNC_TRUTH,sequence=99700,truth_tick_us=199830588,mechanical_angle_rad=4.879592896,valid=1,read_failures=0"
dengfoc,"SYNC_TRUTH,sequence=99701,truth_tick_us=199832584,mechanical_angle_rad=4.879592896,valid=1,read_failures=0"
dengfoc,"SYNC_TRUTH,sequence=99702,truth_tick_us=199834588,mechanical_angle_rad=4.879592896,valid=1,read_failures=0"
dengfoc,"SYNC_TRUTH,sequence=99703,truth_tick_us=199836584,mechanical_angle_rad=4.879592896,valid=1,read_failures=0"
dengfoc,"SYNC_TRUTH,sequence=99704,truth_tick_us=199838588,mechanical_angle_rad=4.879592896,valid=1,read_failures=0"
dengfoc,"SYNC_TRUTH,sequence=99705,truth_tick_us=199840584,mechanical_angle_rad=4.881126881,valid=1,read_failures=0"
dengfoc,"SYNC_TRUTH,sequence=99706,truth_tick_us=199842588,mechanical_angle_rad=4.881126881,valid=1,read_failures=0"
dengfoc,"SYNC_TRUTH,sequence=99707,truth_tick_us=199844584,mechanical_angle_rad=4.879592896,valid=1,read_failures=0"
dengfoc,"SYNC_TRUTH,sequence=99708,truth_tick_us=199846588,mechanical_angle_rad=4.879592896,valid=1,read_failures=0"
dengfoc,"SYNC_TRUTH,sequence=99709,truth_tick_us=199848584,mechanical_angle_rad=4.879592896,valid=1,read_failures=0"
dengfoc,"SYNC_TRUTH,sequence=99710,truth_tick_us=199850588,mechanical_angle_rad=4.879592896,valid=1,read_failures=0"
dengfoc,"SYNC_TRUTH,sequence=99711,truth_tick_us=199852584,mechanical_angle_rad=4.879592896,valid=1,read_failures=0"
dengfoc,"SYNC_TRUTH,sequence=99712,truth_tick_us=199854588,mechanical_angle_rad=4.881126881,valid=1,read_failures=0"
dengfoc,"SYNC_TRUTH,sequence=99713,truth_tick_us=199856584,mechanical_angle_rad=4.879592896,valid=1,read_failures=0"
dengfoc,"SYNC_TRUTH,sequence=99714,truth_tick_us=199858588,mechanical_angle_rad=4.879592896,valid=1,read_failures=0"
dengfoc,"SYNC_TRUTH,sequence=99715,truth_tick_us=199860584,mechanical_angle_rad=4.881126881,valid=1,read_failures=0"
dengfoc,"SYNC_TRUTH,sequence=99716,truth_tick_us=199862588,mechanical_angle_rad=4.879592896,valid=1,read_failures=0"
dengfoc,"SYNC_TRUTH,sequence=99717,truth_tick_us=199864584,mechanical_angle_rad=4.879592896,valid=1,read_failures=0"
dengfoc,"SYNC_TRUTH,sequence=99718,truth_tick_us=199866588,mechanical_angle_rad=4.879592896,valid=1,read_failures=0"
dengfoc,"SYNC_TRUTH,sequence=99719,truth_tick_us=199868584,mechanical_angle_rad=4.881126881,valid=1,read_failures=0"
dengfoc,"SYNC_TRUTH,sequence=99720,truth_tick_us=199870588,mechanical_angle_rad=4.881126881,valid=1,read_failures=0"
dengfoc,"SYNC_TRUTH,sequence=99721,truth_tick_us=199872584,mechanical_angle_rad=4.881126881,valid=1,read_failures=0"
dengfoc,"SYNC_TRUTH,sequence=99722,truth_tick_us=199874588,mechanical_angle_rad=4.879592896,valid=1,read_failures=0"
dengfoc,"SYNC_TRUTH,sequence=99723,truth_tick_us=199876584,mechanical_angle_rad=4.881126881,valid=1,read_failures=0"
dengfoc,"SYNC_TRUTH,sequence=99724,truth_tick_us=199878588,mechanical_angle_rad=4.879592896,valid=1,read_failures=0"
dengfoc,"SYNC_TRUTH,sequence=99725,truth_tick_us=199880584,mechanical_angle_rad=4.879592896,valid=1,read_failures=0"
dengfoc,"SYNC_TRUTH,sequence=99726,truth_tick_us=199882588,mechanical_angle_rad=4.879592896,valid=1,read_failures=0"
dengfoc,"SYNC_TRUTH,sequence=99727,truth_tick_us=199884584,mechanical_angle_rad=4.879592896,valid=1,read_failures=0"
dengfoc,"SYNC_TRUTH,sequence=99728,truth_tick_us=199886588,mechanical_angle_rad=4.879592896,valid=1,read_failures=0"
dengfoc,"SYNC_TRUTH,sequence=99729,truth_tick_us=199888584,mechanical_angle_rad=4.881126881,valid=1,read_failures=0"
dengfoc,"SYNC_TRUTH,sequence=99730,truth_tick_us=199890588,mechanical_angle_rad=4.881126881,valid=1,read_failures=0"
dengfoc,"SYNC_TRUTH,sequence=99731,truth_tick_us=199892584,mechanical_angle_rad=4.881126881,valid=1,read_failures=0"
dengfoc,"SYNC_TRUTH,sequence=99732,truth_tick_us=199894588,mechanical_angle_rad=4.881126881,valid=1,read_failures=0"
dengfoc,"SYNC_TRUTH,sequence=99733,truth_tick_us=199896584,mechanical_angle_rad=4.881126881,valid=1,read_failures=0"
dengfoc,"SYNC_TRUTH,sequence=99734,truth_tick_us=199898588,mechanical_angle_rad=4.879592896,valid=1,read_failures=0"
dengfoc,"SYNC_TRUTH,sequence=99735,truth_tick_us=199900584,mechanical_angle_rad=4.879592896,valid=1,read_failures=0"
dengfoc,"SYNC_TRUTH,sequence=99736,truth_tick_us=199902588,mechanical_angle_rad=4.881126881,valid=1,read_failures=0"
dengfoc,"SYNC_TRUTH,sequence=99737,truth_tick_us=199904584,mechanical_angle_rad=4.879592896,valid=1,read_failures=0"
dengfoc,"SYNC_TRUTH,sequence=99738,truth_tick_us=199906588,mechanical_angle_rad=4.879592896,valid=1,read_failures=0"
dengfoc,"SYNC_TRUTH,sequence=99739,truth_tick_us=199908584,mechanical_angle_rad=4.879592896,valid=1,read_failures=0"
dengfoc,"SYNC_TRUTH,sequence=99740,truth_tick_us=199910588,mechanical_angle_rad=4.879592896,valid=1,read_failures=0"
dengfoc,"SYNC_TRUTH,sequence=99741,truth_tick_us=199912584,mechanical_angle_rad=4.881126881,valid=1,read_failures=0"
g431,foc_h3_sync_status
dengfoc,"SYNC_TRUTH,sequence=99742,truth_tick_us=199914588,mechanical_angle_rad=4.879592896,valid=1,read_failures=0"
dengfoc,"SYNC_TRUTH,sequence=99743,truth_tick_us=199916584,mechanical_angle_rad=4.879592896,valid=1,read_failures=0"
dengfoc,"SYNC_TRUTH,sequence=99744,truth_tick_us=199918588,mechanical_angle_rad=4.879592896,valid=1,read_failures=0"
dengfoc,"SYNC_TRUTH,sequence=99745,truth_tick_us=199920584,mechanical_angle_rad=4.881126881,valid=1,read_failures=0"
dengfoc,"SYNC_TRUTH,sequence=99746,truth_tick_us=199922588,mechanical_angle_rad=4.879592896,valid=1,read_failures=0"
g431,"FH3_SYNC_STATUS,1,196608,3,59,59,0,59,103,4279643051,15764717,7,20261004,136,236,0,44,100,4279643100,49"
g431,msh >
dengfoc,"SYNC_TRUTH,sequence=99747,truth_tick_us=199924584,mechanical_angle_rad=4.879592896,valid=1,read_failures=0"
dengfoc,"SYNC_TRUTH,sequence=99748,truth_tick_us=199926588,mechanical_angle_rad=4.879592896,valid=1,read_failures=0"
dengfoc,"SYNC_TRUTH,sequence=99749,truth_tick_us=199928584,mechanical_angle_rad=4.881126881,valid=1,read_failures=0"
dengfoc,"SYNC_TRUTH,sequence=99750,truth_tick_us=199930588,mechanical_angle_rad=4.879592896,valid=1,read_failures=0"
dengfoc,"SYNC_TRUTH,sequence=99751,truth_tick_us=199932584,mechanical_angle_rad=4.879592896,valid=1,read_failures=0"
dengfoc,"SYNC_TRUTH,sequence=99752,truth_tick_us=199934588,mechanical_angle_rad=4.879592896,valid=1,read_failures=0"
dengfoc,"SYNC_TRUTH,sequence=99753,truth_tick_us=199936584,mechanical_angle_rad=4.879592896,valid=1,read_failures=0"
dengfoc,"SYNC_TRUTH,sequence=99754,truth_tick_us=199938588,mechanical_angle_rad=4.879592896,valid=1,read_failures=0"
dengfoc,"SYNC_TRUTH,sequence=99755,truth_tick_us=199940584,mechanical_angle_rad=4.879592896,valid=1,read_failures=0"
dengfoc,"SYNC_TRUTH,sequence=99756,truth_tick_us=199942588,mechanical_angle_rad=4.879592896,valid=1,read_failures=0"
dengfoc,"SYNC_TRUTH,sequence=99757,truth_tick_us=199944584,mechanical_angle_rad=4.879592896,valid=1,read_failures=0"
dengfoc,"SYNC_TRUTH,sequence=99758,truth_tick_us=199946588,mechanical_angle_rad=4.879592896,valid=1,read_failures=0"
dengfoc,"SYNC_TRUTH,sequence=99759,truth_tick_us=199948584,mechanical_angle_rad=4.879592896,valid=1,read_failures=0"
dengfoc,"SYNC_TRUTH,sequence=99760,truth_tick_us=199950588,mechanical_angle_rad=4.879592896,valid=1,read_failures=0"
dengfoc,"SYNC_TRUTH,sequence=99761,truth_tick_us=199952584,mechanical_angle_rad=4.879592896,valid=1,read_failures=0"
dengfoc,"SYNC_TRUTH,sequence=99762,truth_tick_us=199954588,mechanical_angle_rad=4.879592896,valid=1,read_failures=0"
dengfoc,"SYNC_TRUTH,sequence=99763,truth_tick_us=199956584,mechanical_angle_rad=4.879592896,valid=1,read_failures=0"
dengfoc,"SYNC_TRUTH,sequence=99764,truth_tick_us=199958588,mechanical_angle_rad=4.881126881,valid=1,read_failures=0"
g431,msh >
dengfoc,"SYNC_TRUTH,sequence=99765,truth_tick_us=199960584,mechanical_angle_rad=4.881126881,valid=1,read_failures=0"
dengfoc,"SYNC_TRUTH,sequence=99766,truth_tick_us=199962588,mechanical_angle_rad=4.879592896,valid=1,read_failures=0"
dengfoc,"SYNC_TRUTH,sequence=99767,truth_tick_us=199964584,mechanical_angle_rad=4.879592896,valid=1,read_failures=0"
dengfoc,"SYNC_TRUTH,sequence=99768,truth_tick_us=199966588,mechanical_angle_rad=4.881126881,valid=1,read_failures=0"
dengfoc,"SYNC_TRUTH,sequence=99769,truth_tick_us=199968584,mechanical_angle_rad=4.879592896,valid=1,read_failures=0"
dengfoc,"SYNC_TRUTH,sequence=99770,truth_tick_us=199970588,mechanical_angle_rad=4.879592896,valid=1,read_failures=0"
dengfoc,"SYNC_TRUTH,sequence=99771,truth_tick_us=199972584,mechanical_angle_rad=4.879592896,valid=1,read_failures=0"
dengfoc,"SYNC_TRUTH,sequence=99772,truth_tick_us=199974588,mechanical_angle_rad=4.879592896,valid=1,read_failures=0"
dengfoc,"SYNC_TRUTH,sequence=99773,truth_tick_us=199976584,mechanical_angle_rad=4.879592896,valid=1,read_failures=0"
dengfoc,"SYNC_TRUTH,sequence=99774,truth_tick_us=199978588,mechanical_angle_rad=4.881126881,valid=1,read_failures=0"
dengfoc,"SYNC_TRUTH,sequence=99775,truth_tick_us=199980584,mechanical_angle_rad=4.881126881,valid=1,read_failures=0"
dengfoc,"SYNC_TRUTH,sequence=99776,truth_tick_us=199982588,mechanical_angle_rad=4.881126881,valid=1,read_failures=0"
dengfoc,"SYNC_TRUTH,sequence=99777,truth_tick_us=199984584,mechanical_angle_rad=4.879592896,valid=1,read_failures=0"
dengfoc,"SYNC_TRUTH,sequence=99778,truth_tick_us=199986588,mechanical_angle_rad=4.879592896,valid=1,read_failures=0"
dengfoc,"SYNC_TRUTH,sequence=99779,truth_tick_us=199988584,mechanical_angle_rad=4.881126881,valid=1,read_failures=0"
dengfoc,"SYNC_TRUTH,sequence=99780,truth_tick_us=199990588,mechanical_angle_rad=4.879592896,valid=1,read_failures=0"
dengfoc,"SYNC_TRUTH,sequence=99781,truth_tick_us=199992584,mechanical_angle_rad=4.881126881,valid=1,read_failures=0"
dengfoc,"SYNC_TRUTH,sequence=99782,truth_tick_us=199994588,mechanical_angle_rad=4.879592896,valid=1,read_failures=0"
dengfoc,"SYNC_TRUTH,sequence=99783,truth_tick_us=199996584,mechanical_angle_rad=4.879592896,valid=1,read_failures=0"
dengfoc,"SYNC_TRUTH,sequence=99784,truth_tick_us=199998588,mechanical_angle_rad=4.879592896,valid=1,read_failures=0"
dengfoc,"SYNC_TRUTH,sequence=99785,truth_tick_us=200000584,mechanical_angle_rad=4.879592896,valid=1,read_failures=0"
dengfoc,"SYNC_TRUTH,sequence=99786,truth_tick_us=200002588,mechanical_angle_rad=4.881126881,valid=1,read_failures=0"
dengfoc,"SYNC_TRUTH,sequence=99787,truth_tick_us=200004584,mechanical_angle_rad=4.879592896,valid=1,read_failures=0"
dengfoc,"SYNC_TRUTH,sequence=99788,truth_tick_us=200006588,mechanical_angle_rad=4.879592896,valid=1,read_failures=0"
dengfoc,"SYNC_TRUTH,sequence=99789,truth_tick_us=200008584,mechanical_angle_rad=4.881126881,valid=1,read_failures=0"
dengfoc,"SYNC_TRUTH,sequence=99790,truth_tick_us=200010588,mechanical_angle_rad=4.881126881,valid=1,read_failures=0"
dengfoc,"SYNC_TRUTH,sequence=99791,truth_tick_us=200012584,mechanical_angle_rad=4.879592896,valid=1,read_failures=0"
dengfoc,"SYNC_TRUTH,sequence=99792,truth_tick_us=200014588,mechanical_angle_rad=4.879592896,valid=1,read_failures=0"
dengfoc,"SYNC_TRUTH,sequence=99793,truth_tick_us=200016584,mechanical_angle_rad=4.879592896,valid=1,read_failures=0"
dengfoc,"SYNC_TRUTH,sequence=99794,truth_tick_us=200018588,mechanical_angle_rad=4.879592896,valid=1,read_failures=0"
dengfoc,"SYNC_TRUTH,sequence=99795,truth_tick_us=200020584,mechanical_angle_rad=4.879592896,valid=1,read_failures=0"
dengfoc,"SYNC_TRUTH,sequence=99796,truth_tick_us=200022588,mechanical_angle_rad=4.881126881,valid=1,read_failures=0"
dengfoc,"SYNC_TRUTH,sequence=99797,truth_tick_us=200024584,mechanical_angle_rad=4.879592896,valid=1,read_failures=0"
dengfoc,"SYNC_TRUTH,sequence=99798,truth_tick_us=200026588,mechanical_angle_rad=4.879592896,valid=1,read_failures=0"
dengfoc,"SYNC_TRUTH,sequence=99799,truth_tick_us=200028584,mechanical_angle_rad=4.879592896,valid=1,read_failures=0"
dengfoc,"SYNC_TRUTH,sequence=99800,truth_tick_us=200030588,mechanical_angle_rad=4.879592896,valid=1,read_failures=0"
dengfoc,"SYNC_TRUTH,sequence=99801,truth_tick_us=200032584,mechanical_angle_rad=4.881126881,valid=1,read_failures=0"
dengfoc,"SYNC_TRUTH,sequence=99802,truth_tick_us=200034588,mechanical_angle_rad=4.879592896,valid=1,read_failures=0"
dengfoc,"SYNC_TRUTH,sequence=99803,truth_tick_us=200036584,mechanical_angle_rad=4.879592896,valid=1,read_failures=0"
dengfoc,"SYNC_TRUTH,sequence=99804,truth_tick_us=200038588,mechanical_angle_rad=4.879592896,valid=1,read_failures=0"
dengfoc,"SYNC_TRUTH,sequence=99805,truth_tick_us=200040584,mechanical_angle_rad=4.879592896,valid=1,read_failures=0"
dengfoc,"SYNC_TRUTH,sequence=99806,truth_tick_us=200042588,mechanical_angle_rad=4.879592896,valid=1,read_failures=0"
dengfoc,"SYNC_TRUTH,sequence=99807,truth_tick_us=200044584,mechanical_angle_rad=4.879592896,valid=1,read_failures=0"
dengfoc,"SYNC_TRUTH,sequence=99808,truth_tick_us=200046588,mechanical_angle_rad=4.879592896,valid=1,read_failures=0"
dengfoc,"SYNC_TRUTH,sequence=99809,truth_tick_us=200048584,mechanical_angle_rad=4.879592896,valid=1,read_failures=0"
dengfoc,"SYNC_TRUTH,sequence=99810,truth_tick_us=200050588,mechanical_angle_rad=4.879592896,valid=1,read_failures=0"
dengfoc,"SYNC_TRUTH,sequence=99811,truth_tick_us=200052584,mechanical_angle_rad=4.879592896,valid=1,read_failures=0"
dengfoc,"SYNC_TRUTH,sequence=99812,truth_tick_us=200054588,mechanical_angle_rad=4.881126881,valid=1,read_failures=0"
dengfoc,"SYNC_TRUTH,sequence=99813,truth_tick_us=200056584,mechanical_angle_rad=4.879592896,valid=1,read_failures=0"
dengfoc,"SYNC_TRUTH,sequence=99814,truth_tick_us=200058588,mechanical_angle_rad=4.881126881,valid=1,read_failures=0"
dengfoc,"SYNC_TRUTH,sequence=99815,truth_tick_us=200060584,mechanical_angle_rad=4.879592896,valid=1,read_failures=0"
dengfoc,"SYNC_TRUTH,sequence=99816,truth_tick_us=200062588,mechanical_angle_rad=4.879592896,valid=1,read_failures=0"
dengfoc,"SYNC_TRUTH,sequence=99817,truth_tick_us=200064584,mechanical_angle_rad=4.881126881,valid=1,read_failures=0"
dengfoc,"SYNC_TRUTH,sequence=99818,truth_tick_us=200066588,mechanical_angle_rad=4.879592896,valid=1,read_failures=0"
dengfoc,"SYNC_TRUTH,sequence=99819,truth_tick_us=200068584,mechanical_angle_rad=4.879592896,valid=1,read_failures=0"
dengfoc,"SYNC_TRUTH,sequence=99820,truth_tick_us=200070588,mechanical_angle_rad=4.879592896,valid=1,read_failures=0"
dengfoc,"SYNC_TRUTH,sequence=99821,truth_tick_us=200072584,mechanical_angle_rad=4.879592896,valid=1,read_failures=0"
dengfoc,"SYNC_TRUTH,sequence=99822,truth_tick_us=200074588,mechanical_angle_rad=4.879592896,valid=1,read_failures=0"
dengfoc,"SYNC_TRUTH,sequence=99823,truth_tick_us=200076584,mechanical_angle_rad=4.879592896,valid=1,read_failures=0"
dengfoc,"SYNC_TRUTH,sequence=99824,truth_tick_us=200078588,mechanical_angle_rad=4.879592896,valid=1,read_failures=0"
dengfoc,"SYNC_TRUTH,sequence=99825,truth_tick_us=200080584,mechanical_angle_rad=4.881126881,valid=1,read_failures=0"
dengfoc,"SYNC_TRUTH,sequence=99826,truth_tick_us=200082588,mechanical_angle_rad=4.879592896,valid=1,read_failures=0"
dengfoc,"SYNC_TRUTH,sequence=99827,truth_tick_us=200084584,mechanical_angle_rad=4.879592896,valid=1,read_failures=0"
dengfoc,"SYNC_TRUTH,sequence=99828,truth_tick_us=200086588,mechanical_angle_rad=4.879592896,valid=1,read_failures=0"
dengfoc,"SYNC_TRUTH,sequence=99829,truth_tick_us=200088584,mechanical_angle_rad=4.881126881,valid=1,read_failures=0"
dengfoc,"SYNC_TRUTH,sequence=99830,truth_tick_us=200090588,mechanical_angle_rad=4.881126881,valid=1,read_failures=0"
dengfoc,"SYNC_TRUTH,sequence=99831,truth_tick_us=200092584,mechanical_angle_rad=4.879592896,valid=1,read_failures=0"
dengfoc,"SYNC_TRUTH,sequence=99832,truth_tick_us=200094588,mechanical_angle_rad=4.881126881,valid=1,read_failures=0"
dengfoc,"SYNC_TRUTH,sequence=99833,truth_tick_us=200096584,mechanical_angle_rad=4.879592896,valid=1,read_failures=0"
dengfoc,"SYNC_TRUTH,sequence=99834,truth_tick_us=200098588,mechanical_angle_rad=4.879592896,valid=1,read_failures=0"
dengfoc,"SYNC_TRUTH,sequence=99835,truth_tick_us=200100584,mechanical_angle_rad=4.879592896,valid=1,read_failures=0"
dengfoc,"SYNC_TRUTH,sequence=99836,truth_tick_us=200102588,mechanical_angle_rad=4.881126881,valid=1,read_failures=0"
dengfoc,"SYNC_TRUTH,sequence=99837,truth_tick_us=200104584,mechanical_angle_rad=4.879592896,valid=1,read_failures=0"
dengfoc,"SYNC_TRUTH,sequence=99838,truth_tick_us=200106588,mechanical_angle_rad=4.881126881,valid=1,read_failures=0"
dengfoc,"SYNC_TRUTH,sequence=99839,truth_tick_us=200108584,mechanical_angle_rad=4.881126881,valid=1,read_failures=0"
dengfoc,"SYNC_TRUTH,sequence=99840,truth_tick_us=200110588,mechanical_angle_rad=4.879592896,valid=1,read_failures=0"
dengfoc,"SYNC_TRUTH,sequence=99841,truth_tick_us=200112584,mechanical_angle_rad=4.879592896,valid=1,read_failures=0"
dengfoc,"SYNC_TRUTH,sequence=99842,truth_tick_us=200114588,mechanical_angle_rad=4.881126881,valid=1,read_failures=0"
dengfoc,"SYNC_TRUTH,sequence=99843,truth_tick_us=200116584,mechanical_angle_rad=4.879592896,valid=1,read_failures=0"
dengfoc,"SYNC_TRUTH,sequence=99844,truth_tick_us=200118588,mechanical_angle_rad=4.879592896,valid=1,read_failures=0"
dengfoc,"SYNC_TRUTH,sequence=99845,truth_tick_us=200120584,mechanical_angle_rad=4.879592896,valid=1,read_failures=0"
dengfoc,"SYNC_TRUTH,sequence=99846,truth_tick_us=200122588,mechanical_angle_rad=4.881126881,valid=1,read_failures=0"
dengfoc,"SYNC_TRUTH,sequence=99847,truth_tick_us=200124584,mechanical_angle_rad=4.879592896,valid=1,read_failures=0"
dengfoc,"SYNC_TRUTH,sequence=99848,truth_tick_us=200126588,mechanical_angle_rad=4.879592896,valid=1,read_failures=0"
dengfoc,"SYNC_TRUTH,sequence=99849,truth_tick_us=200128584,mechanical_angle_rad=4.881126881,valid=1,read_failures=0"
dengfoc,"SYNC_TRUTH,sequence=99850,truth_tick_us=200130588,mechanical_angle_rad=4.879592896,valid=1,read_failures=0"
dengfoc,"SYNC_TRUTH,sequence=99851,truth_tick_us=200132584,mechanical_angle_rad=4.881126881,valid=1,read_failures=0"
dengfoc,"SYNC_TRUTH,sequence=99852,truth_tick_us=200134588,mechanical_angle_rad=4.879592896,valid=1,read_failures=0"
dengfoc,"SYNC_TRUTH,sequence=99853,truth_tick_us=200136584,mechanical_angle_rad=4.881126881,valid=1,read_failures=0"
dengfoc,"SYNC_TRUTH,sequence=99854,truth_tick_us=200138588,mechanical_angle_rad=4.879592896,valid=1,read_failures=0"
dengfoc,"SYNC_TRUTH,sequence=99855,truth_tick_us=200140584,mechanical_angle_rad=4.879592896,valid=1,read_failures=0"
dengfoc,"SYNC_TRUTH,sequence=99856,truth_tick_us=200142588,mechanical_angle_rad=4.879592896,valid=1,read_failures=0"
dengfoc,"SYNC_TRUTH,sequence=99857,truth_tick_us=200144584,mechanical_angle_rad=4.881126881,valid=1,read_failures=0"
dengfoc,"SYNC_TRUTH,sequence=99858,truth_tick_us=200146588,mechanical_angle_rad=4.879592896,valid=1,read_failures=0"
dengfoc,"SYNC_TRUTH,sequence=99859,truth_tick_us=200148584,mechanical_angle_rad=4.881126881,valid=1,read_failures=0"
dengfoc,"SYNC_TRUTH,sequence=99860,truth_tick_us=200150588,mechanical_angle_rad=4.881126881,valid=1,read_failures=0"
dengfoc,"SYNC_TRUTH,sequence=99861,truth_tick_us=200152584,mechanical_angle_rad=4.879592896,valid=1,read_failures=0"
dengfoc,"SYNC_TRUTH,sequence=99862,truth_tick_us=200154588,mechanical_angle_rad=4.879592896,valid=1,read_failures=0"
dengfoc,"SYNC_TRUTH,sequence=99863,truth_tick_us=200156584,mechanical_angle_rad=4.879592896,valid=1,read_failures=0"
dengfoc,"SYNC_TRUTH,sequence=99864,truth_tick_us=200158588,mechanical_angle_rad=4.879592896,valid=1,read_failures=0"
dengfoc,"SYNC_TRUTH,sequence=99865,truth_tick_us=200160584,mechanical_angle_rad=4.881126881,valid=1,read_failures=0"
dengfoc,"SYNC_TRUTH,sequence=99866,truth_tick_us=200162588,mechanical_angle_rad=4.879592896,valid=1,read_failures=0"
dengfoc,"SYNC_TRUTH,sequence=99867,truth_tick_us=200164584,mechanical_angle_rad=4.879592896,valid=1,read_failures=0"
dengfoc,"SYNC_TRUTH,sequence=99868,truth_tick_us=200166588,mechanical_angle_rad=4.879592896,valid=1,read_failures=0"
dengfoc,"SYNC_TRUTH,sequence=99869,truth_tick_us=200168584,mechanical_angle_rad=4.879592896,valid=1,read_failures=0"
dengfoc,"SYNC_TRUTH,sequence=99870,truth_tick_us=200170588,mechanical_angle_rad=4.879592896,valid=1,read_failures=0"
dengfoc,"SYNC_TRUTH,sequence=99871,truth_tick_us=200172584,mechanical_angle_rad=4.879592896,valid=1,read_failures=0"
dengfoc,"SYNC_TRUTH,sequence=99872,truth_tick_us=200174588,mechanical_angle_rad=4.881126881,valid=1,read_failures=0"
dengfoc,"SYNC_TRUTH,sequence=99873,truth_tick_us=200176584,mechanical_angle_rad=4.879592896,valid=1,read_failures=0"
dengfoc,"SYNC_TRUTH,sequence=99874,truth_tick_us=200178588,mechanical_angle_rad=4.881126881,valid=1,read_failures=0"
dengfoc,"SYNC_TRUTH,sequence=99875,truth_tick_us=200180584,mechanical_angle_rad=4.881126881,valid=1,read_failures=0"
dengfoc,"SYNC_TRUTH,sequence=99876,truth_tick_us=200182588,mechanical_angle_rad=4.879592896,valid=1,read_failures=0"
dengfoc,"SYNC_TRUTH,sequence=99877,truth_tick_us=200184584,mechanical_angle_rad=4.879592896,valid=1,read_failures=0"
dengfoc,"SYNC_TRUTH,sequence=99878,truth_tick_us=200186588,mechanical_angle_rad=4.881126881,valid=1,read_failures=0"
dengfoc,"SYNC_TRUTH,sequence=99879,truth_tick_us=200188584,mechanical_angle_rad=4.879592896,valid=1,read_failures=0"
dengfoc,"SYNC_TRUTH,sequence=99880,truth_tick_us=200190588,mechanical_angle_rad=4.879592896,valid=1,read_failures=0"
dengfoc,"SYNC_TRUTH,sequence=99881,truth_tick_us=200192584,mechanical_angle_rad=4.879592896,valid=1,read_failures=0"
dengfoc,"SYNC_STATUS,frames=17,frame_fail=0,truth=99881,truth_fail=0,idle=0,capture_state=1,capture_failure=0,rejected=0,overflow=0,driver_disabled=1"
dengfoc,"SYNC_TRUTH,sequence=99882,truth_tick_us=200195592,mechanical_angle_rad=4.879592896,valid=1,read_failures=0"
dengfoc,"SYNC_TRUTH,sequence=99883,truth_tick_us=200197584,mechanical_angle_rad=4.879592896,valid=1,read_failures=0"
dengfoc,"SYNC_TRUTH,sequence=99884,truth_tick_us=200199588,mechanical_angle_rad=4.881126881,valid=1,read_failures=0"
dengfoc,"SYNC_TRUTH,sequence=99885,truth_tick_us=200201584,mechanical_angle_rad=4.879592896,valid=1,read_failures=0"
dengfoc,"SYNC_TRUTH,sequence=99886,truth_tick_us=200203588,mechanical_angle_rad=4.881126881,valid=1,read_failures=0"
dengfoc,"SYNC_TRUTH,sequence=99887,truth_tick_us=200205584,mechanical_angle_rad=4.879592896,valid=1,read_failures=0"
dengfoc,"SYNC_TRUTH,sequence=99888,truth_tick_us=200207588,mechanical_angle_rad=4.879592896,valid=1,read_failures=0"
dengfoc,"SYNC_TRUTH,sequence=99889,truth_tick_us=200209584,mechanical_angle_rad=4.881126881,valid=1,read_failures=0"
dengfoc,"SYNC_TRUTH,sequence=99890,truth_tick_us=200211588,mechanical_angle_rad=4.879592896,valid=1,read_failures=0"
dengfoc,"SYNC_TRUTH,sequence=99891,truth_tick_us=200213584,mechanical_angle_rad=4.879592896,valid=1,read_failures=0"
dengfoc,"SYNC_TRUTH,sequence=99892,truth_tick_us=200215588,mechanical_angle_rad=4.879592896,valid=1,read_failures=0"
dengfoc,"SYNC_TRUTH,sequence=99893,truth_tick_us=200217584,mechanical_angle_rad=4.879592896,valid=1,read_failures=0"
dengfoc,"SYNC_TRUTH,sequence=99894,truth_tick_us=200219588,mechanical_angle_rad=4.879592896,valid=1,read_failures=0"
dengfoc,"SYNC_TRUTH,sequence=99895,truth_tick_us=200221584,mechanical_angle_rad=4.879592896,valid=1,read_failures=0"
dengfoc,"SYNC_TRUTH,sequence=99896,truth_tick_us=200223588,mechanical_angle_rad=4.881126881,valid=1,read_failures=0"
dengfoc,"SYNC_TRUTH,sequence=99897,truth_tick_us=200225584,mechanical_angle_rad=4.879592896,valid=1,read_failures=0"
dengfoc,"SYNC_TRUTH,sequence=99898,truth_tick_us=200227588,mechanical_angle_rad=4.879592896,valid=1,read_failures=0"
dengfoc,"SYNC_TRUTH,sequence=99899,truth_tick_us=200229584,mechanical_angle_rad=4.879592896,valid=1,read_failures=0"
g431,foc_h3_sync_send 20261004 137 237
dengfoc,"SYNC_TRUTH,sequence=99900,truth_tick_us=200231588,mechanical_angle_rad=4.879592896,valid=1,read_failures=0"
dengfoc,"SYNC_TRUTH,sequence=99901,truth_tick_us=200233588,mechanical_angle_rad=4.879592896,valid=1,read_failures=0"
dengfoc,"SYNC_TRUTH,sequence=99902,truth_tick_us=200235588,mechanical_angle_rad=4.879592896,valid=1,read_failures=0"
g431,"FH3_SYNC_SEND,1,196608,2,60,59,0,59,0,0,4294967295,0,20261004,137,237,0,44,0,0,0"
dengfoc,"SYNC_TRUTH,sequence=99903,truth_tick_us=200237584,mechanical_angle_rad=4.879592896,valid=1,read_failures=0"
g431,msh >
dengfoc,"SYNC_TRUTH,sequence=99904,truth_tick_us=200239592,mechanical_angle_rad=4.879592896,valid=1,read_failures=0"
dengfoc,"SYNC_TRUTH,sequence=99905,truth_tick_us=200241584,mechanical_angle_rad=4.879592896,valid=1,read_failures=0"
dengfoc,"SYNC_ANCHOR_RX,session=20261004,edge_sequence=137,edge_tag=237,truth_tick_us=200232398,source=2,flags=0x00000003"
dengfoc,"SYNC_TRUTH,sequence=99906,truth_tick_us=200244592,mechanical_angle_rad=4.879592896,valid=1,read_failures=0"
dengfoc,"SYNC_TRUTH,sequence=99907,truth_tick_us=200246584,mechanical_angle_rad=4.879592896,valid=1,read_failures=0"
dengfoc,"SYNC_TRUTH,sequence=99908,truth_tick_us=200248588,mechanical_angle_rad=4.881126881,valid=1,read_failures=0"
dengfoc,"SYNC_TRUTH,sequence=99909,truth_tick_us=200250584,mechanical_angle_rad=4.879592896,valid=1,read_failures=0"
dengfoc,"SYNC_TRUTH,sequence=99910,truth_tick_us=200252588,mechanical_angle_rad=4.879592896,valid=1,read_failures=0"
dengfoc,"SYNC_TRUTH,sequence=99911,truth_tick_us=200254584,mechanical_angle_rad=4.879592896,valid=1,read_failures=0"
dengfoc,"SYNC_TRUTH,sequence=99912,truth_tick_us=200256588,mechanical_angle_rad=4.879592896,valid=1,read_failures=0"
dengfoc,"SYNC_TRUTH,sequence=99913,truth_tick_us=200258584,mechanical_angle_rad=4.879592896,valid=1,read_failures=0"
dengfoc,"SYNC_TRUTH,sequence=99914,truth_tick_us=200260588,mechanical_angle_rad=4.879592896,valid=1,read_failures=0"
dengfoc,"SYNC_TRUTH,sequence=99915,truth_tick_us=200262584,mechanical_angle_rad=4.879592896,valid=1,read_failures=0"
dengfoc,"SYNC_TRUTH,sequence=99916,truth_tick_us=200264588,mechanical_angle_rad=4.881126881,valid=1,read_failures=0"
dengfoc,"SYNC_TRUTH,sequence=99917,truth_tick_us=200266584,mechanical_angle_rad=4.879592896,valid=1,read_failures=0"
dengfoc,"SYNC_TRUTH,sequence=99918,truth_tick_us=200268588,mechanical_angle_rad=4.879592896,valid=1,read_failures=0"
dengfoc,"SYNC_TRUTH,sequence=99919,truth_tick_us=200270584,mechanical_angle_rad=4.881126881,valid=1,read_failures=0"
g431,msh >
dengfoc,"SYNC_TRUTH,sequence=99920,truth_tick_us=200272588,mechanical_angle_rad=4.881126881,valid=1,read_failures=0"
dengfoc,"SYNC_TRUTH,sequence=99921,truth_tick_us=200274584,mechanical_angle_rad=4.879592896,valid=1,read_failures=0"
dengfoc,"SYNC_TRUTH,sequence=99922,truth_tick_us=200276588,mechanical_angle_rad=4.879592896,valid=1,read_failures=0"
dengfoc,"SYNC_TRUTH,sequence=99923,truth_tick_us=200278584,mechanical_angle_rad=4.879592896,valid=1,read_failures=0"
dengfoc,"SYNC_TRUTH,sequence=99924,truth_tick_us=200280588,mechanical_angle_rad=4.881126881,valid=1,read_failures=0"
dengfoc,"SYNC_TRUTH,sequence=99925,truth_tick_us=200282584,mechanical_angle_rad=4.881126881,valid=1,read_failures=0"
dengfoc,"SYNC_TRUTH,sequence=99926,truth_tick_us=200284588,mechanical_angle_rad=4.879592896,valid=1,read_failures=0"
dengfoc,"SYNC_TRUTH,sequence=99927,truth_tick_us=200286584,mechanical_angle_rad=4.879592896,valid=1,read_failures=0"
dengfoc,"SYNC_TRUTH,sequence=99928,truth_tick_us=200288588,mechanical_angle_rad=4.879592896,valid=1,read_failures=0"
dengfoc,"SYNC_TRUTH,sequence=99929,truth_tick_us=200290584,mechanical_angle_rad=4.879592896,valid=1,read_failures=0"
dengfoc,"SYNC_TRUTH,sequence=99930,truth_tick_us=200292588,mechanical_angle_rad=4.879592896,valid=1,read_failures=0"
dengfoc,"SYNC_TRUTH,sequence=99931,truth_tick_us=200294584,mechanical_angle_rad=4.879592896,valid=1,read_failures=0"
dengfoc,"SYNC_TRUTH,sequence=99932,truth_tick_us=200296588,mechanical_angle_rad=4.879592896,valid=1,read_failures=0"
dengfoc,"SYNC_TRUTH,sequence=99933,truth_tick_us=200298584,mechanical_angle_rad=4.879592896,valid=1,read_failures=0"
dengfoc,"SYNC_TRUTH,sequence=99934,truth_tick_us=200300588,mechanical_angle_rad=4.879592896,valid=1,read_failures=0"
dengfoc,"SYNC_TRUTH,sequence=99935,truth_tick_us=200302584,mechanical_angle_rad=4.879592896,valid=1,read_failures=0"
dengfoc,"SYNC_TRUTH,sequence=99936,truth_tick_us=200304588,mechanical_angle_rad=4.879592896,valid=1,read_failures=0"
dengfoc,"SYNC_TRUTH,sequence=99937,truth_tick_us=200306584,mechanical_angle_rad=4.879592896,valid=1,read_failures=0"
dengfoc,"SYNC_TRUTH,sequence=99938,truth_tick_us=200308588,mechanical_angle_rad=4.879592896,valid=1,read_failures=0"
dengfoc,"SYNC_TRUTH,sequence=99939,truth_tick_us=200310584,mechanical_angle_rad=4.879592896,valid=1,read_failures=0"
dengfoc,"SYNC_TRUTH,sequence=99940,truth_tick_us=200312588,mechanical_angle_rad=4.879592896,valid=1,read_failures=0"
dengfoc,"SYNC_TRUTH,sequence=99941,truth_tick_us=200314584,mechanical_angle_rad=4.879592896,valid=1,read_failures=0"
dengfoc,"SYNC_TRUTH,sequence=99942,truth_tick_us=200316588,mechanical_angle_rad=4.879592896,valid=1,read_failures=0"
dengfoc,"SYNC_TRUTH,sequence=99943,truth_tick_us=200318584,mechanical_angle_rad=4.879592896,valid=1,read_failures=0"
dengfoc,"SYNC_TRUTH,sequence=99944,truth_tick_us=200320588,mechanical_angle_rad=4.879592896,valid=1,read_failures=0"
dengfoc,"SYNC_TRUTH,sequence=99945,truth_tick_us=200322584,mechanical_angle_rad=4.881126881,valid=1,read_failures=0"
dengfoc,"SYNC_TRUTH,sequence=99946,truth_tick_us=200324588,mechanical_angle_rad=4.879592896,valid=1,read_failures=0"
dengfoc,"SYNC_TRUTH,sequence=99947,truth_tick_us=200326584,mechanical_angle_rad=4.879592896,valid=1,read_failures=0"
dengfoc,"SYNC_TRUTH,sequence=99948,truth_tick_us=200328588,mechanical_angle_rad=4.879592896,valid=1,read_failures=0"
dengfoc,"SYNC_TRUTH,sequence=99949,truth_tick_us=200330584,mechanical_angle_rad=4.879592896,valid=1,read_failures=0"
dengfoc,"SYNC_TRUTH,sequence=99950,truth_tick_us=200332588,mechanical_angle_rad=4.881126881,valid=1,read_failures=0"
dengfoc,"SYNC_TRUTH,sequence=99951,truth_tick_us=200334584,mechanical_angle_rad=4.881126881,valid=1,read_failures=0"
dengfoc,"SYNC_TRUTH,sequence=99952,truth_tick_us=200336588,mechanical_angle_rad=4.881126881,valid=1,read_failures=0"
dengfoc,"SYNC_TRUTH,sequence=99953,truth_tick_us=200338584,mechanical_angle_rad=4.881126881,valid=1,read_failures=0"
dengfoc,"SYNC_TRUTH,sequence=99954,truth_tick_us=200340588,mechanical_angle_rad=4.879592896,valid=1,read_failures=0"
dengfoc,"SYNC_TRUTH,sequence=99955,truth_tick_us=200342584,mechanical_angle_rad=4.881126881,valid=1,read_failures=0"
dengfoc,"SYNC_TRUTH,sequence=99956,truth_tick_us=200344588,mechanical_angle_rad=4.879592896,valid=1,read_failures=0"
dengfoc,"SYNC_TRUTH,sequence=99957,truth_tick_us=200346584,mechanical_angle_rad=4.879592896,valid=1,read_failures=0"
dengfoc,"SYNC_TRUTH,sequence=99958,truth_tick_us=200348588,mechanical_angle_rad=4.879592896,valid=1,read_failures=0"
dengfoc,"SYNC_TRUTH,sequence=99959,truth_tick_us=200350584,mechanical_angle_rad=4.881126881,valid=1,read_failures=0"
dengfoc,"SYNC_TRUTH,sequence=99960,truth_tick_us=200352588,mechanical_angle_rad=4.879592896,valid=1,read_failures=0"
dengfoc,"SYNC_TRUTH,sequence=99961,truth_tick_us=200354584,mechanical_angle_rad=4.881126881,valid=1,read_failures=0"
dengfoc,"SYNC_TRUTH,sequence=99962,truth_tick_us=200356588,mechanical_angle_rad=4.879592896,valid=1,read_failures=0"
dengfoc,"SYNC_TRUTH,sequence=99963,truth_tick_us=200358584,mechanical_angle_rad=4.879592896,valid=1,read_failures=0"
dengfoc,"SYNC_TRUTH,sequence=99964,truth_tick_us=200360588,mechanical_angle_rad=4.881126881,valid=1,read_failures=0"
dengfoc,"SYNC_TRUTH,sequence=99965,truth_tick_us=200362584,mechanical_angle_rad=4.879592896,valid=1,read_failures=0"
dengfoc,"SYNC_TRUTH,sequence=99966,truth_tick_us=200364588,mechanical_angle_rad=4.881126881,valid=1,read_failures=0"
dengfoc,"SYNC_TRUTH,sequence=99967,truth_tick_us=200366584,mechanical_angle_rad=4.879592896,valid=1,read_failures=0"
dengfoc,"SYNC_TRUTH,sequence=99968,truth_tick_us=200368588,mechanical_angle_rad=4.881126881,valid=1,read_failures=0"
dengfoc,"SYNC_TRUTH,sequence=99969,truth_tick_us=200370584,mechanical_angle_rad=4.879592896,valid=1,read_failures=0"
dengfoc,"SYNC_TRUTH,sequence=99970,truth_tick_us=200372588,mechanical_angle_rad=4.879592896,valid=1,read_failures=0"
dengfoc,"SYNC_TRUTH,sequence=99971,truth_tick_us=200374584,mechanical_angle_rad=4.881126881,valid=1,read_failures=0"
dengfoc,"SYNC_TRUTH,sequence=99972,truth_tick_us=200376588,mechanical_angle_rad=4.879592896,valid=1,read_failures=0"
dengfoc,"SYNC_TRUTH,sequence=99973,truth_tick_us=200378584,mechanical_angle_rad=4.879592896,valid=1,read_failures=0"
dengfoc,"SYNC_TRUTH,sequence=99974,truth_tick_us=200380588,mechanical_angle_rad=4.879592896,valid=1,read_failures=0"
dengfoc,"SYNC_TRUTH,sequence=99975,truth_tick_us=200382584,mechanical_angle_rad=4.879592896,valid=1,read_failures=0"
dengfoc,"SYNC_TRUTH,sequence=99976,truth_tick_us=200384588,mechanical_angle_rad=4.879592896,valid=1,read_failures=0"
dengfoc,"SYNC_TRUTH,sequence=99977,truth_tick_us=200386584,mechanical_angle_rad=4.881126881,valid=1,read_failures=0"
dengfoc,"SYNC_TRUTH,sequence=99978,truth_tick_us=200388588,mechanical_angle_rad=4.879592896,valid=1,read_failures=0"
dengfoc,"SYNC_TRUTH,sequence=99979,truth_tick_us=200390584,mechanical_angle_rad=4.879592896,valid=1,read_failures=0"
dengfoc,"SYNC_TRUTH,sequence=99980,truth_tick_us=200392588,mechanical_angle_rad=4.879592896,valid=1,read_failures=0"
dengfoc,"SYNC_TRUTH,sequence=99981,truth_tick_us=200394584,mechanical_angle_rad=4.879592896,valid=1,read_failures=0"
dengfoc,"SYNC_TRUTH,sequence=99982,truth_tick_us=200396588,mechanical_angle_rad=4.879592896,valid=1,read_failures=0"
dengfoc,"SYNC_TRUTH,sequence=99983,truth_tick_us=200398584,mechanical_angle_rad=4.879592896,valid=1,read_failures=0"
dengfoc,"SYNC_TRUTH,sequence=99984,truth_tick_us=200400588,mechanical_angle_rad=4.879592896,valid=1,read_failures=0"
dengfoc,"SYNC_TRUTH,sequence=99985,truth_tick_us=200402584,mechanical_angle_rad=4.879592896,valid=1,read_failures=0"
dengfoc,"SYNC_TRUTH,sequence=99986,truth_tick_us=200404588,mechanical_angle_rad=4.879592896,valid=1,read_failures=0"
dengfoc,"SYNC_TRUTH,sequence=99987,truth_tick_us=200406584,mechanical_angle_rad=4.879592896,valid=1,read_failures=0"
dengfoc,"SYNC_TRUTH,sequence=99988,truth_tick_us=200408588,mechanical_angle_rad=4.879592896,valid=1,read_failures=0"
dengfoc,"SYNC_TRUTH,sequence=99989,truth_tick_us=200410584,mechanical_angle_rad=4.879592896,valid=1,read_failures=0"
dengfoc,"SYNC_TRUTH,sequence=99990,truth_tick_us=200412588,mechanical_angle_rad=4.881126881,valid=1,read_failures=0"
dengfoc,"SYNC_TRUTH,sequence=99991,truth_tick_us=200414584,mechanical_angle_rad=4.879592896,valid=1,read_failures=0"
dengfoc,"SYNC_TRUTH,sequence=99992,truth_tick_us=200416588,mechanical_angle_rad=4.879592896,valid=1,read_failures=0"
dengfoc,"SYNC_TRUTH,sequence=99993,truth_tick_us=200418584,mechanical_angle_rad=4.879592896,valid=1,read_failures=0"
dengfoc,"SYNC_TRUTH,sequence=99994,truth_tick_us=200420588,mechanical_angle_rad=4.879592896,valid=1,read_failures=0"
dengfoc,"SYNC_TRUTH,sequence=99995,truth_tick_us=200422584,mechanical_angle_rad=4.879592896,valid=1,read_failures=0"
dengfoc,"SYNC_TRUTH,sequence=99996,truth_tick_us=200424588,mechanical_angle_rad=4.879592896,valid=1,read_failures=0"
dengfoc,"SYNC_TRUTH,sequence=99997,truth_tick_us=200426584,mechanical_angle_rad=4.879592896,valid=1,read_failures=0"
dengfoc,"SYNC_TRUTH,sequence=99998,truth_tick_us=200428588,mechanical_angle_rad=4.879592896,valid=1,read_failures=0"
dengfoc,"SYNC_TRUTH,sequence=99999,truth_tick_us=200430584,mechanical_angle_rad=4.879592896,valid=1,read_failures=0"
dengfoc,"SYNC_TRUTH,sequence=100000,truth_tick_us=200432588,mechanical_angle_rad=4.879592896,valid=1,read_failures=0"
dengfoc,"SYNC_TRUTH,sequence=100001,truth_tick_us=200434584,mechanical_angle_rad=4.881126881,valid=1,read_failures=0"
dengfoc,"SYNC_TRUTH,sequence=100002,truth_tick_us=200436588,mechanical_angle_rad=4.881126881,valid=1,read_failures=0"
dengfoc,"SYNC_TRUTH,sequence=100003,truth_tick_us=200438584,mechanical_angle_rad=4.881126881,valid=1,read_failures=0"
dengfoc,"SYNC_TRUTH,sequence=100004,truth_tick_us=200440588,mechanical_angle_rad=4.881126881,valid=1,read_failures=0"
dengfoc,"SYNC_TRUTH,sequence=100005,truth_tick_us=200442584,mechanical_angle_rad=4.881126881,valid=1,read_failures=0"
dengfoc,"SYNC_TRUTH,sequence=100006,truth_tick_us=200444588,mechanical_angle_rad=4.879592896,valid=1,read_failures=0"
dengfoc,"SYNC_TRUTH,sequence=100007,truth_tick_us=200446584,mechanical_angle_rad=4.879592896,valid=1,read_failures=0"
dengfoc,"SYNC_TRUTH,sequence=100008,truth_tick_us=200448588,mechanical_angle_rad=4.879592896,valid=1,read_failures=0"
dengfoc,"SYNC_TRUTH,sequence=100009,truth_tick_us=200450584,mechanical_angle_rad=4.879592896,valid=1,read_failures=0"
dengfoc,"SYNC_TRUTH,sequence=100010,truth_tick_us=200452588,mechanical_angle_rad=4.879592896,valid=1,read_failures=0"
dengfoc,"SYNC_TRUTH,sequence=100011,truth_tick_us=200454584,mechanical_angle_rad=4.879592896,valid=1,read_failures=0"
dengfoc,"SYNC_TRUTH,sequence=100012,truth_tick_us=200456588,mechanical_angle_rad=4.879592896,valid=1,read_failures=0"
dengfoc,"SYNC_TRUTH,sequence=100013,truth_tick_us=200458584,mechanical_angle_rad=4.881126881,valid=1,read_failures=0"
dengfoc,"SYNC_TRUTH,sequence=100014,truth_tick_us=200460588,mechanical_angle_rad=4.881126881,valid=1,read_failures=0"
dengfoc,"SYNC_TRUTH,sequence=100015,truth_tick_us=200462584,mechanical_angle_rad=4.881126881,valid=1,read_failures=0"
dengfoc,"SYNC_TRUTH,sequence=100016,truth_tick_us=200464588,mechanical_angle_rad=4.879592896,valid=1,read_failures=0"
dengfoc,"SYNC_TRUTH,sequence=100017,truth_tick_us=200466584,mechanical_angle_rad=4.879592896,valid=1,read_failures=0"
dengfoc,"SYNC_TRUTH,sequence=100018,truth_tick_us=200468588,mechanical_angle_rad=4.879592896,valid=1,read_failures=0"
dengfoc,"SYNC_TRUTH,sequence=100019,truth_tick_us=200470584,mechanical_angle_rad=4.879592896,valid=1,read_failures=0"
dengfoc,"SYNC_TRUTH,sequence=100020,truth_tick_us=200472588,mechanical_angle_rad=4.879592896,valid=1,read_failures=0"
dengfoc,"SYNC_TRUTH,sequence=100021,truth_tick_us=200474584,mechanical_angle_rad=4.879592896,valid=1,read_failures=0"
dengfoc,"SYNC_TRUTH,sequence=100022,truth_tick_us=200476588,mechanical_angle_rad=4.879592896,valid=1,read_failures=0"
dengfoc,"SYNC_TRUTH,sequence=100023,truth_tick_us=200478584,mechanical_angle_rad=4.879592896,valid=1,read_failures=0"
dengfoc,"SYNC_TRUTH,sequence=100024,truth_tick_us=200480588,mechanical_angle_rad=4.881126881,valid=1,read_failures=0"
dengfoc,"SYNC_TRUTH,sequence=100025,truth_tick_us=200482584,mechanical_angle_rad=4.881126881,valid=1,read_failures=0"
dengfoc,"SYNC_TRUTH,sequence=100026,truth_tick_us=200484588,mechanical_angle_rad=4.879592896,valid=1,read_failures=0"
dengfoc,"SYNC_TRUTH,sequence=100027,truth_tick_us=200486584,mechanical_angle_rad=4.879592896,valid=1,read_failures=0"
dengfoc,"SYNC_TRUTH,sequence=100028,truth_tick_us=200488588,mechanical_angle_rad=4.879592896,valid=1,read_failures=0"
dengfoc,"SYNC_TRUTH,sequence=100029,truth_tick_us=200490584,mechanical_angle_rad=4.879592896,valid=1,read_failures=0"
dengfoc,"SYNC_TRUTH,sequence=100030,truth_tick_us=200492588,mechanical_angle_rad=4.879592896,valid=1,read_failures=0"
dengfoc,"SYNC_TRUTH,sequence=100031,truth_tick_us=200494584,mechanical_angle_rad=4.879592896,valid=1,read_failures=0"
dengfoc,"SYNC_TRUTH,sequence=100032,truth_tick_us=200496588,mechanical_angle_rad=4.879592896,valid=1,read_failures=0"
dengfoc,"SYNC_TRUTH,sequence=100033,truth_tick_us=200498584,mechanical_angle_rad=4.879592896,valid=1,read_failures=0"
dengfoc,"SYNC_TRUTH,sequence=100034,truth_tick_us=200500588,mechanical_angle_rad=4.879592896,valid=1,read_failures=0"
dengfoc,"SYNC_TRUTH,sequence=100035,truth_tick_us=200502584,mechanical_angle_rad=4.881126881,valid=1,read_failures=0"
dengfoc,"SYNC_TRUTH,sequence=100036,truth_tick_us=200504588,mechanical_angle_rad=4.879592896,valid=1,read_failures=0"
dengfoc,"SYNC_TRUTH,sequence=100037,truth_tick_us=200506584,mechanical_angle_rad=4.881126881,valid=1,read_failures=0"
dengfoc,"SYNC_TRUTH,sequence=100038,truth_tick_us=200508588,mechanical_angle_rad=4.881126881,valid=1,read_failures=0"
dengfoc,"SYNC_TRUTH,sequence=100039,truth_tick_us=200510584,mechanical_angle_rad=4.881126881,valid=1,read_failures=0"
dengfoc,"SYNC_TRUTH,sequence=100040,truth_tick_us=200512588,mechanical_angle_rad=4.879592896,valid=1,read_failures=0"
dengfoc,"SYNC_TRUTH,sequence=100041,truth_tick_us=200514584,mechanical_angle_rad=4.879592896,valid=1,read_failures=0"
dengfoc,"SYNC_TRUTH,sequence=100042,truth_tick_us=200516588,mechanical_angle_rad=4.879592896,valid=1,read_failures=0"
dengfoc,"SYNC_TRUTH,sequence=100043,truth_tick_us=200518584,mechanical_angle_rad=4.879592896,valid=1,read_failures=0"
dengfoc,"SYNC_TRUTH,sequence=100044,truth_tick_us=200520588,mechanical_angle_rad=4.879592896,valid=1,read_failures=0"
dengfoc,"SYNC_TRUTH,sequence=100045,truth_tick_us=200522584,mechanical_angle_rad=4.879592896,valid=1,read_failures=0"
dengfoc,"SYNC_TRUTH,sequence=100046,truth_tick_us=200524588,mechanical_angle_rad=4.881126881,valid=1,read_failures=0"
dengfoc,"SYNC_TRUTH,sequence=100047,truth_tick_us=200526584,mechanical_angle_rad=4.879592896,valid=1,read_failures=0"
dengfoc,"SYNC_TRUTH,sequence=100048,truth_tick_us=200528588,mechanical_angle_rad=4.881126881,valid=1,read_failures=0"
dengfoc,"SYNC_TRUTH,sequence=100049,truth_tick_us=200530584,mechanical_angle_rad=4.879592896,valid=1,read_failures=0"
dengfoc,"SYNC_TRUTH,sequence=100050,truth_tick_us=200532588,mechanical_angle_rad=4.881126881,valid=1,read_failures=0"
dengfoc,"SYNC_TRUTH,sequence=100051,truth_tick_us=200534584,mechanical_angle_rad=4.881126881,valid=1,read_failures=0"
dengfoc,"SYNC_TRUTH,sequence=100052,truth_tick_us=200536588,mechanical_angle_rad=4.881126881,valid=1,read_failures=0"
dengfoc,"SYNC_TRUTH,sequence=100053,truth_tick_us=200538584,mechanical_angle_rad=4.879592896,valid=1,read_failures=0"
dengfoc,"SYNC_TRUTH,sequence=100054,truth_tick_us=200540588,mechanical_angle_rad=4.879592896,valid=1,read_failures=0"
dengfoc,"SYNC_TRUTH,sequence=100055,truth_tick_us=200542584,mechanical_angle_rad=4.879592896,valid=1,read_failures=0"
dengfoc,"SYNC_TRUTH,sequence=100056,truth_tick_us=200544588,mechanical_angle_rad=4.879592896,valid=1,read_failures=0"
dengfoc,"SYNC_TRUTH,sequence=100057,truth_tick_us=200546584,mechanical_angle_rad=4.879592896,valid=1,read_failures=0"
dengfoc,"SYNC_TRUTH,sequence=100058,truth_tick_us=200548588,mechanical_angle_rad=4.879592896,valid=1,read_failures=0"
dengfoc,"SYNC_TRUTH,sequence=100059,truth_tick_us=200550584,mechanical_angle_rad=4.879592896,valid=1,read_failures=0"
dengfoc,"SYNC_TRUTH,sequence=100060,truth_tick_us=200552588,mechanical_angle_rad=4.879592896,valid=1,read_failures=0"
dengfoc,"SYNC_TRUTH,sequence=100061,truth_tick_us=200554584,mechanical_angle_rad=4.879592896,valid=1,read_failures=0"
dengfoc,"SYNC_TRUTH,sequence=100062,truth_tick_us=200556588,mechanical_angle_rad=4.879592896,valid=1,read_failures=0"
dengfoc,"SYNC_TRUTH,sequence=100063,truth_tick_us=200558584,mechanical_angle_rad=4.879592896,valid=1,read_failures=0"
dengfoc,"SYNC_TRUTH,sequence=100064,truth_tick_us=200560588,mechanical_angle_rad=4.879592896,valid=1,read_failures=0"
dengfoc,"SYNC_TRUTH,sequence=100065,truth_tick_us=200562584,mechanical_angle_rad=4.879592896,valid=1,read_failures=0"
dengfoc,"SYNC_TRUTH,sequence=100066,truth_tick_us=200564588,mechanical_angle_rad=4.879592896,valid=1,read_failures=0"
dengfoc,"SYNC_TRUTH,sequence=100067,truth_tick_us=200566584,mechanical_angle_rad=4.881126881,valid=1,read_failures=0"
dengfoc,"SYNC_TRUTH,sequence=100068,truth_tick_us=200568588,mechanical_angle_rad=4.879592896,valid=1,read_failures=0"
dengfoc,"SYNC_TRUTH,sequence=100069,truth_tick_us=200570584,mechanical_angle_rad=4.879592896,valid=1,read_failures=0"
dengfoc,"SYNC_TRUTH,sequence=100070,truth_tick_us=200572588,mechanical_angle_rad=4.881126881,valid=1,read_failures=0"
dengfoc,"SYNC_TRUTH,sequence=100071,truth_tick_us=200574584,mechanical_angle_rad=4.879592896,valid=1,read_failures=0"
dengfoc,"SYNC_TRUTH,sequence=100072,truth_tick_us=200576588,mechanical_angle_rad=4.881126881,valid=1,read_failures=0"
dengfoc,"SYNC_TRUTH,sequence=100073,truth_tick_us=200578584,mechanical_angle_rad=4.881126881,valid=1,read_failures=0"
dengfoc,"SYNC_TRUTH,sequence=100074,truth_tick_us=200580588,mechanical_angle_rad=4.879592896,valid=1,read_failures=0"
dengfoc,"SYNC_TRUTH,sequence=100075,truth_tick_us=200582584,mechanical_angle_rad=4.879592896,valid=1,read_failures=0"
dengfoc,"SYNC_TRUTH,sequence=100076,truth_tick_us=200584588,mechanical_angle_rad=4.881126881,valid=1,read_failures=0"
dengfoc,"SYNC_TRUTH,sequence=100077,truth_tick_us=200586584,mechanical_angle_rad=4.879592896,valid=1,read_failures=0"
dengfoc,"SYNC_TRUTH,sequence=100078,truth_tick_us=200588588,mechanical_angle_rad=4.879592896,valid=1,read_failures=0"
dengfoc,"SYNC_TRUTH,sequence=100079,truth_tick_us=200590584,mechanical_angle_rad=4.881126881,valid=1,read_failures=0"
dengfoc,"SYNC_TRUTH,sequence=100080,truth_tick_us=200592588,mechanical_angle_rad=4.879592896,valid=1,read_failures=0"
dengfoc,"SYNC_TRUTH,sequence=100081,truth_tick_us=200594584,mechanical_angle_rad=4.879592896,valid=1,read_failures=0"
dengfoc,"SYNC_TRUTH,sequence=100082,truth_tick_us=200596588,mechanical_angle_rad=4.879592896,valid=1,read_failures=0"
g431,foc_h3_sync_status
dengfoc,"SYNC_TRUTH,sequence=100083,truth_tick_us=200598584,mechanical_angle_rad=4.881126881,valid=1,read_failures=0"
dengfoc,"SYNC_TRUTH,sequence=100084,truth_tick_us=200600588,mechanical_angle_rad=4.879592896,valid=1,read_failures=0"
dengfoc,"SYNC_TRUTH,sequence=100085,truth_tick_us=200602584,mechanical_angle_rad=4.881126881,valid=1,read_failures=0"
dengfoc,"SYNC_TRUTH,sequence=100086,truth_tick_us=200604588,mechanical_angle_rad=4.881126881,valid=1,read_failures=0"
dengfoc,"SYNC_TRUTH,sequence=100087,truth_tick_us=200606584,mechanical_angle_rad=4.881126881,valid=1,read_failures=0"
g431,"FH3_SYNC_STATUS,1,196608,3,60,60,0,60,101,100919640,15772922,7,20261004,137,237,0,45,100,100919689,49"
g431,msh >
dengfoc,"SYNC_TRUTH,sequence=100088,truth_tick_us=200608588,mechanical_angle_rad=4.881126881,valid=1,read_failures=0"
dengfoc,"SYNC_TRUTH,sequence=100089,truth_tick_us=200610584,mechanical_angle_rad=4.881126881,valid=1,read_failures=0"
dengfoc,"SYNC_TRUTH,sequence=100090,truth_tick_us=200612588,mechanical_angle_rad=4.879592896,valid=1,read_failures=0"
dengfoc,"SYNC_TRUTH,sequence=100091,truth_tick_us=200614584,mechanical_angle_rad=4.879592896,valid=1,read_failures=0"
dengfoc,"SYNC_TRUTH,sequence=100092,truth_tick_us=200616588,mechanical_angle_rad=4.881126881,valid=1,read_failures=0"
dengfoc,"SYNC_TRUTH,sequence=100093,truth_tick_us=200618584,mechanical_angle_rad=4.881126881,valid=1,read_failures=0"
dengfoc,"SYNC_TRUTH,sequence=100094,truth_tick_us=200620588,mechanical_angle_rad=4.879592896,valid=1,read_failures=0"
dengfoc,"SYNC_TRUTH,sequence=100095,truth_tick_us=200622584,mechanical_angle_rad=4.881126881,valid=1,read_failures=0"
dengfoc,"SYNC_TRUTH,sequence=100096,truth_tick_us=200624588,mechanical_angle_rad=4.879592896,valid=1,read_failures=0"
dengfoc,"SYNC_TRUTH,sequence=100097,truth_tick_us=200626584,mechanical_angle_rad=4.881126881,valid=1,read_failures=0"
dengfoc,"SYNC_TRUTH,sequence=100098,truth_tick_us=200628588,mechanical_angle_rad=4.879592896,valid=1,read_failures=0"
dengfoc,"SYNC_TRUTH,sequence=100099,truth_tick_us=200630584,mechanical_angle_rad=4.879592896,valid=1,read_failures=0"
g431,msh >
dengfoc,"SYNC_TRUTH,sequence=100100,truth_tick_us=200632588,mechanical_angle_rad=4.879592896,valid=1,read_failures=0"
dengfoc,"SYNC_TRUTH,sequence=100101,truth_tick_us=200634584,mechanical_angle_rad=4.881126881,valid=1,read_failures=0"
dengfoc,"SYNC_TRUTH,sequence=100102,truth_tick_us=200636588,mechanical_angle_rad=4.879592896,valid=1,read_failures=0"
dengfoc,"SYNC_TRUTH,sequence=100103,truth_tick_us=200638584,mechanical_angle_rad=4.879592896,valid=1,read_failures=0"
dengfoc,"SYNC_TRUTH,sequence=100104,truth_tick_us=200640588,mechanical_angle_rad=4.879592896,valid=1,read_failures=0"
dengfoc,"SYNC_TRUTH,sequence=100105,truth_tick_us=200642584,mechanical_angle_rad=4.879592896,valid=1,read_failures=0"
dengfoc,"SYNC_TRUTH,sequence=100106,truth_tick_us=200644588,mechanical_angle_rad=4.881126881,valid=1,read_failures=0"
dengfoc,"SYNC_TRUTH,sequence=100107,truth_tick_us=200646584,mechanical_angle_rad=4.879592896,valid=1,read_failures=0"
dengfoc,"SYNC_TRUTH,sequence=100108,truth_tick_us=200648588,mechanical_angle_rad=4.879592896,valid=1,read_failures=0"
dengfoc,"SYNC_TRUTH,sequence=100109,truth_tick_us=200650584,mechanical_angle_rad=4.879592896,valid=1,read_failures=0"
dengfoc,"SYNC_TRUTH,sequence=100110,truth_tick_us=200652588,mechanical_angle_rad=4.879592896,valid=1,read_failures=0"
dengfoc,"SYNC_TRUTH,sequence=100111,truth_tick_us=200654584,mechanical_angle_rad=4.879592896,valid=1,read_failures=0"
dengfoc,"SYNC_TRUTH,sequence=100112,truth_tick_us=200656588,mechanical_angle_rad=4.879592896,valid=1,read_failures=0"
dengfoc,"SYNC_TRUTH,sequence=100113,truth_tick_us=200658584,mechanical_angle_rad=4.879592896,valid=1,read_failures=0"
dengfoc,"SYNC_TRUTH,sequence=100114,truth_tick_us=200660588,mechanical_angle_rad=4.879592896,valid=1,read_failures=0"
dengfoc,"SYNC_TRUTH,sequence=100115,truth_tick_us=200662584,mechanical_angle_rad=4.879592896,valid=1,read_failures=0"
dengfoc,"SYNC_TRUTH,sequence=100116,truth_tick_us=200664588,mechanical_angle_rad=4.879592896,valid=1,read_failures=0"
dengfoc,"SYNC_TRUTH,sequence=100117,truth_tick_us=200666584,mechanical_angle_rad=4.881126881,valid=1,read_failures=0"
dengfoc,"SYNC_TRUTH,sequence=100118,truth_tick_us=200668588,mechanical_angle_rad=4.879592896,valid=1,read_failures=0"
dengfoc,"SYNC_TRUTH,sequence=100119,truth_tick_us=200670584,mechanical_angle_rad=4.879592896,valid=1,read_failures=0"
dengfoc,"SYNC_TRUTH,sequence=100120,truth_tick_us=200672588,mechanical_angle_rad=4.879592896,valid=1,read_failures=0"
dengfoc,"SYNC_TRUTH,sequence=100121,truth_tick_us=200674584,mechanical_angle_rad=4.881126881,valid=1,read_failures=0"
dengfoc,"SYNC_TRUTH,sequence=100122,truth_tick_us=200676588,mechanical_angle_rad=4.879592896,valid=1,read_failures=0"
dengfoc,"SYNC_TRUTH,sequence=100123,truth_tick_us=200678584,mechanical_angle_rad=4.879592896,valid=1,read_failures=0"
dengfoc,"SYNC_TRUTH,sequence=100124,truth_tick_us=200680588,mechanical_angle_rad=4.881126881,valid=1,read_failures=0"
dengfoc,"SYNC_TRUTH,sequence=100125,truth_tick_us=200682584,mechanical_angle_rad=4.879592896,valid=1,read_failures=0"
dengfoc,"SYNC_TRUTH,sequence=100126,truth_tick_us=200684588,mechanical_angle_rad=4.879592896,valid=1,read_failures=0"
dengfoc,"SYNC_TRUTH,sequence=100127,truth_tick_us=200686584,mechanical_angle_rad=4.879592896,valid=1,read_failures=0"
dengfoc,"SYNC_TRUTH,sequence=100128,truth_tick_us=200688588,mechanical_angle_rad=4.879592896,valid=1,read_failures=0"
dengfoc,"SYNC_TRUTH,sequence=100129,truth_tick_us=200690584,mechanical_angle_rad=4.879592896,valid=1,read_failures=0"
dengfoc,"SYNC_TRUTH,sequence=100130,truth_tick_us=200692588,mechanical_angle_rad=4.879592896,valid=1,read_failures=0"
dengfoc,"SYNC_TRUTH,sequence=100131,truth_tick_us=200694584,mechanical_angle_rad=4.879592896,valid=1,read_failures=0"
dengfoc,"SYNC_TRUTH,sequence=100132,truth_tick_us=200696588,mechanical_angle_rad=4.881126881,valid=1,read_failures=0"
dengfoc,"SYNC_TRUTH,sequence=100133,truth_tick_us=200698584,mechanical_angle_rad=4.879592896,valid=1,read_failures=0"
dengfoc,"SYNC_TRUTH,sequence=100134,truth_tick_us=200700588,mechanical_angle_rad=4.881126881,valid=1,read_failures=0"
dengfoc,"SYNC_TRUTH,sequence=100135,truth_tick_us=200702584,mechanical_angle_rad=4.879592896,valid=1,read_failures=0"
dengfoc,"SYNC_TRUTH,sequence=100136,truth_tick_us=200704588,mechanical_angle_rad=4.881126881,valid=1,read_failures=0"
dengfoc,"SYNC_TRUTH,sequence=100137,truth_tick_us=200706584,mechanical_angle_rad=4.881126881,valid=1,read_failures=0"
dengfoc,"SYNC_TRUTH,sequence=100138,truth_tick_us=200708588,mechanical_angle_rad=4.881126881,valid=1,read_failures=0"
dengfoc,"SYNC_TRUTH,sequence=100139,truth_tick_us=200710584,mechanical_angle_rad=4.881126881,valid=1,read_failures=0"
dengfoc,"SYNC_TRUTH,sequence=100140,truth_tick_us=200712588,mechanical_angle_rad=4.881126881,valid=1,read_failures=0"
dengfoc,"SYNC_TRUTH,sequence=100141,truth_tick_us=200714584,mechanical_angle_rad=4.879592896,valid=1,read_failures=0"
dengfoc,"SYNC_TRUTH,sequence=100142,truth_tick_us=200716588,mechanical_angle_rad=4.879592896,valid=1,read_failures=0"
dengfoc,"SYNC_TRUTH,sequence=100143,truth_tick_us=200718584,mechanical_angle_rad=4.879592896,valid=1,read_failures=0"
dengfoc,"SYNC_TRUTH,sequence=100144,truth_tick_us=200720588,mechanical_angle_rad=4.879592896,valid=1,read_failures=0"
dengfoc,"SYNC_TRUTH,sequence=100145,truth_tick_us=200722584,mechanical_angle_rad=4.879592896,valid=1,read_failures=0"
dengfoc,"SYNC_TRUTH,sequence=100146,truth_tick_us=200724588,mechanical_angle_rad=4.881126881,valid=1,read_failures=0"
dengfoc,"SYNC_TRUTH,sequence=100147,truth_tick_us=200726584,mechanical_angle_rad=4.879592896,valid=1,read_failures=0"
dengfoc,"SYNC_TRUTH,sequence=100148,truth_tick_us=200728588,mechanical_angle_rad=4.879592896,valid=1,read_failures=0"
dengfoc,"SYNC_TRUTH,sequence=100149,truth_tick_us=200730584,mechanical_angle_rad=4.881126881,valid=1,read_failures=0"
dengfoc,"SYNC_TRUTH,sequence=100150,truth_tick_us=200732588,mechanical_angle_rad=4.879592896,valid=1,read_failures=0"
dengfoc,"SYNC_TRUTH,sequence=100151,truth_tick_us=200734584,mechanical_angle_rad=4.879592896,valid=1,read_failures=0"
dengfoc,"SYNC_TRUTH,sequence=100152,truth_tick_us=200736588,mechanical_angle_rad=4.879592896,valid=1,read_failures=0"
dengfoc,"SYNC_TRUTH,sequence=100153,truth_tick_us=200738584,mechanical_angle_rad=4.879592896,valid=1,read_failures=0"
dengfoc,"SYNC_TRUTH,sequence=100154,truth_tick_us=200740588,mechanical_angle_rad=4.879592896,valid=1,read_failures=0"
dengfoc,"SYNC_TRUTH,sequence=100155,truth_tick_us=200742584,mechanical_angle_rad=4.879592896,valid=1,read_failures=0"
dengfoc,"SYNC_TRUTH,sequence=100156,truth_tick_us=200744588,mechanical_angle_rad=4.881126881,valid=1,read_failures=0"
dengfoc,"SYNC_TRUTH,sequence=100157,truth_tick_us=200746584,mechanical_angle_rad=4.879592896,valid=1,read_failures=0"
dengfoc,"SYNC_TRUTH,sequence=100158,truth_tick_us=200748588,mechanical_angle_rad=4.881126881,valid=1,read_failures=0"
dengfoc,"SYNC_TRUTH,sequence=100159,truth_tick_us=200750584,mechanical_angle_rad=4.879592896,valid=1,read_failures=0"
dengfoc,"SYNC_TRUTH,sequence=100160,truth_tick_us=200752588,mechanical_angle_rad=4.879592896,valid=1,read_failures=0"
dengfoc,"SYNC_TRUTH,sequence=100161,truth_tick_us=200754584,mechanical_angle_rad=4.881126881,valid=1,read_failures=0"
dengfoc,"SYNC_TRUTH,sequence=100162,truth_tick_us=200756588,mechanical_angle_rad=4.879592896,valid=1,read_failures=0"
dengfoc,"SYNC_TRUTH,sequence=100163,truth_tick_us=200758584,mechanical_angle_rad=4.881126881,valid=1,read_failures=0"
dengfoc,"SYNC_TRUTH,sequence=100164,truth_tick_us=200760588,mechanical_angle_rad=4.879592896,valid=1,read_failures=0"
dengfoc,"SYNC_TRUTH,sequence=100165,truth_tick_us=200762584,mechanical_angle_rad=4.879592896,valid=1,read_failures=0"
dengfoc,"SYNC_TRUTH,sequence=100166,truth_tick_us=200764588,mechanical_angle_rad=4.879592896,valid=1,read_failures=0"
dengfoc,"SYNC_TRUTH,sequence=100167,truth_tick_us=200766584,mechanical_angle_rad=4.881126881,valid=1,read_failures=0"
dengfoc,"SYNC_TRUTH,sequence=100168,truth_tick_us=200768588,mechanical_angle_rad=4.881126881,valid=1,read_failures=0"
dengfoc,"SYNC_TRUTH,sequence=100169,truth_tick_us=200770584,mechanical_angle_rad=4.879592896,valid=1,read_failures=0"
dengfoc,"SYNC_TRUTH,sequence=100170,truth_tick_us=200772588,mechanical_angle_rad=4.879592896,valid=1,read_failures=0"
dengfoc,"SYNC_TRUTH,sequence=100171,truth_tick_us=200774584,mechanical_angle_rad=4.879592896,valid=1,read_failures=0"
dengfoc,"SYNC_TRUTH,sequence=100172,truth_tick_us=200776588,mechanical_angle_rad=4.881126881,valid=1,read_failures=0"
dengfoc,"SYNC_TRUTH,sequence=100173,truth_tick_us=200778584,mechanical_angle_rad=4.879592896,valid=1,read_failures=0"
dengfoc,"SYNC_TRUTH,sequence=100174,truth_tick_us=200780588,mechanical_angle_rad=4.879592896,valid=1,read_failures=0"
dengfoc,"SYNC_TRUTH,sequence=100175,truth_tick_us=200782584,mechanical_angle_rad=4.879592896,valid=1,read_failures=0"
dengfoc,"SYNC_TRUTH,sequence=100176,truth_tick_us=200784588,mechanical_angle_rad=4.879592896,valid=1,read_failures=0"
dengfoc,"SYNC_TRUTH,sequence=100177,truth_tick_us=200786584,mechanical_angle_rad=4.881126881,valid=1,read_failures=0"
dengfoc,"SYNC_TRUTH,sequence=100178,truth_tick_us=200788588,mechanical_angle_rad=4.879592896,valid=1,read_failures=0"
dengfoc,"SYNC_TRUTH,sequence=100179,truth_tick_us=200790584,mechanical_angle_rad=4.881126881,valid=1,read_failures=0"
dengfoc,"SYNC_TRUTH,sequence=100180,truth_tick_us=200792588,mechanical_angle_rad=4.879592896,valid=1,read_failures=0"
dengfoc,"SYNC_TRUTH,sequence=100181,truth_tick_us=200794584,mechanical_angle_rad=4.879592896,valid=1,read_failures=0"
dengfoc,"SYNC_TRUTH,sequence=100182,truth_tick_us=200796588,mechanical_angle_rad=4.879592896,valid=1,read_failures=0"
dengfoc,"SYNC_TRUTH,sequence=100183,truth_tick_us=200798584,mechanical_angle_rad=4.879592896,valid=1,read_failures=0"
dengfoc,"SYNC_TRUTH,sequence=100184,truth_tick_us=200800588,mechanical_angle_rad=4.879592896,valid=1,read_failures=0"
dengfoc,"SYNC_TRUTH,sequence=100185,truth_tick_us=200802584,mechanical_angle_rad=4.879592896,valid=1,read_failures=0"
dengfoc,"SYNC_TRUTH,sequence=100186,truth_tick_us=200804588,mechanical_angle_rad=4.879592896,valid=1,read_failures=0"
dengfoc,"SYNC_TRUTH,sequence=100187,truth_tick_us=200806584,mechanical_angle_rad=4.879592896,valid=1,read_failures=0"
dengfoc,"SYNC_TRUTH,sequence=100188,truth_tick_us=200808588,mechanical_angle_rad=4.879592896,valid=1,read_failures=0"
dengfoc,"SYNC_TRUTH,sequence=100189,truth_tick_us=200810584,mechanical_angle_rad=4.879592896,valid=1,read_failures=0"
dengfoc,"SYNC_TRUTH,sequence=100190,truth_tick_us=200812588,mechanical_angle_rad=4.879592896,valid=1,read_failures=0"
dengfoc,"SYNC_TRUTH,sequence=100191,truth_tick_us=200814584,mechanical_angle_rad=4.881126881,valid=1,read_failures=0"
dengfoc,"SYNC_TRUTH,sequence=100192,truth_tick_us=200816588,mechanical_angle_rad=4.879592896,valid=1,read_failures=0"
dengfoc,"SYNC_TRUTH,sequence=100193,truth_tick_us=200818584,mechanical_angle_rad=4.879592896,valid=1,read_failures=0"
dengfoc,"SYNC_TRUTH,sequence=100194,truth_tick_us=200820588,mechanical_angle_rad=4.879592896,valid=1,read_failures=0"
dengfoc,"SYNC_TRUTH,sequence=100195,truth_tick_us=200822584,mechanical_angle_rad=4.879592896,valid=1,read_failures=0"
dengfoc,"SYNC_TRUTH,sequence=100196,truth_tick_us=200824588,mechanical_angle_rad=4.879592896,valid=1,read_failures=0"
dengfoc,"SYNC_TRUTH,sequence=100197,truth_tick_us=200826584,mechanical_angle_rad=4.879592896,valid=1,read_failures=0"
dengfoc,"SYNC_TRUTH,sequence=100198,truth_tick_us=200828588,mechanical_angle_rad=4.881126881,valid=1,read_failures=0"
dengfoc,"SYNC_TRUTH,sequence=100199,truth_tick_us=200830584,mechanical_angle_rad=4.879592896,valid=1,read_failures=0"
dengfoc,"SYNC_TRUTH,sequence=100200,truth_tick_us=200832588,mechanical_angle_rad=4.879592896,valid=1,read_failures=0"
dengfoc,"SYNC_TRUTH,sequence=100201,truth_tick_us=200834584,mechanical_angle_rad=4.879592896,valid=1,read_failures=0"
dengfoc,"SYNC_TRUTH,sequence=100202,truth_tick_us=200836588,mechanical_angle_rad=4.879592896,valid=1,read_failures=0"
dengfoc,"SYNC_TRUTH,sequence=100203,truth_tick_us=200838584,mechanical_angle_rad=4.879592896,valid=1,read_failures=0"
dengfoc,"SYNC_TRUTH,sequence=100204,truth_tick_us=200840588,mechanical_angle_rad=4.879592896,valid=1,read_failures=0"
dengfoc,"SYNC_TRUTH,sequence=100205,truth_tick_us=200842584,mechanical_angle_rad=4.881126881,valid=1,read_failures=0"
dengfoc,"SYNC_TRUTH,sequence=100206,truth_tick_us=200844588,mechanical_angle_rad=4.879592896,valid=1,read_failures=0"
dengfoc,"SYNC_TRUTH,sequence=100207,truth_tick_us=200846584,mechanical_angle_rad=4.879592896,valid=1,read_failures=0"
dengfoc,"SYNC_TRUTH,sequence=100208,truth_tick_us=200848588,mechanical_angle_rad=4.879592896,valid=1,read_failures=0"
dengfoc,"SYNC_TRUTH,sequence=100209,truth_tick_us=200850584,mechanical_angle_rad=4.879592896,valid=1,read_failures=0"
dengfoc,"SYNC_TRUTH,sequence=100210,truth_tick_us=200852588,mechanical_angle_rad=4.881126881,valid=1,read_failures=0"
dengfoc,"SYNC_TRUTH,sequence=100211,truth_tick_us=200854584,mechanical_angle_rad=4.879592896,valid=1,read_failures=0"
dengfoc,"SYNC_TRUTH,sequence=100212,truth_tick_us=200856588,mechanical_angle_rad=4.879592896,valid=1,read_failures=0"
dengfoc,"SYNC_TRUTH,sequence=100213,truth_tick_us=200858584,mechanical_angle_rad=4.879592896,valid=1,read_failures=0"
dengfoc,"SYNC_TRUTH,sequence=100214,truth_tick_us=200860588,mechanical_angle_rad=4.879592896,valid=1,read_failures=0"
dengfoc,"SYNC_TRUTH,sequence=100215,truth_tick_us=200862584,mechanical_angle_rad=4.879592896,valid=1,read_failures=0"
dengfoc,"SYNC_TRUTH,sequence=100216,truth_tick_us=200864588,mechanical_angle_rad=4.879592896,valid=1,read_failures=0"
dengfoc,"SYNC_TRUTH,sequence=100217,truth_tick_us=200866584,mechanical_angle_rad=4.881126881,valid=1,read_failures=0"
dengfoc,"SYNC_TRUTH,sequence=100218,truth_tick_us=200868588,mechanical_angle_rad=4.879592896,valid=1,read_failures=0"
dengfoc,"SYNC_TRUTH,sequence=100219,truth_tick_us=200870584,mechanical_angle_rad=4.879592896,valid=1,read_failures=0"
dengfoc,"SYNC_TRUTH,sequence=100220,truth_tick_us=200872588,mechanical_angle_rad=4.879592896,valid=1,read_failures=0"
dengfoc,"SYNC_TRUTH,sequence=100221,truth_tick_us=200874584,mechanical_angle_rad=4.881126881,valid=1,read_failures=0"
dengfoc,"SYNC_TRUTH,sequence=100222,truth_tick_us=200876588,mechanical_angle_rad=4.879592896,valid=1,read_failures=0"
dengfoc,"SYNC_TRUTH,sequence=100223,truth_tick_us=200878584,mechanical_angle_rad=4.879592896,valid=1,read_failures=0"
dengfoc,"SYNC_TRUTH,sequence=100224,truth_tick_us=200880588,mechanical_angle_rad=4.881126881,valid=1,read_failures=0"
dengfoc,"SYNC_TRUTH,sequence=100225,truth_tick_us=200882584,mechanical_angle_rad=4.881126881,valid=1,read_failures=0"
dengfoc,"SYNC_TRUTH,sequence=100226,truth_tick_us=200884588,mechanical_angle_rad=4.879592896,valid=1,read_failures=0"
dengfoc,"SYNC_TRUTH,sequence=100227,truth_tick_us=200886584,mechanical_angle_rad=4.879592896,valid=1,read_failures=0"
dengfoc,"SYNC_TRUTH,sequence=100228,truth_tick_us=200888588,mechanical_angle_rad=4.881126881,valid=1,read_failures=0"
dengfoc,"SYNC_TRUTH,sequence=100229,truth_tick_us=200890584,mechanical_angle_rad=4.879592896,valid=1,read_failures=0"
dengfoc,"SYNC_TRUTH,sequence=100230,truth_tick_us=200892588,mechanical_angle_rad=4.881126881,valid=1,read_failures=0"
dengfoc,"SYNC_TRUTH,sequence=100231,truth_tick_us=200894584,mechanical_angle_rad=4.879592896,valid=1,read_failures=0"
dengfoc,"SYNC_TRUTH,sequence=100232,truth_tick_us=200896588,mechanical_angle_rad=4.879592896,valid=1,read_failures=0"
dengfoc,"SYNC_TRUTH,sequence=100233,truth_tick_us=200898584,mechanical_angle_rad=4.879592896,valid=1,read_failures=0"
dengfoc,"SYNC_TRUTH,sequence=100234,truth_tick_us=200900588,mechanical_angle_rad=4.879592896,valid=1,read_failures=0"
dengfoc,"SYNC_TRUTH,sequence=100235,truth_tick_us=200902584,mechanical_angle_rad=4.879592896,valid=1,read_failures=0"
dengfoc,"SYNC_TRUTH,sequence=100236,truth_tick_us=200904588,mechanical_angle_rad=4.879592896,valid=1,read_failures=0"
dengfoc,"SYNC_TRUTH,sequence=100237,truth_tick_us=200906584,mechanical_angle_rad=4.879592896,valid=1,read_failures=0"
dengfoc,"SYNC_TRUTH,sequence=100238,truth_tick_us=200908588,mechanical_angle_rad=4.879592896,valid=1,read_failures=0"
dengfoc,"SYNC_TRUTH,sequence=100239,truth_tick_us=200910584,mechanical_angle_rad=4.881126881,valid=1,read_failures=0"
dengfoc,"SYNC_TRUTH,sequence=100240,truth_tick_us=200912588,mechanical_angle_rad=4.881126881,valid=1,read_failures=0"
dengfoc,"SYNC_TRUTH,sequence=100241,truth_tick_us=200914584,mechanical_angle_rad=4.879592896,valid=1,read_failures=0"
dengfoc,"SYNC_TRUTH,sequence=100242,truth_tick_us=200916588,mechanical_angle_rad=4.879592896,valid=1,read_failures=0"
g431,foc_h3_sync_send 20261004 138 238
dengfoc,"SYNC_TRUTH,sequence=100243,truth_tick_us=200918584,mechanical_angle_rad=4.879592896,valid=1,read_failures=0"
dengfoc,"SYNC_TRUTH,sequence=100244,truth_tick_us=200920588,mechanical_angle_rad=4.881126881,valid=1,read_failures=0"
dengfoc,"SYNC_TRUTH,sequence=100245,truth_tick_us=200922584,mechanical_angle_rad=4.879592896,valid=1,read_failures=0"
g431,"FH3_SYNC_SEND,1,196608,2,61,60,0,60,0,0,4294967295,0,20261004,138,238,0,45,0,0,0"
dengfoc,"SYNC_TRUTH,sequence=100246,truth_tick_us=200924592,mechanical_angle_rad=4.881126881,valid=1,read_failures=0"
g431,msh >
dengfoc,"SYNC_TRUTH,sequence=100247,truth_tick_us=200926584,mechanical_angle_rad=4.881126881,valid=1,read_failures=0"
dengfoc,"SYNC_TRUTH,sequence=100248,truth_tick_us=200928588,mechanical_angle_rad=4.879592896,valid=1,read_failures=0"
dengfoc,"SYNC_ANCHOR_RX,session=20261004,edge_sequence=138,edge_tag=238,truth_tick_us=200919884,source=2,flags=0x00000003"
dengfoc,"SYNC_TRUTH,sequence=100249,truth_tick_us=200931592,mechanical_angle_rad=4.879592896,valid=1,read_failures=0"
dengfoc,"SYNC_TRUTH,sequence=100250,truth_tick_us=200933588,mechanical_angle_rad=4.879592896,valid=1,read_failures=0"
dengfoc,"SYNC_TRUTH,sequence=100251,truth_tick_us=200935584,mechanical_angle_rad=4.881126881,valid=1,read_failures=0"
dengfoc,"SYNC_TRUTH,sequence=100252,truth_tick_us=200937588,mechanical_angle_rad=4.879592896,valid=1,read_failures=0"
dengfoc,"SYNC_TRUTH,sequence=100253,truth_tick_us=200939584,mechanical_angle_rad=4.881126881,valid=1,read_failures=0"
dengfoc,"SYNC_TRUTH,sequence=100254,truth_tick_us=200941588,mechanical_angle_rad=4.879592896,valid=1,read_failures=0"
dengfoc,"SYNC_TRUTH,sequence=100255,truth_tick_us=200943584,mechanical_angle_rad=4.879592896,valid=1,read_failures=0"
dengfoc,"SYNC_TRUTH,sequence=100256,truth_tick_us=200945588,mechanical_angle_rad=4.881126881,valid=1,read_failures=0"
dengfoc,"SYNC_TRUTH,sequence=100257,truth_tick_us=200947584,mechanical_angle_rad=4.881126881,valid=1,read_failures=0"
dengfoc,"SYNC_TRUTH,sequence=100258,truth_tick_us=200949588,mechanical_angle_rad=4.879592896,valid=1,read_failures=0"
dengfoc,"SYNC_TRUTH,sequence=100259,truth_tick_us=200951584,mechanical_angle_rad=4.879592896,valid=1,read_failures=0"
dengfoc,"SYNC_TRUTH,sequence=100260,truth_tick_us=200953588,mechanical_angle_rad=4.879592896,valid=1,read_failures=0"
dengfoc,"SYNC_TRUTH,sequence=100261,truth_tick_us=200955584,mechanical_angle_rad=4.879592896,valid=1,read_failures=0"
dengfoc,"SYNC_TRUTH,sequence=100262,truth_tick_us=200957588,mechanical_angle_rad=4.879592896,valid=1,read_failures=0"
g431,msh >
dengfoc,"SYNC_TRUTH,sequence=100263,truth_tick_us=200959584,mechanical_angle_rad=4.879592896,valid=1,read_failures=0"
dengfoc,"SYNC_TRUTH,sequence=100264,truth_tick_us=200961588,mechanical_angle_rad=4.881126881,valid=1,read_failures=0"
dengfoc,"SYNC_TRUTH,sequence=100265,truth_tick_us=200963584,mechanical_angle_rad=4.879592896,valid=1,read_failures=0"
dengfoc,"SYNC_TRUTH,sequence=100266,truth_tick_us=200965588,mechanical_angle_rad=4.881126881,valid=1,read_failures=0"
dengfoc,"SYNC_TRUTH,sequence=100267,truth_tick_us=200967584,mechanical_angle_rad=4.879592896,valid=1,read_failures=0"
dengfoc,"SYNC_TRUTH,sequence=100268,truth_tick_us=200969588,mechanical_angle_rad=4.881126881,valid=1,read_failures=0"
dengfoc,"SYNC_TRUTH,sequence=100269,truth_tick_us=200971584,mechanical_angle_rad=4.879592896,valid=1,read_failures=0"
dengfoc,"SYNC_TRUTH,sequence=100270,truth_tick_us=200973588,mechanical_angle_rad=4.881126881,valid=1,read_failures=0"
dengfoc,"SYNC_TRUTH,sequence=100271,truth_tick_us=200975584,mechanical_angle_rad=4.881126881,valid=1,read_failures=0"
dengfoc,"SYNC_TRUTH,sequence=100272,truth_tick_us=200977588,mechanical_angle_rad=4.879592896,valid=1,read_failures=0"
dengfoc,"SYNC_TRUTH,sequence=100273,truth_tick_us=200979584,mechanical_angle_rad=4.879592896,valid=1,read_failures=0"
dengfoc,"SYNC_TRUTH,sequence=100274,truth_tick_us=200981588,mechanical_angle_rad=4.879592896,valid=1,read_failures=0"
dengfoc,"SYNC_TRUTH,sequence=100275,truth_tick_us=200983584,mechanical_angle_rad=4.879592896,valid=1,read_failures=0"
dengfoc,"SYNC_TRUTH,sequence=100276,truth_tick_us=200985588,mechanical_angle_rad=4.879592896,valid=1,read_failures=0"
dengfoc,"SYNC_TRUTH,sequence=100277,truth_tick_us=200987584,mechanical_angle_rad=4.879592896,valid=1,read_failures=0"
dengfoc,"SYNC_TRUTH,sequence=100278,truth_tick_us=200989588,mechanical_angle_rad=4.879592896,valid=1,read_failures=0"
dengfoc,"SYNC_TRUTH,sequence=100279,truth_tick_us=200991584,mechanical_angle_rad=4.879592896,valid=1,read_failures=0"
dengfoc,"SYNC_TRUTH,sequence=100280,truth_tick_us=200993588,mechanical_angle_rad=4.881126881,valid=1,read_failures=0"
dengfoc,"SYNC_TRUTH,sequence=100281,truth_tick_us=200995584,mechanical_angle_rad=4.879592896,valid=1,read_failures=0"
dengfoc,"SYNC_TRUTH,sequence=100282,truth_tick_us=200997588,mechanical_angle_rad=4.879592896,valid=1,read_failures=0"
dengfoc,"SYNC_TRUTH,sequence=100283,truth_tick_us=200999584,mechanical_angle_rad=4.879592896,valid=1,read_failures=0"
dengfoc,"SYNC_TRUTH,sequence=100284,truth_tick_us=201001588,mechanical_angle_rad=4.879592896,valid=1,read_failures=0"
dengfoc,"SYNC_TRUTH,sequence=100285,truth_tick_us=201003584,mechanical_angle_rad=4.879592896,valid=1,read_failures=0"
dengfoc,"SYNC_TRUTH,sequence=100286,truth_tick_us=201005588,mechanical_angle_rad=4.879592896,valid=1,read_failures=0"
dengfoc,"SYNC_TRUTH,sequence=100287,truth_tick_us=201007584,mechanical_angle_rad=4.879592896,valid=1,read_failures=0"
dengfoc,"SYNC_TRUTH,sequence=100288,truth_tick_us=201009588,mechanical_angle_rad=4.879592896,valid=1,read_failures=0"
dengfoc,"SYNC_TRUTH,sequence=100289,truth_tick_us=201011584,mechanical_angle_rad=4.879592896,valid=1,read_failures=0"
dengfoc,"SYNC_TRUTH,sequence=100290,truth_tick_us=201013588,mechanical_angle_rad=4.879592896,valid=1,read_failures=0"
dengfoc,"SYNC_TRUTH,sequence=100291,truth_tick_us=201015584,mechanical_angle_rad=4.879592896,valid=1,read_failures=0"
dengfoc,"SYNC_TRUTH,sequence=100292,truth_tick_us=201017588,mechanical_angle_rad=4.879592896,valid=1,read_failures=0"
dengfoc,"SYNC_TRUTH,sequence=100293,truth_tick_us=201019584,mechanical_angle_rad=4.881126881,valid=1,read_failures=0"
dengfoc,"SYNC_TRUTH,sequence=100294,truth_tick_us=201021588,mechanical_angle_rad=4.881126881,valid=1,read_failures=0"
dengfoc,"SYNC_TRUTH,sequence=100295,truth_tick_us=201023584,mechanical_angle_rad=4.881126881,valid=1,read_failures=0"
dengfoc,"SYNC_TRUTH,sequence=100296,truth_tick_us=201025588,mechanical_angle_rad=4.879592896,valid=1,read_failures=0"
dengfoc,"SYNC_TRUTH,sequence=100297,truth_tick_us=201027584,mechanical_angle_rad=4.881126881,valid=1,read_failures=0"
dengfoc,"SYNC_TRUTH,sequence=100298,truth_tick_us=201029588,mechanical_angle_rad=4.881126881,valid=1,read_failures=0"
dengfoc,"SYNC_TRUTH,sequence=100299,truth_tick_us=201031584,mechanical_angle_rad=4.879592896,valid=1,read_failures=0"
dengfoc,"SYNC_TRUTH,sequence=100300,truth_tick_us=201033588,mechanical_angle_rad=4.881126881,valid=1,read_failures=0"
dengfoc,"SYNC_TRUTH,sequence=100301,truth_tick_us=201035584,mechanical_angle_rad=4.879592896,valid=1,read_failures=0"
dengfoc,"SYNC_TRUTH,sequence=100302,truth_tick_us=201037588,mechanical_angle_rad=4.879592896,valid=1,read_failures=0"
dengfoc,"SYNC_TRUTH,sequence=100303,truth_tick_us=201039584,mechanical_angle_rad=4.879592896,valid=1,read_failures=0"
dengfoc,"SYNC_TRUTH,sequence=100304,truth_tick_us=201041588,mechanical_angle_rad=4.879592896,valid=1,read_failures=0"
dengfoc,"SYNC_TRUTH,sequence=100305,truth_tick_us=201043584,mechanical_angle_rad=4.879592896,valid=1,read_failures=0"
dengfoc,"SYNC_TRUTH,sequence=100306,truth_tick_us=201045588,mechanical_angle_rad=4.881126881,valid=1,read_failures=0"
dengfoc,"SYNC_TRUTH,sequence=100307,truth_tick_us=201047584,mechanical_angle_rad=4.879592896,valid=1,read_failures=0"
dengfoc,"SYNC_TRUTH,sequence=100308,truth_tick_us=201049588,mechanical_angle_rad=4.879592896,valid=1,read_failures=0"
dengfoc,"SYNC_TRUTH,sequence=100309,truth_tick_us=201051584,mechanical_angle_rad=4.879592896,valid=1,read_failures=0"
dengfoc,"SYNC_TRUTH,sequence=100310,truth_tick_us=201053588,mechanical_angle_rad=4.881126881,valid=1,read_failures=0"
dengfoc,"SYNC_TRUTH,sequence=100311,truth_tick_us=201055584,mechanical_angle_rad=4.879592896,valid=1,read_failures=0"
dengfoc,"SYNC_TRUTH,sequence=100312,truth_tick_us=201057588,mechanical_angle_rad=4.879592896,valid=1,read_failures=0"
dengfoc,"SYNC_TRUTH,sequence=100313,truth_tick_us=201059584,mechanical_angle_rad=4.881126881,valid=1,read_failures=0"
dengfoc,"SYNC_TRUTH,sequence=100314,truth_tick_us=201061588,mechanical_angle_rad=4.879592896,valid=1,read_failures=0"
dengfoc,"SYNC_TRUTH,sequence=100315,truth_tick_us=201063584,mechanical_angle_rad=4.881126881,valid=1,read_failures=0"
dengfoc,"SYNC_TRUTH,sequence=100316,truth_tick_us=201065588,mechanical_angle_rad=4.879592896,valid=1,read_failures=0"
dengfoc,"SYNC_TRUTH,sequence=100317,truth_tick_us=201067584,mechanical_angle_rad=4.879592896,valid=1,read_failures=0"
dengfoc,"SYNC_TRUTH,sequence=100318,truth_tick_us=201069588,mechanical_angle_rad=4.881126881,valid=1,read_failures=0"
dengfoc,"SYNC_TRUTH,sequence=100319,truth_tick_us=201071584,mechanical_angle_rad=4.881126881,valid=1,read_failures=0"
dengfoc,"SYNC_TRUTH,sequence=100320,truth_tick_us=201073588,mechanical_angle_rad=4.879592896,valid=1,read_failures=0"
dengfoc,"SYNC_TRUTH,sequence=100321,truth_tick_us=201075584,mechanical_angle_rad=4.879592896,valid=1,read_failures=0"
dengfoc,"SYNC_TRUTH,sequence=100322,truth_tick_us=201077588,mechanical_angle_rad=4.879592896,valid=1,read_failures=0"
dengfoc,"SYNC_TRUTH,sequence=100323,truth_tick_us=201079584,mechanical_angle_rad=4.879592896,valid=1,read_failures=0"
dengfoc,"SYNC_TRUTH,sequence=100324,truth_tick_us=201081588,mechanical_angle_rad=4.879592896,valid=1,read_failures=0"
dengfoc,"SYNC_TRUTH,sequence=100325,truth_tick_us=201083584,mechanical_angle_rad=4.879592896,valid=1,read_failures=0"
dengfoc,"SYNC_TRUTH,sequence=100326,truth_tick_us=201085588,mechanical_angle_rad=4.881126881,valid=1,read_failures=0"
dengfoc,"SYNC_TRUTH,sequence=100327,truth_tick_us=201087584,mechanical_angle_rad=4.879592896,valid=1,read_failures=0"
dengfoc,"SYNC_TRUTH,sequence=100328,truth_tick_us=201089588,mechanical_angle_rad=4.879592896,valid=1,read_failures=0"
dengfoc,"SYNC_TRUTH,sequence=100329,truth_tick_us=201091584,mechanical_angle_rad=4.881126881,valid=1,read_failures=0"
dengfoc,"SYNC_TRUTH,sequence=100330,truth_tick_us=201093588,mechanical_angle_rad=4.879592896,valid=1,read_failures=0"
dengfoc,"SYNC_TRUTH,sequence=100331,truth_tick_us=201095584,mechanical_angle_rad=4.879592896,valid=1,read_failures=0"
dengfoc,"SYNC_TRUTH,sequence=100332,truth_tick_us=201097588,mechanical_angle_rad=4.879592896,valid=1,read_failures=0"
dengfoc,"SYNC_TRUTH,sequence=100333,truth_tick_us=201099584,mechanical_angle_rad=4.879592896,valid=1,read_failures=0"
dengfoc,"SYNC_TRUTH,sequence=100334,truth_tick_us=201101588,mechanical_angle_rad=4.879592896,valid=1,read_failures=0"
dengfoc,"SYNC_TRUTH,sequence=100335,truth_tick_us=201103584,mechanical_angle_rad=4.879592896,valid=1,read_failures=0"
dengfoc,"SYNC_TRUTH,sequence=100336,truth_tick_us=201105588,mechanical_angle_rad=4.879592896,valid=1,read_failures=0"
dengfoc,"SYNC_TRUTH,sequence=100337,truth_tick_us=201107584,mechanical_angle_rad=4.879592896,valid=1,read_failures=0"
dengfoc,"SYNC_TRUTH,sequence=100338,truth_tick_us=201109588,mechanical_angle_rad=4.879592896,valid=1,read_failures=0"
dengfoc,"SYNC_TRUTH,sequence=100339,truth_tick_us=201111584,mechanical_angle_rad=4.879592896,valid=1,read_failures=0"
dengfoc,"SYNC_TRUTH,sequence=100340,truth_tick_us=201113588,mechanical_angle_rad=4.879592896,valid=1,read_failures=0"
dengfoc,"SYNC_TRUTH,sequence=100341,truth_tick_us=201115584,mechanical_angle_rad=4.881126881,valid=1,read_failures=0"
dengfoc,"SYNC_TRUTH,sequence=100342,truth_tick_us=201117588,mechanical_angle_rad=4.879592896,valid=1,read_failures=0"
dengfoc,"SYNC_TRUTH,sequence=100343,truth_tick_us=201119584,mechanical_angle_rad=4.879592896,valid=1,read_failures=0"
dengfoc,"SYNC_TRUTH,sequence=100344,truth_tick_us=201121588,mechanical_angle_rad=4.881126881,valid=1,read_failures=0"
dengfoc,"SYNC_TRUTH,sequence=100345,truth_tick_us=201123584,mechanical_angle_rad=4.881126881,valid=1,read_failures=0"
dengfoc,"SYNC_TRUTH,sequence=100346,truth_tick_us=201125588,mechanical_angle_rad=4.881126881,valid=1,read_failures=0"
dengfoc,"SYNC_TRUTH,sequence=100347,truth_tick_us=201127584,mechanical_angle_rad=4.879592896,valid=1,read_failures=0"
dengfoc,"SYNC_TRUTH,sequence=100348,truth_tick_us=201129588,mechanical_angle_rad=4.879592896,valid=1,read_failures=0"
dengfoc,"SYNC_TRUTH,sequence=100349,truth_tick_us=201131584,mechanical_angle_rad=4.879592896,valid=1,read_failures=0"
dengfoc,"SYNC_TRUTH,sequence=100350,truth_tick_us=201133588,mechanical_angle_rad=4.879592896,valid=1,read_failures=0"
dengfoc,"SYNC_TRUTH,sequence=100351,truth_tick_us=201135584,mechanical_angle_rad=4.881126881,valid=1,read_failures=0"
dengfoc,"SYNC_TRUTH,sequence=100352,truth_tick_us=201137588,mechanical_angle_rad=4.881126881,valid=1,read_failures=0"
dengfoc,"SYNC_TRUTH,sequence=100353,truth_tick_us=201139584,mechanical_angle_rad=4.879592896,valid=1,read_failures=0"
dengfoc,"SYNC_TRUTH,sequence=100354,truth_tick_us=201141588,mechanical_angle_rad=4.879592896,valid=1,read_failures=0"
dengfoc,"SYNC_TRUTH,sequence=100355,truth_tick_us=201143584,mechanical_angle_rad=4.879592896,valid=1,read_failures=0"
dengfoc,"SYNC_TRUTH,sequence=100356,truth_tick_us=201145588,mechanical_angle_rad=4.879592896,valid=1,read_failures=0"
dengfoc,"SYNC_TRUTH,sequence=100357,truth_tick_us=201147584,mechanical_angle_rad=4.879592896,valid=1,read_failures=0"
dengfoc,"SYNC_TRUTH,sequence=100358,truth_tick_us=201149588,mechanical_angle_rad=4.881126881,valid=1,read_failures=0"
dengfoc,"SYNC_TRUTH,sequence=100359,truth_tick_us=201151584,mechanical_angle_rad=4.879592896,valid=1,read_failures=0"
dengfoc,"SYNC_TRUTH,sequence=100360,truth_tick_us=201153588,mechanical_angle_rad=4.879592896,valid=1,read_failures=0"
dengfoc,"SYNC_TRUTH,sequence=100361,truth_tick_us=201155584,mechanical_angle_rad=4.881126881,valid=1,read_failures=0"
dengfoc,"SYNC_TRUTH,sequence=100362,truth_tick_us=201157588,mechanical_angle_rad=4.881126881,valid=1,read_failures=0"
dengfoc,"SYNC_TRUTH,sequence=100363,truth_tick_us=201159584,mechanical_angle_rad=4.879592896,valid=1,read_failures=0"
dengfoc,"SYNC_TRUTH,sequence=100364,truth_tick_us=201161588,mechanical_angle_rad=4.879592896,valid=1,read_failures=0"
dengfoc,"SYNC_TRUTH,sequence=100365,truth_tick_us=201163584,mechanical_angle_rad=4.879592896,valid=1,read_failures=0"
dengfoc,"SYNC_TRUTH,sequence=100366,truth_tick_us=201165588,mechanical_angle_rad=4.879592896,valid=1,read_failures=0"
dengfoc,"SYNC_TRUTH,sequence=100367,truth_tick_us=201167584,mechanical_angle_rad=4.879592896,valid=1,read_failures=0"
dengfoc,"SYNC_TRUTH,sequence=100368,truth_tick_us=201169588,mechanical_angle_rad=4.879592896,valid=1,read_failures=0"
dengfoc,"SYNC_TRUTH,sequence=100369,truth_tick_us=201171584,mechanical_angle_rad=4.879592896,valid=1,read_failures=0"
dengfoc,"SYNC_TRUTH,sequence=100370,truth_tick_us=201173588,mechanical_angle_rad=4.881126881,valid=1,read_failures=0"
dengfoc,"SYNC_TRUTH,sequence=100371,truth_tick_us=201175584,mechanical_angle_rad=4.879592896,valid=1,read_failures=0"
dengfoc,"SYNC_TRUTH,sequence=100372,truth_tick_us=201177588,mechanical_angle_rad=4.879592896,valid=1,read_failures=0"
dengfoc,"SYNC_TRUTH,sequence=100373,truth_tick_us=201179584,mechanical_angle_rad=4.879592896,valid=1,read_failures=0"
dengfoc,"SYNC_TRUTH,sequence=100374,truth_tick_us=201181588,mechanical_angle_rad=4.879592896,valid=1,read_failures=0"
dengfoc,"SYNC_TRUTH,sequence=100375,truth_tick_us=201183584,mechanical_angle_rad=4.881126881,valid=1,read_failures=0"
dengfoc,"SYNC_TRUTH,sequence=100376,truth_tick_us=201185588,mechanical_angle_rad=4.881126881,valid=1,read_failures=0"
dengfoc,"SYNC_TRUTH,sequence=100377,truth_tick_us=201187584,mechanical_angle_rad=4.879592896,valid=1,read_failures=0"
dengfoc,"SYNC_TRUTH,sequence=100378,truth_tick_us=201189588,mechanical_angle_rad=4.879592896,valid=1,read_failures=0"
dengfoc,"SYNC_TRUTH,sequence=100379,truth_tick_us=201191584,mechanical_angle_rad=4.879592896,valid=1,read_failures=0"
dengfoc,"SYNC_TRUTH,sequence=100380,truth_tick_us=201193588,mechanical_angle_rad=4.879592896,valid=1,read_failures=0"
dengfoc,"SYNC_STATUS,frames=19,frame_fail=0,truth=100380,truth_fail=0,idle=0,capture_state=1,capture_failure=0,rejected=0,overflow=0,driver_disabled=1"
dengfoc,"SYNC_TRUTH,sequence=100381,truth_tick_us=201196588,mechanical_angle_rad=4.879592896,valid=1,read_failures=0"
dengfoc,"SYNC_TRUTH,sequence=100382,truth_tick_us=201198588,mechanical_angle_rad=4.881126881,valid=1,read_failures=0"
dengfoc,"SYNC_TRUTH,sequence=100383,truth_tick_us=201200584,mechanical_angle_rad=4.879592896,valid=1,read_failures=0"
dengfoc,"SYNC_TRUTH,sequence=100384,truth_tick_us=201202588,mechanical_angle_rad=4.879592896,valid=1,read_failures=0"
dengfoc,"SYNC_TRUTH,sequence=100385,truth_tick_us=201204584,mechanical_angle_rad=4.879592896,valid=1,read_failures=0"
dengfoc,"SYNC_TRUTH,sequence=100386,truth_tick_us=201206588,mechanical_angle_rad=4.879592896,valid=1,read_failures=0"
dengfoc,"SYNC_TRUTH,sequence=100387,truth_tick_us=201208584,mechanical_angle_rad=4.879592896,valid=1,read_failures=0"
dengfoc,"SYNC_TRUTH,sequence=100388,truth_tick_us=201210588,mechanical_angle_rad=4.879592896,valid=1,read_failures=0"
dengfoc,"SYNC_TRUTH,sequence=100389,truth_tick_us=201212584,mechanical_angle_rad=4.879592896,valid=1,read_failures=0"
dengfoc,"SYNC_TRUTH,sequence=100390,truth_tick_us=201214588,mechanical_angle_rad=4.879592896,valid=1,read_failures=0"
dengfoc,"SYNC_TRUTH,sequence=100391,truth_tick_us=201216584,mechanical_angle_rad=4.879592896,valid=1,read_failures=0"
dengfoc,"SYNC_TRUTH,sequence=100392,truth_tick_us=201218588,mechanical_angle_rad=4.879592896,valid=1,read_failures=0"
dengfoc,"SYNC_TRUTH,sequence=100393,truth_tick_us=201220584,mechanical_angle_rad=4.881126881,valid=1,read_failures=0"
dengfoc,"SYNC_TRUTH,sequence=100394,truth_tick_us=201222588,mechanical_angle_rad=4.881126881,valid=1,read_failures=0"
dengfoc,"SYNC_TRUTH,sequence=100395,truth_tick_us=201224584,mechanical_angle_rad=4.879592896,valid=1,read_failures=0"
dengfoc,"SYNC_TRUTH,sequence=100396,truth_tick_us=201226588,mechanical_angle_rad=4.879592896,valid=1,read_failures=0"
dengfoc,"SYNC_TRUTH,sequence=100397,truth_tick_us=201228584,mechanical_angle_rad=4.879592896,valid=1,read_failures=0"
dengfoc,"SYNC_TRUTH,sequence=100398,truth_tick_us=201230588,mechanical_angle_rad=4.881126881,valid=1,read_failures=0"
dengfoc,"SYNC_TRUTH,sequence=100399,truth_tick_us=201232584,mechanical_angle_rad=4.881126881,valid=1,read_failures=0"
dengfoc,"SYNC_TRUTH,sequence=100400,truth_tick_us=201234588,mechanical_angle_rad=4.881126881,valid=1,read_failures=0"
dengfoc,"SYNC_TRUTH,sequence=100401,truth_tick_us=201236584,mechanical_angle_rad=4.879592896,valid=1,read_failures=0"
dengfoc,"SYNC_TRUTH,sequence=100402,truth_tick_us=201238588,mechanical_angle_rad=4.879592896,valid=1,read_failures=0"
dengfoc,"SYNC_TRUTH,sequence=100403,truth_tick_us=201240584,mechanical_angle_rad=4.879592896,valid=1,read_failures=0"
dengfoc,"SYNC_TRUTH,sequence=100404,truth_tick_us=201242588,mechanical_angle_rad=4.879592896,valid=1,read_failures=0"
dengfoc,"SYNC_TRUTH,sequence=100405,truth_tick_us=201244584,mechanical_angle_rad=4.881126881,valid=1,read_failures=0"
dengfoc,"SYNC_TRUTH,sequence=100406,truth_tick_us=201246588,mechanical_angle_rad=4.879592896,valid=1,read_failures=0"
dengfoc,"SYNC_TRUTH,sequence=100407,truth_tick_us=201248584,mechanical_angle_rad=4.879592896,valid=1,read_failures=0"
dengfoc,"SYNC_TRUTH,sequence=100408,truth_tick_us=201250588,mechanical_angle_rad=4.879592896,valid=1,read_failures=0"
dengfoc,"SYNC_TRUTH,sequence=100409,truth_tick_us=201252584,mechanical_angle_rad=4.879592896,valid=1,read_failures=0"
dengfoc,"SYNC_TRUTH,sequence=100410,truth_tick_us=201254588,mechanical_angle_rad=4.879592896,valid=1,read_failures=0"
dengfoc,"SYNC_TRUTH,sequence=100411,truth_tick_us=201256584,mechanical_angle_rad=4.881126881,valid=1,read_failures=0"
dengfoc,"SYNC_TRUTH,sequence=100412,truth_tick_us=201258588,mechanical_angle_rad=4.881126881,valid=1,read_failures=0"
dengfoc,"SYNC_TRUTH,sequence=100413,truth_tick_us=201260584,mechanical_angle_rad=4.879592896,valid=1,read_failures=0"
dengfoc,"SYNC_TRUTH,sequence=100414,truth_tick_us=201262588,mechanical_angle_rad=4.879592896,valid=1,read_failures=0"
dengfoc,"SYNC_TRUTH,sequence=100415,truth_tick_us=201264584,mechanical_angle_rad=4.879592896,valid=1,read_failures=0"
dengfoc,"SYNC_TRUTH,sequence=100416,truth_tick_us=201266588,mechanical_angle_rad=4.879592896,valid=1,read_failures=0"
dengfoc,"SYNC_TRUTH,sequence=100417,truth_tick_us=201268584,mechanical_angle_rad=4.879592896,valid=1,read_failures=0"
dengfoc,"SYNC_TRUTH,sequence=100418,truth_tick_us=201270588,mechanical_angle_rad=4.879592896,valid=1,read_failures=0"
dengfoc,"SYNC_TRUTH,sequence=100419,truth_tick_us=201272584,mechanical_angle_rad=4.879592896,valid=1,read_failures=0"
dengfoc,"SYNC_TRUTH,sequence=100420,truth_tick_us=201274588,mechanical_angle_rad=4.879592896,valid=1,read_failures=0"
dengfoc,"SYNC_TRUTH,sequence=100421,truth_tick_us=201276584,mechanical_angle_rad=4.879592896,valid=1,read_failures=0"
dengfoc,"SYNC_TRUTH,sequence=100422,truth_tick_us=201278588,mechanical_angle_rad=4.881126881,valid=1,read_failures=0"
dengfoc,"SYNC_TRUTH,sequence=100423,truth_tick_us=201280584,mechanical_angle_rad=4.879592896,valid=1,read_failures=0"
dengfoc,"SYNC_TRUTH,sequence=100424,truth_tick_us=201282588,mechanical_angle_rad=4.879592896,valid=1,read_failures=0"
dengfoc,"SYNC_TRUTH,sequence=100425,truth_tick_us=201284584,mechanical_angle_rad=4.879592896,valid=1,read_failures=0"
g431,foc_h3_sync_status
dengfoc,"SYNC_TRUTH,sequence=100426,truth_tick_us=201286588,mechanical_angle_rad=4.881126881,valid=1,read_failures=0"
dengfoc,"SYNC_TRUTH,sequence=100427,truth_tick_us=201288584,mechanical_angle_rad=4.879592896,valid=1,read_failures=0"
dengfoc,"SYNC_TRUTH,sequence=100428,truth_tick_us=201290588,mechanical_angle_rad=4.879592896,valid=1,read_failures=0"
dengfoc,"SYNC_TRUTH,sequence=100429,truth_tick_us=201292584,mechanical_angle_rad=4.879592896,valid=1,read_failures=0"
dengfoc,"SYNC_TRUTH,sequence=100430,truth_tick_us=201294588,mechanical_angle_rad=4.879592896,valid=1,read_failures=0"
g431,"FH3_SYNC_STATUS,1,196608,3,61,61,0,61,101,217789561,15781172,7,20261004,138,238,0,46,100,217789610,49"
g431,msh >
dengfoc,"SYNC_TRUTH,sequence=100431,truth_tick_us=201296584,mechanical_angle_rad=4.879592896,valid=1,read_failures=0"
dengfoc,"SYNC_TRUTH,sequence=100432,truth_tick_us=201298588,mechanical_angle_rad=4.879592896,valid=1,read_failures=0"
dengfoc,"SYNC_TRUTH,sequence=100433,truth_tick_us=201300584,mechanical_angle_rad=4.879592896,valid=1,read_failures=0"
dengfoc,"SYNC_TRUTH,sequence=100434,truth_tick_us=201302588,mechanical_angle_rad=4.879592896,valid=1,read_failures=0"
dengfoc,"SYNC_TRUTH,sequence=100435,truth_tick_us=201304584,mechanical_angle_rad=4.879592896,valid=1,read_failures=0"
dengfoc,"SYNC_TRUTH,sequence=100436,truth_tick_us=201306588,mechanical_angle_rad=4.879592896,valid=1,read_failures=0"
dengfoc,"SYNC_TRUTH,sequence=100437,truth_tick_us=201308584,mechanical_angle_rad=4.881126881,valid=1,read_failures=0"
dengfoc,"SYNC_TRUTH,sequence=100438,truth_tick_us=201310588,mechanical_angle_rad=4.881126881,valid=1,read_failures=0"
dengfoc,"SYNC_TRUTH,sequence=100439,truth_tick_us=201312584,mechanical_angle_rad=4.879592896,valid=1,read_failures=0"
dengfoc,"SYNC_TRUTH,sequence=100440,truth_tick_us=201314588,mechanical_angle_rad=4.879592896,valid=1,read_failures=0"
dengfoc,"SYNC_TRUTH,sequence=100441,truth_tick_us=201316584,mechanical_angle_rad=4.879592896,valid=1,read_failures=0"
g431,msh >
dengfoc,"SYNC_TRUTH,sequence=100442,truth_tick_us=201318588,mechanical_angle_rad=4.879592896,valid=1,read_failures=0"
dengfoc,"SYNC_TRUTH,sequence=100443,truth_tick_us=201320584,mechanical_angle_rad=4.879592896,valid=1,read_failures=0"
dengfoc,"SYNC_TRUTH,sequence=100444,truth_tick_us=201322588,mechanical_angle_rad=4.881126881,valid=1,read_failures=0"
dengfoc,"SYNC_TRUTH,sequence=100445,truth_tick_us=201324584,mechanical_angle_rad=4.881126881,valid=1,read_failures=0"
dengfoc,"SYNC_TRUTH,sequence=100446,truth_tick_us=201326588,mechanical_angle_rad=4.879592896,valid=1,read_failures=0"
dengfoc,"SYNC_TRUTH,sequence=100447,truth_tick_us=201328584,mechanical_angle_rad=4.879592896,valid=1,read_failures=0"
dengfoc,"SYNC_TRUTH,sequence=100448,truth_tick_us=201330588,mechanical_angle_rad=4.879592896,valid=1,read_failures=0"
dengfoc,"SYNC_TRUTH,sequence=100449,truth_tick_us=201332584,mechanical_angle_rad=4.879592896,valid=1,read_failures=0"
dengfoc,"SYNC_TRUTH,sequence=100450,truth_tick_us=201334588,mechanical_angle_rad=4.879592896,valid=1,read_failures=0"
dengfoc,"SYNC_TRUTH,sequence=100451,truth_tick_us=201336584,mechanical_angle_rad=4.879592896,valid=1,read_failures=0"
dengfoc,"SYNC_TRUTH,sequence=100452,truth_tick_us=201338588,mechanical_angle_rad=4.879592896,valid=1,read_failures=0"
dengfoc,"SYNC_TRUTH,sequence=100453,truth_tick_us=201340584,mechanical_angle_rad=4.881126881,valid=1,read_failures=0"
dengfoc,"SYNC_TRUTH,sequence=100454,truth_tick_us=201342588,mechanical_angle_rad=4.879592896,valid=1,read_failures=0"
dengfoc,"SYNC_TRUTH,sequence=100455,truth_tick_us=201344584,mechanical_angle_rad=4.879592896,valid=1,read_failures=0"
dengfoc,"SYNC_TRUTH,sequence=100456,truth_tick_us=201346588,mechanical_angle_rad=4.881126881,valid=1,read_failures=0"
dengfoc,"SYNC_TRUTH,sequence=100457,truth_tick_us=201348584,mechanical_angle_rad=4.881126881,valid=1,read_failures=0"
dengfoc,"SYNC_TRUTH,sequence=100458,truth_tick_us=201350588,mechanical_angle_rad=4.881126881,valid=1,read_failures=0"
dengfoc,"SYNC_TRUTH,sequence=100459,truth_tick_us=201352584,mechanical_angle_rad=4.881126881,valid=1,read_failures=0"
dengfoc,"SYNC_TRUTH,sequence=100460,truth_tick_us=201354588,mechanical_angle_rad=4.881126881,valid=1,read_failures=0"
dengfoc,"SYNC_TRUTH,sequence=100461,truth_tick_us=201356584,mechanical_angle_rad=4.879592896,valid=1,read_failures=0"
dengfoc,"SYNC_TRUTH,sequence=100462,truth_tick_us=201358588,mechanical_angle_rad=4.879592896,valid=1,read_failures=0"
dengfoc,"SYNC_TRUTH,sequence=100463,truth_tick_us=201360584,mechanical_angle_rad=4.881126881,valid=1,read_failures=0"
dengfoc,"SYNC_TRUTH,sequence=100464,truth_tick_us=201362588,mechanical_angle_rad=4.879592896,valid=1,read_failures=0"
dengfoc,"SYNC_TRUTH,sequence=100465,truth_tick_us=201364584,mechanical_angle_rad=4.879592896,valid=1,read_failures=0"
dengfoc,"SYNC_TRUTH,sequence=100466,truth_tick_us=201366588,mechanical_angle_rad=4.881126881,valid=1,read_failures=0"
dengfoc,"SYNC_TRUTH,sequence=100467,truth_tick_us=201368584,mechanical_angle_rad=4.879592896,valid=1,read_failures=0"
dengfoc,"SYNC_TRUTH,sequence=100468,truth_tick_us=201370588,mechanical_angle_rad=4.879592896,valid=1,read_failures=0"
dengfoc,"SYNC_TRUTH,sequence=100469,truth_tick_us=201372584,mechanical_angle_rad=4.881126881,valid=1,read_failures=0"
dengfoc,"SYNC_TRUTH,sequence=100470,truth_tick_us=201374588,mechanical_angle_rad=4.879592896,valid=1,read_failures=0"
dengfoc,"SYNC_TRUTH,sequence=100471,truth_tick_us=201376584,mechanical_angle_rad=4.879592896,valid=1,read_failures=0"
dengfoc,"SYNC_TRUTH,sequence=100472,truth_tick_us=201378588,mechanical_angle_rad=4.879592896,valid=1,read_failures=0"
dengfoc,"SYNC_TRUTH,sequence=100473,truth_tick_us=201380584,mechanical_angle_rad=4.879592896,valid=1,read_failures=0"
dengfoc,"SYNC_TRUTH,sequence=100474,truth_tick_us=201382588,mechanical_angle_rad=4.879592896,valid=1,read_failures=0"
dengfoc,"SYNC_TRUTH,sequence=100475,truth_tick_us=201384584,mechanical_angle_rad=4.881126881,valid=1,read_failures=0"
dengfoc,"SYNC_TRUTH,sequence=100476,truth_tick_us=201386588,mechanical_angle_rad=4.879592896,valid=1,read_failures=0"
dengfoc,"SYNC_TRUTH,sequence=100477,truth_tick_us=201388584,mechanical_angle_rad=4.879592896,valid=1,read_failures=0"
dengfoc,"SYNC_TRUTH,sequence=100478,truth_tick_us=201390588,mechanical_angle_rad=4.879592896,valid=1,read_failures=0"
dengfoc,"SYNC_TRUTH,sequence=100479,truth_tick_us=201392584,mechanical_angle_rad=4.881126881,valid=1,read_failures=0"
dengfoc,"SYNC_TRUTH,sequence=100480,truth_tick_us=201394588,mechanical_angle_rad=4.881126881,valid=1,read_failures=0"
dengfoc,"SYNC_TRUTH,sequence=100481,truth_tick_us=201396584,mechanical_angle_rad=4.881126881,valid=1,read_failures=0"
dengfoc,"SYNC_TRUTH,sequence=100482,truth_tick_us=201398588,mechanical_angle_rad=4.879592896,valid=1,read_failures=0"
dengfoc,"SYNC_TRUTH,sequence=100483,truth_tick_us=201400584,mechanical_angle_rad=4.879592896,valid=1,read_failures=0"
dengfoc,"SYNC_TRUTH,sequence=100484,truth_tick_us=201402588,mechanical_angle_rad=4.879592896,valid=1,read_failures=0"
dengfoc,"SYNC_TRUTH,sequence=100485,truth_tick_us=201404584,mechanical_angle_rad=4.879592896,valid=1,read_failures=0"
dengfoc,"SYNC_TRUTH,sequence=100486,truth_tick_us=201406588,mechanical_angle_rad=4.879592896,valid=1,read_failures=0"
dengfoc,"SYNC_TRUTH,sequence=100487,truth_tick_us=201408584,mechanical_angle_rad=4.879592896,valid=1,read_failures=0"
dengfoc,"SYNC_TRUTH,sequence=100488,truth_tick_us=201410588,mechanical_angle_rad=4.879592896,valid=1,read_failures=0"
dengfoc,"SYNC_TRUTH,sequence=100489,truth_tick_us=201412584,mechanical_angle_rad=4.879592896,valid=1,read_failures=0"
dengfoc,"SYNC_TRUTH,sequence=100490,truth_tick_us=201414588,mechanical_angle_rad=4.879592896,valid=1,read_failures=0"
dengfoc,"SYNC_TRUTH,sequence=100491,truth_tick_us=201416584,mechanical_angle_rad=4.881126881,valid=1,read_failures=0"
dengfoc,"SYNC_TRUTH,sequence=100492,truth_tick_us=201418588,mechanical_angle_rad=4.879592896,valid=1,read_failures=0"
dengfoc,"SYNC_TRUTH,sequence=100493,truth_tick_us=201420584,mechanical_angle_rad=4.879592896,valid=1,read_failures=0"
dengfoc,"SYNC_TRUTH,sequence=100494,truth_tick_us=201422588,mechanical_angle_rad=4.879592896,valid=1,read_failures=0"
dengfoc,"SYNC_TRUTH,sequence=100495,truth_tick_us=201424584,mechanical_angle_rad=4.881126881,valid=1,read_failures=0"
dengfoc,"SYNC_TRUTH,sequence=100496,truth_tick_us=201426588,mechanical_angle_rad=4.879592896,valid=1,read_failures=0"
dengfoc,"SYNC_TRUTH,sequence=100497,truth_tick_us=201428584,mechanical_angle_rad=4.879592896,valid=1,read_failures=0"
dengfoc,"SYNC_TRUTH,sequence=100498,truth_tick_us=201430588,mechanical_angle_rad=4.879592896,valid=1,read_failures=0"
dengfoc,"SYNC_TRUTH,sequence=100499,truth_tick_us=201432584,mechanical_angle_rad=4.879592896,valid=1,read_failures=0"
dengfoc,"SYNC_TRUTH,sequence=100500,truth_tick_us=201434588,mechanical_angle_rad=4.879592896,valid=1,read_failures=0"
dengfoc,"SYNC_TRUTH,sequence=100501,truth_tick_us=201436584,mechanical_angle_rad=4.879592896,valid=1,read_failures=0"
dengfoc,"SYNC_TRUTH,sequence=100502,truth_tick_us=201438588,mechanical_angle_rad=4.881126881,valid=1,read_failures=0"
dengfoc,"SYNC_TRUTH,sequence=100503,truth_tick_us=201440584,mechanical_angle_rad=4.881126881,valid=1,read_failures=0"
dengfoc,"SYNC_TRUTH,sequence=100504,truth_tick_us=201442588,mechanical_angle_rad=4.879592896,valid=1,read_failures=0"
dengfoc,"SYNC_TRUTH,sequence=100505,truth_tick_us=201444584,mechanical_angle_rad=4.881126881,valid=1,read_failures=0"
dengfoc,"SYNC_TRUTH,sequence=100506,truth_tick_us=201446588,mechanical_angle_rad=4.881126881,valid=1,read_failures=0"
dengfoc,"SYNC_TRUTH,sequence=100507,truth_tick_us=201448584,mechanical_angle_rad=4.879592896,valid=1,read_failures=0"
dengfoc,"SYNC_TRUTH,sequence=100508,truth_tick_us=201450588,mechanical_angle_rad=4.879592896,valid=1,read_failures=0"
dengfoc,"SYNC_TRUTH,sequence=100509,truth_tick_us=201452584,mechanical_angle_rad=4.879592896,valid=1,read_failures=0"
dengfoc,"SYNC_TRUTH,sequence=100510,truth_tick_us=201454588,mechanical_angle_rad=4.879592896,valid=1,read_failures=0"
dengfoc,"SYNC_TRUTH,sequence=100511,truth_tick_us=201456584,mechanical_angle_rad=4.879592896,valid=1,read_failures=0"
dengfoc,"SYNC_TRUTH,sequence=100512,truth_tick_us=201458588,mechanical_angle_rad=4.881126881,valid=1,read_failures=0"
dengfoc,"SYNC_TRUTH,sequence=100513,truth_tick_us=201460584,mechanical_angle_rad=4.879592896,valid=1,read_failures=0"
dengfoc,"SYNC_TRUTH,sequence=100514,truth_tick_us=201462588,mechanical_angle_rad=4.879592896,valid=1,read_failures=0"
dengfoc,"SYNC_TRUTH,sequence=100515,truth_tick_us=201464584,mechanical_angle_rad=4.879592896,valid=1,read_failures=0"
dengfoc,"SYNC_TRUTH,sequence=100516,truth_tick_us=201466588,mechanical_angle_rad=4.879592896,valid=1,read_failures=0"
dengfoc,"SYNC_TRUTH,sequence=100517,truth_tick_us=201468584,mechanical_angle_rad=4.879592896,valid=1,read_failures=0"
dengfoc,"SYNC_TRUTH,sequence=100518,truth_tick_us=201470588,mechanical_angle_rad=4.879592896,valid=1,read_failures=0"
dengfoc,"SYNC_TRUTH,sequence=100519,truth_tick_us=201472584,mechanical_angle_rad=4.879592896,valid=1,read_failures=0"
dengfoc,"SYNC_TRUTH,sequence=100520,truth_tick_us=201474588,mechanical_angle_rad=4.879592896,valid=1,read_failures=0"
dengfoc,"SYNC_TRUTH,sequence=100521,truth_tick_us=201476584,mechanical_angle_rad=4.879592896,valid=1,read_failures=0"
dengfoc,"SYNC_TRUTH,sequence=100522,truth_tick_us=201478588,mechanical_angle_rad=4.879592896,valid=1,read_failures=0"
dengfoc,"SYNC_TRUTH,sequence=100523,truth_tick_us=201480584,mechanical_angle_rad=4.881126881,valid=1,read_failures=0"
dengfoc,"SYNC_TRUTH,sequence=100524,truth_tick_us=201482588,mechanical_angle_rad=4.879592896,valid=1,read_failures=0"
dengfoc,"SYNC_TRUTH,sequence=100525,truth_tick_us=201484584,mechanical_angle_rad=4.881126881,valid=1,read_failures=0"
dengfoc,"SYNC_TRUTH,sequence=100526,truth_tick_us=201486588,mechanical_angle_rad=4.879592896,valid=1,read_failures=0"
dengfoc,"SYNC_TRUTH,sequence=100527,truth_tick_us=201488584,mechanical_angle_rad=4.881126881,valid=1,read_failures=0"
dengfoc,"SYNC_TRUTH,sequence=100528,truth_tick_us=201490588,mechanical_angle_rad=4.881126881,valid=1,read_failures=0"
dengfoc,"SYNC_TRUTH,sequence=100529,truth_tick_us=201492584,mechanical_angle_rad=4.879592896,valid=1,read_failures=0"
dengfoc,"SYNC_TRUTH,sequence=100530,truth_tick_us=201494588,mechanical_angle_rad=4.879592896,valid=1,read_failures=0"
dengfoc,"SYNC_TRUTH,sequence=100531,truth_tick_us=201496584,mechanical_angle_rad=4.879592896,valid=1,read_failures=0"
dengfoc,"SYNC_TRUTH,sequence=100532,truth_tick_us=201498588,mechanical_angle_rad=4.879592896,valid=1,read_failures=0"
dengfoc,"SYNC_TRUTH,sequence=100533,truth_tick_us=201500584,mechanical_angle_rad=4.879592896,valid=1,read_failures=0"
dengfoc,"SYNC_TRUTH,sequence=100534,truth_tick_us=201502588,mechanical_angle_rad=4.879592896,valid=1,read_failures=0"
dengfoc,"SYNC_TRUTH,sequence=100535,truth_tick_us=201504584,mechanical_angle_rad=4.879592896,valid=1,read_failures=0"
dengfoc,"SYNC_TRUTH,sequence=100536,truth_tick_us=201506588,mechanical_angle_rad=4.881126881,valid=1,read_failures=0"
dengfoc,"SYNC_TRUTH,sequence=100537,truth_tick_us=201508584,mechanical_angle_rad=4.879592896,valid=1,read_failures=0"
dengfoc,"SYNC_TRUTH,sequence=100538,truth_tick_us=201510588,mechanical_angle_rad=4.879592896,valid=1,read_failures=0"
g431,"foc_hALV,01e8231f,15788266,0,0,52"
dengfoc,"SYNC_TRUTH,sequence=100539,truth_tick_us=201512584,mechanical_angle_rad=4.879592896,valid=1,read_failures=0"
dengfoc,"SYNC_TRUTH,sequence=100540,truth_tick_us=201514588,mechanical_angle_rad=4.879592896,valid=1,read_failures=0"
dengfoc,"SYNC_TRUTH,sequence=100541,truth_tick_us=201516584,mechanical_angle_rad=4.881126881,valid=1,read_failures=0"
dengfoc,"SYNC_TRUTH,sequence=100542,truth_tick_us=201518588,mechanical_angle_rad=4.879592896,valid=1,read_failures=0"
dengfoc,"SYNC_TRUTH,sequence=100543,truth_tick_us=201520584,mechanical_angle_rad=4.879592896,valid=1,read_failures=0"
dengfoc,"SYNC_TRUTH,sequence=100544,truth_tick_us=201522588,mechanical_angle_rad=4.879592896,valid=1,read_failures=0"
dengfoc,"SYNC_TRUTH,sequence=100545,truth_tick_us=201524584,mechanical_angle_rad=4.881126881,valid=1,read_failures=0"
dengfoc,"SYNC_TRUTH,sequence=100546,truth_tick_us=201526588,mechanical_angle_rad=4.879592896,valid=1,read_failures=0"
dengfoc,"SYNC_TRUTH,sequence=100547,truth_tick_us=201528584,mechanical_angle_rad=4.879592896,valid=1,read_failures=0"
dengfoc,"SYNC_TRUTH,sequence=100548,truth_tick_us=201530588,mechanical_angle_rad=4.879592896,valid=1,read_failures=0"
dengfoc,"SYNC_TRUTH,sequence=100549,truth_tick_us=201532584,mechanical_angle_rad=4.881126881,valid=1,read_failures=0"
dengfoc,"SYNC_TRUTH,sequence=100550,truth_tick_us=201534588,mechanical_angle_rad=4.881126881,valid=1,read_failures=0"
dengfoc,"SYNC_TRUTH,sequence=100551,truth_tick_us=201536584,mechanical_angle_rad=4.879592896,valid=1,read_failures=0"
dengfoc,"SYNC_TRUTH,sequence=100552,truth_tick_us=201538588,mechanical_angle_rad=4.881126881,valid=1,read_failures=0"
dengfoc,"SYNC_TRUTH,sequence=100553,truth_tick_us=201540584,mechanical_angle_rad=4.879592896,valid=1,read_failures=0"
dengfoc,"SYNC_TRUTH,sequence=100554,truth_tick_us=201542588,mechanical_angle_rad=4.881126881,valid=1,read_failures=0"
dengfoc,"SYNC_TRUTH,sequence=100555,truth_tick_us=201544584,mechanical_angle_rad=4.879592896,valid=1,read_failures=0"
dengfoc,"SYNC_TRUTH,sequence=100556,truth_tick_us=201546588,mechanical_angle_rad=4.879592896,valid=1,read_failures=0"
dengfoc,"SYNC_TRUTH,sequence=100557,truth_tick_us=201548584,mechanical_angle_rad=4.879592896,valid=1,read_failures=0"
dengfoc,"SYNC_TRUTH,sequence=100558,truth_tick_us=201550588,mechanical_angle_rad=4.881126881,valid=1,read_failures=0"
dengfoc,"SYNC_TRUTH,sequence=100559,truth_tick_us=201552584,mechanical_angle_rad=4.879592896,valid=1,read_failures=0"
dengfoc,"SYNC_TRUTH,sequence=100560,truth_tick_us=201554588,mechanical_angle_rad=4.879592896,valid=1,read_failures=0"
dengfoc,"SYNC_TRUTH,sequence=100561,truth_tick_us=201556584,mechanical_angle_rad=4.879592896,valid=1,read_failures=0"
dengfoc,"SYNC_TRUTH,sequence=100562,truth_tick_us=201558588,mechanical_angle_rad=4.879592896,valid=1,read_failures=0"
dengfoc,"SYNC_TRUTH,sequence=100563,truth_tick_us=201560584,mechanical_angle_rad=4.879592896,valid=1,read_failures=0"
dengfoc,"SYNC_TRUTH,sequence=100564,truth_tick_us=201562588,mechanical_angle_rad=4.879592896,valid=1,read_failures=0"
dengfoc,"SYNC_TRUTH,sequence=100565,truth_tick_us=201564584,mechanical_angle_rad=4.881126881,valid=1,read_failures=0"
dengfoc,"SYNC_TRUTH,sequence=100566,truth_tick_us=201566588,mechanical_angle_rad=4.879592896,valid=1,read_failures=0"
dengfoc,"SYNC_TRUTH,sequence=100567,truth_tick_us=201568584,mechanical_angle_rad=4.881126881,valid=1,read_failures=0"
dengfoc,"SYNC_TRUTH,sequence=100568,truth_tick_us=201570588,mechanical_angle_rad=4.879592896,valid=1,read_failures=0"
dengfoc,"SYNC_TRUTH,sequence=100569,truth_tick_us=201572584,mechanical_angle_rad=4.879592896,valid=1,read_failures=0"
dengfoc,"SYNC_TRUTH,sequence=100570,truth_tick_us=201574588,mechanical_angle_rad=4.879592896,valid=1,read_failures=0"
dengfoc,"SYNC_TRUTH,sequence=100571,truth_tick_us=201576584,mechanical_angle_rad=4.881126881,valid=1,read_failures=0"
dengfoc,"SYNC_TRUTH,sequence=100572,truth_tick_us=201578588,mechanical_angle_rad=4.879592896,valid=1,read_failures=0"
dengfoc,"SYNC_TRUTH,sequence=100573,truth_tick_us=201580584,mechanical_angle_rad=4.879592896,valid=1,read_failures=0"
dengfoc,"SYNC_TRUTH,sequence=100574,truth_tick_us=201582588,mechanical_angle_rad=4.879592896,valid=1,read_failures=0"
dengfoc,"SYNC_TRUTH,sequence=100575,truth_tick_us=201584584,mechanical_angle_rad=4.879592896,valid=1,read_failures=0"
dengfoc,"SYNC_TRUTH,sequence=100576,truth_tick_us=201586588,mechanical_angle_rad=4.879592896,valid=1,read_failures=0"
dengfoc,"SYNC_TRUTH,sequence=100577,truth_tick_us=201588584,mechanical_angle_rad=4.879592896,valid=1,read_failures=0"
dengfoc,"SYNC_TRUTH,sequence=100578,truth_tick_us=201590588,mechanical_angle_rad=4.879592896,valid=1,read_failures=0"
dengfoc,"SYNC_TRUTH,sequence=100579,truth_tick_us=201592584,mechanical_angle_rad=4.881126881,valid=1,read_failures=0"
dengfoc,"SYNC_TRUTH,sequence=100580,truth_tick_us=201594588,mechanical_angle_rad=4.879592896,valid=1,read_failures=0"
dengfoc,"SYNC_TRUTH,sequence=100581,truth_tick_us=201596584,mechanical_angle_rad=4.881126881,valid=1,read_failures=0"
dengfoc,"SYNC_TRUTH,sequence=100582,truth_tick_us=201598588,mechanical_angle_rad=4.879592896,valid=1,read_failures=0"
dengfoc,"SYNC_TRUTH,sequence=100583,truth_tick_us=201600584,mechanical_angle_rad=4.879592896,valid=1,read_failures=0"
dengfoc,"SYNC_TRUTH,sequence=100584,truth_tick_us=201602588,mechanical_angle_rad=4.879592896,valid=1,read_failures=0"
dengfoc,"SYNC_TRUTH,sequence=100585,truth_tick_us=201604584,mechanical_angle_rad=4.879592896,valid=1,read_failures=0"
g431,3_sync_send 20261004 139 239
dengfoc,"SYNC_TRUTH,sequence=100586,truth_tick_us=201606588,mechanical_angle_rad=4.879592896,valid=1,read_failures=0"
dengfoc,"SYNC_TRUTH,sequence=100587,truth_tick_us=201608584,mechanical_angle_rad=4.879592896,valid=1,read_failures=0"
dengfoc,"SYNC_TRUTH,sequence=100588,truth_tick_us=201610588,mechanical_angle_rad=4.879592896,valid=1,read_failures=0"
dengfoc,"SYNC_TRUTH,sequence=100589,truth_tick_us=201612584,mechanical_angle_rad=4.881126881,valid=1,read_failures=0"
g431,"FH3_SYNC_SEND,1,196608,2,62,61,0,61,0,0,4294967295,0,20261004,139,239,0,46,0,0,0"
g431,msh >
dengfoc,"SYNC_TRUTH,sequence=100590,truth_tick_us=201614591,mechanical_angle_rad=4.879592896,valid=1,read_failures=0"
dengfoc,"SYNC_TRUTH,sequence=100591,truth_tick_us=201616584,mechanical_angle_rad=4.879592896,valid=1,read_failures=0"
dengfoc,"SYNC_TRUTH,sequence=100592,truth_tick_us=201618588,mechanical_angle_rad=4.879592896,valid=1,read_failures=0"
dengfoc,"SYNC_ANCHOR_RX,session=20261004,edge_sequence=139,edge_tag=239,truth_tick_us=201609108,source=2,flags=0x00000003"
dengfoc,"SYNC_TRUTH,sequence=100593,truth_tick_us=201621588,mechanical_angle_rad=4.881126881,valid=1,read_failures=0"
dengfoc,"SYNC_TRUTH,sequence=100594,truth_tick_us=201623588,mechanical_angle_rad=4.879592896,valid=1,read_failures=0"
dengfoc,"SYNC_TRUTH,sequence=100595,truth_tick_us=201625584,mechanical_angle_rad=4.879592896,valid=1,read_failures=0"
dengfoc,"SYNC_TRUTH,sequence=100596,truth_tick_us=201627588,mechanical_angle_rad=4.879592896,valid=1,read_failures=0"
dengfoc,"SYNC_TRUTH,sequence=100597,truth_tick_us=201629584,mechanical_angle_rad=4.879592896,valid=1,read_failures=0"
dengfoc,"SYNC_TRUTH,sequence=100598,truth_tick_us=201631588,mechanical_angle_rad=4.879592896,valid=1,read_failures=0"
dengfoc,"SYNC_TRUTH,sequence=100599,truth_tick_us=201633584,mechanical_angle_rad=4.879592896,valid=1,read_failures=0"
dengfoc,"SYNC_TRUTH,sequence=100600,truth_tick_us=201635588,mechanical_angle_rad=4.881126881,valid=1,read_failures=0"
dengfoc,"SYNC_TRUTH,sequence=100601,truth_tick_us=201637584,mechanical_angle_rad=4.881126881,valid=1,read_failures=0"
dengfoc,"SYNC_TRUTH,sequence=100602,truth_tick_us=201639588,mechanical_angle_rad=4.881126881,valid=1,read_failures=0"
dengfoc,"SYNC_TRUTH,sequence=100603,truth_tick_us=201641584,mechanical_angle_rad=4.879592896,valid=1,read_failures=0"
g431,msh >
dengfoc,"SYNC_TRUTH,sequence=100604,truth_tick_us=201643588,mechanical_angle_rad=4.881126881,valid=1,read_failures=0"
dengfoc,"SYNC_TRUTH,sequence=100605,truth_tick_us=201645584,mechanical_angle_rad=4.879592896,valid=1,read_failures=0"
dengfoc,"SYNC_TRUTH,sequence=100606,truth_tick_us=201647588,mechanical_angle_rad=4.879592896,valid=1,read_failures=0"
dengfoc,"SYNC_TRUTH,sequence=100607,truth_tick_us=201649584,mechanical_angle_rad=4.879592896,valid=1,read_failures=0"
dengfoc,"SYNC_TRUTH,sequence=100608,truth_tick_us=201651588,mechanical_angle_rad=4.881126881,valid=1,read_failures=0"
dengfoc,"SYNC_TRUTH,sequence=100609,truth_tick_us=201653584,mechanical_angle_rad=4.881126881,valid=1,read_failures=0"
dengfoc,"SYNC_TRUTH,sequence=100610,truth_tick_us=201655588,mechanical_angle_rad=4.879592896,valid=1,read_failures=0"
dengfoc,"SYNC_TRUTH,sequence=100611,truth_tick_us=201657584,mechanical_angle_rad=4.881126881,valid=1,read_failures=0"
dengfoc,"SYNC_TRUTH,sequence=100612,truth_tick_us=201659588,mechanical_angle_rad=4.879592896,valid=1,read_failures=0"
dengfoc,"SYNC_TRUTH,sequence=100613,truth_tick_us=201661584,mechanical_angle_rad=4.881126881,valid=1,read_failures=0"
dengfoc,"SYNC_TRUTH,sequence=100614,truth_tick_us=201663588,mechanical_angle_rad=4.879592896,valid=1,read_failures=0"
dengfoc,"SYNC_TRUTH,sequence=100615,truth_tick_us=201665584,mechanical_angle_rad=4.881126881,valid=1,read_failures=0"
dengfoc,"SYNC_TRUTH,sequence=100616,truth_tick_us=201667588,mechanical_angle_rad=4.879592896,valid=1,read_failures=0"
dengfoc,"SYNC_TRUTH,sequence=100617,truth_tick_us=201669584,mechanical_angle_rad=4.881126881,valid=1,read_failures=0"
dengfoc,"SYNC_TRUTH,sequence=100618,truth_tick_us=201671588,mechanical_angle_rad=4.879592896,valid=1,read_failures=0"
dengfoc,"SYNC_TRUTH,sequence=100619,truth_tick_us=201673584,mechanical_angle_rad=4.879592896,valid=1,read_failures=0"
dengfoc,"SYNC_TRUTH,sequence=100620,truth_tick_us=201675588,mechanical_angle_rad=4.879592896,valid=1,read_failures=0"
dengfoc,"SYNC_TRUTH,sequence=100621,truth_tick_us=201677584,mechanical_angle_rad=4.879592896,valid=1,read_failures=0"
dengfoc,"SYNC_TRUTH,sequence=100622,truth_tick_us=201679588,mechanical_angle_rad=4.881126881,valid=1,read_failures=0"
dengfoc,"SYNC_TRUTH,sequence=100623,truth_tick_us=201681584,mechanical_angle_rad=4.879592896,valid=1,read_failures=0"
dengfoc,"SYNC_TRUTH,sequence=100624,truth_tick_us=201683588,mechanical_angle_rad=4.879592896,valid=1,read_failures=0"
dengfoc,"SYNC_TRUTH,sequence=100625,truth_tick_us=201685584,mechanical_angle_rad=4.881126881,valid=1,read_failures=0"
dengfoc,"SYNC_TRUTH,sequence=100626,truth_tick_us=201687588,mechanical_angle_rad=4.881126881,valid=1,read_failures=0"
dengfoc,"SYNC_TRUTH,sequence=100627,truth_tick_us=201689584,mechanical_angle_rad=4.879592896,valid=1,read_failures=0"
dengfoc,"SYNC_TRUTH,sequence=100628,truth_tick_us=201691588,mechanical_angle_rad=4.879592896,valid=1,read_failures=0"
dengfoc,"SYNC_TRUTH,sequence=100629,truth_tick_us=201693584,mechanical_angle_rad=4.879592896,valid=1,read_failures=0"
dengfoc,"SYNC_TRUTH,sequence=100630,truth_tick_us=201695588,mechanical_angle_rad=4.879592896,valid=1,read_failures=0"
dengfoc,"SYNC_TRUTH,sequence=100631,truth_tick_us=201697584,mechanical_angle_rad=4.879592896,valid=1,read_failures=0"
dengfoc,"SYNC_TRUTH,sequence=100632,truth_tick_us=201699588,mechanical_angle_rad=4.881126881,valid=1,read_failures=0"
dengfoc,"SYNC_TRUTH,sequence=100633,truth_tick_us=201701584,mechanical_angle_rad=4.879592896,valid=1,read_failures=0"
dengfoc,"SYNC_TRUTH,sequence=100634,truth_tick_us=201703588,mechanical_angle_rad=4.879592896,valid=1,read_failures=0"
dengfoc,"SYNC_TRUTH,sequence=100635,truth_tick_us=201705584,mechanical_angle_rad=4.879592896,valid=1,read_failures=0"
dengfoc,"SYNC_TRUTH,sequence=100636,truth_tick_us=201707588,mechanical_angle_rad=4.881126881,valid=1,read_failures=0"
dengfoc,"SYNC_TRUTH,sequence=100637,truth_tick_us=201709584,mechanical_angle_rad=4.881126881,valid=1,read_failures=0"
dengfoc,"SYNC_TRUTH,sequence=100638,truth_tick_us=201711588,mechanical_angle_rad=4.879592896,valid=1,read_failures=0"
dengfoc,"SYNC_TRUTH,sequence=100639,truth_tick_us=201713584,mechanical_angle_rad=4.879592896,valid=1,read_failures=0"
dengfoc,"SYNC_TRUTH,sequence=100640,truth_tick_us=201715588,mechanical_angle_rad=4.879592896,valid=1,read_failures=0"
dengfoc,"SYNC_TRUTH,sequence=100641,truth_tick_us=201717584,mechanical_angle_rad=4.879592896,valid=1,read_failures=0"
dengfoc,"SYNC_TRUTH,sequence=100642,truth_tick_us=201719588,mechanical_angle_rad=4.879592896,valid=1,read_failures=0"
dengfoc,"SYNC_TRUTH,sequence=100643,truth_tick_us=201721584,mechanical_angle_rad=4.879592896,valid=1,read_failures=0"
dengfoc,"SYNC_TRUTH,sequence=100644,truth_tick_us=201723588,mechanical_angle_rad=4.879592896,valid=1,read_failures=0"
dengfoc,"SYNC_TRUTH,sequence=100645,truth_tick_us=201725584,mechanical_angle_rad=4.879592896,valid=1,read_failures=0"
dengfoc,"SYNC_TRUTH,sequence=100646,truth_tick_us=201727588,mechanical_angle_rad=4.881126881,valid=1,read_failures=0"
dengfoc,"SYNC_TRUTH,sequence=100647,truth_tick_us=201729584,mechanical_angle_rad=4.879592896,valid=1,read_failures=0"
dengfoc,"SYNC_TRUTH,sequence=100648,truth_tick_us=201731588,mechanical_angle_rad=4.879592896,valid=1,read_failures=0"
dengfoc,"SYNC_TRUTH,sequence=100649,truth_tick_us=201733584,mechanical_angle_rad=4.881126881,valid=1,read_failures=0"
dengfoc,"SYNC_TRUTH,sequence=100650,truth_tick_us=201735588,mechanical_angle_rad=4.879592896,valid=1,read_failures=0"
dengfoc,"SYNC_TRUTH,sequence=100651,truth_tick_us=201737584,mechanical_angle_rad=4.881126881,valid=1,read_failures=0"
dengfoc,"SYNC_TRUTH,sequence=100652,truth_tick_us=201739588,mechanical_angle_rad=4.881126881,valid=1,read_failures=0"
dengfoc,"SYNC_TRUTH,sequence=100653,truth_tick_us=201741584,mechanical_angle_rad=4.879592896,valid=1,read_failures=0"
dengfoc,"SYNC_TRUTH,sequence=100654,truth_tick_us=201743588,mechanical_angle_rad=4.881126881,valid=1,read_failures=0"
dengfoc,"SYNC_TRUTH,sequence=100655,truth_tick_us=201745584,mechanical_angle_rad=4.879592896,valid=1,read_failures=0"
dengfoc,"SYNC_TRUTH,sequence=100656,truth_tick_us=201747588,mechanical_angle_rad=4.881126881,valid=1,read_failures=0"
dengfoc,"SYNC_TRUTH,sequence=100657,truth_tick_us=201749584,mechanical_angle_rad=4.879592896,valid=1,read_failures=0"
dengfoc,"SYNC_TRUTH,sequence=100658,truth_tick_us=201751588,mechanical_angle_rad=4.879592896,valid=1,read_failures=0"
dengfoc,"SYNC_TRUTH,sequence=100659,truth_tick_us=201753584,mechanical_angle_rad=4.879592896,valid=1,read_failures=0"
dengfoc,"SYNC_TRUTH,sequence=100660,truth_tick_us=201755588,mechanical_angle_rad=4.879592896,valid=1,read_failures=0"
dengfoc,"SYNC_TRUTH,sequence=100661,truth_tick_us=201757584,mechanical_angle_rad=4.879592896,valid=1,read_failures=0"
dengfoc,"SYNC_TRUTH,sequence=100662,truth_tick_us=201759588,mechanical_angle_rad=4.879592896,valid=1,read_failures=0"
dengfoc,"SYNC_TRUTH,sequence=100663,truth_tick_us=201761584,mechanical_angle_rad=4.881126881,valid=1,read_failures=0"
dengfoc,"SYNC_TRUTH,sequence=100664,truth_tick_us=201763588,mechanical_angle_rad=4.879592896,valid=1,read_failures=0"
dengfoc,"SYNC_TRUTH,sequence=100665,truth_tick_us=201765584,mechanical_angle_rad=4.881126881,valid=1,read_failures=0"
dengfoc,"SYNC_TRUTH,sequence=100666,truth_tick_us=201767588,mechanical_angle_rad=4.879592896,valid=1,read_failures=0"
dengfoc,"SYNC_TRUTH,sequence=100667,truth_tick_us=201769584,mechanical_angle_rad=4.879592896,valid=1,read_failures=0"
dengfoc,"SYNC_TRUTH,sequence=100668,truth_tick_us=201771588,mechanical_angle_rad=4.879592896,valid=1,read_failures=0"
dengfoc,"SYNC_TRUTH,sequence=100669,truth_tick_us=201773584,mechanical_angle_rad=4.879592896,valid=1,read_failures=0"
dengfoc,"SYNC_TRUTH,sequence=100670,truth_tick_us=201775588,mechanical_angle_rad=4.881126881,valid=1,read_failures=0"
dengfoc,"SYNC_TRUTH,sequence=100671,truth_tick_us=201777584,mechanical_angle_rad=4.879592896,valid=1,read_failures=0"
dengfoc,"SYNC_TRUTH,sequence=100672,truth_tick_us=201779588,mechanical_angle_rad=4.881126881,valid=1,read_failures=0"
dengfoc,"SYNC_TRUTH,sequence=100673,truth_tick_us=201781584,mechanical_angle_rad=4.881126881,valid=1,read_failures=0"
dengfoc,"SYNC_TRUTH,sequence=100674,truth_tick_us=201783588,mechanical_angle_rad=4.879592896,valid=1,read_failures=0"
dengfoc,"SYNC_TRUTH,sequence=100675,truth_tick_us=201785584,mechanical_angle_rad=4.881126881,valid=1,read_failures=0"
dengfoc,"SYNC_TRUTH,sequence=100676,truth_tick_us=201787588,mechanical_angle_rad=4.881126881,valid=1,read_failures=0"
dengfoc,"SYNC_TRUTH,sequence=100677,truth_tick_us=201789584,mechanical_angle_rad=4.879592896,valid=1,read_failures=0"
dengfoc,"SYNC_TRUTH,sequence=100678,truth_tick_us=201791588,mechanical_angle_rad=4.881126881,valid=1,read_failures=0"
dengfoc,"SYNC_TRUTH,sequence=100679,truth_tick_us=201793584,mechanical_angle_rad=4.879592896,valid=1,read_failures=0"
dengfoc,"SYNC_TRUTH,sequence=100680,truth_tick_us=201795588,mechanical_angle_rad=4.881126881,valid=1,read_failures=0"
dengfoc,"SYNC_TRUTH,sequence=100681,truth_tick_us=201797584,mechanical_angle_rad=4.879592896,valid=1,read_failures=0"
dengfoc,"SYNC_TRUTH,sequence=100682,truth_tick_us=201799588,mechanical_angle_rad=4.879592896,valid=1,read_failures=0"
dengfoc,"SYNC_TRUTH,sequence=100683,truth_tick_us=201801584,mechanical_angle_rad=4.881126881,valid=1,read_failures=0"
dengfoc,"SYNC_TRUTH,sequence=100684,truth_tick_us=201803588,mechanical_angle_rad=4.879592896,valid=1,read_failures=0"
dengfoc,"SYNC_TRUTH,sequence=100685,truth_tick_us=201805584,mechanical_angle_rad=4.879592896,valid=1,read_failures=0"
dengfoc,"SYNC_TRUTH,sequence=100686,truth_tick_us=201807588,mechanical_angle_rad=4.881126881,valid=1,read_failures=0"
dengfoc,"SYNC_TRUTH,sequence=100687,truth_tick_us=201809584,mechanical_angle_rad=4.881126881,valid=1,read_failures=0"
dengfoc,"SYNC_TRUTH,sequence=100688,truth_tick_us=201811588,mechanical_angle_rad=4.879592896,valid=1,read_failures=0"
dengfoc,"SYNC_TRUTH,sequence=100689,truth_tick_us=201813584,mechanical_angle_rad=4.879592896,valid=1,read_failures=0"
dengfoc,"SYNC_TRUTH,sequence=100690,truth_tick_us=201815588,mechanical_angle_rad=4.879592896,valid=1,read_failures=0"
dengfoc,"SYNC_TRUTH,sequence=100691,truth_tick_us=201817584,mechanical_angle_rad=4.879592896,valid=1,read_failures=0"
dengfoc,"SYNC_TRUTH,sequence=100692,truth_tick_us=201819588,mechanical_angle_rad=4.881126881,valid=1,read_failures=0"
dengfoc,"SYNC_TRUTH,sequence=100693,truth_tick_us=201821584,mechanical_angle_rad=4.879592896,valid=1,read_failures=0"
dengfoc,"SYNC_TRUTH,sequence=100694,truth_tick_us=201823588,mechanical_angle_rad=4.879592896,valid=1,read_failures=0"
dengfoc,"SYNC_TRUTH,sequence=100695,truth_tick_us=201825584,mechanical_angle_rad=4.879592896,valid=1,read_failures=0"
dengfoc,"SYNC_TRUTH,sequence=100696,truth_tick_us=201827588,mechanical_angle_rad=4.879592896,valid=1,read_failures=0"
dengfoc,"SYNC_TRUTH,sequence=100697,truth_tick_us=201829584,mechanical_angle_rad=4.881126881,valid=1,read_failures=0"
dengfoc,"SYNC_TRUTH,sequence=100698,truth_tick_us=201831588,mechanical_angle_rad=4.881126881,valid=1,read_failures=0"
dengfoc,"SYNC_TRUTH,sequence=100699,truth_tick_us=201833584,mechanical_angle_rad=4.879592896,valid=1,read_failures=0"
dengfoc,"SYNC_TRUTH,sequence=100700,truth_tick_us=201835588,mechanical_angle_rad=4.881126881,valid=1,read_failures=0"
dengfoc,"SYNC_TRUTH,sequence=100701,truth_tick_us=201837584,mechanical_angle_rad=4.879592896,valid=1,read_failures=0"
dengfoc,"SYNC_TRUTH,sequence=100702,truth_tick_us=201839588,mechanical_angle_rad=4.879592896,valid=1,read_failures=0"
dengfoc,"SYNC_TRUTH,sequence=100703,truth_tick_us=201841584,mechanical_angle_rad=4.879592896,valid=1,read_failures=0"
dengfoc,"SYNC_TRUTH,sequence=100704,truth_tick_us=201843588,mechanical_angle_rad=4.879592896,valid=1,read_failures=0"
dengfoc,"SYNC_TRUTH,sequence=100705,truth_tick_us=201845584,mechanical_angle_rad=4.879592896,valid=1,read_failures=0"
dengfoc,"SYNC_TRUTH,sequence=100706,truth_tick_us=201847588,mechanical_angle_rad=4.879592896,valid=1,read_failures=0"
dengfoc,"SYNC_TRUTH,sequence=100707,truth_tick_us=201849584,mechanical_angle_rad=4.879592896,valid=1,read_failures=0"
dengfoc,"SYNC_TRUTH,sequence=100708,truth_tick_us=201851588,mechanical_angle_rad=4.879592896,valid=1,read_failures=0"
dengfoc,"SYNC_TRUTH,sequence=100709,truth_tick_us=201853584,mechanical_angle_rad=4.881126881,valid=1,read_failures=0"
dengfoc,"SYNC_TRUTH,sequence=100710,truth_tick_us=201855588,mechanical_angle_rad=4.881126881,valid=1,read_failures=0"
dengfoc,"SYNC_TRUTH,sequence=100711,truth_tick_us=201857584,mechanical_angle_rad=4.879592896,valid=1,read_failures=0"
dengfoc,"SYNC_TRUTH,sequence=100712,truth_tick_us=201859588,mechanical_angle_rad=4.879592896,valid=1,read_failures=0"
dengfoc,"SYNC_TRUTH,sequence=100713,truth_tick_us=201861584,mechanical_angle_rad=4.879592896,valid=1,read_failures=0"
dengfoc,"SYNC_TRUTH,sequence=100714,truth_tick_us=201863588,mechanical_angle_rad=4.879592896,valid=1,read_failures=0"
dengfoc,"SYNC_TRUTH,sequence=100715,truth_tick_us=201865584,mechanical_angle_rad=4.879592896,valid=1,read_failures=0"
dengfoc,"SYNC_TRUTH,sequence=100716,truth_tick_us=201867588,mechanical_angle_rad=4.879592896,valid=1,read_failures=0"
dengfoc,"SYNC_TRUTH,sequence=100717,truth_tick_us=201869584,mechanical_angle_rad=4.879592896,valid=1,read_failures=0"
dengfoc,"SYNC_TRUTH,sequence=100718,truth_tick_us=201871588,mechanical_angle_rad=4.879592896,valid=1,read_failures=0"
dengfoc,"SYNC_TRUTH,sequence=100719,truth_tick_us=201873584,mechanical_angle_rad=4.881126881,valid=1,read_failures=0"
dengfoc,"SYNC_TRUTH,sequence=100720,truth_tick_us=201875588,mechanical_angle_rad=4.879592896,valid=1,read_failures=0"
dengfoc,"SYNC_TRUTH,sequence=100721,truth_tick_us=201877584,mechanical_angle_rad=4.879592896,valid=1,read_failures=0"
dengfoc,"SYNC_TRUTH,sequence=100722,truth_tick_us=201879588,mechanical_angle_rad=4.879592896,valid=1,read_failures=0"
dengfoc,"SYNC_TRUTH,sequence=100723,truth_tick_us=201881584,mechanical_angle_rad=4.879592896,valid=1,read_failures=0"
dengfoc,"SYNC_TRUTH,sequence=100724,truth_tick_us=201883588,mechanical_angle_rad=4.881126881,valid=1,read_failures=0"
dengfoc,"SYNC_TRUTH,sequence=100725,truth_tick_us=201885584,mechanical_angle_rad=4.881126881,valid=1,read_failures=0"
dengfoc,"SYNC_TRUTH,sequence=100726,truth_tick_us=201887588,mechanical_angle_rad=4.879592896,valid=1,read_failures=0"
dengfoc,"SYNC_TRUTH,sequence=100727,truth_tick_us=201889584,mechanical_angle_rad=4.879592896,valid=1,read_failures=0"
dengfoc,"SYNC_TRUTH,sequence=100728,truth_tick_us=201891588,mechanical_angle_rad=4.881126881,valid=1,read_failures=0"
dengfoc,"SYNC_TRUTH,sequence=100729,truth_tick_us=201893584,mechanical_angle_rad=4.879592896,valid=1,read_failures=0"
dengfoc,"SYNC_TRUTH,sequence=100730,truth_tick_us=201895588,mechanical_angle_rad=4.879592896,valid=1,read_failures=0"
dengfoc,"SYNC_TRUTH,sequence=100731,truth_tick_us=201897584,mechanical_angle_rad=4.879592896,valid=1,read_failures=0"
dengfoc,"SYNC_TRUTH,sequence=100732,truth_tick_us=201899588,mechanical_angle_rad=4.879592896,valid=1,read_failures=0"
dengfoc,"SYNC_TRUTH,sequence=100733,truth_tick_us=201901584,mechanical_angle_rad=4.879592896,valid=1,read_failures=0"
dengfoc,"SYNC_TRUTH,sequence=100734,truth_tick_us=201903588,mechanical_angle_rad=4.879592896,valid=1,read_failures=0"
dengfoc,"SYNC_TRUTH,sequence=100735,truth_tick_us=201905584,mechanical_angle_rad=4.879592896,valid=1,read_failures=0"
dengfoc,"SYNC_TRUTH,sequence=100736,truth_tick_us=201907588,mechanical_angle_rad=4.879592896,valid=1,read_failures=0"
dengfoc,"SYNC_TRUTH,sequence=100737,truth_tick_us=201909584,mechanical_angle_rad=4.879592896,valid=1,read_failures=0"
dengfoc,"SYNC_TRUTH,sequence=100738,truth_tick_us=201911588,mechanical_angle_rad=4.881126881,valid=1,read_failures=0"
dengfoc,"SYNC_TRUTH,sequence=100739,truth_tick_us=201913584,mechanical_angle_rad=4.881126881,valid=1,read_failures=0"
dengfoc,"SYNC_TRUTH,sequence=100740,truth_tick_us=201915588,mechanical_angle_rad=4.881126881,valid=1,read_failures=0"
dengfoc,"SYNC_TRUTH,sequence=100741,truth_tick_us=201917584,mechanical_angle_rad=4.881126881,valid=1,read_failures=0"
dengfoc,"SYNC_TRUTH,sequence=100742,truth_tick_us=201919588,mechanical_angle_rad=4.879592896,valid=1,read_failures=0"
dengfoc,"SYNC_TRUTH,sequence=100743,truth_tick_us=201921584,mechanical_angle_rad=4.879592896,valid=1,read_failures=0"
dengfoc,"SYNC_TRUTH,sequence=100744,truth_tick_us=201923588,mechanical_angle_rad=4.879592896,valid=1,read_failures=0"
dengfoc,"SYNC_TRUTH,sequence=100745,truth_tick_us=201925584,mechanical_angle_rad=4.879592896,valid=1,read_failures=0"
dengfoc,"SYNC_TRUTH,sequence=100746,truth_tick_us=201927588,mechanical_angle_rad=4.879592896,valid=1,read_failures=0"
dengfoc,"SYNC_TRUTH,sequence=100747,truth_tick_us=201929584,mechanical_angle_rad=4.879592896,valid=1,read_failures=0"
dengfoc,"SYNC_TRUTH,sequence=100748,truth_tick_us=201931588,mechanical_angle_rad=4.879592896,valid=1,read_failures=0"
dengfoc,"SYNC_TRUTH,sequence=100749,truth_tick_us=201933584,mechanical_angle_rad=4.879592896,valid=1,read_failures=0"
dengfoc,"SYNC_TRUTH,sequence=100750,truth_tick_us=201935588,mechanical_angle_rad=4.879592896,valid=1,read_failures=0"
dengfoc,"SYNC_TRUTH,sequence=100751,truth_tick_us=201937584,mechanical_angle_rad=4.879592896,valid=1,read_failures=0"
dengfoc,"SYNC_TRUTH,sequence=100752,truth_tick_us=201939588,mechanical_angle_rad=4.881126881,valid=1,read_failures=0"
dengfoc,"SYNC_TRUTH,sequence=100753,truth_tick_us=201941584,mechanical_angle_rad=4.881126881,valid=1,read_failures=0"
dengfoc,"SYNC_TRUTH,sequence=100754,truth_tick_us=201943588,mechanical_angle_rad=4.879592896,valid=1,read_failures=0"
dengfoc,"SYNC_TRUTH,sequence=100755,truth_tick_us=201945584,mechanical_angle_rad=4.881126881,valid=1,read_failures=0"
dengfoc,"SYNC_TRUTH,sequence=100756,truth_tick_us=201947588,mechanical_angle_rad=4.879592896,valid=1,read_failures=0"
dengfoc,"SYNC_TRUTH,sequence=100757,truth_tick_us=201949584,mechanical_angle_rad=4.879592896,valid=1,read_failures=0"
dengfoc,"SYNC_TRUTH,sequence=100758,truth_tick_us=201951588,mechanical_angle_rad=4.879592896,valid=1,read_failures=0"
dengfoc,"SYNC_TRUTH,sequence=100759,truth_tick_us=201953584,mechanical_angle_rad=4.879592896,valid=1,read_failures=0"
dengfoc,"SYNC_TRUTH,sequence=100760,truth_tick_us=201955588,mechanical_angle_rad=4.879592896,valid=1,read_failures=0"
dengfoc,"SYNC_TRUTH,sequence=100761,truth_tick_us=201957584,mechanical_angle_rad=4.879592896,valid=1,read_failures=0"
dengfoc,"SYNC_TRUTH,sequence=100762,truth_tick_us=201959588,mechanical_angle_rad=4.879592896,valid=1,read_failures=0"
dengfoc,"SYNC_TRUTH,sequence=100763,truth_tick_us=201961584,mechanical_angle_rad=4.881126881,valid=1,read_failures=0"
dengfoc,"SYNC_TRUTH,sequence=100764,truth_tick_us=201963588,mechanical_angle_rad=4.879592896,valid=1,read_failures=0"
dengfoc,"SYNC_TRUTH,sequence=100765,truth_tick_us=201965584,mechanical_angle_rad=4.879592896,valid=1,read_failures=0"
dengfoc,"SYNC_TRUTH,sequence=100766,truth_tick_us=201967588,mechanical_angle_rad=4.879592896,valid=1,read_failures=0"
dengfoc,"SYNC_TRUTH,sequence=100767,truth_tick_us=201969584,mechanical_angle_rad=4.881126881,valid=1,read_failures=0"
dengfoc,"SYNC_TRUTH,sequence=100768,truth_tick_us=201971588,mechanical_angle_rad=4.879592896,valid=1,read_failures=0"
g431,foc_h3_sync_status
dengfoc,"SYNC_TRUTH,sequence=100769,truth_tick_us=201973584,mechanical_angle_rad=4.879592896,valid=1,read_failures=0"
dengfoc,"SYNC_TRUTH,sequence=100770,truth_tick_us=201975588,mechanical_angle_rad=4.881126881,valid=1,read_failures=0"
dengfoc,"SYNC_TRUTH,sequence=100771,truth_tick_us=201977584,mechanical_angle_rad=4.881126881,valid=1,read_failures=0"
dengfoc,"SYNC_TRUTH,sequence=100772,truth_tick_us=201979588,mechanical_angle_rad=4.881126881,valid=1,read_failures=0"
dengfoc,"SYNC_TRUTH,sequence=100773,truth_tick_us=201981584,mechanical_angle_rad=4.879592896,valid=1,read_failures=0"
g431,"FH3_SYNC_STATUS,1,196608,3,62,62,0,62,101,334954945,15789443,7,20261004,139,239,0,47,100,334954994,49"
g431,msh >
dengfoc,"SYNC_TRUTH,sequence=100774,truth_tick_us=201983588,mechanical_angle_rad=4.879592896,valid=1,read_failures=0"
dengfoc,"SYNC_TRUTH,sequence=100775,truth_tick_us=201985584,mechanical_angle_rad=4.879592896,valid=1,read_failures=0"
dengfoc,"SYNC_TRUTH,sequence=100776,truth_tick_us=201987588,mechanical_angle_rad=4.881126881,valid=1,read_failures=0"
dengfoc,"SYNC_TRUTH,sequence=100777,truth_tick_us=201989584,mechanical_angle_rad=4.879592896,valid=1,read_failures=0"
dengfoc,"SYNC_TRUTH,sequence=100778,truth_tick_us=201991588,mechanical_angle_rad=4.879592896,valid=1,read_failures=0"
dengfoc,"SYNC_TRUTH,sequence=100779,truth_tick_us=201993584,mechanical_angle_rad=4.879592896,valid=1,read_failures=0"
dengfoc,"SYNC_TRUTH,sequence=100780,truth_tick_us=201995588,mechanical_angle_rad=4.879592896,valid=1,read_failures=0"
dengfoc,"SYNC_TRUTH,sequence=100781,truth_tick_us=201997584,mechanical_angle_rad=4.881126881,valid=1,read_failures=0"
dengfoc,"SYNC_TRUTH,sequence=100782,truth_tick_us=201999588,mechanical_angle_rad=4.879592896,valid=1,read_failures=0"
dengfoc,"SYNC_TRUTH,sequence=100783,truth_tick_us=202001584,mechanical_angle_rad=4.879592896,valid=1,read_failures=0"
dengfoc,"SYNC_TRUTH,sequence=100784,truth_tick_us=202003588,mechanical_angle_rad=4.879592896,valid=1,read_failures=0"
dengfoc,"SYNC_TRUTH,sequence=100785,truth_tick_us=202005584,mechanical_angle_rad=4.879592896,valid=1,read_failures=0"
dengfoc,"SYNC_TRUTH,sequence=100786,truth_tick_us=202007588,mechanical_angle_rad=4.879592896,valid=1,read_failures=0"
dengfoc,"SYNC_TRUTH,sequence=100787,truth_tick_us=202009584,mechanical_angle_rad=4.881126881,valid=1,read_failures=0"
dengfoc,"SYNC_TRUTH,sequence=100788,truth_tick_us=202011588,mechanical_angle_rad=4.879592896,valid=1,read_failures=0"
dengfoc,"SYNC_TRUTH,sequence=100789,truth_tick_us=202013584,mechanical_angle_rad=4.879592896,valid=1,read_failures=0"
g431,msh >
dengfoc,"SYNC_TRUTH,sequence=100790,truth_tick_us=202015588,mechanical_angle_rad=4.879592896,valid=1,read_failures=0"
dengfoc,"SYNC_TRUTH,sequence=100791,truth_tick_us=202017584,mechanical_angle_rad=4.879592896,valid=1,read_failures=0"
dengfoc,"SYNC_TRUTH,sequence=100792,truth_tick_us=202019588,mechanical_angle_rad=4.879592896,valid=1,read_failures=0"
dengfoc,"SYNC_TRUTH,sequence=100793,truth_tick_us=202021584,mechanical_angle_rad=4.879592896,valid=1,read_failures=0"
dengfoc,"SYNC_TRUTH,sequence=100794,truth_tick_us=202023588,mechanical_angle_rad=4.879592896,valid=1,read_failures=0"
dengfoc,"SYNC_TRUTH,sequence=100795,truth_tick_us=202025584,mechanical_angle_rad=4.879592896,valid=1,read_failures=0"
dengfoc,"SYNC_TRUTH,sequence=100796,truth_tick_us=202027588,mechanical_angle_rad=4.879592896,valid=1,read_failures=0"
dengfoc,"SYNC_TRUTH,sequence=100797,truth_tick_us=202029584,mechanical_angle_rad=4.879592896,valid=1,read_failures=0"
dengfoc,"SYNC_TRUTH,sequence=100798,truth_tick_us=202031588,mechanical_angle_rad=4.879592896,valid=1,read_failures=0"
dengfoc,"SYNC_TRUTH,sequence=100799,truth_tick_us=202033584,mechanical_angle_rad=4.879592896,valid=1,read_failures=0"
dengfoc,"SYNC_TRUTH,sequence=100800,truth_tick_us=202035588,mechanical_angle_rad=4.881126881,valid=1,read_failures=0"
dengfoc,"SYNC_TRUTH,sequence=100801,truth_tick_us=202037584,mechanical_angle_rad=4.879592896,valid=1,read_failures=0"
dengfoc,"SYNC_TRUTH,sequence=100802,truth_tick_us=202039588,mechanical_angle_rad=4.879592896,valid=1,read_failures=0"
dengfoc,"SYNC_TRUTH,sequence=100803,truth_tick_us=202041584,mechanical_angle_rad=4.879592896,valid=1,read_failures=0"
dengfoc,"SYNC_TRUTH,sequence=100804,truth_tick_us=202043588,mechanical_angle_rad=4.879592896,valid=1,read_failures=0"
dengfoc,"SYNC_TRUTH,sequence=100805,truth_tick_us=202045584,mechanical_angle_rad=4.881126881,valid=1,read_failures=0"
dengfoc,"SYNC_TRUTH,sequence=100806,truth_tick_us=202047588,mechanical_angle_rad=4.881126881,valid=1,read_failures=0"
dengfoc,"SYNC_TRUTH,sequence=100807,truth_tick_us=202049584,mechanical_angle_rad=4.879592896,valid=1,read_failures=0"
dengfoc,"SYNC_TRUTH,sequence=100808,truth_tick_us=202051588,mechanical_angle_rad=4.879592896,valid=1,read_failures=0"
dengfoc,"SYNC_TRUTH,sequence=100809,truth_tick_us=202053584,mechanical_angle_rad=4.879592896,valid=1,read_failures=0"
dengfoc,"SYNC_TRUTH,sequence=100810,truth_tick_us=202055588,mechanical_angle_rad=4.881126881,valid=1,read_failures=0"
dengfoc,"SYNC_TRUTH,sequence=100811,truth_tick_us=202057584,mechanical_angle_rad=4.881126881,valid=1,read_failures=0"
dengfoc,"SYNC_TRUTH,sequence=100812,truth_tick_us=202059588,mechanical_angle_rad=4.879592896,valid=1,read_failures=0"
dengfoc,"SYNC_TRUTH,sequence=100813,truth_tick_us=202061584,mechanical_angle_rad=4.879592896,valid=1,read_failures=0"
dengfoc,"SYNC_TRUTH,sequence=100814,truth_tick_us=202063588,mechanical_angle_rad=4.881126881,valid=1,read_failures=0"
dengfoc,"SYNC_TRUTH,sequence=100815,truth_tick_us=202065584,mechanical_angle_rad=4.879592896,valid=1,read_failures=0"
dengfoc,"SYNC_TRUTH,sequence=100816,truth_tick_us=202067588,mechanical_angle_rad=4.879592896,valid=1,read_failures=0"
dengfoc,"SYNC_TRUTH,sequence=100817,truth_tick_us=202069584,mechanical_angle_rad=4.881126881,valid=1,read_failures=0"
dengfoc,"SYNC_TRUTH,sequence=100818,truth_tick_us=202071588,mechanical_angle_rad=4.879592896,valid=1,read_failures=0"
dengfoc,"SYNC_TRUTH,sequence=100819,truth_tick_us=202073584,mechanical_angle_rad=4.881126881,valid=1,read_failures=0"
dengfoc,"SYNC_TRUTH,sequence=100820,truth_tick_us=202075588,mechanical_angle_rad=4.879592896,valid=1,read_failures=0"
dengfoc,"SYNC_TRUTH,sequence=100821,truth_tick_us=202077584,mechanical_angle_rad=4.879592896,valid=1,read_failures=0"
dengfoc,"SYNC_TRUTH,sequence=100822,truth_tick_us=202079588,mechanical_angle_rad=4.879592896,valid=1,read_failures=0"
dengfoc,"SYNC_TRUTH,sequence=100823,truth_tick_us=202081584,mechanical_angle_rad=4.879592896,valid=1,read_failures=0"
dengfoc,"SYNC_TRUTH,sequence=100824,truth_tick_us=202083588,mechanical_angle_rad=4.879592896,valid=1,read_failures=0"
dengfoc,"SYNC_TRUTH,sequence=100825,truth_tick_us=202085584,mechanical_angle_rad=4.879592896,valid=1,read_failures=0"
dengfoc,"SYNC_TRUTH,sequence=100826,truth_tick_us=202087588,mechanical_angle_rad=4.881126881,valid=1,read_failures=0"
dengfoc,"SYNC_TRUTH,sequence=100827,truth_tick_us=202089584,mechanical_angle_rad=4.879592896,valid=1,read_failures=0"
dengfoc,"SYNC_TRUTH,sequence=100828,truth_tick_us=202091588,mechanical_angle_rad=4.881126881,valid=1,read_failures=0"
dengfoc,"SYNC_TRUTH,sequence=100829,truth_tick_us=202093584,mechanical_angle_rad=4.879592896,valid=1,read_failures=0"
dengfoc,"SYNC_TRUTH,sequence=100830,truth_tick_us=202095588,mechanical_angle_rad=4.881126881,valid=1,read_failures=0"
dengfoc,"SYNC_TRUTH,sequence=100831,truth_tick_us=202097584,mechanical_angle_rad=4.879592896,valid=1,read_failures=0"
dengfoc,"SYNC_TRUTH,sequence=100832,truth_tick_us=202099588,mechanical_angle_rad=4.881126881,valid=1,read_failures=0"
dengfoc,"SYNC_TRUTH,sequence=100833,truth_tick_us=202101584,mechanical_angle_rad=4.879592896,valid=1,read_failures=0"
dengfoc,"SYNC_TRUTH,sequence=100834,truth_tick_us=202103588,mechanical_angle_rad=4.879592896,valid=1,read_failures=0"
dengfoc,"SYNC_TRUTH,sequence=100835,truth_tick_us=202105584,mechanical_angle_rad=4.879592896,valid=1,read_failures=0"
dengfoc,"SYNC_TRUTH,sequence=100836,truth_tick_us=202107588,mechanical_angle_rad=4.879592896,valid=1,read_failures=0"
dengfoc,"SYNC_TRUTH,sequence=100837,truth_tick_us=202109584,mechanical_angle_rad=4.879592896,valid=1,read_failures=0"
dengfoc,"SYNC_TRUTH,sequence=100838,truth_tick_us=202111588,mechanical_angle_rad=4.879592896,valid=1,read_failures=0"
dengfoc,"SYNC_TRUTH,sequence=100839,truth_tick_us=202113584,mechanical_angle_rad=4.881126881,valid=1,read_failures=0"
dengfoc,"SYNC_TRUTH,sequence=100840,truth_tick_us=202115588,mechanical_angle_rad=4.879592896,valid=1,read_failures=0"
dengfoc,"SYNC_TRUTH,sequence=100841,truth_tick_us=202117584,mechanical_angle_rad=4.881126881,valid=1,read_failures=0"
dengfoc,"SYNC_TRUTH,sequence=100842,truth_tick_us=202119588,mechanical_angle_rad=4.879592896,valid=1,read_failures=0"
dengfoc,"SYNC_TRUTH,sequence=100843,truth_tick_us=202121584,mechanical_angle_rad=4.879592896,valid=1,read_failures=0"
dengfoc,"SYNC_TRUTH,sequence=100844,truth_tick_us=202123588,mechanical_angle_rad=4.879592896,valid=1,read_failures=0"
dengfoc,"SYNC_TRUTH,sequence=100845,truth_tick_us=202125584,mechanical_angle_rad=4.879592896,valid=1,read_failures=0"
dengfoc,"SYNC_TRUTH,sequence=100846,truth_tick_us=202127588,mechanical_angle_rad=4.881126881,valid=1,read_failures=0"
dengfoc,"SYNC_TRUTH,sequence=100847,truth_tick_us=202129584,mechanical_angle_rad=4.879592896,valid=1,read_failures=0"
dengfoc,"SYNC_TRUTH,sequence=100848,truth_tick_us=202131588,mechanical_angle_rad=4.879592896,valid=1,read_failures=0"
dengfoc,"SYNC_TRUTH,sequence=100849,truth_tick_us=202133584,mechanical_angle_rad=4.879592896,valid=1,read_failures=0"
dengfoc,"SYNC_TRUTH,sequence=100850,truth_tick_us=202135588,mechanical_angle_rad=4.879592896,valid=1,read_failures=0"
dengfoc,"SYNC_TRUTH,sequence=100851,truth_tick_us=202137584,mechanical_angle_rad=4.881126881,valid=1,read_failures=0"
dengfoc,"SYNC_TRUTH,sequence=100852,truth_tick_us=202139588,mechanical_angle_rad=4.879592896,valid=1,read_failures=0"
dengfoc,"SYNC_TRUTH,sequence=100853,truth_tick_us=202141584,mechanical_angle_rad=4.879592896,valid=1,read_failures=0"
dengfoc,"SYNC_TRUTH,sequence=100854,truth_tick_us=202143588,mechanical_angle_rad=4.879592896,valid=1,read_failures=0"
dengfoc,"SYNC_TRUTH,sequence=100855,truth_tick_us=202145584,mechanical_angle_rad=4.879592896,valid=1,read_failures=0"
dengfoc,"SYNC_TRUTH,sequence=100856,truth_tick_us=202147588,mechanical_angle_rad=4.879592896,valid=1,read_failures=0"
dengfoc,"SYNC_TRUTH,sequence=100857,truth_tick_us=202149584,mechanical_angle_rad=4.879592896,valid=1,read_failures=0"
dengfoc,"SYNC_TRUTH,sequence=100858,truth_tick_us=202151588,mechanical_angle_rad=4.879592896,valid=1,read_failures=0"
dengfoc,"SYNC_TRUTH,sequence=100859,truth_tick_us=202153584,mechanical_angle_rad=4.879592896,valid=1,read_failures=0"
dengfoc,"SYNC_TRUTH,sequence=100860,truth_tick_us=202155588,mechanical_angle_rad=4.881126881,valid=1,read_failures=0"
dengfoc,"SYNC_TRUTH,sequence=100861,truth_tick_us=202157584,mechanical_angle_rad=4.879592896,valid=1,read_failures=0"
dengfoc,"SYNC_TRUTH,sequence=100862,truth_tick_us=202159588,mechanical_angle_rad=4.881126881,valid=1,read_failures=0"
dengfoc,"SYNC_TRUTH,sequence=100863,truth_tick_us=202161584,mechanical_angle_rad=4.881126881,valid=1,read_failures=0"
dengfoc,"SYNC_TRUTH,sequence=100864,truth_tick_us=202163588,mechanical_angle_rad=4.879592896,valid=1,read_failures=0"
dengfoc,"SYNC_TRUTH,sequence=100865,truth_tick_us=202165584,mechanical_angle_rad=4.881126881,valid=1,read_failures=0"
dengfoc,"SYNC_TRUTH,sequence=100866,truth_tick_us=202167588,mechanical_angle_rad=4.881126881,valid=1,read_failures=0"
dengfoc,"SYNC_TRUTH,sequence=100867,truth_tick_us=202169584,mechanical_angle_rad=4.881126881,valid=1,read_failures=0"
dengfoc,"SYNC_TRUTH,sequence=100868,truth_tick_us=202171588,mechanical_angle_rad=4.881126881,valid=1,read_failures=0"
dengfoc,"SYNC_TRUTH,sequence=100869,truth_tick_us=202173584,mechanical_angle_rad=4.881126881,valid=1,read_failures=0"
dengfoc,"SYNC_TRUTH,sequence=100870,truth_tick_us=202175588,mechanical_angle_rad=4.879592896,valid=1,read_failures=0"
dengfoc,"SYNC_TRUTH,sequence=100871,truth_tick_us=202177584,mechanical_angle_rad=4.879592896,valid=1,read_failures=0"
dengfoc,"SYNC_TRUTH,sequence=100872,truth_tick_us=202179588,mechanical_angle_rad=4.879592896,valid=1,read_failures=0"
dengfoc,"SYNC_TRUTH,sequence=100873,truth_tick_us=202181584,mechanical_angle_rad=4.879592896,valid=1,read_failures=0"
dengfoc,"SYNC_TRUTH,sequence=100874,truth_tick_us=202183588,mechanical_angle_rad=4.881126881,valid=1,read_failures=0"
dengfoc,"SYNC_TRUTH,sequence=100875,truth_tick_us=202185584,mechanical_angle_rad=4.879592896,valid=1,read_failures=0"
dengfoc,"SYNC_TRUTH,sequence=100876,truth_tick_us=202187588,mechanical_angle_rad=4.879592896,valid=1,read_failures=0"
dengfoc,"SYNC_TRUTH,sequence=100877,truth_tick_us=202189584,mechanical_angle_rad=4.881126881,valid=1,read_failures=0"
dengfoc,"SYNC_TRUTH,sequence=100878,truth_tick_us=202191588,mechanical_angle_rad=4.879592896,valid=1,read_failures=0"
dengfoc,"SYNC_TRUTH,sequence=100879,truth_tick_us=202193584,mechanical_angle_rad=4.881126881,valid=1,read_failures=0"
dengfoc,"SYNC_STATUS,frames=20,frame_fail=0,truth=100879,truth_fail=0,idle=0,capture_state=1,capture_failure=0,rejected=0,overflow=0,driver_disabled=1"
dengfoc,"SYNC_TRUTH,sequence=100880,truth_tick_us=202196592,mechanical_angle_rad=4.881126881,valid=1,read_failures=0"
dengfoc,"SYNC_TRUTH,sequence=100881,truth_tick_us=202198584,mechanical_angle_rad=4.881126881,valid=1,read_failures=0"
dengfoc,"SYNC_TRUTH,sequence=100882,truth_tick_us=202200588,mechanical_angle_rad=4.879592896,valid=1,read_failures=0"
dengfoc,"SYNC_TRUTH,sequence=100883,truth_tick_us=202202584,mechanical_angle_rad=4.879592896,valid=1,read_failures=0"
dengfoc,"SYNC_TRUTH,sequence=100884,truth_tick_us=202204588,mechanical_angle_rad=4.879592896,valid=1,read_failures=0"
dengfoc,"SYNC_TRUTH,sequence=100885,truth_tick_us=202206584,mechanical_angle_rad=4.879592896,valid=1,read_failures=0"
dengfoc,"SYNC_TRUTH,sequence=100886,truth_tick_us=202208588,mechanical_angle_rad=4.879592896,valid=1,read_failures=0"
dengfoc,"SYNC_TRUTH,sequence=100887,truth_tick_us=202210584,mechanical_angle_rad=4.881126881,valid=1,read_failures=0"
dengfoc,"SYNC_TRUTH,sequence=100888,truth_tick_us=202212588,mechanical_angle_rad=4.879592896,valid=1,read_failures=0"
dengfoc,"SYNC_TRUTH,sequence=100889,truth_tick_us=202214584,mechanical_angle_rad=4.881126881,valid=1,read_failures=0"
dengfoc,"SYNC_TRUTH,sequence=100890,truth_tick_us=202216588,mechanical_angle_rad=4.879592896,valid=1,read_failures=0"
dengfoc,"SYNC_TRUTH,sequence=100891,truth_tick_us=202218584,mechanical_angle_rad=4.881126881,valid=1,read_failures=0"
dengfoc,"SYNC_TRUTH,sequence=100892,truth_tick_us=202220588,mechanical_angle_rad=4.879592896,valid=1,read_failures=0"
dengfoc,"SYNC_TRUTH,sequence=100893,truth_tick_us=202222584,mechanical_angle_rad=4.879592896,valid=1,read_failures=0"
dengfoc,"SYNC_TRUTH,sequence=100894,truth_tick_us=202224588,mechanical_angle_rad=4.881126881,valid=1,read_failures=0"
dengfoc,"SYNC_TRUTH,sequence=100895,truth_tick_us=202226584,mechanical_angle_rad=4.879592896,valid=1,read_failures=0"
dengfoc,"SYNC_TRUTH,sequence=100896,truth_tick_us=202228588,mechanical_angle_rad=4.881126881,valid=1,read_failures=0"
dengfoc,"SYNC_TRUTH,sequence=100897,truth_tick_us=202230584,mechanical_angle_rad=4.879592896,valid=1,read_failures=0"
dengfoc,"SYNC_TRUTH,sequence=100898,truth_tick_us=202232588,mechanical_angle_rad=4.881126881,valid=1,read_failures=0"
dengfoc,"SYNC_TRUTH,sequence=100899,truth_tick_us=202234584,mechanical_angle_rad=4.881126881,valid=1,read_failures=0"
dengfoc,"SYNC_TRUTH,sequence=100900,truth_tick_us=202236588,mechanical_angle_rad=4.879592896,valid=1,read_failures=0"
dengfoc,"SYNC_TRUTH,sequence=100901,truth_tick_us=202238584,mechanical_angle_rad=4.879592896,valid=1,read_failures=0"
dengfoc,"SYNC_TRUTH,sequence=100902,truth_tick_us=202240588,mechanical_angle_rad=4.879592896,valid=1,read_failures=0"
dengfoc,"SYNC_TRUTH,sequence=100903,truth_tick_us=202242584,mechanical_angle_rad=4.879592896,valid=1,read_failures=0"
dengfoc,"SYNC_TRUTH,sequence=100904,truth_tick_us=202244588,mechanical_angle_rad=4.879592896,valid=1,read_failures=0"
dengfoc,"SYNC_TRUTH,sequence=100905,truth_tick_us=202246584,mechanical_angle_rad=4.881126881,valid=1,read_failures=0"
dengfoc,"SYNC_TRUTH,sequence=100906,truth_tick_us=202248588,mechanical_angle_rad=4.879592896,valid=1,read_failures=0"
dengfoc,"SYNC_TRUTH,sequence=100907,truth_tick_us=202250584,mechanical_angle_rad=4.879592896,valid=1,read_failures=0"
dengfoc,"SYNC_TRUTH,sequence=100908,truth_tick_us=202252588,mechanical_angle_rad=4.879592896,valid=1,read_failures=0"
dengfoc,"SYNC_TRUTH,sequence=100909,truth_tick_us=202254584,mechanical_angle_rad=4.881126881,valid=1,read_failures=0"
dengfoc,"SYNC_TRUTH,sequence=100910,truth_tick_us=202256588,mechanical_angle_rad=4.879592896,valid=1,read_failures=0"
dengfoc,"SYNC_TRUTH,sequence=100911,truth_tick_us=202258584,mechanical_angle_rad=4.879592896,valid=1,read_failures=0"
dengfoc,"SYNC_TRUTH,sequence=100912,truth_tick_us=202260588,mechanical_angle_rad=4.879592896,valid=1,read_failures=0"
dengfoc,"SYNC_TRUTH,sequence=100913,truth_tick_us=202262584,mechanical_angle_rad=4.881126881,valid=1,read_failures=0"
dengfoc,"SYNC_TRUTH,sequence=100914,truth_tick_us=202264588,mechanical_angle_rad=4.881126881,valid=1,read_failures=0"
dengfoc,"SYNC_TRUTH,sequence=100915,truth_tick_us=202266584,mechanical_angle_rad=4.879592896,valid=1,read_failures=0"
dengfoc,"SYNC_TRUTH,sequence=100916,truth_tick_us=202268588,mechanical_angle_rad=4.881126881,valid=1,read_failures=0"
dengfoc,"SYNC_TRUTH,sequence=100917,truth_tick_us=202270584,mechanical_angle_rad=4.881126881,valid=1,read_failures=0"
dengfoc,"SYNC_TRUTH,sequence=100918,truth_tick_us=202272588,mechanical_angle_rad=4.879592896,valid=1,read_failures=0"
dengfoc,"SYNC_TRUTH,sequence=100919,truth_tick_us=202274584,mechanical_angle_rad=4.881126881,valid=1,read_failures=0"
dengfoc,"SYNC_TRUTH,sequence=100920,truth_tick_us=202276588,mechanical_angle_rad=4.879592896,valid=1,read_failures=0"
dengfoc,"SYNC_TRUTH,sequence=100921,truth_tick_us=202278584,mechanical_angle_rad=4.879592896,valid=1,read_failures=0"
dengfoc,"SYNC_TRUTH,sequence=100922,truth_tick_us=202280588,mechanical_angle_rad=4.879592896,valid=1,read_failures=0"
dengfoc,"SYNC_TRUTH,sequence=100923,truth_tick_us=202282584,mechanical_angle_rad=4.879592896,valid=1,read_failures=0"
dengfoc,"SYNC_TRUTH,sequence=100924,truth_tick_us=202284588,mechanical_angle_rad=4.879592896,valid=1,read_failures=0"
dengfoc,"SYNC_TRUTH,sequence=100925,truth_tick_us=202286584,mechanical_angle_rad=4.879592896,valid=1,read_failures=0"
dengfoc,"SYNC_TRUTH,sequence=100926,truth_tick_us=202288588,mechanical_angle_rad=4.879592896,valid=1,read_failures=0"
dengfoc,"SYNC_TRUTH,sequence=100927,truth_tick_us=202290584,mechanical_angle_rad=4.879592896,valid=1,read_failures=0"
g431,foc_h3_sync_send 20261004 140 240
dengfoc,"SYNC_TRUTH,sequence=100928,truth_tick_us=202292588,mechanical_angle_rad=4.879592896,valid=1,read_failures=0"
dengfoc,"SYNC_TRUTH,sequence=100929,truth_tick_us=202294584,mechanical_angle_rad=4.879592896,valid=1,read_failures=0"
dengfoc,"SYNC_TRUTH,sequence=100930,truth_tick_us=202296588,mechanical_angle_rad=4.879592896,valid=1,read_failures=0"
dengfoc,"SYNC_TRUTH,sequence=100931,truth_tick_us=202298584,mechanical_angle_rad=4.879592896,valid=1,read_failures=0"
g431,"FH3_SYNC_SEND,1,196608,2,63,62,0,62,0,0,4294967295,0,20261004,140,240,0,47,0,0,0"
g431,msh >
dengfoc,"SYNC_TRUTH,sequence=100932,truth_tick_us=202300592,mechanical_angle_rad=4.881126881,valid=1,read_failures=0"
dengfoc,"SYNC_TRUTH,sequence=100933,truth_tick_us=202302584,mechanical_angle_rad=4.879592896,valid=1,read_failures=0"
dengfoc,"SYNC_ANCHOR_RX,session=20261004,edge_sequence=140,edge_tag=240,truth_tick_us=202294440,source=2,flags=0x00000003"
dengfoc,"SYNC_TRUTH,sequence=100934,truth_tick_us=202305596,mechanical_angle_rad=4.881126881,valid=1,read_failures=0"
dengfoc,"SYNC_TRUTH,sequence=100935,truth_tick_us=202307584,mechanical_angle_rad=4.879592896,valid=1,read_failures=0"
dengfoc,"SYNC_TRUTH,sequence=100936,truth_tick_us=202309588,mechanical_angle_rad=4.879592896,valid=1,read_failures=0"
dengfoc,"SYNC_TRUTH,sequence=100937,truth_tick_us=202311584,mechanical_angle_rad=4.881126881,valid=1,read_failures=0"
dengfoc,"SYNC_TRUTH,sequence=100938,truth_tick_us=202313588,mechanical_angle_rad=4.879592896,valid=1,read_failures=0"
dengfoc,"SYNC_TRUTH,sequence=100939,truth_tick_us=202315584,mechanical_angle_rad=4.879592896,valid=1,read_failures=0"
dengfoc,"SYNC_TRUTH,sequence=100940,truth_tick_us=202317588,mechanical_angle_rad=4.881126881,valid=1,read_failures=0"
dengfoc,"SYNC_TRUTH,sequence=100941,truth_tick_us=202319584,mechanical_angle_rad=4.881126881,valid=1,read_failures=0"
dengfoc,"SYNC_TRUTH,sequence=100942,truth_tick_us=202321588,mechanical_angle_rad=4.879592896,valid=1,read_failures=0"
dengfoc,"SYNC_TRUTH,sequence=100943,truth_tick_us=202323584,mechanical_angle_rad=4.879592896,valid=1,read_failures=0"
dengfoc,"SYNC_TRUTH,sequence=100944,truth_tick_us=202325588,mechanical_angle_rad=4.879592896,valid=1,read_failures=0"
g431,msh >
dengfoc,"SYNC_TRUTH,sequence=100945,truth_tick_us=202327584,mechanical_angle_rad=4.879592896,valid=1,read_failures=0"
dengfoc,"SYNC_TRUTH,sequence=100946,truth_tick_us=202329588,mechanical_angle_rad=4.879592896,valid=1,read_failures=0"
dengfoc,"SYNC_TRUTH,sequence=100947,truth_tick_us=202331584,mechanical_angle_rad=4.881126881,valid=1,read_failures=0"
dengfoc,"SYNC_TRUTH,sequence=100948,truth_tick_us=202333588,mechanical_angle_rad=4.881126881,valid=1,read_failures=0"
dengfoc,"SYNC_TRUTH,sequence=100949,truth_tick_us=202335584,mechanical_angle_rad=4.879592896,valid=1,read_failures=0"
dengfoc,"SYNC_TRUTH,sequence=100950,truth_tick_us=202337588,mechanical_angle_rad=4.881126881,valid=1,read_failures=0"
dengfoc,"SYNC_TRUTH,sequence=100951,truth_tick_us=202339584,mechanical_angle_rad=4.879592896,valid=1,read_failures=0"
dengfoc,"SYNC_TRUTH,sequence=100952,truth_tick_us=202341588,mechanical_angle_rad=4.879592896,valid=1,read_failures=0"
dengfoc,"SYNC_TRUTH,sequence=100953,truth_tick_us=202343584,mechanical_angle_rad=4.881126881,valid=1,read_failures=0"
dengfoc,"SYNC_TRUTH,sequence=100954,truth_tick_us=202345588,mechanical_angle_rad=4.881126881,valid=1,read_failures=0"
dengfoc,"SYNC_TRUTH,sequence=100955,truth_tick_us=202347584,mechanical_angle_rad=4.879592896,valid=1,read_failures=0"
dengfoc,"SYNC_TRUTH,sequence=100956,truth_tick_us=202349588,mechanical_angle_rad=4.879592896,valid=1,read_failures=0"
dengfoc,"SYNC_TRUTH,sequence=100957,truth_tick_us=202351584,mechanical_angle_rad=4.879592896,valid=1,read_failures=0"
dengfoc,"SYNC_TRUTH,sequence=100958,truth_tick_us=202353588,mechanical_angle_rad=4.881126881,valid=1,read_failures=0"
dengfoc,"SYNC_TRUTH,sequence=100959,truth_tick_us=202355584,mechanical_angle_rad=4.879592896,valid=1,read_failures=0"
dengfoc,"SYNC_TRUTH,sequence=100960,truth_tick_us=202357588,mechanical_angle_rad=4.879592896,valid=1,read_failures=0"
dengfoc,"SYNC_TRUTH,sequence=100961,truth_tick_us=202359584,mechanical_angle_rad=4.881126881,valid=1,read_failures=0"
dengfoc,"SYNC_TRUTH,sequence=100962,truth_tick_us=202361588,mechanical_angle_rad=4.879592896,valid=1,read_failures=0"
dengfoc,"SYNC_TRUTH,sequence=100963,truth_tick_us=202363584,mechanical_angle_rad=4.879592896,valid=1,read_failures=0"
dengfoc,"SYNC_TRUTH,sequence=100964,truth_tick_us=202365588,mechanical_angle_rad=4.879592896,valid=1,read_failures=0"
dengfoc,"SYNC_TRUTH,sequence=100965,truth_tick_us=202367584,mechanical_angle_rad=4.879592896,valid=1,read_failures=0"
dengfoc,"SYNC_TRUTH,sequence=100966,truth_tick_us=202369588,mechanical_angle_rad=4.879592896,valid=1,read_failures=0"
dengfoc,"SYNC_TRUTH,sequence=100967,truth_tick_us=202371584,mechanical_angle_rad=4.881126881,valid=1,read_failures=0"
dengfoc,"SYNC_TRUTH,sequence=100968,truth_tick_us=202373588,mechanical_angle_rad=4.879592896,valid=1,read_failures=0"
dengfoc,"SYNC_TRUTH,sequence=100969,truth_tick_us=202375584,mechanical_angle_rad=4.879592896,valid=1,read_failures=0"
dengfoc,"SYNC_TRUTH,sequence=100970,truth_tick_us=202377588,mechanical_angle_rad=4.881126881,valid=1,read_failures=0"
dengfoc,"SYNC_TRUTH,sequence=100971,truth_tick_us=202379584,mechanical_angle_rad=4.881126881,valid=1,read_failures=0"
dengfoc,"SYNC_TRUTH,sequence=100972,truth_tick_us=202381588,mechanical_angle_rad=4.881126881,valid=1,read_failures=0"
dengfoc,"SYNC_TRUTH,sequence=100973,truth_tick_us=202383584,mechanical_angle_rad=4.879592896,valid=1,read_failures=0"
dengfoc,"SYNC_TRUTH,sequence=100974,truth_tick_us=202385588,mechanical_angle_rad=4.879592896,valid=1,read_failures=0"
dengfoc,"SYNC_TRUTH,sequence=100975,truth_tick_us=202387584,mechanical_angle_rad=4.881126881,valid=1,read_failures=0"
dengfoc,"SYNC_TRUTH,sequence=100976,truth_tick_us=202389588,mechanical_angle_rad=4.879592896,valid=1,read_failures=0"
dengfoc,"SYNC_TRUTH,sequence=100977,truth_tick_us=202391584,mechanical_angle_rad=4.881126881,valid=1,read_failures=0"
dengfoc,"SYNC_TRUTH,sequence=100978,truth_tick_us=202393588,mechanical_angle_rad=4.879592896,valid=1,read_failures=0"
dengfoc,"SYNC_TRUTH,sequence=100979,truth_tick_us=202395584,mechanical_angle_rad=4.881126881,valid=1,read_failures=0"
dengfoc,"SYNC_TRUTH,sequence=100980,truth_tick_us=202397588,mechanical_angle_rad=4.881126881,valid=1,read_failures=0"
dengfoc,"SYNC_TRUTH,sequence=100981,truth_tick_us=202399584,mechanical_angle_rad=4.881126881,valid=1,read_failures=0"
dengfoc,"SYNC_TRUTH,sequence=100982,truth_tick_us=202401588,mechanical_angle_rad=4.879592896,valid=1,read_failures=0"
dengfoc,"SYNC_TRUTH,sequence=100983,truth_tick_us=202403584,mechanical_angle_rad=4.879592896,valid=1,read_failures=0"
dengfoc,"SYNC_TRUTH,sequence=100984,truth_tick_us=202405588,mechanical_angle_rad=4.881126881,valid=1,read_failures=0"
dengfoc,"SYNC_TRUTH,sequence=100985,truth_tick_us=202407584,mechanical_angle_rad=4.879592896,valid=1,read_failures=0"
dengfoc,"SYNC_TRUTH,sequence=100986,truth_tick_us=202409588,mechanical_angle_rad=4.879592896,valid=1,read_failures=0"
dengfoc,"SYNC_TRUTH,sequence=100987,truth_tick_us=202411584,mechanical_angle_rad=4.879592896,valid=1,read_failures=0"
dengfoc,"SYNC_TRUTH,sequence=100988,truth_tick_us=202413588,mechanical_angle_rad=4.881126881,valid=1,read_failures=0"
dengfoc,"SYNC_TRUTH,sequence=100989,truth_tick_us=202415584,mechanical_angle_rad=4.879592896,valid=1,read_failures=0"
dengfoc,"SYNC_TRUTH,sequence=100990,truth_tick_us=202417588,mechanical_angle_rad=4.879592896,valid=1,read_failures=0"
dengfoc,"SYNC_TRUTH,sequence=100991,truth_tick_us=202419584,mechanical_angle_rad=4.879592896,valid=1,read_failures=0"
dengfoc,"SYNC_TRUTH,sequence=100992,truth_tick_us=202421588,mechanical_angle_rad=4.879592896,valid=1,read_failures=0"
dengfoc,"SYNC_TRUTH,sequence=100993,truth_tick_us=202423584,mechanical_angle_rad=4.879592896,valid=1,read_failures=0"
dengfoc,"SYNC_TRUTH,sequence=100994,truth_tick_us=202425588,mechanical_angle_rad=4.879592896,valid=1,read_failures=0"
dengfoc,"SYNC_TRUTH,sequence=100995,truth_tick_us=202427584,mechanical_angle_rad=4.879592896,valid=1,read_failures=0"
dengfoc,"SYNC_TRUTH,sequence=100996,truth_tick_us=202429588,mechanical_angle_rad=4.879592896,valid=1,read_failures=0"
dengfoc,"SYNC_TRUTH,sequence=100997,truth_tick_us=202431584,mechanical_angle_rad=4.879592896,valid=1,read_failures=0"
dengfoc,"SYNC_TRUTH,sequence=100998,truth_tick_us=202433588,mechanical_angle_rad=4.881126881,valid=1,read_failures=0"
dengfoc,"SYNC_TRUTH,sequence=100999,truth_tick_us=202435584,mechanical_angle_rad=4.881126881,valid=1,read_failures=0"
dengfoc,"SYNC_TRUTH,sequence=101000,truth_tick_us=202437588,mechanical_angle_rad=4.879592896,valid=1,read_failures=0"
dengfoc,"SYNC_TRUTH,sequence=101001,truth_tick_us=202439584,mechanical_angle_rad=4.879592896,valid=1,read_failures=0"
dengfoc,"SYNC_TRUTH,sequence=101002,truth_tick_us=202441588,mechanical_angle_rad=4.879592896,valid=1,read_failures=0"
dengfoc,"SYNC_TRUTH,sequence=101003,truth_tick_us=202443584,mechanical_angle_rad=4.879592896,valid=1,read_failures=0"
dengfoc,"SYNC_TRUTH,sequence=101004,truth_tick_us=202445588,mechanical_angle_rad=4.879592896,valid=1,read_failures=0"
dengfoc,"SYNC_TRUTH,sequence=101005,truth_tick_us=202447584,mechanical_angle_rad=4.881126881,valid=1,read_failures=0"
dengfoc,"SYNC_TRUTH,sequence=101006,truth_tick_us=202449588,mechanical_angle_rad=4.881126881,valid=1,read_failures=0"
dengfoc,"SYNC_TRUTH,sequence=101007,truth_tick_us=202451584,mechanical_angle_rad=4.881126881,valid=1,read_failures=0"
dengfoc,"SYNC_TRUTH,sequence=101008,truth_tick_us=202453588,mechanical_angle_rad=4.881126881,valid=1,read_failures=0"
dengfoc,"SYNC_TRUTH,sequence=101009,truth_tick_us=202455584,mechanical_angle_rad=4.879592896,valid=1,read_failures=0"
dengfoc,"SYNC_TRUTH,sequence=101010,truth_tick_us=202457588,mechanical_angle_rad=4.879592896,valid=1,read_failures=0"
dengfoc,"SYNC_TRUTH,sequence=101011,truth_tick_us=202459584,mechanical_angle_rad=4.879592896,valid=1,read_failures=0"
dengfoc,"SYNC_TRUTH,sequence=101012,truth_tick_us=202461588,mechanical_angle_rad=4.879592896,valid=1,read_failures=0"
dengfoc,"SYNC_TRUTH,sequence=101013,truth_tick_us=202463584,mechanical_angle_rad=4.879592896,valid=1,read_failures=0"
dengfoc,"SYNC_TRUTH,sequence=101014,truth_tick_us=202465588,mechanical_angle_rad=4.879592896,valid=1,read_failures=0"
dengfoc,"SYNC_TRUTH,sequence=101015,truth_tick_us=202467584,mechanical_angle_rad=4.879592896,valid=1,read_failures=0"
dengfoc,"SYNC_TRUTH,sequence=101016,truth_tick_us=202469588,mechanical_angle_rad=4.881126881,valid=1,read_failures=0"
dengfoc,"SYNC_TRUTH,sequence=101017,truth_tick_us=202471584,mechanical_angle_rad=4.881126881,valid=1,read_failures=0"
dengfoc,"SYNC_TRUTH,sequence=101018,truth_tick_us=202473588,mechanical_angle_rad=4.879592896,valid=1,read_failures=0"
dengfoc,"SYNC_TRUTH,sequence=101019,truth_tick_us=202475584,mechanical_angle_rad=4.881126881,valid=1,read_failures=0"
dengfoc,"SYNC_TRUTH,sequence=101020,truth_tick_us=202477588,mechanical_angle_rad=4.879592896,valid=1,read_failures=0"
dengfoc,"SYNC_TRUTH,sequence=101021,truth_tick_us=202479584,mechanical_angle_rad=4.879592896,valid=1,read_failures=0"
dengfoc,"SYNC_TRUTH,sequence=101022,truth_tick_us=202481588,mechanical_angle_rad=4.879592896,valid=1,read_failures=0"
dengfoc,"SYNC_TRUTH,sequence=101023,truth_tick_us=202483584,mechanical_angle_rad=4.881126881,valid=1,read_failures=0"
dengfoc,"SYNC_TRUTH,sequence=101024,truth_tick_us=202485588,mechanical_angle_rad=4.879592896,valid=1,read_failures=0"
dengfoc,"SYNC_TRUTH,sequence=101025,truth_tick_us=202487584,mechanical_angle_rad=4.879592896,valid=1,read_failures=0"
dengfoc,"SYNC_TRUTH,sequence=101026,truth_tick_us=202489588,mechanical_angle_rad=4.881126881,valid=1,read_failures=0"
dengfoc,"SYNC_TRUTH,sequence=101027,truth_tick_us=202491584,mechanical_angle_rad=4.879592896,valid=1,read_failures=0"
dengfoc,"SYNC_TRUTH,sequence=101028,truth_tick_us=202493588,mechanical_angle_rad=4.879592896,valid=1,read_failures=0"
dengfoc,"SYNC_TRUTH,sequence=101029,truth_tick_us=202495584,mechanical_angle_rad=4.879592896,valid=1,read_failures=0"
dengfoc,"SYNC_TRUTH,sequence=101030,truth_tick_us=202497588,mechanical_angle_rad=4.879592896,valid=1,read_failures=0"
dengfoc,"SYNC_TRUTH,sequence=101031,truth_tick_us=202499584,mechanical_angle_rad=4.881126881,valid=1,read_failures=0"
dengfoc,"SYNC_TRUTH,sequence=101032,truth_tick_us=202501588,mechanical_angle_rad=4.879592896,valid=1,read_failures=0"
dengfoc,"SYNC_TRUTH,sequence=101033,truth_tick_us=202503584,mechanical_angle_rad=4.879592896,valid=1,read_failures=0"
dengfoc,"SYNC_TRUTH,sequence=101034,truth_tick_us=202505588,mechanical_angle_rad=4.879592896,valid=1,read_failures=0"
dengfoc,"SYNC_TRUTH,sequence=101035,truth_tick_us=202507584,mechanical_angle_rad=4.879592896,valid=1,read_failures=0"
dengfoc,"SYNC_TRUTH,sequence=101036,truth_tick_us=202509588,mechanical_angle_rad=4.881126881,valid=1,read_failures=0"
dengfoc,"SYNC_TRUTH,sequence=101037,truth_tick_us=202511584,mechanical_angle_rad=4.879592896,valid=1,read_failures=0"
dengfoc,"SYNC_TRUTH,sequence=101038,truth_tick_us=202513588,mechanical_angle_rad=4.879592896,valid=1,read_failures=0"
dengfoc,"SYNC_TRUTH,sequence=101039,truth_tick_us=202515584,mechanical_angle_rad=4.879592896,valid=1,read_failures=0"
dengfoc,"SYNC_TRUTH,sequence=101040,truth_tick_us=202517588,mechanical_angle_rad=4.881126881,valid=1,read_failures=0"
dengfoc,"SYNC_TRUTH,sequence=101041,truth_tick_us=202519584,mechanical_angle_rad=4.879592896,valid=1,read_failures=0"
dengfoc,"SYNC_TRUTH,sequence=101042,truth_tick_us=202521588,mechanical_angle_rad=4.879592896,valid=1,read_failures=0"
dengfoc,"SYNC_TRUTH,sequence=101043,truth_tick_us=202523584,mechanical_angle_rad=4.879592896,valid=1,read_failures=0"
dengfoc,"SYNC_TRUTH,sequence=101044,truth_tick_us=202525588,mechanical_angle_rad=4.881126881,valid=1,read_failures=0"
dengfoc,"SYNC_TRUTH,sequence=101045,truth_tick_us=202527584,mechanical_angle_rad=4.881126881,valid=1,read_failures=0"
dengfoc,"SYNC_TRUTH,sequence=101046,truth_tick_us=202529588,mechanical_angle_rad=4.879592896,valid=1,read_failures=0"
dengfoc,"SYNC_TRUTH,sequence=101047,truth_tick_us=202531584,mechanical_angle_rad=4.879592896,valid=1,read_failures=0"
dengfoc,"SYNC_TRUTH,sequence=101048,truth_tick_us=202533588,mechanical_angle_rad=4.879592896,valid=1,read_failures=0"
dengfoc,"SYNC_TRUTH,sequence=101049,truth_tick_us=202535584,mechanical_angle_rad=4.879592896,valid=1,read_failures=0"
dengfoc,"SYNC_TRUTH,sequence=101050,truth_tick_us=202537588,mechanical_angle_rad=4.881126881,valid=1,read_failures=0"
dengfoc,"SYNC_TRUTH,sequence=101051,truth_tick_us=202539584,mechanical_angle_rad=4.879592896,valid=1,read_failures=0"
dengfoc,"SYNC_TRUTH,sequence=101052,truth_tick_us=202541588,mechanical_angle_rad=4.879592896,valid=1,read_failures=0"
dengfoc,"SYNC_TRUTH,sequence=101053,truth_tick_us=202543584,mechanical_angle_rad=4.879592896,valid=1,read_failures=0"
dengfoc,"SYNC_TRUTH,sequence=101054,truth_tick_us=202545588,mechanical_angle_rad=4.879592896,valid=1,read_failures=0"
dengfoc,"SYNC_TRUTH,sequence=101055,truth_tick_us=202547584,mechanical_angle_rad=4.879592896,valid=1,read_failures=0"
dengfoc,"SYNC_TRUTH,sequence=101056,truth_tick_us=202549588,mechanical_angle_rad=4.881126881,valid=1,read_failures=0"
dengfoc,"SYNC_TRUTH,sequence=101057,truth_tick_us=202551584,mechanical_angle_rad=4.879592896,valid=1,read_failures=0"
dengfoc,"SYNC_TRUTH,sequence=101058,truth_tick_us=202553588,mechanical_angle_rad=4.881126881,valid=1,read_failures=0"
dengfoc,"SYNC_TRUTH,sequence=101059,truth_tick_us=202555584,mechanical_angle_rad=4.879592896,valid=1,read_failures=0"
dengfoc,"SYNC_TRUTH,sequence=101060,truth_tick_us=202557588,mechanical_angle_rad=4.879592896,valid=1,read_failures=0"
dengfoc,"SYNC_TRUTH,sequence=101061,truth_tick_us=202559584,mechanical_angle_rad=4.881126881,valid=1,read_failures=0"
dengfoc,"SYNC_TRUTH,sequence=101062,truth_tick_us=202561588,mechanical_angle_rad=4.879592896,valid=1,read_failures=0"
dengfoc,"SYNC_TRUTH,sequence=101063,truth_tick_us=202563584,mechanical_angle_rad=4.881126881,valid=1,read_failures=0"
dengfoc,"SYNC_TRUTH,sequence=101064,truth_tick_us=202565588,mechanical_angle_rad=4.879592896,valid=1,read_failures=0"
dengfoc,"SYNC_TRUTH,sequence=101065,truth_tick_us=202567584,mechanical_angle_rad=4.879592896,valid=1,read_failures=0"
dengfoc,"SYNC_TRUTH,sequence=101066,truth_tick_us=202569588,mechanical_angle_rad=4.879592896,valid=1,read_failures=0"
dengfoc,"SYNC_TRUTH,sequence=101067,truth_tick_us=202571584,mechanical_angle_rad=4.879592896,valid=1,read_failures=0"
dengfoc,"SYNC_TRUTH,sequence=101068,truth_tick_us=202573588,mechanical_angle_rad=4.879592896,valid=1,read_failures=0"
dengfoc,"SYNC_TRUTH,sequence=101069,truth_tick_us=202575584,mechanical_angle_rad=4.879592896,valid=1,read_failures=0"
dengfoc,"SYNC_TRUTH,sequence=101070,truth_tick_us=202577588,mechanical_angle_rad=4.879592896,valid=1,read_failures=0"
dengfoc,"SYNC_TRUTH,sequence=101071,truth_tick_us=202579584,mechanical_angle_rad=4.881126881,valid=1,read_failures=0"
dengfoc,"SYNC_TRUTH,sequence=101072,truth_tick_us=202581588,mechanical_angle_rad=4.879592896,valid=1,read_failures=0"
dengfoc,"SYNC_TRUTH,sequence=101073,truth_tick_us=202583584,mechanical_angle_rad=4.881126881,valid=1,read_failures=0"
dengfoc,"SYNC_TRUTH,sequence=101074,truth_tick_us=202585588,mechanical_angle_rad=4.881126881,valid=1,read_failures=0"
dengfoc,"SYNC_TRUTH,sequence=101075,truth_tick_us=202587584,mechanical_angle_rad=4.879592896,valid=1,read_failures=0"
dengfoc,"SYNC_TRUTH,sequence=101076,truth_tick_us=202589588,mechanical_angle_rad=4.879592896,valid=1,read_failures=0"
dengfoc,"SYNC_TRUTH,sequence=101077,truth_tick_us=202591584,mechanical_angle_rad=4.879592896,valid=1,read_failures=0"
dengfoc,"SYNC_TRUTH,sequence=101078,truth_tick_us=202593588,mechanical_angle_rad=4.881126881,valid=1,read_failures=0"
dengfoc,"SYNC_TRUTH,sequence=101079,truth_tick_us=202595584,mechanical_angle_rad=4.879592896,valid=1,read_failures=0"
dengfoc,"SYNC_TRUTH,sequence=101080,truth_tick_us=202597588,mechanical_angle_rad=4.879592896,valid=1,read_failures=0"
dengfoc,"SYNC_TRUTH,sequence=101081,truth_tick_us=202599584,mechanical_angle_rad=4.879592896,valid=1,read_failures=0"
dengfoc,"SYNC_TRUTH,sequence=101082,truth_tick_us=202601588,mechanical_angle_rad=4.879592896,valid=1,read_failures=0"
dengfoc,"SYNC_TRUTH,sequence=101083,truth_tick_us=202603584,mechanical_angle_rad=4.879592896,valid=1,read_failures=0"
dengfoc,"SYNC_TRUTH,sequence=101084,truth_tick_us=202605588,mechanical_angle_rad=4.879592896,valid=1,read_failures=0"
dengfoc,"SYNC_TRUTH,sequence=101085,truth_tick_us=202607584,mechanical_angle_rad=4.881126881,valid=1,read_failures=0"
dengfoc,"SYNC_TRUTH,sequence=101086,truth_tick_us=202609588,mechanical_angle_rad=4.881126881,valid=1,read_failures=0"
dengfoc,"SYNC_TRUTH,sequence=101087,truth_tick_us=202611584,mechanical_angle_rad=4.881126881,valid=1,read_failures=0"
dengfoc,"SYNC_TRUTH,sequence=101088,truth_tick_us=202613588,mechanical_angle_rad=4.881126881,valid=1,read_failures=0"
dengfoc,"SYNC_TRUTH,sequence=101089,truth_tick_us=202615584,mechanical_angle_rad=4.879592896,valid=1,read_failures=0"
dengfoc,"SYNC_TRUTH,sequence=101090,truth_tick_us=202617588,mechanical_angle_rad=4.879592896,valid=1,read_failures=0"
dengfoc,"SYNC_TRUTH,sequence=101091,truth_tick_us=202619584,mechanical_angle_rad=4.881126881,valid=1,read_failures=0"
dengfoc,"SYNC_TRUTH,sequence=101092,truth_tick_us=202621588,mechanical_angle_rad=4.879592896,valid=1,read_failures=0"
dengfoc,"SYNC_TRUTH,sequence=101093,truth_tick_us=202623584,mechanical_angle_rad=4.879592896,valid=1,read_failures=0"
dengfoc,"SYNC_TRUTH,sequence=101094,truth_tick_us=202625588,mechanical_angle_rad=4.881126881,valid=1,read_failures=0"
dengfoc,"SYNC_TRUTH,sequence=101095,truth_tick_us=202627584,mechanical_angle_rad=4.879592896,valid=1,read_failures=0"
dengfoc,"SYNC_TRUTH,sequence=101096,truth_tick_us=202629588,mechanical_angle_rad=4.879592896,valid=1,read_failures=0"
dengfoc,"SYNC_TRUTH,sequence=101097,truth_tick_us=202631584,mechanical_angle_rad=4.879592896,valid=1,read_failures=0"
dengfoc,"SYNC_TRUTH,sequence=101098,truth_tick_us=202633588,mechanical_angle_rad=4.879592896,valid=1,read_failures=0"
dengfoc,"SYNC_TRUTH,sequence=101099,truth_tick_us=202635584,mechanical_angle_rad=4.881126881,valid=1,read_failures=0"
dengfoc,"SYNC_TRUTH,sequence=101100,truth_tick_us=202637588,mechanical_angle_rad=4.879592896,valid=1,read_failures=0"
dengfoc,"SYNC_TRUTH,sequence=101101,truth_tick_us=202639584,mechanical_angle_rad=4.879592896,valid=1,read_failures=0"
dengfoc,"SYNC_TRUTH,sequence=101102,truth_tick_us=202641588,mechanical_angle_rad=4.879592896,valid=1,read_failures=0"
dengfoc,"SYNC_TRUTH,sequence=101103,truth_tick_us=202643584,mechanical_angle_rad=4.879592896,valid=1,read_failures=0"
dengfoc,"SYNC_TRUTH,sequence=101104,truth_tick_us=202645588,mechanical_angle_rad=4.879592896,valid=1,read_failures=0"
dengfoc,"SYNC_TRUTH,sequence=101105,truth_tick_us=202647584,mechanical_angle_rad=4.879592896,valid=1,read_failures=0"
dengfoc,"SYNC_TRUTH,sequence=101106,truth_tick_us=202649588,mechanical_angle_rad=4.879592896,valid=1,read_failures=0"
dengfoc,"SYNC_TRUTH,sequence=101107,truth_tick_us=202651584,mechanical_angle_rad=4.879592896,valid=1,read_failures=0"
dengfoc,"SYNC_TRUTH,sequence=101108,truth_tick_us=202653588,mechanical_angle_rad=4.881126881,valid=1,read_failures=0"
dengfoc,"SYNC_TRUTH,sequence=101109,truth_tick_us=202655584,mechanical_angle_rad=4.879592896,valid=1,read_failures=0"
dengfoc,"SYNC_TRUTH,sequence=101110,truth_tick_us=202657588,mechanical_angle_rad=4.879592896,valid=1,read_failures=0"
g431,foc_h3_sync_status
dengfoc,"SYNC_TRUTH,sequence=101111,truth_tick_us=202659584,mechanical_angle_rad=4.881126881,valid=1,read_failures=0"
dengfoc,"SYNC_TRUTH,sequence=101112,truth_tick_us=202661588,mechanical_angle_rad=4.879592896,valid=1,read_failures=0"
dengfoc,"SYNC_TRUTH,sequence=101113,truth_tick_us=202663584,mechanical_angle_rad=4.879592896,valid=1,read_failures=0"
dengfoc,"SYNC_TRUTH,sequence=101114,truth_tick_us=202665588,mechanical_angle_rad=4.879592896,valid=1,read_failures=0"
dengfoc,"SYNC_TRUTH,sequence=101115,truth_tick_us=202667584,mechanical_angle_rad=4.881126881,valid=1,read_failures=0"
g431,"FH3_SYNC_STATUS,1,196608,3,63,63,0,63,101,451458557,15797667,7,20261004,140,240,0,48,100,451458606,49"
g431,msh >
dengfoc,"SYNC_TRUTH,sequence=101116,truth_tick_us=202669588,mechanical_angle_rad=4.879592896,valid=1,read_failures=0"
dengfoc,"SYNC_TRUTH,sequence=101117,truth_tick_us=202671584,mechanical_angle_rad=4.879592896,valid=1,read_failures=0"
dengfoc,"SYNC_TRUTH,sequence=101118,truth_tick_us=202673588,mechanical_angle_rad=4.879592896,valid=1,read_failures=0"
dengfoc,"SYNC_TRUTH,sequence=101119,truth_tick_us=202675584,mechanical_angle_rad=4.879592896,valid=1,read_failures=0"
dengfoc,"SYNC_TRUTH,sequence=101120,truth_tick_us=202677588,mechanical_angle_rad=4.879592896,valid=1,read_failures=0"
dengfoc,"SYNC_TRUTH,sequence=101121,truth_tick_us=202679584,mechanical_angle_rad=4.879592896,valid=1,read_failures=0"
dengfoc,"SYNC_TRUTH,sequence=101122,truth_tick_us=202681588,mechanical_angle_rad=4.879592896,valid=1,read_failures=0"
dengfoc,"SYNC_TRUTH,sequence=101123,truth_tick_us=202683584,mechanical_angle_rad=4.881126881,valid=1,read_failures=0"
dengfoc,"SYNC_TRUTH,sequence=101124,truth_tick_us=202685588,mechanical_angle_rad=4.879592896,valid=1,read_failures=0"
dengfoc,"SYNC_TRUTH,sequence=101125,truth_tick_us=202687584,mechanical_angle_rad=4.879592896,valid=1,read_failures=0"
dengfoc,"SYNC_TRUTH,sequence=101126,truth_tick_us=202689588,mechanical_angle_rad=4.879592896,valid=1,read_failures=0"
dengfoc,"SYNC_TRUTH,sequence=101127,truth_tick_us=202691584,mechanical_angle_rad=4.879592896,valid=1,read_failures=0"
dengfoc,"SYNC_TRUTH,sequence=101128,truth_tick_us=202693588,mechanical_angle_rad=4.879592896,valid=1,read_failures=0"
dengfoc,"SYNC_TRUTH,sequence=101129,truth_tick_us=202695584,mechanical_angle_rad=4.879592896,valid=1,read_failures=0"
dengfoc,"SYNC_TRUTH,sequence=101130,truth_tick_us=202697588,mechanical_angle_rad=4.879592896,valid=1,read_failures=0"
dengfoc,"SYNC_TRUTH,sequence=101131,truth_tick_us=202699584,mechanical_angle_rad=4.879592896,valid=1,read_failures=0"
g431,msh >
dengfoc,"SYNC_TRUTH,sequence=101132,truth_tick_us=202701588,mechanical_angle_rad=4.879592896,valid=1,read_failures=0"
dengfoc,"SYNC_TRUTH,sequence=101133,truth_tick_us=202703584,mechanical_angle_rad=4.881126881,valid=1,read_failures=0"
dengfoc,"SYNC_TRUTH,sequence=101134,truth_tick_us=202705588,mechanical_angle_rad=4.879592896,valid=1,read_failures=0"
dengfoc,"SYNC_TRUTH,sequence=101135,truth_tick_us=202707584,mechanical_angle_rad=4.879592896,valid=1,read_failures=0"
dengfoc,"SYNC_TRUTH,sequence=101136,truth_tick_us=202709588,mechanical_angle_rad=4.879592896,valid=1,read_failures=0"
dengfoc,"SYNC_TRUTH,sequence=101137,truth_tick_us=202711584,mechanical_angle_rad=4.879592896,valid=1,read_failures=0"
dengfoc,"SYNC_TRUTH,sequence=101138,truth_tick_us=202713588,mechanical_angle_rad=4.879592896,valid=1,read_failures=0"
dengfoc,"SYNC_TRUTH,sequence=101139,truth_tick_us=202715584,mechanical_angle_rad=4.879592896,valid=1,read_failures=0"
dengfoc,"SYNC_TRUTH,sequence=101140,truth_tick_us=202717588,mechanical_angle_rad=4.881126881,valid=1,read_failures=0"
dengfoc,"SYNC_TRUTH,sequence=101141,truth_tick_us=202719584,mechanical_angle_rad=4.881126881,valid=1,read_failures=0"
dengfoc,"SYNC_TRUTH,sequence=101142,truth_tick_us=202721588,mechanical_angle_rad=4.881126881,valid=1,read_failures=0"
dengfoc,"SYNC_TRUTH,sequence=101143,truth_tick_us=202723584,mechanical_angle_rad=4.879592896,valid=1,read_failures=0"
dengfoc,"SYNC_TRUTH,sequence=101144,truth_tick_us=202725588,mechanical_angle_rad=4.879592896,valid=1,read_failures=0"
dengfoc,"SYNC_TRUTH,sequence=101145,truth_tick_us=202727584,mechanical_angle_rad=4.879592896,valid=1,read_failures=0"
dengfoc,"SYNC_TRUTH,sequence=101146,truth_tick_us=202729588,mechanical_angle_rad=4.881126881,valid=1,read_failures=0"
dengfoc,"SYNC_TRUTH,sequence=101147,truth_tick_us=202731584,mechanical_angle_rad=4.879592896,valid=1,read_failures=0"
dengfoc,"SYNC_TRUTH,sequence=101148,truth_tick_us=202733588,mechanical_angle_rad=4.881126881,valid=1,read_failures=0"
dengfoc,"SYNC_TRUTH,sequence=101149,truth_tick_us=202735584,mechanical_angle_rad=4.881126881,valid=1,read_failures=0"
dengfoc,"SYNC_TRUTH,sequence=101150,truth_tick_us=202737588,mechanical_angle_rad=4.879592896,valid=1,read_failures=0"
dengfoc,"SYNC_TRUTH,sequence=101151,truth_tick_us=202739584,mechanical_angle_rad=4.879592896,valid=1,read_failures=0"
dengfoc,"SYNC_TRUTH,sequence=101152,truth_tick_us=202741588,mechanical_angle_rad=4.879592896,valid=1,read_failures=0"
dengfoc,"SYNC_TRUTH,sequence=101153,truth_tick_us=202743584,mechanical_angle_rad=4.879592896,valid=1,read_failures=0"
dengfoc,"SYNC_TRUTH,sequence=101154,truth_tick_us=202745588,mechanical_angle_rad=4.879592896,valid=1,read_failures=0"
dengfoc,"SYNC_TRUTH,sequence=101155,truth_tick_us=202747584,mechanical_angle_rad=4.881126881,valid=1,read_failures=0"
dengfoc,"SYNC_TRUTH,sequence=101156,truth_tick_us=202749588,mechanical_angle_rad=4.879592896,valid=1,read_failures=0"
dengfoc,"SYNC_TRUTH,sequence=101157,truth_tick_us=202751584,mechanical_angle_rad=4.879592896,valid=1,read_failures=0"
dengfoc,"SYNC_TRUTH,sequence=101158,truth_tick_us=202753588,mechanical_angle_rad=4.881126881,valid=1,read_failures=0"
dengfoc,"SYNC_TRUTH,sequence=101159,truth_tick_us=202755584,mechanical_angle_rad=4.879592896,valid=1,read_failures=0"
dengfoc,"SYNC_TRUTH,sequence=101160,truth_tick_us=202757588,mechanical_angle_rad=4.879592896,valid=1,read_failures=0"
dengfoc,"SYNC_TRUTH,sequence=101161,truth_tick_us=202759584,mechanical_angle_rad=4.879592896,valid=1,read_failures=0"
dengfoc,"SYNC_TRUTH,sequence=101162,truth_tick_us=202761588,mechanical_angle_rad=4.879592896,valid=1,read_failures=0"
dengfoc,"SYNC_TRUTH,sequence=101163,truth_tick_us=202763584,mechanical_angle_rad=4.879592896,valid=1,read_failures=0"
dengfoc,"SYNC_TRUTH,sequence=101164,truth_tick_us=202765588,mechanical_angle_rad=4.879592896,valid=1,read_failures=0"
dengfoc,"SYNC_TRUTH,sequence=101165,truth_tick_us=202767584,mechanical_angle_rad=4.879592896,valid=1,read_failures=0"
dengfoc,"SYNC_TRUTH,sequence=101166,truth_tick_us=202769588,mechanical_angle_rad=4.879592896,valid=1,read_failures=0"
dengfoc,"SYNC_TRUTH,sequence=101167,truth_tick_us=202771584,mechanical_angle_rad=4.879592896,valid=1,read_failures=0"
dengfoc,"SYNC_TRUTH,sequence=101168,truth_tick_us=202773588,mechanical_angle_rad=4.879592896,valid=1,read_failures=0"
dengfoc,"SYNC_TRUTH,sequence=101169,truth_tick_us=202775584,mechanical_angle_rad=4.879592896,valid=1,read_failures=0"
dengfoc,"SYNC_TRUTH,sequence=101170,truth_tick_us=202777588,mechanical_angle_rad=4.881126881,valid=1,read_failures=0"
dengfoc,"SYNC_TRUTH,sequence=101171,truth_tick_us=202779584,mechanical_angle_rad=4.881126881,valid=1,read_failures=0"
dengfoc,"SYNC_TRUTH,sequence=101172,truth_tick_us=202781588,mechanical_angle_rad=4.879592896,valid=1,read_failures=0"
dengfoc,"SYNC_TRUTH,sequence=101173,truth_tick_us=202783584,mechanical_angle_rad=4.881126881,valid=1,read_failures=0"
dengfoc,"SYNC_TRUTH,sequence=101174,truth_tick_us=202785588,mechanical_angle_rad=4.879592896,valid=1,read_failures=0"
dengfoc,"SYNC_TRUTH,sequence=101175,truth_tick_us=202787584,mechanical_angle_rad=4.879592896,valid=1,read_failures=0"
dengfoc,"SYNC_TRUTH,sequence=101176,truth_tick_us=202789588,mechanical_angle_rad=4.879592896,valid=1,read_failures=0"
dengfoc,"SYNC_TRUTH,sequence=101177,truth_tick_us=202791584,mechanical_angle_rad=4.881126881,valid=1,read_failures=0"
dengfoc,"SYNC_TRUTH,sequence=101178,truth_tick_us=202793588,mechanical_angle_rad=4.879592896,valid=1,read_failures=0"
dengfoc,"SYNC_TRUTH,sequence=101179,truth_tick_us=202795584,mechanical_angle_rad=4.879592896,valid=1,read_failures=0"
dengfoc,"SYNC_TRUTH,sequence=101180,truth_tick_us=202797588,mechanical_angle_rad=4.881126881,valid=1,read_failures=0"
dengfoc,"SYNC_TRUTH,sequence=101181,truth_tick_us=202799584,mechanical_angle_rad=4.881126881,valid=1,read_failures=0"
dengfoc,"SYNC_TRUTH,sequence=101182,truth_tick_us=202801588,mechanical_angle_rad=4.881126881,valid=1,read_failures=0"
dengfoc,"SYNC_TRUTH,sequence=101183,truth_tick_us=202803584,mechanical_angle_rad=4.879592896,valid=1,read_failures=0"
dengfoc,"SYNC_TRUTH,sequence=101184,truth_tick_us=202805588,mechanical_angle_rad=4.879592896,valid=1,read_failures=0"
dengfoc,"SYNC_TRUTH,sequence=101185,truth_tick_us=202807584,mechanical_angle_rad=4.879592896,valid=1,read_failures=0"
dengfoc,"SYNC_TRUTH,sequence=101186,truth_tick_us=202809588,mechanical_angle_rad=4.879592896,valid=1,read_failures=0"
dengfoc,"SYNC_TRUTH,sequence=101187,truth_tick_us=202811584,mechanical_angle_rad=4.879592896,valid=1,read_failures=0"
dengfoc,"SYNC_TRUTH,sequence=101188,truth_tick_us=202813588,mechanical_angle_rad=4.879592896,valid=1,read_failures=0"
dengfoc,"SYNC_TRUTH,sequence=101189,truth_tick_us=202815584,mechanical_angle_rad=4.879592896,valid=1,read_failures=0"
dengfoc,"SYNC_TRUTH,sequence=101190,truth_tick_us=202817588,mechanical_angle_rad=4.879592896,valid=1,read_failures=0"
dengfoc,"SYNC_TRUTH,sequence=101191,truth_tick_us=202819584,mechanical_angle_rad=4.879592896,valid=1,read_failures=0"
dengfoc,"SYNC_TRUTH,sequence=101192,truth_tick_us=202821588,mechanical_angle_rad=4.881126881,valid=1,read_failures=0"
dengfoc,"SYNC_TRUTH,sequence=101193,truth_tick_us=202823584,mechanical_angle_rad=4.881126881,valid=1,read_failures=0"
dengfoc,"SYNC_TRUTH,sequence=101194,truth_tick_us=202825588,mechanical_angle_rad=4.879592896,valid=1,read_failures=0"
dengfoc,"SYNC_TRUTH,sequence=101195,truth_tick_us=202827584,mechanical_angle_rad=4.879592896,valid=1,read_failures=0"
dengfoc,"SYNC_TRUTH,sequence=101196,truth_tick_us=202829588,mechanical_angle_rad=4.879592896,valid=1,read_failures=0"
dengfoc,"SYNC_TRUTH,sequence=101197,truth_tick_us=202831584,mechanical_angle_rad=4.879592896,valid=1,read_failures=0"
dengfoc,"SYNC_TRUTH,sequence=101198,truth_tick_us=202833588,mechanical_angle_rad=4.881126881,valid=1,read_failures=0"
dengfoc,"SYNC_TRUTH,sequence=101199,truth_tick_us=202835584,mechanical_angle_rad=4.879592896,valid=1,read_failures=0"
dengfoc,"SYNC_TRUTH,sequence=101200,truth_tick_us=202837588,mechanical_angle_rad=4.881126881,valid=1,read_failures=0"
dengfoc,"SYNC_TRUTH,sequence=101201,truth_tick_us=202839584,mechanical_angle_rad=4.879592896,valid=1,read_failures=0"
dengfoc,"SYNC_TRUTH,sequence=101202,truth_tick_us=202841588,mechanical_angle_rad=4.879592896,valid=1,read_failures=0"
dengfoc,"SYNC_TRUTH,sequence=101203,truth_tick_us=202843584,mechanical_angle_rad=4.879592896,valid=1,read_failures=0"
dengfoc,"SYNC_TRUTH,sequence=101204,truth_tick_us=202845588,mechanical_angle_rad=4.879592896,valid=1,read_failures=0"
dengfoc,"SYNC_TRUTH,sequence=101205,truth_tick_us=202847584,mechanical_angle_rad=4.879592896,valid=1,read_failures=0"
dengfoc,"SYNC_TRUTH,sequence=101206,truth_tick_us=202849588,mechanical_angle_rad=4.881126881,valid=1,read_failures=0"
dengfoc,"SYNC_TRUTH,sequence=101207,truth_tick_us=202851584,mechanical_angle_rad=4.879592896,valid=1,read_failures=0"
dengfoc,"SYNC_TRUTH,sequence=101208,truth_tick_us=202853588,mechanical_angle_rad=4.879592896,valid=1,read_failures=0"
dengfoc,"SYNC_TRUTH,sequence=101209,truth_tick_us=202855584,mechanical_angle_rad=4.879592896,valid=1,read_failures=0"
dengfoc,"SYNC_TRUTH,sequence=101210,truth_tick_us=202857588,mechanical_angle_rad=4.881126881,valid=1,read_failures=0"
dengfoc,"SYNC_TRUTH,sequence=101211,truth_tick_us=202859584,mechanical_angle_rad=4.879592896,valid=1,read_failures=0"
dengfoc,"SYNC_TRUTH,sequence=101212,truth_tick_us=202861588,mechanical_angle_rad=4.879592896,valid=1,read_failures=0"
dengfoc,"SYNC_TRUTH,sequence=101213,truth_tick_us=202863584,mechanical_angle_rad=4.881126881,valid=1,read_failures=0"
dengfoc,"SYNC_TRUTH,sequence=101214,truth_tick_us=202865588,mechanical_angle_rad=4.879592896,valid=1,read_failures=0"
dengfoc,"SYNC_TRUTH,sequence=101215,truth_tick_us=202867584,mechanical_angle_rad=4.879592896,valid=1,read_failures=0"
dengfoc,"SYNC_TRUTH,sequence=101216,truth_tick_us=202869588,mechanical_angle_rad=4.879592896,valid=1,read_failures=0"
dengfoc,"SYNC_TRUTH,sequence=101217,truth_tick_us=202871584,mechanical_angle_rad=4.881126881,valid=1,read_failures=0"
dengfoc,"SYNC_TRUTH,sequence=101218,truth_tick_us=202873588,mechanical_angle_rad=4.881126881,valid=1,read_failures=0"
dengfoc,"SYNC_TRUTH,sequence=101219,truth_tick_us=202875584,mechanical_angle_rad=4.879592896,valid=1,read_failures=0"
dengfoc,"SYNC_TRUTH,sequence=101220,truth_tick_us=202877588,mechanical_angle_rad=4.879592896,valid=1,read_failures=0"
dengfoc,"SYNC_TRUTH,sequence=101221,truth_tick_us=202879584,mechanical_angle_rad=4.881126881,valid=1,read_failures=0"
dengfoc,"SYNC_TRUTH,sequence=101222,truth_tick_us=202881588,mechanical_angle_rad=4.879592896,valid=1,read_failures=0"
dengfoc,"SYNC_TRUTH,sequence=101223,truth_tick_us=202883584,mechanical_angle_rad=4.879592896,valid=1,read_failures=0"
dengfoc,"SYNC_TRUTH,sequence=101224,truth_tick_us=202885588,mechanical_angle_rad=4.879592896,valid=1,read_failures=0"
dengfoc,"SYNC_TRUTH,sequence=101225,truth_tick_us=202887584,mechanical_angle_rad=4.879592896,valid=1,read_failures=0"
dengfoc,"SYNC_TRUTH,sequence=101226,truth_tick_us=202889588,mechanical_angle_rad=4.879592896,valid=1,read_failures=0"
dengfoc,"SYNC_TRUTH,sequence=101227,truth_tick_us=202891584,mechanical_angle_rad=4.881126881,valid=1,read_failures=0"
dengfoc,"SYNC_TRUTH,sequence=101228,truth_tick_us=202893588,mechanical_angle_rad=4.881126881,valid=1,read_failures=0"
dengfoc,"SYNC_TRUTH,sequence=101229,truth_tick_us=202895584,mechanical_angle_rad=4.881126881,valid=1,read_failures=0"
dengfoc,"SYNC_TRUTH,sequence=101230,truth_tick_us=202897588,mechanical_angle_rad=4.879592896,valid=1,read_failures=0"
dengfoc,"SYNC_TRUTH,sequence=101231,truth_tick_us=202899584,mechanical_angle_rad=4.879592896,valid=1,read_failures=0"
dengfoc,"SYNC_TRUTH,sequence=101232,truth_tick_us=202901588,mechanical_angle_rad=4.879592896,valid=1,read_failures=0"
dengfoc,"SYNC_TRUTH,sequence=101233,truth_tick_us=202903584,mechanical_angle_rad=4.879592896,valid=1,read_failures=0"
dengfoc,"SYNC_TRUTH,sequence=101234,truth_tick_us=202905588,mechanical_angle_rad=4.881126881,valid=1,read_failures=0"
dengfoc,"SYNC_TRUTH,sequence=101235,truth_tick_us=202907584,mechanical_angle_rad=4.879592896,valid=1,read_failures=0"
dengfoc,"SYNC_TRUTH,sequence=101236,truth_tick_us=202909588,mechanical_angle_rad=4.881126881,valid=1,read_failures=0"
dengfoc,"SYNC_TRUTH,sequence=101237,truth_tick_us=202911584,mechanical_angle_rad=4.879592896,valid=1,read_failures=0"
dengfoc,"SYNC_TRUTH,sequence=101238,truth_tick_us=202913588,mechanical_angle_rad=4.879592896,valid=1,read_failures=0"
dengfoc,"SYNC_TRUTH,sequence=101239,truth_tick_us=202915584,mechanical_angle_rad=4.881126881,valid=1,read_failures=0"
dengfoc,"SYNC_TRUTH,sequence=101240,truth_tick_us=202917588,mechanical_angle_rad=4.879592896,valid=1,read_failures=0"
dengfoc,"SYNC_TRUTH,sequence=101241,truth_tick_us=202919584,mechanical_angle_rad=4.879592896,valid=1,read_failures=0"
dengfoc,"SYNC_TRUTH,sequence=101242,truth_tick_us=202921588,mechanical_angle_rad=4.879592896,valid=1,read_failures=0"
dengfoc,"SYNC_TRUTH,sequence=101243,truth_tick_us=202923584,mechanical_angle_rad=4.879592896,valid=1,read_failures=0"
dengfoc,"SYNC_TRUTH,sequence=101244,truth_tick_us=202925588,mechanical_angle_rad=4.879592896,valid=1,read_failures=0"
dengfoc,"SYNC_TRUTH,sequence=101245,truth_tick_us=202927584,mechanical_angle_rad=4.879592896,valid=1,read_failures=0"
dengfoc,"SYNC_TRUTH,sequence=101246,truth_tick_us=202929588,mechanical_angle_rad=4.881126881,valid=1,read_failures=0"
dengfoc,"SYNC_TRUTH,sequence=101247,truth_tick_us=202931584,mechanical_angle_rad=4.881126881,valid=1,read_failures=0"
dengfoc,"SYNC_TRUTH,sequence=101248,truth_tick_us=202933588,mechanical_angle_rad=4.879592896,valid=1,read_failures=0"
dengfoc,"SYNC_TRUTH,sequence=101249,truth_tick_us=202935584,mechanical_angle_rad=4.879592896,valid=1,read_failures=0"
dengfoc,"SYNC_TRUTH,sequence=101250,truth_tick_us=202937588,mechanical_angle_rad=4.879592896,valid=1,read_failures=0"
dengfoc,"SYNC_TRUTH,sequence=101251,truth_tick_us=202939584,mechanical_angle_rad=4.881126881,valid=1,read_failures=0"
dengfoc,"SYNC_TRUTH,sequence=101252,truth_tick_us=202941588,mechanical_angle_rad=4.879592896,valid=1,read_failures=0"
dengfoc,"SYNC_TRUTH,sequence=101253,truth_tick_us=202943584,mechanical_angle_rad=4.879592896,valid=1,read_failures=0"
dengfoc,"SYNC_TRUTH,sequence=101254,truth_tick_us=202945588,mechanical_angle_rad=4.881126881,valid=1,read_failures=0"
dengfoc,"SYNC_TRUTH,sequence=101255,truth_tick_us=202947584,mechanical_angle_rad=4.879592896,valid=1,read_failures=0"
dengfoc,"SYNC_TRUTH,sequence=101256,truth_tick_us=202949588,mechanical_angle_rad=4.879592896,valid=1,read_failures=0"
dengfoc,"SYNC_TRUTH,sequence=101257,truth_tick_us=202951584,mechanical_angle_rad=4.879592896,valid=1,read_failures=0"
dengfoc,"SYNC_TRUTH,sequence=101258,truth_tick_us=202953588,mechanical_angle_rad=4.879592896,valid=1,read_failures=0"
dengfoc,"SYNC_TRUTH,sequence=101259,truth_tick_us=202955584,mechanical_angle_rad=4.881126881,valid=1,read_failures=0"
dengfoc,"SYNC_TRUTH,sequence=101260,truth_tick_us=202957588,mechanical_angle_rad=4.879592896,valid=1,read_failures=0"
dengfoc,"SYNC_TRUTH,sequence=101261,truth_tick_us=202959584,mechanical_angle_rad=4.879592896,valid=1,read_failures=0"
dengfoc,"SYNC_TRUTH,sequence=101262,truth_tick_us=202961588,mechanical_angle_rad=4.879592896,valid=1,read_failures=0"
dengfoc,"SYNC_TRUTH,sequence=101263,truth_tick_us=202963584,mechanical_angle_rad=4.879592896,valid=1,read_failures=0"
dengfoc,"SYNC_TRUTH,sequence=101264,truth_tick_us=202965588,mechanical_angle_rad=4.879592896,valid=1,read_failures=0"
dengfoc,"SYNC_TRUTH,sequence=101265,truth_tick_us=202967584,mechanical_angle_rad=4.881126881,valid=1,read_failures=0"
dengfoc,"SYNC_TRUTH,sequence=101266,truth_tick_us=202969588,mechanical_angle_rad=4.879592896,valid=1,read_failures=0"
dengfoc,"SYNC_TRUTH,sequence=101267,truth_tick_us=202971584,mechanical_angle_rad=4.881126881,valid=1,read_failures=0"
dengfoc,"SYNC_TRUTH,sequence=101268,truth_tick_us=202973588,mechanical_angle_rad=4.879592896,valid=1,read_failures=0"
dengfoc,"SYNC_TRUTH,sequence=101269,truth_tick_us=202975584,mechanical_angle_rad=4.879592896,valid=1,read_failures=0"
dengfoc,"SYNC_TRUTH,sequence=101270,truth_tick_us=202977588,mechanical_angle_rad=4.879592896,valid=1,read_failures=0"
dengfoc,"SYNC_TRUTH,sequence=101271,truth_tick_us=202979584,mechanical_angle_rad=4.881126881,valid=1,read_failures=0"
dengfoc,"SYNC_TRUTH,sequence=101272,truth_tick_us=202981588,mechanical_angle_rad=4.881126881,valid=1,read_failures=0"
dengfoc,"SYNC_TRUTH,sequence=101273,truth_tick_us=202983584,mechanical_angle_rad=4.881126881,valid=1,read_failures=0"
dengfoc,"SYNC_TRUTH,sequence=101274,truth_tick_us=202985588,mechanical_angle_rad=4.879592896,valid=1,read_failures=0"
dengfoc,"SYNC_TRUTH,sequence=101275,truth_tick_us=202987584,mechanical_angle_rad=4.879592896,valid=1,read_failures=0"
dengfoc,"SYNC_TRUTH,sequence=101276,truth_tick_us=202989588,mechanical_angle_rad=4.879592896,valid=1,read_failures=0"
dengfoc,"SYNC_TRUTH,sequence=101277,truth_tick_us=202991584,mechanical_angle_rad=4.879592896,valid=1,read_failures=0"
dengfoc,"SYNC_TRUTH,sequence=101278,truth_tick_us=202993588,mechanical_angle_rad=4.881126881,valid=1,read_failures=0"
dengfoc,"SYNC_TRUTH,sequence=101279,truth_tick_us=202995584,mechanical_angle_rad=4.881126881,valid=1,read_failures=0"
dengfoc,"SYNC_TRUTH,sequence=101280,truth_tick_us=202997588,mechanical_angle_rad=4.879592896,valid=1,read_failures=0"
dengfoc,"SYNC_TRUTH,sequence=101281,truth_tick_us=202999584,mechanical_angle_rad=4.879592896,valid=1,read_failures=0"
dengfoc,"SYNC_TRUTH,sequence=101282,truth_tick_us=203001588,mechanical_angle_rad=4.879592896,valid=1,read_failures=0"
dengfoc,"SYNC_TRUTH,sequence=101283,truth_tick_us=203003584,mechanical_angle_rad=4.879592896,valid=1,read_failures=0"
dengfoc,"SYNC_TRUTH,sequence=101284,truth_tick_us=203005588,mechanical_angle_rad=4.879592896,valid=1,read_failures=0"
dengfoc,"SYNC_TRUTH,sequence=101285,truth_tick_us=203007584,mechanical_angle_rad=4.879592896,valid=1,read_failures=0"
dengfoc,"SYNC_TRUTH,sequence=101286,truth_tick_us=203009588,mechanical_angle_rad=4.879592896,valid=1,read_failures=0"
dengfoc,"SYNC_TRUTH,sequence=101287,truth_tick_us=203011584,mechanical_angle_rad=4.879592896,valid=1,read_failures=0"
dengfoc,"SYNC_TRUTH,sequence=101288,truth_tick_us=203013588,mechanical_angle_rad=4.879592896,valid=1,read_failures=0"
dengfoc,"SYNC_TRUTH,sequence=101289,truth_tick_us=203015584,mechanical_angle_rad=4.879592896,valid=1,read_failures=0"
dengfoc,"SYNC_TRUTH,sequence=101290,truth_tick_us=203017588,mechanical_angle_rad=4.881126881,valid=1,read_failures=0"
dengfoc,"SYNC_TRUTH,sequence=101291,truth_tick_us=203019584,mechanical_angle_rad=4.879592896,valid=1,read_failures=0"
dengfoc,"SYNC_TRUTH,sequence=101292,truth_tick_us=203021588,mechanical_angle_rad=4.881126881,valid=1,read_failures=0"
dengfoc,"SYNC_TRUTH,sequence=101293,truth_tick_us=203023584,mechanical_angle_rad=4.879592896,valid=1,read_failures=0"
dengfoc,"SYNC_TRUTH,sequence=101294,truth_tick_us=203025588,mechanical_angle_rad=4.879592896,valid=1,read_failures=0"
dengfoc,"SYNC_TRUTH,sequence=101295,truth_tick_us=203027584,mechanical_angle_rad=4.879592896,valid=1,read_failures=0"
dengfoc,"SYNC_TRUTH,sequence=101296,truth_tick_us=203029588,mechanical_angle_rad=4.879592896,valid=1,read_failures=0"
dengfoc,"SYNC_TRUTH,sequence=101297,truth_tick_us=203031584,mechanical_angle_rad=4.879592896,valid=1,read_failures=0"
dengfoc,"SYNC_TRUTH,sequence=101298,truth_tick_us=203033588,mechanical_angle_rad=4.879592896,valid=1,read_failures=0"
dengfoc,"SYNC_TRUTH,sequence=101299,truth_tick_us=203035584,mechanical_angle_rad=4.879592896,valid=1,read_failures=0"
dengfoc,"SYNC_TRUTH,sequence=101300,truth_tick_us=203037588,mechanical_angle_rad=4.879592896,valid=1,read_failures=0"
dengfoc,"SYNC_TRUTH,sequence=101301,truth_tick_us=203039584,mechanical_angle_rad=4.879592896,valid=1,read_failures=0"
dengfoc,"SYNC_TRUTH,sequence=101302,truth_tick_us=203041588,mechanical_angle_rad=4.879592896,valid=1,read_failures=0"
dengfoc,"SYNC_TRUTH,sequence=101303,truth_tick_us=203043584,mechanical_angle_rad=4.881126881,valid=1,read_failures=0"
dengfoc,"SYNC_TRUTH,sequence=101304,truth_tick_us=203045588,mechanical_angle_rad=4.879592896,valid=1,read_failures=0"
dengfoc,"SYNC_TRUTH,sequence=101305,truth_tick_us=203047584,mechanical_angle_rad=4.879592896,valid=1,read_failures=0"
dengfoc,"SYNC_TRUTH,sequence=101306,truth_tick_us=203049588,mechanical_angle_rad=4.879592896,valid=1,read_failures=0"
dengfoc,"SYNC_TRUTH,sequence=101307,truth_tick_us=203051584,mechanical_angle_rad=4.879592896,valid=1,read_failures=0"
dengfoc,"SYNC_TRUTH,sequence=101308,truth_tick_us=203053588,mechanical_angle_rad=4.879592896,valid=1,read_failures=0"
dengfoc,"SYNC_TRUTH,sequence=101309,truth_tick_us=203055584,mechanical_angle_rad=4.881126881,valid=1,read_failures=0"
dengfoc,"SYNC_TRUTH,sequence=101310,truth_tick_us=203057588,mechanical_angle_rad=4.879592896,valid=1,read_failures=0"
dengfoc,"SYNC_TRUTH,sequence=101311,truth_tick_us=203059584,mechanical_angle_rad=4.879592896,valid=1,read_failures=0"
dengfoc,"SYNC_TRUTH,sequence=101312,truth_tick_us=203061588,mechanical_angle_rad=4.879592896,valid=1,read_failures=0"
dengfoc,"SYNC_TRUTH,sequence=101313,truth_tick_us=203063584,mechanical_angle_rad=4.881126881,valid=1,read_failures=0"
dengfoc,"SYNC_TRUTH,sequence=101314,truth_tick_us=203065588,mechanical_angle_rad=4.879592896,valid=1,read_failures=0"
dengfoc,"SYNC_TRUTH,sequence=101315,truth_tick_us=203067584,mechanical_angle_rad=4.879592896,valid=1,read_failures=0"
dengfoc,"SYNC_TRUTH,sequence=101316,truth_tick_us=203069588,mechanical_angle_rad=4.879592896,valid=1,read_failures=0"
dengfoc,"SYNC_TRUTH,sequence=101317,truth_tick_us=203071584,mechanical_angle_rad=4.879592896,valid=1,read_failures=0"
dengfoc,"SYNC_TRUTH,sequence=101318,truth_tick_us=203073588,mechanical_angle_rad=4.881126881,valid=1,read_failures=0"
dengfoc,"SYNC_TRUTH,sequence=101319,truth_tick_us=203075584,mechanical_angle_rad=4.879592896,valid=1,read_failures=0"
dengfoc,"SYNC_TRUTH,sequence=101320,truth_tick_us=203077588,mechanical_angle_rad=4.879592896,valid=1,read_failures=0"
dengfoc,"SYNC_TRUTH,sequence=101321,truth_tick_us=203079584,mechanical_angle_rad=4.879592896,valid=1,read_failures=0"
dengfoc,"SYNC_TRUTH,sequence=101322,truth_tick_us=203081588,mechanical_angle_rad=4.879592896,valid=1,read_failures=0"
dengfoc,"SYNC_TRUTH,sequence=101323,truth_tick_us=203083584,mechanical_angle_rad=4.881126881,valid=1,read_failures=0"
dengfoc,"SYNC_TRUTH,sequence=101324,truth_tick_us=203085588,mechanical_angle_rad=4.879592896,valid=1,read_failures=0"
dengfoc,"SYNC_TRUTH,sequence=101325,truth_tick_us=203087584,mechanical_angle_rad=4.879592896,valid=1,read_failures=0"
dengfoc,"SYNC_TRUTH,sequence=101326,truth_tick_us=203089588,mechanical_angle_rad=4.881126881,valid=1,read_failures=0"
dengfoc,"SYNC_TRUTH,sequence=101327,truth_tick_us=203091584,mechanical_angle_rad=4.881126881,valid=1,read_failures=0"
dengfoc,"SYNC_TRUTH,sequence=101328,truth_tick_us=203093588,mechanical_angle_rad=4.881126881,valid=1,read_failures=0"
dengfoc,"SYNC_TRUTH,sequence=101329,truth_tick_us=203095584,mechanical_angle_rad=4.881126881,valid=1,read_failures=0"
dengfoc,"SYNC_TRUTH,sequence=101330,truth_tick_us=203097588,mechanical_angle_rad=4.881126881,valid=1,read_failures=0"
dengfoc,"SYNC_TRUTH,sequence=101331,truth_tick_us=203099584,mechanical_angle_rad=4.879592896,valid=1,read_failures=0"
dengfoc,"SYNC_TRUTH,sequence=101332,truth_tick_us=203101588,mechanical_angle_rad=4.879592896,valid=1,read_failures=0"
dengfoc,"SYNC_TRUTH,sequence=101333,truth_tick_us=203103584,mechanical_angle_rad=4.879592896,valid=1,read_failures=0"
dengfoc,"SYNC_TRUTH,sequence=101334,truth_tick_us=203105588,mechanical_angle_rad=4.881126881,valid=1,read_failures=0"
dengfoc,"SYNC_TRUTH,sequence=101335,truth_tick_us=203107584,mechanical_angle_rad=4.881126881,valid=1,read_failures=0"
dengfoc,"SYNC_TRUTH,sequence=101336,truth_tick_us=203109588,mechanical_angle_rad=4.879592896,valid=1,read_failures=0"
dengfoc,"SYNC_TRUTH,sequence=101337,truth_tick_us=203111584,mechanical_angle_rad=4.881126881,valid=1,read_failures=0"
dengfoc,"SYNC_TRUTH,sequence=101338,truth_tick_us=203113588,mechanical_angle_rad=4.881126881,valid=1,read_failures=0"
dengfoc,"SYNC_TRUTH,sequence=101339,truth_tick_us=203115584,mechanical_angle_rad=4.881126881,valid=1,read_failures=0"
dengfoc,"SYNC_TRUTH,sequence=101340,truth_tick_us=203117588,mechanical_angle_rad=4.879592896,valid=1,read_failures=0"
dengfoc,"SYNC_TRUTH,sequence=101341,truth_tick_us=203119584,mechanical_angle_rad=4.879592896,valid=1,read_failures=0"
dengfoc,"SYNC_TRUTH,sequence=101342,truth_tick_us=203121588,mechanical_angle_rad=4.879592896,valid=1,read_failures=0"
dengfoc,"SYNC_TRUTH,sequence=101343,truth_tick_us=203123584,mechanical_angle_rad=4.881126881,valid=1,read_failures=0"
dengfoc,"SYNC_TRUTH,sequence=101344,truth_tick_us=203125588,mechanical_angle_rad=4.879592896,valid=1,read_failures=0"
dengfoc,"SYNC_TRUTH,sequence=101345,truth_tick_us=203127584,mechanical_angle_rad=4.881126881,valid=1,read_failures=0"
dengfoc,"SYNC_TRUTH,sequence=101346,truth_tick_us=203129588,mechanical_angle_rad=4.881126881,valid=1,read_failures=0"
dengfoc,"SYNC_TRUTH,sequence=101347,truth_tick_us=203131584,mechanical_angle_rad=4.881126881,valid=1,read_failures=0"
dengfoc,"SYNC_TRUTH,sequence=101348,truth_tick_us=203133588,mechanical_angle_rad=4.881126881,valid=1,read_failures=0"
dengfoc,"SYNC_TRUTH,sequence=101349,truth_tick_us=203135584,mechanical_angle_rad=4.881126881,valid=1,read_failures=0"
dengfoc,"SYNC_TRUTH,sequence=101350,truth_tick_us=203137588,mechanical_angle_rad=4.879592896,valid=1,read_failures=0"
dengfoc,"SYNC_TRUTH,sequence=101351,truth_tick_us=203139584,mechanical_angle_rad=4.881126881,valid=1,read_failures=0"
dengfoc,"SYNC_TRUTH,sequence=101352,truth_tick_us=203141588,mechanical_angle_rad=4.881126881,valid=1,read_failures=0"
dengfoc,"SYNC_TRUTH,sequence=101353,truth_tick_us=203143584,mechanical_angle_rad=4.879592896,valid=1,read_failures=0"
dengfoc,"SYNC_TRUTH,sequence=101354,truth_tick_us=203145588,mechanical_angle_rad=4.879592896,valid=1,read_failures=0"
dengfoc,"SYNC_TRUTH,sequence=101355,truth_tick_us=203147584,mechanical_angle_rad=4.879592896,valid=1,read_failures=0"
dengfoc,"SYNC_TRUTH,sequence=101356,truth_tick_us=203149588,mechanical_angle_rad=4.879592896,valid=1,read_failures=0"
dengfoc,"SYNC_TRUTH,sequence=101357,truth_tick_us=203151584,mechanical_angle_rad=4.881126881,valid=1,read_failures=0"
dengfoc,"SYNC_TRUTH,sequence=101358,truth_tick_us=203153588,mechanical_angle_rad=4.881126881,valid=1,read_failures=0"
dengfoc,"SYNC_TRUTH,sequence=101359,truth_tick_us=203155584,mechanical_angle_rad=4.879592896,valid=1,read_failures=0"
dengfoc,"SYNC_TRUTH,sequence=101360,truth_tick_us=203157588,mechanical_angle_rad=4.881126881,valid=1,read_failures=0"
dengfoc,"SYNC_TRUTH,sequence=101361,truth_tick_us=203159584,mechanical_angle_rad=4.879592896,valid=1,read_failures=0"
dengfoc,"SYNC_TRUTH,sequence=101362,truth_tick_us=203161588,mechanical_angle_rad=4.881126881,valid=1,read_failures=0"
dengfoc,"SYNC_TRUTH,sequence=101363,truth_tick_us=203163584,mechanical_angle_rad=4.879592896,valid=1,read_failures=0"
dengfoc,"SYNC_TRUTH,sequence=101364,truth_tick_us=203165588,mechanical_angle_rad=4.879592896,valid=1,read_failures=0"
dengfoc,"SYNC_TRUTH,sequence=101365,truth_tick_us=203167584,mechanical_angle_rad=4.879592896,valid=1,read_failures=0"
dengfoc,"SYNC_TRUTH,sequence=101366,truth_tick_us=203169588,mechanical_angle_rad=4.879592896,valid=1,read_failures=0"
dengfoc,"SYNC_TRUTH,sequence=101367,truth_tick_us=203171584,mechanical_angle_rad=4.879592896,valid=1,read_failures=0"
dengfoc,"SYNC_TRUTH,sequence=101368,truth_tick_us=203173588,mechanical_angle_rad=4.881126881,valid=1,read_failures=0"
dengfoc,"SYNC_TRUTH,sequence=101369,truth_tick_us=203175584,mechanical_angle_rad=4.879592896,valid=1,read_failures=0"
dengfoc,"SYNC_TRUTH,sequence=101370,truth_tick_us=203177588,mechanical_angle_rad=4.879592896,valid=1,read_failures=0"
dengfoc,"SYNC_TRUTH,sequence=101371,truth_tick_us=203179584,mechanical_angle_rad=4.879592896,valid=1,read_failures=0"
dengfoc,"SYNC_TRUTH,sequence=101372,truth_tick_us=203181588,mechanical_angle_rad=4.879592896,valid=1,read_failures=0"
dengfoc,"SYNC_TRUTH,sequence=101373,truth_tick_us=203183584,mechanical_angle_rad=4.879592896,valid=1,read_failures=0"
dengfoc,"SYNC_TRUTH,sequence=101374,truth_tick_us=203185588,mechanical_angle_rad=4.879592896,valid=1,read_failures=0"
dengfoc,"SYNC_TRUTH,sequence=101375,truth_tick_us=203187584,mechanical_angle_rad=4.881126881,valid=1,read_failures=0"
dengfoc,"SYNC_TRUTH,sequence=101376,truth_tick_us=203189588,mechanical_angle_rad=4.881126881,valid=1,read_failures=0"
dengfoc,"SYNC_TRUTH,sequence=101377,truth_tick_us=203191584,mechanical_angle_rad=4.879592896,valid=1,read_failures=0"
dengfoc,"SYNC_TRUTH,sequence=101378,truth_tick_us=203193588,mechanical_angle_rad=4.879592896,valid=1,read_failures=0"
dengfoc,"SYNC_STATUS,frames=21,frame_fail=0,truth=101378,truth_fail=0,idle=0,capture_state=1,capture_failure=0,rejected=0,overflow=0,driver_disabled=1"
dengfoc,"SYNC_TRUTH,sequence=101379,truth_tick_us=203196588,mechanical_angle_rad=4.879592896,valid=1,read_failures=0"
dengfoc,"SYNC_TRUTH,sequence=101380,truth_tick_us=203198588,mechanical_angle_rad=4.881126881,valid=1,read_failures=0"
dengfoc,"SYNC_TRUTH,sequence=101381,truth_tick_us=203200584,mechanical_angle_rad=4.881126881,valid=1,read_failures=0"
dengfoc,"SYNC_TRUTH,sequence=101382,truth_tick_us=203202588,mechanical_angle_rad=4.879592896,valid=1,read_failures=0"
dengfoc,"SYNC_TRUTH,sequence=101383,truth_tick_us=203204584,mechanical_angle_rad=4.881126881,valid=1,read_failures=0"
dengfoc,"SYNC_TRUTH,sequence=101384,truth_tick_us=203206588,mechanical_angle_rad=4.881126881,valid=1,read_failures=0"
dengfoc,"SYNC_TRUTH,sequence=101385,truth_tick_us=203208584,mechanical_angle_rad=4.881126881,valid=1,read_failures=0"
dengfoc,"SYNC_TRUTH,sequence=101386,truth_tick_us=203210588,mechanical_angle_rad=4.879592896,valid=1,read_failures=0"
dengfoc,"SYNC_TRUTH,sequence=101387,truth_tick_us=203212584,mechanical_angle_rad=4.879592896,valid=1,read_failures=0"
dengfoc,"SYNC_TRUTH,sequence=101388,truth_tick_us=203214588,mechanical_angle_rad=4.881126881,valid=1,read_failures=0"
dengfoc,"SYNC_TRUTH,sequence=101389,truth_tick_us=203216584,mechanical_angle_rad=4.879592896,valid=1,read_failures=0"
dengfoc,"SYNC_TRUTH,sequence=101390,truth_tick_us=203218588,mechanical_angle_rad=4.881126881,valid=1,read_failures=0"
dengfoc,"SYNC_TRUTH,sequence=101391,truth_tick_us=203220584,mechanical_angle_rad=4.879592896,valid=1,read_failures=0"
dengfoc,"SYNC_TRUTH,sequence=101392,truth_tick_us=203222588,mechanical_angle_rad=4.879592896,valid=1,read_failures=0"
dengfoc,"SYNC_TRUTH,sequence=101393,truth_tick_us=203224584,mechanical_angle_rad=4.881126881,valid=1,read_failures=0"
dengfoc,"SYNC_TRUTH,sequence=101394,truth_tick_us=203226588,mechanical_angle_rad=4.879592896,valid=1,read_failures=0"
dengfoc,"SYNC_TRUTH,sequence=101395,truth_tick_us=203228584,mechanical_angle_rad=4.881126881,valid=1,read_failures=0"
dengfoc,"SYNC_TRUTH,sequence=101396,truth_tick_us=203230588,mechanical_angle_rad=4.881126881,valid=1,read_failures=0"
dengfoc,"SYNC_TRUTH,sequence=101397,truth_tick_us=203232584,mechanical_angle_rad=4.879592896,valid=1,read_failures=0"
dengfoc,"SYNC_TRUTH,sequence=101398,truth_tick_us=203234588,mechanical_angle_rad=4.879592896,valid=1,read_failures=0"
dengfoc,"SYNC_TRUTH,sequence=101399,truth_tick_us=203236584,mechanical_angle_rad=4.879592896,valid=1,read_failures=0"
dengfoc,"SYNC_TRUTH,sequence=101400,truth_tick_us=203238588,mechanical_angle_rad=4.879592896,valid=1,read_failures=0"
dengfoc,"SYNC_TRUTH,sequence=101401,truth_tick_us=203240584,mechanical_angle_rad=4.879592896,valid=1,read_failures=0"
dengfoc,"SYNC_TRUTH,sequence=101402,truth_tick_us=203242588,mechanical_angle_rad=4.881126881,valid=1,read_failures=0"
dengfoc,"SYNC_TRUTH,sequence=101403,truth_tick_us=203244584,mechanical_angle_rad=4.879592896,valid=1,read_failures=0"
dengfoc,"SYNC_TRUTH,sequence=101404,truth_tick_us=203246588,mechanical_angle_rad=4.879592896,valid=1,read_failures=0"
dengfoc,"SYNC_TRUTH,sequence=101405,truth_tick_us=203248584,mechanical_angle_rad=4.879592896,valid=1,read_failures=0"
dengfoc,"SYNC_TRUTH,sequence=101406,truth_tick_us=203250588,mechanical_angle_rad=4.879592896,valid=1,read_failures=0"
dengfoc,"SYNC_TRUTH,sequence=101407,truth_tick_us=203252584,mechanical_angle_rad=4.881126881,valid=1,read_failures=0"
dengfoc,"SYNC_TRUTH,sequence=101408,truth_tick_us=203254588,mechanical_angle_rad=4.879592896,valid=1,read_failures=0"
dengfoc,"SYNC_TRUTH,sequence=101409,truth_tick_us=203256584,mechanical_angle_rad=4.881126881,valid=1,read_failures=0"
dengfoc,"SYNC_TRUTH,sequence=101410,truth_tick_us=203258588,mechanical_angle_rad=4.881126881,valid=1,read_failures=0"
dengfoc,"SYNC_TRUTH,sequence=101411,truth_tick_us=203260584,mechanical_angle_rad=4.881126881,valid=1,read_failures=0"
dengfoc,"SYNC_TRUTH,sequence=101412,truth_tick_us=203262588,mechanical_angle_rad=4.879592896,valid=1,read_failures=0"
dengfoc,"SYNC_TRUTH,sequence=101413,truth_tick_us=203264584,mechanical_angle_rad=4.879592896,valid=1,read_failures=0"
dengfoc,"SYNC_TRUTH,sequence=101414,truth_tick_us=203266588,mechanical_angle_rad=4.881126881,valid=1,read_failures=0"
dengfoc,"SYNC_TRUTH,sequence=101415,truth_tick_us=203268584,mechanical_angle_rad=4.881126881,valid=1,read_failures=0"
dengfoc,"SYNC_TRUTH,sequence=101416,truth_tick_us=203270588,mechanical_angle_rad=4.879592896,valid=1,read_failures=0"
dengfoc,"SYNC_TRUTH,sequence=101417,truth_tick_us=203272584,mechanical_angle_rad=4.881126881,valid=1,read_failures=0"
dengfoc,"SYNC_TRUTH,sequence=101418,truth_tick_us=203274588,mechanical_angle_rad=4.879592896,valid=1,read_failures=0"
dengfoc,"SYNC_TRUTH,sequence=101419,truth_tick_us=203276584,mechanical_angle_rad=4.879592896,valid=1,read_failures=0"
dengfoc,"SYNC_TRUTH,sequence=101420,truth_tick_us=203278588,mechanical_angle_rad=4.879592896,valid=1,read_failures=0"
dengfoc,"SYNC_TRUTH,sequence=101421,truth_tick_us=203280584,mechanical_angle_rad=4.881126881,valid=1,read_failures=0"
dengfoc,"SYNC_TRUTH,sequence=101422,truth_tick_us=203282588,mechanical_angle_rad=4.881126881,valid=1,read_failures=0"
dengfoc,"SYNC_TRUTH,sequence=101423,truth_tick_us=203284584,mechanical_angle_rad=4.879592896,valid=1,read_failures=0"
dengfoc,"SYNC_TRUTH,sequence=101424,truth_tick_us=203286588,mechanical_angle_rad=4.881126881,valid=1,read_failures=0"
dengfoc,"SYNC_TRUTH,sequence=101425,truth_tick_us=203288584,mechanical_angle_rad=4.879592896,valid=1,read_failures=0"
dengfoc,"SYNC_TRUTH,sequence=101426,truth_tick_us=203290588,mechanical_angle_rad=4.879592896,valid=1,read_failures=0"
dengfoc,"SYNC_TRUTH,sequence=101427,truth_tick_us=203292584,mechanical_angle_rad=4.881126881,valid=1,read_failures=0"
dengfoc,"SYNC_TRUTH,sequence=101428,truth_tick_us=203294588,mechanical_angle_rad=4.879592896,valid=1,read_failures=0"
dengfoc,"SYNC_TRUTH,sequence=101429,truth_tick_us=203296584,mechanical_angle_rad=4.879592896,valid=1,read_failures=0"
dengfoc,"SYNC_TRUTH,sequence=101430,truth_tick_us=203298588,mechanical_angle_rad=4.881126881,valid=1,read_failures=0"
dengfoc,"SYNC_TRUTH,sequence=101431,truth_tick_us=203300584,mechanical_angle_rad=4.879592896,valid=1,read_failures=0"
dengfoc,"SYNC_TRUTH,sequence=101432,truth_tick_us=203302588,mechanical_angle_rad=4.879592896,valid=1,read_failures=0"
dengfoc,"SYNC_TRUTH,sequence=101433,truth_tick_us=203304584,mechanical_angle_rad=4.881126881,valid=1,read_failures=0"
dengfoc,"SYNC_TRUTH,sequence=101434,truth_tick_us=203306588,mechanical_angle_rad=4.879592896,valid=1,read_failures=0"
dengfoc,"SYNC_TRUTH,sequence=101435,truth_tick_us=203308584,mechanical_angle_rad=4.881126881,valid=1,read_failures=0"
dengfoc,"SYNC_TRUTH,sequence=101436,truth_tick_us=203310588,mechanical_angle_rad=4.879592896,valid=1,read_failures=0"
dengfoc,"SYNC_TRUTH,sequence=101437,truth_tick_us=203312584,mechanical_angle_rad=4.879592896,valid=1,read_failures=0"
dengfoc,"SYNC_TRUTH,sequence=101438,truth_tick_us=203314588,mechanical_angle_rad=4.879592896,valid=1,read_failures=0"
dengfoc,"SYNC_TRUTH,sequence=101439,truth_tick_us=203316584,mechanical_angle_rad=4.881126881,valid=1,read_failures=0"
dengfoc,"SYNC_TRUTH,sequence=101440,truth_tick_us=203318588,mechanical_angle_rad=4.879592896,valid=1,read_failures=0"
dengfoc,"SYNC_TRUTH,sequence=101441,truth_tick_us=203320584,mechanical_angle_rad=4.881126881,valid=1,read_failures=0"
dengfoc,"SYNC_TRUTH,sequence=101442,truth_tick_us=203322588,mechanical_angle_rad=4.879592896,valid=1,read_failures=0"
dengfoc,"SYNC_TRUTH,sequence=101443,truth_tick_us=203324584,mechanical_angle_rad=4.879592896,valid=1,read_failures=0"
dengfoc,"SYNC_TRUTH,sequence=101444,truth_tick_us=203326588,mechanical_angle_rad=4.879592896,valid=1,read_failures=0"
dengfoc,"SYNC_TRUTH,sequence=101445,truth_tick_us=203328584,mechanical_angle_rad=4.879592896,valid=1,read_failures=0"
dengfoc,"SYNC_TRUTH,sequence=101446,truth_tick_us=203330588,mechanical_angle_rad=4.879592896,valid=1,read_failures=0"
dengfoc,"SYNC_TRUTH,sequence=101447,truth_tick_us=203332584,mechanical_angle_rad=4.881126881,valid=1,read_failures=0"
dengfoc,"SYNC_TRUTH,sequence=101448,truth_tick_us=203334588,mechanical_angle_rad=4.879592896,valid=1,read_failures=0"
dengfoc,"SYNC_TRUTH,sequence=101449,truth_tick_us=203336584,mechanical_angle_rad=4.881126881,valid=1,read_failures=0"
dengfoc,"SYNC_TRUTH,sequence=101450,truth_tick_us=203338588,mechanical_angle_rad=4.879592896,valid=1,read_failures=0"
dengfoc,"SYNC_TRUTH,sequence=101451,truth_tick_us=203340584,mechanical_angle_rad=4.879592896,valid=1,read_failures=0"
dengfoc,"SYNC_TRUTH,sequence=101452,truth_tick_us=203342588,mechanical_angle_rad=4.881126881,valid=1,read_failures=0"
dengfoc,"SYNC_TRUTH,sequence=101453,truth_tick_us=203344584,mechanical_angle_rad=4.881126881,valid=1,read_failures=0"
dengfoc,"SYNC_TRUTH,sequence=101454,truth_tick_us=203346588,mechanical_angle_rad=4.879592896,valid=1,read_failures=0"
dengfoc,"SYNC_TRUTH,sequence=101455,truth_tick_us=203348584,mechanical_angle_rad=4.879592896,valid=1,read_failures=0"
dengfoc,"SYNC_TRUTH,sequence=101456,truth_tick_us=203350588,mechanical_angle_rad=4.879592896,valid=1,read_failures=0"
dengfoc,"SYNC_TRUTH,sequence=101457,truth_tick_us=203352584,mechanical_angle_rad=4.879592896,valid=1,read_failures=0"
dengfoc,"SYNC_TRUTH,sequence=101458,truth_tick_us=203354588,mechanical_angle_rad=4.881126881,valid=1,read_failures=0"
dengfoc,"SYNC_TRUTH,sequence=101459,truth_tick_us=203356584,mechanical_angle_rad=4.879592896,valid=1,read_failures=0"
dengfoc,"SYNC_TRUTH,sequence=101460,truth_tick_us=203358588,mechanical_angle_rad=4.881126881,valid=1,read_failures=0"
dengfoc,"SYNC_TRUTH,sequence=101461,truth_tick_us=203360584,mechanical_angle_rad=4.879592896,valid=1,read_failures=0"
dengfoc,"SYNC_TRUTH,sequence=101462,truth_tick_us=203362588,mechanical_angle_rad=4.879592896,valid=1,read_failures=0"
dengfoc,"SYNC_TRUTH,sequence=101463,truth_tick_us=203364584,mechanical_angle_rad=4.879592896,valid=1,read_failures=0"
dengfoc,"SYNC_TRUTH,sequence=101464,truth_tick_us=203366588,mechanical_angle_rad=4.879592896,valid=1,read_failures=0"
dengfoc,"SYNC_TRUTH,sequence=101465,truth_tick_us=203368584,mechanical_angle_rad=4.879592896,valid=1,read_failures=0"
dengfoc,"SYNC_TRUTH,sequence=101466,truth_tick_us=203370588,mechanical_angle_rad=4.879592896,valid=1,read_failures=0"
dengfoc,"SYNC_TRUTH,sequence=101467,truth_tick_us=203372584,mechanical_angle_rad=4.879592896,valid=1,read_failures=0"
dengfoc,"SYNC_TRUTH,sequence=101468,truth_tick_us=203374588,mechanical_angle_rad=4.879592896,valid=1,read_failures=0"
dengfoc,"SYNC_TRUTH,sequence=101469,truth_tick_us=203376584,mechanical_angle_rad=4.879592896,valid=1,read_failures=0"
dengfoc,"SYNC_TRUTH,sequence=101470,truth_tick_us=203378588,mechanical_angle_rad=4.881126881,valid=1,read_failures=0"
dengfoc,"SYNC_TRUTH,sequence=101471,truth_tick_us=203380584,mechanical_angle_rad=4.881126881,valid=1,read_failures=0"
dengfoc,"SYNC_TRUTH,sequence=101472,truth_tick_us=203382588,mechanical_angle_rad=4.879592896,valid=1,read_failures=0"
dengfoc,"SYNC_TRUTH,sequence=101473,truth_tick_us=203384584,mechanical_angle_rad=4.879592896,valid=1,read_failures=0"
dengfoc,"SYNC_TRUTH,sequence=101474,truth_tick_us=203386588,mechanical_angle_rad=4.879592896,valid=1,read_failures=0"
dengfoc,"SYNC_TRUTH,sequence=101475,truth_tick_us=203388584,mechanical_angle_rad=4.879592896,valid=1,read_failures=0"
dengfoc,"SYNC_TRUTH,sequence=101476,truth_tick_us=203390588,mechanical_angle_rad=4.881126881,valid=1,read_failures=0"
dengfoc,"SYNC_TRUTH,sequence=101477,truth_tick_us=203392584,mechanical_angle_rad=4.879592896,valid=1,read_failures=0"
dengfoc,"SYNC_TRUTH,sequence=101478,truth_tick_us=203394588,mechanical_angle_rad=4.881126881,valid=1,read_failures=0"
dengfoc,"SYNC_TRUTH,sequence=101479,truth_tick_us=203396584,mechanical_angle_rad=4.879592896,valid=1,read_failures=0"
dengfoc,"SYNC_TRUTH,sequence=101480,truth_tick_us=203398588,mechanical_angle_rad=4.879592896,valid=1,read_failures=0"
dengfoc,"SYNC_TRUTH,sequence=101481,truth_tick_us=203400584,mechanical_angle_rad=4.881126881,valid=1,read_failures=0"
dengfoc,"SYNC_TRUTH,sequence=101482,truth_tick_us=203402588,mechanical_angle_rad=4.879592896,valid=1,read_failures=0"
dengfoc,"SYNC_TRUTH,sequence=101483,truth_tick_us=203404584,mechanical_angle_rad=4.881126881,valid=1,read_failures=0"
dengfoc,"SYNC_TRUTH,sequence=101484,truth_tick_us=203406588,mechanical_angle_rad=4.879592896,valid=1,read_failures=0"
dengfoc,"SYNC_TRUTH,sequence=101485,truth_tick_us=203408584,mechanical_angle_rad=4.879592896,valid=1,read_failures=0"
dengfoc,"SYNC_TRUTH,sequence=101486,truth_tick_us=203410588,mechanical_angle_rad=4.879592896,valid=1,read_failures=0"
dengfoc,"SYNC_TRUTH,sequence=101487,truth_tick_us=203412584,mechanical_angle_rad=4.879592896,valid=1,read_failures=0"
dengfoc,"SYNC_TRUTH,sequence=101488,truth_tick_us=203414588,mechanical_angle_rad=4.881126881,valid=1,read_failures=0"
dengfoc,"SYNC_TRUTH,sequence=101489,truth_tick_us=203416584,mechanical_angle_rad=4.881126881,valid=1,read_failures=0"
dengfoc,"SYNC_TRUTH,sequence=101490,truth_tick_us=203418588,mechanical_angle_rad=4.879592896,valid=1,read_failures=0"
dengfoc,"SYNC_TRUTH,sequence=101491,truth_tick_us=203420584,mechanical_angle_rad=4.879592896,valid=1,read_failures=0"
dengfoc,"SYNC_TRUTH,sequence=101492,truth_tick_us=203422588,mechanical_angle_rad=4.879592896,valid=1,read_failures=0"
dengfoc,"SYNC_TRUTH,sequence=101493,truth_tick_us=203424584,mechanical_angle_rad=4.881126881,valid=1,read_failures=0"
dengfoc,"SYNC_TRUTH,sequence=101494,truth_tick_us=203426588,mechanical_angle_rad=4.879592896,valid=1,read_failures=0"
dengfoc,"SYNC_TRUTH,sequence=101495,truth_tick_us=203428584,mechanical_angle_rad=4.879592896,valid=1,read_failures=0"
dengfoc,"SYNC_TRUTH,sequence=101496,truth_tick_us=203430588,mechanical_angle_rad=4.879592896,valid=1,read_failures=0"
dengfoc,"SYNC_TRUTH,sequence=101497,truth_tick_us=203432584,mechanical_angle_rad=4.879592896,valid=1,read_failures=0"
dengfoc,"SYNC_TRUTH,sequence=101498,truth_tick_us=203434588,mechanical_angle_rad=4.879592896,valid=1,read_failures=0"
dengfoc,"SYNC_TRUTH,sequence=101499,truth_tick_us=203436584,mechanical_angle_rad=4.879592896,valid=1,read_failures=0"
dengfoc,"SYNC_TRUTH,sequence=101500,truth_tick_us=203438588,mechanical_angle_rad=4.879592896,valid=1,read_failures=0"
dengfoc,"SYNC_TRUTH,sequence=101501,truth_tick_us=203440584,mechanical_angle_rad=4.879592896,valid=1,read_failures=0"
dengfoc,"SYNC_TRUTH,sequence=101502,truth_tick_us=203442588,mechanical_angle_rad=4.879592896,valid=1,read_failures=0"
dengfoc,"SYNC_TRUTH,sequence=101503,truth_tick_us=203444584,mechanical_angle_rad=4.879592896,valid=1,read_failures=0"
dengfoc,"SYNC_TRUTH,sequence=101504,truth_tick_us=203446588,mechanical_angle_rad=4.881126881,valid=1,read_failures=0"
dengfoc,"SYNC_TRUTH,sequence=101505,truth_tick_us=203448584,mechanical_angle_rad=4.879592896,valid=1,read_failures=0"
dengfoc,"SYNC_TRUTH,sequence=101506,truth_tick_us=203450588,mechanical_angle_rad=4.879592896,valid=1,read_failures=0"
dengfoc,"SYNC_TRUTH,sequence=101507,truth_tick_us=203452584,mechanical_angle_rad=4.879592896,valid=1,read_failures=0"
dengfoc,"SYNC_TRUTH,sequence=101508,truth_tick_us=203454588,mechanical_angle_rad=4.881126881,valid=1,read_failures=0"
dengfoc,"SYNC_TRUTH,sequence=101509,truth_tick_us=203456584,mechanical_angle_rad=4.879592896,valid=1,read_failures=0"
dengfoc,"SYNC_TRUTH,sequence=101510,truth_tick_us=203458588,mechanical_angle_rad=4.879592896,valid=1,read_failures=0"
dengfoc,"SYNC_TRUTH,sequence=101511,truth_tick_us=203460584,mechanical_angle_rad=4.879592896,valid=1,read_failures=0"
dengfoc,"SYNC_TRUTH,sequence=101512,truth_tick_us=203462588,mechanical_angle_rad=4.879592896,valid=1,read_failures=0"
dengfoc,"SYNC_TRUTH,sequence=101513,truth_tick_us=203464584,mechanical_angle_rad=4.881126881,valid=1,read_failures=0"
dengfoc,"SYNC_TRUTH,sequence=101514,truth_tick_us=203466588,mechanical_angle_rad=4.879592896,valid=1,read_failures=0"
dengfoc,"SYNC_TRUTH,sequence=101515,truth_tick_us=203468584,mechanical_angle_rad=4.879592896,valid=1,read_failures=0"
dengfoc,"SYNC_TRUTH,sequence=101516,truth_tick_us=203470588,mechanical_angle_rad=4.879592896,valid=1,read_failures=0"
dengfoc,"SYNC_TRUTH,sequence=101517,truth_tick_us=203472584,mechanical_angle_rad=4.879592896,valid=1,read_failures=0"
dengfoc,"SYNC_TRUTH,sequence=101518,truth_tick_us=203474588,mechanical_angle_rad=4.879592896,valid=1,read_failures=0"
dengfoc,"SYNC_TRUTH,sequence=101519,truth_tick_us=203476584,mechanical_angle_rad=4.879592896,valid=1,read_failures=0"
dengfoc,"SYNC_TRUTH,sequence=101520,truth_tick_us=203478588,mechanical_angle_rad=4.879592896,valid=1,read_failures=0"
dengfoc,"SYNC_TRUTH,sequence=101521,truth_tick_us=203480584,mechanical_angle_rad=4.881126881,valid=1,read_failures=0"
dengfoc,"SYNC_TRUTH,sequence=101522,truth_tick_us=203482588,mechanical_angle_rad=4.879592896,valid=1,read_failures=0"
dengfoc,"SYNC_TRUTH,sequence=101523,truth_tick_us=203484584,mechanical_angle_rad=4.881126881,valid=1,read_failures=0"
dengfoc,"SYNC_TRUTH,sequence=101524,truth_tick_us=203486588,mechanical_angle_rad=4.881126881,valid=1,read_failures=0"
dengfoc,"SYNC_TRUTH,sequence=101525,truth_tick_us=203488584,mechanical_angle_rad=4.879592896,valid=1,read_failures=0"
dengfoc,"SYNC_TRUTH,sequence=101526,truth_tick_us=203490588,mechanical_angle_rad=4.879592896,valid=1,read_failures=0"
dengfoc,"SYNC_TRUTH,sequence=101527,truth_tick_us=203492584,mechanical_angle_rad=4.879592896,valid=1,read_failures=0"
dengfoc,"SYNC_TRUTH,sequence=101528,truth_tick_us=203494588,mechanical_angle_rad=4.879592896,valid=1,read_failures=0"
dengfoc,"SYNC_TRUTH,sequence=101529,truth_tick_us=203496584,mechanical_angle_rad=4.881126881,valid=1,read_failures=0"
dengfoc,"SYNC_TRUTH,sequence=101530,truth_tick_us=203498588,mechanical_angle_rad=4.879592896,valid=1,read_failures=0"
dengfoc,"SYNC_TRUTH,sequence=101531,truth_tick_us=203500584,mechanical_angle_rad=4.881126881,valid=1,read_failures=0"
dengfoc,"SYNC_TRUTH,sequence=101532,truth_tick_us=203502588,mechanical_angle_rad=4.879592896,valid=1,read_failures=0"
dengfoc,"SYNC_TRUTH,sequence=101533,truth_tick_us=203504584,mechanical_angle_rad=4.879592896,valid=1,read_failures=0"
dengfoc,"SYNC_TRUTH,sequence=101534,truth_tick_us=203506588,mechanical_angle_rad=4.879592896,valid=1,read_failures=0"
dengfoc,"SYNC_TRUTH,sequence=101535,truth_tick_us=203508584,mechanical_angle_rad=4.879592896,valid=1,read_failures=0"
dengfoc,"SYNC_TRUTH,sequence=101536,truth_tick_us=203510588,mechanical_angle_rad=4.879592896,valid=1,read_failures=0"
dengfoc,"SYNC_TRUTH,sequence=101537,truth_tick_us=203512584,mechanical_angle_rad=4.879592896,valid=1,read_failures=0"
dengfoc,"SYNC_TRUTH,sequence=101538,truth_tick_us=203514588,mechanical_angle_rad=4.879592896,valid=1,read_failures=0"
dengfoc,"SYNC_TRUTH,sequence=101539,truth_tick_us=203516584,mechanical_angle_rad=4.881126881,valid=1,read_failures=0"
dengfoc,"SYNC_TRUTH,sequence=101540,truth_tick_us=203518588,mechanical_angle_rad=4.879592896,valid=1,read_failures=0"
dengfoc,"SYNC_TRUTH,sequence=101541,truth_tick_us=203520584,mechanical_angle_rad=4.879592896,valid=1,read_failures=0"
dengfoc,"SYNC_TRUTH,sequence=101542,truth_tick_us=203522588,mechanical_angle_rad=4.879592896,valid=1,read_failures=0"
dengfoc,"SYNC_TRUTH,sequence=101543,truth_tick_us=203524584,mechanical_angle_rad=4.879592896,valid=1,read_failures=0"
dengfoc,"SYNC_TRUTH,sequence=101544,truth_tick_us=203526588,mechanical_angle_rad=4.879592896,valid=1,read_failures=0"
dengfoc,"SYNC_TRUTH,sequence=101545,truth_tick_us=203528584,mechanical_angle_rad=4.881126881,valid=1,read_failures=0"
dengfoc,"SYNC_TRUTH,sequence=101546,truth_tick_us=203530588,mechanical_angle_rad=4.879592896,valid=1,read_failures=0"
dengfoc,"SYNC_TRUTH,sequence=101547,truth_tick_us=203532584,mechanical_angle_rad=4.879592896,valid=1,read_failures=0"
dengfoc,"SYNC_TRUTH,sequence=101548,truth_tick_us=203534588,mechanical_angle_rad=4.881126881,valid=1,read_failures=0"
dengfoc,"SYNC_TRUTH,sequence=101549,truth_tick_us=203536584,mechanical_angle_rad=4.879592896,valid=1,read_failures=0"
dengfoc,"SYNC_TRUTH,sequence=101550,truth_tick_us=203538588,mechanical_angle_rad=4.881126881,valid=1,read_failures=0"
dengfoc,"SYNC_TRUTH,sequence=101551,truth_tick_us=203540584,mechanical_angle_rad=4.879592896,valid=1,read_failures=0"
dengfoc,"SYNC_TRUTH,sequence=101552,truth_tick_us=203542588,mechanical_angle_rad=4.881126881,valid=1,read_failures=0"
dengfoc,"SYNC_TRUTH,sequence=101553,truth_tick_us=203544584,mechanical_angle_rad=4.881126881,valid=1,read_failures=0"
dengfoc,"SYNC_TRUTH,sequence=101554,truth_tick_us=203546588,mechanical_angle_rad=4.879592896,valid=1,read_failures=0"
dengfoc,"SYNC_TRUTH,sequence=101555,truth_tick_us=203548584,mechanical_angle_rad=4.879592896,valid=1,read_failures=0"
dengfoc,"SYNC_TRUTH,sequence=101556,truth_tick_us=203550588,mechanical_angle_rad=4.879592896,valid=1,read_failures=0"
dengfoc,"SYNC_TRUTH,sequence=101557,truth_tick_us=203552584,mechanical_angle_rad=4.879592896,valid=1,read_failures=0"
dengfoc,"SYNC_TRUTH,sequence=101558,truth_tick_us=203554588,mechanical_angle_rad=4.879592896,valid=1,read_failures=0"
dengfoc,"SYNC_TRUTH,sequence=101559,truth_tick_us=203556584,mechanical_angle_rad=4.879592896,valid=1,read_failures=0"
dengfoc,"SYNC_TRUTH,sequence=101560,truth_tick_us=203558588,mechanical_angle_rad=4.879592896,valid=1,read_failures=0"
dengfoc,"SYNC_TRUTH,sequence=101561,truth_tick_us=203560584,mechanical_angle_rad=4.879592896,valid=1,read_failures=0"
dengfoc,"SYNC_TRUTH,sequence=101562,truth_tick_us=203562588,mechanical_angle_rad=4.881126881,valid=1,read_failures=0"
dengfoc,"SYNC_TRUTH,sequence=101563,truth_tick_us=203564584,mechanical_angle_rad=4.879592896,valid=1,read_failures=0"
dengfoc,"SYNC_TRUTH,sequence=101564,truth_tick_us=203566588,mechanical_angle_rad=4.879592896,valid=1,read_failures=0"
dengfoc,"SYNC_TRUTH,sequence=101565,truth_tick_us=203568584,mechanical_angle_rad=4.881126881,valid=1,read_failures=0"
dengfoc,"SYNC_TRUTH,sequence=101566,truth_tick_us=203570588,mechanical_angle_rad=4.879592896,valid=1,read_failures=0"
dengfoc,"SYNC_TRUTH,sequence=101567,truth_tick_us=203572584,mechanical_angle_rad=4.881126881,valid=1,read_failures=0"
dengfoc,"SYNC_TRUTH,sequence=101568,truth_tick_us=203574588,mechanical_angle_rad=4.879592896,valid=1,read_failures=0"
dengfoc,"SYNC_TRUTH,sequence=101569,truth_tick_us=203576584,mechanical_angle_rad=4.879592896,valid=1,read_failures=0"
dengfoc,"SYNC_TRUTH,sequence=101570,truth_tick_us=203578588,mechanical_angle_rad=4.879592896,valid=1,read_failures=0"
dengfoc,"SYNC_TRUTH,sequence=101571,truth_tick_us=203580584,mechanical_angle_rad=4.881126881,valid=1,read_failures=0"
dengfoc,"SYNC_TRUTH,sequence=101572,truth_tick_us=203582588,mechanical_angle_rad=4.881126881,valid=1,read_failures=0"
dengfoc,"SYNC_TRUTH,sequence=101573,truth_tick_us=203584584,mechanical_angle_rad=4.879592896,valid=1,read_failures=0"
dengfoc,"SYNC_TRUTH,sequence=101574,truth_tick_us=203586588,mechanical_angle_rad=4.879592896,valid=1,read_failures=0"
dengfoc,"SYNC_TRUTH,sequence=101575,truth_tick_us=203588584,mechanical_angle_rad=4.879592896,valid=1,read_failures=0"
dengfoc,"SYNC_TRUTH,sequence=101576,truth_tick_us=203590588,mechanical_angle_rad=4.879592896,valid=1,read_failures=0"
dengfoc,"SYNC_TRUTH,sequence=101577,truth_tick_us=203592584,mechanical_angle_rad=4.879592896,valid=1,read_failures=0"
dengfoc,"SYNC_TRUTH,sequence=101578,truth_tick_us=203594588,mechanical_angle_rad=4.879592896,valid=1,read_failures=0"
dengfoc,"SYNC_TRUTH,sequence=101579,truth_tick_us=203596584,mechanical_angle_rad=4.881126881,valid=1,read_failures=0"
dengfoc,"SYNC_TRUTH,sequence=101580,truth_tick_us=203598588,mechanical_angle_rad=4.879592896,valid=1,read_failures=0"
dengfoc,"SYNC_TRUTH,sequence=101581,truth_tick_us=203600584,mechanical_angle_rad=4.879592896,valid=1,read_failures=0"
dengfoc,"SYNC_TRUTH,sequence=101582,truth_tick_us=203602588,mechanical_angle_rad=4.879592896,valid=1,read_failures=0"
dengfoc,"SYNC_TRUTH,sequence=101583,truth_tick_us=203604584,mechanical_angle_rad=4.879592896,valid=1,read_failures=0"
dengfoc,"SYNC_TRUTH,sequence=101584,truth_tick_us=203606588,mechanical_angle_rad=4.881126881,valid=1,read_failures=0"
dengfoc,"SYNC_TRUTH,sequence=101585,truth_tick_us=203608584,mechanical_angle_rad=4.879592896,valid=1,read_failures=0"
dengfoc,"SYNC_TRUTH,sequence=101586,truth_tick_us=203610588,mechanical_angle_rad=4.881126881,valid=1,read_failures=0"
dengfoc,"SYNC_TRUTH,sequence=101587,truth_tick_us=203612584,mechanical_angle_rad=4.879592896,valid=1,read_failures=0"
dengfoc,"SYNC_TRUTH,sequence=101588,truth_tick_us=203614588,mechanical_angle_rad=4.879592896,valid=1,read_failures=0"
dengfoc,"SYNC_TRUTH,sequence=101589,truth_tick_us=203616584,mechanical_angle_rad=4.881126881,valid=1,read_failures=0"
dengfoc,"SYNC_TRUTH,sequence=101590,truth_tick_us=203618588,mechanical_angle_rad=4.881126881,valid=1,read_failures=0"
dengfoc,"SYNC_TRUTH,sequence=101591,truth_tick_us=203620584,mechanical_angle_rad=4.879592896,valid=1,read_failures=0"
dengfoc,"SYNC_TRUTH,sequence=101592,truth_tick_us=203622588,mechanical_angle_rad=4.879592896,valid=1,read_failures=0"
dengfoc,"SYNC_TRUTH,sequence=101593,truth_tick_us=203624584,mechanical_angle_rad=4.879592896,valid=1,read_failures=0"
dengfoc,"SYNC_TRUTH,sequence=101594,truth_tick_us=203626588,mechanical_angle_rad=4.879592896,valid=1,read_failures=0"
dengfoc,"SYNC_TRUTH,sequence=101595,truth_tick_us=203628584,mechanical_angle_rad=4.881126881,valid=1,read_failures=0"
dengfoc,"SYNC_TRUTH,sequence=101596,truth_tick_us=203630588,mechanical_angle_rad=4.881126881,valid=1,read_failures=0"
dengfoc,"SYNC_TRUTH,sequence=101597,truth_tick_us=203632584,mechanical_angle_rad=4.879592896,valid=1,read_failures=0"
dengfoc,"SYNC_TRUTH,sequence=101598,truth_tick_us=203634588,mechanical_angle_rad=4.879592896,valid=1,read_failures=0"
dengfoc,"SYNC_TRUTH,sequence=101599,truth_tick_us=203636584,mechanical_angle_rad=4.879592896,valid=1,read_failures=0"
dengfoc,"SYNC_TRUTH,sequence=101600,truth_tick_us=203638588,mechanical_angle_rad=4.879592896,valid=1,read_failures=0"
dengfoc,"SYNC_TRUTH,sequence=101601,truth_tick_us=203640584,mechanical_angle_rad=4.879592896,valid=1,read_failures=0"
dengfoc,"SYNC_TRUTH,sequence=101602,truth_tick_us=203642588,mechanical_angle_rad=4.879592896,valid=1,read_failures=0"
dengfoc,"SYNC_TRUTH,sequence=101603,truth_tick_us=203644584,mechanical_angle_rad=4.881126881,valid=1,read_failures=0"
dengfoc,"SYNC_TRUTH,sequence=101604,truth_tick_us=203646588,mechanical_angle_rad=4.879592896,valid=1,read_failures=0"
dengfoc,"SYNC_TRUTH,sequence=101605,truth_tick_us=203648584,mechanical_angle_rad=4.879592896,valid=1,read_failures=0"
dengfoc,"SYNC_TRUTH,sequence=101606,truth_tick_us=203650588,mechanical_angle_rad=4.879592896,valid=1,read_failures=0"
dengfoc,"SYNC_TRUTH,sequence=101607,truth_tick_us=203652584,mechanical_angle_rad=4.879592896,valid=1,read_failures=0"
dengfoc,"SYNC_TRUTH,sequence=101608,truth_tick_us=203654588,mechanical_angle_rad=4.879592896,valid=1,read_failures=0"
dengfoc,"SYNC_TRUTH,sequence=101609,truth_tick_us=203656584,mechanical_angle_rad=4.879592896,valid=1,read_failures=0"
dengfoc,"SYNC_TRUTH,sequence=101610,truth_tick_us=203658588,mechanical_angle_rad=4.879592896,valid=1,read_failures=0"
dengfoc,"SYNC_TRUTH,sequence=101611,truth_tick_us=203660584,mechanical_angle_rad=4.881126881,valid=1,read_failures=0"
dengfoc,"SYNC_TRUTH,sequence=101612,truth_tick_us=203662588,mechanical_angle_rad=4.881126881,valid=1,read_failures=0"
dengfoc,"SYNC_TRUTH,sequence=101613,truth_tick_us=203664584,mechanical_angle_rad=4.879592896,valid=1,read_failures=0"
dengfoc,"SYNC_TRUTH,sequence=101614,truth_tick_us=203666588,mechanical_angle_rad=4.879592896,valid=1,read_failures=0"
