source,line_sequence,host_time_ns,host_time_s,raw_line
dengfoc,1,307905044158700,0.001552600,_failures=1075357959
dengfoc,2,307905047192800,0.004586700,"SYNC_TRUTH,sequence=7030,truth_tick_us=lu,mechanical_angle_rad=0.000000000,valid=3758096384,read_failures=1075357959"
dengfoc,3,307905051108500,0.008502400,"SYNC_TRUTH,sequence=7031,truth_tick_us=lu,mechanical_angle_rad=0.000000000,valid=3758096384,read_failures=1075357959"
dengfoc,4,307905055179200,0.012573100,"SYNC_TRUTH,sequence=7032,truth_tick_us=lu,mechanical_angle_rad=0.000000000,valid=3758096384,read_failures=1075357959"
dengfoc,5,307905059070900,0.016464800,"SYNC_TRUTH,sequence=7033,truth_tick_us=lu,mechanical_angle_rad=0.000000000,valid=3758096384,read_failures=1075357959"
dengfoc,6,307905063203300,0.020597200,"SYNC_TRUTH,sequence=7034,truth_tick_us=lu,mechanical_angle_rad=0.000000000,valid=3758096384,read_failures=1075357959"
dengfoc,7,307905066971700,0.024365600,"SYNC_TRUTH,sequence=7035,truth_tick_us=lu,mechanical_angle_rad=0.000000000,valid=3758096384,read_failures=1075357959"
dengfoc,8,307905071173700,0.028567600,"SYNC_TRUTH,sequence=7036,truth_tick_us=lu,mechanical_angle_rad=0.000000000,valid=3758096384,read_failures=1075357959"
dengfoc,9,307905075030100,0.032424000,"SYNC_TRUTH,sequence=7037,truth_tick_us=lu,mechanical_angle_rad=0.000000000,valid=3758096384,read_failures=1075357959"
dengfoc,10,307905079067900,0.036461800,"SYNC_TRUTH,sequence=7038,truth_tick_us=lu,mechanical_angle_rad=0.000000000,valid=3758096384,read_failures=1075357959"
dengfoc,11,307905083022000,0.040415900,"SYNC_TRUTH,sequence=7039,truth_tick_us=lu,mechanical_angle_rad=0.000000000,valid=3758096384,read_failures=1075357959"
dengfoc,12,307905087072700,0.044466600,"SYNC_TRUTH,sequence=7040,truth_tick_us=lu,mechanical_angle_rad=0.000000000,valid=3758096384,read_failures=1075357959"
dengfoc,13,307905091199700,0.048593600,"SYNC_TRUTH,sequence=7041,truth_tick_us=lu,mechanical_angle_rad=0.000000000,valid=3758096384,read_failures=1075357959"
dengfoc,14,307905095004000,0.052397900,"SYNC_TRUTH,sequence=7042,truth_tick_us=lu,mechanical_angle_rad=0.000000000,valid=3758096384,read_failures=1075357959"
dengfoc,15,307905099323100,0.056717000,"SYNC_TRUTH,sequence=7043,truth_tick_us=lu,mechanical_angle_rad=0.000000000,valid=3758096384,read_failures=1075357959"
dengfoc,16,307905103070700,0.060464600,"SYNC_TRUTH,sequence=7044,truth_tick_us=lu,mechanical_angle_rad=0.000000000,valid=3758096384,read_failures=1075357959"
dengfoc,17,307905107207200,0.064601100,"SYNC_TRUTH,sequence=7045,truth_tick_us=lu,mechanical_angle_rad=0.000000000,valid=3758096384,read_failures=1075357959"
dengfoc,18,307905110982200,0.068376100,"SYNC_TRUTH,sequence=7046,truth_tick_us=lu,mechanical_angle_rad=0.000000000,valid=3758096384,read_failures=1075357959"
dengfoc,19,307905115113600,0.072507500,"SYNC_TRUTH,sequence=7047,truth_tick_us=lu,mechanical_angle_rad=0.000000000,valid=3758096384,read_failures=1075357959"
dengfoc,20,307905119015000,0.076408900,"SYNC_TRUTH,sequence=7048,truth_tick_us=lu,mechanical_angle_rad=0.000000000,valid=3758096384,read_failures=1075357959"
dengfoc,21,307905123233100,0.080627000,"SYNC_TRUTH,sequence=7049,truth_tick_us=lu,mechanical_angle_rad=0.000000000,valid=3758096384,read_failures=1075357959"
dengfoc,22,307905127004800,0.084398700,"SYNC_TRUTH,sequence=7050,truth_tick_us=lu,mechanical_angle_rad=0.000000000,valid=3758096384,read_failures=1075357959"
dengfoc,23,307905131278000,0.088671900,"SYNC_TRUTH,sequence=7051,truth_tick_us=lu,mechanical_angle_rad=0.000000000,valid=3758096384,read_failures=1075357959"
dengfoc,24,307905135148400,0.092542300,"SYNC_TRUTH,sequence=7052,truth_tick_us=lu,mechanical_angle_rad=0.000000000,valid=3758096384,read_failures=1075357959"
dengfoc,25,307905139091100,0.096485000,"SYNC_TRUTH,sequence=7053,truth_tick_us=lu,mechanical_angle_rad=0.000000000,valid=3758096384,read_failures=1075357959"
dengfoc,26,307905143203500,0.100597400,"SYNC_TRUTH,sequence=7054,truth_tick_us=lu,mechanical_angle_rad=0.000000000,valid=3758096384,read_failures=1075357959"
dengfoc,27,307905146997800,0.104391700,"SYNC_TRUTH,sequence=7055,truth_tick_us=lu,mechanical_angle_rad=0.000000000,valid=3758096384,read_failures=1075357959"
dengfoc,28,307905151346300,0.108740200,"SYNC_TRUTH,sequence=7056,truth_tick_us=lu,mechanical_angle_rad=0.000000000,valid=3758096384,read_failures=1075357959"
dengfoc,29,307905154979200,0.112373100,"SYNC_TRUTH,sequence=7057,truth_tick_us=lu,mechanical_angle_rad=0.000000000,valid=3758096384,read_failures=1075357959"
dengfoc,30,307905159241300,0.116635200,"SYNC_TRUTH,sequence=7058,truth_tick_us=lu,mechanical_angle_rad=0.000000000,valid=3758096384,read_failures=1075357959"
g431,1,307905161524300,0.118918200,"ALV,0000241f,202110444,85721,0,64"
dengfoc,31,307905162955300,0.120349200,"SYNC_TRUTH,sequence=7059,truth_tick_us=lu,mechanical_angle_rad=0.000000000,valid=3758096384,read_failures=1075357959"
dengfoc,32,307905167184700,0.124578600,"SYNC_TRUTH,sequence=7060,truth_tick_us=lu,mechanical_angle_rad=0.000000000,valid=3758096384,read_failures=1075357959"
dengfoc,33,307905170953800,0.128347700,"SYNC_TRUTH,sequence=7061,truth_tick_us=lu,mechanical_angle_rad=0.000000000,valid=3758096384,read_failures=1075357959"
dengfoc,34,307905175111200,0.132505100,"SYNC_TRUTH,sequence=7062,truth_tick_us=lu,mechanical_angle_rad=0.000000000,valid=3758096384,read_failures=1075357959"
dengfoc,35,307905179110700,0.136504600,"SYNC_TRUTH,sequence=7063,truth_tick_us=lu,mechanical_angle_rad=0.000000000,valid=3758096384,read_failures=1075357959"
dengfoc,36,307905183120100,0.140514000,"SYNC_TRUTH,sequence=7064,truth_tick_us=lu,mechanical_angle_rad=0.000000000,valid=3758096384,read_failures=1075357959"
dengfoc,37,307905187315600,0.144709500,"SYNC_TRUTH,sequence=7065,truth_tick_us=lu,mechanical_angle_rad=0.000000000,valid=3758096384,read_failures=1075357959"
dengfoc,38,307905191093200,0.148487100,"SYNC_TRUTH,sequence=7066,truth_tick_us=lu,mechanical_angle_rad=0.000000000,valid=3758096384,read_failures=1075357959"
dengfoc,39,307905195368500,0.152762400,"SYNC_TRUTH,sequence=7067,truth_tick_us=lu,mechanical_angle_rad=0.000000000,valid=3758096384,read_failures=1075357959"
dengfoc,40,307905199025600,0.156419500,"SYNC_TRUTH,sequence=7068,truth_tick_us=lu,mechanical_angle_rad=0.000000000,valid=3758096384,read_failures=1075357959"
dengfoc,41,307905203141100,0.160535000,"SYNC_TRUTH,sequence=7069,truth_tick_us=lu,mechanical_angle_rad=0.000000000,valid=3758096384,read_failures=1075357959"
dengfoc,42,307905207157600,0.164551500,"SYNC_TRUTH,sequence=7070,truth_tick_us=lu,mechanical_angle_rad=0.000000000,valid=3758096384,read_failures=1075357959"
dengfoc,43,307905211095100,0.168489000,"SYNC_TRUTH,sequence=7071,truth_tick_us=lu,mechanical_angle_rad=0.000000000,valid=3758096384,read_failures=1075357959"
dengfoc,44,307905214938200,0.172332100,"SYNC_TRUTH,sequence=7072,truth_tick_us=lu,mechanical_angle_rad=0.000000000,valid=3758096384,read_failures=1075357959"
dengfoc,45,307905219030100,0.176424000,"SYNC_TRUTH,sequence=7073,truth_tick_us=lu,mechanical_angle_rad=0.000000000,valid=3758096384,read_failures=1075357959"
dengfoc,46,307905223159900,0.180553800,"SYNC_TRUTH,sequence=7074,truth_tick_us=lu,mechanical_angle_rad=0.000000000,valid=3758096384,read_failures=1075357959"
dengfoc,47,307905227080900,0.184474800,"SYNC_TRUTH,sequence=7075,truth_tick_us=lu,mechanical_angle_rad=0.000000000,valid=3758096384,read_failures=1075357959"
dengfoc,48,307905231154000,0.188547900,"SYNC_TRUTH,sequence=7076,truth_tick_us=lu,mechanical_angle_rad=0.000000000,valid=3758096384,read_failures=1075357959"
dengfoc,49,307905235062400,0.192456300,"SYNC_TRUTH,sequence=7077,truth_tick_us=lu,mechanical_angle_rad=0.000000000,valid=3758096384,read_failures=1075357959"
dengfoc,50,307905239177500,0.196571400,"SYNC_TRUTH,sequence=7078,truth_tick_us=lu,mechanical_angle_rad=0.000000000,valid=3758096384,read_failures=1075357959"
dengfoc,51,307905242973800,0.200367700,"SYNC_TRUTH,sequence=7079,truth_tick_us=lu,mechanical_angle_rad=0.000000000,valid=3758096384,read_failures=1075357959"
dengfoc,52,307905247071300,0.204465200,"SYNC_TRUTH,sequence=7080,truth_tick_us=lu,mechanical_angle_rad=0.000000000,valid=3758096384,read_failures=1075357959"
dengfoc,53,307905250958200,0.208352100,"SYNC_TRUTH,sequence=7081,truth_tick_us=lu,mechanical_angle_rad=0.000000000,valid=3758096384,read_failures=1075357959"
dengfoc,54,307905255062200,0.212456100,"SYNC_TRUTH,sequence=7082,truth_tick_us=lu,mechanical_angle_rad=0.000000000,valid=3758096384,read_failures=1075357959"
dengfoc,55,307905259061900,0.216455800,"SYNC_TRUTH,sequence=7083,truth_tick_us=lu,mechanical_angle_rad=0.000000000,valid=3758096384,read_failures=1075357959"
dengfoc,56,307905263077400,0.220471300,"SYNC_TRUTH,sequence=7084,truth_tick_us=lu,mechanical_angle_rad=0.000000000,valid=3758096384,read_failures=1075357959"
dengfoc,57,307905267182100,0.224576000,"SYNC_TRUTH,sequence=7085,truth_tick_us=lu,mechanical_angle_rad=0.000000000,valid=3758096384,read_failures=1075357959"
dengfoc,58,307905270979100,0.228373000,"SYNC_TRUTH,sequence=7086,truth_tick_us=lu,mechanical_angle_rad=0.000000000,valid=3758096384,read_failures=1075357959"
dengfoc,59,307905275054900,0.232448800,"SYNC_TRUTH,sequence=7087,truth_tick_us=lu,mechanical_angle_rad=0.000000000,valid=3758096384,read_failures=1075357959"
dengfoc,60,307905279052500,0.236446400,"SYNC_TRUTH,sequence=7088,truth_tick_us=lu,mechanical_angle_rad=0.000000000,valid=3758096384,read_failures=1075357959"
dengfoc,61,307905283222100,0.240616000,"SYNC_TRUTH,sequence=7089,truth_tick_us=lu,mechanical_angle_rad=0.000000000,valid=3758096384,read_failures=1075357959"
dengfoc,62,307905287079900,0.244473800,"SYNC_TRUTH,sequence=7090,truth_tick_us=lu,mechanical_angle_rad=0.000000000,valid=3758096384,read_failures=1075357959"
dengfoc,63,307905291053600,0.248447500,"SYNC_TRUTH,sequence=7091,truth_tick_us=lu,mechanical_angle_rad=0.000000000,valid=3758096384,read_failures=1075357959"
dengfoc,64,307905294982800,0.252376700,"SYNC_TRUTH,sequence=7092,truth_tick_us=lu,mechanical_angle_rad=0.000000000,valid=3758096384,read_failures=1075357959"
dengfoc,65,307905299140600,0.256534500,"SYNC_TRUTH,sequence=7093,truth_tick_us=lu,mechanical_angle_rad=0.000000000,valid=3758096384,read_failures=1075357959"
dengfoc,66,307905303008300,0.260402200,"SYNC_TRUTH,sequence=7094,truth_tick_us=lu,mechanical_angle_rad=0.000000000,valid=3758096384,read_failures=1075357959"
dengfoc,67,307905306988400,0.264382300,"SYNC_TRUTH,sequence=7095,truth_tick_us=lu,mechanical_angle_rad=0.000000000,valid=3758096384,read_failures=1075357959"
dengfoc,68,307905311077200,0.268471100,"SYNC_TRUTH,sequence=7096,truth_tick_us=lu,mechanical_angle_rad=0.000000000,valid=3758096384,read_failures=1075357959"
dengfoc,69,307905314992500,0.272386400,"SYNC_TRUTH,sequence=7097,truth_tick_us=lu,mechanical_angle_rad=0.000000000,valid=3758096384,read_failures=1075357959"
dengfoc,70,307905319115500,0.276509400,"SYNC_TRUTH,sequence=7098,truth_tick_us=lu,mechanical_angle_rad=0.000000000,valid=3758096384,read_failures=1075357959"
dengfoc,71,307905323146900,0.280540800,"SYNC_TRUTH,sequence=7099,truth_tick_us=lu,mechanical_angle_rad=0.000000000,valid=3758096384,read_failures=1075357959"
dengfoc,72,307905327090600,0.284484500,"SYNC_TRUTH,sequence=7100,truth_tick_us=lu,mechanical_angle_rad=0.000000000,valid=3758096384,read_failures=1075357959"
dengfoc,73,307905331119500,0.288513400,"SYNC_TRUTH,sequence=7101,truth_tick_us=lu,mechanical_angle_rad=0.000000000,valid=3758096384,read_failures=1075357959"
dengfoc,74,307905335106700,0.292500600,"SYNC_TRUTH,sequence=7102,truth_tick_us=lu,mechanical_angle_rad=0.000000000,valid=3758096384,read_failures=1075357959"
dengfoc,75,307905338940100,0.296334000,"SYNC_TRUTH,sequence=7103,truth_tick_us=lu,mechanical_angle_rad=0.000000000,valid=3758096384,read_failures=1075357959"
dengfoc,76,307905343206200,0.300600100,"SYNC_TRUTH,sequence=7104,truth_tick_us=lu,mechanical_angle_rad=0.000000000,valid=3758096384,read_failures=1075357959"
dengfoc,77,307905346971000,0.304364900,"SYNC_TRUTH,sequence=7105,truth_tick_us=lu,mechanical_angle_rad=0.000000000,valid=3758096384,read_failures=1075357959"
dengfoc,78,307905351063200,0.308457100,"SYNC_TRUTH,sequence=7106,truth_tick_us=lu,mechanical_angle_rad=0.000000000,valid=3758096384,read_failures=1075357959"
dengfoc,79,307905355160400,0.312554300,"SYNC_TRUTH,sequence=7107,truth_tick_us=lu,mechanical_angle_rad=0.000000000,valid=3758096384,read_failures=1075357959"
dengfoc,80,307905358998000,0.316391900,"SYNC_TRUTH,sequence=7108,truth_tick_us=lu,mechanical_angle_rad=0.000000000,valid=3758096384,read_failures=1075357959"
dengfoc,81,307905363176100,0.320570000,"SYNC_TRUTH,sequence=7109,truth_tick_us=lu,mechanical_angle_rad=0.000000000,valid=3758096384,read_failures=1075357959"
dengfoc,82,307905367006700,0.324400600,"SYNC_TRUTH,sequence=7110,truth_tick_us=lu,mechanical_angle_rad=0.000000000,valid=3758096384,read_failures=1075357959"
dengfoc,83,307905371203600,0.328597500,"SYNC_TRUTH,sequence=7111,truth_tick_us=lu,mechanical_angle_rad=0.000000000,valid=3758096384,read_failures=1075357959"
dengfoc,84,307905374971400,0.332365300,"SYNC_TRUTH,sequence=7112,truth_tick_us=lu,mechanical_angle_rad=0.000000000,valid=3758096384,read_failures=1075357959"
dengfoc,85,307905379129900,0.336523800,"SYNC_TRUTH,sequence=7113,truth_tick_us=lu,mechanical_angle_rad=0.000000000,valid=3758096384,read_failures=1075357959"
dengfoc,86,307905383026500,0.340420400,"SYNC_TRUTH,sequence=7114,truth_tick_us=lu,mechanical_angle_rad=0.000000000,valid=3758096384,read_failures=1075357959"
dengfoc,87,307905387055400,0.344449300,"SYNC_TRUTH,sequence=7115,truth_tick_us=lu,mechanical_angle_rad=0.000000000,valid=3758096384,read_failures=1075357959"
dengfoc,88,307905390921000,0.348314900,"SYNC_TRUTH,sequence=7116,truth_tick_us=lu,mechanical_angle_rad=0.000000000,valid=3758096384,read_failures=1075357959"
dengfoc,89,307905394988000,0.352381900,"SYNC_TRUTH,sequence=7117,truth_tick_us=lu,mechanical_angle_rad=0.000000000,valid=3758096384,read_failures=1075357959"
dengfoc,90,307905399043300,0.356437200,"SYNC_TRUTH,sequence=7118,truth_tick_us=lu,mechanical_angle_rad=0.000000000,valid=3758096384,read_failures=1075357959"
dengfoc,91,307905402979200,0.360373100,"SYNC_TRUTH,sequence=7119,truth_tick_us=lu,mechanical_angle_rad=0.000000000,valid=3758096384,read_failures=1075357959"
dengfoc,92,307905407219800,0.364613700,"SYNC_TRUTH,sequence=7120,truth_tick_us=lu,mechanical_angle_rad=0.000000000,valid=3758096384,read_failures=1075357959"
dengfoc,93,307905411074100,0.368468000,"SYNC_TRUTH,sequence=7121,truth_tick_us=lu,mechanical_angle_rad=0.000000000,valid=3758096384,read_failures=1075357959"
dengfoc,94,307905415195400,0.372589300,"SYNC_TRUTH,sequence=7122,truth_tick_us=lu,mechanical_angle_rad=0.000000000,valid=3758096384,read_failures=1075357959"
dengfoc,95,307905419085500,0.376479400,"SYNC_TRUTH,sequence=7123,truth_tick_us=lu,mechanical_angle_rad=0.000000000,valid=3758096384,read_failures=1075357959"
dengfoc,96,307905423090400,0.380484300,"SYNC_TRUTH,sequence=7124,truth_tick_us=lu,mechanical_angle_rad=0.000000000,valid=3758096384,read_failures=1075357959"
dengfoc,97,307905427001000,0.384394900,"SYNC_TRUTH,sequence=7125,truth_tick_us=lu,mechanical_angle_rad=0.000000000,valid=3758096384,read_failures=1075357959"
dengfoc,98,307905431188200,0.388582100,"SYNC_TRUTH,sequence=7126,truth_tick_us=lu,mechanical_angle_rad=0.000000000,valid=3758096384,read_failures=1075357959"
dengfoc,99,307905435055000,0.392448900,"SYNC_TRUTH,sequence=7127,truth_tick_us=lu,mechanical_angle_rad=0.000000000,valid=3758096384,read_failures=1075357959"
dengfoc,100,307905439078900,0.396472800,"SYNC_TRUTH,sequence=7128,truth_tick_us=lu,mechanical_angle_rad=0.000000000,valid=3758096384,read_failures=1075357959"
dengfoc,101,307905443015900,0.400409800,"SYNC_TRUTH,sequence=7129,truth_tick_us=lu,mechanical_angle_rad=0.000000000,valid=3758096384,read_failures=1075357959"
dengfoc,102,307905447091700,0.404485600,"SYNC_TRUTH,sequence=7130,truth_tick_us=lu,mechanical_angle_rad=0.000000000,valid=3758096384,read_failures=1075357959"
dengfoc,103,307905451181500,0.408575400,"SYNC_TRUTH,sequence=7131,truth_tick_us=lu,mechanical_angle_rad=0.000000000,valid=3758096384,read_failures=1075357959"
dengfoc,104,307905454996500,0.412390400,"SYNC_TRUTH,sequence=7132,truth_tick_us=lu,mechanical_angle_rad=0.000000000,valid=3758096384,read_failures=1075357959"
dengfoc,105,307905459087700,0.416481600,"SYNC_TRUTH,sequence=7133,truth_tick_us=lu,mechanical_angle_rad=0.000000000,valid=3758096384,read_failures=1075357959"
dengfoc,106,307905463045300,0.420439200,"SYNC_TRUTH,sequence=7134,truth_tick_us=lu,mechanical_angle_rad=0.000000000,valid=3758096384,read_failures=1075357959"
dengfoc,107,307905467184400,0.424578300,"SYNC_TRUTH,sequence=7135,truth_tick_us=lu,mechanical_angle_rad=0.000000000,valid=3758096384,read_failures=1075357959"
dengfoc,108,307905470979800,0.428373700,"SYNC_TRUTH,sequence=7136,truth_tick_us=lu,mechanical_angle_rad=0.000000000,valid=3758096384,read_failures=1075357959"
dengfoc,109,307905475123600,0.432517500,"SYNC_TRUTH,sequence=7137,truth_tick_us=lu,mechanical_angle_rad=0.000000000,valid=3758096384,read_failures=1075357959"
dengfoc,110,307905479009900,0.436403800,"SYNC_TRUTH,sequence=7138,truth_tick_us=lu,mechanical_angle_rad=0.000000000,valid=3758096384,read_failures=1075357959"
dengfoc,111,307905483040200,0.440434100,"SYNC_TRUTH,sequence=7139,truth_tick_us=lu,mechanical_angle_rad=0.000000000,valid=3758096384,read_failures=1075357959"
dengfoc,112,307905486925700,0.444319600,"SYNC_TRUTH,sequence=7140,truth_tick_us=lu,mechanical_angle_rad=0.000000000,valid=3758096384,read_failures=1075357959"
dengfoc,113,307905491115400,0.448509300,"SYNC_TRUTH,sequence=7141,truth_tick_us=lu,mechanical_angle_rad=0.000000000,valid=3758096384,read_failures=1075357959"
dengfoc,114,307905495155400,0.452549300,"SYNC_TRUTH,sequence=7142,truth_tick_us=lu,mechanical_angle_rad=0.000000000,valid=3758096384,read_failures=1075357959"
dengfoc,115,307905498987100,0.456381000,"SYNC_TRUTH,sequence=7143,truth_tick_us=lu,mechanical_angle_rad=0.000000000,valid=3758096384,read_failures=1075357959"
dengfoc,116,307905503172500,0.460566400,"SYNC_TRUTH,sequence=7144,truth_tick_us=lu,mechanical_angle_rad=0.000000000,valid=3758096384,read_failures=1075357959"
dengfoc,117,307905506977000,0.464370900,"SYNC_TRUTH,sequence=7145,truth_tick_us=lu,mechanical_angle_rad=0.000000000,valid=3758096384,read_failures=1075357959"
dengfoc,118,307905511120300,0.468514200,"SYNC_TRUTH,sequence=7146,truth_tick_us=lu,mechanical_angle_rad=0.000000000,valid=3758096384,read_failures=1075357959"
dengfoc,119,307905515054200,0.472448100,"SYNC_TRUTH,sequence=7147,truth_tick_us=lu,mechanical_angle_rad=0.000000000,valid=3758096384,read_failures=1075357959"
dengfoc,120,307905519143000,0.476536900,"SYNC_TRUTH,sequence=7148,truth_tick_us=lu,mechanical_angle_rad=0.000000000,valid=3758096384,read_failures=1075357959"
dengfoc,121,307905522956700,0.480350600,"SYNC_TRUTH,sequence=7149,truth_tick_us=lu,mechanical_angle_rad=0.000000000,valid=3758096384,read_failures=1075357959"
dengfoc,122,307905527081300,0.484475200,"SYNC_TRUTH,sequence=7150,truth_tick_us=lu,mechanical_angle_rad=0.000000000,valid=3758096384,read_failures=1075357959"
dengfoc,123,307905530958900,0.488352800,"SYNC_TRUTH,sequence=7151,truth_tick_us=lu,mechanical_angle_rad=0.000000000,valid=3758096384,read_failures=1075357959"
dengfoc,124,307905535074600,0.492468500,"SYNC_TRUTH,sequence=7152,truth_tick_us=lu,mechanical_angle_rad=0.000000000,valid=3758096384,read_failures=1075357959"
dengfoc,125,307905538929000,0.496322900,"SYNC_TRUTH,sequence=7153,truth_tick_us=lu,mechanical_angle_rad=0.000000000,valid=3758096384,read_failures=1075357959"
dengfoc,126,307905542985300,0.500379200,"SYNC_TRUTH,sequence=7154,truth_tick_us=lu,mechanical_angle_rad=0.000000000,valid=3758096384,read_failures=1075357959"
dengfoc,127,307905547102600,0.504496500,"SYNC_TRUTH,sequence=7155,truth_tick_us=lu,mechanical_angle_rad=0.000000000,valid=3758096384,read_failures=1075357959"
dengfoc,128,307905551073600,0.508467500,"SYNC_TRUTH,sequence=7156,truth_tick_us=lu,mechanical_angle_rad=0.000000000,valid=3758096384,read_failures=1075357959"
dengfoc,129,307905555093000,0.512486900,"SYNC_TRUTH,sequence=7157,truth_tick_us=lu,mechanical_angle_rad=0.000000000,valid=3758096384,read_failures=1075357959"
dengfoc,130,307905558985000,0.516378900,"SYNC_TRUTH,sequence=7158,truth_tick_us=lu,mechanical_angle_rad=0.000000000,valid=3758096384,read_failures=1075357959"
dengfoc,131,307905563137600,0.520531500,"SYNC_TRUTH,sequence=7159,truth_tick_us=lu,mechanical_angle_rad=0.000000000,valid=3758096384,read_failures=1075357959"
dengfoc,132,307905566967900,0.524361800,"SYNC_TRUTH,sequence=7160,truth_tick_us=lu,mechanical_angle_rad=0.000000000,valid=3758096384,read_failures=1075357959"
dengfoc,133,307905571045200,0.528439100,"SYNC_TRUTH,sequence=7161,truth_tick_us=lu,mechanical_angle_rad=0.000000000,valid=3758096384,read_failures=1075357959"
dengfoc,134,307905574969100,0.532363000,"SYNC_TRUTH,sequence=7162,truth_tick_us=lu,mechanical_angle_rad=0.000000000,valid=3758096384,read_failures=1075357959"
dengfoc,135,307905579132300,0.536526200,"SYNC_TRUTH,sequence=7163,truth_tick_us=lu,mechanical_angle_rad=0.000000000,valid=3758096384,read_failures=1075357959"
dengfoc,136,307905583025700,0.540419600,"SYNC_TRUTH,sequence=7164,truth_tick_us=lu,mechanical_angle_rad=0.000000000,valid=3758096384,read_failures=1075357959"
dengfoc,137,307905587137500,0.544531400,"SYNC_TRUTH,sequence=7165,truth_tick_us=lu,mechanical_angle_rad=0.000000000,valid=3758096384,read_failures=1075357959"
dengfoc,138,307905591189400,0.548583300,"SYNC_TRUTH,sequence=7166,truth_tick_us=lu,mechanical_angle_rad=0.000000000,valid=3758096384,read_failures=1075357959"
dengfoc,139,307905595084100,0.552478000,"SYNC_TRUTH,sequence=7167,truth_tick_us=lu,mechanical_angle_rad=0.000000000,valid=3758096384,read_failures=1075357959"
dengfoc,140,307905599139700,0.556533600,"SYNC_TRUTH,sequence=7168,truth_tick_us=lu,mechanical_angle_rad=0.000000000,valid=3758096384,read_failures=1075357959"
dengfoc,141,307905602995000,0.560388900,"SYNC_TRUTH,sequence=7169,truth_tick_us=lu,mechanical_angle_rad=0.000000000,valid=3758096384,read_failures=1075357959"
dengfoc,142,307905607166500,0.564560400,"SYNC_TRUTH,sequence=7170,truth_tick_us=lu,mechanical_angle_rad=0.000000000,valid=3758096384,read_failures=1075357959"
dengfoc,143,307905611037100,0.568431000,"SYNC_TRUTH,sequence=7171,truth_tick_us=lu,mechanical_angle_rad=0.000000000,valid=3758096384,read_failures=1075357959"
dengfoc,144,307905615109000,0.572502900,"SYNC_TRUTH,sequence=7172,truth_tick_us=lu,mechanical_angle_rad=0.000000000,valid=3758096384,read_failures=1075357959"
dengfoc,145,307905619030100,0.576424000,"SYNC_TRUTH,sequence=7173,truth_tick_us=lu,mechanical_angle_rad=0.000000000,valid=3758096384,read_failures=1075357959"
dengfoc,146,307905623102200,0.580496100,"SYNC_TRUTH,sequence=7174,truth_tick_us=lu,mechanical_angle_rad=0.000000000,valid=3758096384,read_failures=1075357959"
dengfoc,147,307905626912800,0.584306700,"SYNC_TRUTH,sequence=7175,truth_tick_us=lu,mechanical_angle_rad=0.000000000,valid=3758096384,read_failures=1075357959"
dengfoc,148,307905631011900,0.588405800,"SYNC_TRUTH,sequence=7176,truth_tick_us=lu,mechanical_angle_rad=0.000000000,valid=3758096384,read_failures=1075357959"
dengfoc,149,307905635196300,0.592590200,"SYNC_TRUTH,sequence=7177,truth_tick_us=lu,mechanical_angle_rad=0.000000000,valid=3758096384,read_failures=1075357959"
dengfoc,150,307905639090100,0.596484000,"SYNC_TRUTH,sequence=7178,truth_tick_us=lu,mechanical_angle_rad=0.000000000,valid=3758096384,read_failures=1075357959"
dengfoc,151,307905643097100,0.600491000,"SYNC_TRUTH,sequence=7179,truth_tick_us=lu,mechanical_angle_rad=0.000000000,valid=3758096384,read_failures=1075357959"
dengfoc,152,307905647204800,0.604598700,"SYNC_TRUTH,sequence=7180,truth_tick_us=lu,mechanical_angle_rad=0.000000000,valid=3758096384,read_failures=1075357959"
dengfoc,153,307905651090600,0.608484500,"SYNC_TRUTH,sequence=7181,truth_tick_us=lu,mechanical_angle_rad=0.000000000,valid=3758096384,read_failures=1075357959"
dengfoc,154,307905655054300,0.612448200,"SYNC_TRUTH,sequence=7182,truth_tick_us=lu,mechanical_angle_rad=0.000000000,valid=3758096384,read_failures=1075357959"
dengfoc,155,307905659136000,0.616529900,"SYNC_TRUTH,sequence=7183,truth_tick_us=lu,mechanical_angle_rad=0.000000000,valid=3758096384,read_failures=1075357959"
dengfoc,156,307905663060400,0.620454300,"SYNC_TRUTH,sequence=7184,truth_tick_us=lu,mechanical_angle_rad=0.000000000,valid=3758096384,read_failures=1075357959"
dengfoc,157,307905667134700,0.624528600,"SYNC_TRUTH,sequence=7185,truth_tick_us=lu,mechanical_angle_rad=0.000000000,valid=3758096384,read_failures=1075357959"
dengfoc,158,307905671007300,0.628401200,"SYNC_TRUTH,sequence=7186,truth_tick_us=lu,mechanical_angle_rad=0.000000000,valid=3758096384,read_failures=1075357959"
dengfoc,159,307905675041200,0.632435100,"SYNC_TRUTH,sequence=7187,truth_tick_us=lu,mechanical_angle_rad=0.000000000,valid=3758096384,read_failures=1075357959"
dengfoc,160,307905679243400,0.636637300,"SYNC_TRUTH,sequence=7188,truth_tick_us=lu,mechanical_angle_rad=0.000000000,valid=3758096384,read_failures=1075357959"
dengfoc,161,307905683163800,0.640557700,"SYNC_TRUTH,sequence=7189,truth_tick_us=lu,mechanical_angle_rad=0.000000000,valid=3758096384,read_failures=1075357959"
dengfoc,162,307905687150300,0.644544200,"SYNC_TRUTH,sequence=7190,truth_tick_us=lu,mechanical_angle_rad=0.000000000,valid=3758096384,read_failures=1075357959"
dengfoc,163,307905690988300,0.648382200,"SYNC_TRUTH,sequence=7191,truth_tick_us=lu,mechanical_angle_rad=0.000000000,valid=3758096384,read_failures=1075357959"
dengfoc,164,307905695207000,0.652600900,"SYNC_TRUTH,sequence=7192,truth_tick_us=lu,mechanical_angle_rad=0.000000000,valid=3758096384,read_failures=1075357959"
dengfoc,165,307905698994600,0.656388500,"SYNC_TRUTH,sequence=7193,truth_tick_us=lu,mechanical_angle_rad=0.000000000,valid=3758096384,read_failures=1075357959"
dengfoc,166,307905703151600,0.660545500,"SYNC_TRUTH,sequence=7194,truth_tick_us=lu,mechanical_angle_rad=0.000000000,valid=3758096384,read_failures=1075357959"
dengfoc,167,307905707038400,0.664432300,"SYNC_TRUTH,sequence=7195,truth_tick_us=lu,mechanical_angle_rad=0.000000000,valid=3758096384,read_failures=1075357959"
dengfoc,168,307905710498400,0.667892300,"SYNC_TRUTH,sequence=7196,truth_tick_us=lu,mechanical_angle_rad=0.000000000,valid=3758096384,read_failures=1075357959"
dengfoc,169,307905712754500,0.670148400,"SYNC_STATUS,frames=0,frame_fail=0,truth=7196,truth_fail=0,truth_tx_fail=0,idle=0,capture_state=0,capture_failure=0,rejected=0,overflow=0,recovered=0,session_rollovers=0,sync_level=0,driver_disabled=1"
dengfoc,170,307905715195500,0.672589400,"SYNC_TRUTH,sequence=7197,truth_tick_us=lu,mechanical_angle_rad=0.000000000,valid=3758096384,read_failures=1075357959"
dengfoc,171,307905720060500,0.677454400,"SYNC_TRUTH,sequence=7198,truth_tick_us=lu,mechanical_angle_rad=0.000000000,valid=3758096384,read_failures=1075357959"
dengfoc,172,307905723934300,0.681328200,"SYNC_TRUTH,sequence=7199,truth_tick_us=lu,mechanical_angle_rad=0.000000000,valid=3758096384,read_failures=1075357959"
dengfoc,173,307905728138100,0.685532000,"SYNC_TRUTH,sequence=7200,truth_tick_us=lu,mechanical_angle_rad=0.000000000,valid=3758096384,read_failures=1075357959"
dengfoc,174,307905732215600,0.689609500,"SYNC_TRUTH,sequence=7201,truth_tick_us=lu,mechanical_angle_rad=0.000000000,valid=3758096384,read_failures=1075357959"
dengfoc,175,307905736069800,0.693463700,"SYNC_TRUTH,sequence=7202,truth_tick_us=lu,mechanical_angle_rad=0.000000000,valid=3758096384,read_failures=1075357959"
dengfoc,176,307905740145200,0.697539100,"SYNC_TRUTH,sequence=7203,truth_tick_us=lu,mechanical_angle_rad=0.000000000,valid=3758096384,read_failures=1075357959"
dengfoc,177,307905744230300,0.701624200,"SYNC_TRUTH,sequence=7204,truth_tick_us=lu,mechanical_angle_rad=0.000000000,valid=3758096384,read_failures=1075357959"
dengfoc,178,307905748225400,0.705619300,"SYNC_TRUTH,sequence=7205,truth_tick_us=lu,mechanical_angle_rad=0.000000000,valid=3758096384,read_failures=1075357959"
dengfoc,179,307905752111200,0.709505100,"SYNC_TRUTH,sequence=7206,truth_tick_us=lu,mechanical_angle_rad=0.000000000,valid=3758096384,read_failures=1075357959"
dengfoc,180,307905756147400,0.713541300,"SYNC_TRUTH,sequence=7207,truth_tick_us=lu,mechanical_angle_rad=0.000000000,valid=3758096384,read_failures=1075357959"
dengfoc,181,307905760103700,0.717497600,"SYNC_TRUTH,sequence=7208,truth_tick_us=lu,mechanical_angle_rad=0.000000000,valid=3758096384,read_failures=1075357959"
dengfoc,182,307905764120800,0.721514700,"SYNC_TRUTH,sequence=7209,truth_tick_us=lu,mechanical_angle_rad=0.000000000,valid=3758096384,read_failures=1075357959"
dengfoc,183,307905768142600,0.725536500,"SYNC_TRUTH,sequence=7210,truth_tick_us=lu,mechanical_angle_rad=0.000000000,valid=3758096384,read_failures=1075357959"
dengfoc,184,307905772084600,0.729478500,"SYNC_TRUTH,sequence=7211,truth_tick_us=lu,mechanical_angle_rad=0.000000000,valid=3758096384,read_failures=1075357959"
dengfoc,185,307905776127200,0.733521100,"SYNC_TRUTH,sequence=7212,truth_tick_us=lu,mechanical_angle_rad=0.000000000,valid=3758096384,read_failures=1075357959"
dengfoc,186,307905779964800,0.737358700,"SYNC_TRUTH,sequence=7213,truth_tick_us=lu,mechanical_angle_rad=0.000000000,valid=3758096384,read_failures=1075357959"
dengfoc,187,307905784122200,0.741516100,"SYNC_TRUTH,sequence=7214,truth_tick_us=lu,mechanical_angle_rad=0.000000000,valid=3758096384,read_failures=1075357959"
dengfoc,188,307905788034500,0.745428400,"SYNC_TRUTH,sequence=7215,truth_tick_us=lu,mechanical_angle_rad=0.000000000,valid=3758096384,read_failures=1075357959"
dengfoc,189,307905792112300,0.749506200,"SYNC_TRUTH,sequence=7216,truth_tick_us=lu,mechanical_angle_rad=0.000000000,valid=3758096384,read_failures=1075357959"
dengfoc,190,307905795973100,0.753367000,"SYNC_TRUTH,sequence=7217,truth_tick_us=lu,mechanical_angle_rad=0.000000000,valid=3758096384,read_failures=1075357959"
dengfoc,191,307905800065600,0.757459500,"SYNC_TRUTH,sequence=7218,truth_tick_us=lu,mechanical_angle_rad=0.000000000,valid=3758096384,read_failures=1075357959"
dengfoc,192,307905803942200,0.761336100,"SYNC_TRUTH,sequence=7219,truth_tick_us=lu,mechanical_angle_rad=0.000000000,valid=3758096384,read_failures=1075357959"
dengfoc,193,307905807987700,0.765381600,"SYNC_TRUTH,sequence=7220,truth_tick_us=lu,mechanical_angle_rad=0.000000000,valid=3758096384,read_failures=1075357959"
dengfoc,194,307905812149400,0.769543300,"SYNC_TRUTH,sequence=7221,truth_tick_us=lu,mechanical_angle_rad=0.000000000,valid=3758096384,read_failures=1075357959"
dengfoc,195,307905816095700,0.773489600,"SYNC_TRUTH,sequence=7222,truth_tick_us=lu,mechanical_angle_rad=0.000000000,valid=3758096384,read_failures=1075357959"
dengfoc,196,307905820178900,0.777572800,"SYNC_TRUTH,sequence=7223,truth_tick_us=lu,mechanical_angle_rad=0.000000000,valid=3758096384,read_failures=1075357959"
dengfoc,197,307905824014100,0.781408000,"SYNC_TRUTH,sequence=7224,truth_tick_us=lu,mechanical_angle_rad=0.000000000,valid=3758096384,read_failures=1075357959"
dengfoc,198,307905828127900,0.785521800,"SYNC_TRUTH,sequence=7225,truth_tick_us=lu,mechanical_angle_rad=0.000000000,valid=3758096384,read_failures=1075357959"
dengfoc,199,307905832032400,0.789426300,"SYNC_TRUTH,sequence=7226,truth_tick_us=lu,mechanical_angle_rad=0.000000000,valid=3758096384,read_failures=1075357959"
dengfoc,200,307905836097800,0.793491700,"SYNC_TRUTH,sequence=7227,truth_tick_us=lu,mechanical_angle_rad=0.000000000,valid=3758096384,read_failures=1075357959"
dengfoc,201,307905839905400,0.797299300,"SYNC_TRUTH,sequence=7228,truth_tick_us=lu,mechanical_angle_rad=0.000000000,valid=3758096384,read_failures=1075357959"
dengfoc,202,307905844134500,0.801528400,"SYNC_TRUTH,sequence=7229,truth_tick_us=lu,mechanical_angle_rad=0.000000000,valid=3758096384,read_failures=1075357959"
dengfoc,203,307905848134900,0.805528800,"SYNC_TRUTH,sequence=7230,truth_tick_us=lu,mechanical_angle_rad=0.000000000,valid=3758096384,read_failures=1075357959"
dengfoc,204,307905852026200,0.809420100,"SYNC_TRUTH,sequence=7231,truth_tick_us=lu,mechanical_angle_rad=0.000000000,valid=3758096384,read_failures=1075357959"
dengfoc,205,307905856134700,0.813528600,"SYNC_TRUTH,sequence=7232,truth_tick_us=lu,mechanical_angle_rad=0.000000000,valid=3758096384,read_failures=1075357959"
dengfoc,206,307905860055800,0.817449700,"SYNC_TRUTH,sequence=7233,truth_tick_us=lu,mechanical_angle_rad=0.000000000,valid=3758096384,read_failures=1075357959"
dengfoc,207,307905864205400,0.821599300,"SYNC_TRUTH,sequence=7234,truth_tick_us=lu,mechanical_angle_rad=0.000000000,valid=3758096384,read_failures=1075357959"
dengfoc,208,307905868136300,0.825530200,"SYNC_TRUTH,sequence=7235,truth_tick_us=lu,mechanical_angle_rad=0.000000000,valid=3758096384,read_failures=1075357959"
dengfoc,209,307905872172400,0.829566300,"SYNC_TRUTH,sequence=7236,truth_tick_us=lu,mechanical_angle_rad=0.000000000,valid=3758096384,read_failures=1075357959"
dengfoc,210,307905876039300,0.833433200,"SYNC_TRUTH,sequence=7237,truth_tick_us=lu,mechanical_angle_rad=0.000000000,valid=3758096384,read_failures=1075357959"
dengfoc,211,307905880057500,0.837451400,"SYNC_TRUTH,sequence=7238,truth_tick_us=lu,mechanical_angle_rad=0.000000000,valid=3758096384,read_failures=1075357959"
dengfoc,212,307905884030800,0.841424700,"SYNC_TRUTH,sequence=7239,truth_tick_us=lu,mechanical_angle_rad=0.000000000,valid=3758096384,read_failures=1075357959"
dengfoc,213,307905888116700,0.845510600,"SYNC_TRUTH,sequence=7240,truth_tick_us=lu,mechanical_angle_rad=0.000000000,valid=3758096384,read_failures=1075357959"
dengfoc,214,307905892165100,0.849559000,"SYNC_TRUTH,sequence=7241,truth_tick_us=lu,mechanical_angle_rad=0.000000000,valid=3758096384,read_failures=1075357959"
dengfoc,215,307905896029800,0.853423700,"SYNC_TRUTH,sequence=7242,truth_tick_us=lu,mechanical_angle_rad=0.000000000,valid=3758096384,read_failures=1075357959"
dengfoc,216,307905900165200,0.857559100,"SYNC_TRUTH,sequence=7243,truth_tick_us=lu,mechanical_angle_rad=0.000000000,valid=3758096384,read_failures=1075357959"
dengfoc,217,307905904039300,0.861433200,"SYNC_TRUTH,sequence=7244,truth_tick_us=lu,mechanical_angle_rad=0.000000000,valid=3758096384,read_failures=1075357959"
dengfoc,218,307905908205300,0.865599200,"SYNC_TRUTH,sequence=7245,truth_tick_us=lu,mechanical_angle_rad=0.000000000,valid=3758096384,read_failures=1075357959"
dengfoc,219,307905912009300,0.869403200,"SYNC_TRUTH,sequence=7246,truth_tick_us=lu,mechanical_angle_rad=0.000000000,valid=3758096384,read_failures=1075357959"
dengfoc,220,307905916028300,0.873422200,"SYNC_TRUTH,sequence=7247,truth_tick_us=lu,mechanical_angle_rad=0.000000000,valid=3758096384,read_failures=1075357959"
dengfoc,221,307905920079200,0.877473100,"SYNC_TRUTH,sequence=7248,truth_tick_us=lu,mechanical_angle_rad=0.000000000,valid=3758096384,read_failures=1075357959"
dengfoc,222,307905924079500,0.881473400,"SYNC_TRUTH,sequence=7249,truth_tick_us=lu,mechanical_angle_rad=0.000000000,valid=3758096384,read_failures=1075357959"
dengfoc,223,307905928214900,0.885608800,"SYNC_TRUTH,sequence=7250,truth_tick_us=lu,mechanical_angle_rad=0.000000000,valid=3758096384,read_failures=1075357959"
dengfoc,224,307905932005400,0.889399300,"SYNC_TRUTH,sequence=7251,truth_tick_us=lu,mechanical_angle_rad=0.000000000,valid=3758096384,read_failures=1075357959"
dengfoc,225,307905936244000,0.893637900,"SYNC_TRUTH,sequence=7252,truth_tick_us=lu,mechanical_angle_rad=0.000000000,valid=3758096384,read_failures=1075357959"
dengfoc,226,307905940074900,0.897468800,"SYNC_TRUTH,sequence=7253,truth_tick_us=lu,mechanical_angle_rad=0.000000000,valid=3758096384,read_failures=1075357959"
dengfoc,227,307905944129400,0.901523300,"SYNC_TRUTH,sequence=7254,truth_tick_us=lu,mechanical_angle_rad=0.000000000,valid=3758096384,read_failures=1075357959"
dengfoc,228,307905947956800,0.905350700,"SYNC_TRUTH,sequence=7255,truth_tick_us=lu,mechanical_angle_rad=0.000000000,valid=3758096384,read_failures=1075357959"
dengfoc,229,307905952120300,0.909514200,"SYNC_TRUTH,sequence=7256,truth_tick_us=lu,mechanical_angle_rad=0.000000000,valid=3758096384,read_failures=1075357959"
dengfoc,230,307905955948900,0.913342800,"SYNC_TRUTH,sequence=7257,truth_tick_us=lu,mechanical_angle_rad=0.000000000,valid=3758096384,read_failures=1075357959"
dengfoc,231,307905960121600,0.917515500,"SYNC_TRUTH,sequence=7258,truth_tick_us=lu,mechanical_angle_rad=0.000000000,valid=3758096384,read_failures=1075357959"
dengfoc,232,307905964176000,0.921569900,"SYNC_TRUTH,sequence=7259,truth_tick_us=lu,mechanical_angle_rad=0.000000000,valid=3758096384,read_failures=1075357959"
dengfoc,233,307905968041400,0.925435300,"SYNC_TRUTH,sequence=7260,truth_tick_us=lu,mechanical_angle_rad=0.000000000,valid=3758096384,read_failures=1075357959"
dengfoc,234,307905972122700,0.929516600,"SYNC_TRUTH,sequence=7261,truth_tick_us=lu,mechanical_angle_rad=0.000000000,valid=3758096384,read_failures=1075357959"
dengfoc,235,307905975980500,0.933374400,"SYNC_TRUTH,sequence=7262,truth_tick_us=lu,mechanical_angle_rad=0.000000000,valid=3758096384,read_failures=1075357959"
dengfoc,236,307905980104000,0.937497900,"SYNC_TRUTH,sequence=7263,truth_tick_us=lu,mechanical_angle_rad=0.000000000,valid=3758096384,read_failures=1075357959"
dengfoc,237,307905984040300,0.941434200,"SYNC_TRUTH,sequence=7264,truth_tick_us=lu,mechanical_angle_rad=0.000000000,valid=3758096384,read_failures=1075357959"
dengfoc,238,307905988094700,0.945488600,"SYNC_TRUTH,sequence=7265,truth_tick_us=lu,mechanical_angle_rad=0.000000000,valid=3758096384,read_failures=1075357959"
dengfoc,239,307905991992500,0.949386400,"SYNC_TRUTH,sequence=7266,truth_tick_us=lu,mechanical_angle_rad=0.000000000,valid=3758096384,read_failures=1075357959"
dengfoc,240,307905996071400,0.953465300,"SYNC_TRUTH,sequence=7267,truth_tick_us=lu,mechanical_angle_rad=0.000000000,valid=3758096384,read_failures=1075357959"
dengfoc,241,307905999975900,0.957369800,"SYNC_TRUTH,sequence=7268,truth_tick_us=lu,mechanical_angle_rad=0.000000000,valid=3758096384,read_failures=1075357959"
dengfoc,242,307906003996400,0.961390300,"SYNC_TRUTH,sequence=7269,truth_tick_us=lu,mechanical_angle_rad=0.000000000,valid=3758096384,read_failures=1075357959"
dengfoc,243,307906008187700,0.965581600,"SYNC_TRUTH,sequence=7270,truth_tick_us=lu,mechanical_angle_rad=0.000000000,valid=3758096384,read_failures=1075357959"
dengfoc,244,307906012097200,0.969491100,"SYNC_TRUTH,sequence=7271,truth_tick_us=lu,mechanical_angle_rad=0.000000000,valid=3758096384,read_failures=1075357959"
dengfoc,245,307906016165000,0.973558900,"SYNC_TRUTH,sequence=7272,truth_tick_us=lu,mechanical_angle_rad=0.000000000,valid=3758096384,read_failures=1075357959"
dengfoc,246,307906020062200,0.977456100,"SYNC_TRUTH,sequence=7273,truth_tick_us=lu,mechanical_angle_rad=0.000000000,valid=3758096384,read_failures=1075357959"
dengfoc,247,307906024157200,0.981551100,"SYNC_TRUTH,sequence=7274,truth_tick_us=lu,mechanical_angle_rad=0.000000000,valid=3758096384,read_failures=1075357959"
dengfoc,248,307906027990100,0.985384000,"SYNC_TRUTH,sequence=7275,truth_tick_us=lu,mechanical_angle_rad=0.000000000,valid=3758096384,read_failures=1075357959"
dengfoc,249,307906032115700,0.989509600,"SYNC_TRUTH,sequence=7276,truth_tick_us=lu,mechanical_angle_rad=0.000000000,valid=3758096384,read_failures=1075357959"
dengfoc,250,307906036000300,0.993394200,"SYNC_TRUTH,sequence=7277,truth_tick_us=lu,mechanical_angle_rad=0.000000000,valid=3758096384,read_failures=1075357959"
dengfoc,251,307906040097700,0.997491600,"SYNC_TRUTH,sequence=7278,truth_tick_us=lu,mechanical_angle_rad=0.000000000,valid=3758096384,read_failures=1075357959"
dengfoc,252,307906044179000,1.001572900,"SYNC_TRUTH,sequence=7279,truth_tick_us=lu,mechanical_angle_rad=0.000000000,valid=3758096384,read_failures=1075357959"
dengfoc,253,307906048088400,1.005482300,"SYNC_TRUTH,sequence=7280,truth_tick_us=lu,mechanical_angle_rad=0.000000000,valid=3758096384,read_failures=1075357959"
dengfoc,254,307906052211300,1.009605200,"SYNC_TRUTH,sequence=7281,truth_tick_us=lu,mechanical_angle_rad=0.000000000,valid=3758096384,read_failures=1075357959"
dengfoc,255,307906056049900,1.013443800,"SYNC_TRUTH,sequence=7282,truth_tick_us=lu,mechanical_angle_rad=0.000000000,valid=3758096384,read_failures=1075357959"
dengfoc,256,307906060129500,1.017523400,"SYNC_TRUTH,sequence=7283,truth_tick_us=lu,mechanical_angle_rad=0.000000000,valid=3758096384,read_failures=1075357959"
dengfoc,257,307906064028400,1.021422300,"SYNC_TRUTH,sequence=7284,truth_tick_us=lu,mechanical_angle_rad=0.000000000,valid=3758096384,read_failures=1075357959"
dengfoc,258,307906068117100,1.025511000,"SYNC_TRUTH,sequence=7285,truth_tick_us=lu,mechanical_angle_rad=0.000000000,valid=3758096384,read_failures=1075357959"
dengfoc,259,307906072008100,1.029402000,"SYNC_TRUTH,sequence=7286,truth_tick_us=lu,mechanical_angle_rad=0.000000000,valid=3758096384,read_failures=1075357959"
dengfoc,260,307906076028800,1.033422700,"SYNC_TRUTH,sequence=7287,truth_tick_us=lu,mechanical_angle_rad=0.000000000,valid=3758096384,read_failures=1075357959"
dengfoc,261,307906080057300,1.037451200,"SYNC_TRUTH,sequence=7288,truth_tick_us=lu,mechanical_angle_rad=0.000000000,valid=3758096384,read_failures=1075357959"
dengfoc,262,307906084113300,1.041507200,"SYNC_TRUTH,sequence=7289,truth_tick_us=lu,mechanical_angle_rad=0.000000000,valid=3758096384,read_failures=1075357959"
dengfoc,263,307906088193300,1.045587200,"SYNC_TRUTH,sequence=7290,truth_tick_us=lu,mechanical_angle_rad=0.000000000,valid=3758096384,read_failures=1075357959"
dengfoc,264,307906092044400,1.049438300,"SYNC_TRUTH,sequence=7291,truth_tick_us=lu,mechanical_angle_rad=0.000000000,valid=3758096384,read_failures=1075357959"
dengfoc,265,307906096169400,1.053563300,"SYNC_TRUTH,sequence=7292,truth_tick_us=lu,mechanical_angle_rad=0.000000000,valid=3758096384,read_failures=1075357959"
dengfoc,266,307906100014800,1.057408700,"SYNC_TRUTH,sequence=7293,truth_tick_us=lu,mechanical_angle_rad=0.000000000,valid=3758096384,read_failures=1075357959"
dengfoc,267,307906104209300,1.061603200,"SYNC_TRUTH,sequence=7294,truth_tick_us=lu,mechanical_angle_rad=0.000000000,valid=3758096384,read_failures=1075357959"
dengfoc,268,307906108038700,1.065432600,"SYNC_TRUTH,sequence=7295,truth_tick_us=lu,mechanical_angle_rad=0.000000000,valid=3758096384,read_failures=1075357959"
dengfoc,269,307906112119300,1.069513200,"SYNC_TRUTH,sequence=7296,truth_tick_us=lu,mechanical_angle_rad=0.000000000,valid=3758096384,read_failures=1075357959"
dengfoc,270,307906115965000,1.073358900,"SYNC_TRUTH,sequence=7297,truth_tick_us=lu,mechanical_angle_rad=0.000000000,valid=3758096384,read_failures=1075357959"
dengfoc,271,307906120088600,1.077482500,"SYNC_TRUTH,sequence=7298,truth_tick_us=lu,mechanical_angle_rad=0.000000000,valid=3758096384,read_failures=1075357959"
dengfoc,272,307906124179900,1.081573800,"SYNC_TRUTH,sequence=7299,truth_tick_us=lu,mechanical_angle_rad=0.000000000,valid=3758096384,read_failures=1075357959"
dengfoc,273,307906127993400,1.085387300,"SYNC_TRUTH,sequence=7300,truth_tick_us=lu,mechanical_angle_rad=0.000000000,valid=3758096384,read_failures=1075357959"
dengfoc,274,307906132064200,1.089458100,"SYNC_TRUTH,sequence=7301,truth_tick_us=lu,mechanical_angle_rad=0.000000000,valid=3758096384,read_failures=1075357959"
dengfoc,275,307906136101600,1.093495500,"SYNC_TRUTH,sequence=7302,truth_tick_us=lu,mechanical_angle_rad=0.000000000,valid=3758096384,read_failures=1075357959"
dengfoc,276,307906140104500,1.097498400,"SYNC_TRUTH,sequence=7303,truth_tick_us=lu,mechanical_angle_rad=0.000000000,valid=3758096384,read_failures=1075357959"
dengfoc,277,307906143973200,1.101367100,"SYNC_TRUTH,sequence=7304,truth_tick_us=lu,mechanical_angle_rad=0.000000000,valid=3758096384,read_failures=1075357959"
dengfoc,278,307906148041500,1.105435400,"SYNC_TRUTH,sequence=7305,truth_tick_us=lu,mechanical_angle_rad=0.000000000,valid=3758096384,read_failures=1075357959"
dengfoc,279,307906152057700,1.109451600,"SYNC_TRUTH,sequence=7306,truth_tick_us=lu,mechanical_angle_rad=0.000000000,valid=3758096384,read_failures=1075357959"
dengfoc,280,307906156160600,1.113554500,"SYNC_TRUTH,sequence=7307,truth_tick_us=lu,mechanical_angle_rad=0.000000000,valid=3758096384,read_failures=1075357959"
dengfoc,281,307906159966800,1.117360700,"SYNC_TRUTH,sequence=7308,truth_tick_us=lu,mechanical_angle_rad=0.000000000,valid=3758096384,read_failures=1075357959"
dengfoc,282,307906164025600,1.121419500,"SYNC_TRUTH,sequence=7309,truth_tick_us=lu,mechanical_angle_rad=0.000000000,valid=3758096384,read_failures=1075357959"
dengfoc,283,307906168169200,1.125563100,"SYNC_TRUTH,sequence=7310,truth_tick_us=lu,mechanical_angle_rad=0.000000000,valid=3758096384,read_failures=1075357959"
dengfoc,284,307906172065300,1.129459200,"SYNC_TRUTH,sequence=7311,truth_tick_us=lu,mechanical_angle_rad=0.000000000,valid=3758096384,read_failures=1075357959"
dengfoc,285,307906176128200,1.133522100,"SYNC_TRUTH,sequence=7312,truth_tick_us=lu,mechanical_angle_rad=0.000000000,valid=3758096384,read_failures=1075357959"
dengfoc,286,307906180074900,1.137468800,"SYNC_TRUTH,sequence=7313,truth_tick_us=lu,mechanical_angle_rad=0.000000000,valid=3758096384,read_failures=1075357959"
dengfoc,287,307906184171100,1.141565000,"SYNC_TRUTH,sequence=7314,truth_tick_us=lu,mechanical_angle_rad=0.000000000,valid=3758096384,read_failures=1075357959"
dengfoc,288,307906188014800,1.145408700,"SYNC_TRUTH,sequence=7315,truth_tick_us=lu,mechanical_angle_rad=0.000000000,valid=3758096384,read_failures=1075357959"
dengfoc,289,307906192034200,1.149428100,"SYNC_TRUTH,sequence=7316,truth_tick_us=lu,mechanical_angle_rad=0.000000000,valid=3758096384,read_failures=1075357959"
dengfoc,290,307906195995000,1.153388900,"SYNC_TRUTH,sequence=7317,truth_tick_us=lu,mechanical_angle_rad=0.000000000,valid=3758096384,read_failures=1075357959"
dengfoc,291,307906200076000,1.157469900,"SYNC_TRUTH,sequence=7318,truth_tick_us=lu,mechanical_angle_rad=0.000000000,valid=3758096384,read_failures=1075357959"
dengfoc,292,307906204071300,1.161465200,"SYNC_TRUTH,sequence=7319,truth_tick_us=lu,mechanical_angle_rad=0.000000000,valid=3758096384,read_failures=1075357959"
dengfoc,293,307906207956500,1.165350400,"SYNC_TRUTH,sequence=7320,truth_tick_us=lu,mechanical_angle_rad=0.000000000,valid=3758096384,read_failures=1075357959"
dengfoc,294,307906212178400,1.169572300,"SYNC_TRUTH,sequence=7321,truth_tick_us=lu,mechanical_angle_rad=0.000000000,valid=3758096384,read_failures=1075357959"
dengfoc,295,307906215975900,1.173369800,"SYNC_TRUTH,sequence=7322,truth_tick_us=lu,mechanical_angle_rad=0.000000000,valid=3758096384,read_failures=1075357959"
dengfoc,296,307906220043000,1.177436900,"SYNC_TRUTH,sequence=7323,truth_tick_us=lu,mechanical_angle_rad=0.000000000,valid=3758096384,read_failures=1075357959"
dengfoc,297,307906224001400,1.181395300,"SYNC_TRUTH,sequence=7324,truth_tick_us=lu,mechanical_angle_rad=0.000000000,valid=3758096384,read_failures=1075357959"
dengfoc,298,307906228118000,1.185511900,"SYNC_TRUTH,sequence=7325,truth_tick_us=lu,mechanical_angle_rad=0.000000000,valid=3758096384,read_failures=1075357959"
dengfoc,299,307906232006800,1.189400700,"SYNC_TRUTH,sequence=7326,truth_tick_us=lu,mechanical_angle_rad=0.000000000,valid=3758096384,read_failures=1075357959"
dengfoc,300,307906236083500,1.193477400,"SYNC_TRUTH,sequence=7327,truth_tick_us=lu,mechanical_angle_rad=0.000000000,valid=3758096384,read_failures=1075357959"
dengfoc,301,307906240231900,1.197625800,"SYNC_TRUTH,sequence=7328,truth_tick_us=lu,mechanical_angle_rad=0.000000000,valid=3758096384,read_failures=1075357959"
dengfoc,302,307906244056700,1.201450600,"SYNC_TRUTH,sequence=7329,truth_tick_us=lu,mechanical_angle_rad=0.000000000,valid=3758096384,read_failures=1075357959"
dengfoc,303,307906248114700,1.205508600,"SYNC_TRUTH,sequence=7330,truth_tick_us=lu,mechanical_angle_rad=0.000000000,valid=3758096384,read_failures=1075357959"
dengfoc,304,307906252038000,1.209431900,"SYNC_TRUTH,sequence=7331,truth_tick_us=lu,mechanical_angle_rad=0.000000000,valid=3758096384,read_failures=1075357959"
dengfoc,305,307906256268300,1.213662200,"SYNC_TRUTH,sequence=7332,truth_tick_us=lu,mechanical_angle_rad=0.000000000,valid=3758096384,read_failures=1075357959"
dengfoc,306,307906259963100,1.217357000,"SYNC_TRUTH,sequence=7333,truth_tick_us=lu,mechanical_angle_rad=0.000000000,valid=3758096384,read_failures=1075357959"
dengfoc,307,307906264115300,1.221509200,"SYNC_TRUTH,sequence=7334,truth_tick_us=lu,mechanical_angle_rad=0.000000000,valid=3758096384,read_failures=1075357959"
dengfoc,308,307906268039100,1.225433000,"SYNC_TRUTH,sequence=7335,truth_tick_us=lu,mechanical_angle_rad=0.000000000,valid=3758096384,read_failures=1075357959"
dengfoc,309,307906272128500,1.229522400,"SYNC_TRUTH,sequence=7336,truth_tick_us=lu,mechanical_angle_rad=0.000000000,valid=3758096384,read_failures=1075357959"
dengfoc,310,307906275998300,1.233392200,"SYNC_TRUTH,sequence=7337,truth_tick_us=lu,mechanical_angle_rad=0.000000000,valid=3758096384,read_failures=1075357959"
dengfoc,311,307906280150300,1.237544200,"SYNC_TRUTH,sequence=7338,truth_tick_us=lu,mechanical_angle_rad=0.000000000,valid=3758096384,read_failures=1075357959"
dengfoc,312,307906284176000,1.241569900,"SYNC_TRUTH,sequence=7339,truth_tick_us=lu,mechanical_angle_rad=0.000000000,valid=3758096384,read_failures=1075357959"
dengfoc,313,307906288044100,1.245438000,"SYNC_TRUTH,sequence=7340,truth_tick_us=lu,mechanical_angle_rad=0.000000000,valid=3758096384,read_failures=1075357959"
dengfoc,314,307906292144900,1.249538800,"SYNC_TRUTH,sequence=7341,truth_tick_us=lu,mechanical_angle_rad=0.000000000,valid=3758096384,read_failures=1075357959"
dengfoc,315,307906296081200,1.253475100,"SYNC_TRUTH,sequence=7342,truth_tick_us=lu,mechanical_angle_rad=0.000000000,valid=3758096384,read_failures=1075357959"
dengfoc,316,307906300137400,1.257531300,"SYNC_TRUTH,sequence=7343,truth_tick_us=lu,mechanical_angle_rad=0.000000000,valid=3758096384,read_failures=1075357959"
dengfoc,317,307906304030600,1.261424500,"SYNC_TRUTH,sequence=7344,truth_tick_us=lu,mechanical_angle_rad=0.000000000,valid=3758096384,read_failures=1075357959"
dengfoc,318,307906308140500,1.265534400,"SYNC_TRUTH,sequence=7345,truth_tick_us=lu,mechanical_angle_rad=0.000000000,valid=3758096384,read_failures=1075357959"
dengfoc,319,307906311977800,1.269371700,"SYNC_TRUTH,sequence=7346,truth_tick_us=lu,mechanical_angle_rad=0.000000000,valid=3758096384,read_failures=1075357959"
dengfoc,320,307906316110800,1.273504700,"SYNC_TRUTH,sequence=7347,truth_tick_us=lu,mechanical_angle_rad=0.000000000,valid=3758096384,read_failures=1075357959"
dengfoc,321,307906319964100,1.277358000,"SYNC_TRUTH,sequence=7348,truth_tick_us=lu,mechanical_angle_rad=0.000000000,valid=3758096384,read_failures=1075357959"
dengfoc,322,307906324104300,1.281498200,"SYNC_TRUTH,sequence=7349,truth_tick_us=lu,mechanical_angle_rad=0.000000000,valid=3758096384,read_failures=1075357959"
dengfoc,323,307906327965000,1.285358900,"SYNC_TRUTH,sequence=7350,truth_tick_us=lu,mechanical_angle_rad=0.000000000,valid=3758096384,read_failures=1075357959"
dengfoc,324,307906331990500,1.289384400,"SYNC_TRUTH,sequence=7351,truth_tick_us=lu,mechanical_angle_rad=0.000000000,valid=3758096384,read_failures=1075357959"
dengfoc,325,307906336063200,1.293457100,"SYNC_TRUTH,sequence=7352,truth_tick_us=lu,mechanical_angle_rad=0.000000000,valid=3758096384,read_failures=1075357959"
dengfoc,326,307906340065000,1.297458900,"SYNC_TRUTH,sequence=7353,truth_tick_us=lu,mechanical_angle_rad=0.000000000,valid=3758096384,read_failures=1075357959"
dengfoc,327,307906344235900,1.301629800,"SYNC_TRUTH,sequence=7354,truth_tick_us=lu,mechanical_angle_rad=0.000000000,valid=3758096384,read_failures=1075357959"
dengfoc,328,307906347958300,1.305352200,"SYNC_TRUTH,sequence=7355,truth_tick_us=lu,mechanical_angle_rad=0.000000000,valid=3758096384,read_failures=1075357959"
dengfoc,329,307906352088000,1.309481900,"SYNC_TRUTH,sequence=7356,truth_tick_us=lu,mechanical_angle_rad=0.000000000,valid=3758096384,read_failures=1075357959"
dengfoc,330,307906356012400,1.313406300,"SYNC_TRUTH,sequence=7357,truth_tick_us=lu,mechanical_angle_rad=0.000000000,valid=3758096384,read_failures=1075357959"
dengfoc,331,307906360099700,1.317493600,"SYNC_TRUTH,sequence=7358,truth_tick_us=lu,mechanical_angle_rad=0.000000000,valid=3758096384,read_failures=1075357959"
dengfoc,332,307906363957900,1.321351800,"SYNC_TRUTH,sequence=7359,truth_tick_us=lu,mechanical_angle_rad=0.000000000,valid=3758096384,read_failures=1075357959"
dengfoc,333,307906368087200,1.325481100,"SYNC_TRUTH,sequence=7360,truth_tick_us=lu,mechanical_angle_rad=0.000000000,valid=3758096384,read_failures=1075357959"
dengfoc,334,307906372187600,1.329581500,"SYNC_TRUTH,sequence=7361,truth_tick_us=lu,mechanical_angle_rad=0.000000000,valid=3758096384,read_failures=1075357959"
dengfoc,335,307906376069100,1.333463000,"SYNC_TRUTH,sequence=7362,truth_tick_us=lu,mechanical_angle_rad=0.000000000,valid=3758096384,read_failures=1075357959"
dengfoc,336,307906380174100,1.337568000,"SYNC_TRUTH,sequence=7363,truth_tick_us=lu,mechanical_angle_rad=0.000000000,valid=3758096384,read_failures=1075357959"
dengfoc,337,307906384086800,1.341480700,"SYNC_TRUTH,sequence=7364,truth_tick_us=lu,mechanical_angle_rad=0.000000000,valid=3758096384,read_failures=1075357959"
dengfoc,338,307906388132700,1.345526600,"SYNC_TRUTH,sequence=7365,truth_tick_us=lu,mechanical_angle_rad=0.000000000,valid=3758096384,read_failures=1075357959"
dengfoc,339,307906392005700,1.349399600,"SYNC_TRUTH,sequence=7366,truth_tick_us=lu,mechanical_angle_rad=0.000000000,valid=3758096384,read_failures=1075357959"
dengfoc,340,307906396140000,1.353533900,"SYNC_TRUTH,sequence=7367,truth_tick_us=lu,mechanical_angle_rad=0.000000000,valid=3758096384,read_failures=1075357959"
dengfoc,341,307906399927600,1.357321500,"SYNC_TRUTH,sequence=7368,truth_tick_us=lu,mechanical_angle_rad=0.000000000,valid=3758096384,read_failures=1075357959"
dengfoc,342,307906404015800,1.361409700,"SYNC_TRUTH,sequence=7369,truth_tick_us=lu,mechanical_angle_rad=0.000000000,valid=3758096384,read_failures=1075357959"
dengfoc,343,307906408161800,1.365555700,"SYNC_TRUTH,sequence=7370,truth_tick_us=lu,mechanical_angle_rad=0.000000000,valid=3758096384,read_failures=1075357959"
dengfoc,344,307906412013300,1.369407200,"SYNC_TRUTH,sequence=7371,truth_tick_us=lu,mechanical_angle_rad=0.000000000,valid=3758096384,read_failures=1075357959"
dengfoc,345,307906416090200,1.373484100,"SYNC_TRUTH,sequence=7372,truth_tick_us=lu,mechanical_angle_rad=0.000000000,valid=3758096384,read_failures=1075357959"
dengfoc,346,307906420045400,1.377439300,"SYNC_TRUTH,sequence=7373,truth_tick_us=lu,mechanical_angle_rad=0.000000000,valid=3758096384,read_failures=1075357959"
dengfoc,347,307906424101700,1.381495600,"SYNC_TRUTH,sequence=7374,truth_tick_us=lu,mechanical_angle_rad=0.000000000,valid=3758096384,read_failures=1075357959"
dengfoc,348,307906428094000,1.385487900,"SYNC_TRUTH,sequence=7375,truth_tick_us=lu,mechanical_angle_rad=0.000000000,valid=3758096384,read_failures=1075357959"
dengfoc,349,307906432093800,1.389487700,"SYNC_TRUTH,sequence=7376,truth_tick_us=lu,mechanical_angle_rad=0.000000000,valid=3758096384,read_failures=1075357959"
dengfoc,350,307906436008000,1.393401900,"SYNC_TRUTH,sequence=7377,truth_tick_us=lu,mechanical_angle_rad=0.000000000,valid=3758096384,read_failures=1075357959"
dengfoc,351,307906440092200,1.397486100,"SYNC_TRUTH,sequence=7378,truth_tick_us=lu,mechanical_angle_rad=0.000000000,valid=3758096384,read_failures=1075357959"
dengfoc,352,307906444034700,1.401428600,"SYNC_TRUTH,sequence=7379,truth_tick_us=lu,mechanical_angle_rad=0.000000000,valid=3758096384,read_failures=1075357959"
dengfoc,353,307906448048700,1.405442600,"SYNC_TRUTH,sequence=7380,truth_tick_us=lu,mechanical_angle_rad=0.000000000,valid=3758096384,read_failures=1075357959"
dengfoc,354,307906452186300,1.409580200,"SYNC_TRUTH,sequence=7381,truth_tick_us=lu,mechanical_angle_rad=0.000000000,valid=3758096384,read_failures=1075357959"
dengfoc,355,307906456066400,1.413460300,"SYNC_TRUTH,sequence=7382,truth_tick_us=lu,mechanical_angle_rad=0.000000000,valid=3758096384,read_failures=1075357959"
dengfoc,356,307906460161000,1.417554900,"SYNC_TRUTH,sequence=7383,truth_tick_us=lu,mechanical_angle_rad=0.000000000,valid=3758096384,read_failures=1075357959"
dengfoc,357,307906463977200,1.421371100,"SYNC_TRUTH,sequence=7384,truth_tick_us=lu,mechanical_angle_rad=0.000000000,valid=3758096384,read_failures=1075357959"
dengfoc,358,307906468119100,1.425513000,"SYNC_TRUTH,sequence=7385,truth_tick_us=lu,mechanical_angle_rad=0.000000000,valid=3758096384,read_failures=1075357959"
dengfoc,359,307906472035600,1.429429500,"SYNC_TRUTH,sequence=7386,truth_tick_us=lu,mechanical_angle_rad=0.000000000,valid=3758096384,read_failures=1075357959"
dengfoc,360,307906476131400,1.433525300,"SYNC_TRUTH,sequence=7387,truth_tick_us=lu,mechanical_angle_rad=0.000000000,valid=3758096384,read_failures=1075357959"
dengfoc,361,307906479985000,1.437378900,"SYNC_TRUTH,sequence=7388,truth_tick_us=lu,mechanical_angle_rad=0.000000000,valid=3758096384,read_failures=1075357959"
dengfoc,362,307906484023600,1.441417500,"SYNC_TRUTH,sequence=7389,truth_tick_us=lu,mechanical_angle_rad=0.000000000,valid=3758096384,read_failures=1075357959"
dengfoc,363,307906487958200,1.445352100,"SYNC_TRUTH,sequence=7390,truth_tick_us=lu,mechanical_angle_rad=0.000000000,valid=3758096384,read_failures=1075357959"
dengfoc,364,307906491993800,1.449387700,"SYNC_TRUTH,sequence=7391,truth_tick_us=lu,mechanical_angle_rad=0.000000000,valid=3758096384,read_failures=1075357959"
dengfoc,365,307906496127900,1.453521800,"SYNC_TRUTH,sequence=7392,truth_tick_us=lu,mechanical_angle_rad=0.000000000,valid=3758096384,read_failures=1075357959"
dengfoc,366,307906500096800,1.457490700,"SYNC_TRUTH,sequence=7393,truth_tick_us=lu,mechanical_angle_rad=0.000000000,valid=3758096384,read_failures=1075357959"
dengfoc,367,307906504234800,1.461628700,"SYNC_TRUTH,sequence=7394,truth_tick_us=lu,mechanical_angle_rad=0.000000000,valid=3758096384,read_failures=1075357959"
dengfoc,368,307906508025000,1.465418900,"SYNC_TRUTH,sequence=7395,truth_tick_us=lu,mechanical_angle_rad=0.000000000,valid=3758096384,read_failures=1075357959"
dengfoc,369,307906512096700,1.469490600,"SYNC_TRUTH,sequence=7396,truth_tick_us=lu,mechanical_angle_rad=0.000000000,valid=3758096384,read_failures=1075357959"
dengfoc,370,307906516012700,1.473406600,"SYNC_TRUTH,sequence=7397,truth_tick_us=lu,mechanical_angle_rad=0.000000000,valid=3758096384,read_failures=1075357959"
dengfoc,371,307906520120200,1.477514100,"SYNC_TRUTH,sequence=7398,truth_tick_us=lu,mechanical_angle_rad=0.000000000,valid=3758096384,read_failures=1075357959"
dengfoc,372,307906523971500,1.481365400,"SYNC_TRUTH,sequence=7399,truth_tick_us=lu,mechanical_angle_rad=0.000000000,valid=3758096384,read_failures=1075357959"
dengfoc,373,307906527984300,1.485378200,"SYNC_TRUTH,sequence=7400,truth_tick_us=lu,mechanical_angle_rad=0.000000000,valid=3758096384,read_failures=1075357959"
dengfoc,374,307906532197500,1.489591400,"SYNC_TRUTH,sequence=7401,truth_tick_us=lu,mechanical_angle_rad=0.000000000,valid=3758096384,read_failures=1075357959"
dengfoc,375,307906536096800,1.493490700,"SYNC_TRUTH,sequence=7402,truth_tick_us=lu,mechanical_angle_rad=0.000000000,valid=3758096384,read_failures=1075357959"
dengfoc,376,307906540170200,1.497564100,"SYNC_TRUTH,sequence=7403,truth_tick_us=lu,mechanical_angle_rad=0.000000000,valid=3758096384,read_failures=1075357959"
dengfoc,377,307906544071100,1.501465000,"SYNC_TRUTH,sequence=7404,truth_tick_us=lu,mechanical_angle_rad=0.000000000,valid=3758096384,read_failures=1075357959"
dengfoc,378,307906548068500,1.505462400,"SYNC_TRUTH,sequence=7405,truth_tick_us=lu,mechanical_angle_rad=0.000000000,valid=3758096384,read_failures=1075357959"
dengfoc,379,307906551955100,1.509349000,"SYNC_TRUTH,sequence=7406,truth_tick_us=lu,mechanical_angle_rad=0.000000000,valid=3758096384,read_failures=1075357959"
dengfoc,380,307906556079400,1.513473300,"SYNC_TRUTH,sequence=7407,truth_tick_us=lu,mechanical_angle_rad=0.000000000,valid=3758096384,read_failures=1075357959"
dengfoc,381,307906560019400,1.517413300,"SYNC_TRUTH,sequence=7408,truth_tick_us=lu,mechanical_angle_rad=0.000000000,valid=3758096384,read_failures=1075357959"
dengfoc,382,307906564071000,1.521464900,"SYNC_TRUTH,sequence=7409,truth_tick_us=lu,mechanical_angle_rad=0.000000000,valid=3758096384,read_failures=1075357959"
dengfoc,383,307906567950500,1.525344400,"SYNC_TRUTH,sequence=7410,truth_tick_us=lu,mechanical_angle_rad=0.000000000,valid=3758096384,read_failures=1075357959"
dengfoc,384,307906572056500,1.529450400,"SYNC_TRUTH,sequence=7411,truth_tick_us=lu,mechanical_angle_rad=0.000000000,valid=3758096384,read_failures=1075357959"
dengfoc,385,307906576121100,1.533515000,"SYNC_TRUTH,sequence=7412,truth_tick_us=lu,mechanical_angle_rad=0.000000000,valid=3758096384,read_failures=1075357959"
dengfoc,386,307906580045600,1.537439500,"SYNC_TRUTH,sequence=7413,truth_tick_us=lu,mechanical_angle_rad=0.000000000,valid=3758096384,read_failures=1075357959"
dengfoc,387,307906584131900,1.541525800,"SYNC_TRUTH,sequence=7414,truth_tick_us=lu,mechanical_angle_rad=0.000000000,valid=3758096384,read_failures=1075357959"
dengfoc,388,307906588103600,1.545497500,"SYNC_TRUTH,sequence=7415,truth_tick_us=lu,mechanical_angle_rad=0.000000000,valid=3758096384,read_failures=1075357959"
dengfoc,389,307906592082500,1.549476400,"SYNC_TRUTH,sequence=7416,truth_tick_us=lu,mechanical_angle_rad=0.000000000,valid=3758096384,read_failures=1075357959"
dengfoc,390,307906595946100,1.553340000,"SYNC_TRUTH,sequence=7417,truth_tick_us=lu,mechanical_angle_rad=0.000000000,valid=3758096384,read_failures=1075357959"
dengfoc,391,307906599994600,1.557388500,"SYNC_TRUTH,sequence=7418,truth_tick_us=lu,mechanical_angle_rad=0.000000000,valid=3758096384,read_failures=1075357959"
dengfoc,392,307906603994800,1.561388700,"SYNC_TRUTH,sequence=7419,truth_tick_us=lu,mechanical_angle_rad=0.000000000,valid=3758096384,read_failures=1075357959"
dengfoc,393,307906608051000,1.565444900,"SYNC_TRUTH,sequence=7420,truth_tick_us=lu,mechanical_angle_rad=0.000000000,valid=3758096384,read_failures=1075357959"
dengfoc,394,307906612130600,1.569524500,"SYNC_TRUTH,sequence=7421,truth_tick_us=lu,mechanical_angle_rad=0.000000000,valid=3758096384,read_failures=1075357959"
dengfoc,395,307906616084600,1.573478500,"SYNC_TRUTH,sequence=7422,truth_tick_us=lu,mechanical_angle_rad=0.000000000,valid=3758096384,read_failures=1075357959"
dengfoc,396,307906620055500,1.577449400,"SYNC_TRUTH,sequence=7423,truth_tick_us=lu,mechanical_angle_rad=0.000000000,valid=3758096384,read_failures=1075357959"
dengfoc,397,307906623980100,1.581374000,"SYNC_TRUTH,sequence=7424,truth_tick_us=lu,mechanical_angle_rad=0.000000000,valid=3758096384,read_failures=1075357959"
dengfoc,398,307906628172100,1.585566000,"SYNC_TRUTH,sequence=7425,truth_tick_us=lu,mechanical_angle_rad=0.000000000,valid=3758096384,read_failures=1075357959"
dengfoc,399,307906632054800,1.589448700,"SYNC_TRUTH,sequence=7426,truth_tick_us=lu,mechanical_angle_rad=0.000000000,valid=3758096384,read_failures=1075357959"
dengfoc,400,307906636144000,1.593537900,"SYNC_TRUTH,sequence=7427,truth_tick_us=lu,mechanical_angle_rad=0.000000000,valid=3758096384,read_failures=1075357959"
dengfoc,401,307906639927500,1.597321400,"SYNC_TRUTH,sequence=7428,truth_tick_us=lu,mechanical_angle_rad=0.000000000,valid=3758096384,read_failures=1075357959"
dengfoc,402,307906644153600,1.601547500,"SYNC_TRUTH,sequence=7429,truth_tick_us=lu,mechanical_angle_rad=0.000000000,valid=3758096384,read_failures=1075357959"
dengfoc,403,307906647907600,1.605301500,"SYNC_TRUTH,sequence=7430,truth_tick_us=lu,mechanical_angle_rad=0.000000000,valid=3758096384,read_failures=1075357959"
dengfoc,404,307906652097300,1.609491200,"SYNC_TRUTH,sequence=7431,truth_tick_us=lu,mechanical_angle_rad=0.000000000,valid=3758096384,read_failures=1075357959"
dengfoc,405,307906656151200,1.613545100,"SYNC_TRUTH,sequence=7432,truth_tick_us=lu,mechanical_angle_rad=0.000000000,valid=3758096384,read_failures=1075357959"
dengfoc,406,307906660067200,1.617461100,"SYNC_TRUTH,sequence=7433,truth_tick_us=lu,mechanical_angle_rad=0.000000000,valid=3758096384,read_failures=1075357959"
dengfoc,407,307906664200300,1.621594200,"SYNC_TRUTH,sequence=7434,truth_tick_us=lu,mechanical_angle_rad=0.000000000,valid=3758096384,read_failures=1075357959"
dengfoc,408,307906667981400,1.625375300,"SYNC_TRUTH,sequence=7435,truth_tick_us=lu,mechanical_angle_rad=0.000000000,valid=3758096384,read_failures=1075357959"
dengfoc,409,307906672132700,1.629526600,"SYNC_TRUTH,sequence=7436,truth_tick_us=lu,mechanical_angle_rad=0.000000000,valid=3758096384,read_failures=1075357959"
dengfoc,410,307906676063500,1.633457400,"SYNC_TRUTH,sequence=7437,truth_tick_us=lu,mechanical_angle_rad=0.000000000,valid=3758096384,read_failures=1075357959"
dengfoc,411,307906680115000,1.637508900,"SYNC_TRUTH,sequence=7438,truth_tick_us=lu,mechanical_angle_rad=0.000000000,valid=3758096384,read_failures=1075357959"
dengfoc,412,307906684014000,1.641407900,"SYNC_TRUTH,sequence=7439,truth_tick_us=lu,mechanical_angle_rad=0.000000000,valid=3758096384,read_failures=1075357959"
dengfoc,413,307906688078800,1.645472700,"SYNC_TRUTH,sequence=7440,truth_tick_us=lu,mechanical_angle_rad=0.000000000,valid=3758096384,read_failures=1075357959"
dengfoc,414,307906691961800,1.649355700,"SYNC_TRUTH,sequence=7441,truth_tick_us=lu,mechanical_angle_rad=0.000000000,valid=3758096384,read_failures=1075357959"
dengfoc,415,307906696052500,1.653446400,"SYNC_TRUTH,sequence=7442,truth_tick_us=lu,mechanical_angle_rad=0.000000000,valid=3758096384,read_failures=1075357959"
dengfoc,416,307906700141800,1.657535700,"SYNC_TRUTH,sequence=7443,truth_tick_us=lu,mechanical_angle_rad=0.000000000,valid=3758096384,read_failures=1075357959"
dengfoc,417,307906703969500,1.661363400,"SYNC_TRUTH,sequence=7444,truth_tick_us=lu,mechanical_angle_rad=0.000000000,valid=3758096384,read_failures=1075357959"
dengfoc,418,307906708086200,1.665480100,"SYNC_TRUTH,sequence=7445,truth_tick_us=lu,mechanical_angle_rad=0.000000000,valid=3758096384,read_failures=1075357959"
dengfoc,419,307906710952400,1.668346300,"SYNC_TRUTH,sequence=7446,truth_tick_us=lu,mechanical_angle_rad=0.000000000,valid=3758096384,read_failures=1075357959"
dengfoc,420,307906713649300,1.671043200,"SYNC_STATUS,frames=0,frame_fail=0,truth=7446,truth_fail=0,truth_tx_fail=0,idle=0,capture_state=0,capture_failure=0,rejected=0,overflow=0,recovered=0,session_rollovers=0,sync_level=0,driver_disabled=1"
dengfoc,421,307906716085200,1.673479100,"SYNC_TRUTH,sequence=7447,truth_tick_us=lu,mechanical_angle_rad=0.000000000,valid=3758096384,read_failures=1075357959"
dengfoc,422,307906721052500,1.678446400,"SYNC_TRUTH,sequence=7448,truth_tick_us=lu,mechanical_angle_rad=0.000000000,valid=3758096384,read_failures=1075357959"
dengfoc,423,307906725125500,1.682519400,"SYNC_TRUTH,sequence=7449,truth_tick_us=lu,mechanical_angle_rad=0.000000000,valid=3758096384,read_failures=1075357959"
dengfoc,424,307906729026700,1.686420600,"SYNC_TRUTH,sequence=7450,truth_tick_us=lu,mechanical_angle_rad=0.000000000,valid=3758096384,read_failures=1075357959"
dengfoc,425,307906733126200,1.690520100,"SYNC_TRUTH,sequence=7451,truth_tick_us=lu,mechanical_angle_rad=0.000000000,valid=3758096384,read_failures=1075357959"
dengfoc,426,307906736924700,1.694318600,"SYNC_TRUTH,sequence=7452,truth_tick_us=lu,mechanical_angle_rad=0.000000000,valid=3758096384,read_failures=1075357959"
dengfoc,427,307906741010000,1.698403900,"SYNC_TRUTH,sequence=7453,truth_tick_us=lu,mechanical_angle_rad=0.000000000,valid=3758096384,read_failures=1075357959"
dengfoc,428,307906745144500,1.702538400,"SYNC_TRUTH,sequence=7454,truth_tick_us=lu,mechanical_angle_rad=0.000000000,valid=3758096384,read_failures=1075357959"
dengfoc,429,307906749121600,1.706515500,"SYNC_TRUTH,sequence=7455,truth_tick_us=lu,mechanical_angle_rad=0.000000000,valid=3758096384,read_failures=1075357959"
dengfoc,430,307906753104000,1.710497900,"SYNC_TRUTH,sequence=7456,truth_tick_us=lu,mechanical_angle_rad=0.000000000,valid=3758096384,read_failures=1075357959"
dengfoc,431,307906757065400,1.714459300,"SYNC_TRUTH,sequence=7457,truth_tick_us=lu,mechanical_angle_rad=0.000000000,valid=3758096384,read_failures=1075357959"
dengfoc,432,307906761119300,1.718513200,"SYNC_TRUTH,sequence=7458,truth_tick_us=lu,mechanical_angle_rad=0.000000000,valid=3758096384,read_failures=1075357959"
dengfoc,433,307906764947700,1.722341600,"SYNC_TRUTH,sequence=7459,truth_tick_us=lu,mechanical_angle_rad=0.000000000,valid=3758096384,read_failures=1075357959"
dengfoc,434,307906769135100,1.726529000,"SYNC_TRUTH,sequence=7460,truth_tick_us=lu,mechanical_angle_rad=0.000000000,valid=3758096384,read_failures=1075357959"
dengfoc,435,307906772934900,1.730328800,"SYNC_TRUTH,sequence=7461,truth_tick_us=lu,mechanical_angle_rad=0.000000000,valid=3758096384,read_failures=1075357959"
dengfoc,436,307906777015800,1.734409700,"SYNC_TRUTH,sequence=7462,truth_tick_us=lu,mechanical_angle_rad=0.000000000,valid=3758096384,read_failures=1075357959"
dengfoc,437,307906781162000,1.738555900,"SYNC_TRUTH,sequence=7463,truth_tick_us=lu,mechanical_angle_rad=0.000000000,valid=3758096384,read_failures=1075357959"
dengfoc,438,307906785016900,1.742410800,"SYNC_TRUTH,sequence=7464,truth_tick_us=lu,mechanical_angle_rad=0.000000000,valid=3758096384,read_failures=1075357959"
dengfoc,439,307906789195000,1.746588900,"SYNC_TRUTH,sequence=7465,truth_tick_us=lu,mechanical_angle_rad=0.000000000,valid=3758096384,read_failures=1075357959"
dengfoc,440,307906793048700,1.750442600,"SYNC_TRUTH,sequence=7466,truth_tick_us=lu,mechanical_angle_rad=0.000000000,valid=3758096384,read_failures=1075357959"
dengfoc,441,307906797142700,1.754536600,"SYNC_TRUTH,sequence=7467,truth_tick_us=lu,mechanical_angle_rad=0.000000000,valid=3758096384,read_failures=1075357959"
dengfoc,442,307906801050900,1.758444800,"SYNC_TRUTH,sequence=7468,truth_tick_us=lu,mechanical_angle_rad=0.000000000,valid=3758096384,read_failures=1075357959"
dengfoc,443,307906805164500,1.762558400,"SYNC_TRUTH,sequence=7469,truth_tick_us=lu,mechanical_angle_rad=0.000000000,valid=3758096384,read_failures=1075357959"
dengfoc,444,307906808960400,1.766354300,"SYNC_TRUTH,sequence=7470,truth_tick_us=lu,mechanical_angle_rad=0.000000000,valid=3758096384,read_failures=1075357959"
dengfoc,445,307906813130100,1.770524000,"SYNC_TRUTH,sequence=7471,truth_tick_us=lu,mechanical_angle_rad=0.000000000,valid=3758096384,read_failures=1075357959"
dengfoc,446,307906817071800,1.774465700,"SYNC_TRUTH,sequence=7472,truth_tick_us=lu,mechanical_angle_rad=0.000000000,valid=3758096384,read_failures=1075357959"
dengfoc,447,307906821006500,1.778400400,"SYNC_TRUTH,sequence=7473,truth_tick_us=lu,mechanical_angle_rad=0.000000000,valid=3758096384,read_failures=1075357959"
dengfoc,448,307906825192700,1.782586600,"SYNC_TRUTH,sequence=7474,truth_tick_us=lu,mechanical_angle_rad=0.000000000,valid=3758096384,read_failures=1075357959"
dengfoc,449,307906829090000,1.786483900,"SYNC_TRUTH,sequence=7475,truth_tick_us=lu,mechanical_angle_rad=0.000000000,valid=3758096384,read_failures=1075357959"
dengfoc,450,307906833113700,1.790507600,"SYNC_TRUTH,sequence=7476,truth_tick_us=lu,mechanical_angle_rad=0.000000000,valid=3758096384,read_failures=1075357959"
dengfoc,451,307906837040800,1.794434700,"SYNC_TRUTH,sequence=7477,truth_tick_us=lu,mechanical_angle_rad=0.000000000,valid=3758096384,read_failures=1075357959"
dengfoc,452,307906841122800,1.798516700,"SYNC_TRUTH,sequence=7478,truth_tick_us=lu,mechanical_angle_rad=0.000000000,valid=3758096384,read_failures=1075357959"
dengfoc,453,307906845037900,1.802431800,"SYNC_TRUTH,sequence=7479,truth_tick_us=lu,mechanical_angle_rad=0.000000000,valid=3758096384,read_failures=1075357959"
dengfoc,454,307906849046100,1.806440000,"SYNC_TRUTH,sequence=7480,truth_tick_us=lu,mechanical_angle_rad=0.000000000,valid=3758096384,read_failures=1075357959"
dengfoc,455,307906852964800,1.810358700,"SYNC_TRUTH,sequence=7481,truth_tick_us=lu,mechanical_angle_rad=0.000000000,valid=3758096384,read_failures=1075357959"
dengfoc,456,307906857061500,1.814455400,"SYNC_TRUTH,sequence=7482,truth_tick_us=lu,mechanical_angle_rad=0.000000000,valid=3758096384,read_failures=1075357959"
dengfoc,457,307906861005900,1.818399800,"SYNC_TRUTH,sequence=7483,truth_tick_us=lu,mechanical_angle_rad=0.000000000,valid=3758096384,read_failures=1075357959"
dengfoc,458,307906865085300,1.822479200,"SYNC_TRUTH,sequence=7484,truth_tick_us=lu,mechanical_angle_rad=0.000000000,valid=3758096384,read_failures=1075357959"
dengfoc,459,307906869168400,1.826562300,"SYNC_TRUTH,sequence=7485,truth_tick_us=lu,mechanical_angle_rad=0.000000000,valid=3758096384,read_failures=1075357959"
dengfoc,460,307906873068200,1.830462100,"SYNC_TRUTH,sequence=7486,truth_tick_us=lu,mechanical_angle_rad=0.000000000,valid=3758096384,read_failures=1075357959"
dengfoc,461,307906877180000,1.834573900,"SYNC_TRUTH,sequence=7487,truth_tick_us=lu,mechanical_angle_rad=0.000000000,valid=3758096384,read_failures=1075357959"
dengfoc,462,307906880990700,1.838384600,"SYNC_TRUTH,sequence=7488,truth_tick_us=lu,mechanical_angle_rad=0.000000000,valid=3758096384,read_failures=1075357959"
dengfoc,463,307906885141800,1.842535700,"SYNC_TRUTH,sequence=7489,truth_tick_us=lu,mechanical_angle_rad=0.000000000,valid=3758096384,read_failures=1075357959"
dengfoc,464,307906889035600,1.846429500,"SYNC_TRUTH,sequence=7490,truth_tick_us=lu,mechanical_angle_rad=0.000000000,valid=3758096384,read_failures=1075357959"
dengfoc,465,307906893010400,1.850404300,"SYNC_TRUTH,sequence=7491,truth_tick_us=lu,mechanical_angle_rad=0.000000000,valid=3758096384,read_failures=1075357959"
dengfoc,466,307906897040400,1.854434300,"SYNC_TRUTH,sequence=7492,truth_tick_us=lu,mechanical_angle_rad=0.000000000,valid=3758096384,read_failures=1075357959"
dengfoc,467,307906901115200,1.858509100,"SYNC_TRUTH,sequence=7493,truth_tick_us=lu,mechanical_angle_rad=0.000000000,valid=3758096384,read_failures=1075357959"
dengfoc,468,307906904896200,1.862290100,"SYNC_TRUTH,sequence=7494,truth_tick_us=lu,mechanical_angle_rad=0.000000000,valid=3758096384,read_failures=1075357959"
dengfoc,469,307906909042600,1.866436500,"SYNC_TRUTH,sequence=7495,truth_tick_us=lu,mechanical_angle_rad=0.000000000,valid=3758096384,read_failures=1075357959"
dengfoc,470,307906913155200,1.870549100,"SYNC_TRUTH,sequence=7496,truth_tick_us=lu,mechanical_angle_rad=0.000000000,valid=3758096384,read_failures=1075357959"
dengfoc,471,307906916992000,1.874385900,"SYNC_TRUTH,sequence=7497,truth_tick_us=lu,mechanical_angle_rad=0.000000000,valid=3758096384,read_failures=1075357959"
dengfoc,472,307906921178900,1.878572800,"SYNC_TRUTH,sequence=7498,truth_tick_us=lu,mechanical_angle_rad=0.000000000,valid=3758096384,read_failures=1075357959"
dengfoc,473,307906925033000,1.882426900,"SYNC_TRUTH,sequence=7499,truth_tick_us=lu,mechanical_angle_rad=0.000000000,valid=3758096384,read_failures=1075357959"
dengfoc,474,307906929125800,1.886519700,"SYNC_TRUTH,sequence=7500,truth_tick_us=lu,mechanical_angle_rad=0.000000000,valid=3758096384,read_failures=1075357959"
dengfoc,475,307906933011200,1.890405100,"SYNC_TRUTH,sequence=7501,truth_tick_us=lu,mechanical_angle_rad=0.000000000,valid=3758096384,read_failures=1075357959"
dengfoc,476,307906937008100,1.894402000,"SYNC_TRUTH,sequence=7502,truth_tick_us=lu,mechanical_angle_rad=0.000000000,valid=3758096384,read_failures=1075357959"
dengfoc,477,307906941021700,1.898415600,"SYNC_TRUTH,sequence=7503,truth_tick_us=lu,mechanical_angle_rad=0.000000000,valid=3758096384,read_failures=1075357959"
dengfoc,478,307906944976800,1.902370700,"SYNC_TRUTH,sequence=7504,truth_tick_us=lu,mechanical_angle_rad=0.000000000,valid=3758096384,read_failures=1075357959"
dengfoc,479,307906949206300,1.906600200,"SYNC_TRUTH,sequence=7505,truth_tick_us=lu,mechanical_angle_rad=0.000000000,valid=3758096384,read_failures=1075357959"
dengfoc,480,307906953093200,1.910487100,"SYNC_TRUTH,sequence=7506,truth_tick_us=lu,mechanical_angle_rad=0.000000000,valid=3758096384,read_failures=1075357959"
dengfoc,481,307906957078400,1.914472300,"SYNC_TRUTH,sequence=7507,truth_tick_us=lu,mechanical_angle_rad=0.000000000,valid=3758096384,read_failures=1075357959"
dengfoc,482,307906961037000,1.918430900,"SYNC_TRUTH,sequence=7508,truth_tick_us=lu,mechanical_angle_rad=0.000000000,valid=3758096384,read_failures=1075357959"
dengfoc,483,307906965080700,1.922474600,"SYNC_TRUTH,sequence=7509,truth_tick_us=lu,mechanical_angle_rad=0.000000000,valid=3758096384,read_failures=1075357959"
dengfoc,484,307906969007000,1.926400900,"SYNC_TRUTH,sequence=7510,truth_tick_us=lu,mechanical_angle_rad=0.000000000,valid=3758096384,read_failures=1075357959"
dengfoc,485,307906973120600,1.930514500,"SYNC_TRUTH,sequence=7511,truth_tick_us=lu,mechanical_angle_rad=0.000000000,valid=3758096384,read_failures=1075357959"
dengfoc,486,307906976954500,1.934348400,"SYNC_TRUTH,sequence=7512,truth_tick_us=lu,mechanical_angle_rad=0.000000000,valid=3758096384,read_failures=1075357959"
dengfoc,487,307906981019900,1.938413800,"SYNC_TRUTH,sequence=7513,truth_tick_us=lu,mechanical_angle_rad=0.000000000,valid=3758096384,read_failures=1075357959"
dengfoc,488,307906984925500,1.942319400,"SYNC_TRUTH,sequence=7514,truth_tick_us=lu,mechanical_angle_rad=0.000000000,valid=3758096384,read_failures=1075357959"
dengfoc,489,307906989085700,1.946479600,"SYNC_TRUTH,sequence=7515,truth_tick_us=lu,mechanical_angle_rad=0.000000000,valid=3758096384,read_failures=1075357959"
dengfoc,490,307906993153600,1.950547500,"SYNC_TRUTH,sequence=7516,truth_tick_us=lu,mechanical_angle_rad=0.000000000,valid=3758096384,read_failures=1075357959"
dengfoc,491,307906996957900,1.954351800,"SYNC_TRUTH,sequence=7517,truth_tick_us=lu,mechanical_angle_rad=0.000000000,valid=3758096384,read_failures=1075357959"
dengfoc,492,307907001154800,1.958548700,"SYNC_TRUTH,sequence=7518,truth_tick_us=lu,mechanical_angle_rad=0.000000000,valid=3758096384,read_failures=1075357959"
dengfoc,493,307907005185000,1.962578900,"SYNC_TRUTH,sequence=7519,truth_tick_us=lu,mechanical_angle_rad=0.000000000,valid=3758096384,read_failures=1075357959"
dengfoc,494,307907009034200,1.966428100,"SYNC_TRUTH,sequence=7520,truth_tick_us=lu,mechanical_angle_rad=0.000000000,valid=3758096384,read_failures=1075357959"
dengfoc,495,307907013053700,1.970447600,"SYNC_TRUTH,sequence=7521,truth_tick_us=lu,mechanical_angle_rad=0.000000000,valid=3758096384,read_failures=1075357959"
dengfoc,496,307907017112100,1.974506000,"SYNC_TRUTH,sequence=7522,truth_tick_us=lu,mechanical_angle_rad=0.000000000,valid=3758096384,read_failures=1075357959"
dengfoc,497,307907020937800,1.978331700,"SYNC_TRUTH,sequence=7523,truth_tick_us=lu,mechanical_angle_rad=0.000000000,valid=3758096384,read_failures=1075357959"
dengfoc,498,307907024982800,1.982376700,"SYNC_TRUTH,sequence=7524,truth_tick_us=lu,mechanical_angle_rad=0.000000000,valid=3758096384,read_failures=1075357959"
dengfoc,499,307907029020400,1.986414300,"SYNC_TRUTH,sequence=7525,truth_tick_us=lu,mechanical_angle_rad=0.000000000,valid=3758096384,read_failures=1075357959"
dengfoc,500,307907033084500,1.990478400,"SYNC_TRUTH,sequence=7526,truth_tick_us=lu,mechanical_angle_rad=0.000000000,valid=3758096384,read_failures=1075357959"
dengfoc,501,307907037059900,1.994453800,"SYNC_TRUTH,sequence=7527,truth_tick_us=lu,mechanical_angle_rad=0.000000000,valid=3758096384,read_failures=1075357959"
dengfoc,502,307907040992400,1.998386300,"SYNC_TRUTH,sequence=7528,truth_tick_us=lu,mechanical_angle_rad=0.000000000,valid=3758096384,read_failures=1075357959"
dengfoc,503,307907045110400,2.002504300,"SYNC_TRUTH,sequence=7529,truth_tick_us=lu,mechanical_angle_rad=0.000000000,valid=3758096384,read_failures=1075357959"
dengfoc,504,307907048982500,2.006376400,"SYNC_TRUTH,sequence=7530,truth_tick_us=lu,mechanical_angle_rad=0.000000000,valid=3758096384,read_failures=1075357959"
dengfoc,505,307907053082200,2.010476100,"SYNC_TRUTH,sequence=7531,truth_tick_us=lu,mechanical_angle_rad=0.000000000,valid=3758096384,read_failures=1075357959"
dengfoc,506,307907056927600,2.014321500,"SYNC_TRUTH,sequence=7532,truth_tick_us=lu,mechanical_angle_rad=0.000000000,valid=3758096384,read_failures=1075357959"
dengfoc,507,307907061067900,2.018461800,"SYNC_TRUTH,sequence=7533,truth_tick_us=lu,mechanical_angle_rad=0.000000000,valid=3758096384,read_failures=1075357959"
dengfoc,508,307907064982500,2.022376400,"SYNC_TRUTH,sequence=7534,truth_tick_us=lu,mechanical_angle_rad=0.000000000,valid=3758096384,read_failures=1075357959"
dengfoc,509,307907069093200,2.026487100,"SYNC_TRUTH,sequence=7535,truth_tick_us=lu,mechanical_angle_rad=0.000000000,valid=3758096384,read_failures=1075357959"
dengfoc,510,307907072889700,2.030283600,"SYNC_TRUTH,sequence=7536,truth_tick_us=lu,mechanical_angle_rad=0.000000000,valid=3758096384,read_failures=1075357959"
dengfoc,511,307907077065500,2.034459400,"SYNC_TRUTH,sequence=7537,truth_tick_us=lu,mechanical_angle_rad=0.000000000,valid=3758096384,read_failures=1075357959"
dengfoc,512,307907081168700,2.038562600,"SYNC_TRUTH,sequence=7538,truth_tick_us=lu,mechanical_angle_rad=0.000000000,valid=3758096384,read_failures=1075357959"
dengfoc,513,307907085069000,2.042462900,"SYNC_TRUTH,sequence=7539,truth_tick_us=lu,mechanical_angle_rad=0.000000000,valid=3758096384,read_failures=1075357959"
dengfoc,514,307907089052600,2.046446500,"SYNC_TRUTH,sequence=7540,truth_tick_us=lu,mechanical_angle_rad=0.000000000,valid=3758096384,read_failures=1075357959"
dengfoc,515,307907093029800,2.050423700,"SYNC_TRUTH,sequence=7541,truth_tick_us=lu,mechanical_angle_rad=0.000000000,valid=3758096384,read_failures=1075357959"
dengfoc,516,307907097015200,2.054409100,"SYNC_TRUTH,sequence=7542,truth_tick_us=lu,mechanical_angle_rad=0.000000000,valid=3758096384,read_failures=1075357959"
dengfoc,517,307907101006200,2.058400100,"SYNC_TRUTH,sequence=7543,truth_tick_us=lu,mechanical_angle_rad=0.000000000,valid=3758096384,read_failures=1075357959"
dengfoc,518,307907105099400,2.062493300,"SYNC_TRUTH,sequence=7544,truth_tick_us=lu,mechanical_angle_rad=0.000000000,valid=3758096384,read_failures=1075357959"
dengfoc,519,307907109052100,2.066446000,"SYNC_TRUTH,sequence=7545,truth_tick_us=lu,mechanical_angle_rad=0.000000000,valid=3758096384,read_failures=1075357959"
dengfoc,520,307907113135500,2.070529400,"SYNC_TRUTH,sequence=7546,truth_tick_us=lu,mechanical_angle_rad=0.000000000,valid=3758096384,read_failures=1075357959"
dengfoc,521,307907117055500,2.074449400,"SYNC_TRUTH,sequence=7547,truth_tick_us=lu,mechanical_angle_rad=0.000000000,valid=3758096384,read_failures=1075357959"
dengfoc,522,307907120994300,2.078388200,"SYNC_TRUTH,sequence=7548,truth_tick_us=lu,mechanical_angle_rad=0.000000000,valid=3758096384,read_failures=1075357959"
dengfoc,523,307907125158600,2.082552500,"SYNC_TRUTH,sequence=7549,truth_tick_us=lu,mechanical_angle_rad=0.000000000,valid=3758096384,read_failures=1075357959"
dengfoc,524,307907128995100,2.086389000,"SYNC_TRUTH,sequence=7550,truth_tick_us=lu,mechanical_angle_rad=0.000000000,valid=3758096384,read_failures=1075357959"
dengfoc,525,307907133145300,2.090539200,"SYNC_TRUTH,sequence=7551,truth_tick_us=lu,mechanical_angle_rad=0.000000000,valid=3758096384,read_failures=1075357959"
dengfoc,526,307907137105900,2.094499800,"SYNC_TRUTH,sequence=7552,truth_tick_us=lu,mechanical_angle_rad=0.000000000,valid=3758096384,read_failures=1075357959"
dengfoc,527,307907141103900,2.098497800,"SYNC_TRUTH,sequence=7553,truth_tick_us=lu,mechanical_angle_rad=0.000000000,valid=3758096384,read_failures=1075357959"
dengfoc,528,307907144982100,2.102376000,"SYNC_TRUTH,sequence=7554,truth_tick_us=lu,mechanical_angle_rad=0.000000000,valid=3758096384,read_failures=1075357959"
dengfoc,529,307907149116200,2.106510100,"SYNC_TRUTH,sequence=7555,truth_tick_us=lu,mechanical_angle_rad=0.000000000,valid=3758096384,read_failures=1075357959"
dengfoc,530,307907153010600,2.110404500,"SYNC_TRUTH,sequence=7556,truth_tick_us=lu,mechanical_angle_rad=0.000000000,valid=3758096384,read_failures=1075357959"
dengfoc,531,307907156978300,2.114372200,"SYNC_TRUTH,sequence=7557,truth_tick_us=lu,mechanical_angle_rad=0.000000000,valid=3758096384,read_failures=1075357959"
dengfoc,532,307907161141100,2.118535000,"SYNC_TRUTH,sequence=7558,truth_tick_us=lu,mechanical_angle_rad=0.000000000,valid=3758096384,read_failures=1075357959"
dengfoc,533,307907165105700,2.122499600,"SYNC_TRUTH,sequence=7559,truth_tick_us=lu,mechanical_angle_rad=0.000000000,valid=3758096384,read_failures=1075357959"
dengfoc,534,307907169091100,2.126485000,"SYNC_TRUTH,sequence=7560,truth_tick_us=lu,mechanical_angle_rad=0.000000000,valid=3758096384,read_failures=1075357959"
dengfoc,535,307907173029500,2.130423400,"SYNC_TRUTH,sequence=7561,truth_tick_us=lu,mechanical_angle_rad=0.000000000,valid=3758096384,read_failures=1075357959"
dengfoc,536,307907177116700,2.134510600,"SYNC_TRUTH,sequence=7562,truth_tick_us=lu,mechanical_angle_rad=0.000000000,valid=3758096384,read_failures=1075357959"
dengfoc,537,307907180925200,2.138319100,"SYNC_TRUTH,sequence=7563,truth_tick_us=lu,mechanical_angle_rad=0.000000000,valid=3758096384,read_failures=1075357959"
dengfoc,538,307907185125700,2.142519600,"SYNC_TRUTH,sequence=7564,truth_tick_us=lu,mechanical_angle_rad=0.000000000,valid=3758096384,read_failures=1075357959"
dengfoc,539,307907188929500,2.146323400,"SYNC_TRUTH,sequence=7565,truth_tick_us=lu,mechanical_angle_rad=0.000000000,valid=3758096384,read_failures=1075357959"
dengfoc,540,307907193053100,2.150447000,"SYNC_TRUTH,sequence=7566,truth_tick_us=lu,mechanical_angle_rad=0.000000000,valid=3758096384,read_failures=1075357959"
dengfoc,541,307907196977300,2.154371200,"SYNC_TRUTH,sequence=7567,truth_tick_us=lu,mechanical_angle_rad=0.000000000,valid=3758096384,read_failures=1075357959"
dengfoc,542,307907201061900,2.158455800,"SYNC_TRUTH,sequence=7568,truth_tick_us=lu,mechanical_angle_rad=0.000000000,valid=3758096384,read_failures=1075357959"
dengfoc,543,307907205113700,2.162507600,"SYNC_TRUTH,sequence=7569,truth_tick_us=lu,mechanical_angle_rad=0.000000000,valid=3758096384,read_failures=1075357959"
dengfoc,544,307907209063300,2.166457200,"SYNC_TRUTH,sequence=7570,truth_tick_us=lu,mechanical_angle_rad=0.000000000,valid=3758096384,read_failures=1075357959"
dengfoc,545,307907213125600,2.170519500,"SYNC_TRUTH,sequence=7571,truth_tick_us=lu,mechanical_angle_rad=0.000000000,valid=3758096384,read_failures=1075357959"
dengfoc,546,307907217053700,2.174447600,"SYNC_TRUTH,sequence=7572,truth_tick_us=lu,mechanical_angle_rad=0.000000000,valid=3758096384,read_failures=1075357959"
dengfoc,547,307907221154900,2.178548800,"SYNC_TRUTH,sequence=7573,truth_tick_us=lu,mechanical_angle_rad=0.000000000,valid=3758096384,read_failures=1075357959"
dengfoc,548,307907225008400,2.182402300,"SYNC_TRUTH,sequence=7574,truth_tick_us=lu,mechanical_angle_rad=0.000000000,valid=3758096384,read_failures=1075357959"
dengfoc,549,307907228999700,2.186393600,"SYNC_TRUTH,sequence=7575,truth_tick_us=lu,mechanical_angle_rad=0.000000000,valid=3758096384,read_failures=1075357959"
dengfoc,550,307907233040600,2.190434500,"SYNC_TRUTH,sequence=7576,truth_tick_us=lu,mechanical_angle_rad=0.000000000,valid=3758096384,read_failures=1075357959"
dengfoc,551,307907237098400,2.194492300,"SYNC_TRUTH,sequence=7577,truth_tick_us=lu,mechanical_angle_rad=0.000000000,valid=3758096384,read_failures=1075357959"
dengfoc,552,307907240907300,2.198301200,"SYNC_TRUTH,sequence=7578,truth_tick_us=lu,mechanical_angle_rad=0.000000000,valid=3758096384,read_failures=1075357959"
dengfoc,553,307907244969000,2.202362900,"SYNC_TRUTH,sequence=7579,truth_tick_us=lu,mechanical_angle_rad=0.000000000,valid=3758096384,read_failures=1075357959"
dengfoc,554,307907249216900,2.206610800,"SYNC_TRUTH,sequence=7580,truth_tick_us=lu,mechanical_angle_rad=0.000000000,valid=3758096384,read_failures=1075357959"
dengfoc,555,307907253072500,2.210466400,"SYNC_TRUTH,sequence=7581,truth_tick_us=lu,mechanical_angle_rad=0.000000000,valid=3758096384,read_failures=1075357959"
dengfoc,556,307907257170500,2.214564400,"SYNC_TRUTH,sequence=7582,truth_tick_us=lu,mechanical_angle_rad=0.000000000,valid=3758096384,read_failures=1075357959"
dengfoc,557,307907261080500,2.218474400,"SYNC_TRUTH,sequence=7583,truth_tick_us=lu,mechanical_angle_rad=0.000000000,valid=3758096384,read_failures=1075357959"
dengfoc,558,307907265129500,2.222523400,"SYNC_TRUTH,sequence=7584,truth_tick_us=lu,mechanical_angle_rad=0.000000000,valid=3758096384,read_failures=1075357959"
dengfoc,559,307907269070500,2.226464400,"SYNC_TRUTH,sequence=7585,truth_tick_us=lu,mechanical_angle_rad=0.000000000,valid=3758096384,read_failures=1075357959"
dengfoc,560,307907273071900,2.230465800,"SYNC_TRUTH,sequence=7586,truth_tick_us=lu,mechanical_angle_rad=0.000000000,valid=3758096384,read_failures=1075357959"
dengfoc,561,307907277108900,2.234502800,"SYNC_TRUTH,sequence=7587,truth_tick_us=lu,mechanical_angle_rad=0.000000000,valid=3758096384,read_failures=1075357959"
dengfoc,562,307907281083000,2.238476900,"SYNC_TRUTH,sequence=7588,truth_tick_us=lu,mechanical_angle_rad=0.000000000,valid=3758096384,read_failures=1075357959"
dengfoc,563,307907284939300,2.242333200,"SYNC_TRUTH,sequence=7589,truth_tick_us=lu,mechanical_angle_rad=0.000000000,valid=3758096384,read_failures=1075357959"
dengfoc,564,307907288971400,2.246365300,"SYNC_TRUTH,sequence=7590,truth_tick_us=lu,mechanical_angle_rad=0.000000000,valid=3758096384,read_failures=1075357959"
dengfoc,565,307907293149600,2.250543500,"SYNC_TRUTH,sequence=7591,truth_tick_us=lu,mechanical_angle_rad=0.000000000,valid=3758096384,read_failures=1075357959"
dengfoc,566,307907297188500,2.254582400,"SYNC_TRUTH,sequence=7592,truth_tick_us=lu,mechanical_angle_rad=0.000000000,valid=3758096384,read_failures=1075357959"
dengfoc,567,307907301115000,2.258508900,"SYNC_TRUTH,sequence=7593,truth_tick_us=lu,mechanical_angle_rad=0.000000000,valid=3758096384,read_failures=1075357959"
dengfoc,568,307907305007500,2.262401400,"SYNC_TRUTH,sequence=7594,truth_tick_us=lu,mechanical_angle_rad=0.000000000,valid=3758096384,read_failures=1075357959"
dengfoc,569,307907309210800,2.266604700,"SYNC_TRUTH,sequence=7595,truth_tick_us=lu,mechanical_angle_rad=0.000000000,valid=3758096384,read_failures=1075357959"
dengfoc,570,307907313097000,2.270490900,"SYNC_TRUTH,sequence=7596,truth_tick_us=lu,mechanical_angle_rad=0.000000000,valid=3758096384,read_failures=1075357959"
dengfoc,571,307907317034500,2.274428400,"SYNC_TRUTH,sequence=7597,truth_tick_us=lu,mechanical_angle_rad=0.000000000,valid=3758096384,read_failures=1075357959"
dengfoc,572,307907320993500,2.278387400,"SYNC_TRUTH,sequence=7598,truth_tick_us=lu,mechanical_angle_rad=0.000000000,valid=3758096384,read_failures=1075357959"
dengfoc,573,307907324992500,2.282386400,"SYNC_TRUTH,sequence=7599,truth_tick_us=lu,mechanical_angle_rad=0.000000000,valid=3758096384,read_failures=1075357959"
dengfoc,574,307907329130600,2.286524500,"SYNC_TRUTH,sequence=7600,truth_tick_us=lu,mechanical_angle_rad=0.000000000,valid=3758096384,read_failures=1075357959"
dengfoc,575,307907333007100,2.290401000,"SYNC_TRUTH,sequence=7601,truth_tick_us=lu,mechanical_angle_rad=0.000000000,valid=3758096384,read_failures=1075357959"
dengfoc,576,307907337181500,2.294575400,"SYNC_TRUTH,sequence=7602,truth_tick_us=lu,mechanical_angle_rad=0.000000000,valid=3758096384,read_failures=1075357959"
dengfoc,577,307907341053900,2.298447800,"SYNC_TRUTH,sequence=7603,truth_tick_us=lu,mechanical_angle_rad=0.000000000,valid=3758096384,read_failures=1075357959"
dengfoc,578,307907345108500,2.302502400,"SYNC_TRUTH,sequence=7604,truth_tick_us=lu,mechanical_angle_rad=0.000000000,valid=3758096384,read_failures=1075357959"
dengfoc,579,307907349061600,2.306455500,"SYNC_TRUTH,sequence=7605,truth_tick_us=lu,mechanical_angle_rad=0.000000000,valid=3758096384,read_failures=1075357959"
dengfoc,580,307907353116200,2.310510100,"SYNC_TRUTH,sequence=7606,truth_tick_us=lu,mechanical_angle_rad=0.000000000,valid=3758096384,read_failures=1075357959"
dengfoc,581,307907357003600,2.314397500,"SYNC_TRUTH,sequence=7607,truth_tick_us=lu,mechanical_angle_rad=0.000000000,valid=3758096384,read_failures=1075357959"
dengfoc,582,307907361119800,2.318513700,"SYNC_TRUTH,sequence=7608,truth_tick_us=lu,mechanical_angle_rad=0.000000000,valid=3758096384,read_failures=1075357959"
dengfoc,583,307907364988200,2.322382100,"SYNC_TRUTH,sequence=7609,truth_tick_us=lu,mechanical_angle_rad=0.000000000,valid=3758096384,read_failures=1075357959"
dengfoc,584,307907368970000,2.326363900,"SYNC_TRUTH,sequence=7610,truth_tick_us=lu,mechanical_angle_rad=0.000000000,valid=3758096384,read_failures=1075357959"
dengfoc,585,307907373213200,2.330607100,"SYNC_TRUTH,sequence=7611,truth_tick_us=lu,mechanical_angle_rad=0.000000000,valid=3758096384,read_failures=1075357959"
dengfoc,586,307907377075400,2.334469300,"SYNC_TRUTH,sequence=7612,truth_tick_us=lu,mechanical_angle_rad=0.000000000,valid=3758096384,read_failures=1075357959"
dengfoc,587,307907381108200,2.338502100,"SYNC_TRUTH,sequence=7613,truth_tick_us=lu,mechanical_angle_rad=0.000000000,valid=3758096384,read_failures=1075357959"
dengfoc,588,307907384982900,2.342376800,"SYNC_TRUTH,sequence=7614,truth_tick_us=lu,mechanical_angle_rad=0.000000000,valid=3758096384,read_failures=1075357959"
dengfoc,589,307907389140100,2.346534000,"SYNC_TRUTH,sequence=7615,truth_tick_us=lu,mechanical_angle_rad=0.000000000,valid=3758096384,read_failures=1075357959"
dengfoc,590,307907393030000,2.350423900,"SYNC_TRUTH,sequence=7616,truth_tick_us=lu,mechanical_angle_rad=0.000000000,valid=3758096384,read_failures=1075357959"
dengfoc,591,307907397152500,2.354546400,"SYNC_TRUTH,sequence=7617,truth_tick_us=lu,mechanical_angle_rad=0.000000000,valid=3758096384,read_failures=1075357959"
dengfoc,592,307907401063500,2.358457400,"SYNC_TRUTH,sequence=7618,truth_tick_us=lu,mechanical_angle_rad=0.000000000,valid=3758096384,read_failures=1075357959"
dengfoc,593,307907405070600,2.362464500,"SYNC_TRUTH,sequence=7619,truth_tick_us=lu,mechanical_angle_rad=0.000000000,valid=3758096384,read_failures=1075357959"
dengfoc,594,307907409085000,2.366478900,"SYNC_TRUTH,sequence=7620,truth_tick_us=lu,mechanical_angle_rad=0.000000000,valid=3758096384,read_failures=1075357959"
dengfoc,595,307907413057000,2.370450900,"SYNC_TRUTH,sequence=7621,truth_tick_us=lu,mechanical_angle_rad=0.000000000,valid=3758096384,read_failures=1075357959"
dengfoc,596,307907417178500,2.374572400,"SYNC_TRUTH,sequence=7622,truth_tick_us=lu,mechanical_angle_rad=0.000000000,valid=3758096384,read_failures=1075357959"
dengfoc,597,307907421039800,2.378433700,"SYNC_TRUTH,sequence=7623,truth_tick_us=lu,mechanical_angle_rad=0.000000000,valid=3758096384,read_failures=1075357959"
dengfoc,598,307907425204300,2.382598200,"SYNC_TRUTH,sequence=7624,truth_tick_us=lu,mechanical_angle_rad=0.000000000,valid=3758096384,read_failures=1075357959"
dengfoc,599,307907429041100,2.386435000,"SYNC_TRUTH,sequence=7625,truth_tick_us=lu,mechanical_angle_rad=0.000000000,valid=3758096384,read_failures=1075357959"
dengfoc,600,307907433161200,2.390555100,"SYNC_TRUTH,sequence=7626,truth_tick_us=lu,mechanical_angle_rad=0.000000000,valid=3758096384,read_failures=1075357959"
dengfoc,601,307907437089800,2.394483700,"SYNC_TRUTH,sequence=7627,truth_tick_us=lu,mechanical_angle_rad=0.000000000,valid=3758096384,read_failures=1075357959"
dengfoc,602,307907441154500,2.398548400,"SYNC_TRUTH,sequence=7628,truth_tick_us=lu,mechanical_angle_rad=0.000000000,valid=3758096384,read_failures=1075357959"
dengfoc,603,307907444952500,2.402346400,"SYNC_TRUTH,sequence=7629,truth_tick_us=lu,mechanical_angle_rad=0.000000000,valid=3758096384,read_failures=1075357959"
dengfoc,604,307907449056300,2.406450200,"SYNC_TRUTH,sequence=7630,truth_tick_us=lu,mechanical_angle_rad=0.000000000,valid=3758096384,read_failures=1075357959"
dengfoc,605,307907452998000,2.410391900,"SYNC_TRUTH,sequence=7631,truth_tick_us=lu,mechanical_angle_rad=0.000000000,valid=3758096384,read_failures=1075357959"
dengfoc,606,307907456992800,2.414386700,"SYNC_TRUTH,sequence=7632,truth_tick_us=lu,mechanical_angle_rad=0.000000000,valid=3758096384,read_failures=1075357959"
dengfoc,607,307907461160400,2.418554300,"SYNC_TRUTH,sequence=7633,truth_tick_us=lu,mechanical_angle_rad=0.000000000,valid=3758096384,read_failures=1075357959"
dengfoc,608,307907465043500,2.422437400,"SYNC_TRUTH,sequence=7634,truth_tick_us=lu,mechanical_angle_rad=0.000000000,valid=3758096384,read_failures=1075357959"
dengfoc,609,307907469093900,2.426487800,"SYNC_TRUTH,sequence=7635,truth_tick_us=lu,mechanical_angle_rad=0.000000000,valid=3758096384,read_failures=1075357959"
dengfoc,610,307907472970400,2.430364300,"SYNC_TRUTH,sequence=7636,truth_tick_us=lu,mechanical_angle_rad=0.000000000,valid=3758096384,read_failures=1075357959"
dengfoc,611,307907477088200,2.434482100,"SYNC_TRUTH,sequence=7637,truth_tick_us=lu,mechanical_angle_rad=0.000000000,valid=3758096384,read_failures=1075357959"
dengfoc,612,307907481045400,2.438439300,"SYNC_TRUTH,sequence=7638,truth_tick_us=lu,mechanical_angle_rad=0.000000000,valid=3758096384,read_failures=1075357959"
dengfoc,613,307907485103700,2.442497600,"SYNC_TRUTH,sequence=7639,truth_tick_us=lu,mechanical_angle_rad=0.000000000,valid=3758096384,read_failures=1075357959"
dengfoc,614,307907489009300,2.446403200,"SYNC_TRUTH,sequence=7640,truth_tick_us=lu,mechanical_angle_rad=0.000000000,valid=3758096384,read_failures=1075357959"
dengfoc,615,307907492994800,2.450388700,"SYNC_TRUTH,sequence=7641,truth_tick_us=lu,mechanical_angle_rad=0.000000000,valid=3758096384,read_failures=1075357959"
dengfoc,616,307907496969700,2.454363600,"SYNC_TRUTH,sequence=7642,truth_tick_us=lu,mechanical_angle_rad=0.000000000,valid=3758096384,read_failures=1075357959"
dengfoc,617,307907501098800,2.458492700,"SYNC_TRUTH,sequence=7643,truth_tick_us=lu,mechanical_angle_rad=0.000000000,valid=3758096384,read_failures=1075357959"
dengfoc,618,307907505146600,2.462540500,"SYNC_TRUTH,sequence=7644,truth_tick_us=lu,mechanical_angle_rad=0.000000000,valid=3758096384,read_failures=1075357959"
dengfoc,619,307907509005000,2.466398900,"SYNC_TRUTH,sequence=7645,truth_tick_us=lu,mechanical_angle_rad=0.000000000,valid=3758096384,read_failures=1075357959"
dengfoc,620,307907513200800,2.470594700,"SYNC_TRUTH,sequence=7646,truth_tick_us=lu,mechanical_angle_rad=0.000000000,valid=3758096384,read_failures=1075357959"
dengfoc,621,307907517078500,2.474472400,"SYNC_TRUTH,sequence=7647,truth_tick_us=lu,mechanical_angle_rad=0.000000000,valid=3758096384,read_failures=1075357959"
dengfoc,622,307907521132500,2.478526400,"SYNC_TRUTH,sequence=7648,truth_tick_us=lu,mechanical_angle_rad=0.000000000,valid=3758096384,read_failures=1075357959"
dengfoc,623,307907525037600,2.482431500,"SYNC_TRUTH,sequence=7649,truth_tick_us=lu,mechanical_angle_rad=0.000000000,valid=3758096384,read_failures=1075357959"
dengfoc,624,307907529100300,2.486494200,"SYNC_TRUTH,sequence=7650,truth_tick_us=lu,mechanical_angle_rad=0.000000000,valid=3758096384,read_failures=1075357959"
dengfoc,625,307907532976900,2.490370800,"SYNC_TRUTH,sequence=7651,truth_tick_us=lu,mechanical_angle_rad=0.000000000,valid=3758096384,read_failures=1075357959"
dengfoc,626,307907537084900,2.494478800,"SYNC_TRUTH,sequence=7652,truth_tick_us=lu,mechanical_angle_rad=0.000000000,valid=3758096384,read_failures=1075357959"
dengfoc,627,307907541019700,2.498413600,"SYNC_TRUTH,sequence=7653,truth_tick_us=lu,mechanical_angle_rad=0.000000000,valid=3758096384,read_failures=1075357959"
dengfoc,628,307907545052800,2.502446700,"SYNC_TRUTH,sequence=7654,truth_tick_us=lu,mechanical_angle_rad=0.000000000,valid=3758096384,read_failures=1075357959"
dengfoc,629,307907549154700,2.506548600,"SYNC_TRUTH,sequence=7655,truth_tick_us=lu,mechanical_angle_rad=0.000000000,valid=3758096384,read_failures=1075357959"
dengfoc,630,307907553080400,2.510474300,"SYNC_TRUTH,sequence=7656,truth_tick_us=lu,mechanical_angle_rad=0.000000000,valid=3758096384,read_failures=1075357959"
dengfoc,631,307907557213100,2.514607000,"SYNC_TRUTH,sequence=7657,truth_tick_us=lu,mechanical_angle_rad=0.000000000,valid=3758096384,read_failures=1075357959"
dengfoc,632,307907561047300,2.518441200,"SYNC_TRUTH,sequence=7658,truth_tick_us=lu,mechanical_angle_rad=0.000000000,valid=3758096384,read_failures=1075357959"
dengfoc,633,307907565381500,2.522775400,"SYNC_TRUTH,sequence=7659,truth_tick_us=lu,mechanical_angle_rad=0.000000000,valid=3758096384,read_failures=1075357959"
dengfoc,634,307907569000400,2.526394300,"SYNC_TRUTH,sequence=7660,truth_tick_us=lu,mechanical_angle_rad=0.000000000,valid=3758096384,read_failures=1075357959"
dengfoc,635,307907573088900,2.530482800,"SYNC_TRUTH,sequence=7661,truth_tick_us=lu,mechanical_angle_rad=0.000000000,valid=3758096384,read_failures=1075357959"
dengfoc,636,307907576947000,2.534340900,"SYNC_TRUTH,sequence=7662,truth_tick_us=lu,mechanical_angle_rad=0.000000000,valid=3758096384,read_failures=1075357959"
dengfoc,637,307907581143500,2.538537400,"SYNC_TRUTH,sequence=7663,truth_tick_us=lu,mechanical_angle_rad=0.000000000,valid=3758096384,read_failures=1075357959"
dengfoc,638,307907585037000,2.542430900,"SYNC_TRUTH,sequence=7664,truth_tick_us=lu,mechanical_angle_rad=0.000000000,valid=3758096384,read_failures=1075357959"
dengfoc,639,307907589113800,2.546507700,"SYNC_TRUTH,sequence=7665,truth_tick_us=lu,mechanical_angle_rad=0.000000000,valid=3758096384,read_failures=1075357959"
dengfoc,640,307907593156800,2.550550700,"SYNC_TRUTH,sequence=7666,truth_tick_us=lu,mechanical_angle_rad=0.000000000,valid=3758096384,read_failures=1075357959"
dengfoc,641,307907597058000,2.554451900,"SYNC_TRUTH,sequence=7667,truth_tick_us=lu,mechanical_angle_rad=0.000000000,valid=3758096384,read_failures=1075357959"
dengfoc,642,307907601141600,2.558535500,"SYNC_TRUTH,sequence=7668,truth_tick_us=lu,mechanical_angle_rad=0.000000000,valid=3758096384,read_failures=1075357959"
dengfoc,643,307907605069800,2.562463700,"SYNC_TRUTH,sequence=7669,truth_tick_us=lu,mechanical_angle_rad=0.000000000,valid=3758096384,read_failures=1075357959"
dengfoc,644,307907609098100,2.566492000,"SYNC_TRUTH,sequence=7670,truth_tick_us=lu,mechanical_angle_rad=0.000000000,valid=3758096384,read_failures=1075357959"
dengfoc,645,307907613010100,2.570404000,"SYNC_TRUTH,sequence=7671,truth_tick_us=lu,mechanical_angle_rad=0.000000000,valid=3758096384,read_failures=1075357959"
dengfoc,646,307907617173500,2.574567400,"SYNC_TRUTH,sequence=7672,truth_tick_us=lu,mechanical_angle_rad=0.000000000,valid=3758096384,read_failures=1075357959"
dengfoc,647,307907621010100,2.578404000,"SYNC_TRUTH,sequence=7673,truth_tick_us=lu,mechanical_angle_rad=0.000000000,valid=3758096384,read_failures=1075357959"
dengfoc,648,307907625106200,2.582500100,"SYNC_TRUTH,sequence=7674,truth_tick_us=lu,mechanical_angle_rad=0.000000000,valid=3758096384,read_failures=1075357959"
dengfoc,649,307907628904700,2.586298600,"SYNC_TRUTH,sequence=7675,truth_tick_us=lu,mechanical_angle_rad=0.000000000,valid=3758096384,read_failures=1075357959"
dengfoc,650,307907633194500,2.590588400,"SYNC_TRUTH,sequence=7676,truth_tick_us=lu,mechanical_angle_rad=0.000000000,valid=3758096384,read_failures=1075357959"
dengfoc,651,307907637093400,2.594487300,"SYNC_TRUTH,sequence=7677,truth_tick_us=lu,mechanical_angle_rad=0.000000000,valid=3758096384,read_failures=1075357959"
dengfoc,652,307907641043300,2.598437200,"SYNC_TRUTH,sequence=7678,truth_tick_us=lu,mechanical_angle_rad=0.000000000,valid=3758096384,read_failures=1075357959"
dengfoc,653,307907645080400,2.602474300,"SYNC_TRUTH,sequence=7679,truth_tick_us=lu,mechanical_angle_rad=0.000000000,valid=3758096384,read_failures=1075357959"
dengfoc,654,307907649072700,2.606466600,"SYNC_TRUTH,sequence=7680,truth_tick_us=lu,mechanical_angle_rad=0.000000000,valid=3758096384,read_failures=1075357959"
dengfoc,655,307907653107300,2.610501200,"SYNC_TRUTH,sequence=7681,truth_tick_us=lu,mechanical_angle_rad=0.000000000,valid=3758096384,read_failures=1075357959"
dengfoc,656,307907656927200,2.614321100,"SYNC_TRUTH,sequence=7682,truth_tick_us=lu,mechanical_angle_rad=0.000000000,valid=3758096384,read_failures=1075357959"
dengfoc,657,307907661110800,2.618504700,"SYNC_TRUTH,sequence=7683,truth_tick_us=lu,mechanical_angle_rad=0.000000000,valid=3758096384,read_failures=1075357959"
dengfoc,658,307907664932400,2.622326300,"SYNC_TRUTH,sequence=7684,truth_tick_us=lu,mechanical_angle_rad=0.000000000,valid=3758096384,read_failures=1075357959"
dengfoc,659,307907669086200,2.626480100,"SYNC_TRUTH,sequence=7685,truth_tick_us=lu,mechanical_angle_rad=0.000000000,valid=3758096384,read_failures=1075357959"
dengfoc,660,307907672988200,2.630382100,"SYNC_TRUTH,sequence=7686,truth_tick_us=lu,mechanical_angle_rad=0.000000000,valid=3758096384,read_failures=1075357959"
dengfoc,661,307907677059200,2.634453100,"SYNC_TRUTH,sequence=7687,truth_tick_us=lu,mechanical_angle_rad=0.000000000,valid=3758096384,read_failures=1075357959"
dengfoc,662,307907681152300,2.638546200,"SYNC_TRUTH,sequence=7688,truth_tick_us=lu,mechanical_angle_rad=0.000000000,valid=3758096384,read_failures=1075357959"
dengfoc,663,307907685076000,2.642469900,"SYNC_TRUTH,sequence=7689,truth_tick_us=lu,mechanical_angle_rad=0.000000000,valid=3758096384,read_failures=1075357959"
dengfoc,664,307907689195000,2.646588900,"SYNC_TRUTH,sequence=7690,truth_tick_us=lu,mechanical_angle_rad=0.000000000,valid=3758096384,read_failures=1075357959"
dengfoc,665,307907693028300,2.650422200,"SYNC_TRUTH,sequence=7691,truth_tick_us=lu,mechanical_angle_rad=0.000000000,valid=3758096384,read_failures=1075357959"
dengfoc,666,307907697055100,2.654449000,"SYNC_TRUTH,sequence=7692,truth_tick_us=lu,mechanical_angle_rad=0.000000000,valid=3758096384,read_failures=1075357959"
dengfoc,667,307907700954900,2.658348800,"SYNC_TRUTH,sequence=7693,truth_tick_us=lu,mechanical_angle_rad=0.000000000,valid=3758096384,read_failures=1075357959"
dengfoc,668,307907705124300,2.662518200,"SYNC_TRUTH,sequence=7694,truth_tick_us=lu,mechanical_angle_rad=0.000000000,valid=3758096384,read_failures=1075357959"
dengfoc,669,307907708911100,2.666305000,"SYNC_TRUTH,sequence=7695,truth_tick_us=lu,mechanical_angle_rad=0.000000000,valid=3758096384,read_failures=1075357959"
dengfoc,670,307907711840200,2.669234100,"SYNC_TRUTH,sequence=7696,truth_tick_us=lu,mechanical_angle_rad=0.000000000,valid=3758096384,read_failures=1075357959"
dengfoc,671,307907714738600,2.672132500,"SYNC_STATUS,frames=0,frame_fail=0,truth=7696,truth_fail=0,truth_tx_fail=0,idle=0,capture_state=0,capture_failure=0,rejected=0,overflow=0,recovered=0,session_rollovers=0,sync_level=0,driver_disabled=1"
dengfoc,672,307907717127500,2.674521400,"SYNC_TRUTH,sequence=7697,truth_tick_us=lu,mechanical_angle_rad=0.000000000,valid=3758096384,read_failures=1075357959"
dengfoc,673,307907722120200,2.679514100,"SYNC_TRUTH,sequence=7698,truth_tick_us=lu,mechanical_angle_rad=0.000000000,valid=3758096384,read_failures=1075357959"
dengfoc,674,307907725907400,2.683301300,"SYNC_TRUTH,sequence=7699,truth_tick_us=lu,mechanical_angle_rad=0.000000000,valid=3758096384,read_failures=1075357959"
dengfoc,675,307907730083500,2.687477400,"SYNC_TRUTH,sequence=7700,truth_tick_us=lu,mechanical_angle_rad=0.000000000,valid=3758096384,read_failures=1075357959"
dengfoc,676,307907734132600,2.691526500,"SYNC_TRUTH,sequence=7701,truth_tick_us=lu,mechanical_angle_rad=0.000000000,valid=3758096384,read_failures=1075357959"
dengfoc,677,307907738055400,2.695449300,"SYNC_TRUTH,sequence=7702,truth_tick_us=lu,mechanical_angle_rad=0.000000000,valid=3758096384,read_failures=1075357959"
dengfoc,678,307907742116600,2.699510500,"SYNC_TRUTH,sequence=7703,truth_tick_us=lu,mechanical_angle_rad=0.000000000,valid=3758096384,read_failures=1075357959"
dengfoc,679,307907745953400,2.703347300,"SYNC_TRUTH,sequence=7704,truth_tick_us=lu,mechanical_angle_rad=0.000000000,valid=3758096384,read_failures=1075357959"
dengfoc,680,307907750039300,2.707433200,"SYNC_TRUTH,sequence=7705,truth_tick_us=lu,mechanical_angle_rad=0.000000000,valid=3758096384,read_failures=1075357959"
dengfoc,681,307907754022400,2.711416300,"SYNC_TRUTH,sequence=7706,truth_tick_us=lu,mechanical_angle_rad=0.000000000,valid=3758096384,read_failures=1075357959"
dengfoc,682,307907758007000,2.715400900,"SYNC_TRUTH,sequence=7707,truth_tick_us=lu,mechanical_angle_rad=0.000000000,valid=3758096384,read_failures=1075357959"
dengfoc,683,307907761910600,2.719304500,"SYNC_TRUTH,sequence=7708,truth_tick_us=lu,mechanical_angle_rad=0.000000000,valid=3758096384,read_failures=1075357959"
dengfoc,684,307907766072000,2.723465900,"SYNC_TRUTH,sequence=7709,truth_tick_us=lu,mechanical_angle_rad=0.000000000,valid=3758096384,read_failures=1075357959"
dengfoc,685,307907770176800,2.727570700,"SYNC_TRUTH,sequence=7710,truth_tick_us=lu,mechanical_angle_rad=0.000000000,valid=3758096384,read_failures=1075357959"
dengfoc,686,307907774032200,2.731426100,"SYNC_TRUTH,sequence=7711,truth_tick_us=lu,mechanical_angle_rad=0.000000000,valid=3758096384,read_failures=1075357959"
dengfoc,687,307907778169100,2.735563000,"SYNC_TRUTH,sequence=7712,truth_tick_us=lu,mechanical_angle_rad=0.000000000,valid=3758096384,read_failures=1075357959"
dengfoc,688,307907782035700,2.739429600,"SYNC_TRUTH,sequence=7713,truth_tick_us=lu,mechanical_angle_rad=0.000000000,valid=3758096384,read_failures=1075357959"
dengfoc,689,307907786173900,2.743567800,"SYNC_TRUTH,sequence=7714,truth_tick_us=lu,mechanical_angle_rad=0.000000000,valid=3758096384,read_failures=1075357959"
dengfoc,690,307907790004500,2.747398400,"SYNC_TRUTH,sequence=7715,truth_tick_us=lu,mechanical_angle_rad=0.000000000,valid=3758096384,read_failures=1075357959"
dengfoc,691,307907794007000,2.751400900,"SYNC_TRUTH,sequence=7716,truth_tick_us=lu,mechanical_angle_rad=0.000000000,valid=3758096384,read_failures=1075357959"
dengfoc,692,307907798062700,2.755456600,"SYNC_TRUTH,sequence=7717,truth_tick_us=lu,mechanical_angle_rad=0.000000000,valid=3758096384,read_failures=1075357959"
dengfoc,693,307907802144500,2.759538400,"SYNC_TRUTH,sequence=7718,truth_tick_us=lu,mechanical_angle_rad=0.000000000,valid=3758096384,read_failures=1075357959"
dengfoc,694,307907805931300,2.763325200,"SYNC_TRUTH,sequence=7719,truth_tick_us=lu,mechanical_angle_rad=0.000000000,valid=3758096384,read_failures=1075357959"
dengfoc,695,307907810021400,2.767415300,"SYNC_TRUTH,sequence=7720,truth_tick_us=lu,mechanical_angle_rad=0.000000000,valid=3758096384,read_failures=1075357959"
dengfoc,696,307907814138400,2.771532300,"SYNC_TRUTH,sequence=7721,truth_tick_us=lu,mechanical_angle_rad=0.000000000,valid=3758096384,read_failures=1075357959"
dengfoc,697,307907818063000,2.775456900,"SYNC_TRUTH,sequence=7722,truth_tick_us=lu,mechanical_angle_rad=0.000000000,valid=3758096384,read_failures=1075357959"
dengfoc,698,307907822130900,2.779524800,"SYNC_TRUTH,sequence=7723,truth_tick_us=lu,mechanical_angle_rad=0.000000000,valid=3758096384,read_failures=1075357959"
dengfoc,699,307907825977200,2.783371100,"SYNC_TRUTH,sequence=7724,truth_tick_us=lu,mechanical_angle_rad=0.000000000,valid=3758096384,read_failures=1075357959"
dengfoc,700,307907830173400,2.787567300,"SYNC_TRUTH,sequence=7725,truth_tick_us=lu,mechanical_angle_rad=0.000000000,valid=3758096384,read_failures=1075357959"
dengfoc,701,307907834030800,2.791424700,"SYNC_TRUTH,sequence=7726,truth_tick_us=lu,mechanical_angle_rad=0.000000000,valid=3758096384,read_failures=1075357959"
dengfoc,702,307907838014100,2.795408000,"SYNC_TRUTH,sequence=7727,truth_tick_us=lu,mechanical_angle_rad=0.000000000,valid=3758096384,read_failures=1075357959"
dengfoc,703,307907841997300,2.799391200,"SYNC_TRUTH,sequence=7728,truth_tick_us=lu,mechanical_angle_rad=0.000000000,valid=3758096384,read_failures=1075357959"
dengfoc,704,307907846212400,2.803606300,"SYNC_TRUTH,sequence=7729,truth_tick_us=lu,mechanical_angle_rad=0.000000000,valid=3758096384,read_failures=1075357959"
dengfoc,705,307907850016400,2.807410300,"SYNC_TRUTH,sequence=7730,truth_tick_us=lu,mechanical_angle_rad=0.000000000,valid=3758096384,read_failures=1075357959"
dengfoc,706,307907854086000,2.811479900,"SYNC_TRUTH,sequence=7731,truth_tick_us=lu,mechanical_angle_rad=0.000000000,valid=3758096384,read_failures=1075357959"
dengfoc,707,307907858158700,2.815552600,"SYNC_TRUTH,sequence=7732,truth_tick_us=lu,mechanical_angle_rad=0.000000000,valid=3758096384,read_failures=1075357959"
dengfoc,708,307907862062200,2.819456100,"SYNC_TRUTH,sequence=7733,truth_tick_us=lu,mechanical_angle_rad=0.000000000,valid=3758096384,read_failures=1075357959"
dengfoc,709,307907866125400,2.823519300,"SYNC_TRUTH,sequence=7734,truth_tick_us=lu,mechanical_angle_rad=0.000000000,valid=3758096384,read_failures=1075357959"
dengfoc,710,307907870123300,2.827517200,"SYNC_TRUTH,sequence=7735,truth_tick_us=lu,mechanical_angle_rad=0.000000000,valid=3758096384,read_failures=1075357959"
dengfoc,711,307907874170400,2.831564300,"SYNC_TRUTH,sequence=7736,truth_tick_us=lu,mechanical_angle_rad=0.000000000,valid=3758096384,read_failures=1075357959"
dengfoc,712,307907878062900,2.835456800,"SYNC_TRUTH,sequence=7737,truth_tick_us=lu,mechanical_angle_rad=0.000000000,valid=3758096384,read_failures=1075357959"
dengfoc,713,307907882070800,2.839464700,"SYNC_TRUTH,sequence=7738,truth_tick_us=lu,mechanical_angle_rad=0.000000000,valid=3758096384,read_failures=1075357959"
dengfoc,714,307907886014100,2.843408000,"SYNC_TRUTH,sequence=7739,truth_tick_us=lu,mechanical_angle_rad=0.000000000,valid=3758096384,read_failures=1075357959"
dengfoc,715,307907890072100,2.847466000,"SYNC_TRUTH,sequence=7740,truth_tick_us=lu,mechanical_angle_rad=0.000000000,valid=3758096384,read_failures=1075357959"
dengfoc,716,307907894028300,2.851422200,"SYNC_TRUTH,sequence=7741,truth_tick_us=lu,mechanical_angle_rad=0.000000000,valid=3758096384,read_failures=1075357959"
dengfoc,717,307907898005200,2.855399100,"SYNC_TRUTH,sequence=7742,truth_tick_us=lu,mechanical_angle_rad=0.000000000,valid=3758096384,read_failures=1075357959"
dengfoc,718,307907902044100,2.859438000,"SYNC_TRUTH,sequence=7743,truth_tick_us=lu,mechanical_angle_rad=0.000000000,valid=3758096384,read_failures=1075357959"
dengfoc,719,307907906016700,2.863410600,"SYNC_TRUTH,sequence=7744,truth_tick_us=lu,mechanical_angle_rad=0.000000000,valid=3758096384,read_failures=1075357959"
dengfoc,720,307907910081400,2.867475300,"SYNC_TRUTH,sequence=7745,truth_tick_us=lu,mechanical_angle_rad=0.000000000,valid=3758096384,read_failures=1075357959"
dengfoc,721,307907914060500,2.871454400,"SYNC_TRUTH,sequence=7746,truth_tick_us=lu,mechanical_angle_rad=0.000000000,valid=3758096384,read_failures=1075357959"
dengfoc,722,307907918070300,2.875464200,"SYNC_TRUTH,sequence=7747,truth_tick_us=lu,mechanical_angle_rad=0.000000000,valid=3758096384,read_failures=1075357959"
dengfoc,723,307907921953100,2.879347000,"SYNC_TRUTH,sequence=7748,truth_tick_us=lu,mechanical_angle_rad=0.000000000,valid=3758096384,read_failures=1075357959"
dengfoc,724,307907926083100,2.883477000,"SYNC_TRUTH,sequence=7749,truth_tick_us=lu,mechanical_angle_rad=0.000000000,valid=3758096384,read_failures=1075357959"
dengfoc,725,307907930031800,2.887425700,"SYNC_TRUTH,sequence=7750,truth_tick_us=lu,mechanical_angle_rad=0.000000000,valid=3758096384,read_failures=1075357959"
dengfoc,726,307907934069800,2.891463700,"SYNC_TRUTH,sequence=7751,truth_tick_us=lu,mechanical_angle_rad=0.000000000,valid=3758096384,read_failures=1075357959"
dengfoc,727,307907937949600,2.895343500,"SYNC_TRUTH,sequence=7752,truth_tick_us=lu,mechanical_angle_rad=0.000000000,valid=3758096384,read_failures=1075357959"
dengfoc,728,307907942064700,2.899458600,"SYNC_TRUTH,sequence=7753,truth_tick_us=lu,mechanical_angle_rad=0.000000000,valid=3758096384,read_failures=1075357959"
dengfoc,729,307907946204600,2.903598500,"SYNC_TRUTH,sequence=7754,truth_tick_us=lu,mechanical_angle_rad=0.000000000,valid=3758096384,read_failures=1075357959"
dengfoc,730,307907949966200,2.907360100,"SYNC_TRUTH,sequence=7755,truth_tick_us=lu,mechanical_angle_rad=0.000000000,valid=3758096384,read_failures=1075357959"
dengfoc,731,307907954106100,2.911500000,"SYNC_TRUTH,sequence=7756,truth_tick_us=lu,mechanical_angle_rad=0.000000000,valid=3758096384,read_failures=1075357959"
dengfoc,732,307907958071100,2.915465000,"SYNC_TRUTH,sequence=7757,truth_tick_us=lu,mechanical_angle_rad=0.000000000,valid=3758096384,read_failures=1075357959"
dengfoc,733,307907962123000,2.919516900,"SYNC_TRUTH,sequence=7758,truth_tick_us=lu,mechanical_angle_rad=0.000000000,valid=3758096384,read_failures=1075357959"
dengfoc,734,307907966053800,2.923447700,"SYNC_TRUTH,sequence=7759,truth_tick_us=lu,mechanical_angle_rad=0.000000000,valid=3758096384,read_failures=1075357959"
dengfoc,735,307907970106100,2.927500000,"SYNC_TRUTH,sequence=7760,truth_tick_us=lu,mechanical_angle_rad=0.000000000,valid=3758096384,read_failures=1075357959"
dengfoc,736,307907973927800,2.931321700,"SYNC_TRUTH,sequence=7761,truth_tick_us=lu,mechanical_angle_rad=0.000000000,valid=3758096384,read_failures=1075357959"
dengfoc,737,307907978058400,2.935452300,"SYNC_TRUTH,sequence=7762,truth_tick_us=lu,mechanical_angle_rad=0.000000000,valid=3758096384,read_failures=1075357959"
dengfoc,738,307907982038700,2.939432600,"SYNC_TRUTH,sequence=7763,truth_tick_us=lu,mechanical_angle_rad=0.000000000,valid=3758096384,read_failures=1075357959"
dengfoc,739,307907986111900,2.943505800,"SYNC_TRUTH,sequence=7764,truth_tick_us=lu,mechanical_angle_rad=0.000000000,valid=3758096384,read_failures=1075357959"
dengfoc,740,307907990125400,2.947519300,"SYNC_TRUTH,sequence=7765,truth_tick_us=lu,mechanical_angle_rad=0.000000000,valid=3758096384,read_failures=1075357959"
dengfoc,741,307907993952200,2.951346100,"SYNC_TRUTH,sequence=7766,truth_tick_us=lu,mechanical_angle_rad=0.000000000,valid=3758096384,read_failures=1075357959"
dengfoc,742,307907998098600,2.955492500,"SYNC_TRUTH,sequence=7767,truth_tick_us=lu,mechanical_angle_rad=0.000000000,valid=3758096384,read_failures=1075357959"
dengfoc,743,307908002048300,2.959442200,"SYNC_TRUTH,sequence=7768,truth_tick_us=lu,mechanical_angle_rad=0.000000000,valid=3758096384,read_failures=1075357959"
dengfoc,744,307908006100000,2.963493900,"SYNC_TRUTH,sequence=7769,truth_tick_us=lu,mechanical_angle_rad=0.000000000,valid=3758096384,read_failures=1075357959"
dengfoc,745,307908009926900,2.967320800,"SYNC_TRUTH,sequence=7770,truth_tick_us=lu,mechanical_angle_rad=0.000000000,valid=3758096384,read_failures=1075357959"
dengfoc,746,307908014041300,2.971435200,"SYNC_TRUTH,sequence=7771,truth_tick_us=lu,mechanical_angle_rad=0.000000000,valid=3758096384,read_failures=1075357959"
dengfoc,747,307908017952000,2.975345900,"SYNC_TRUTH,sequence=7772,truth_tick_us=lu,mechanical_angle_rad=0.000000000,valid=3758096384,read_failures=1075357959"
dengfoc,748,307908022076000,2.979469900,"SYNC_TRUTH,sequence=7773,truth_tick_us=lu,mechanical_angle_rad=0.000000000,valid=3758096384,read_failures=1075357959"
dengfoc,749,307908025929700,2.983323600,"SYNC_TRUTH,sequence=7774,truth_tick_us=lu,mechanical_angle_rad=0.000000000,valid=3758096384,read_failures=1075357959"
dengfoc,750,307908030076700,2.987470600,"SYNC_TRUTH,sequence=7775,truth_tick_us=lu,mechanical_angle_rad=0.000000000,valid=3758096384,read_failures=1075357959"
dengfoc,751,307908034184800,2.991578700,"SYNC_TRUTH,sequence=7776,truth_tick_us=lu,mechanical_angle_rad=0.000000000,valid=3758096384,read_failures=1075357959"
dengfoc,752,307908038024100,2.995418000,"SYNC_TRUTH,sequence=7777,truth_tick_us=lu,mechanical_angle_rad=0.000000000,valid=3758096384,read_failures=1075357959"
dengfoc,753,307908042153700,2.999547600,"SYNC_TRUTH,sequence=7778,truth_tick_us=lu,mechanical_angle_rad=0.000000000,valid=3758096384,read_failures=1075357959"
dengfoc,754,307908046055600,3.003449500,"SYNC_TRUTH,sequence=7779,truth_tick_us=lu,mechanical_angle_rad=0.000000000,valid=3758096384,read_failures=1075357959"
