source,raw_line
dengfoc,"th_tick_us=1323199648,mechanical_angle_rad=6.165069103,valid=1,read_failures=0"
dengfoc,"SYNC_TRUTH,sequence=660817,truth_tick_us=1323201648,mechanical_angle_rad=6.165069103,valid=1,read_failures=0"
dengfoc,"SYNC_TRUTH,sequence=660818,truth_tick_us=1323203648,mechanical_angle_rad=6.165069103,valid=1,read_failures=0"
dengfoc,"SYNC_TRUTH,sequence=660819,truth_tick_us=1323205648,mechanical_angle_rad=6.165069103,valid=1,read_failures=0"
dengfoc,"SYNC_TRUTH,sequence=660820,truth_tick_us=1323207648,mechanical_angle_rad=6.165069103,valid=1,read_failures=0"
dengfoc,"SYNC_TRUTH,sequence=660821,truth_tick_us=1323209648,mechanical_angle_rad=6.165069103,valid=1,read_failures=0"
dengfoc,"SYNC_TRUTH,sequence=660822,truth_tick_us=1323211648,mechanical_angle_rad=6.165069103,valid=1,read_failures=0"
dengfoc,"SYNC_TRUTH,sequence=660823,truth_tick_us=1323213648,mechanical_angle_rad=6.165069103,valid=1,read_failures=0"
dengfoc,"SYNC_TRUTH,sequence=660824,truth_tick_us=1323215648,mechanical_angle_rad=6.165069103,valid=1,read_failures=0"
dengfoc,"SYNC_TRUTH,sequence=660825,truth_tick_us=1323217648,mechanical_angle_rad=6.165069103,valid=1,read_failures=0"
dengfoc,"SYNC_TRUTH,sequence=660826,truth_tick_us=1323219648,mechanical_angle_rad=6.165069103,valid=1,read_failures=0"
dengfoc,"SYNC_TRUTH,sequence=660827,truth_tick_us=1323221648,mechanical_angle_rad=6.165069103,valid=1,read_failures=0"
dengfoc,"SYNC_TRUTH,sequence=660828,truth_tick_us=1323223648,mechanical_angle_rad=6.165069103,valid=1,read_failures=0"
dengfoc,"SYNC_TRUTH,sequence=660829,truth_tick_us=1323225648,mechanical_angle_rad=6.165069103,valid=1,read_failures=0"
dengfoc,"SYNC_TRUTH,sequence=660830,truth_tick_us=1323227648,mechanical_angle_rad=6.165069103,valid=1,read_failures=0"
dengfoc,"SYNC_TRUTH,sequence=660831,truth_tick_us=1323229648,mechanical_angle_rad=6.165069103,valid=1,read_failures=0"
dengfoc,"SYNC_TRUTH,sequence=660832,truth_tick_us=1323231648,mechanical_angle_rad=6.165069103,valid=1,read_failures=0"
dengfoc,"SYNC_TRUTH,sequence=660833,truth_tick_us=1323233648,mechanical_angle_rad=6.165069103,valid=1,read_failures=0"
dengfoc,"SYNC_TRUTH,sequence=660834,truth_tick_us=1323235648,mechanical_angle_rad=6.165069103,valid=1,read_failures=0"
dengfoc,"SYNC_TRUTH,sequence=660835,truth_tick_us=1323237648,mechanical_angle_rad=6.165069103,valid=1,read_failures=0"
dengfoc,"SYNC_TRUTH,sequence=660836,truth_tick_us=1323239648,mechanical_angle_rad=6.165069103,valid=1,read_failures=0"
dengfoc,"SYNC_TRUTH,sequence=660837,truth_tick_us=1323241648,mechanical_angle_rad=6.165069103,valid=1,read_failures=0"
dengfoc,"SYNC_TRUTH,sequence=660838,truth_tick_us=1323243648,mechanical_angle_rad=6.165069103,valid=1,read_failures=0"
dengfoc,"SYNC_TRUTH,sequence=660839,truth_tick_us=1323245648,mechanical_angle_rad=6.165069103,valid=1,read_failures=0"
dengfoc,"SYNC_TRUTH,sequence=660840,truth_tick_us=1323247648,mechanical_angle_rad=6.165069103,valid=1,read_failures=0"
dengfoc,"SYNC_TRUTH,sequence=660841,truth_tick_us=1323249648,mechanical_angle_rad=6.165069103,valid=1,read_failures=0"
dengfoc,"SYNC_TRUTH,sequence=660842,truth_tick_us=1323251648,mechanical_angle_rad=6.165069103,valid=1,read_failures=0"
dengfoc,"SYNC_TRUTH,sequence=660843,truth_tick_us=1323253648,mechanical_angle_rad=6.165069103,valid=1,read_failures=0"
dengfoc,"SYNC_TRUTH,sequence=660844,truth_tick_us=1323255648,mechanical_angle_rad=6.165069103,valid=1,read_failures=0"
dengfoc,"SYNC_TRUTH,sequence=660845,truth_tick_us=1323257648,mechanical_angle_rad=6.165069103,valid=1,read_failures=0"
dengfoc,"SYNC_TRUTH,sequence=660846,truth_tick_us=1323259648,mechanical_angle_rad=6.165069103,valid=1,read_failures=0"
dengfoc,"SYNC_TRUTH,sequence=660847,truth_tick_us=1323261648,mechanical_angle_rad=6.165069103,valid=1,read_failures=0"
dengfoc,"SYNC_TRUTH,sequence=660848,truth_tick_us=1323263648,mechanical_angle_rad=6.165069103,valid=1,read_failures=0"
dengfoc,"SYNC_TRUTH,sequence=660849,truth_tick_us=1323265648,mechanical_angle_rad=6.165069103,valid=1,read_failures=0"
dengfoc,"SYNC_TRUTH,sequence=660850,truth_tick_us=1323267648,mechanical_angle_rad=6.165069103,valid=1,read_failures=0"
dengfoc,"SYNC_TRUTH,sequence=660851,truth_tick_us=1323269648,mechanical_angle_rad=6.165069103,valid=1,read_failures=0"
dengfoc,"SYNC_TRUTH,sequence=660852,truth_tick_us=1323271648,mechanical_angle_rad=6.165069103,valid=1,read_failures=0"
dengfoc,"SYNC_TRUTH,sequence=660853,truth_tick_us=1323273648,mechanical_angle_rad=6.165069103,valid=1,read_failures=0"
dengfoc,"SYNC_TRUTH,sequence=660854,truth_tick_us=1323275648,mechanical_angle_rad=6.165069103,valid=1,read_failures=0"
dengfoc,"SYNC_TRUTH,sequence=660855,truth_tick_us=1323277648,mechanical_angle_rad=6.165069103,valid=1,read_failures=0"
dengfoc,"SYNC_TRUTH,sequence=660856,truth_tick_us=1323279648,mechanical_angle_rad=6.165069103,valid=1,read_failures=0"
dengfoc,"SYNC_TRUTH,sequence=660857,truth_tick_us=1323281648,mechanical_angle_rad=6.165069103,valid=1,read_failures=0"
dengfoc,"SYNC_TRUTH,sequence=660858,truth_tick_us=1323283648,mechanical_angle_rad=6.165069103,valid=1,read_failures=0"
dengfoc,"SYNC_TRUTH,sequence=660859,truth_tick_us=1323285648,mechanical_angle_rad=6.165069103,valid=1,read_failures=0"
dengfoc,"SYNC_TRUTH,sequence=660860,truth_tick_us=1323287648,mechanical_angle_rad=6.165069103,valid=1,read_failures=0"
dengfoc,"SYNC_TRUTH,sequence=660861,truth_tick_us=1323289648,mechanical_angle_rad=6.165069103,valid=1,read_failures=0"
dengfoc,"SYNC_TRUTH,sequence=660862,truth_tick_us=1323291648,mechanical_angle_rad=6.165069103,valid=1,read_failures=0"
dengfoc,"SYNC_TRUTH,sequence=660863,truth_tick_us=1323293648,mechanical_angle_rad=6.165069103,valid=1,read_failures=0"
dengfoc,"SYNC_TRUTH,sequence=660864,truth_tick_us=1323295648,mechanical_angle_rad=6.165069103,valid=1,read_failures=0"
dengfoc,"SYNC_TRUTH,sequence=660865,truth_tick_us=1323297648,mechanical_angle_rad=6.165069103,valid=1,read_failures=0"
dengfoc,"SYNC_TRUTH,sequence=660866,truth_tick_us=1323299648,mechanical_angle_rad=6.165069103,valid=1,read_failures=0"
dengfoc,"SYNC_TRUTH,sequence=660867,truth_tick_us=1323301648,mechanical_angle_rad=6.165069103,valid=1,read_failures=0"
dengfoc,"SYNC_TRUTH,sequence=660868,truth_tick_us=1323303648,mechanical_angle_rad=6.165069103,valid=1,read_failures=0"
dengfoc,"SYNC_TRUTH,sequence=660869,truth_tick_us=1323305648,mechanical_angle_rad=6.165069103,valid=1,read_failures=0"
dengfoc,"SYNC_TRUTH,sequence=660870,truth_tick_us=1323307648,mechanical_angle_rad=6.165069103,valid=1,read_failures=0"
dengfoc,"SYNC_TRUTH,sequence=660871,truth_tick_us=1323309648,mechanical_angle_rad=6.165069103,valid=1,read_failures=0"
dengfoc,"SYNC_TRUTH,sequence=660872,truth_tick_us=1323311648,mechanical_angle_rad=6.165069103,valid=1,read_failures=0"
dengfoc,"SYNC_TRUTH,sequence=660873,truth_tick_us=1323313648,mechanical_angle_rad=6.165069103,valid=1,read_failures=0"
dengfoc,"SYNC_TRUTH,sequence=660874,truth_tick_us=1323315648,mechanical_angle_rad=6.165069103,valid=1,read_failures=0"
dengfoc,"SYNC_TRUTH,sequence=660875,truth_tick_us=1323317648,mechanical_angle_rad=6.165069103,valid=1,read_failures=0"
dengfoc,"SYNC_TRUTH,sequence=660876,truth_tick_us=1323319648,mechanical_angle_rad=6.165069103,valid=1,read_failures=0"
dengfoc,"SYNC_STATUS,frames=1,frame_fail=31,truth=660876,truth_fail=0,idle=1,capture_state=3,capture_failure=2,rejected=1,overflow=0,sync_level=1,driver_disabled=1"
dengfoc,"SYNC_TRUTH,sequence=660877,truth_tick_us=1323322648,mechanical_angle_rad=6.165069103,valid=1,read_failures=0"
dengfoc,"SYNC_TRUTH,sequence=660878,truth_tick_us=1323324648,mechanical_angle_rad=6.165069103,valid=1,read_failures=0"
dengfoc,"SYNC_TRUTH,sequence=660879,truth_tick_us=1323326648,mechanical_angle_rad=6.165069103,valid=1,read_failures=0"
dengfoc,"SYNC_TRUTH,sequence=660880,truth_tick_us=1323328648,mechanical_angle_rad=6.165069103,valid=1,read_failures=0"
dengfoc,"SYNC_TRUTH,sequence=660881,truth_tick_us=1323330648,mechanical_angle_rad=6.165069103,valid=1,read_failures=0"
dengfoc,"SYNC_TRUTH,sequence=660882,truth_tick_us=1323332648,mechanical_angle_rad=6.165069103,valid=1,read_failures=0"
dengfoc,"SYNC_TRUTH,sequence=660883,truth_tick_us=1323334648,mechanical_angle_rad=6.165069103,valid=1,read_failures=0"
dengfoc,"SYNC_TRUTH,sequence=660884,truth_tick_us=1323336648,mechanical_angle_rad=6.165069103,valid=1,read_failures=0"
dengfoc,"SYNC_TRUTH,sequence=660885,truth_tick_us=1323338648,mechanical_angle_rad=6.165069103,valid=1,read_failures=0"
dengfoc,"SYNC_TRUTH,sequence=660886,truth_tick_us=1323340648,mechanical_angle_rad=6.165069103,valid=1,read_failures=0"
dengfoc,"SYNC_TRUTH,sequence=660887,truth_tick_us=1323342648,mechanical_angle_rad=6.165069103,valid=1,read_failures=0"
dengfoc,"SYNC_TRUTH,sequence=660888,truth_tick_us=1323344648,mechanical_angle_rad=6.165069103,valid=1,read_failures=0"
dengfoc,"SYNC_TRUTH,sequence=660889,truth_tick_us=1323346648,mechanical_angle_rad=6.165069103,valid=1,read_failures=0"
dengfoc,"SYNC_TRUTH,sequence=660890,truth_tick_us=1323348648,mechanical_angle_rad=6.165069103,valid=1,read_failures=0"
dengfoc,"SYNC_TRUTH,sequence=660891,truth_tick_us=1323350648,mechanical_angle_rad=6.165069103,valid=1,read_failures=0"
dengfoc,"SYNC_TRUTH,sequence=660892,truth_tick_us=1323352648,mechanical_angle_rad=6.165069103,valid=1,read_failures=0"
dengfoc,"SYNC_TRUTH,sequence=660893,truth_tick_us=1323354648,mechanical_angle_rad=6.165069103,valid=1,read_failures=0"
dengfoc,"SYNC_TRUTH,sequence=660894,truth_tick_us=1323356648,mechanical_angle_rad=6.165069103,valid=1,read_failures=0"
dengfoc,"SYNC_TRUTH,sequence=660895,truth_tick_us=1323358648,mechanical_angle_rad=6.165069103,valid=1,read_failures=0"
dengfoc,"SYNC_TRUTH,sequence=660896,truth_tick_us=1323360648,mechanical_angle_rad=6.165069103,valid=1,read_failures=0"
dengfoc,"SYNC_TRUTH,sequence=660897,truth_tick_us=1323362648,mechanical_angle_rad=6.165069103,valid=1,read_failures=0"
dengfoc,"SYNC_TRUTH,sequence=660898,truth_tick_us=1323364648,mechanical_angle_rad=6.165069103,valid=1,read_failures=0"
dengfoc,"SYNC_TRUTH,sequence=660899,truth_tick_us=1323366648,mechanical_angle_rad=6.165069103,valid=1,read_failures=0"
dengfoc,"SYNC_TRUTH,sequence=660900,truth_tick_us=1323368648,mechanical_angle_rad=6.165069103,valid=1,read_failures=0"
dengfoc,"SYNC_TRUTH,sequence=660901,truth_tick_us=1323370648,mechanical_angle_rad=6.165069103,valid=1,read_failures=0"
dengfoc,"SYNC_TRUTH,sequence=660902,truth_tick_us=1323372648,mechanical_angle_rad=6.165069103,valid=1,read_failures=0"
dengfoc,"SYNC_TRUTH,sequence=660903,truth_tick_us=1323374648,mechanical_angle_rad=6.165069103,valid=1,read_failures=0"
dengfoc,"SYNC_TRUTH,sequence=660904,truth_tick_us=1323376648,mechanical_angle_rad=6.165069103,valid=1,read_failures=0"
dengfoc,"SYNC_TRUTH,sequence=660905,truth_tick_us=1323378648,mechanical_angle_rad=6.165069103,valid=1,read_failures=0"
dengfoc,"SYNC_TRUTH,sequence=660906,truth_tick_us=1323380648,mechanical_angle_rad=6.165069103,valid=1,read_failures=0"
dengfoc,"SYNC_TRUTH,sequence=660907,truth_tick_us=1323382648,mechanical_angle_rad=6.165069103,valid=1,read_failures=0"
dengfoc,"SYNC_TRUTH,sequence=660908,truth_tick_us=1323384648,mechanical_angle_rad=6.165069103,valid=1,read_failures=0"
dengfoc,"SYNC_TRUTH,sequence=660909,truth_tick_us=1323386648,mechanical_angle_rad=6.165069103,valid=1,read_failures=0"
dengfoc,"SYNC_TRUTH,sequence=660910,truth_tick_us=1323388648,mechanical_angle_rad=6.165069103,valid=1,read_failures=0"
dengfoc,"SYNC_TRUTH,sequence=660911,truth_tick_us=1323390648,mechanical_angle_rad=6.165069103,valid=1,read_failures=0"
dengfoc,"SYNC_TRUTH,sequence=660912,truth_tick_us=1323392648,mechanical_angle_rad=6.165069103,valid=1,read_failures=0"
dengfoc,"SYNC_TRUTH,sequence=660913,truth_tick_us=1323394648,mechanical_angle_rad=6.165069103,valid=1,read_failures=0"
dengfoc,"SYNC_TRUTH,sequence=660914,truth_tick_us=1323396648,mechanical_angle_rad=6.165069103,valid=1,read_failures=0"
dengfoc,"SYNC_TRUTH,sequence=660915,truth_tick_us=1323398648,mechanical_angle_rad=6.165069103,valid=1,read_failures=0"
dengfoc,"SYNC_TRUTH,sequence=660916,truth_tick_us=1323400648,mechanical_angle_rad=6.165069103,valid=1,read_failures=0"
dengfoc,"SYNC_TRUTH,sequence=660917,truth_tick_us=1323402648,mechanical_angle_rad=6.165069103,valid=1,read_failures=0"
dengfoc,"SYNC_TRUTH,sequence=660918,truth_tick_us=1323404648,mechanical_angle_rad=6.165069103,valid=1,read_failures=0"
dengfoc,"SYNC_TRUTH,sequence=660919,truth_tick_us=1323406648,mechanical_angle_rad=6.165069103,valid=1,read_failures=0"
dengfoc,"SYNC_TRUTH,sequence=660920,truth_tick_us=1323408648,mechanical_angle_rad=6.165069103,valid=1,read_failures=0"
dengfoc,"SYNC_TRUTH,sequence=660921,truth_tick_us=1323410648,mechanical_angle_rad=6.165069103,valid=1,read_failures=0"
dengfoc,"SYNC_TRUTH,sequence=660922,truth_tick_us=1323412648,mechanical_angle_rad=6.165069103,valid=1,read_failures=0"
dengfoc,"SYNC_TRUTH,sequence=660923,truth_tick_us=1323414648,mechanical_angle_rad=6.165069103,valid=1,read_failures=0"
dengfoc,"SYNC_TRUTH,sequence=660924,truth_tick_us=1323416648,mechanical_angle_rad=6.165069103,valid=1,read_failures=0"
dengfoc,"SYNC_TRUTH,sequence=660925,truth_tick_us=1323418648,mechanical_angle_rad=6.165069103,valid=1,read_failures=0"
dengfoc,"SYNC_TRUTH,sequence=660926,truth_tick_us=1323420648,mechanical_angle_rad=6.165069103,valid=1,read_failures=0"
dengfoc,"SYNC_TRUTH,sequence=660927,truth_tick_us=1323422648,mechanical_angle_rad=6.165069103,valid=1,read_failures=0"
dengfoc,"SYNC_TRUTH,sequence=660928,truth_tick_us=1323424648,mechanical_angle_rad=6.165069103,valid=1,read_failures=0"
dengfoc,"SYNC_TRUTH,sequence=660929,truth_tick_us=1323426648,mechanical_angle_rad=6.165069103,valid=1,read_failures=0"
dengfoc,"SYNC_TRUTH,sequence=660930,truth_tick_us=1323428648,mechanical_angle_rad=6.165069103,valid=1,read_failures=0"
dengfoc,"SYNC_TRUTH,sequence=660931,truth_tick_us=1323430648,mechanical_angle_rad=6.165069103,valid=1,read_failures=0"
dengfoc,"SYNC_TRUTH,sequence=660932,truth_tick_us=1323432648,mechanical_angle_rad=6.165069103,valid=1,read_failures=0"
dengfoc,"SYNC_TRUTH,sequence=660933,truth_tick_us=1323434648,mechanical_angle_rad=6.165069103,valid=1,read_failures=0"
dengfoc,"SYNC_TRUTH,sequence=660934,truth_tick_us=1323436648,mechanical_angle_rad=6.165069103,valid=1,read_failures=0"
dengfoc,"SYNC_TRUTH,sequence=660935,truth_tick_us=1323438648,mechanical_angle_rad=6.165069103,valid=1,read_failures=0"
dengfoc,"SYNC_TRUTH,sequence=660936,truth_tick_us=1323440648,mechanical_angle_rad=6.165069103,valid=1,read_failures=0"
dengfoc,"SYNC_TRUTH,sequence=660937,truth_tick_us=1323442648,mechanical_angle_rad=6.165069103,valid=1,read_failures=0"
dengfoc,"SYNC_TRUTH,sequence=660938,truth_tick_us=1323444648,mechanical_angle_rad=6.165069103,valid=1,read_failures=0"
dengfoc,"SYNC_TRUTH,sequence=660939,truth_tick_us=1323446648,mechanical_angle_rad=6.165069103,valid=1,read_failures=0"
dengfoc,"SYNC_TRUTH,sequence=660940,truth_tick_us=1323448648,mechanical_angle_rad=6.165069103,valid=1,read_failures=0"
dengfoc,"SYNC_TRUTH,sequence=660941,truth_tick_us=1323450648,mechanical_angle_rad=6.165069103,valid=1,read_failures=0"
dengfoc,"SYNC_TRUTH,sequence=660942,truth_tick_us=1323452648,mechanical_angle_rad=6.165069103,valid=1,read_failures=0"
dengfoc,"SYNC_TRUTH,sequence=660943,truth_tick_us=1323454648,mechanical_angle_rad=6.165069103,valid=1,read_failures=0"
dengfoc,"SYNC_TRUTH,sequence=660944,truth_tick_us=1323456648,mechanical_angle_rad=6.165069103,valid=1,read_failures=0"
dengfoc,"SYNC_TRUTH,sequence=660945,truth_tick_us=1323458648,mechanical_angle_rad=6.165069103,valid=1,read_failures=0"
dengfoc,"SYNC_TRUTH,sequence=660946,truth_tick_us=1323460648,mechanical_angle_rad=6.165069103,valid=1,read_failures=0"
dengfoc,"SYNC_TRUTH,sequence=660947,truth_tick_us=1323462648,mechanical_angle_rad=6.165069103,valid=1,read_failures=0"
dengfoc,"SYNC_TRUTH,sequence=660948,truth_tick_us=1323464648,mechanical_angle_rad=6.165069103,valid=1,read_failures=0"
dengfoc,"SYNC_TRUTH,sequence=660949,truth_tick_us=1323466648,mechanical_angle_rad=6.165069103,valid=1,read_failures=0"
dengfoc,"SYNC_TRUTH,sequence=660950,truth_tick_us=1323468648,mechanical_angle_rad=6.165069103,valid=1,read_failures=0"
dengfoc,"SYNC_TRUTH,sequence=660951,truth_tick_us=1323470648,mechanical_angle_rad=6.165069103,valid=1,read_failures=0"
dengfoc,"SYNC_TRUTH,sequence=660952,truth_tick_us=1323472648,mechanical_angle_rad=6.165069103,valid=1,read_failures=0"
dengfoc,"SYNC_TRUTH,sequence=660953,truth_tick_us=1323474648,mechanical_angle_rad=6.165069103,valid=1,read_failures=0"
dengfoc,"SYNC_TRUTH,sequence=660954,truth_tick_us=1323476648,mechanical_angle_rad=6.165069103,valid=1,read_failures=0"
dengfoc,"SYNC_TRUTH,sequence=660955,truth_tick_us=1323478648,mechanical_angle_rad=6.165069103,valid=1,read_failures=0"
dengfoc,"SYNC_TRUTH,sequence=660956,truth_tick_us=1323480648,mechanical_angle_rad=6.165069103,valid=1,read_failures=0"
dengfoc,"SYNC_TRUTH,sequence=660957,truth_tick_us=1323482648,mechanical_angle_rad=6.165069103,valid=1,read_failures=0"
dengfoc,"SYNC_TRUTH,sequence=660958,truth_tick_us=1323484648,mechanical_angle_rad=6.165069103,valid=1,read_failures=0"
dengfoc,"SYNC_TRUTH,sequence=660959,truth_tick_us=1323486648,mechanical_angle_rad=6.165069103,valid=1,read_failures=0"
dengfoc,"SYNC_TRUTH,sequence=660960,truth_tick_us=1323488648,mechanical_angle_rad=6.165069103,valid=1,read_failures=0"
dengfoc,"SYNC_TRUTH,sequence=660961,truth_tick_us=1323490648,mechanical_angle_rad=6.165069103,valid=1,read_failures=0"
dengfoc,"SYNC_TRUTH,sequence=660962,truth_tick_us=1323492648,mechanical_angle_rad=6.165069103,valid=1,read_failures=0"
dengfoc,"SYNC_TRUTH,sequence=660963,truth_tick_us=1323494648,mechanical_angle_rad=6.165069103,valid=1,read_failures=0"
dengfoc,"SYNC_TRUTH,sequence=660964,truth_tick_us=1323496648,mechanical_angle_rad=6.165069103,valid=1,read_failures=0"
dengfoc,"SYNC_TRUTH,sequence=660965,truth_tick_us=1323498648,mechanical_angle_rad=6.165069103,valid=1,read_failures=0"
dengfoc,"SYNC_TRUTH,sequence=660966,truth_tick_us=1323500648,mechanical_angle_rad=6.165069103,valid=1,read_failures=0"
dengfoc,"SYNC_TRUTH,sequence=660967,truth_tick_us=1323502648,mechanical_angle_rad=6.165069103,valid=1,read_failures=0"
dengfoc,"SYNC_TRUTH,sequence=660968,truth_tick_us=1323504648,mechanical_angle_rad=6.165069103,valid=1,read_failures=0"
dengfoc,"SYNC_TRUTH,sequence=660969,truth_tick_us=1323506648,mechanical_angle_rad=6.165069103,valid=1,read_failures=0"
dengfoc,"SYNC_TRUTH,sequence=660970,truth_tick_us=1323508648,mechanical_angle_rad=6.165069103,valid=1,read_failures=0"
dengfoc,"SYNC_TRUTH,sequence=660971,truth_tick_us=1323510648,mechanical_angle_rad=6.165069103,valid=1,read_failures=0"
dengfoc,"SYNC_TRUTH,sequence=660972,truth_tick_us=1323512648,mechanical_angle_rad=6.165069103,valid=1,read_failures=0"
dengfoc,"SYNC_TRUTH,sequence=660973,truth_tick_us=1323514648,mechanical_angle_rad=6.165069103,valid=1,read_failures=0"
dengfoc,"SYNC_TRUTH,sequence=660974,truth_tick_us=1323516648,mechanical_angle_rad=6.165069103,valid=1,read_failures=0"
dengfoc,"SYNC_TRUTH,sequence=660975,truth_tick_us=1323518648,mechanical_angle_rad=6.165069103,valid=1,read_failures=0"
dengfoc,"SYNC_TRUTH,sequence=660976,truth_tick_us=1323520648,mechanical_angle_rad=6.165069103,valid=1,read_failures=0"
dengfoc,"SYNC_TRUTH,sequence=660977,truth_tick_us=1323522648,mechanical_angle_rad=6.165069103,valid=1,read_failures=0"
dengfoc,"SYNC_TRUTH,sequence=660978,truth_tick_us=1323524648,mechanical_angle_rad=6.165069103,valid=1,read_failures=0"
dengfoc,"SYNC_TRUTH,sequence=660979,truth_tick_us=1323526648,mechanical_angle_rad=6.165069103,valid=1,read_failures=0"
dengfoc,"SYNC_TRUTH,sequence=660980,truth_tick_us=1323528648,mechanical_angle_rad=6.165069103,valid=1,read_failures=0"
dengfoc,"SYNC_TRUTH,sequence=660981,truth_tick_us=1323530648,mechanical_angle_rad=6.165069103,valid=1,read_failures=0"
dengfoc,"SYNC_TRUTH,sequence=660982,truth_tick_us=1323532648,mechanical_angle_rad=6.165069103,valid=1,read_failures=0"
dengfoc,"SYNC_TRUTH,sequence=660983,truth_tick_us=1323534648,mechanical_angle_rad=6.165069103,valid=1,read_failures=0"
dengfoc,"SYNC_TRUTH,sequence=660984,truth_tick_us=1323536648,mechanical_angle_rad=6.165069103,valid=1,read_failures=0"
dengfoc,"SYNC_TRUTH,sequence=660985,truth_tick_us=1323538648,mechanical_angle_rad=6.165069103,valid=1,read_failures=0"
dengfoc,"SYNC_TRUTH,sequence=660986,truth_tick_us=1323540648,mechanical_angle_rad=6.165069103,valid=1,read_failures=0"
dengfoc,"SYNC_TRUTH,sequence=660987,truth_tick_us=1323542648,mechanical_angle_rad=6.165069103,valid=1,read_failures=0"
dengfoc,"SYNC_TRUTH,sequence=660988,truth_tick_us=1323544648,mechanical_angle_rad=6.165069103,valid=1,read_failures=0"
dengfoc,"SYNC_TRUTH,sequence=660989,truth_tick_us=1323546648,mechanical_angle_rad=6.165069103,valid=1,read_failures=0"
dengfoc,"SYNC_TRUTH,sequence=660990,truth_tick_us=1323548648,mechanical_angle_rad=6.165069103,valid=1,read_failures=0"
dengfoc,"SYNC_TRUTH,sequence=660991,truth_tick_us=1323550648,mechanical_angle_rad=6.165069103,valid=1,read_failures=0"
dengfoc,"SYNC_TRUTH,sequence=660992,truth_tick_us=1323552648,mechanical_angle_rad=6.165069103,valid=1,read_failures=0"
dengfoc,"SYNC_TRUTH,sequence=660993,truth_tick_us=1323554648,mechanical_angle_rad=6.165069103,valid=1,read_failures=0"
dengfoc,"SYNC_TRUTH,sequence=660994,truth_tick_us=1323556648,mechanical_angle_rad=6.165069103,valid=1,read_failures=0"
dengfoc,"SYNC_TRUTH,sequence=660995,truth_tick_us=1323558648,mechanical_angle_rad=6.165069103,valid=1,read_failures=0"
dengfoc,"SYNC_TRUTH,sequence=660996,truth_tick_us=1323560648,mechanical_angle_rad=6.165069103,valid=1,read_failures=0"
dengfoc,"SYNC_TRUTH,sequence=660997,truth_tick_us=1323562648,mechanical_angle_rad=6.165069103,valid=1,read_failures=0"
dengfoc,"SYNC_TRUTH,sequence=660998,truth_tick_us=1323564648,mechanical_angle_rad=6.165069103,valid=1,read_failures=0"
dengfoc,"SYNC_TRUTH,sequence=660999,truth_tick_us=1323566648,mechanical_angle_rad=6.165069103,valid=1,read_failures=0"
dengfoc,"SYNC_TRUTH,sequence=661000,truth_tick_us=1323568648,mechanical_angle_rad=6.165069103,valid=1,read_failures=0"
dengfoc,"SYNC_TRUTH,sequence=661001,truth_tick_us=1323570648,mechanical_angle_rad=6.165069103,valid=1,read_failures=0"
dengfoc,"SYNC_TRUTH,sequence=661002,truth_tick_us=1323572648,mechanical_angle_rad=6.165069103,valid=1,read_failures=0"
dengfoc,"SYNC_TRUTH,sequence=661003,truth_tick_us=1323574648,mechanical_angle_rad=6.165069103,valid=1,read_failures=0"
dengfoc,"SYNC_TRUTH,sequence=661004,truth_tick_us=1323576648,mechanical_angle_rad=6.165069103,valid=1,read_failures=0"
dengfoc,"SYNC_TRUTH,sequence=661005,truth_tick_us=1323578648,mechanical_angle_rad=6.165069103,valid=1,read_failures=0"
dengfoc,"SYNC_TRUTH,sequence=661006,truth_tick_us=1323580648,mechanical_angle_rad=6.165069103,valid=1,read_failures=0"
dengfoc,"SYNC_TRUTH,sequence=661007,truth_tick_us=1323582648,mechanical_angle_rad=6.165069103,valid=1,read_failures=0"
dengfoc,"SYNC_TRUTH,sequence=661008,truth_tick_us=1323584648,mechanical_angle_rad=6.165069103,valid=1,read_failures=0"
dengfoc,"SYNC_TRUTH,sequence=661009,truth_tick_us=1323586648,mechanical_angle_rad=6.165069103,valid=1,read_failures=0"
dengfoc,"SYNC_TRUTH,sequence=661010,truth_tick_us=1323588648,mechanical_angle_rad=6.165069103,valid=1,read_failures=0"
dengfoc,"SYNC_TRUTH,sequence=661011,truth_tick_us=1323590648,mechanical_angle_rad=6.165069103,valid=1,read_failures=0"
dengfoc,"SYNC_TRUTH,sequence=661012,truth_tick_us=1323592648,mechanical_angle_rad=6.165069103,valid=1,read_failures=0"
dengfoc,"SYNC_TRUTH,sequence=661013,truth_tick_us=1323594648,mechanical_angle_rad=6.165069103,valid=1,read_failures=0"
dengfoc,"SYNC_TRUTH,sequence=661014,truth_tick_us=1323596648,mechanical_angle_rad=6.165069103,valid=1,read_failures=0"
dengfoc,"SYNC_TRUTH,sequence=661015,truth_tick_us=1323598648,mechanical_angle_rad=6.165069103,valid=1,read_failures=0"
dengfoc,"SYNC_TRUTH,sequence=661016,truth_tick_us=1323600648,mechanical_angle_rad=6.165069103,valid=1,read_failures=0"
dengfoc,"SYNC_TRUTH,sequence=661017,truth_tick_us=1323602648,mechanical_angle_rad=6.165069103,valid=1,read_failures=0"
dengfoc,"SYNC_TRUTH,sequence=661018,truth_tick_us=1323604648,mechanical_angle_rad=6.165069103,valid=1,read_failures=0"
dengfoc,"SYNC_TRUTH,sequence=661019,truth_tick_us=1323606648,mechanical_angle_rad=6.165069103,valid=1,read_failures=0"
dengfoc,"SYNC_TRUTH,sequence=661020,truth_tick_us=1323608648,mechanical_angle_rad=6.165069103,valid=1,read_failures=0"
dengfoc,"SYNC_TRUTH,sequence=661021,truth_tick_us=1323610648,mechanical_angle_rad=6.165069103,valid=1,read_failures=0"
dengfoc,"SYNC_TRUTH,sequence=661022,truth_tick_us=1323612648,mechanical_angle_rad=6.165069103,valid=1,read_failures=0"
dengfoc,"SYNC_TRUTH,sequence=661023,truth_tick_us=1323614648,mechanical_angle_rad=6.165069103,valid=1,read_failures=0"
dengfoc,"SYNC_TRUTH,sequence=661024,truth_tick_us=1323616648,mechanical_angle_rad=6.165069103,valid=1,read_failures=0"
dengfoc,"SYNC_TRUTH,sequence=661025,truth_tick_us=1323618648,mechanical_angle_rad=6.165069103,valid=1,read_failures=0"
dengfoc,"SYNC_TRUTH,sequence=661026,truth_tick_us=1323620648,mechanical_angle_rad=6.165069103,valid=1,read_failures=0"
dengfoc,"SYNC_TRUTH,sequence=661027,truth_tick_us=1323622648,mechanical_angle_rad=6.165069103,valid=1,read_failures=0"
dengfoc,"SYNC_TRUTH,sequence=661028,truth_tick_us=1323624648,mechanical_angle_rad=6.165069103,valid=1,read_failures=0"
dengfoc,"SYNC_TRUTH,sequence=661029,truth_tick_us=1323626648,mechanical_angle_rad=6.165069103,valid=1,read_failures=0"
dengfoc,"SYNC_TRUTH,sequence=661030,truth_tick_us=1323628648,mechanical_angle_rad=6.165069103,valid=1,read_failures=0"
dengfoc,"SYNC_TRUTH,sequence=661031,truth_tick_us=1323630648,mechanical_angle_rad=6.165069103,valid=1,read_failures=0"
dengfoc,"SYNC_TRUTH,sequence=661032,truth_tick_us=1323632648,mechanical_angle_rad=6.165069103,valid=1,read_failures=0"
dengfoc,"SYNC_TRUTH,sequence=661033,truth_tick_us=1323634648,mechanical_angle_rad=6.165069103,valid=1,read_failures=0"
dengfoc,"SYNC_TRUTH,sequence=661034,truth_tick_us=1323636648,mechanical_angle_rad=6.165069103,valid=1,read_failures=0"
dengfoc,"SYNC_TRUTH,sequence=661035,truth_tick_us=1323638648,mechanical_angle_rad=6.165069103,valid=1,read_failures=0"
dengfoc,"SYNC_TRUTH,sequence=661036,truth_tick_us=1323640648,mechanical_angle_rad=6.165069103,valid=1,read_failures=0"
dengfoc,"SYNC_TRUTH,sequence=661037,truth_tick_us=1323642648,mechanical_angle_rad=6.165069103,valid=1,read_failures=0"
dengfoc,"SYNC_TRUTH,sequence=661038,truth_tick_us=1323644648,mechanical_angle_rad=6.165069103,valid=1,read_failures=0"
dengfoc,"SYNC_TRUTH,sequence=661039,truth_tick_us=1323646648,mechanical_angle_rad=6.165069103,valid=1,read_failures=0"
dengfoc,"SYNC_TRUTH,sequence=661040,truth_tick_us=1323648648,mechanical_angle_rad=6.165069103,valid=1,read_failures=0"
dengfoc,"SYNC_TRUTH,sequence=661041,truth_tick_us=1323650648,mechanical_angle_rad=6.165069103,valid=1,read_failures=0"
dengfoc,"SYNC_TRUTH,sequence=661042,truth_tick_us=1323652648,mechanical_angle_rad=6.165069103,valid=1,read_failures=0"
dengfoc,"SYNC_TRUTH,sequence=661043,truth_tick_us=1323654648,mechanical_angle_rad=6.165069103,valid=1,read_failures=0"
dengfoc,"SYNC_TRUTH,sequence=661044,truth_tick_us=1323656648,mechanical_angle_rad=6.165069103,valid=1,read_failures=0"
dengfoc,"SYNC_TRUTH,sequence=661045,truth_tick_us=1323658648,mechanical_angle_rad=6.165069103,valid=1,read_failures=0"
dengfoc,"SYNC_TRUTH,sequence=661046,truth_tick_us=1323660648,mechanical_angle_rad=6.165069103,valid=1,read_failures=0"
dengfoc,"SYNC_TRUTH,sequence=661047,truth_tick_us=1323662648,mechanical_angle_rad=6.165069103,valid=1,read_failures=0"
dengfoc,"SYNC_TRUTH,sequence=661048,truth_tick_us=1323664648,mechanical_angle_rad=6.165069103,valid=1,read_failures=0"
dengfoc,"SYNC_TRUTH,sequence=661049,truth_tick_us=1323666648,mechanical_angle_rad=6.165069103,valid=1,read_failures=0"
dengfoc,"SYNC_TRUTH,sequence=661050,truth_tick_us=1323668648,mechanical_angle_rad=6.165069103,valid=1,read_failures=0"
dengfoc,"SYNC_TRUTH,sequence=661051,truth_tick_us=1323670648,mechanical_angle_rad=6.165069103,valid=1,read_failures=0"
dengfoc,"SYNC_TRUTH,sequence=661052,truth_tick_us=1323672648,mechanical_angle_rad=6.165069103,valid=1,read_failures=0"
dengfoc,"SYNC_TRUTH,sequence=661053,truth_tick_us=1323674648,mechanical_angle_rad=6.165069103,valid=1,read_failures=0"
dengfoc,"SYNC_TRUTH,sequence=661054,truth_tick_us=1323676648,mechanical_angle_rad=6.165069103,valid=1,read_failures=0"
dengfoc,"SYNC_TRUTH,sequence=661055,truth_tick_us=1323678648,mechanical_angle_rad=6.165069103,valid=1,read_failures=0"
dengfoc,"SYNC_TRUTH,sequence=661056,truth_tick_us=1323680648,mechanical_angle_rad=6.165069103,valid=1,read_failures=0"
dengfoc,"SYNC_TRUTH,sequence=661057,truth_tick_us=1323682648,mechanical_angle_rad=6.165069103,valid=1,read_failures=0"
dengfoc,"SYNC_TRUTH,sequence=661058,truth_tick_us=1323684648,mechanical_angle_rad=6.165069103,valid=1,read_failures=0"
dengfoc,"SYNC_TRUTH,sequence=661059,truth_tick_us=1323686648,mechanical_angle_rad=6.165069103,valid=1,read_failures=0"
dengfoc,"SYNC_TRUTH,sequence=661060,truth_tick_us=1323688648,mechanical_angle_rad=6.165069103,valid=1,read_failures=0"
dengfoc,"SYNC_TRUTH,sequence=661061,truth_tick_us=1323690648,mechanical_angle_rad=6.165069103,valid=1,read_failures=0"
dengfoc,"SYNC_TRUTH,sequence=661062,truth_tick_us=1323692648,mechanical_angle_rad=6.165069103,valid=1,read_failures=0"
dengfoc,"SYNC_TRUTH,sequence=661063,truth_tick_us=1323694648,mechanical_angle_rad=6.165069103,valid=1,read_failures=0"
dengfoc,"SYNC_TRUTH,sequence=661064,truth_tick_us=1323696648,mechanical_angle_rad=6.165069103,valid=1,read_failures=0"
dengfoc,"SYNC_TRUTH,sequence=661065,truth_tick_us=1323698648,mechanical_angle_rad=6.165069103,valid=1,read_failures=0"
dengfoc,"SYNC_TRUTH,sequence=661066,truth_tick_us=1323700648,mechanical_angle_rad=6.165069103,valid=1,read_failures=0"
dengfoc,"SYNC_TRUTH,sequence=661067,truth_tick_us=1323702648,mechanical_angle_rad=6.165069103,valid=1,read_failures=0"
dengfoc,"SYNC_TRUTH,sequence=661068,truth_tick_us=1323704648,mechanical_angle_rad=6.165069103,valid=1,read_failures=0"
dengfoc,"SYNC_TRUTH,sequence=661069,truth_tick_us=1323706648,mechanical_angle_rad=6.165069103,valid=1,read_failures=0"
dengfoc,"SYNC_TRUTH,sequence=661070,truth_tick_us=1323708648,mechanical_angle_rad=6.165069103,valid=1,read_failures=0"
dengfoc,"SYNC_TRUTH,sequence=661071,truth_tick_us=1323710648,mechanical_angle_rad=6.165069103,valid=1,read_failures=0"
dengfoc,"SYNC_TRUTH,sequence=661072,truth_tick_us=1323712648,mechanical_angle_rad=6.165069103,valid=1,read_failures=0"
dengfoc,"SYNC_TRUTH,sequence=661073,truth_tick_us=1323714648,mechanical_angle_rad=6.165069103,valid=1,read_failures=0"
dengfoc,"SYNC_TRUTH,sequence=661074,truth_tick_us=1323716648,mechanical_angle_rad=6.165069103,valid=1,read_failures=0"
dengfoc,"SYNC_TRUTH,sequence=661075,truth_tick_us=1323718648,mechanical_angle_rad=6.165069103,valid=1,read_failures=0"
dengfoc,"SYNC_TRUTH,sequence=661076,truth_tick_us=1323720648,mechanical_angle_rad=6.165069103,valid=1,read_failures=0"
dengfoc,"SYNC_TRUTH,sequence=661077,truth_tick_us=1323722648,mechanical_angle_rad=6.165069103,valid=1,read_failures=0"
dengfoc,"SYNC_TRUTH,sequence=661078,truth_tick_us=1323724648,mechanical_angle_rad=6.165069103,valid=1,read_failures=0"
dengfoc,"SYNC_TRUTH,sequence=661079,truth_tick_us=1323726648,mechanical_angle_rad=6.165069103,valid=1,read_failures=0"
dengfoc,"SYNC_TRUTH,sequence=661080,truth_tick_us=1323728648,mechanical_angle_rad=6.165069103,valid=1,read_failures=0"
dengfoc,"SYNC_TRUTH,sequence=661081,truth_tick_us=1323730648,mechanical_angle_rad=6.165069103,valid=1,read_failures=0"
dengfoc,"SYNC_TRUTH,sequence=661082,truth_tick_us=1323732648,mechanical_angle_rad=6.165069103,valid=1,read_failures=0"
dengfoc,"SYNC_TRUTH,sequence=661083,truth_tick_us=1323734648,mechanical_angle_rad=6.165069103,valid=1,read_failures=0"
dengfoc,"SYNC_TRUTH,sequence=661084,truth_tick_us=1323736648,mechanical_angle_rad=6.165069103,valid=1,read_failures=0"
dengfoc,"SYNC_TRUTH,sequence=661085,truth_tick_us=1323738648,mechanical_angle_rad=6.165069103,valid=1,read_failures=0"
dengfoc,"SYNC_TRUTH,sequence=661086,truth_tick_us=1323740648,mechanical_angle_rad=6.165069103,valid=1,read_failures=0"
dengfoc,"SYNC_TRUTH,sequence=661087,truth_tick_us=1323742648,mechanical_angle_rad=6.165069103,valid=1,read_failures=0"
dengfoc,"SYNC_TRUTH,sequence=661088,truth_tick_us=1323744648,mechanical_angle_rad=6.165069103,valid=1,read_failures=0"
dengfoc,"SYNC_TRUTH,sequence=661089,truth_tick_us=1323746648,mechanical_angle_rad=6.165069103,valid=1,read_failures=0"
dengfoc,"SYNC_TRUTH,sequence=661090,truth_tick_us=1323748648,mechanical_angle_rad=6.165069103,valid=1,read_failures=0"
dengfoc,"SYNC_TRUTH,sequence=661091,truth_tick_us=1323750648,mechanical_angle_rad=6.165069103,valid=1,read_failures=0"
dengfoc,"SYNC_TRUTH,sequence=661092,truth_tick_us=1323752648,mechanical_angle_rad=6.165069103,valid=1,read_failures=0"
dengfoc,"SYNC_TRUTH,sequence=661093,truth_tick_us=1323754648,mechanical_angle_rad=6.165069103,valid=1,read_failures=0"
dengfoc,"SYNC_TRUTH,sequence=661094,truth_tick_us=1323756648,mechanical_angle_rad=6.165069103,valid=1,read_failures=0"
dengfoc,"SYNC_TRUTH,sequence=661095,truth_tick_us=1323758648,mechanical_angle_rad=6.165069103,valid=1,read_failures=0"
dengfoc,"SYNC_TRUTH,sequence=661096,truth_tick_us=1323760648,mechanical_angle_rad=6.165069103,valid=1,read_failures=0"
dengfoc,"SYNC_TRUTH,sequence=661097,truth_tick_us=1323762648,mechanical_angle_rad=6.165069103,valid=1,read_failures=0"
dengfoc,"SYNC_TRUTH,sequence=661098,truth_tick_us=1323764648,mechanical_angle_rad=6.165069103,valid=1,read_failures=0"
dengfoc,"SYNC_TRUTH,sequence=661099,truth_tick_us=1323766648,mechanical_angle_rad=6.165069103,valid=1,read_failures=0"
dengfoc,"SYNC_TRUTH,sequence=661100,truth_tick_us=1323768648,mechanical_angle_rad=6.165069103,valid=1,read_failures=0"
dengfoc,"SYNC_TRUTH,sequence=661101,truth_tick_us=1323770648,mechanical_angle_rad=6.165069103,valid=1,read_failures=0"
dengfoc,"SYNC_TRUTH,sequence=661102,truth_tick_us=1323772648,mechanical_angle_rad=6.165069103,valid=1,read_failures=0"
dengfoc,"SYNC_TRUTH,sequence=661103,truth_tick_us=1323774648,mechanical_angle_rad=6.165069103,valid=1,read_failures=0"
dengfoc,"SYNC_TRUTH,sequence=661104,truth_tick_us=1323776648,mechanical_angle_rad=6.165069103,valid=1,read_failures=0"
dengfoc,"SYNC_TRUTH,sequence=661105,truth_tick_us=1323778648,mechanical_angle_rad=6.165069103,valid=1,read_failures=0"
dengfoc,"SYNC_TRUTH,sequence=661106,truth_tick_us=1323780648,mechanical_angle_rad=6.165069103,valid=1,read_failures=0"
dengfoc,"SYNC_TRUTH,sequence=661107,truth_tick_us=1323782648,mechanical_angle_rad=6.165069103,valid=1,read_failures=0"
dengfoc,"SYNC_TRUTH,sequence=661108,truth_tick_us=1323784648,mechanical_angle_rad=6.165069103,valid=1,read_failures=0"
dengfoc,"SYNC_TRUTH,sequence=661109,truth_tick_us=1323786648,mechanical_angle_rad=6.165069103,valid=1,read_failures=0"
dengfoc,"SYNC_TRUTH,sequence=661110,truth_tick_us=1323788648,mechanical_angle_rad=6.165069103,valid=1,read_failures=0"
dengfoc,"SYNC_TRUTH,sequence=661111,truth_tick_us=1323790648,mechanical_angle_rad=6.165069103,valid=1,read_failures=0"
dengfoc,"SYNC_TRUTH,sequence=661112,truth_tick_us=1323792648,mechanical_angle_rad=6.165069103,valid=1,read_failures=0"
dengfoc,"SYNC_TRUTH,sequence=661113,truth_tick_us=1323794648,mechanical_angle_rad=6.165069103,valid=1,read_failures=0"
dengfoc,"SYNC_TRUTH,sequence=661114,truth_tick_us=1323796648,mechanical_angle_rad=6.165069103,valid=1,read_failures=0"
dengfoc,"SYNC_TRUTH,sequence=661115,truth_tick_us=1323798648,mechanical_angle_rad=6.165069103,valid=1,read_failures=0"
dengfoc,"SYNC_TRUTH,sequence=661116,truth_tick_us=1323800648,mechanical_angle_rad=6.165069103,valid=1,read_failures=0"
dengfoc,"SYNC_TRUTH,sequence=661117,truth_tick_us=1323802648,mechanical_angle_rad=6.165069103,valid=1,read_failures=0"
dengfoc,"SYNC_TRUTH,sequence=661118,truth_tick_us=1323804648,mechanical_angle_rad=6.165069103,valid=1,read_failures=0"
dengfoc,"SYNC_TRUTH,sequence=661119,truth_tick_us=1323806648,mechanical_angle_rad=6.165069103,valid=1,read_failures=0"
dengfoc,"SYNC_TRUTH,sequence=661120,truth_tick_us=1323808648,mechanical_angle_rad=6.165069103,valid=1,read_failures=0"
dengfoc,"SYNC_TRUTH,sequence=661121,truth_tick_us=1323810648,mechanical_angle_rad=6.165069103,valid=1,read_failures=0"
dengfoc,"SYNC_TRUTH,sequence=661122,truth_tick_us=1323812648,mechanical_angle_rad=6.165069103,valid=1,read_failures=0"
dengfoc,"SYNC_TRUTH,sequence=661123,truth_tick_us=1323814648,mechanical_angle_rad=6.165069103,valid=1,read_failures=0"
dengfoc,"SYNC_TRUTH,sequence=661124,truth_tick_us=1323816648,mechanical_angle_rad=6.165069103,valid=1,read_failures=0"
dengfoc,"SYNC_TRUTH,sequence=661125,truth_tick_us=1323818648,mechanical_angle_rad=6.165069103,valid=1,read_failures=0"
dengfoc,"SYNC_TRUTH,sequence=661126,truth_tick_us=1323820648,mechanical_angle_rad=6.165069103,valid=1,read_failures=0"
dengfoc,"SYNC_TRUTH,sequence=661127,truth_tick_us=1323822648,mechanical_angle_rad=6.165069103,valid=1,read_failures=0"
dengfoc,"SYNC_TRUTH,sequence=661128,truth_tick_us=1323824648,mechanical_angle_rad=6.165069103,valid=1,read_failures=0"
dengfoc,"SYNC_TRUTH,sequence=661129,truth_tick_us=1323826648,mechanical_angle_rad=6.165069103,valid=1,read_failures=0"
dengfoc,"SYNC_TRUTH,sequence=661130,truth_tick_us=1323828648,mechanical_angle_rad=6.165069103,valid=1,read_failures=0"
dengfoc,"SYNC_TRUTH,sequence=661131,truth_tick_us=1323830648,mechanical_angle_rad=6.165069103,valid=1,read_failures=0"
dengfoc,"SYNC_TRUTH,sequence=661132,truth_tick_us=1323832648,mechanical_angle_rad=6.165069103,valid=1,read_failures=0"
dengfoc,"SYNC_TRUTH,sequence=661133,truth_tick_us=1323834648,mechanical_angle_rad=6.165069103,valid=1,read_failures=0"
dengfoc,"SYNC_TRUTH,sequence=661134,truth_tick_us=1323836648,mechanical_angle_rad=6.165069103,valid=1,read_failures=0"
dengfoc,"SYNC_TRUTH,sequence=661135,truth_tick_us=1323838648,mechanical_angle_rad=6.165069103,valid=1,read_failures=0"
dengfoc,"SYNC_TRUTH,sequence=661136,truth_tick_us=1323840648,mechanical_angle_rad=6.165069103,valid=1,read_failures=0"
dengfoc,"SYNC_TRUTH,sequence=661137,truth_tick_us=1323842648,mechanical_angle_rad=6.165069103,valid=1,read_failures=0"
dengfoc,"SYNC_TRUTH,sequence=661138,truth_tick_us=1323844648,mechanical_angle_rad=6.165069103,valid=1,read_failures=0"
dengfoc,"SYNC_TRUTH,sequence=661139,truth_tick_us=1323846648,mechanical_angle_rad=6.165069103,valid=1,read_failures=0"
dengfoc,"SYNC_TRUTH,sequence=661140,truth_tick_us=1323848648,mechanical_angle_rad=6.165069103,valid=1,read_failures=0"
dengfoc,"SYNC_TRUTH,sequence=661141,truth_tick_us=1323850648,mechanical_angle_rad=6.165069103,valid=1,read_failures=0"
dengfoc,"SYNC_TRUTH,sequence=661142,truth_tick_us=1323852648,mechanical_angle_rad=6.165069103,valid=1,read_failures=0"
dengfoc,"SYNC_TRUTH,sequence=661143,truth_tick_us=1323854648,mechanical_angle_rad=6.165069103,valid=1,read_failures=0"
dengfoc,"SYNC_TRUTH,sequence=661144,truth_tick_us=1323856648,mechanical_angle_rad=6.165069103,valid=1,read_failures=0"
dengfoc,"SYNC_TRUTH,sequence=661145,truth_tick_us=1323858648,mechanical_angle_rad=6.165069103,valid=1,read_failures=0"
dengfoc,"SYNC_TRUTH,sequence=661146,truth_tick_us=1323860648,mechanical_angle_rad=6.165069103,valid=1,read_failures=0"
dengfoc,"SYNC_TRUTH,sequence=661147,truth_tick_us=1323862648,mechanical_angle_rad=6.165069103,valid=1,read_failures=0"
dengfoc,"SYNC_TRUTH,sequence=661148,truth_tick_us=1323864648,mechanical_angle_rad=6.165069103,valid=1,read_failures=0"
dengfoc,"SYNC_TRUTH,sequence=661149,truth_tick_us=1323866648,mechanical_angle_rad=6.165069103,valid=1,read_failures=0"
dengfoc,"SYNC_TRUTH,sequence=661150,truth_tick_us=1323868648,mechanical_angle_rad=6.165069103,valid=1,read_failures=0"
dengfoc,"SYNC_TRUTH,sequence=661151,truth_tick_us=1323870648,mechanical_angle_rad=6.165069103,valid=1,read_failures=0"
dengfoc,"SYNC_TRUTH,sequence=661152,truth_tick_us=1323872648,mechanical_angle_rad=6.165069103,valid=1,read_failures=0"
dengfoc,"SYNC_TRUTH,sequence=661153,truth_tick_us=1323874648,mechanical_angle_rad=6.165069103,valid=1,read_failures=0"
dengfoc,"SYNC_TRUTH,sequence=661154,truth_tick_us=1323876648,mechanical_angle_rad=6.165069103,valid=1,read_failures=0"
dengfoc,"SYNC_TRUTH,sequence=661155,truth_tick_us=1323878648,mechanical_angle_rad=6.165069103,valid=1,read_failures=0"
dengfoc,"SYNC_TRUTH,sequence=661156,truth_tick_us=1323880648,mechanical_angle_rad=6.165069103,valid=1,read_failures=0"
dengfoc,"SYNC_TRUTH,sequence=661157,truth_tick_us=1323882648,mechanical_angle_rad=6.165069103,valid=1,read_failures=0"
dengfoc,"SYNC_TRUTH,sequence=661158,truth_tick_us=1323884648,mechanical_angle_rad=6.165069103,valid=1,read_failures=0"
dengfoc,"SYNC_TRUTH,sequence=661159,truth_tick_us=1323886648,mechanical_angle_rad=6.165069103,valid=1,read_failures=0"
dengfoc,"SYNC_TRUTH,sequence=661160,truth_tick_us=1323888648,mechanical_angle_rad=6.165069103,valid=1,read_failures=0"
dengfoc,"SYNC_TRUTH,sequence=661161,truth_tick_us=1323890648,mechanical_angle_rad=6.165069103,valid=1,read_failures=0"
dengfoc,"SYNC_TRUTH,sequence=661162,truth_tick_us=1323892648,mechanical_angle_rad=6.165069103,valid=1,read_failures=0"
dengfoc,"SYNC_TRUTH,sequence=661163,truth_tick_us=1323894648,mechanical_angle_rad=6.165069103,valid=1,read_failures=0"
dengfoc,"SYNC_TRUTH,sequence=661164,truth_tick_us=1323896648,mechanical_angle_rad=6.165069103,valid=1,read_failures=0"
dengfoc,"SYNC_TRUTH,sequence=661165,truth_tick_us=1323898648,mechanical_angle_rad=6.165069103,valid=1,read_failures=0"
dengfoc,"SYNC_TRUTH,sequence=661166,truth_tick_us=1323900648,mechanical_angle_rad=6.165069103,valid=1,read_failures=0"
dengfoc,"SYNC_TRUTH,sequence=661167,truth_tick_us=1323902648,mechanical_angle_rad=6.165069103,valid=1,read_failures=0"
dengfoc,"SYNC_TRUTH,sequence=661168,truth_tick_us=1323904648,mechanical_angle_rad=6.165069103,valid=1,read_failures=0"
dengfoc,"SYNC_TRUTH,sequence=661169,truth_tick_us=1323906648,mechanical_angle_rad=6.165069103,valid=1,read_failures=0"
dengfoc,"SYNC_TRUTH,sequence=661170,truth_tick_us=1323908648,mechanical_angle_rad=6.165069103,valid=1,read_failures=0"
dengfoc,"SYNC_TRUTH,sequence=661171,truth_tick_us=1323910648,mechanical_angle_rad=6.165069103,valid=1,read_failures=0"
dengfoc,"SYNC_TRUTH,sequence=661172,truth_tick_us=1323912648,mechanical_angle_rad=6.165069103,valid=1,read_failures=0"
dengfoc,"SYNC_TRUTH,sequence=661173,truth_tick_us=1323914648,mechanical_angle_rad=6.165069103,valid=1,read_failures=0"
dengfoc,"SYNC_TRUTH,sequence=661174,truth_tick_us=1323916648,mechanical_angle_rad=6.165069103,valid=1,read_failures=0"
dengfoc,"SYNC_TRUTH,sequence=661175,truth_tick_us=1323918648,mechanical_angle_rad=6.165069103,valid=1,read_failures=0"
dengfoc,"SYNC_TRUTH,sequence=661176,truth_tick_us=1323920648,mechanical_angle_rad=6.165069103,valid=1,read_failures=0"
dengfoc,"SYNC_TRUTH,sequence=661177,truth_tick_us=1323922648,mechanical_angle_rad=6.165069103,valid=1,read_failures=0"
dengfoc,"SYNC_TRUTH,sequence=661178,truth_tick_us=1323924648,mechanical_angle_rad=6.165069103,valid=1,read_failures=0"
dengfoc,"SYNC_TRUTH,sequence=661179,truth_tick_us=1323926648,mechanical_angle_rad=6.165069103,valid=1,read_failures=0"
dengfoc,"SYNC_TRUTH,sequence=661180,truth_tick_us=1323928648,mechanical_angle_rad=6.165069103,valid=1,read_failures=0"
dengfoc,"SYNC_TRUTH,sequence=661181,truth_tick_us=1323930648,mechanical_angle_rad=6.165069103,valid=1,read_failures=0"
dengfoc,"SYNC_TRUTH,sequence=661182,truth_tick_us=1323932648,mechanical_angle_rad=6.165069103,valid=1,read_failures=0"
dengfoc,"SYNC_TRUTH,sequence=661183,truth_tick_us=1323934648,mechanical_angle_rad=6.165069103,valid=1,read_failures=0"
dengfoc,"SYNC_TRUTH,sequence=661184,truth_tick_us=1323936648,mechanical_angle_rad=6.165069103,valid=1,read_failures=0"
dengfoc,"SYNC_TRUTH,sequence=661185,truth_tick_us=1323938648,mechanical_angle_rad=6.165069103,valid=1,read_failures=0"
dengfoc,"SYNC_TRUTH,sequence=661186,truth_tick_us=1323940648,mechanical_angle_rad=6.165069103,valid=1,read_failures=0"
dengfoc,"SYNC_TRUTH,sequence=661187,truth_tick_us=1323942648,mechanical_angle_rad=6.165069103,valid=1,read_failures=0"
dengfoc,"SYNC_TRUTH,sequence=661188,truth_tick_us=1323944648,mechanical_angle_rad=6.165069103,valid=1,read_failures=0"
dengfoc,"SYNC_TRUTH,sequence=661189,truth_tick_us=1323946648,mechanical_angle_rad=6.165069103,valid=1,read_failures=0"
dengfoc,"SYNC_TRUTH,sequence=661190,truth_tick_us=1323948648,mechanical_angle_rad=6.165069103,valid=1,read_failures=0"
dengfoc,"SYNC_TRUTH,sequence=661191,truth_tick_us=1323950648,mechanical_angle_rad=6.165069103,valid=1,read_failures=0"
dengfoc,"SYNC_TRUTH,sequence=661192,truth_tick_us=1323952648,mechanical_angle_rad=6.165069103,valid=1,read_failures=0"
dengfoc,"SYNC_TRUTH,sequence=661193,truth_tick_us=1323954648,mechanical_angle_rad=6.165069103,valid=1,read_failures=0"
dengfoc,"SYNC_TRUTH,sequence=661194,truth_tick_us=1323956648,mechanical_angle_rad=6.165069103,valid=1,read_failures=0"
dengfoc,"SYNC_TRUTH,sequence=661195,truth_tick_us=1323958648,mechanical_angle_rad=6.165069103,valid=1,read_failures=0"
dengfoc,"SYNC_TRUTH,sequence=661196,truth_tick_us=1323960648,mechanical_angle_rad=6.165069103,valid=1,read_failures=0"
dengfoc,"SYNC_TRUTH,sequence=661197,truth_tick_us=1323962648,mechanical_angle_rad=6.165069103,valid=1,read_failures=0"
dengfoc,"SYNC_TRUTH,sequence=661198,truth_tick_us=1323964648,mechanical_angle_rad=6.165069103,valid=1,read_failures=0"
dengfoc,"SYNC_TRUTH,sequence=661199,truth_tick_us=1323966648,mechanical_angle_rad=6.165069103,valid=1,read_failures=0"
dengfoc,"SYNC_TRUTH,sequence=661200,truth_tick_us=1323968648,mechanical_angle_rad=6.165069103,valid=1,read_failures=0"
dengfoc,"SYNC_TRUTH,sequence=661201,truth_tick_us=1323970648,mechanical_angle_rad=6.165069103,valid=1,read_failures=0"
dengfoc,"SYNC_TRUTH,sequence=661202,truth_tick_us=1323972648,mechanical_angle_rad=6.165069103,valid=1,read_failures=0"
dengfoc,"SYNC_TRUTH,sequence=661203,truth_tick_us=1323974648,mechanical_angle_rad=6.165069103,valid=1,read_failures=0"
dengfoc,"SYNC_TRUTH,sequence=661204,truth_tick_us=1323976648,mechanical_angle_rad=6.165069103,valid=1,read_failures=0"
dengfoc,"SYNC_TRUTH,sequence=661205,truth_tick_us=1323978648,mechanical_angle_rad=6.165069103,valid=1,read_failures=0"
dengfoc,"SYNC_TRUTH,sequence=661206,truth_tick_us=1323980648,mechanical_angle_rad=6.165069103,valid=1,read_failures=0"
dengfoc,"SYNC_TRUTH,sequence=661207,truth_tick_us=1323982648,mechanical_angle_rad=6.165069103,valid=1,read_failures=0"
dengfoc,"SYNC_TRUTH,sequence=661208,truth_tick_us=1323984648,mechanical_angle_rad=6.165069103,valid=1,read_failures=0"
dengfoc,"SYNC_TRUTH,sequence=661209,truth_tick_us=1323986648,mechanical_angle_rad=6.165069103,valid=1,read_failures=0"
dengfoc,"SYNC_TRUTH,sequence=661210,truth_tick_us=1323988648,mechanical_angle_rad=6.165069103,valid=1,read_failures=0"
dengfoc,"SYNC_TRUTH,sequence=661211,truth_tick_us=1323990648,mechanical_angle_rad=6.165069103,valid=1,read_failures=0"
dengfoc,"SYNC_TRUTH,sequence=661212,truth_tick_us=1323992648,mechanical_angle_rad=6.165069103,valid=1,read_failures=0"
dengfoc,"SYNC_TRUTH,sequence=661213,truth_tick_us=1323994648,mechanical_angle_rad=6.165069103,valid=1,read_failures=0"
dengfoc,"SYNC_TRUTH,sequence=661214,truth_tick_us=1323996648,mechanical_angle_rad=6.165069103,valid=1,read_failures=0"
dengfoc,"SYNC_TRUTH,sequence=661215,truth_tick_us=1323998648,mechanical_angle_rad=6.165069103,valid=1,read_failures=0"
dengfoc,"SYNC_TRUTH,sequence=661216,truth_tick_us=1324000648,mechanical_angle_rad=6.165069103,valid=1,read_failures=0"
dengfoc,"SYNC_TRUTH,sequence=661217,truth_tick_us=1324002648,mechanical_angle_rad=6.165069103,valid=1,read_failures=0"
dengfoc,"SYNC_TRUTH,sequence=661218,truth_tick_us=1324004648,mechanical_angle_rad=6.165069103,valid=1,read_failures=0"
dengfoc,"SYNC_TRUTH,sequence=661219,truth_tick_us=1324006648,mechanical_angle_rad=6.165069103,valid=1,read_failures=0"
dengfoc,"SYNC_TRUTH,sequence=661220,truth_tick_us=1324008648,mechanical_angle_rad=6.165069103,valid=1,read_failures=0"
dengfoc,"SYNC_TRUTH,sequence=661221,truth_tick_us=1324010648,mechanical_angle_rad=6.165069103,valid=1,read_failures=0"
dengfoc,"SYNC_TRUTH,sequence=661222,truth_tick_us=1324012648,mechanical_angle_rad=6.165069103,valid=1,read_failures=0"
dengfoc,"SYNC_TRUTH,sequence=661223,truth_tick_us=1324014648,mechanical_angle_rad=6.165069103,valid=1,read_failures=0"
dengfoc,"SYNC_TRUTH,sequence=661224,truth_tick_us=1324016648,mechanical_angle_rad=6.165069103,valid=1,read_failures=0"
dengfoc,"SYNC_TRUTH,sequence=661225,truth_tick_us=1324018648,mechanical_angle_rad=6.165069103,valid=1,read_failures=0"
dengfoc,"SYNC_TRUTH,sequence=661226,truth_tick_us=1324020648,mechanical_angle_rad=6.165069103,valid=1,read_failures=0"
dengfoc,"SYNC_TRUTH,sequence=661227,truth_tick_us=1324022648,mechanical_angle_rad=6.165069103,valid=1,read_failures=0"
dengfoc,"SYNC_TRUTH,sequence=661228,truth_tick_us=1324024648,mechanical_angle_rad=6.165069103,valid=1,read_failures=0"
dengfoc,"SYNC_TRUTH,sequence=661229,truth_tick_us=1324026648,mechanical_angle_rad=6.165069103,valid=1,read_failures=0"
g431,foc_stop
g431,FSTOP
dengfoc,"SYNC_TRUTH,sequence=661230,truth_tick_us=1324028648,mechanical_angle_rad=6.165069103,valid=1,read_failures=0"
g431,msh >
dengfoc,"SYNC_TRUTH,sequence=661231,truth_tick_us=1324030648,mechanical_angle_rad=6.165069103,valid=1,read_failures=0"
dengfoc,"SYNC_TRUTH,sequence=661232,truth_tick_us=1324032648,mechanical_angle_rad=6.165069103,valid=1,read_failures=0"
dengfoc,"SYNC_TRUTH,sequence=661233,truth_tick_us=1324034648,mechanical_angle_rad=6.165069103,valid=1,read_failures=0"
dengfoc,"SYNC_TRUTH,sequence=661234,truth_tick_us=1324036648,mechanical_angle_rad=6.165069103,valid=1,read_failures=0"
dengfoc,"SYNC_TRUTH,sequence=661235,truth_tick_us=1324038648,mechanical_angle_rad=6.165069103,valid=1,read_failures=0"
dengfoc,"SYNC_TRUTH,sequence=661236,truth_tick_us=1324040648,mechanical_angle_rad=6.165069103,valid=1,read_failures=0"
dengfoc,"SYNC_TRUTH,sequence=661237,truth_tick_us=1324042648,mechanical_angle_rad=6.165069103,valid=1,read_failures=0"
dengfoc,"SYNC_TRUTH,sequence=661238,truth_tick_us=1324044648,mechanical_angle_rad=6.165069103,valid=1,read_failures=0"
dengfoc,"SYNC_TRUTH,sequence=661239,truth_tick_us=1324046648,mechanical_angle_rad=6.165069103,valid=1,read_failures=0"
dengfoc,"SYNC_TRUTH,sequence=661240,truth_tick_us=1324048648,mechanical_angle_rad=6.165069103,valid=1,read_failures=0"
dengfoc,"SYNC_TRUTH,sequence=661241,truth_tick_us=1324050648,mechanical_angle_rad=6.165069103,valid=1,read_failures=0"
dengfoc,"SYNC_TRUTH,sequence=661242,truth_tick_us=1324052648,mechanical_angle_rad=6.165069103,valid=1,read_failures=0"
dengfoc,"SYNC_TRUTH,sequence=661243,truth_tick_us=1324054648,mechanical_angle_rad=6.165069103,valid=1,read_failures=0"
dengfoc,"SYNC_TRUTH,sequence=661244,truth_tick_us=1324056648,mechanical_angle_rad=6.165069103,valid=1,read_failures=0"
dengfoc,"SYNC_TRUTH,sequence=661245,truth_tick_us=1324058648,mechanical_angle_rad=6.165069103,valid=1,read_failures=0"
dengfoc,"SYNC_TRUTH,sequence=661246,truth_tick_us=1324060648,mechanical_angle_rad=6.165069103,valid=1,read_failures=0"
g431,msh >
dengfoc,"SYNC_TRUTH,sequence=661247,truth_tick_us=1324062648,mechanical_angle_rad=6.165069103,valid=1,read_failures=0"
dengfoc,"SYNC_TRUTH,sequence=661248,truth_tick_us=1324064648,mechanical_angle_rad=6.165069103,valid=1,read_failures=0"
dengfoc,"SYNC_TRUTH,sequence=661249,truth_tick_us=1324066648,mechanical_angle_rad=6.165069103,valid=1,read_failures=0"
dengfoc,"SYNC_TRUTH,sequence=661250,truth_tick_us=1324068648,mechanical_angle_rad=6.165069103,valid=1,read_failures=0"
dengfoc,"SYNC_TRUTH,sequence=661251,truth_tick_us=1324070648,mechanical_angle_rad=6.165069103,valid=1,read_failures=0"
dengfoc,"SYNC_TRUTH,sequence=661252,truth_tick_us=1324072648,mechanical_angle_rad=6.165069103,valid=1,read_failures=0"
dengfoc,"SYNC_TRUTH,sequence=661253,truth_tick_us=1324074648,mechanical_angle_rad=6.165069103,valid=1,read_failures=0"
dengfoc,"SYNC_TRUTH,sequence=661254,truth_tick_us=1324076648,mechanical_angle_rad=6.165069103,valid=1,read_failures=0"
dengfoc,"SYNC_TRUTH,sequence=661255,truth_tick_us=1324078648,mechanical_angle_rad=6.165069103,valid=1,read_failures=0"
dengfoc,"SYNC_TRUTH,sequence=661256,truth_tick_us=1324080648,mechanical_angle_rad=6.165069103,valid=1,read_failures=0"
dengfoc,"SYNC_TRUTH,sequence=661257,truth_tick_us=1324082648,mechanical_angle_rad=6.165069103,valid=1,read_failures=0"
dengfoc,"SYNC_TRUTH,sequence=661258,truth_tick_us=1324084648,mechanical_angle_rad=6.165069103,valid=1,read_failures=0"
dengfoc,"SYNC_TRUTH,sequence=661259,truth_tick_us=1324086648,mechanical_angle_rad=6.165069103,valid=1,read_failures=0"
dengfoc,"SYNC_TRUTH,sequence=661260,truth_tick_us=1324088648,mechanical_angle_rad=6.165069103,valid=1,read_failures=0"
dengfoc,"SYNC_TRUTH,sequence=661261,truth_tick_us=1324090648,mechanical_angle_rad=6.165069103,valid=1,read_failures=0"
dengfoc,"SYNC_TRUTH,sequence=661262,truth_tick_us=1324092648,mechanical_angle_rad=6.165069103,valid=1,read_failures=0"
dengfoc,"SYNC_TRUTH,sequence=661263,truth_tick_us=1324094648,mechanical_angle_rad=6.165069103,valid=1,read_failures=0"
dengfoc,"SYNC_TRUTH,sequence=661264,truth_tick_us=1324096648,mechanical_angle_rad=6.165069103,valid=1,read_failures=0"
dengfoc,"SYNC_TRUTH,sequence=661265,truth_tick_us=1324098648,mechanical_angle_rad=6.165069103,valid=1,read_failures=0"
dengfoc,"SYNC_TRUTH,sequence=661266,truth_tick_us=1324100648,mechanical_angle_rad=6.165069103,valid=1,read_failures=0"
dengfoc,"SYNC_TRUTH,sequence=661267,truth_tick_us=1324102648,mechanical_angle_rad=6.165069103,valid=1,read_failures=0"
dengfoc,"SYNC_TRUTH,sequence=661268,truth_tick_us=1324104648,mechanical_angle_rad=6.165069103,valid=1,read_failures=0"
dengfoc,"SYNC_TRUTH,sequence=661269,truth_tick_us=1324106648,mechanical_angle_rad=6.165069103,valid=1,read_failures=0"
dengfoc,"SYNC_TRUTH,sequence=661270,truth_tick_us=1324108648,mechanical_angle_rad=6.165069103,valid=1,read_failures=0"
dengfoc,"SYNC_TRUTH,sequence=661271,truth_tick_us=1324110648,mechanical_angle_rad=6.165069103,valid=1,read_failures=0"
dengfoc,"SYNC_TRUTH,sequence=661272,truth_tick_us=1324112648,mechanical_angle_rad=6.165069103,valid=1,read_failures=0"
dengfoc,"SYNC_TRUTH,sequence=661273,truth_tick_us=1324114648,mechanical_angle_rad=6.165069103,valid=1,read_failures=0"
dengfoc,"SYNC_TRUTH,sequence=661274,truth_tick_us=1324116648,mechanical_angle_rad=6.165069103,valid=1,read_failures=0"
dengfoc,"SYNC_TRUTH,sequence=661275,truth_tick_us=1324118648,mechanical_angle_rad=6.165069103,valid=1,read_failures=0"
dengfoc,"SYNC_TRUTH,sequence=661276,truth_tick_us=1324120648,mechanical_angle_rad=6.165069103,valid=1,read_failures=0"
dengfoc,"SYNC_TRUTH,sequence=661277,truth_tick_us=1324122648,mechanical_angle_rad=6.165069103,valid=1,read_failures=0"
dengfoc,"SYNC_TRUTH,sequence=661278,truth_tick_us=1324124648,mechanical_angle_rad=6.165069103,valid=1,read_failures=0"
dengfoc,"SYNC_TRUTH,sequence=661279,truth_tick_us=1324126648,mechanical_angle_rad=6.165069103,valid=1,read_failures=0"
dengfoc,"SYNC_TRUTH,sequence=661280,truth_tick_us=1324128648,mechanical_angle_rad=6.165069103,valid=1,read_failures=0"
dengfoc,"SYNC_TRUTH,sequence=661281,truth_tick_us=1324130648,mechanical_angle_rad=6.165069103,valid=1,read_failures=0"
dengfoc,"SYNC_TRUTH,sequence=661282,truth_tick_us=1324132648,mechanical_angle_rad=6.165069103,valid=1,read_failures=0"
dengfoc,"SYNC_TRUTH,sequence=661283,truth_tick_us=1324134648,mechanical_angle_rad=6.165069103,valid=1,read_failures=0"
dengfoc,"SYNC_TRUTH,sequence=661284,truth_tick_us=1324136648,mechanical_angle_rad=6.165069103,valid=1,read_failures=0"
dengfoc,"SYNC_TRUTH,sequence=661285,truth_tick_us=1324138648,mechanical_angle_rad=6.165069103,valid=1,read_failures=0"
dengfoc,"SYNC_TRUTH,sequence=661286,truth_tick_us=1324140648,mechanical_angle_rad=6.165069103,valid=1,read_failures=0"
dengfoc,"SYNC_TRUTH,sequence=661287,truth_tick_us=1324142648,mechanical_angle_rad=6.165069103,valid=1,read_failures=0"
dengfoc,"SYNC_TRUTH,sequence=661288,truth_tick_us=1324144648,mechanical_angle_rad=6.165069103,valid=1,read_failures=0"
dengfoc,"SYNC_TRUTH,sequence=661289,truth_tick_us=1324146648,mechanical_angle_rad=6.165069103,valid=1,read_failures=0"
dengfoc,"SYNC_TRUTH,sequence=661290,truth_tick_us=1324148648,mechanical_angle_rad=6.165069103,valid=1,read_failures=0"
dengfoc,"SYNC_TRUTH,sequence=661291,truth_tick_us=1324150648,mechanical_angle_rad=6.165069103,valid=1,read_failures=0"
dengfoc,"SYNC_TRUTH,sequence=661292,truth_tick_us=1324152648,mechanical_angle_rad=6.165069103,valid=1,read_failures=0"
dengfoc,"SYNC_TRUTH,sequence=661293,truth_tick_us=1324154648,mechanical_angle_rad=6.165069103,valid=1,read_failures=0"
dengfoc,"SYNC_TRUTH,sequence=661294,truth_tick_us=1324156648,mechanical_angle_rad=6.165069103,valid=1,read_failures=0"
dengfoc,"SYNC_TRUTH,sequence=661295,truth_tick_us=1324158648,mechanical_angle_rad=6.165069103,valid=1,read_failures=0"
dengfoc,"SYNC_TRUTH,sequence=661296,truth_tick_us=1324160648,mechanical_angle_rad=6.165069103,valid=1,read_failures=0"
dengfoc,"SYNC_TRUTH,sequence=661297,truth_tick_us=1324162648,mechanical_angle_rad=6.165069103,valid=1,read_failures=0"
dengfoc,"SYNC_TRUTH,sequence=661298,truth_tick_us=1324164648,mechanical_angle_rad=6.165069103,valid=1,read_failures=0"
dengfoc,"SYNC_TRUTH,sequence=661299,truth_tick_us=1324166648,mechanical_angle_rad=6.165069103,valid=1,read_failures=0"
dengfoc,"SYNC_TRUTH,sequence=661300,truth_tick_us=1324168648,mechanical_angle_rad=6.165069103,valid=1,read_failures=0"
dengfoc,"SYNC_TRUTH,sequence=661301,truth_tick_us=1324170648,mechanical_angle_rad=6.165069103,valid=1,read_failures=0"
dengfoc,"SYNC_TRUTH,sequence=661302,truth_tick_us=1324172648,mechanical_angle_rad=6.165069103,valid=1,read_failures=0"
dengfoc,"SYNC_TRUTH,sequence=661303,truth_tick_us=1324174648,mechanical_angle_rad=6.165069103,valid=1,read_failures=0"
dengfoc,"SYNC_TRUTH,sequence=661304,truth_tick_us=1324176648,mechanical_angle_rad=6.165069103,valid=1,read_failures=0"
dengfoc,"SYNC_TRUTH,sequence=661305,truth_tick_us=1324178648,mechanical_angle_rad=6.165069103,valid=1,read_failures=0"
dengfoc,"SYNC_TRUTH,sequence=661306,truth_tick_us=1324180648,mechanical_angle_rad=6.165069103,valid=1,read_failures=0"
dengfoc,"SYNC_TRUTH,sequence=661307,truth_tick_us=1324182648,mechanical_angle_rad=6.165069103,valid=1,read_failures=0"
dengfoc,"SYNC_TRUTH,sequence=661308,truth_tick_us=1324184648,mechanical_angle_rad=6.165069103,valid=1,read_failures=0"
dengfoc,"SYNC_TRUTH,sequence=661309,truth_tick_us=1324186648,mechanical_angle_rad=6.165069103,valid=1,read_failures=0"
dengfoc,"SYNC_TRUTH,sequence=661310,truth_tick_us=1324188648,mechanical_angle_rad=6.165069103,valid=1,read_failures=0"
dengfoc,"SYNC_TRUTH,sequence=661311,truth_tick_us=1324190648,mechanical_angle_rad=6.165069103,valid=1,read_failures=0"
dengfoc,"SYNC_TRUTH,sequence=661312,truth_tick_us=1324192648,mechanical_angle_rad=6.165069103,valid=1,read_failures=0"
dengfoc,"SYNC_TRUTH,sequence=661313,truth_tick_us=1324194648,mechanical_angle_rad=6.165069103,valid=1,read_failures=0"
dengfoc,"SYNC_TRUTH,sequence=661314,truth_tick_us=1324196648,mechanical_angle_rad=6.165069103,valid=1,read_failures=0"
dengfoc,"SYNC_TRUTH,sequence=661315,truth_tick_us=1324198648,mechanical_angle_rad=6.165069103,valid=1,read_failures=0"
dengfoc,"SYNC_TRUTH,sequence=661316,truth_tick_us=1324200648,mechanical_angle_rad=6.165069103,valid=1,read_failures=0"
dengfoc,"SYNC_TRUTH,sequence=661317,truth_tick_us=1324202648,mechanical_angle_rad=6.165069103,valid=1,read_failures=0"
dengfoc,"SYNC_TRUTH,sequence=661318,truth_tick_us=1324204648,mechanical_angle_rad=6.165069103,valid=1,read_failures=0"
dengfoc,"SYNC_TRUTH,sequence=661319,truth_tick_us=1324206648,mechanical_angle_rad=6.165069103,valid=1,read_failures=0"
dengfoc,"SYNC_TRUTH,sequence=661320,truth_tick_us=1324208648,mechanical_angle_rad=6.165069103,valid=1,read_failures=0"
dengfoc,"SYNC_TRUTH,sequence=661321,truth_tick_us=1324210648,mechanical_angle_rad=6.165069103,valid=1,read_failures=0"
dengfoc,"SYNC_TRUTH,sequence=661322,truth_tick_us=1324212648,mechanical_angle_rad=6.165069103,valid=1,read_failures=0"
dengfoc,"SYNC_TRUTH,sequence=661323,truth_tick_us=1324214648,mechanical_angle_rad=6.165069103,valid=1,read_failures=0"
dengfoc,"SYNC_TRUTH,sequence=661324,truth_tick_us=1324216648,mechanical_angle_rad=6.165069103,valid=1,read_failures=0"
dengfoc,"SYNC_TRUTH,sequence=661325,truth_tick_us=1324218648,mechanical_angle_rad=6.165069103,valid=1,read_failures=0"
dengfoc,"SYNC_TRUTH,sequence=661326,truth_tick_us=1324220648,mechanical_angle_rad=6.165069103,valid=1,read_failures=0"
dengfoc,"SYNC_TRUTH,sequence=661327,truth_tick_us=1324222648,mechanical_angle_rad=6.165069103,valid=1,read_failures=0"
dengfoc,"SYNC_TRUTH,sequence=661328,truth_tick_us=1324224648,mechanical_angle_rad=6.165069103,valid=1,read_failures=0"
dengfoc,"SYNC_TRUTH,sequence=661329,truth_tick_us=1324226648,mechanical_angle_rad=6.165069103,valid=1,read_failures=0"
dengfoc,"SYNC_TRUTH,sequence=661330,truth_tick_us=1324228648,mechanical_angle_rad=6.165069103,valid=1,read_failures=0"
dengfoc,"SYNC_TRUTH,sequence=661331,truth_tick_us=1324230648,mechanical_angle_rad=6.165069103,valid=1,read_failures=0"
dengfoc,"SYNC_TRUTH,sequence=661332,truth_tick_us=1324232648,mechanical_angle_rad=6.165069103,valid=1,read_failures=0"
dengfoc,"SYNC_TRUTH,sequence=661333,truth_tick_us=1324234648,mechanical_angle_rad=6.165069103,valid=1,read_failures=0"
dengfoc,"SYNC_TRUTH,sequence=661334,truth_tick_us=1324236648,mechanical_angle_rad=6.165069103,valid=1,read_failures=0"
dengfoc,"SYNC_TRUTH,sequence=661335,truth_tick_us=1324238648,mechanical_angle_rad=6.165069103,valid=1,read_failures=0"
dengfoc,"SYNC_TRUTH,sequence=661336,truth_tick_us=1324240648,mechanical_angle_rad=6.165069103,valid=1,read_failures=0"
dengfoc,"SYNC_TRUTH,sequence=661337,truth_tick_us=1324242648,mechanical_angle_rad=6.165069103,valid=1,read_failures=0"
dengfoc,"SYNC_TRUTH,sequence=661338,truth_tick_us=1324244648,mechanical_angle_rad=6.165069103,valid=1,read_failures=0"
dengfoc,"SYNC_TRUTH,sequence=661339,truth_tick_us=1324246648,mechanical_angle_rad=6.165069103,valid=1,read_failures=0"
dengfoc,"SYNC_TRUTH,sequence=661340,truth_tick_us=1324248648,mechanical_angle_rad=6.165069103,valid=1,read_failures=0"
dengfoc,"SYNC_TRUTH,sequence=661341,truth_tick_us=1324250648,mechanical_angle_rad=6.165069103,valid=1,read_failures=0"
dengfoc,"SYNC_TRUTH,sequence=661342,truth_tick_us=1324252648,mechanical_angle_rad=6.165069103,valid=1,read_failures=0"
dengfoc,"SYNC_TRUTH,sequence=661343,truth_tick_us=1324254648,mechanical_angle_rad=6.165069103,valid=1,read_failures=0"
dengfoc,"SYNC_TRUTH,sequence=661344,truth_tick_us=1324256648,mechanical_angle_rad=6.165069103,valid=1,read_failures=0"
dengfoc,"SYNC_TRUTH,sequence=661345,truth_tick_us=1324258648,mechanical_angle_rad=6.165069103,valid=1,read_failures=0"
dengfoc,"SYNC_TRUTH,sequence=661346,truth_tick_us=1324260648,mechanical_angle_rad=6.165069103,valid=1,read_failures=0"
dengfoc,"SYNC_TRUTH,sequence=661347,truth_tick_us=1324262648,mechanical_angle_rad=6.165069103,valid=1,read_failures=0"
dengfoc,"SYNC_TRUTH,sequence=661348,truth_tick_us=1324264648,mechanical_angle_rad=6.165069103,valid=1,read_failures=0"
dengfoc,"SYNC_TRUTH,sequence=661349,truth_tick_us=1324266648,mechanical_angle_rad=6.165069103,valid=1,read_failures=0"
dengfoc,"SYNC_TRUTH,sequence=661350,truth_tick_us=1324268648,mechanical_angle_rad=6.165069103,valid=1,read_failures=0"
dengfoc,"SYNC_TRUTH,sequence=661351,truth_tick_us=1324270648,mechanical_angle_rad=6.165069103,valid=1,read_failures=0"
dengfoc,"SYNC_TRUTH,sequence=661352,truth_tick_us=1324272648,mechanical_angle_rad=6.165069103,valid=1,read_failures=0"
dengfoc,"SYNC_TRUTH,sequence=661353,truth_tick_us=1324274648,mechanical_angle_rad=6.165069103,valid=1,read_failures=0"
dengfoc,"SYNC_TRUTH,sequence=661354,truth_tick_us=1324276648,mechanical_angle_rad=6.165069103,valid=1,read_failures=0"
dengfoc,"SYNC_TRUTH,sequence=661355,truth_tick_us=1324278648,mechanical_angle_rad=6.165069103,valid=1,read_failures=0"
dengfoc,"SYNC_TRUTH,sequence=661356,truth_tick_us=1324280648,mechanical_angle_rad=6.165069103,valid=1,read_failures=0"
dengfoc,"SYNC_TRUTH,sequence=661357,truth_tick_us=1324282648,mechanical_angle_rad=6.165069103,valid=1,read_failures=0"
dengfoc,"SYNC_TRUTH,sequence=661358,truth_tick_us=1324284648,mechanical_angle_rad=6.165069103,valid=1,read_failures=0"
dengfoc,"SYNC_TRUTH,sequence=661359,truth_tick_us=1324286648,mechanical_angle_rad=6.165069103,valid=1,read_failures=0"
dengfoc,"SYNC_TRUTH,sequence=661360,truth_tick_us=1324288648,mechanical_angle_rad=6.165069103,valid=1,read_failures=0"
dengfoc,"SYNC_TRUTH,sequence=661361,truth_tick_us=1324290648,mechanical_angle_rad=6.165069103,valid=1,read_failures=0"
dengfoc,"SYNC_TRUTH,sequence=661362,truth_tick_us=1324292648,mechanical_angle_rad=6.165069103,valid=1,read_failures=0"
dengfoc,"SYNC_TRUTH,sequence=661363,truth_tick_us=1324294648,mechanical_angle_rad=6.165069103,valid=1,read_failures=0"
dengfoc,"SYNC_TRUTH,sequence=661364,truth_tick_us=1324296648,mechanical_angle_rad=6.165069103,valid=1,read_failures=0"
dengfoc,"SYNC_TRUTH,sequence=661365,truth_tick_us=1324298648,mechanical_angle_rad=6.165069103,valid=1,read_failures=0"
dengfoc,"SYNC_TRUTH,sequence=661366,truth_tick_us=1324300648,mechanical_angle_rad=6.165069103,valid=1,read_failures=0"
dengfoc,"SYNC_TRUTH,sequence=661367,truth_tick_us=1324302648,mechanical_angle_rad=6.165069103,valid=1,read_failures=0"
dengfoc,"SYNC_TRUTH,sequence=661368,truth_tick_us=1324304648,mechanical_angle_rad=6.165069103,valid=1,read_failures=0"
dengfoc,"SYNC_TRUTH,sequence=661369,truth_tick_us=1324306648,mechanical_angle_rad=6.165069103,valid=1,read_failures=0"
dengfoc,"SYNC_TRUTH,sequence=661370,truth_tick_us=1324308648,mechanical_angle_rad=6.165069103,valid=1,read_failures=0"
dengfoc,"SYNC_TRUTH,sequence=661371,truth_tick_us=1324310648,mechanical_angle_rad=6.165069103,valid=1,read_failures=0"
dengfoc,"SYNC_TRUTH,sequence=661372,truth_tick_us=1324312648,mechanical_angle_rad=6.165069103,valid=1,read_failures=0"
dengfoc,"SYNC_TRUTH,sequence=661373,truth_tick_us=1324314648,mechanical_angle_rad=6.165069103,valid=1,read_failures=0"
dengfoc,"SYNC_TRUTH,sequence=661374,truth_tick_us=1324316648,mechanical_angle_rad=6.165069103,valid=1,read_failures=0"
g431,foc_status
dengfoc,"SYNC_TRUTH,sequence=661375,truth_tick_us=1324318648,mechanical_angle_rad=6.165069103,valid=1,read_failures=0"
dengfoc,"SYNC_TRUTH,sequence=661376,truth_tick_us=1324320648,mechanical_angle_rad=6.165069103,valid=1,read_failures=0"
g431,"FSTAT,disabled,rust-smo-pll,0,0,0,0"
dengfoc,"SYNC_STATUS,frames=1,frame_fail=31,truth=661376,truth_fail=0,idle=1,capture_state=3,capture_failure=2,rejected=1,overflow=0,sync_level=1,driver_disabled=1"
g431,"FSTAT,iref=0/0,i=0/0,v=0/0"
dengfoc,"SYNC_TRUTH,sequence=661377,truth_tick_us=1324323648,mechanical_angle_rad=6.165069103,valid=1,read_failures=0"
g431,"FOBS,0/0,0,0/0,00,0,0/0,0"
dengfoc,"SYNC_TRUTH,sequence=661378,truth_tick_us=1324325648,mechanical_angle_rad=6.165069103,valid=1,read_failures=0"
dengfoc,"SYNC_TRUTH,sequence=661379,truth_tick_us=1324327648,mechanical_angle_rad=6.165069103,valid=1,read_failures=0"
dengfoc,"SYNC_TRUTH,sequence=661380,truth_tick_us=1324329648,mechanical_angle_rad=6.165069103,valid=1,read_failures=0"
g431,FOC f=0000231f s=0 e=0 ISR=0/12750 miss=0 pk=0(0mA)
dengfoc,"SYNC_TRUTH,sequence=661381,truth_tick_us=1324331648,mechanical_angle_rad=6.165069103,valid=1,read_failures=0"
dengfoc,"SYNC_TRUTH,sequence=661382,truth_tick_us=1324333648,mechanical_angle_rad=6.165069103,valid=1,read_failures=0"
g431,"FTIMING,2,0,0,0,0,0,0,0,0,0,0,0,0,12750,0,0,0,8991,0,0,0"
dengfoc,"SYNC_TRUTH,sequence=661383,truth_tick_us=1324335648,mechanical_angle_rad=6.165069103,valid=1,read_failures=0"
dengfoc,"SYNC_TRUTH,sequence=661384,truth_tick_us=1324337648,mechanical_angle_rad=6.165069103,valid=1,read_failures=0"
g431,FOC st=0 rf=00000000 duty=0/0/0
dengfoc,"SYNC_TRUTH,sequence=661385,truth_tick_us=1324339648,mechanical_angle_rad=6.165069103,valid=1,read_failures=0"
dengfoc,"SYNC_TRUTH,sequence=661386,truth_tick_us=1324341648,mechanical_angle_rad=6.165069103,valid=1,read_failures=0"
g431,"FFAULT,00000000,00000000,0,0,ARM,0,0000"
dengfoc,"SYNC_TRUTH,sequence=661387,truth_tick_us=1324343648,mechanical_angle_rad=6.165069103,valid=1,read_failures=0"
dengfoc,"SYNC_TRUTH,sequence=661388,truth_tick_us=1324345648,mechanical_angle_rad=6.165069103,valid=1,read_failures=0"
g431,"FPROF,0,6,43116001,28041007,00,edf4f6ca,888e4e91"
dengfoc,"SYNC_TRUTH,sequence=661389,truth_tick_us=1324347648,mechanical_angle_rad=6.165069103,valid=1,read_failures=0"
dengfoc,"SYNC_TRUTH,sequence=661390,truth_tick_us=1324349648,mechanical_angle_rad=6.165069103,valid=1,read_failures=0"
g431,"FADC,1952/1933/1952,1951/1933/1953,0,0,2053"
g431,msh >
dengfoc,"SYNC_TRUTH,sequence=661391,truth_tick_us=1324351648,mechanical_angle_rad=6.165069103,valid=1,read_failures=0"
dengfoc,"SYNC_TRUTH,sequence=661392,truth_tick_us=1324353648,mechanical_angle_rad=6.165069103,valid=1,read_failures=0"
dengfoc,"SYNC_TRUTH,sequence=661393,truth_tick_us=1324355648,mechanical_angle_rad=6.165069103,valid=1,read_failures=0"
dengfoc,"SYNC_TRUTH,sequence=661394,truth_tick_us=1324357648,mechanical_angle_rad=6.165069103,valid=1,read_failures=0"
dengfoc,"SYNC_TRUTH,sequence=661395,truth_tick_us=1324359648,mechanical_angle_rad=6.165069103,valid=1,read_failures=0"
dengfoc,"SYNC_TRUTH,sequence=661396,truth_tick_us=1324361648,mechanical_angle_rad=6.165069103,valid=1,read_failures=0"
dengfoc,"SYNC_TRUTH,sequence=661397,truth_tick_us=1324363648,mechanical_angle_rad=6.165069103,valid=1,read_failures=0"
dengfoc,"SYNC_TRUTH,sequence=661398,truth_tick_us=1324365648,mechanical_angle_rad=6.165069103,valid=1,read_failures=0"
dengfoc,"SYNC_TRUTH,sequence=661399,truth_tick_us=1324367648,mechanical_angle_rad=6.165069103,valid=1,read_failures=0"
dengfoc,"SYNC_TRUTH,sequence=661400,truth_tick_us=1324369648,mechanical_angle_rad=6.165069103,valid=1,read_failures=0"
dengfoc,"SYNC_TRUTH,sequence=661401,truth_tick_us=1324371648,mechanical_angle_rad=6.165069103,valid=1,read_failures=0"
dengfoc,"SYNC_TRUTH,sequence=661402,truth_tick_us=1324373648,mechanical_angle_rad=6.165069103,valid=1,read_failures=0"
g431,msh >
dengfoc,"SYNC_TRUTH,sequence=661403,truth_tick_us=1324375648,mechanical_angle_rad=6.165069103,valid=1,read_failures=0"
dengfoc,"SYNC_TRUTH,sequence=661404,truth_tick_us=1324377648,mechanical_angle_rad=6.165069103,valid=1,read_failures=0"
dengfoc,"SYNC_TRUTH,sequence=661405,truth_tick_us=1324379648,mechanical_angle_rad=6.165069103,valid=1,read_failures=0"
dengfoc,"SYNC_TRUTH,sequence=661406,truth_tick_us=1324381648,mechanical_angle_rad=6.165069103,valid=1,read_failures=0"
dengfoc,"SYNC_TRUTH,sequence=661407,truth_tick_us=1324383648,mechanical_angle_rad=6.165069103,valid=1,read_failures=0"
dengfoc,"SYNC_TRUTH,sequence=661408,truth_tick_us=1324385648,mechanical_angle_rad=6.165069103,valid=1,read_failures=0"
dengfoc,"SYNC_TRUTH,sequence=661409,truth_tick_us=1324387648,mechanical_angle_rad=6.165069103,valid=1,read_failures=0"
dengfoc,"SYNC_TRUTH,sequence=661410,truth_tick_us=1324389648,mechanical_angle_rad=6.165069103,valid=1,read_failures=0"
dengfoc,"SYNC_TRUTH,sequence=661411,truth_tick_us=1324391648,mechanical_angle_rad=6.165069103,valid=1,read_failures=0"
dengfoc,"SYNC_TRUTH,sequence=661412,truth_tick_us=1324393648,mechanical_angle_rad=6.165069103,valid=1,read_failures=0"
dengfoc,"SYNC_TRUTH,sequence=661413,truth_tick_us=1324395648,mechanical_angle_rad=6.165069103,valid=1,read_failures=0"
dengfoc,"SYNC_TRUTH,sequence=661414,truth_tick_us=1324397648,mechanical_angle_rad=6.165069103,valid=1,read_failures=0"
dengfoc,"SYNC_TRUTH,sequence=661415,truth_tick_us=1324399648,mechanical_angle_rad=6.165069103,valid=1,read_failures=0"
dengfoc,"SYNC_TRUTH,sequence=661416,truth_tick_us=1324401648,mechanical_angle_rad=6.165069103,valid=1,read_failures=0"
dengfoc,"SYNC_TRUTH,sequence=661417,truth_tick_us=1324403648,mechanical_angle_rad=6.165069103,valid=1,read_failures=0"
dengfoc,"SYNC_TRUTH,sequence=661418,truth_tick_us=1324405648,mechanical_angle_rad=6.165069103,valid=1,read_failures=0"
dengfoc,"SYNC_TRUTH,sequence=661419,truth_tick_us=1324407648,mechanical_angle_rad=6.165069103,valid=1,read_failures=0"
dengfoc,"SYNC_TRUTH,sequence=661420,truth_tick_us=1324409648,mechanical_angle_rad=6.165069103,valid=1,read_failures=0"
dengfoc,"SYNC_TRUTH,sequence=661421,truth_tick_us=1324411648,mechanical_angle_rad=6.165069103,valid=1,read_failures=0"
dengfoc,"SYNC_TRUTH,sequence=661422,truth_tick_us=1324413648,mechanical_angle_rad=6.165069103,valid=1,read_failures=0"
dengfoc,"SYNC_TRUTH,sequence=661423,truth_tick_us=1324415648,mechanical_angle_rad=6.165069103,valid=1,read_failures=0"
dengfoc,"SYNC_TRUTH,sequence=661424,truth_tick_us=1324417648,mechanical_angle_rad=6.165069103,valid=1,read_failures=0"
dengfoc,"SYNC_TRUTH,sequence=661425,truth_tick_us=1324419648,mechanical_angle_rad=6.165069103,valid=1,read_failures=0"
dengfoc,"SYNC_TRUTH,sequence=661426,truth_tick_us=1324421648,mechanical_angle_rad=6.165069103,valid=1,read_failures=0"
dengfoc,"SYNC_TRUTH,sequence=661427,truth_tick_us=1324423648,mechanical_angle_rad=6.165069103,valid=1,read_failures=0"
dengfoc,"SYNC_TRUTH,sequence=661428,truth_tick_us=1324425648,mechanical_angle_rad=6.165069103,valid=1,read_failures=0"
dengfoc,"SYNC_TRUTH,sequence=661429,truth_tick_us=1324427648,mechanical_angle_rad=6.165069103,valid=1,read_failures=0"
dengfoc,"SYNC_TRUTH,sequence=661430,truth_tick_us=1324429648,mechanical_angle_rad=6.165069103,valid=1,read_failures=0"
dengfoc,"SYNC_TRUTH,sequence=661431,truth_tick_us=1324431648,mechanical_angle_rad=6.165069103,valid=1,read_failures=0"
dengfoc,"SYNC_TRUTH,sequence=661432,truth_tick_us=1324433648,mechanical_angle_rad=6.165069103,valid=1,read_failures=0"
dengfoc,"SYNC_TRUTH,sequence=661433,truth_tick_us=1324435648,mechanical_angle_rad=6.165069103,valid=1,read_failures=0"
dengfoc,"SYNC_TRUTH,sequence=661434,truth_tick_us=1324437648,mechanical_angle_rad=6.165069103,valid=1,read_failures=0"
dengfoc,"SYNC_TRUTH,sequence=661435,truth_tick_us=1324439648,mechanical_angle_rad=6.165069103,valid=1,read_failures=0"
dengfoc,"SYNC_TRUTH,sequence=661436,truth_tick_us=1324441648,mechanical_angle_rad=6.165069103,valid=1,read_failures=0"
dengfoc,"SYNC_TRUTH,sequence=661437,truth_tick_us=1324443648,mechanical_angle_rad=6.165069103,valid=1,read_failures=0"
dengfoc,"SYNC_TRUTH,sequence=661438,truth_tick_us=1324445648,mechanical_angle_rad=6.165069103,valid=1,read_failures=0"
dengfoc,"SYNC_TRUTH,sequence=661439,truth_tick_us=1324447648,mechanical_angle_rad=6.165069103,valid=1,read_failures=0"
dengfoc,"SYNC_TRUTH,sequence=661440,truth_tick_us=1324449648,mechanical_angle_rad=6.165069103,valid=1,read_failures=0"
dengfoc,"SYNC_TRUTH,sequence=661441,truth_tick_us=1324451648,mechanical_angle_rad=6.165069103,valid=1,read_failures=0"
dengfoc,"SYNC_TRUTH,sequence=661442,truth_tick_us=1324453648,mechanical_angle_rad=6.165069103,valid=1,read_failures=0"
dengfoc,"SYNC_TRUTH,sequence=661443,truth_tick_us=1324455648,mechanical_angle_rad=6.165069103,valid=1,read_failures=0"
dengfoc,"SYNC_TRUTH,sequence=661444,truth_tick_us=1324457648,mechanical_angle_rad=6.165069103,valid=1,read_failures=0"
dengfoc,"SYNC_TRUTH,sequence=661445,truth_tick_us=1324459648,mechanical_angle_rad=6.165069103,valid=1,read_failures=0"
dengfoc,"SYNC_TRUTH,sequence=661446,truth_tick_us=1324461648,mechanical_angle_rad=6.165069103,valid=1,read_failures=0"
dengfoc,"SYNC_TRUTH,sequence=661447,truth_tick_us=1324463648,mechanical_angle_rad=6.165069103,valid=1,read_failures=0"
dengfoc,"SYNC_TRUTH,sequence=661448,truth_tick_us=1324465648,mechanical_angle_rad=6.165069103,valid=1,read_failures=0"
dengfoc,"SYNC_TRUTH,sequence=661449,truth_tick_us=1324467648,mechanical_angle_rad=6.165069103,valid=1,read_failures=0"
dengfoc,"SYNC_TRUTH,sequence=661450,truth_tick_us=1324469648,mechanical_angle_rad=6.165069103,valid=1,read_failures=0"
dengfoc,"SYNC_TRUTH,sequence=661451,truth_tick_us=1324471648,mechanical_angle_rad=6.165069103,valid=1,read_failures=0"
dengfoc,"SYNC_TRUTH,sequence=661452,truth_tick_us=1324473648,mechanical_angle_rad=6.165069103,valid=1,read_failures=0"
dengfoc,"SYNC_TRUTH,sequence=661453,truth_tick_us=1324475648,mechanical_angle_rad=6.165069103,valid=1,read_failures=0"
dengfoc,"SYNC_TRUTH,sequence=661454,truth_tick_us=1324477648,mechanical_angle_rad=6.165069103,valid=1,read_failures=0"
dengfoc,"SYNC_TRUTH,sequence=661455,truth_tick_us=1324479648,mechanical_angle_rad=6.165069103,valid=1,read_failures=0"
dengfoc,"SYNC_TRUTH,sequence=661456,truth_tick_us=1324481648,mechanical_angle_rad=6.165069103,valid=1,read_failures=0"
dengfoc,"SYNC_TRUTH,sequence=661457,truth_tick_us=1324483648,mechanical_angle_rad=6.165069103,valid=1,read_failures=0"
dengfoc,"SYNC_TRUTH,sequence=661458,truth_tick_us=1324485648,mechanical_angle_rad=6.165069103,valid=1,read_failures=0"
dengfoc,"SYNC_TRUTH,sequence=661459,truth_tick_us=1324487648,mechanical_angle_rad=6.165069103,valid=1,read_failures=0"
dengfoc,"SYNC_TRUTH,sequence=661460,truth_tick_us=1324489648,mechanical_angle_rad=6.165069103,valid=1,read_failures=0"
dengfoc,"SYNC_TRUTH,sequence=661461,truth_tick_us=1324491648,mechanical_angle_rad=6.165069103,valid=1,read_failures=0"
dengfoc,"SYNC_TRUTH,sequence=661462,truth_tick_us=1324493648,mechanical_angle_rad=6.165069103,valid=1,read_failures=0"
dengfoc,"SYNC_TRUTH,sequence=661463,truth_tick_us=1324495648,mechanical_angle_rad=6.165069103,valid=1,read_failures=0"
dengfoc,"SYNC_TRUTH,sequence=661464,truth_tick_us=1324497648,mechanical_angle_rad=6.165069103,valid=1,read_failures=0"
dengfoc,"SYNC_TRUTH,sequence=661465,truth_tick_us=1324499648,mechanical_angle_rad=6.165069103,valid=1,read_failures=0"
dengfoc,"SYNC_TRUTH,sequence=661466,truth_tick_us=1324501648,mechanical_angle_rad=6.165069103,valid=1,read_failures=0"
dengfoc,"SYNC_TRUTH,sequence=661467,truth_tick_us=1324503648,mechanical_angle_rad=6.165069103,valid=1,read_failures=0"
dengfoc,"SYNC_TRUTH,sequence=661468,truth_tick_us=1324505648,mechanical_angle_rad=6.165069103,valid=1,read_failures=0"
dengfoc,"SYNC_TRUTH,sequence=661469,truth_tick_us=1324507648,mechanical_angle_rad=6.165069103,valid=1,read_failures=0"
dengfoc,"SYNC_TRUTH,sequence=661470,truth_tick_us=1324509648,mechanical_angle_rad=6.165069103,valid=1,read_failures=0"
dengfoc,"SYNC_TRUTH,sequence=661471,truth_tick_us=1324511648,mechanical_angle_rad=6.165069103,valid=1,read_failures=0"
dengfoc,"SYNC_TRUTH,sequence=661472,truth_tick_us=1324513648,mechanical_angle_rad=6.165069103,valid=1,read_failures=0"
dengfoc,"SYNC_TRUTH,sequence=661473,truth_tick_us=1324515648,mechanical_angle_rad=6.165069103,valid=1,read_failures=0"
dengfoc,"SYNC_TRUTH,sequence=661474,truth_tick_us=1324517648,mechanical_angle_rad=6.165069103,valid=1,read_failures=0"
dengfoc,"SYNC_TRUTH,sequence=661475,truth_tick_us=1324519648,mechanical_angle_rad=6.165069103,valid=1,read_failures=0"
dengfoc,"SYNC_TRUTH,sequence=661476,truth_tick_us=1324521648,mechanical_angle_rad=6.165069103,valid=1,read_failures=0"
dengfoc,"SYNC_TRUTH,sequence=661477,truth_tick_us=1324523648,mechanical_angle_rad=6.165069103,valid=1,read_failures=0"
dengfoc,"SYNC_TRUTH,sequence=661478,truth_tick_us=1324525648,mechanical_angle_rad=6.165069103,valid=1,read_failures=0"
dengfoc,"SYNC_TRUTH,sequence=661479,truth_tick_us=1324527648,mechanical_angle_rad=6.165069103,valid=1,read_failures=0"
dengfoc,"SYNC_TRUTH,sequence=661480,truth_tick_us=1324529648,mechanical_angle_rad=6.165069103,valid=1,read_failures=0"
dengfoc,"SYNC_TRUTH,sequence=661481,truth_tick_us=1324531648,mechanical_angle_rad=6.165069103,valid=1,read_failures=0"
dengfoc,"SYNC_TRUTH,sequence=661482,truth_tick_us=1324533648,mechanical_angle_rad=6.165069103,valid=1,read_failures=0"
dengfoc,"SYNC_TRUTH,sequence=661483,truth_tick_us=1324535648,mechanical_angle_rad=6.165069103,valid=1,read_failures=0"
dengfoc,"SYNC_TRUTH,sequence=661484,truth_tick_us=1324537648,mechanical_angle_rad=6.165069103,valid=1,read_failures=0"
dengfoc,"SYNC_TRUTH,sequence=661485,truth_tick_us=1324539648,mechanical_angle_rad=6.165069103,valid=1,read_failures=0"
dengfoc,"SYNC_TRUTH,sequence=661486,truth_tick_us=1324541648,mechanical_angle_rad=6.165069103,valid=1,read_failures=0"
dengfoc,"SYNC_TRUTH,sequence=661487,truth_tick_us=1324543648,mechanical_angle_rad=6.165069103,valid=1,read_failures=0"
dengfoc,"SYNC_TRUTH,sequence=661488,truth_tick_us=1324545648,mechanical_angle_rad=6.165069103,valid=1,read_failures=0"
dengfoc,"SYNC_TRUTH,sequence=661489,truth_tick_us=1324547648,mechanical_angle_rad=6.165069103,valid=1,read_failures=0"
dengfoc,"SYNC_TRUTH,sequence=661490,truth_tick_us=1324549648,mechanical_angle_rad=6.165069103,valid=1,read_failures=0"
dengfoc,"SYNC_TRUTH,sequence=661491,truth_tick_us=1324551648,mechanical_angle_rad=6.165069103,valid=1,read_failures=0"
dengfoc,"SYNC_TRUTH,sequence=661492,truth_tick_us=1324553648,mechanical_angle_rad=6.165069103,valid=1,read_failures=0"
dengfoc,"SYNC_TRUTH,sequence=661493,truth_tick_us=1324555648,mechanical_angle_rad=6.165069103,valid=1,read_failures=0"
dengfoc,"SYNC_TRUTH,sequence=661494,truth_tick_us=1324557648,mechanical_angle_rad=6.165069103,valid=1,read_failures=0"
dengfoc,"SYNC_TRUTH,sequence=661495,truth_tick_us=1324559648,mechanical_angle_rad=6.165069103,valid=1,read_failures=0"
dengfoc,"SYNC_TRUTH,sequence=661496,truth_tick_us=1324561648,mechanical_angle_rad=6.165069103,valid=1,read_failures=0"
dengfoc,"SYNC_TRUTH,sequence=661497,truth_tick_us=1324563648,mechanical_angle_rad=6.165069103,valid=1,read_failures=0"
dengfoc,"SYNC_TRUTH,sequence=661498,truth_tick_us=1324565648,mechanical_angle_rad=6.165069103,valid=1,read_failures=0"
dengfoc,"SYNC_TRUTH,sequence=661499,truth_tick_us=1324567648,mechanical_angle_rad=6.165069103,valid=1,read_failures=0"
dengfoc,"SYNC_TRUTH,sequence=661500,truth_tick_us=1324569648,mechanical_angle_rad=6.165069103,valid=1,read_failures=0"
dengfoc,"SYNC_TRUTH,sequence=661501,truth_tick_us=1324571648,mechanical_angle_rad=6.165069103,valid=1,read_failures=0"
dengfoc,"SYNC_TRUTH,sequence=661502,truth_tick_us=1324573648,mechanical_angle_rad=6.165069103,valid=1,read_failures=0"
dengfoc,"SYNC_TRUTH,sequence=661503,truth_tick_us=1324575648,mechanical_angle_rad=6.165069103,valid=1,read_failures=0"
dengfoc,"SYNC_TRUTH,sequence=661504,truth_tick_us=1324577648,mechanical_angle_rad=6.165069103,valid=1,read_failures=0"
dengfoc,"SYNC_TRUTH,sequence=661505,truth_tick_us=1324579648,mechanical_angle_rad=6.165069103,valid=1,read_failures=0"
dengfoc,"SYNC_TRUTH,sequence=661506,truth_tick_us=1324581648,mechanical_angle_rad=6.165069103,valid=1,read_failures=0"
dengfoc,"SYNC_TRUTH,sequence=661507,truth_tick_us=1324583648,mechanical_angle_rad=6.165069103,valid=1,read_failures=0"
dengfoc,"SYNC_TRUTH,sequence=661508,truth_tick_us=1324585648,mechanical_angle_rad=6.165069103,valid=1,read_failures=0"
dengfoc,"SYNC_TRUTH,sequence=661509,truth_tick_us=1324587648,mechanical_angle_rad=6.165069103,valid=1,read_failures=0"
dengfoc,"SYNC_TRUTH,sequence=661510,truth_tick_us=1324589648,mechanical_angle_rad=6.165069103,valid=1,read_failures=0"
dengfoc,"SYNC_TRUTH,sequence=661511,truth_tick_us=1324591648,mechanical_angle_rad=6.165069103,valid=1,read_failures=0"
dengfoc,"SYNC_TRUTH,sequence=661512,truth_tick_us=1324593648,mechanical_angle_rad=6.165069103,valid=1,read_failures=0"
dengfoc,"SYNC_TRUTH,sequence=661513,truth_tick_us=1324595648,mechanical_angle_rad=6.165069103,valid=1,read_failures=0"
dengfoc,"SYNC_TRUTH,sequence=661514,truth_tick_us=1324597648,mechanical_angle_rad=6.165069103,valid=1,read_failures=0"
dengfoc,"SYNC_TRUTH,sequence=661515,truth_tick_us=1324599648,mechanical_angle_rad=6.165069103,valid=1,read_failures=0"
dengfoc,"SYNC_TRUTH,sequence=661516,truth_tick_us=1324601648,mechanical_angle_rad=6.165069103,valid=1,read_failures=0"
dengfoc,"SYNC_TRUTH,sequence=661517,truth_tick_us=1324603648,mechanical_angle_rad=6.165069103,valid=1,read_failures=0"
dengfoc,"SYNC_TRUTH,sequence=661518,truth_tick_us=1324605648,mechanical_angle_rad=6.165069103,valid=1,read_failures=0"
dengfoc,"SYNC_TRUTH,sequence=661519,truth_tick_us=1324607648,mechanical_angle_rad=6.165069103,valid=1,read_failures=0"
dengfoc,"SYNC_TRUTH,sequence=661520,truth_tick_us=1324609648,mechanical_angle_rad=6.165069103,valid=1,read_failures=0"
dengfoc,"SYNC_TRUTH,sequence=661521,truth_tick_us=1324611648,mechanical_angle_rad=6.165069103,valid=1,read_failures=0"
dengfoc,"SYNC_TRUTH,sequence=661522,truth_tick_us=1324613648,mechanical_angle_rad=6.165069103,valid=1,read_failures=0"
dengfoc,"SYNC_TRUTH,sequence=661523,truth_tick_us=1324615648,mechanical_angle_rad=6.165069103,valid=1,read_failures=0"
dengfoc,"SYNC_TRUTH,sequence=661524,truth_tick_us=1324617648,mechanical_angle_rad=6.165069103,valid=1,read_failures=0"
dengfoc,"SYNC_TRUTH,sequence=661525,truth_tick_us=1324619648,mechanical_angle_rad=6.165069103,valid=1,read_failures=0"
dengfoc,"SYNC_TRUTH,sequence=661526,truth_tick_us=1324621648,mechanical_angle_rad=6.165069103,valid=1,read_failures=0"
dengfoc,"SYNC_TRUTH,sequence=661527,truth_tick_us=1324623648,mechanical_angle_rad=6.165069103,valid=1,read_failures=0"
dengfoc,"SYNC_TRUTH,sequence=661528,truth_tick_us=1324625648,mechanical_angle_rad=6.165069103,valid=1,read_failures=0"
dengfoc,"SYNC_TRUTH,sequence=661529,truth_tick_us=1324627648,mechanical_angle_rad=6.165069103,valid=1,read_failures=0"
dengfoc,"SYNC_TRUTH,sequence=661530,truth_tick_us=1324629648,mechanical_angle_rad=6.165069103,valid=1,read_failures=0"
dengfoc,"SYNC_TRUTH,sequence=661531,truth_tick_us=1324631648,mechanical_angle_rad=6.165069103,valid=1,read_failures=0"
dengfoc,"SYNC_TRUTH,sequence=661532,truth_tick_us=1324633648,mechanical_angle_rad=6.165069103,valid=1,read_failures=0"
dengfoc,"SYNC_TRUTH,sequence=661533,truth_tick_us=1324635648,mechanical_angle_rad=6.165069103,valid=1,read_failures=0"
dengfoc,"SYNC_TRUTH,sequence=661534,truth_tick_us=1324637648,mechanical_angle_rad=6.165069103,valid=1,read_failures=0"
dengfoc,"SYNC_TRUTH,sequence=661535,truth_tick_us=1324639648,mechanical_angle_rad=6.165069103,valid=1,read_failures=0"
dengfoc,"SYNC_TRUTH,sequence=661536,truth_tick_us=1324641648,mechanical_angle_rad=6.165069103,valid=1,read_failures=0"
dengfoc,"SYNC_TRUTH,sequence=661537,truth_tick_us=1324643648,mechanical_angle_rad=6.165069103,valid=1,read_failures=0"
dengfoc,"SYNC_TRUTH,sequence=661538,truth_tick_us=1324645648,mechanical_angle_rad=6.165069103,valid=1,read_failures=0"
dengfoc,"SYNC_TRUTH,sequence=661539,truth_tick_us=1324647648,mechanical_angle_rad=6.165069103,valid=1,read_failures=0"
dengfoc,"SYNC_TRUTH,sequence=661540,truth_tick_us=1324649648,mechanical_angle_rad=6.165069103,valid=1,read_failures=0"
dengfoc,"SYNC_TRUTH,sequence=661541,truth_tick_us=1324651648,mechanical_angle_rad=6.165069103,valid=1,read_failures=0"
dengfoc,"SYNC_TRUTH,sequence=661542,truth_tick_us=1324653648,mechanical_angle_rad=6.165069103,valid=1,read_failures=0"
dengfoc,"SYNC_TRUTH,sequence=661543,truth_tick_us=1324655648,mechanical_angle_rad=6.165069103,valid=1,read_failures=0"
dengfoc,"SYNC_TRUTH,sequence=661544,truth_tick_us=1324657648,mechanical_angle_rad=6.165069103,valid=1,read_failures=0"
dengfoc,"SYNC_TRUTH,sequence=661545,truth_tick_us=1324659648,mechanical_angle_rad=6.165069103,valid=1,read_failures=0"
dengfoc,"SYNC_TRUTH,sequence=661546,truth_tick_us=1324661648,mechanical_angle_rad=6.165069103,valid=1,read_failures=0"
dengfoc,"SYNC_TRUTH,sequence=661547,truth_tick_us=1324663648,mechanical_angle_rad=6.165069103,valid=1,read_failures=0"
dengfoc,"SYNC_TRUTH,sequence=661548,truth_tick_us=1324665648,mechanical_angle_rad=6.165069103,valid=1,read_failures=0"
dengfoc,"SYNC_TRUTH,sequence=661549,truth_tick_us=1324667648,mechanical_angle_rad=6.165069103,valid=1,read_failures=0"
dengfoc,"SYNC_TRUTH,sequence=661550,truth_tick_us=1324669648,mechanical_angle_rad=6.165069103,valid=1,read_failures=0"
dengfoc,"SYNC_TRUTH,sequence=661551,truth_tick_us=1324671648,mechanical_angle_rad=6.165069103,valid=1,read_failures=0"
dengfoc,"SYNC_TRUTH,sequence=661552,truth_tick_us=1324673648,mechanical_angle_rad=6.165069103,valid=1,read_failures=0"
dengfoc,"SYNC_TRUTH,sequence=661553,truth_tick_us=1324675648,mechanical_angle_rad=6.165069103,valid=1,read_failures=0"
dengfoc,"SYNC_TRUTH,sequence=661554,truth_tick_us=1324677648,mechanical_angle_rad=6.165069103,valid=1,read_failures=0"
dengfoc,"SYNC_TRUTH,sequence=661555,truth_tick_us=1324679648,mechanical_angle_rad=6.165069103,valid=1,read_failures=0"
dengfoc,"SYNC_TRUTH,sequence=661556,truth_tick_us=1324681648,mechanical_angle_rad=6.165069103,valid=1,read_failures=0"
dengfoc,"SYNC_TRUTH,sequence=661557,truth_tick_us=1324683648,mechanical_angle_rad=6.165069103,valid=1,read_failures=0"
dengfoc,"SYNC_TRUTH,sequence=661558,truth_tick_us=1324685648,mechanical_angle_rad=6.165069103,valid=1,read_failures=0"
dengfoc,"SYNC_TRUTH,sequence=661559,truth_tick_us=1324687648,mechanical_angle_rad=6.165069103,valid=1,read_failures=0"
dengfoc,"SYNC_TRUTH,sequence=661560,truth_tick_us=1324689648,mechanical_angle_rad=6.165069103,valid=1,read_failures=0"
dengfoc,"SYNC_TRUTH,sequence=661561,truth_tick_us=1324691648,mechanical_angle_rad=6.165069103,valid=1,read_failures=0"
dengfoc,"SYNC_TRUTH,sequence=661562,truth_tick_us=1324693648,mechanical_angle_rad=6.165069103,valid=1,read_failures=0"
dengfoc,"SYNC_TRUTH,sequence=661563,truth_tick_us=1324695648,mechanical_angle_rad=6.165069103,valid=1,read_failures=0"
dengfoc,"SYNC_TRUTH,sequence=661564,truth_tick_us=1324697648,mechanical_angle_rad=6.165069103,valid=1,read_failures=0"
dengfoc,"SYNC_TRUTH,sequence=661565,truth_tick_us=1324699648,mechanical_angle_rad=6.165069103,valid=1,read_failures=0"
dengfoc,"SYNC_TRUTH,sequence=661566,truth_tick_us=1324701648,mechanical_angle_rad=6.165069103,valid=1,read_failures=0"
dengfoc,"SYNC_TRUTH,sequence=661567,truth_tick_us=1324703648,mechanical_angle_rad=6.165069103,valid=1,read_failures=0"
dengfoc,"SYNC_TRUTH,sequence=661568,truth_tick_us=1324705648,mechanical_angle_rad=6.165069103,valid=1,read_failures=0"
dengfoc,"SYNC_TRUTH,sequence=661569,truth_tick_us=1324707648,mechanical_angle_rad=6.165069103,valid=1,read_failures=0"
dengfoc,"SYNC_TRUTH,sequence=661570,truth_tick_us=1324709648,mechanical_angle_rad=6.165069103,valid=1,read_failures=0"
dengfoc,"SYNC_TRUTH,sequence=661571,truth_tick_us=1324711648,mechanical_angle_rad=6.165069103,valid=1,read_failures=0"
dengfoc,"SYNC_TRUTH,sequence=661572,truth_tick_us=1324713648,mechanical_angle_rad=6.165069103,valid=1,read_failures=0"
dengfoc,"SYNC_TRUTH,sequence=661573,truth_tick_us=1324715648,mechanical_angle_rad=6.165069103,valid=1,read_failures=0"
dengfoc,"SYNC_TRUTH,sequence=661574,truth_tick_us=1324717648,mechanical_angle_rad=6.165069103,valid=1,read_failures=0"
dengfoc,"SYNC_TRUTH,sequence=661575,truth_tick_us=1324719648,mechanical_angle_rad=6.165069103,valid=1,read_failures=0"
dengfoc,"SYNC_TRUTH,sequence=661576,truth_tick_us=1324721648,mechanical_angle_rad=6.165069103,valid=1,read_failures=0"
dengfoc,"SYNC_TRUTH,sequence=661577,truth_tick_us=1324723648,mechanical_angle_rad=6.165069103,valid=1,read_failures=0"
dengfoc,"SYNC_TRUTH,sequence=661578,truth_tick_us=1324725648,mechanical_angle_rad=6.165069103,valid=1,read_failures=0"
dengfoc,"SYNC_TRUTH,sequence=661579,truth_tick_us=1324727648,mechanical_angle_rad=6.165069103,valid=1,read_failures=0"
dengfoc,"SYNC_TRUTH,sequence=661580,truth_tick_us=1324729648,mechanical_angle_rad=6.165069103,valid=1,read_failures=0"
dengfoc,"SYNC_TRUTH,sequence=661581,truth_tick_us=1324731648,mechanical_angle_rad=6.165069103,valid=1,read_failures=0"
dengfoc,"SYNC_TRUTH,sequence=661582,truth_tick_us=1324733648,mechanical_angle_rad=6.165069103,valid=1,read_failures=0"
dengfoc,"SYNC_TRUTH,sequence=661583,truth_tick_us=1324735648,mechanical_angle_rad=6.165069103,valid=1,read_failures=0"
dengfoc,"SYNC_TRUTH,sequence=661584,truth_tick_us=1324737648,mechanical_angle_rad=6.165069103,valid=1,read_failures=0"
dengfoc,"SYNC_TRUTH,sequence=661585,truth_tick_us=1324739648,mechanical_angle_rad=6.165069103,valid=1,read_failures=0"
dengfoc,"SYNC_TRUTH,sequence=661586,truth_tick_us=1324741648,mechanical_angle_rad=6.165069103,valid=1,read_failures=0"
dengfoc,"SYNC_TRUTH,sequence=661587,truth_tick_us=1324743648,mechanical_angle_rad=6.165069103,valid=1,read_failures=0"
dengfoc,"SYNC_TRUTH,sequence=661588,truth_tick_us=1324745648,mechanical_angle_rad=6.165069103,valid=1,read_failures=0"
dengfoc,"SYNC_TRUTH,sequence=661589,truth_tick_us=1324747648,mechanical_angle_rad=6.165069103,valid=1,read_failures=0"
dengfoc,"SYNC_TRUTH,sequence=661590,truth_tick_us=1324749648,mechanical_angle_rad=6.165069103,valid=1,read_failures=0"
dengfoc,"SYNC_TRUTH,sequence=661591,truth_tick_us=1324751648,mechanical_angle_rad=6.165069103,valid=1,read_failures=0"
dengfoc,"SYNC_TRUTH,sequence=661592,truth_tick_us=1324753648,mechanical_angle_rad=6.165069103,valid=1,read_failures=0"
dengfoc,"SYNC_TRUTH,sequence=661593,truth_tick_us=1324755648,mechanical_angle_rad=6.165069103,valid=1,read_failures=0"
dengfoc,"SYNC_TRUTH,sequence=661594,truth_tick_us=1324757648,mechanical_angle_rad=6.165069103,valid=1,read_failures=0"
dengfoc,"SYNC_TRUTH,sequence=661595,truth_tick_us=1324759648,mechanical_angle_rad=6.165069103,valid=1,read_failures=0"
dengfoc,"SYNC_TRUTH,sequence=661596,truth_tick_us=1324761648,mechanical_angle_rad=6.165069103,valid=1,read_failures=0"
dengfoc,"SYNC_TRUTH,sequence=661597,truth_tick_us=1324763648,mechanical_angle_rad=6.165069103,valid=1,read_failures=0"
dengfoc,"SYNC_TRUTH,sequence=661598,truth_tick_us=1324765648,mechanical_angle_rad=6.165069103,valid=1,read_failures=0"
dengfoc,"SYNC_TRUTH,sequence=661599,truth_tick_us=1324767648,mechanical_angle_rad=6.165069103,valid=1,read_failures=0"
dengfoc,"SYNC_TRUTH,sequence=661600,truth_tick_us=1324769648,mechanical_angle_rad=6.165069103,valid=1,read_failures=0"
dengfoc,"SYNC_TRUTH,sequence=661601,truth_tick_us=1324771648,mechanical_angle_rad=6.165069103,valid=1,read_failures=0"
dengfoc,"SYNC_TRUTH,sequence=661602,truth_tick_us=1324773648,mechanical_angle_rad=6.165069103,valid=1,read_failures=0"
dengfoc,"SYNC_TRUTH,sequence=661603,truth_tick_us=1324775648,mechanical_angle_rad=6.165069103,valid=1,read_failures=0"
dengfoc,"SYNC_TRUTH,sequence=661604,truth_tick_us=1324777648,mechanical_angle_rad=6.165069103,valid=1,read_failures=0"
dengfoc,"SYNC_TRUTH,sequence=661605,truth_tick_us=1324779648,mechanical_angle_rad=6.165069103,valid=1,read_failures=0"
dengfoc,"SYNC_TRUTH,sequence=661606,truth_tick_us=1324781648,mechanical_angle_rad=6.165069103,valid=1,read_failures=0"
dengfoc,"SYNC_TRUTH,sequence=661607,truth_tick_us=1324783648,mechanical_angle_rad=6.165069103,valid=1,read_failures=0"
dengfoc,"SYNC_TRUTH,sequence=661608,truth_tick_us=1324785648,mechanical_angle_rad=6.165069103,valid=1,read_failures=0"
dengfoc,"SYNC_TRUTH,sequence=661609,truth_tick_us=1324787648,mechanical_angle_rad=6.165069103,valid=1,read_failures=0"
dengfoc,"SYNC_TRUTH,sequence=661610,truth_tick_us=1324789648,mechanical_angle_rad=6.165069103,valid=1,read_failures=0"
dengfoc,"SYNC_TRUTH,sequence=661611,truth_tick_us=1324791648,mechanical_angle_rad=6.165069103,valid=1,read_failures=0"
dengfoc,"SYNC_TRUTH,sequence=661612,truth_tick_us=1324793648,mechanical_angle_rad=6.165069103,valid=1,read_failures=0"
dengfoc,"SYNC_TRUTH,sequence=661613,truth_tick_us=1324795648,mechanical_angle_rad=6.165069103,valid=1,read_failures=0"
dengfoc,"SYNC_TRUTH,sequence=661614,truth_tick_us=1324797648,mechanical_angle_rad=6.165069103,valid=1,read_failures=0"
dengfoc,"SYNC_TRUTH,sequence=661615,truth_tick_us=1324799648,mechanical_angle_rad=6.165069103,valid=1,read_failures=0"
dengfoc,"SYNC_TRUTH,sequence=661616,truth_tick_us=1324801648,mechanical_angle_rad=6.165069103,valid=1,read_failures=0"
dengfoc,"SYNC_TRUTH,sequence=661617,truth_tick_us=1324803648,mechanical_angle_rad=6.165069103,valid=1,read_failures=0"
dengfoc,"SYNC_TRUTH,sequence=661618,truth_tick_us=1324805648,mechanical_angle_rad=6.165069103,valid=1,read_failures=0"
dengfoc,"SYNC_TRUTH,sequence=661619,truth_tick_us=1324807648,mechanical_angle_rad=6.165069103,valid=1,read_failures=0"
dengfoc,"SYNC_TRUTH,sequence=661620,truth_tick_us=1324809648,mechanical_angle_rad=6.165069103,valid=1,read_failures=0"
dengfoc,"SYNC_TRUTH,sequence=661621,truth_tick_us=1324811648,mechanical_angle_rad=6.165069103,valid=1,read_failures=0"
dengfoc,"SYNC_TRUTH,sequence=661622,truth_tick_us=1324813648,mechanical_angle_rad=6.165069103,valid=1,read_failures=0"
dengfoc,"SYNC_TRUTH,sequence=661623,truth_tick_us=1324815648,mechanical_angle_rad=6.165069103,valid=1,read_failures=0"
dengfoc,"SYNC_TRUTH,sequence=661624,truth_tick_us=1324817648,mechanical_angle_rad=6.165069103,valid=1,read_failures=0"
dengfoc,"SYNC_TRUTH,sequence=661625,truth_tick_us=1324819648,mechanical_angle_rad=6.165069103,valid=1,read_failures=0"
dengfoc,"SYNC_TRUTH,sequence=661626,truth_tick_us=1324821648,mechanical_angle_rad=6.165069103,valid=1,read_failures=0"
dengfoc,"SYNC_TRUTH,sequence=661627,truth_tick_us=1324823648,mechanical_angle_rad=6.165069103,valid=1,read_failures=0"
dengfoc,"SYNC_TRUTH,sequence=661628,truth_tick_us=1324825648,mechanical_angle_rad=6.165069103,valid=1,read_failures=0"
dengfoc,"SYNC_TRUTH,sequence=661629,truth_tick_us=1324827648,mechanical_angle_rad=6.165069103,valid=1,read_failures=0"
dengfoc,"SYNC_TRUTH,sequence=661630,truth_tick_us=1324829648,mechanical_angle_rad=6.165069103,valid=1,read_failures=0"
dengfoc,"SYNC_TRUTH,sequence=661631,truth_tick_us=1324831648,mechanical_angle_rad=6.165069103,valid=1,read_failures=0"
dengfoc,"SYNC_TRUTH,sequence=661632,truth_tick_us=1324833648,mechanical_angle_rad=6.165069103,valid=1,read_failures=0"
dengfoc,"SYNC_TRUTH,sequence=661633,truth_tick_us=1324835648,mechanical_angle_rad=6.165069103,valid=1,read_failures=0"
dengfoc,"SYNC_TRUTH,sequence=661634,truth_tick_us=1324837648,mechanical_angle_rad=6.165069103,valid=1,read_failures=0"
dengfoc,"SYNC_TRUTH,sequence=661635,truth_tick_us=1324839648,mechanical_angle_rad=6.165069103,valid=1,read_failures=0"
dengfoc,"SYNC_TRUTH,sequence=661636,truth_tick_us=1324841648,mechanical_angle_rad=6.165069103,valid=1,read_failures=0"
dengfoc,"SYNC_TRUTH,sequence=661637,truth_tick_us=1324843648,mechanical_angle_rad=6.165069103,valid=1,read_failures=0"
dengfoc,"SYNC_TRUTH,sequence=661638,truth_tick_us=1324845648,mechanical_angle_rad=6.165069103,valid=1,read_failures=0"
g431,"ALV,0000231f,1081684,0,0,13"
dengfoc,"SYNC_TRUTH,sequence=661639,truth_tick_us=1324847648,mechanical_angle_rad=6.165069103,valid=1,read_failures=0"
dengfoc,"SYNC_TRUTH,sequence=661640,truth_tick_us=1324849648,mechanical_angle_rad=6.165069103,valid=1,read_failures=0"
dengfoc,"SYNC_TRUTH,sequence=661641,truth_tick_us=1324851648,mechanical_angle_rad=6.165069103,valid=1,read_failures=0"
dengfoc,"SYNC_TRUTH,sequence=661642,truth_tick_us=1324853648,mechanical_angle_rad=6.165069103,valid=1,read_failures=0"
dengfoc,"SYNC_TRUTH,sequence=661643,truth_tick_us=1324855648,mechanical_angle_rad=6.165069103,valid=1,read_failures=0"
dengfoc,"SYNC_TRUTH,sequence=661644,truth_tick_us=1324857648,mechanical_angle_rad=6.165069103,valid=1,read_failures=0"
dengfoc,"SYNC_TRUTH,sequence=661645,truth_tick_us=1324859648,mechanical_angle_rad=6.165069103,valid=1,read_failures=0"
dengfoc,"SYNC_TRUTH,sequence=661646,truth_tick_us=1324861648,mechanical_angle_rad=6.165069103,valid=1,read_failures=0"
dengfoc,"SYNC_TRUTH,sequence=661647,truth_tick_us=1324863648,mechanical_angle_rad=6.165069103,valid=1,read_failures=0"
dengfoc,"SYNC_TRUTH,sequence=661648,truth_tick_us=1324865648,mechanical_angle_rad=6.165069103,valid=1,read_failures=0"
dengfoc,"SYNC_TRUTH,sequence=661649,truth_tick_us=1324867648,mechanical_angle_rad=6.165069103,valid=1,read_failures=0"
dengfoc,"SYNC_TRUTH,sequence=661650,truth_tick_us=1324869648,mechanical_angle_rad=6.165069103,valid=1,read_failures=0"
dengfoc,"SYNC_TRUTH,sequence=661651,truth_tick_us=1324871648,mechanical_angle_rad=6.165069103,valid=1,read_failures=0"
dengfoc,"SYNC_TRUTH,sequence=661652,truth_tick_us=1324873648,mechanical_angle_rad=6.165069103,valid=1,read_failures=0"
dengfoc,"SYNC_TRUTH,sequence=661653,truth_tick_us=1324875648,mechanical_angle_rad=6.165069103,valid=1,read_failures=0"
dengfoc,"SYNC_TRUTH,sequence=661654,truth_tick_us=1324877648,mechanical_angle_rad=6.165069103,valid=1,read_failures=0"
dengfoc,"SYNC_TRUTH,sequence=661655,truth_tick_us=1324879648,mechanical_angle_rad=6.165069103,valid=1,read_failures=0"
dengfoc,"SYNC_TRUTH,sequence=661656,truth_tick_us=1324881648,mechanical_angle_rad=6.165069103,valid=1,read_failures=0"
dengfoc,"SYNC_TRUTH,sequence=661657,truth_tick_us=1324883648,mechanical_angle_rad=6.165069103,valid=1,read_failures=0"
dengfoc,"SYNC_TRUTH,sequence=661658,truth_tick_us=1324885648,mechanical_angle_rad=6.165069103,valid=1,read_failures=0"
dengfoc,"SYNC_TRUTH,sequence=661659,truth_tick_us=1324887648,mechanical_angle_rad=6.165069103,valid=1,read_failures=0"
dengfoc,"SYNC_TRUTH,sequence=661660,truth_tick_us=1324889648,mechanical_angle_rad=6.165069103,valid=1,read_failures=0"
dengfoc,"SYNC_TRUTH,sequence=661661,truth_tick_us=1324891648,mechanical_angle_rad=6.165069103,valid=1,read_failures=0"
dengfoc,"SYNC_TRUTH,sequence=661662,truth_tick_us=1324893648,mechanical_angle_rad=6.165069103,valid=1,read_failures=0"
dengfoc,"SYNC_TRUTH,sequence=661663,truth_tick_us=1324895648,mechanical_angle_rad=6.165069103,valid=1,read_failures=0"
dengfoc,"SYNC_TRUTH,sequence=661664,truth_tick_us=1324897648,mechanical_angle_rad=6.165069103,valid=1,read_failures=0"
dengfoc,"SYNC_TRUTH,sequence=661665,truth_tick_us=1324899648,mechanical_angle_rad=6.165069103,valid=1,read_failures=0"
dengfoc,"SYNC_TRUTH,sequence=661666,truth_tick_us=1324901648,mechanical_angle_rad=6.165069103,valid=1,read_failures=0"
dengfoc,"SYNC_TRUTH,sequence=661667,truth_tick_us=1324903648,mechanical_angle_rad=6.165069103,valid=1,read_failures=0"
dengfoc,"SYNC_TRUTH,sequence=661668,truth_tick_us=1324905648,mechanical_angle_rad=6.165069103,valid=1,read_failures=0"
dengfoc,"SYNC_TRUTH,sequence=661669,truth_tick_us=1324907648,mechanical_angle_rad=6.165069103,valid=1,read_failures=0"
dengfoc,"SYNC_TRUTH,sequence=661670,truth_tick_us=1324909648,mechanical_angle_rad=6.165069103,valid=1,read_failures=0"
dengfoc,"SYNC_TRUTH,sequence=661671,truth_tick_us=1324911648,mechanical_angle_rad=6.165069103,valid=1,read_failures=0"
dengfoc,"SYNC_TRUTH,sequence=661672,truth_tick_us=1324913648,mechanical_angle_rad=6.165069103,valid=1,read_failures=0"
dengfoc,"SYNC_TRUTH,sequence=661673,truth_tick_us=1324915648,mechanical_angle_rad=6.165069103,valid=1,read_failures=0"
dengfoc,"SYNC_TRUTH,sequence=661674,truth_tick_us=1324917648,mechanical_angle_rad=6.165069103,valid=1,read_failures=0"
dengfoc,"SYNC_TRUTH,sequence=661675,truth_tick_us=1324919648,mechanical_angle_rad=6.165069103,valid=1,read_failures=0"
dengfoc,"SYNC_TRUTH,sequence=661676,truth_tick_us=1324921648,mechanical_angle_rad=6.165069103,valid=1,read_failures=0"
dengfoc,"SYNC_TRUTH,sequence=661677,truth_tick_us=1324923648,mechanical_angle_rad=6.165069103,valid=1,read_failures=0"
dengfoc,"SYNC_TRUTH,sequence=661678,truth_tick_us=1324925648,mechanical_angle_rad=6.165069103,valid=1,read_failures=0"
dengfoc,"SYNC_TRUTH,sequence=661679,truth_tick_us=1324927648,mechanical_angle_rad=6.165069103,valid=1,read_failures=0"
dengfoc,"SYNC_TRUTH,sequence=661680,truth_tick_us=1324929648,mechanical_angle_rad=6.165069103,valid=1,read_failures=0"
dengfoc,"SYNC_TRUTH,sequence=661681,truth_tick_us=1324931648,mechanical_angle_rad=6.165069103,valid=1,read_failures=0"
dengfoc,"SYNC_TRUTH,sequence=661682,truth_tick_us=1324933648,mechanical_angle_rad=6.165069103,valid=1,read_failures=0"
dengfoc,"SYNC_TRUTH,sequence=661683,truth_tick_us=1324935648,mechanical_angle_rad=6.165069103,valid=1,read_failures=0"
dengfoc,"SYNC_TRUTH,sequence=661684,truth_tick_us=1324937648,mechanical_angle_rad=6.165069103,valid=1,read_failures=0"
dengfoc,"SYNC_TRUTH,sequence=661685,truth_tick_us=1324939648,mechanical_angle_rad=6.165069103,valid=1,read_failures=0"
dengfoc,"SYNC_TRUTH,sequence=661686,truth_tick_us=1324941648,mechanical_angle_rad=6.165069103,valid=1,read_failures=0"
dengfoc,"SYNC_TRUTH,sequence=661687,truth_tick_us=1324943648,mechanical_angle_rad=6.165069103,valid=1,read_failures=0"
dengfoc,"SYNC_TRUTH,sequence=661688,truth_tick_us=1324945648,mechanical_angle_rad=6.165069103,valid=1,read_failures=0"
dengfoc,"SYNC_TRUTH,sequence=661689,truth_tick_us=1324947648,mechanical_angle_rad=6.165069103,valid=1,read_failures=0"
dengfoc,"SYNC_TRUTH,sequence=661690,truth_tick_us=1324949648,mechanical_angle_rad=6.165069103,valid=1,read_failures=0"
dengfoc,"SYNC_TRUTH,sequence=661691,truth_tick_us=1324951648,mechanical_angle_rad=6.165069103,valid=1,read_failures=0"
dengfoc,"SYNC_TRUTH,sequence=661692,truth_tick_us=1324953648,mechanical_angle_rad=6.165069103,valid=1,read_failures=0"
dengfoc,"SYNC_TRUTH,sequence=661693,truth_tick_us=1324955648,mechanical_angle_rad=6.165069103,valid=1,read_failures=0"
dengfoc,"SYNC_TRUTH,sequence=661694,truth_tick_us=1324957648,mechanical_angle_rad=6.165069103,valid=1,read_failures=0"
dengfoc,"SYNC_TRUTH,sequence=661695,truth_tick_us=1324959648,mechanical_angle_rad=6.165069103,valid=1,read_failures=0"
dengfoc,"SYNC_TRUTH,sequence=661696,truth_tick_us=1324961648,mechanical_angle_rad=6.165069103,valid=1,read_failures=0"
dengfoc,"SYNC_TRUTH,sequence=661697,truth_tick_us=1324963648,mechanical_angle_rad=6.165069103,valid=1,read_failures=0"
dengfoc,"SYNC_TRUTH,sequence=661698,truth_tick_us=1324965648,mechanical_angle_rad=6.165069103,valid=1,read_failures=0"
dengfoc,"SYNC_TRUTH,sequence=661699,truth_tick_us=1324967648,mechanical_angle_rad=6.165069103,valid=1,read_failures=0"
dengfoc,"SYNC_TRUTH,sequence=661700,truth_tick_us=1324969648,mechanical_angle_rad=6.165069103,valid=1,read_failures=0"
dengfoc,"SYNC_TRUTH,sequence=661701,truth_tick_us=1324971648,mechanical_angle_rad=6.165069103,valid=1,read_failures=0"
dengfoc,"SYNC_TRUTH,sequence=661702,truth_tick_us=1324973648,mechanical_angle_rad=6.165069103,valid=1,read_failures=0"
dengfoc,"SYNC_TRUTH,sequence=661703,truth_tick_us=1324975648,mechanical_angle_rad=6.165069103,valid=1,read_failures=0"
dengfoc,"SYNC_TRUTH,sequence=661704,truth_tick_us=1324977648,mechanical_angle_rad=6.165069103,valid=1,read_failures=0"
dengfoc,"SYNC_TRUTH,sequence=661705,truth_tick_us=1324979648,mechanical_angle_rad=6.165069103,valid=1,read_failures=0"
dengfoc,"SYNC_TRUTH,sequence=661706,truth_tick_us=1324981648,mechanical_angle_rad=6.165069103,valid=1,read_failures=0"
dengfoc,"SYNC_TRUTH,sequence=661707,truth_tick_us=1324983648,mechanical_angle_rad=6.165069103,valid=1,read_failures=0"
dengfoc,"SYNC_TRUTH,sequence=661708,truth_tick_us=1324985648,mechanical_angle_rad=6.165069103,valid=1,read_failures=0"
dengfoc,"SYNC_TRUTH,sequence=661709,truth_tick_us=1324987648,mechanical_angle_rad=6.165069103,valid=1,read_failures=0"
dengfoc,"SYNC_TRUTH,sequence=661710,truth_tick_us=1324989648,mechanical_angle_rad=6.165069103,valid=1,read_failures=0"
dengfoc,"SYNC_TRUTH,sequence=661711,truth_tick_us=1324991648,mechanical_angle_rad=6.165069103,valid=1,read_failures=0"
dengfoc,"SYNC_TRUTH,sequence=661712,truth_tick_us=1324993648,mechanical_angle_rad=6.165069103,valid=1,read_failures=0"
dengfoc,"SYNC_TRUTH,sequence=661713,truth_tick_us=1324995648,mechanical_angle_rad=6.165069103,valid=1,read_failures=0"
dengfoc,"SYNC_TRUTH,sequence=661714,truth_tick_us=1324997648,mechanical_angle_rad=6.165069103,valid=1,read_failures=0"
dengfoc,"SYNC_TRUTH,sequence=661715,truth_tick_us=1324999648,mechanical_angle_rad=6.165069103,valid=1,read_failures=0"
dengfoc,"SYNC_TRUTH,sequence=661716,truth_tick_us=1325001648,mechanical_angle_rad=6.165069103,valid=1,read_failures=0"
dengfoc,"SYNC_TRUTH,sequence=661717,truth_tick_us=1325003648,mechanical_angle_rad=6.165069103,valid=1,read_failures=0"
dengfoc,"SYNC_TRUTH,sequence=661718,truth_tick_us=1325005648,mechanical_angle_rad=6.165069103,valid=1,read_failures=0"
dengfoc,"SYNC_TRUTH,sequence=661719,truth_tick_us=1325007648,mechanical_angle_rad=6.165069103,valid=1,read_failures=0"
dengfoc,"SYNC_TRUTH,sequence=661720,truth_tick_us=1325009648,mechanical_angle_rad=6.165069103,valid=1,read_failures=0"
dengfoc,"SYNC_TRUTH,sequence=661721,truth_tick_us=1325011648,mechanical_angle_rad=6.165069103,valid=1,read_failures=0"
dengfoc,"SYNC_TRUTH,sequence=661722,truth_tick_us=1325013648,mechanical_angle_rad=6.165069103,valid=1,read_failures=0"
dengfoc,"SYNC_TRUTH,sequence=661723,truth_tick_us=1325015648,mechanical_angle_rad=6.165069103,valid=1,read_failures=0"
dengfoc,"SYNC_TRUTH,sequence=661724,truth_tick_us=1325017648,mechanical_angle_rad=6.165069103,valid=1,read_failures=0"
dengfoc,"SYNC_TRUTH,sequence=661725,truth_tick_us=1325019648,mechanical_angle_rad=6.165069103,valid=1,read_failures=0"
dengfoc,"SYNC_TRUTH,sequence=661726,truth_tick_us=1325021648,mechanical_angle_rad=6.165069103,valid=1,read_failures=0"
dengfoc,"SYNC_TRUTH,sequence=661727,truth_tick_us=1325023648,mechanical_angle_rad=6.165069103,valid=1,read_failures=0"
dengfoc,"SYNC_TRUTH,sequence=661728,truth_tick_us=1325025648,mechanical_angle_rad=6.165069103,valid=1,read_failures=0"
dengfoc,"SYNC_TRUTH,sequence=661729,truth_tick_us=1325027648,mechanical_angle_rad=6.165069103,valid=1,read_failures=0"
dengfoc,"SYNC_TRUTH,sequence=661730,truth_tick_us=1325029648,mechanical_angle_rad=6.165069103,valid=1,read_failures=0"
dengfoc,"SYNC_TRUTH,sequence=661731,truth_tick_us=1325031648,mechanical_angle_rad=6.165069103,valid=1,read_failures=0"
dengfoc,"SYNC_TRUTH,sequence=661732,truth_tick_us=1325033648,mechanical_angle_rad=6.165069103,valid=1,read_failures=0"
dengfoc,"SYNC_TRUTH,sequence=661733,truth_tick_us=1325035648,mechanical_angle_rad=6.165069103,valid=1,read_failures=0"
dengfoc,"SYNC_TRUTH,sequence=661734,truth_tick_us=1325037648,mechanical_angle_rad=6.165069103,valid=1,read_failures=0"
dengfoc,"SYNC_TRUTH,sequence=661735,truth_tick_us=1325039648,mechanical_angle_rad=6.165069103,valid=1,read_failures=0"
dengfoc,"SYNC_TRUTH,sequence=661736,truth_tick_us=1325041648,mechanical_angle_rad=6.165069103,valid=1,read_failures=0"
dengfoc,"SYNC_TRUTH,sequence=661737,truth_tick_us=1325043648,mechanical_angle_rad=6.165069103,valid=1,read_failures=0"
dengfoc,"SYNC_TRUTH,sequence=661738,truth_tick_us=1325045648,mechanical_angle_rad=6.165069103,valid=1,read_failures=0"
dengfoc,"SYNC_TRUTH,sequence=661739,truth_tick_us=1325047648,mechanical_angle_rad=6.165069103,valid=1,read_failures=0"
dengfoc,"SYNC_TRUTH,sequence=661740,truth_tick_us=1325049648,mechanical_angle_rad=6.165069103,valid=1,read_failures=0"
dengfoc,"SYNC_TRUTH,sequence=661741,truth_tick_us=1325051648,mechanical_angle_rad=6.165069103,valid=1,read_failures=0"
dengfoc,"SYNC_TRUTH,sequence=661742,truth_tick_us=1325053648,mechanical_angle_rad=6.165069103,valid=1,read_failures=0"
dengfoc,"SYNC_TRUTH,sequence=661743,truth_tick_us=1325055648,mechanical_angle_rad=6.165069103,valid=1,read_failures=0"
dengfoc,"SYNC_TRUTH,sequence=661744,truth_tick_us=1325057648,mechanical_angle_rad=6.165069103,valid=1,read_failures=0"
dengfoc,"SYNC_TRUTH,sequence=661745,truth_tick_us=1325059648,mechanical_angle_rad=6.165069103,valid=1,read_failures=0"
dengfoc,"SYNC_TRUTH,sequence=661746,truth_tick_us=1325061648,mechanical_angle_rad=6.165069103,valid=1,read_failures=0"
dengfoc,"SYNC_TRUTH,sequence=661747,truth_tick_us=1325063648,mechanical_angle_rad=6.165069103,valid=1,read_failures=0"
dengfoc,"SYNC_TRUTH,sequence=661748,truth_tick_us=1325065648,mechanical_angle_rad=6.165069103,valid=1,read_failures=0"
dengfoc,"SYNC_TRUTH,sequence=661749,truth_tick_us=1325067648,mechanical_angle_rad=6.165069103,valid=1,read_failures=0"
dengfoc,"SYNC_TRUTH,sequence=661750,truth_tick_us=1325069648,mechanical_angle_rad=6.165069103,valid=1,read_failures=0"
dengfoc,"SYNC_TRUTH,sequence=661751,truth_tick_us=1325071648,mechanical_angle_rad=6.165069103,valid=1,read_failures=0"
dengfoc,"SYNC_TRUTH,sequence=661752,truth_tick_us=1325073648,mechanical_angle_rad=6.165069103,valid=1,read_failures=0"
dengfoc,"SYNC_TRUTH,sequence=661753,truth_tick_us=1325075648,mechanical_angle_rad=6.165069103,valid=1,read_failures=0"
dengfoc,"SYNC_TRUTH,sequence=661754,truth_tick_us=1325077648,mechanical_angle_rad=6.165069103,valid=1,read_failures=0"
dengfoc,"SYNC_TRUTH,sequence=661755,truth_tick_us=1325079648,mechanical_angle_rad=6.165069103,valid=1,read_failures=0"
dengfoc,"SYNC_TRUTH,sequence=661756,truth_tick_us=1325081648,mechanical_angle_rad=6.165069103,valid=1,read_failures=0"
dengfoc,"SYNC_TRUTH,sequence=661757,truth_tick_us=1325083648,mechanical_angle_rad=6.165069103,valid=1,read_failures=0"
dengfoc,"SYNC_TRUTH,sequence=661758,truth_tick_us=1325085648,mechanical_angle_rad=6.165069103,valid=1,read_failures=0"
dengfoc,"SYNC_TRUTH,sequence=661759,truth_tick_us=1325087648,mechanical_angle_rad=6.165069103,valid=1,read_failures=0"
dengfoc,"SYNC_TRUTH,sequence=661760,truth_tick_us=1325089648,mechanical_angle_rad=6.165069103,valid=1,read_failures=0"
dengfoc,"SYNC_TRUTH,sequence=661761,truth_tick_us=1325091648,mechanical_angle_rad=6.165069103,valid=1,read_failures=0"
dengfoc,"SYNC_TRUTH,sequence=661762,truth_tick_us=1325093648,mechanical_angle_rad=6.165069103,valid=1,read_failures=0"
dengfoc,"SYNC_TRUTH,sequence=661763,truth_tick_us=1325095648,mechanical_angle_rad=6.165069103,valid=1,read_failures=0"
dengfoc,"SYNC_TRUTH,sequence=661764,truth_tick_us=1325097648,mechanical_angle_rad=6.165069103,valid=1,read_failures=0"
dengfoc,"SYNC_TRUTH,sequence=661765,truth_tick_us=1325099648,mechanical_angle_rad=6.165069103,valid=1,read_failures=0"
dengfoc,"SYNC_TRUTH,sequence=661766,truth_tick_us=1325101648,mechanical_angle_rad=6.165069103,valid=1,read_failures=0"
dengfoc,"SYNC_TRUTH,sequence=661767,truth_tick_us=1325103648,mechanical_angle_rad=6.165069103,valid=1,read_failures=0"
dengfoc,"SYNC_TRUTH,sequence=661768,truth_tick_us=1325105648,mechanical_angle_rad=6.165069103,valid=1,read_failures=0"
dengfoc,"SYNC_TRUTH,sequence=661769,truth_tick_us=1325107648,mechanical_angle_rad=6.165069103,valid=1,read_failures=0"
dengfoc,"SYNC_TRUTH,sequence=661770,truth_tick_us=1325109648,mechanical_angle_rad=6.165069103,valid=1,read_failures=0"
dengfoc,"SYNC_TRUTH,sequence=661771,truth_tick_us=1325111648,mechanical_angle_rad=6.165069103,valid=1,read_failures=0"
dengfoc,"SYNC_TRUTH,sequence=661772,truth_tick_us=1325113648,mechanical_angle_rad=6.165069103,valid=1,read_failures=0"
dengfoc,"SYNC_TRUTH,sequence=661773,truth_tick_us=1325115648,mechanical_angle_rad=6.165069103,valid=1,read_failures=0"
dengfoc,"SYNC_TRUTH,sequence=661774,truth_tick_us=1325117648,mechanical_angle_rad=6.165069103,valid=1,read_failures=0"
dengfoc,"SYNC_TRUTH,sequence=661775,truth_tick_us=1325119648,mechanical_angle_rad=6.165069103,valid=1,read_failures=0"
dengfoc,"SYNC_TRUTH,sequence=661776,truth_tick_us=1325121648,mechanical_angle_rad=6.165069103,valid=1,read_failures=0"
dengfoc,"SYNC_TRUTH,sequence=661777,truth_tick_us=1325123648,mechanical_angle_rad=6.165069103,valid=1,read_failures=0"
dengfoc,"SYNC_TRUTH,sequence=661778,truth_tick_us=1325125648,mechanical_angle_rad=6.165069103,valid=1,read_failures=0"
dengfoc,"SYNC_TRUTH,sequence=661779,truth_tick_us=1325127648,mechanical_angle_rad=6.165069103,valid=1,read_failures=0"
dengfoc,"SYNC_TRUTH,sequence=661780,truth_tick_us=1325129648,mechanical_angle_rad=6.165069103,valid=1,read_failures=0"
dengfoc,"SYNC_TRUTH,sequence=661781,truth_tick_us=1325131648,mechanical_angle_rad=6.165069103,valid=1,read_failures=0"
dengfoc,"SYNC_TRUTH,sequence=661782,truth_tick_us=1325133648,mechanical_angle_rad=6.165069103,valid=1,read_failures=0"
dengfoc,"SYNC_TRUTH,sequence=661783,truth_tick_us=1325135648,mechanical_angle_rad=6.165069103,valid=1,read_failures=0"
dengfoc,"SYNC_TRUTH,sequence=661784,truth_tick_us=1325137648,mechanical_angle_rad=6.165069103,valid=1,read_failures=0"
dengfoc,"SYNC_TRUTH,sequence=661785,truth_tick_us=1325139648,mechanical_angle_rad=6.165069103,valid=1,read_failures=0"
dengfoc,"SYNC_TRUTH,sequence=661786,truth_tick_us=1325141648,mechanical_angle_rad=6.165069103,valid=1,read_failures=0"
dengfoc,"SYNC_TRUTH,sequence=661787,truth_tick_us=1325143648,mechanical_angle_rad=6.165069103,valid=1,read_failures=0"
dengfoc,"SYNC_TRUTH,sequence=661788,truth_tick_us=1325145648,mechanical_angle_rad=6.165069103,valid=1,read_failures=0"
dengfoc,"SYNC_TRUTH,sequence=661789,truth_tick_us=1325147648,mechanical_angle_rad=6.165069103,valid=1,read_failures=0"
dengfoc,"SYNC_TRUTH,sequence=661790,truth_tick_us=1325149648,mechanical_angle_rad=6.165069103,valid=1,read_failures=0"
dengfoc,"SYNC_TRUTH,sequence=661791,truth_tick_us=1325151648,mechanical_angle_rad=6.165069103,valid=1,read_failures=0"
dengfoc,"SYNC_TRUTH,sequence=661792,truth_tick_us=1325153648,mechanical_angle_rad=6.165069103,valid=1,read_failures=0"
dengfoc,"SYNC_TRUTH,sequence=661793,truth_tick_us=1325155648,mechanical_angle_rad=6.165069103,valid=1,read_failures=0"
dengfoc,"SYNC_TRUTH,sequence=661794,truth_tick_us=1325157648,mechanical_angle_rad=6.165069103,valid=1,read_failures=0"
dengfoc,"SYNC_TRUTH,sequence=661795,truth_tick_us=1325159648,mechanical_angle_rad=6.165069103,valid=1,read_failures=0"
dengfoc,"SYNC_TRUTH,sequence=661796,truth_tick_us=1325161648,mechanical_angle_rad=6.165069103,valid=1,read_failures=0"
dengfoc,"SYNC_TRUTH,sequence=661797,truth_tick_us=1325163648,mechanical_angle_rad=6.165069103,valid=1,read_failures=0"
dengfoc,"SYNC_TRUTH,sequence=661798,truth_tick_us=1325165648,mechanical_angle_rad=6.165069103,valid=1,read_failures=0"
dengfoc,"SYNC_TRUTH,sequence=661799,truth_tick_us=1325167648,mechanical_angle_rad=6.165069103,valid=1,read_failures=0"
dengfoc,"SYNC_TRUTH,sequence=661800,truth_tick_us=1325169648,mechanical_angle_rad=6.165069103,valid=1,read_failures=0"
dengfoc,"SYNC_TRUTH,sequence=661801,truth_tick_us=1325171648,mechanical_angle_rad=6.165069103,valid=1,read_failures=0"
dengfoc,"SYNC_TRUTH,sequence=661802,truth_tick_us=1325173648,mechanical_angle_rad=6.165069103,valid=1,read_failures=0"
dengfoc,"SYNC_TRUTH,sequence=661803,truth_tick_us=1325175648,mechanical_angle_rad=6.165069103,valid=1,read_failures=0"
dengfoc,"SYNC_TRUTH,sequence=661804,truth_tick_us=1325177648,mechanical_angle_rad=6.165069103,valid=1,read_failures=0"
dengfoc,"SYNC_TRUTH,sequence=661805,truth_tick_us=1325179648,mechanical_angle_rad=6.165069103,valid=1,read_failures=0"
dengfoc,"SYNC_TRUTH,sequence=661806,truth_tick_us=1325181648,mechanical_angle_rad=6.165069103,valid=1,read_failures=0"
dengfoc,"SYNC_TRUTH,sequence=661807,truth_tick_us=1325183648,mechanical_angle_rad=6.165069103,valid=1,read_failures=0"
dengfoc,"SYNC_TRUTH,sequence=661808,truth_tick_us=1325185648,mechanical_angle_rad=6.165069103,valid=1,read_failures=0"
dengfoc,"SYNC_TRUTH,sequence=661809,truth_tick_us=1325187648,mechanical_angle_rad=6.165069103,valid=1,read_failures=0"
dengfoc,"SYNC_TRUTH,sequence=661810,truth_tick_us=1325189648,mechanical_angle_rad=6.165069103,valid=1,read_failures=0"
dengfoc,"SYNC_TRUTH,sequence=661811,truth_tick_us=1325191648,mechanical_angle_rad=6.165069103,valid=1,read_failures=0"
dengfoc,"SYNC_TRUTH,sequence=661812,truth_tick_us=1325193648,mechanical_angle_rad=6.165069103,valid=1,read_failures=0"
dengfoc,"SYNC_TRUTH,sequence=661813,truth_tick_us=1325195648,mechanical_angle_rad=6.165069103,valid=1,read_failures=0"
dengfoc,"SYNC_TRUTH,sequence=661814,truth_tick_us=1325197648,mechanical_angle_rad=6.165069103,valid=1,read_failures=0"
dengfoc,"SYNC_TRUTH,sequence=661815,truth_tick_us=1325199648,mechanical_angle_rad=6.165069103,valid=1,read_failures=0"
dengfoc,"SYNC_TRUTH,sequence=661816,truth_tick_us=1325201648,mechanical_angle_rad=6.165069103,valid=1,read_failures=0"
dengfoc,"SYNC_TRUTH,sequence=661817,truth_tick_us=1325203648,mechanical_angle_rad=6.165069103,valid=1,read_failures=0"
dengfoc,"SYNC_TRUTH,sequence=661818,truth_tick_us=1325205648,mechanical_angle_rad=6.165069103,valid=1,read_failures=0"
dengfoc,"SYNC_TRUTH,sequence=661819,truth_tick_us=1325207648,mechanical_angle_rad=6.165069103,valid=1,read_failures=0"
dengfoc,"SYNC_TRUTH,sequence=661820,truth_tick_us=1325209648,mechanical_angle_rad=6.165069103,valid=1,read_failures=0"
dengfoc,"SYNC_TRUTH,sequence=661821,truth_tick_us=1325211648,mechanical_angle_rad=6.165069103,valid=1,read_failures=0"
dengfoc,"SYNC_TRUTH,sequence=661822,truth_tick_us=1325213648,mechanical_angle_rad=6.165069103,valid=1,read_failures=0"
dengfoc,"SYNC_TRUTH,sequence=661823,truth_tick_us=1325215648,mechanical_angle_rad=6.165069103,valid=1,read_failures=0"
dengfoc,"SYNC_TRUTH,sequence=661824,truth_tick_us=1325217648,mechanical_angle_rad=6.165069103,valid=1,read_failures=0"
dengfoc,"SYNC_TRUTH,sequence=661825,truth_tick_us=1325219648,mechanical_angle_rad=6.165069103,valid=1,read_failures=0"
dengfoc,"SYNC_TRUTH,sequence=661826,truth_tick_us=1325221648,mechanical_angle_rad=6.165069103,valid=1,read_failures=0"
dengfoc,"SYNC_TRUTH,sequence=661827,truth_tick_us=1325223648,mechanical_angle_rad=6.165069103,valid=1,read_failures=0"
dengfoc,"SYNC_TRUTH,sequence=661828,truth_tick_us=1325225648,mechanical_angle_rad=6.165069103,valid=1,read_failures=0"
dengfoc,"SYNC_TRUTH,sequence=661829,truth_tick_us=1325227648,mechanical_angle_rad=6.165069103,valid=1,read_failures=0"
dengfoc,"SYNC_TRUTH,sequence=661830,truth_tick_us=1325229648,mechanical_angle_rad=6.165069103,valid=1,read_failures=0"
dengfoc,"SYNC_TRUTH,sequence=661831,truth_tick_us=1325231648,mechanical_angle_rad=6.165069103,valid=1,read_failures=0"
dengfoc,"SYNC_TRUTH,sequence=661832,truth_tick_us=1325233648,mechanical_angle_rad=6.165069103,valid=1,read_failures=0"
dengfoc,"SYNC_TRUTH,sequence=661833,truth_tick_us=1325235648,mechanical_angle_rad=6.165069103,valid=1,read_failures=0"
dengfoc,"SYNC_TRUTH,sequence=661834,truth_tick_us=1325237648,mechanical_angle_rad=6.165069103,valid=1,read_failures=0"
dengfoc,"SYNC_TRUTH,sequence=661835,truth_tick_us=1325239648,mechanical_angle_rad=6.165069103,valid=1,read_failures=0"
dengfoc,"SYNC_TRUTH,sequence=661836,truth_tick_us=1325241648,mechanical_angle_rad=6.165069103,valid=1,read_failures=0"
dengfoc,"SYNC_TRUTH,sequence=661837,truth_tick_us=1325243648,mechanical_angle_rad=6.165069103,valid=1,read_failures=0"
dengfoc,"SYNC_TRUTH,sequence=661838,truth_tick_us=1325245648,mechanical_angle_rad=6.165069103,valid=1,read_failures=0"
dengfoc,"SYNC_TRUTH,sequence=661839,truth_tick_us=1325247648,mechanical_angle_rad=6.165069103,valid=1,read_failures=0"
dengfoc,"SYNC_TRUTH,sequence=661840,truth_tick_us=1325249648,mechanical_angle_rad=6.165069103,valid=1,read_failures=0"
dengfoc,"SYNC_TRUTH,sequence=661841,truth_tick_us=1325251648,mechanical_angle_rad=6.165069103,valid=1,read_failures=0"
dengfoc,"SYNC_TRUTH,sequence=661842,truth_tick_us=1325253648,mechanical_angle_rad=6.165069103,valid=1,read_failures=0"
dengfoc,"SYNC_TRUTH,sequence=661843,truth_tick_us=1325255648,mechanical_angle_rad=6.165069103,valid=1,read_failures=0"
dengfoc,"SYNC_TRUTH,sequence=661844,truth_tick_us=1325257648,mechanical_angle_rad=6.165069103,valid=1,read_failures=0"
dengfoc,"SYNC_TRUTH,sequence=661845,truth_tick_us=1325259648,mechanical_angle_rad=6.165069103,valid=1,read_failures=0"
dengfoc,"SYNC_TRUTH,sequence=661846,truth_tick_us=1325261648,mechanical_angle_rad=6.165069103,valid=1,read_failures=0"
dengfoc,"SYNC_TRUTH,sequence=661847,truth_tick_us=1325263648,mechanical_angle_rad=6.165069103,valid=1,read_failures=0"
dengfoc,"SYNC_TRUTH,sequence=661848,truth_tick_us=1325265648,mechanical_angle_rad=6.165069103,valid=1,read_failures=0"
dengfoc,"SYNC_TRUTH,sequence=661849,truth_tick_us=1325267648,mechanical_angle_rad=6.165069103,valid=1,read_failures=0"
dengfoc,"SYNC_TRUTH,sequence=661850,truth_tick_us=1325269648,mechanical_angle_rad=6.165069103,valid=1,read_failures=0"
dengfoc,"SYNC_TRUTH,sequence=661851,truth_tick_us=1325271648,mechanical_angle_rad=6.165069103,valid=1,read_failures=0"
dengfoc,"SYNC_TRUTH,sequence=661852,truth_tick_us=1325273648,mechanical_angle_rad=6.165069103,valid=1,read_failures=0"
dengfoc,"SYNC_TRUTH,sequence=661853,truth_tick_us=1325275648,mechanical_angle_rad=6.165069103,valid=1,read_failures=0"
dengfoc,"SYNC_TRUTH,sequence=661854,truth_tick_us=1325277648,mechanical_angle_rad=6.165069103,valid=1,read_failures=0"
dengfoc,"SYNC_TRUTH,sequence=661855,truth_tick_us=1325279648,mechanical_angle_rad=6.165069103,valid=1,read_failures=0"
dengfoc,"SYNC_TRUTH,sequence=661856,truth_tick_us=1325281648,mechanical_angle_rad=6.165069103,valid=1,read_failures=0"
dengfoc,"SYNC_TRUTH,sequence=661857,truth_tick_us=1325283648,mechanical_angle_rad=6.165069103,valid=1,read_failures=0"
dengfoc,"SYNC_TRUTH,sequence=661858,truth_tick_us=1325285648,mechanical_angle_rad=6.165069103,valid=1,read_failures=0"
dengfoc,"SYNC_TRUTH,sequence=661859,truth_tick_us=1325287648,mechanical_angle_rad=6.165069103,valid=1,read_failures=0"
dengfoc,"SYNC_TRUTH,sequence=661860,truth_tick_us=1325289648,mechanical_angle_rad=6.165069103,valid=1,read_failures=0"
dengfoc,"SYNC_TRUTH,sequence=661861,truth_tick_us=1325291648,mechanical_angle_rad=6.165069103,valid=1,read_failures=0"
dengfoc,"SYNC_TRUTH,sequence=661862,truth_tick_us=1325293648,mechanical_angle_rad=6.165069103,valid=1,read_failures=0"
dengfoc,"SYNC_TRUTH,sequence=661863,truth_tick_us=1325295648,mechanical_angle_rad=6.165069103,valid=1,read_failures=0"
dengfoc,"SYNC_TRUTH,sequence=661864,truth_tick_us=1325297648,mechanical_angle_rad=6.165069103,valid=1,read_failures=0"
dengfoc,"SYNC_TRUTH,sequence=661865,truth_tick_us=1325299648,mechanical_angle_rad=6.165069103,valid=1,read_failures=0"
dengfoc,"SYNC_TRUTH,sequence=661866,truth_tick_us=1325301648,mechanical_angle_rad=6.165069103,valid=1,read_failures=0"
dengfoc,"SYNC_TRUTH,sequence=661867,truth_tick_us=1325303648,mechanical_angle_rad=6.165069103,valid=1,read_failures=0"
dengfoc,"SYNC_TRUTH,sequence=661868,truth_tick_us=1325305648,mechanical_angle_rad=6.165069103,valid=1,read_failures=0"
dengfoc,"SYNC_TRUTH,sequence=661869,truth_tick_us=1325307648,mechanical_angle_rad=6.165069103,valid=1,read_failures=0"
dengfoc,"SYNC_TRUTH,sequence=661870,truth_tick_us=1325309648,mechanical_angle_rad=6.165069103,valid=1,read_failures=0"
dengfoc,"SYNC_TRUTH,sequence=661871,truth_tick_us=1325311648,mechanical_angle_rad=6.165069103,valid=1,read_failures=0"
dengfoc,"SYNC_TRUTH,sequence=661872,truth_tick_us=1325313648,mechanical_angle_rad=6.165069103,valid=1,read_failures=0"
dengfoc,"SYNC_TRUTH,sequence=661873,truth_tick_us=1325315648,mechanical_angle_rad=6.165069103,valid=1,read_failures=0"
dengfoc,"SYNC_TRUTH,sequence=661874,truth_tick_us=1325317648,mechanical_angle_rad=6.165069103,valid=1,read_failures=0"
dengfoc,"SYNC_TRUTH,sequence=661875,truth_tick_us=1325319648,mechanical_angle_rad=6.165069103,valid=1,read_failures=0"
dengfoc,"SYNC_TRUTH,sequence=661876,truth_tick_us=1325321648,mechanical_angle_rad=6.165069103,valid=1,read_failures=0"
dengfoc,"SYNC_STATUS,frames=1,frame_fail=31,truth=661876,truth_fail=0,idle=1,capture_state=3,capture_failure=2,rejected=1,overflow=0,sync_level=1,driver_disabled=1"
dengfoc,"SYNC_TRUTH,sequence=661877,truth_tick_us=1325324648,mechanical_angle_rad=6.165069103,valid=1,read_failures=0"
dengfoc,"SYNC_TRUTH,sequence=661878,truth_tick_us=1325326648,mechanical_angle_rad=6.165069103,valid=1,read_failures=0"
g431,foc_h3_sync_init
dengfoc,"SYNC_TRUTH,sequence=661879,truth_tick_us=1325328648,mechanical_angle_rad=6.165069103,valid=1,read_failures=0"
dengfoc,"SYNC_TRUTH,sequence=661880,truth_tick_us=1325330648,mechanical_angle_rad=6.165069103,valid=1,read_failures=0"
g431,foc_h3_sync_init: command not found.
g431,msh >
dengfoc,"SYNC_TRUTH,sequence=661881,truth_tick_us=1325332648,mechanical_angle_rad=6.165069103,valid=1,read_failures=0"
dengfoc,"SYNC_TRUTH,sequence=661882,truth_tick_us=1325334648,mechanical_angle_rad=6.165069103,valid=1,read_failures=0"
dengfoc,"SYNC_TRUTH,sequence=661883,truth_tick_us=1325336648,mechanical_angle_rad=6.165069103,valid=1,read_failures=0"
dengfoc,"SYNC_TRUTH,sequence=661884,truth_tick_us=1325338648,mechanical_angle_rad=6.165069103,valid=1,read_failures=0"
dengfoc,"SYNC_TRUTH,sequence=661885,truth_tick_us=1325340648,mechanical_angle_rad=6.165069103,valid=1,read_failures=0"
dengfoc,"SYNC_TRUTH,sequence=661886,truth_tick_us=1325342648,mechanical_angle_rad=6.165069103,valid=1,read_failures=0"
dengfoc,"SYNC_TRUTH,sequence=661887,truth_tick_us=1325344648,mechanical_angle_rad=6.165069103,valid=1,read_failures=0"
dengfoc,"SYNC_TRUTH,sequence=661888,truth_tick_us=1325346648,mechanical_angle_rad=6.165069103,valid=1,read_failures=0"
dengfoc,"SYNC_TRUTH,sequence=661889,truth_tick_us=1325348648,mechanical_angle_rad=6.165069103,valid=1,read_failures=0"
dengfoc,"SYNC_TRUTH,sequence=661890,truth_tick_us=1325350648,mechanical_angle_rad=6.165069103,valid=1,read_failures=0"
dengfoc,"SYNC_TRUTH,sequence=661891,truth_tick_us=1325352648,mechanical_angle_rad=6.165069103,valid=1,read_failures=0"
dengfoc,"SYNC_TRUTH,sequence=661892,truth_tick_us=1325354648,mechanical_angle_rad=6.165069103,valid=1,read_failures=0"
dengfoc,"SYNC_TRUTH,sequence=661893,truth_tick_us=1325356648,mechanical_angle_rad=6.165069103,valid=1,read_failures=0"
dengfoc,"SYNC_TRUTH,sequence=661894,truth_tick_us=1325358648,mechanical_angle_rad=6.165069103,valid=1,read_failures=0"
g431,msh >
dengfoc,"SYNC_TRUTH,sequence=661895,truth_tick_us=1325360648,mechanical_angle_rad=6.165069103,valid=1,read_failures=0"
dengfoc,"SYNC_TRUTH,sequence=661896,truth_tick_us=1325362648,mechanical_angle_rad=6.165069103,valid=1,read_failures=0"
dengfoc,"SYNC_TRUTH,sequence=661897,truth_tick_us=1325364648,mechanical_angle_rad=6.165069103,valid=1,read_failures=0"
dengfoc,"SYNC_TRUTH,sequence=661898,truth_tick_us=1325366648,mechanical_angle_rad=6.165069103,valid=1,read_failures=0"
dengfoc,"SYNC_TRUTH,sequence=661899,truth_tick_us=1325368648,mechanical_angle_rad=6.165069103,valid=1,read_failures=0"
dengfoc,"SYNC_TRUTH,sequence=661900,truth_tick_us=1325370648,mechanical_angle_rad=6.165069103,valid=1,read_failures=0"
dengfoc,"SYNC_TRUTH,sequence=661901,truth_tick_us=1325372648,mechanical_angle_rad=6.165069103,valid=1,read_failures=0"
dengfoc,"SYNC_TRUTH,sequence=661902,truth_tick_us=1325374648,mechanical_angle_rad=6.165069103,valid=1,read_failures=0"
dengfoc,"SYNC_TRUTH,sequence=661903,truth_tick_us=1325376648,mechanical_angle_rad=6.165069103,valid=1,read_failures=0"
dengfoc,"SYNC_TRUTH,sequence=661904,truth_tick_us=1325378648,mechanical_angle_rad=6.165069103,valid=1,read_failures=0"
dengfoc,"SYNC_TRUTH,sequence=661905,truth_tick_us=1325380648,mechanical_angle_rad=6.165069103,valid=1,read_failures=0"
dengfoc,"SYNC_TRUTH,sequence=661906,truth_tick_us=1325382648,mechanical_angle_rad=6.165069103,valid=1,read_failures=0"
dengfoc,"SYNC_TRUTH,sequence=661907,truth_tick_us=1325384648,mechanical_angle_rad=6.165069103,valid=1,read_failures=0"
dengfoc,"SYNC_TRUTH,sequence=661908,truth_tick_us=1325386648,mechanical_angle_rad=6.165069103,valid=1,read_failures=0"
dengfoc,"SYNC_TRUTH,sequence=661909,truth_tick_us=1325388648,mechanical_angle_rad=6.165069103,valid=1,read_failures=0"
dengfoc,"SYNC_TRUTH,sequence=661910,truth_tick_us=1325390648,mechanical_angle_rad=6.165069103,valid=1,read_failures=0"
dengfoc,"SYNC_TRUTH,sequence=661911,truth_tick_us=1325392648,mechanical_angle_rad=6.165069103,valid=1,read_failures=0"
dengfoc,"SYNC_TRUTH,sequence=661912,truth_tick_us=1325394648,mechanical_angle_rad=6.165069103,valid=1,read_failures=0"
dengfoc,"SYNC_TRUTH,sequence=661913,truth_tick_us=1325396648,mechanical_angle_rad=6.165069103,valid=1,read_failures=0"
dengfoc,"SYNC_TRUTH,sequence=661914,truth_tick_us=1325398648,mechanical_angle_rad=6.165069103,valid=1,read_failures=0"
dengfoc,"SYNC_TRUTH,sequence=661915,truth_tick_us=1325400648,mechanical_angle_rad=6.165069103,valid=1,read_failures=0"
dengfoc,"SYNC_TRUTH,sequence=661916,truth_tick_us=1325402648,mechanical_angle_rad=6.165069103,valid=1,read_failures=0"
dengfoc,"SYNC_TRUTH,sequence=661917,truth_tick_us=1325404648,mechanical_angle_rad=6.165069103,valid=1,read_failures=0"
dengfoc,"SYNC_TRUTH,sequence=661918,truth_tick_us=1325406648,mechanical_angle_rad=6.165069103,valid=1,read_failures=0"
dengfoc,"SYNC_TRUTH,sequence=661919,truth_tick_us=1325408648,mechanical_angle_rad=6.165069103,valid=1,read_failures=0"
dengfoc,"SYNC_TRUTH,sequence=661920,truth_tick_us=1325410648,mechanical_angle_rad=6.165069103,valid=1,read_failures=0"
dengfoc,"SYNC_TRUTH,sequence=661921,truth_tick_us=1325412648,mechanical_angle_rad=6.165069103,valid=1,read_failures=0"
dengfoc,"SYNC_TRUTH,sequence=661922,truth_tick_us=1325414648,mechanical_angle_rad=6.165069103,valid=1,read_failures=0"
dengfoc,"SYNC_TRUTH,sequence=661923,truth_tick_us=1325416648,mechanical_angle_rad=6.165069103,valid=1,read_failures=0"
dengfoc,"SYNC_TRUTH,sequence=661924,truth_tick_us=1325418648,mechanical_angle_rad=6.165069103,valid=1,read_failures=0"
dengfoc,"SYNC_TRUTH,sequence=661925,truth_tick_us=1325420648,mechanical_angle_rad=6.165069103,valid=1,read_failures=0"
dengfoc,"SYNC_TRUTH,sequence=661926,truth_tick_us=1325422648,mechanical_angle_rad=6.165069103,valid=1,read_failures=0"
dengfoc,"SYNC_TRUTH,sequence=661927,truth_tick_us=1325424648,mechanical_angle_rad=6.165069103,valid=1,read_failures=0"
dengfoc,"SYNC_TRUTH,sequence=661928,truth_tick_us=1325426648,mechanical_angle_rad=6.165069103,valid=1,read_failures=0"
dengfoc,"SYNC_TRUTH,sequence=661929,truth_tick_us=1325428648,mechanical_angle_rad=6.165069103,valid=1,read_failures=0"
dengfoc,"SYNC_TRUTH,sequence=661930,truth_tick_us=1325430648,mechanical_angle_rad=6.165069103,valid=1,read_failures=0"
dengfoc,"SYNC_TRUTH,sequence=661931,truth_tick_us=1325432648,mechanical_angle_rad=6.165069103,valid=1,read_failures=0"
dengfoc,"SYNC_TRUTH,sequence=661932,truth_tick_us=1325434648,mechanical_angle_rad=6.165069103,valid=1,read_failures=0"
dengfoc,"SYNC_TRUTH,sequence=661933,truth_tick_us=1325436648,mechanical_angle_rad=6.165069103,valid=1,read_failures=0"
dengfoc,"SYNC_TRUTH,sequence=661934,truth_tick_us=1325438648,mechanical_angle_rad=6.165069103,valid=1,read_failures=0"
dengfoc,"SYNC_TRUTH,sequence=661935,truth_tick_us=1325440648,mechanical_angle_rad=6.165069103,valid=1,read_failures=0"
dengfoc,"SYNC_TRUTH,sequence=661936,truth_tick_us=1325442648,mechanical_angle_rad=6.165069103,valid=1,read_failures=0"
dengfoc,"SYNC_TRUTH,sequence=661937,truth_tick_us=1325444648,mechanical_angle_rad=6.165069103,valid=1,read_failures=0"
dengfoc,"SYNC_TRUTH,sequence=661938,truth_tick_us=1325446648,mechanical_angle_rad=6.165069103,valid=1,read_failures=0"
dengfoc,"SYNC_TRUTH,sequence=661939,truth_tick_us=1325448648,mechanical_angle_rad=6.165069103,valid=1,read_failures=0"
dengfoc,"SYNC_TRUTH,sequence=661940,truth_tick_us=1325450648,mechanical_angle_rad=6.165069103,valid=1,read_failures=0"
dengfoc,"SYNC_TRUTH,sequence=661941,truth_tick_us=1325452648,mechanical_angle_rad=6.165069103,valid=1,read_failures=0"
dengfoc,"SYNC_TRUTH,sequence=661942,truth_tick_us=1325454648,mechanical_angle_rad=6.165069103,valid=1,read_failures=0"
dengfoc,"SYNC_TRUTH,sequence=661943,truth_tick_us=1325456648,mechanical_angle_rad=6.165069103,valid=1,read_failures=0"
dengfoc,"SYNC_TRUTH,sequence=661944,truth_tick_us=1325458648,mechanical_angle_rad=6.165069103,valid=1,read_failures=0"
dengfoc,"SYNC_TRUTH,sequence=661945,truth_tick_us=1325460648,mechanical_angle_rad=6.165069103,valid=1,read_failures=0"
dengfoc,"SYNC_TRUTH,sequence=661946,truth_tick_us=1325462648,mechanical_angle_rad=6.165069103,valid=1,read_failures=0"
g431,foc_h3_sync_abort
dengfoc,"SYNC_TRUTH,sequence=661947,truth_tick_us=1325464648,mechanical_angle_rad=6.165069103,valid=1,read_failures=0"
dengfoc,"SYNC_TRUTH,sequence=661948,truth_tick_us=1325466648,mechanical_angle_rad=6.165069103,valid=1,read_failures=0"
g431,foc_h3_sync_abort: command not found.
g431,msh >
dengfoc,"SYNC_TRUTH,sequence=661949,truth_tick_us=1325468648,mechanical_angle_rad=6.165069103,valid=1,read_failures=0"
dengfoc,"SYNC_TRUTH,sequence=661950,truth_tick_us=1325470648,mechanical_angle_rad=6.165069103,valid=1,read_failures=0"
dengfoc,"SYNC_TRUTH,sequence=661951,truth_tick_us=1325472648,mechanical_angle_rad=6.165069103,valid=1,read_failures=0"
dengfoc,"SYNC_TRUTH,sequence=661952,truth_tick_us=1325474648,mechanical_angle_rad=6.165069103,valid=1,read_failures=0"
dengfoc,"SYNC_TRUTH,sequence=661953,truth_tick_us=1325476648,mechanical_angle_rad=6.165069103,valid=1,read_failures=0"
dengfoc,"SYNC_TRUTH,sequence=661954,truth_tick_us=1325478648,mechanical_angle_rad=6.165069103,valid=1,read_failures=0"
dengfoc,"SYNC_TRUTH,sequence=661955,truth_tick_us=1325480648,mechanical_angle_rad=6.165069103,valid=1,read_failures=0"
dengfoc,"SYNC_TRUTH,sequence=661956,truth_tick_us=1325482648,mechanical_angle_rad=6.165069103,valid=1,read_failures=0"
dengfoc,"SYNC_TRUTH,sequence=661957,truth_tick_us=1325484648,mechanical_angle_rad=6.165069103,valid=1,read_failures=0"
dengfoc,"SYNC_TRUTH,sequence=661958,truth_tick_us=1325486648,mechanical_angle_rad=6.165069103,valid=1,read_failures=0"
dengfoc,"SYNC_TRUTH,sequence=661959,truth_tick_us=1325488648,mechanical_angle_rad=6.165069103,valid=1,read_failures=0"
dengfoc,"SYNC_TRUTH,sequence=661960,truth_tick_us=1325490648,mechanical_angle_rad=6.165069103,valid=1,read_failures=0"
dengfoc,"SYNC_TRUTH,sequence=661961,truth_tick_us=1325492648,mechanical_angle_rad=6.165069103,valid=1,read_failures=0"
dengfoc,"SYNC_TRUTH,sequence=661962,truth_tick_us=1325494648,mechanical_angle_rad=6.165069103,valid=1,read_failures=0"
dengfoc,"SYNC_TRUTH,sequence=661963,truth_tick_us=1325496648,mechanical_angle_rad=6.165069103,valid=1,read_failures=0"
g431,msh >
dengfoc,"SYNC_TRUTH,sequence=661964,truth_tick_us=1325498648,mechanical_angle_rad=6.165069103,valid=1,read_failures=0"
dengfoc,"SYNC_TRUTH,sequence=661965,truth_tick_us=1325500648,mechanical_angle_rad=6.165069103,valid=1,read_failures=0"
dengfoc,"SYNC_TRUTH,sequence=661966,truth_tick_us=1325502648,mechanical_angle_rad=6.165069103,valid=1,read_failures=0"
dengfoc,"SYNC_TRUTH,sequence=661967,truth_tick_us=1325504648,mechanical_angle_rad=6.165069103,valid=1,read_failures=0"
dengfoc,"SYNC_TRUTH,sequence=661968,truth_tick_us=1325506648,mechanical_angle_rad=6.165069103,valid=1,read_failures=0"
dengfoc,"SYNC_TRUTH,sequence=661969,truth_tick_us=1325508648,mechanical_angle_rad=6.165069103,valid=1,read_failures=0"
dengfoc,"SYNC_TRUTH,sequence=661970,truth_tick_us=1325510648,mechanical_angle_rad=6.165069103,valid=1,read_failures=0"
dengfoc,"SYNC_TRUTH,sequence=661971,truth_tick_us=1325512648,mechanical_angle_rad=6.165069103,valid=1,read_failures=0"
dengfoc,"SYNC_TRUTH,sequence=661972,truth_tick_us=1325514648,mechanical_angle_rad=6.165069103,valid=1,read_failures=0"
dengfoc,"SYNC_TRUTH,sequence=661973,truth_tick_us=1325516648,mechanical_angle_rad=6.165069103,valid=1,read_failures=0"
dengfoc,"SYNC_TRUTH,sequence=661974,truth_tick_us=1325518648,mechanical_angle_rad=6.165069103,valid=1,read_failures=0"
dengfoc,"SYNC_TRUTH,sequence=661975,truth_tick_us=1325520648,mechanical_angle_rad=6.165069103,valid=1,read_failures=0"
dengfoc,"SYNC_TRUTH,sequence=661976,truth_tick_us=1325522648,mechanical_angle_rad=6.165069103,valid=1,read_failures=0"
dengfoc,"SYNC_TRUTH,sequence=661977,truth_tick_us=1325524648,mechanical_angle_rad=6.165069103,valid=1,read_failures=0"
dengfoc,"SYNC_TRUTH,sequence=661978,truth_tick_us=1325526648,mechanical_angle_rad=6.165069103,valid=1,read_failures=0"
dengfoc,"SYNC_TRUTH,sequence=661979,truth_tick_us=1325528648,mechanical_angle_rad=6.165069103,valid=1,read_failures=0"
dengfoc,"SYNC_TRUTH,sequence=661980,truth_tick_us=1325530648,mechanical_angle_rad=6.165069103,valid=1,read_failures=0"
dengfoc,"SYNC_TRUTH,sequence=661981,truth_tick_us=1325532648,mechanical_angle_rad=6.165069103,valid=1,read_failures=0"
dengfoc,"SYNC_TRUTH,sequence=661982,truth_tick_us=1325534648,mechanical_angle_rad=6.165069103,valid=1,read_failures=0"
dengfoc,"SYNC_TRUTH,sequence=661983,truth_tick_us=1325536648,mechanical_angle_rad=6.165069103,valid=1,read_failures=0"
dengfoc,"SYNC_TRUTH,sequence=661984,truth_tick_us=1325538648,mechanical_angle_rad=6.165069103,valid=1,read_failures=0"
dengfoc,"SYNC_TRUTH,sequence=661985,truth_tick_us=1325540648,mechanical_angle_rad=6.165069103,valid=1,read_failures=0"
dengfoc,"SYNC_TRUTH,sequence=661986,truth_tick_us=1325542648,mechanical_angle_rad=6.165069103,valid=1,read_failures=0"
dengfoc,"SYNC_TRUTH,sequence=661987,truth_tick_us=1325544648,mechanical_angle_rad=6.165069103,valid=1,read_failures=0"
dengfoc,"SYNC_TRUTH,sequence=661988,truth_tick_us=1325546648,mechanical_angle_rad=6.165069103,valid=1,read_failures=0"
dengfoc,"SYNC_TRUTH,sequence=661989,truth_tick_us=1325548648,mechanical_angle_rad=6.165069103,valid=1,read_failures=0"
dengfoc,"SYNC_TRUTH,sequence=661990,truth_tick_us=1325550648,mechanical_angle_rad=6.165069103,valid=1,read_failures=0"
dengfoc,"SYNC_TRUTH,sequence=661991,truth_tick_us=1325552648,mechanical_angle_rad=6.165069103,valid=1,read_failures=0"
dengfoc,"SYNC_TRUTH,sequence=661992,truth_tick_us=1325554648,mechanical_angle_rad=6.165069103,valid=1,read_failures=0"
dengfoc,"SYNC_TRUTH,sequence=661993,truth_tick_us=1325556648,mechanical_angle_rad=6.165069103,valid=1,read_failures=0"
dengfoc,"SYNC_TRUTH,sequence=661994,truth_tick_us=1325558648,mechanical_angle_rad=6.165069103,valid=1,read_failures=0"
dengfoc,"SYNC_TRUTH,sequence=661995,truth_tick_us=1325560648,mechanical_angle_rad=6.165069103,valid=1,read_failures=0"
dengfoc,"SYNC_TRUTH,sequence=661996,truth_tick_us=1325562648,mechanical_angle_rad=6.165069103,valid=1,read_failures=0"
dengfoc,"SYNC_TRUTH,sequence=661997,truth_tick_us=1325564648,mechanical_angle_rad=6.165069103,valid=1,read_failures=0"
dengfoc,"SYNC_TRUTH,sequence=661998,truth_tick_us=1325566648,mechanical_angle_rad=6.165069103,valid=1,read_failures=0"
dengfoc,"SYNC_TRUTH,sequence=661999,truth_tick_us=1325568648,mechanical_angle_rad=6.165069103,valid=1,read_failures=0"
dengfoc,"SYNC_TRUTH,sequence=662000,truth_tick_us=1325570648,mechanical_angle_rad=6.165069103,valid=1,read_failures=0"
dengfoc,"SYNC_TRUTH,sequence=662001,truth_tick_us=1325572648,mechanical_a"
