source,raw_line
dengfoc,=0
dengfoc,"SYNC_TRUTH,sequence=2632532,truth_tick_us=5270659672,mechanical_angle_rad=2.646116972,valid=1,read_failures=0"
dengfoc,"SYNC_TRUTH,sequence=2632533,truth_tick_us=5270661672,mechanical_angle_rad=2.646116972,valid=1,read_failures=0"
dengfoc,"SYNC_TRUTH,sequence=2632534,truth_tick_us=5270663672,mechanical_angle_rad=2.646116972,valid=1,read_failures=0"
dengfoc,"SYNC_TRUTH,sequence=2632535,truth_tick_us=5270665672,mechanical_angle_rad=2.646116972,valid=1,read_failures=0"
dengfoc,"SYNC_TRUTH,sequence=2632536,truth_tick_us=5270667672,mechanical_angle_rad=2.646116972,valid=1,read_failures=0"
dengfoc,"SYNC_TRUTH,sequence=2632537,truth_tick_us=5270669672,mechanical_angle_rad=2.646116972,valid=1,read_failures=0"
dengfoc,"SYNC_TRUTH,sequence=2632538,truth_tick_us=5270671672,mechanical_angle_rad=2.646116972,valid=1,read_failures=0"
dengfoc,"SYNC_TRUTH,sequence=2632539,truth_tick_us=5270673672,mechanical_angle_rad=2.646116972,valid=1,read_failures=0"
dengfoc,"SYNC_TRUTH,sequence=2632540,truth_tick_us=5270675672,mechanical_angle_rad=2.646116972,valid=1,read_failures=0"
dengfoc,"SYNC_TRUTH,sequence=2632541,truth_tick_us=5270677672,mechanical_angle_rad=2.646116972,valid=1,read_failures=0"
dengfoc,"SYNC_TRUTH,sequence=2632542,truth_tick_us=5270679672,mechanical_angle_rad=2.646116972,valid=1,read_failures=0"
dengfoc,"SYNC_TRUTH,sequence=2632543,truth_tick_us=5270681672,mechanical_angle_rad=2.646116972,valid=1,read_failures=0"
dengfoc,"SYNC_TRUTH,sequence=2632544,truth_tick_us=5270683672,mechanical_angle_rad=2.646116972,valid=1,read_failures=0"
dengfoc,"SYNC_TRUTH,sequence=2632545,truth_tick_us=5270685672,mechanical_angle_rad=2.646116972,valid=1,read_failures=0"
dengfoc,"SYNC_TRUTH,sequence=2632546,truth_tick_us=5270687672,mechanical_angle_rad=2.646116972,valid=1,read_failures=0"
dengfoc,"SYNC_TRUTH,sequence=2632547,truth_tick_us=5270689672,mechanical_angle_rad=2.646116972,valid=1,read_failures=0"
dengfoc,"SYNC_TRUTH,sequence=2632548,truth_tick_us=5270691672,mechanical_angle_rad=2.646116972,valid=1,read_failures=0"
dengfoc,"SYNC_TRUTH,sequence=2632549,truth_tick_us=5270693672,mechanical_angle_rad=2.646116972,valid=1,read_failures=0"
dengfoc,"SYNC_TRUTH,sequence=2632550,truth_tick_us=5270695672,mechanical_angle_rad=2.646116972,valid=1,read_failures=0"
dengfoc,"SYNC_TRUTH,sequence=2632551,truth_tick_us=5270697672,mechanical_angle_rad=2.646116972,valid=1,read_failures=0"
dengfoc,"SYNC_TRUTH,sequence=2632552,truth_tick_us=5270699672,mechanical_angle_rad=2.646116972,valid=1,read_failures=0"
dengfoc,"SYNC_TRUTH,sequence=2632553,truth_tick_us=5270701672,mechanical_angle_rad=2.646116972,valid=1,read_failures=0"
dengfoc,"SYNC_TRUTH,sequence=2632554,truth_tick_us=5270703672,mechanical_angle_rad=2.646116972,valid=1,read_failures=0"
dengfoc,"SYNC_TRUTH,sequence=2632555,truth_tick_us=5270705672,mechanical_angle_rad=2.646116972,valid=1,read_failures=0"
dengfoc,"SYNC_TRUTH,sequence=2632556,truth_tick_us=5270707672,mechanical_angle_rad=2.646116972,valid=1,read_failures=0"
dengfoc,"SYNC_TRUTH,sequence=2632557,truth_tick_us=5270709672,mechanical_angle_rad=2.646116972,valid=1,read_failures=0"
dengfoc,"SYNC_TRUTH,sequence=2632558,truth_tick_us=5270711672,mechanical_angle_rad=2.646116972,valid=1,read_failures=0"
dengfoc,"SYNC_TRUTH,sequence=2632559,truth_tick_us=5270713672,mechanical_angle_rad=2.646116972,valid=1,read_failures=0"
dengfoc,"SYNC_TRUTH,sequence=2632560,truth_tick_us=5270715672,mechanical_angle_rad=2.646116972,valid=1,read_failures=0"
dengfoc,"SYNC_TRUTH,sequence=2632561,truth_tick_us=5270717672,mechanical_angle_rad=2.646116972,valid=1,read_failures=0"
dengfoc,"SYNC_TRUTH,sequence=2632562,truth_tick_us=5270719672,mechanical_angle_rad=2.646116972,valid=1,read_failures=0"
dengfoc,"SYNC_TRUTH,sequence=2632563,truth_tick_us=5270721672,mechanical_angle_rad=2.646116972,valid=1,read_failures=0"
dengfoc,"SYNC_TRUTH,sequence=2632564,truth_tick_us=5270723672,mechanical_angle_rad=2.646116972,valid=1,read_failures=0"
dengfoc,"SYNC_TRUTH,sequence=2632565,truth_tick_us=5270725672,mechanical_angle_rad=2.646116972,valid=1,read_failures=0"
dengfoc,"SYNC_TRUTH,sequence=2632566,truth_tick_us=5270727672,mechanical_angle_rad=2.646116972,valid=1,read_failures=0"
dengfoc,"SYNC_TRUTH,sequence=2632567,truth_tick_us=5270729672,mechanical_angle_rad=2.646116972,valid=1,read_failures=0"
dengfoc,"SYNC_TRUTH,sequence=2632568,truth_tick_us=5270731672,mechanical_angle_rad=2.646116972,valid=1,read_failures=0"
dengfoc,"SYNC_TRUTH,sequence=2632569,truth_tick_us=5270733672,mechanical_angle_rad=2.646116972,valid=1,read_failures=0"
dengfoc,"SYNC_TRUTH,sequence=2632570,truth_tick_us=5270735672,mechanical_angle_rad=2.646116972,valid=1,read_failures=0"
dengfoc,"SYNC_TRUTH,sequence=2632571,truth_tick_us=5270737672,mechanical_angle_rad=2.646116972,valid=1,read_failures=0"
dengfoc,"SYNC_TRUTH,sequence=2632572,truth_tick_us=5270739672,mechanical_angle_rad=2.646116972,valid=1,read_failures=0"
dengfoc,"SYNC_TRUTH,sequence=2632573,truth_tick_us=5270741672,mechanical_angle_rad=2.646116972,valid=1,read_failures=0"
dengfoc,"SYNC_TRUTH,sequence=2632574,truth_tick_us=5270743672,mechanical_angle_rad=2.646116972,valid=1,read_failures=0"
dengfoc,"SYNC_TRUTH,sequence=2632575,truth_tick_us=5270745672,mechanical_angle_rad=2.646116972,valid=1,read_failures=0"
dengfoc,"SYNC_TRUTH,sequence=2632576,truth_tick_us=5270747672,mechanical_angle_rad=2.646116972,valid=1,read_failures=0"
dengfoc,"SYNC_TRUTH,sequence=2632577,truth_tick_us=5270749672,mechanical_angle_rad=2.646116972,valid=1,read_failures=0"
dengfoc,"SYNC_TRUTH,sequence=2632578,truth_tick_us=5270751672,mechanical_angle_rad=2.646116972,valid=1,read_failures=0"
dengfoc,"SYNC_TRUTH,sequence=2632579,truth_tick_us=5270753672,mechanical_angle_rad=2.646116972,valid=1,read_failures=0"
dengfoc,"SYNC_TRUTH,sequence=2632580,truth_tick_us=5270755672,mechanical_angle_rad=2.646116972,valid=1,read_failures=0"
dengfoc,"SYNC_TRUTH,sequence=2632581,truth_tick_us=5270757672,mechanical_angle_rad=2.646116972,valid=1,read_failures=0"
dengfoc,"SYNC_TRUTH,sequence=2632582,truth_tick_us=5270759672,mechanical_angle_rad=2.646116972,valid=1,read_failures=0"
dengfoc,"SYNC_TRUTH,sequence=2632583,truth_tick_us=5270761672,mechanical_angle_rad=2.646116972,valid=1,read_failures=0"
dengfoc,"SYNC_TRUTH,sequence=2632584,truth_tick_us=5270763672,mechanical_angle_rad=2.646116972,valid=1,read_failures=0"
dengfoc,"SYNC_TRUTH,sequence=2632585,truth_tick_us=5270765672,mechanical_angle_rad=2.646116972,valid=1,read_failures=0"
dengfoc,"SYNC_TRUTH,sequence=2632586,truth_tick_us=5270767672,mechanical_angle_rad=2.646116972,valid=1,read_failures=0"
dengfoc,"SYNC_TRUTH,sequence=2632587,truth_tick_us=5270769672,mechanical_angle_rad=2.646116972,valid=1,read_failures=0"
dengfoc,"SYNC_TRUTH,sequence=2632588,truth_tick_us=5270771672,mechanical_angle_rad=2.646116972,valid=1,read_failures=0"
dengfoc,"SYNC_TRUTH,sequence=2632589,truth_tick_us=5270773672,mechanical_angle_rad=2.646116972,valid=1,read_failures=0"
dengfoc,"SYNC_TRUTH,sequence=2632590,truth_tick_us=5270775672,mechanical_angle_rad=2.646116972,valid=1,read_failures=0"
dengfoc,"SYNC_TRUTH,sequence=2632591,truth_tick_us=5270777672,mechanical_angle_rad=2.646116972,valid=1,read_failures=0"
dengfoc,"SYNC_TRUTH,sequence=2632592,truth_tick_us=5270779672,mechanical_angle_rad=2.646116972,valid=1,read_failures=0"
dengfoc,"SYNC_TRUTH,sequence=2632593,truth_tick_us=5270781672,mechanical_angle_rad=2.646116972,valid=1,read_failures=0"
dengfoc,"SYNC_TRUTH,sequence=2632594,truth_tick_us=5270783672,mechanical_angle_rad=2.646116972,valid=1,read_failures=0"
dengfoc,"SYNC_TRUTH,sequence=2632595,truth_tick_us=5270785672,mechanical_angle_rad=2.646116972,valid=1,read_failures=0"
dengfoc,"SYNC_TRUTH,sequence=2632596,truth_tick_us=5270787672,mechanical_angle_rad=2.646116972,valid=1,read_failures=0"
dengfoc,"SYNC_TRUTH,sequence=2632597,truth_tick_us=5270789672,mechanical_angle_rad=2.646116972,valid=1,read_failures=0"
dengfoc,"SYNC_TRUTH,sequence=2632598,truth_tick_us=5270791672,mechanical_angle_rad=2.646116972,valid=1,read_failures=0"
dengfoc,"SYNC_TRUTH,sequence=2632599,truth_tick_us=5270793672,mechanical_angle_rad=2.646116972,valid=1,read_failures=0"
dengfoc,"SYNC_TRUTH,sequence=2632600,truth_tick_us=5270795672,mechanical_angle_rad=2.646116972,valid=1,read_failures=0"
dengfoc,"SYNC_TRUTH,sequence=2632601,truth_tick_us=5270797672,mechanical_angle_rad=2.646116972,valid=1,read_failures=0"
dengfoc,"SYNC_TRUTH,sequence=2632602,truth_tick_us=5270799672,mechanical_angle_rad=2.646116972,valid=1,read_failures=0"
dengfoc,"SYNC_TRUTH,sequence=2632603,truth_tick_us=5270801672,mechanical_angle_rad=2.646116972,valid=1,read_failures=0"
dengfoc,"SYNC_TRUTH,sequence=2632604,truth_tick_us=5270803672,mechanical_angle_rad=2.646116972,valid=1,read_failures=0"
dengfoc,"SYNC_TRUTH,sequence=2632605,truth_tick_us=5270805672,mechanical_angle_rad=2.646116972,valid=1,read_failures=0"
dengfoc,"SYNC_TRUTH,sequence=2632606,truth_tick_us=5270807672,mechanical_angle_rad=2.646116972,valid=1,read_failures=0"
dengfoc,"SYNC_TRUTH,sequence=2632607,truth_tick_us=5270809672,mechanical_angle_rad=2.646116972,valid=1,read_failures=0"
dengfoc,"SYNC_TRUTH,sequence=2632608,truth_tick_us=5270811672,mechanical_angle_rad=2.646116972,valid=1,read_failures=0"
dengfoc,"SYNC_TRUTH,sequence=2632609,truth_tick_us=5270813672,mechanical_angle_rad=2.646116972,valid=1,read_failures=0"
dengfoc,"SYNC_TRUTH,sequence=2632610,truth_tick_us=5270815672,mechanical_angle_rad=2.646116972,valid=1,read_failures=0"
dengfoc,"SYNC_TRUTH,sequence=2632611,truth_tick_us=5270817672,mechanical_angle_rad=2.646116972,valid=1,read_failures=0"
dengfoc,"SYNC_TRUTH,sequence=2632612,truth_tick_us=5270819672,mechanical_angle_rad=2.646116972,valid=1,read_failures=0"
dengfoc,"SYNC_TRUTH,sequence=2632613,truth_tick_us=5270821672,mechanical_angle_rad=2.646116972,valid=1,read_failures=0"
dengfoc,"SYNC_TRUTH,sequence=2632614,truth_tick_us=5270823672,mechanical_angle_rad=2.646116972,valid=1,read_failures=0"
dengfoc,"SYNC_TRUTH,sequence=2632615,truth_tick_us=5270825672,mechanical_angle_rad=2.646116972,valid=1,read_failures=0"
dengfoc,"SYNC_TRUTH,sequence=2632616,truth_tick_us=5270827672,mechanical_angle_rad=2.646116972,valid=1,read_failures=0"
dengfoc,"SYNC_TRUTH,sequence=2632617,truth_tick_us=5270829672,mechanical_angle_rad=2.646116972,valid=1,read_failures=0"
dengfoc,"SYNC_TRUTH,sequence=2632618,truth_tick_us=5270831672,mechanical_angle_rad=2.646116972,valid=1,read_failures=0"
dengfoc,"SYNC_TRUTH,sequence=2632619,truth_tick_us=5270833672,mechanical_angle_rad=2.646116972,valid=1,read_failures=0"
dengfoc,"SYNC_TRUTH,sequence=2632620,truth_tick_us=5270835672,mechanical_angle_rad=2.646116972,valid=1,read_failures=0"
dengfoc,"SYNC_TRUTH,sequence=2632621,truth_tick_us=5270837672,mechanical_angle_rad=2.646116972,valid=1,read_failures=0"
dengfoc,"SYNC_TRUTH,sequence=2632622,truth_tick_us=5270839672,mechanical_angle_rad=2.646116972,valid=1,read_failures=0"
dengfoc,"SYNC_TRUTH,sequence=2632623,truth_tick_us=5270841672,mechanical_angle_rad=2.646116972,valid=1,read_failures=0"
dengfoc,"SYNC_TRUTH,sequence=2632624,truth_tick_us=5270843672,mechanical_angle_rad=2.646116972,valid=1,read_failures=0"
dengfoc,"SYNC_TRUTH,sequence=2632625,truth_tick_us=5270845672,mechanical_angle_rad=2.646116972,valid=1,read_failures=0"
dengfoc,"SYNC_TRUTH,sequence=2632626,truth_tick_us=5270847672,mechanical_angle_rad=2.646116972,valid=1,read_failures=0"
dengfoc,"SYNC_TRUTH,sequence=2632627,truth_tick_us=5270849672,mechanical_angle_rad=2.646116972,valid=1,read_failures=0"
dengfoc,"SYNC_TRUTH,sequence=2632628,truth_tick_us=5270851672,mechanical_angle_rad=2.646116972,valid=1,read_failures=0"
dengfoc,"SYNC_TRUTH,sequence=2632629,truth_tick_us=5270853672,mechanical_angle_rad=2.646116972,valid=1,read_failures=0"
dengfoc,"SYNC_TRUTH,sequence=2632630,truth_tick_us=5270855672,mechanical_angle_rad=2.646116972,valid=1,read_failures=0"
dengfoc,"SYNC_TRUTH,sequence=2632631,truth_tick_us=5270857672,mechanical_angle_rad=2.646116972,valid=1,read_failures=0"
dengfoc,"SYNC_TRUTH,sequence=2632632,truth_tick_us=5270859672,mechanical_angle_rad=2.646116972,valid=1,read_failures=0"
dengfoc,"SYNC_TRUTH,sequence=2632633,truth_tick_us=5270861672,mechanical_angle_rad=2.646116972,valid=1,read_failures=0"
dengfoc,"SYNC_TRUTH,sequence=2632634,truth_tick_us=5270863672,mechanical_angle_rad=2.646116972,valid=1,read_failures=0"
dengfoc,"SYNC_TRUTH,sequence=2632635,truth_tick_us=5270865672,mechanical_angle_rad=2.646116972,valid=1,read_failures=0"
dengfoc,"SYNC_TRUTH,sequence=2632636,truth_tick_us=5270867672,mechanical_angle_rad=2.646116972,valid=1,read_failures=0"
dengfoc,"SYNC_TRUTH,sequence=2632637,truth_tick_us=5270869672,mechanical_angle_rad=2.646116972,valid=1,read_failures=0"
dengfoc,"SYNC_TRUTH,sequence=2632638,truth_tick_us=5270871672,mechanical_angle_rad=2.646116972,valid=1,read_failures=0"
dengfoc,"SYNC_TRUTH,sequence=2632639,truth_tick_us=5270873672,mechanical_angle_rad=2.646116972,valid=1,read_failures=0"
dengfoc,"SYNC_TRUTH,sequence=2632640,truth_tick_us=5270875672,mechanical_angle_rad=2.646116972,valid=1,read_failures=0"
dengfoc,"SYNC_TRUTH,sequence=2632641,truth_tick_us=5270877672,mechanical_angle_rad=2.646116972,valid=1,read_failures=0"
dengfoc,"SYNC_TRUTH,sequence=2632642,truth_tick_us=5270879672,mechanical_angle_rad=2.646116972,valid=1,read_failures=0"
dengfoc,"SYNC_TRUTH,sequence=2632643,truth_tick_us=5270881672,mechanical_angle_rad=2.646116972,valid=1,read_failures=0"
dengfoc,"SYNC_TRUTH,sequence=2632644,truth_tick_us=5270883672,mechanical_angle_rad=2.646116972,valid=1,read_failures=0"
dengfoc,"SYNC_TRUTH,sequence=2632645,truth_tick_us=5270885672,mechanical_angle_rad=2.646116972,valid=1,read_failures=0"
dengfoc,"SYNC_TRUTH,sequence=2632646,truth_tick_us=5270887672,mechanical_angle_rad=2.646116972,valid=1,read_failures=0"
dengfoc,"SYNC_TRUTH,sequence=2632647,truth_tick_us=5270889672,mechanical_angle_rad=2.646116972,valid=1,read_failures=0"
dengfoc,"SYNC_TRUTH,sequence=2632648,truth_tick_us=5270891672,mechanical_angle_rad=2.646116972,valid=1,read_failures=0"
dengfoc,"SYNC_TRUTH,sequence=2632649,truth_tick_us=5270893672,mechanical_angle_rad=2.646116972,valid=1,read_failures=0"
dengfoc,"SYNC_TRUTH,sequence=2632650,truth_tick_us=5270895672,mechanical_angle_rad=2.646116972,valid=1,read_failures=0"
dengfoc,"SYNC_TRUTH,sequence=2632651,truth_tick_us=5270897672,mechanical_angle_rad=2.646116972,valid=1,read_failures=0"
dengfoc,"SYNC_TRUTH,sequence=2632652,truth_tick_us=5270899672,mechanical_angle_rad=2.646116972,valid=1,read_failures=0"
dengfoc,"SYNC_TRUTH,sequence=2632653,truth_tick_us=5270901672,mechanical_angle_rad=2.646116972,valid=1,read_failures=0"
dengfoc,"SYNC_TRUTH,sequence=2632654,truth_tick_us=5270903672,mechanical_angle_rad=2.646116972,valid=1,read_failures=0"
dengfoc,"SYNC_TRUTH,sequence=2632655,truth_tick_us=5270905672,mechanical_angle_rad=2.646116972,valid=1,read_failures=0"
dengfoc,"SYNC_TRUTH,sequence=2632656,truth_tick_us=5270907672,mechanical_angle_rad=2.646116972,valid=1,read_failures=0"
dengfoc,"SYNC_TRUTH,sequence=2632657,truth_tick_us=5270909672,mechanical_angle_rad=2.646116972,valid=1,read_failures=0"
dengfoc,"SYNC_TRUTH,sequence=2632658,truth_tick_us=5270911672,mechanical_angle_rad=2.646116972,valid=1,read_failures=0"
dengfoc,"SYNC_TRUTH,sequence=2632659,truth_tick_us=5270913672,mechanical_angle_rad=2.646116972,valid=1,read_failures=0"
dengfoc,"SYNC_TRUTH,sequence=2632660,truth_tick_us=5270915672,mechanical_angle_rad=2.646116972,valid=1,read_failures=0"
dengfoc,"SYNC_TRUTH,sequence=2632661,truth_tick_us=5270917672,mechanical_angle_rad=2.646116972,valid=1,read_failures=0"
dengfoc,"SYNC_TRUTH,sequence=2632662,truth_tick_us=5270919672,mechanical_angle_rad=2.646116972,valid=1,read_failures=0"
dengfoc,"SYNC_TRUTH,sequence=2632663,truth_tick_us=5270921672,mechanical_angle_rad=2.646116972,valid=1,read_failures=0"
dengfoc,"SYNC_TRUTH,sequence=2632664,truth_tick_us=5270923672,mechanical_angle_rad=2.646116972,valid=1,read_failures=0"
dengfoc,"SYNC_TRUTH,sequence=2632665,truth_tick_us=5270925672,mechanical_angle_rad=2.646116972,valid=1,read_failures=0"
dengfoc,"SYNC_TRUTH,sequence=2632666,truth_tick_us=5270927672,mechanical_angle_rad=2.646116972,valid=1,read_failures=0"
dengfoc,"SYNC_TRUTH,sequence=2632667,truth_tick_us=5270929672,mechanical_angle_rad=2.646116972,valid=1,read_failures=0"
dengfoc,"SYNC_TRUTH,sequence=2632668,truth_tick_us=5270931672,mechanical_angle_rad=2.646116972,valid=1,read_failures=0"
dengfoc,"SYNC_TRUTH,sequence=2632669,truth_tick_us=5270933672,mechanical_angle_rad=2.646116972,valid=1,read_failures=0"
dengfoc,"SYNC_TRUTH,sequence=2632670,truth_tick_us=5270935672,mechanical_angle_rad=2.646116972,valid=1,read_failures=0"
dengfoc,"SYNC_TRUTH,sequence=2632671,truth_tick_us=5270937672,mechanical_angle_rad=2.646116972,valid=1,read_failures=0"
dengfoc,"SYNC_TRUTH,sequence=2632672,truth_tick_us=5270939672,mechanical_angle_rad=2.646116972,valid=1,read_failures=0"
dengfoc,"SYNC_TRUTH,sequence=2632673,truth_tick_us=5270941672,mechanical_angle_rad=2.646116972,valid=1,read_failures=0"
dengfoc,"SYNC_TRUTH,sequence=2632674,truth_tick_us=5270943672,mechanical_angle_rad=2.646116972,valid=1,read_failures=0"
dengfoc,"SYNC_TRUTH,sequence=2632675,truth_tick_us=5270945672,mechanical_angle_rad=2.646116972,valid=1,read_failures=0"
dengfoc,"SYNC_TRUTH,sequence=2632676,truth_tick_us=5270947672,mechanical_angle_rad=2.646116972,valid=1,read_failures=0"
dengfoc,"SYNC_TRUTH,sequence=2632677,truth_tick_us=5270949672,mechanical_angle_rad=2.646116972,valid=1,read_failures=0"
dengfoc,"SYNC_TRUTH,sequence=2632678,truth_tick_us=5270951672,mechanical_angle_rad=2.646116972,valid=1,read_failures=0"
dengfoc,"SYNC_TRUTH,sequence=2632679,truth_tick_us=5270953672,mechanical_angle_rad=2.646116972,valid=1,read_failures=0"
dengfoc,"SYNC_TRUTH,sequence=2632680,truth_tick_us=5270955672,mechanical_angle_rad=2.646116972,valid=1,read_failures=0"
dengfoc,"SYNC_TRUTH,sequence=2632681,truth_tick_us=5270957672,mechanical_angle_rad=2.646116972,valid=1,read_failures=0"
dengfoc,"SYNC_TRUTH,sequence=2632682,truth_tick_us=5270959672,mechanical_angle_rad=2.646116972,valid=1,read_failures=0"
dengfoc,"SYNC_TRUTH,sequence=2632683,truth_tick_us=5270961672,mechanical_angle_rad=2.646116972,valid=1,read_failures=0"
dengfoc,"SYNC_TRUTH,sequence=2632684,truth_tick_us=5270963672,mechanical_angle_rad=2.646116972,valid=1,read_failures=0"
dengfoc,"SYNC_TRUTH,sequence=2632685,truth_tick_us=5270965672,mechanical_angle_rad=2.646116972,valid=1,read_failures=0"
dengfoc,"SYNC_TRUTH,sequence=2632686,truth_tick_us=5270967672,mechanical_angle_rad=2.646116972,valid=1,read_failures=0"
dengfoc,"SYNC_TRUTH,sequence=2632687,truth_tick_us=5270969672,mechanical_angle_rad=2.646116972,valid=1,read_failures=0"
dengfoc,"SYNC_TRUTH,sequence=2632688,truth_tick_us=5270971672,mechanical_angle_rad=2.646116972,valid=1,read_failures=0"
dengfoc,"SYNC_TRUTH,sequence=2632689,truth_tick_us=5270973672,mechanical_angle_rad=2.646116972,valid=1,read_failures=0"
dengfoc,"SYNC_TRUTH,sequence=2632690,truth_tick_us=5270975672,mechanical_angle_rad=2.646116972,valid=1,read_failures=0"
dengfoc,"SYNC_TRUTH,sequence=2632691,truth_tick_us=5270977672,mechanical_angle_rad=2.646116972,valid=1,read_failures=0"
dengfoc,"SYNC_TRUTH,sequence=2632692,truth_tick_us=5270979672,mechanical_angle_rad=2.646116972,valid=1,read_failures=0"
dengfoc,"SYNC_TRUTH,sequence=2632693,truth_tick_us=5270981672,mechanical_angle_rad=2.646116972,valid=1,read_failures=0"
dengfoc,"SYNC_TRUTH,sequence=2632694,truth_tick_us=5270983672,mechanical_angle_rad=2.646116972,valid=1,read_failures=0"
dengfoc,"SYNC_TRUTH,sequence=2632695,truth_tick_us=5270985672,mechanical_angle_rad=2.646116972,valid=1,read_failures=0"
dengfoc,"SYNC_TRUTH,sequence=2632696,truth_tick_us=5270987672,mechanical_angle_rad=2.646116972,valid=1,read_failures=0"
dengfoc,"SYNC_TRUTH,sequence=2632697,truth_tick_us=5270989672,mechanical_angle_rad=2.646116972,valid=1,read_failures=0"
dengfoc,"SYNC_TRUTH,sequence=2632698,truth_tick_us=5270991672,mechanical_angle_rad=2.646116972,valid=1,read_failures=0"
dengfoc,"SYNC_TRUTH,sequence=2632699,truth_tick_us=5270993672,mechanical_angle_rad=2.646116972,valid=1,read_failures=0"
dengfoc,"SYNC_TRUTH,sequence=2632700,truth_tick_us=5270995672,mechanical_angle_rad=2.646116972,valid=1,read_failures=0"
dengfoc,"SYNC_TRUTH,sequence=2632701,truth_tick_us=5270997672,mechanical_angle_rad=2.646116972,valid=1,read_failures=0"
dengfoc,"SYNC_TRUTH,sequence=2632702,truth_tick_us=5270999672,mechanical_angle_rad=2.646116972,valid=1,read_failures=0"
dengfoc,"SYNC_TRUTH,sequence=2632703,truth_tick_us=5271001672,mechanical_angle_rad=2.646116972,valid=1,read_failures=0"
dengfoc,"SYNC_TRUTH,sequence=2632704,truth_tick_us=5271003672,mechanical_angle_rad=2.646116972,valid=1,read_failures=0"
dengfoc,"SYNC_TRUTH,sequence=2632705,truth_tick_us=5271005672,mechanical_angle_rad=2.646116972,valid=1,read_failures=0"
dengfoc,"SYNC_TRUTH,sequence=2632706,truth_tick_us=5271007672,mechanical_angle_rad=2.646116972,valid=1,read_failures=0"
dengfoc,"SYNC_TRUTH,sequence=2632707,truth_tick_us=5271009672,mechanical_angle_rad=2.646116972,valid=1,read_failures=0"
dengfoc,"SYNC_TRUTH,sequence=2632708,truth_tick_us=5271011672,mechanical_angle_rad=2.646116972,valid=1,read_failures=0"
dengfoc,"SYNC_TRUTH,sequence=2632709,truth_tick_us=5271013672,mechanical_angle_rad=2.646116972,valid=1,read_failures=0"
dengfoc,"SYNC_TRUTH,sequence=2632710,truth_tick_us=5271015672,mechanical_angle_rad=2.646116972,valid=1,read_failures=0"
dengfoc,"SYNC_TRUTH,sequence=2632711,truth_tick_us=5271017672,mechanical_angle_rad=2.646116972,valid=1,read_failures=0"
dengfoc,"SYNC_TRUTH,sequence=2632712,truth_tick_us=5271019672,mechanical_angle_rad=2.646116972,valid=1,read_failures=0"
dengfoc,"SYNC_TRUTH,sequence=2632713,truth_tick_us=5271021672,mechanical_angle_rad=2.646116972,valid=1,read_failures=0"
dengfoc,"SYNC_TRUTH,sequence=2632714,truth_tick_us=5271023672,mechanical_angle_rad=2.646116972,valid=1,read_failures=0"
dengfoc,"SYNC_TRUTH,sequence=2632715,truth_tick_us=5271025672,mechanical_angle_rad=2.646116972,valid=1,read_failures=0"
dengfoc,"SYNC_TRUTH,sequence=2632716,truth_tick_us=5271027672,mechanical_angle_rad=2.646116972,valid=1,read_failures=0"
dengfoc,"SYNC_TRUTH,sequence=2632717,truth_tick_us=5271029672,mechanical_angle_rad=2.646116972,valid=1,read_failures=0"
dengfoc,"SYNC_TRUTH,sequence=2632718,truth_tick_us=5271031672,mechanical_angle_rad=2.646116972,valid=1,read_failures=0"
dengfoc,"SYNC_TRUTH,sequence=2632719,truth_tick_us=5271033672,mechanical_angle_rad=2.646116972,valid=1,read_failures=0"
dengfoc,"SYNC_TRUTH,sequence=2632720,truth_tick_us=5271035672,mechanical_angle_rad=2.646116972,valid=1,read_failures=0"
dengfoc,"SYNC_TRUTH,sequence=2632721,truth_tick_us=5271037672,mechanical_angle_rad=2.646116972,valid=1,read_failures=0"
dengfoc,"SYNC_TRUTH,sequence=2632722,truth_tick_us=5271039672,mechanical_angle_rad=2.646116972,valid=1,read_failures=0"
dengfoc,"SYNC_TRUTH,sequence=2632723,truth_tick_us=5271041672,mechanical_angle_rad=2.646116972,valid=1,read_failures=0"
dengfoc,"SYNC_TRUTH,sequence=2632724,truth_tick_us=5271043672,mechanical_angle_rad=2.646116972,valid=1,read_failures=0"
dengfoc,"SYNC_TRUTH,sequence=2632725,truth_tick_us=5271045672,mechanical_angle_rad=2.646116972,valid=1,read_failures=0"
dengfoc,"SYNC_TRUTH,sequence=2632726,truth_tick_us=5271047672,mechanical_angle_rad=2.646116972,valid=1,read_failures=0"
dengfoc,"SYNC_TRUTH,sequence=2632727,truth_tick_us=5271049672,mechanical_angle_rad=2.646116972,valid=1,read_failures=0"
dengfoc,"SYNC_TRUTH,sequence=2632728,truth_tick_us=5271051672,mechanical_angle_rad=2.646116972,valid=1,read_failures=0"
dengfoc,"SYNC_TRUTH,sequence=2632729,truth_tick_us=5271053672,mechanical_angle_rad=2.646116972,valid=1,read_failures=0"
dengfoc,"SYNC_TRUTH,sequence=2632730,truth_tick_us=5271055672,mechanical_angle_rad=2.646116972,valid=1,read_failures=0"
dengfoc,"SYNC_TRUTH,sequence=2632731,truth_tick_us=5271057672,mechanical_angle_rad=2.646116972,valid=1,read_failures=0"
dengfoc,"SYNC_TRUTH,sequence=2632732,truth_tick_us=5271059672,mechanical_angle_rad=2.646116972,valid=1,read_failures=0"
dengfoc,"SYNC_TRUTH,sequence=2632733,truth_tick_us=5271061672,mechanical_angle_rad=2.646116972,valid=1,read_failures=0"
dengfoc,"SYNC_TRUTH,sequence=2632734,truth_tick_us=5271063672,mechanical_angle_rad=2.646116972,valid=1,read_failures=0"
dengfoc,"SYNC_TRUTH,sequence=2632735,truth_tick_us=5271065672,mechanical_angle_rad=2.646116972,valid=1,read_failures=0"
dengfoc,"SYNC_TRUTH,sequence=2632736,truth_tick_us=5271067672,mechanical_angle_rad=2.646116972,valid=1,read_failures=0"
dengfoc,"SYNC_TRUTH,sequence=2632737,truth_tick_us=5271069672,mechanical_angle_rad=2.646116972,valid=1,read_failures=0"
dengfoc,"SYNC_TRUTH,sequence=2632738,truth_tick_us=5271071672,mechanical_angle_rad=2.646116972,valid=1,read_failures=0"
dengfoc,"SYNC_TRUTH,sequence=2632739,truth_tick_us=5271073672,mechanical_angle_rad=2.646116972,valid=1,read_failures=0"
dengfoc,"SYNC_TRUTH,sequence=2632740,truth_tick_us=5271075672,mechanical_angle_rad=2.646116972,valid=1,read_failures=0"
dengfoc,"SYNC_TRUTH,sequence=2632741,truth_tick_us=5271077672,mechanical_angle_rad=2.646116972,valid=1,read_failures=0"
dengfoc,"SYNC_TRUTH,sequence=2632742,truth_tick_us=5271079672,mechanical_angle_rad=2.646116972,valid=1,read_failures=0"
dengfoc,"SYNC_TRUTH,sequence=2632743,truth_tick_us=5271081672,mechanical_angle_rad=2.646116972,valid=1,read_failures=0"
dengfoc,"SYNC_TRUTH,sequence=2632744,truth_tick_us=5271083672,mechanical_angle_rad=2.646116972,valid=1,read_failures=0"
dengfoc,"SYNC_TRUTH,sequence=2632745,truth_tick_us=5271085672,mechanical_angle_rad=2.646116972,valid=1,read_failures=0"
dengfoc,"SYNC_TRUTH,sequence=2632746,truth_tick_us=5271087672,mechanical_angle_rad=2.646116972,valid=1,read_failures=0"
dengfoc,"SYNC_TRUTH,sequence=2632747,truth_tick_us=5271089672,mechanical_angle_rad=2.646116972,valid=1,read_failures=0"
dengfoc,"SYNC_TRUTH,sequence=2632748,truth_tick_us=5271091672,mechanical_angle_rad=2.646116972,valid=1,read_failures=0"
dengfoc,"SYNC_TRUTH,sequence=2632749,truth_tick_us=5271093672,mechanical_angle_rad=2.646116972,valid=1,read_failures=0"
dengfoc,"SYNC_TRUTH,sequence=2632750,truth_tick_us=5271095672,mechanical_angle_rad=2.646116972,valid=1,read_failures=0"
dengfoc,"SYNC_TRUTH,sequence=2632751,truth_tick_us=5271097672,mechanical_angle_rad=2.646116972,valid=1,read_failures=0"
dengfoc,"SYNC_TRUTH,sequence=2632752,truth_tick_us=5271099672,mechanical_angle_rad=2.646116972,valid=1,read_failures=0"
dengfoc,"SYNC_TRUTH,sequence=2632753,truth_tick_us=5271101672,mechanical_angle_rad=2.646116972,valid=1,read_failures=0"
dengfoc,"SYNC_TRUTH,sequence=2632754,truth_tick_us=5271103672,mechanical_angle_rad=2.646116972,valid=1,read_failures=0"
dengfoc,"SYNC_TRUTH,sequence=2632755,truth_tick_us=5271105672,mechanical_angle_rad=2.646116972,valid=1,read_failures=0"
dengfoc,"SYNC_TRUTH,sequence=2632756,truth_tick_us=5271107672,mechanical_angle_rad=2.646116972,valid=1,read_failures=0"
dengfoc,"SYNC_TRUTH,sequence=2632757,truth_tick_us=5271109672,mechanical_angle_rad=2.646116972,valid=1,read_failures=0"
dengfoc,"SYNC_TRUTH,sequence=2632758,truth_tick_us=5271111672,mechanical_angle_rad=2.646116972,valid=1,read_failures=0"
dengfoc,"SYNC_TRUTH,sequence=2632759,truth_tick_us=5271113672,mechanical_angle_rad=2.646116972,valid=1,read_failures=0"
dengfoc,"SYNC_TRUTH,sequence=2632760,truth_tick_us=5271115672,mechanical_angle_rad=2.646116972,valid=1,read_failures=0"
dengfoc,"SYNC_TRUTH,sequence=2632761,truth_tick_us=5271117672,mechanical_angle_rad=2.646116972,valid=1,read_failures=0"
dengfoc,"SYNC_TRUTH,sequence=2632762,truth_tick_us=5271119672,mechanical_angle_rad=2.646116972,valid=1,read_failures=0"
dengfoc,"SYNC_TRUTH,sequence=2632763,truth_tick_us=5271121672,mechanical_angle_rad=2.646116972,valid=1,read_failures=0"
dengfoc,"SYNC_TRUTH,sequence=2632764,truth_tick_us=5271123672,mechanical_angle_rad=2.646116972,valid=1,read_failures=0"
dengfoc,"SYNC_TRUTH,sequence=2632765,truth_tick_us=5271125672,mechanical_angle_rad=2.646116972,valid=1,read_failures=0"
dengfoc,"SYNC_TRUTH,sequence=2632766,truth_tick_us=5271127672,mechanical_angle_rad=2.646116972,valid=1,read_failures=0"
dengfoc,"SYNC_TRUTH,sequence=2632767,truth_tick_us=5271129672,mechanical_angle_rad=2.646116972,valid=1,read_failures=0"
dengfoc,"SYNC_TRUTH,sequence=2632768,truth_tick_us=5271131672,mechanical_angle_rad=2.646116972,valid=1,read_failures=0"
dengfoc,"SYNC_TRUTH,sequence=2632769,truth_tick_us=5271133672,mechanical_angle_rad=2.646116972,valid=1,read_failures=0"
dengfoc,"SYNC_TRUTH,sequence=2632770,truth_tick_us=5271135672,mechanical_angle_rad=2.646116972,valid=1,read_failures=0"
dengfoc,"SYNC_TRUTH,sequence=2632771,truth_tick_us=5271137672,mechanical_angle_rad=2.646116972,valid=1,read_failures=0"
dengfoc,"SYNC_TRUTH,sequence=2632772,truth_tick_us=5271139672,mechanical_angle_rad=2.646116972,valid=1,read_failures=0"
dengfoc,"SYNC_TRUTH,sequence=2632773,truth_tick_us=5271141672,mechanical_angle_rad=2.646116972,valid=1,read_failures=0"
dengfoc,"SYNC_TRUTH,sequence=2632774,truth_tick_us=5271143672,mechanical_angle_rad=2.646116972,valid=1,read_failures=0"
dengfoc,"SYNC_TRUTH,sequence=2632775,truth_tick_us=5271145672,mechanical_angle_rad=2.646116972,valid=1,read_failures=0"
dengfoc,"SYNC_TRUTH,sequence=2632776,truth_tick_us=5271147672,mechanical_angle_rad=2.646116972,valid=1,read_failures=0"
dengfoc,"SYNC_TRUTH,sequence=2632777,truth_tick_us=5271149672,mechanical_angle_rad=2.646116972,valid=1,read_failures=0"
dengfoc,"SYNC_TRUTH,sequence=2632778,truth_tick_us=5271151672,mechanical_angle_rad=2.646116972,valid=1,read_failures=0"
dengfoc,"SYNC_TRUTH,sequence=2632779,truth_tick_us=5271153672,mechanical_angle_rad=2.646116972,valid=1,read_failures=0"
dengfoc,"SYNC_TRUTH,sequence=2632780,truth_tick_us=5271155672,mechanical_angle_rad=2.646116972,valid=1,read_failures=0"
dengfoc,"SYNC_TRUTH,sequence=2632781,truth_tick_us=5271157672,mechanical_angle_rad=2.646116972,valid=1,read_failures=0"
dengfoc,"SYNC_TRUTH,sequence=2632782,truth_tick_us=5271159672,mechanical_angle_rad=2.646116972,valid=1,read_failures=0"
dengfoc,"SYNC_TRUTH,sequence=2632783,truth_tick_us=5271161672,mechanical_angle_rad=2.646116972,valid=1,read_failures=0"
dengfoc,"SYNC_TRUTH,sequence=2632784,truth_tick_us=5271163672,mechanical_angle_rad=2.646116972,valid=1,read_failures=0"
dengfoc,"SYNC_TRUTH,sequence=2632785,truth_tick_us=5271165672,mechanical_angle_rad=2.646116972,valid=1,read_failures=0"
dengfoc,"SYNC_TRUTH,sequence=2632786,truth_tick_us=5271167672,mechanical_angle_rad=2.646116972,valid=1,read_failures=0"
dengfoc,"SYNC_TRUTH,sequence=2632787,truth_tick_us=5271169672,mechanical_angle_rad=2.646116972,valid=1,read_failures=0"
dengfoc,"SYNC_TRUTH,sequence=2632788,truth_tick_us=5271171672,mechanical_angle_rad=2.646116972,valid=1,read_failures=0"
dengfoc,"SYNC_TRUTH,sequence=2632789,truth_tick_us=5271173672,mechanical_angle_rad=2.646116972,valid=1,read_failures=0"
dengfoc,"SYNC_TRUTH,sequence=2632790,truth_tick_us=5271175672,mechanical_angle_rad=2.646116972,valid=1,read_failures=0"
dengfoc,"SYNC_TRUTH,sequence=2632791,truth_tick_us=5271177672,mechanical_angle_rad=2.646116972,valid=1,read_failures=0"
dengfoc,"SYNC_TRUTH,sequence=2632792,truth_tick_us=5271179672,mechanical_angle_rad=2.646116972,valid=1,read_failures=0"
dengfoc,"SYNC_TRUTH,sequence=2632793,truth_tick_us=5271181672,mechanical_angle_rad=2.646116972,valid=1,read_failures=0"
dengfoc,"SYNC_TRUTH,sequence=2632794,truth_tick_us=5271183672,mechanical_angle_rad=2.646116972,valid=1,read_failures=0"
dengfoc,"SYNC_TRUTH,sequence=2632795,truth_tick_us=5271185672,mechanical_angle_rad=2.646116972,valid=1,read_failures=0"
dengfoc,"SYNC_TRUTH,sequence=2632796,truth_tick_us=5271187672,mechanical_angle_rad=2.646116972,valid=1,read_failures=0"
dengfoc,"SYNC_TRUTH,sequence=2632797,truth_tick_us=5271189672,mechanical_angle_rad=2.646116972,valid=1,read_failures=0"
dengfoc,"SYNC_TRUTH,sequence=2632798,truth_tick_us=5271191672,mechanical_angle_rad=2.646116972,valid=1,read_failures=0"
dengfoc,"SYNC_TRUTH,sequence=2632799,truth_tick_us=5271193672,mechanical_angle_rad=2.646116972,valid=1,read_failures=0"
dengfoc,"SYNC_TRUTH,sequence=2632800,truth_tick_us=5271195672,mechanical_angle_rad=2.646116972,valid=1,read_failures=0"
dengfoc,"SYNC_TRUTH,sequence=2632801,truth_tick_us=5271197672,mechanical_angle_rad=2.646116972,valid=1,read_failures=0"
dengfoc,"SYNC_TRUTH,sequence=2632802,truth_tick_us=5271199672,mechanical_angle_rad=2.646116972,valid=1,read_failures=0"
dengfoc,"SYNC_TRUTH,sequence=2632803,truth_tick_us=5271201672,mechanical_angle_rad=2.646116972,valid=1,read_failures=0"
dengfoc,"SYNC_TRUTH,sequence=2632804,truth_tick_us=5271203672,mechanical_angle_rad=2.646116972,valid=1,read_failures=0"
dengfoc,"SYNC_TRUTH,sequence=2632805,truth_tick_us=5271205672,mechanical_angle_rad=2.646116972,valid=1,read_failures=0"
dengfoc,"SYNC_TRUTH,sequence=2632806,truth_tick_us=5271207672,mechanical_angle_rad=2.646116972,valid=1,read_failures=0"
dengfoc,"SYNC_TRUTH,sequence=2632807,truth_tick_us=5271209672,mechanical_angle_rad=2.646116972,valid=1,read_failures=0"
dengfoc,"SYNC_TRUTH,sequence=2632808,truth_tick_us=5271211672,mechanical_angle_rad=2.646116972,valid=1,read_failures=0"
dengfoc,"SYNC_TRUTH,sequence=2632809,truth_tick_us=5271213672,mechanical_angle_rad=2.646116972,valid=1,read_failures=0"
dengfoc,"SYNC_TRUTH,sequence=2632810,truth_tick_us=5271215672,mechanical_angle_rad=2.646116972,valid=1,read_failures=0"
dengfoc,"SYNC_TRUTH,sequence=2632811,truth_tick_us=5271217672,mechanical_angle_rad=2.646116972,valid=1,read_failures=0"
dengfoc,"SYNC_TRUTH,sequence=2632812,truth_tick_us=5271219672,mechanical_angle_rad=2.646116972,valid=1,read_failures=0"
dengfoc,"SYNC_TRUTH,sequence=2632813,truth_tick_us=5271221672,mechanical_angle_rad=2.646116972,valid=1,read_failures=0"
dengfoc,"SYNC_TRUTH,sequence=2632814,truth_tick_us=5271223672,mechanical_angle_rad=2.646116972,valid=1,read_failures=0"
dengfoc,"SYNC_TRUTH,sequence=2632815,truth_tick_us=5271225672,mechanical_angle_rad=2.646116972,valid=1,read_failures=0"
dengfoc,"SYNC_TRUTH,sequence=2632816,truth_tick_us=5271227672,mechanical_angle_rad=2.646116972,valid=1,read_failures=0"
dengfoc,"SYNC_TRUTH,sequence=2632817,truth_tick_us=5271229672,mechanical_angle_rad=2.646116972,valid=1,read_failures=0"
dengfoc,"SYNC_TRUTH,sequence=2632818,truth_tick_us=5271231672,mechanical_angle_rad=2.646116972,valid=1,read_failures=0"
dengfoc,"SYNC_TRUTH,sequence=2632819,truth_tick_us=5271233672,mechanical_angle_rad=2.646116972,valid=1,read_failures=0"
dengfoc,"SYNC_TRUTH,sequence=2632820,truth_tick_us=5271235672,mechanical_angle_rad=2.646116972,valid=1,read_failures=0"
dengfoc,"SYNC_TRUTH,sequence=2632821,truth_tick_us=5271237672,mechanical_angle_rad=2.646116972,valid=1,read_failures=0"
dengfoc,"SYNC_TRUTH,sequence=2632822,truth_tick_us=5271239672,mechanical_angle_rad=2.646116972,valid=1,read_failures=0"
dengfoc,"SYNC_TRUTH,sequence=2632823,truth_tick_us=5271241672,mechanical_angle_rad=2.646116972,valid=1,read_failures=0"
dengfoc,"SYNC_TRUTH,sequence=2632824,truth_tick_us=5271243672,mechanical_angle_rad=2.646116972,valid=1,read_failures=0"
dengfoc,"SYNC_STATUS,frames=53,frame_fail=5,truth=2632824,truth_fail=0,idle=4,capture_state=0,capture_failure=0,rejected=0,overflow=0,recovered=5,session_rollovers=4,sync_level=1,driver_disabled=1"
dengfoc,"SYNC_TRUTH,sequence=2632825,truth_tick_us=5271247019,mechanical_angle_rad=2.646116972,valid=1,read_failures=0"
dengfoc,"SYNC_TRUTH,sequence=2632826,truth_tick_us=5271248672,mechanical_angle_rad=2.646116972,valid=1,read_failures=0"
dengfoc,"SYNC_TRUTH,sequence=2632827,truth_tick_us=5271250672,mechanical_angle_rad=2.646116972,valid=1,read_failures=0"
dengfoc,"SYNC_TRUTH,sequence=2632828,truth_tick_us=5271252672,mechanical_angle_rad=2.646116972,valid=1,read_failures=0"
dengfoc,"SYNC_TRUTH,sequence=2632829,truth_tick_us=5271254672,mechanical_angle_rad=2.646116972,valid=1,read_failures=0"
dengfoc,"SYNC_TRUTH,sequence=2632830,truth_tick_us=5271256672,mechanical_angle_rad=2.646116972,valid=1,read_failures=0"
dengfoc,"SYNC_TRUTH,sequence=2632831,truth_tick_us=5271258672,mechanical_angle_rad=2.646116972,valid=1,read_failures=0"
dengfoc,"SYNC_TRUTH,sequence=2632832,truth_tick_us=5271260672,mechanical_angle_rad=2.646116972,valid=1,read_failures=0"
dengfoc,"SYNC_TRUTH,sequence=2632833,truth_tick_us=5271262672,mechanical_angle_rad=2.646116972,valid=1,read_failures=0"
dengfoc,"SYNC_TRUTH,sequence=2632834,truth_tick_us=5271264672,mechanical_angle_rad=2.646116972,valid=1,read_failures=0"
dengfoc,"SYNC_TRUTH,sequence=2632835,truth_tick_us=5271266672,mechanical_angle_rad=2.646116972,valid=1,read_failures=0"
dengfoc,"SYNC_TRUTH,sequence=2632836,truth_tick_us=5271268672,mechanical_angle_rad=2.646116972,valid=1,read_failures=0"
dengfoc,"SYNC_TRUTH,sequence=2632837,truth_tick_us=5271270672,mechanical_angle_rad=2.646116972,valid=1,read_failures=0"
dengfoc,"SYNC_TRUTH,sequence=2632838,truth_tick_us=5271272672,mechanical_angle_rad=2.646116972,valid=1,read_failures=0"
dengfoc,"SYNC_TRUTH,sequence=2632839,truth_tick_us=5271274672,mechanical_angle_rad=2.646116972,valid=1,read_failures=0"
dengfoc,"SYNC_TRUTH,sequence=2632840,truth_tick_us=5271276672,mechanical_angle_rad=2.646116972,valid=1,read_failures=0"
dengfoc,"SYNC_TRUTH,sequence=2632841,truth_tick_us=5271278672,mechanical_angle_rad=2.646116972,valid=1,read_failures=0"
dengfoc,"SYNC_TRUTH,sequence=2632842,truth_tick_us=5271280672,mechanical_angle_rad=2.646116972,valid=1,read_failures=0"
dengfoc,"SYNC_TRUTH,sequence=2632843,truth_tick_us=5271282672,mechanical_angle_rad=2.646116972,valid=1,read_failures=0"
dengfoc,"SYNC_TRUTH,sequence=2632844,truth_tick_us=5271284672,mechanical_angle_rad=2.646116972,valid=1,read_failures=0"
dengfoc,"SYNC_TRUTH,sequence=2632845,truth_tick_us=5271286672,mechanical_angle_rad=2.646116972,valid=1,read_failures=0"
dengfoc,"SYNC_TRUTH,sequence=2632846,truth_tick_us=5271288672,mechanical_angle_rad=2.646116972,valid=1,read_failures=0"
dengfoc,"SYNC_TRUTH,sequence=2632847,truth_tick_us=5271290672,mechanical_angle_rad=2.646116972,valid=1,read_failures=0"
dengfoc,"SYNC_TRUTH,sequence=2632848,truth_tick_us=5271292672,mechanical_angle_rad=2.646116972,valid=1,read_failures=0"
dengfoc,"SYNC_TRUTH,sequence=2632849,truth_tick_us=5271294672,mechanical_angle_rad=2.646116972,valid=1,read_failures=0"
dengfoc,"SYNC_TRUTH,sequence=2632850,truth_tick_us=5271296672,mechanical_angle_rad=2.646116972,valid=1,read_failures=0"
dengfoc,"SYNC_TRUTH,sequence=2632851,truth_tick_us=5271298672,mechanical_angle_rad=2.646116972,valid=1,read_failures=0"
dengfoc,"SYNC_TRUTH,sequence=2632852,truth_tick_us=5271300672,mechanical_angle_rad=2.646116972,valid=1,read_failures=0"
dengfoc,"SYNC_TRUTH,sequence=2632853,truth_tick_us=5271302672,mechanical_angle_rad=2.646116972,valid=1,read_failures=0"
dengfoc,"SYNC_TRUTH,sequence=2632854,truth_tick_us=5271304672,mechanical_angle_rad=2.646116972,valid=1,read_failures=0"
dengfoc,"SYNC_TRUTH,sequence=2632855,truth_tick_us=5271306672,mechanical_angle_rad=2.646116972,valid=1,read_failures=0"
dengfoc,"SYNC_TRUTH,sequence=2632856,truth_tick_us=5271308672,mechanical_angle_rad=2.646116972,valid=1,read_failures=0"
dengfoc,"SYNC_TRUTH,sequence=2632857,truth_tick_us=5271310672,mechanical_angle_rad=2.646116972,valid=1,read_failures=0"
dengfoc,"SYNC_TRUTH,sequence=2632858,truth_tick_us=5271312672,mechanical_angle_rad=2.646116972,valid=1,read_failures=0"
dengfoc,"SYNC_TRUTH,sequence=2632859,truth_tick_us=5271314672,mechanical_angle_rad=2.646116972,valid=1,read_failures=0"
dengfoc,"SYNC_TRUTH,sequence=2632860,truth_tick_us=5271316672,mechanical_angle_rad=2.646116972,valid=1,read_failures=0"
dengfoc,"SYNC_TRUTH,sequence=2632861,truth_tick_us=5271318672,mechanical_angle_rad=2.646116972,valid=1,read_failures=0"
dengfoc,"SYNC_TRUTH,sequence=2632862,truth_tick_us=5271320672,mechanical_angle_rad=2.646116972,valid=1,read_failures=0"
dengfoc,"SYNC_TRUTH,sequence=2632863,truth_tick_us=5271322672,mechanical_angle_rad=2.646116972,valid=1,read_failures=0"
dengfoc,"SYNC_TRUTH,sequence=2632864,truth_tick_us=5271324672,mechanical_angle_rad=2.646116972,valid=1,read_failures=0"
dengfoc,"SYNC_TRUTH,sequence=2632865,truth_tick_us=5271326672,mechanical_angle_rad=2.646116972,valid=1,read_failures=0"
dengfoc,"SYNC_TRUTH,sequence=2632866,truth_tick_us=5271328672,mechanical_angle_rad=2.646116972,valid=1,read_failures=0"
dengfoc,"SYNC_TRUTH,sequence=2632867,truth_tick_us=5271330672,mechanical_angle_rad=2.646116972,valid=1,read_failures=0"
dengfoc,"SYNC_TRUTH,sequence=2632868,truth_tick_us=5271332672,mechanical_angle_rad=2.646116972,valid=1,read_failures=0"
dengfoc,"SYNC_TRUTH,sequence=2632869,truth_tick_us=5271334672,mechanical_angle_rad=2.646116972,valid=1,read_failures=0"
dengfoc,"SYNC_TRUTH,sequence=2632870,truth_tick_us=5271336672,mechanical_angle_rad=2.646116972,valid=1,read_failures=0"
dengfoc,"SYNC_TRUTH,sequence=2632871,truth_tick_us=5271338672,mechanical_angle_rad=2.646116972,valid=1,read_failures=0"
dengfoc,"SYNC_TRUTH,sequence=2632872,truth_tick_us=5271340672,mechanical_angle_rad=2.646116972,valid=1,read_failures=0"
dengfoc,"SYNC_TRUTH,sequence=2632873,truth_tick_us=5271342672,mechanical_angle_rad=2.646116972,valid=1,read_failures=0"
dengfoc,"SYNC_TRUTH,sequence=2632874,truth_tick_us=5271344672,mechanical_angle_rad=2.646116972,valid=1,read_failures=0"
dengfoc,"SYNC_TRUTH,sequence=2632875,truth_tick_us=5271346672,mechanical_angle_rad=2.646116972,valid=1,read_failures=0"
dengfoc,"SYNC_TRUTH,sequence=2632876,truth_tick_us=5271348672,mechanical_angle_rad=2.646116972,valid=1,read_failures=0"
dengfoc,"SYNC_TRUTH,sequence=2632877,truth_tick_us=5271350672,mechanical_angle_rad=2.646116972,valid=1,read_failures=0"
dengfoc,"SYNC_TRUTH,sequence=2632878,truth_tick_us=5271352672,mechanical_angle_rad=2.646116972,valid=1,read_failures=0"
dengfoc,"SYNC_TRUTH,sequence=2632879,truth_tick_us=5271354672,mechanical_angle_rad=2.646116972,valid=1,read_failures=0"
dengfoc,"SYNC_TRUTH,sequence=2632880,truth_tick_us=5271356672,mechanical_angle_rad=2.646116972,valid=1,read_failures=0"
dengfoc,"SYNC_TRUTH,sequence=2632881,truth_tick_us=5271358672,mechanical_angle_rad=2.646116972,valid=1,read_failures=0"
dengfoc,"SYNC_TRUTH,sequence=2632882,truth_tick_us=5271360672,mechanical_angle_rad=2.646116972,valid=1,read_failures=0"
dengfoc,"SYNC_TRUTH,sequence=2632883,truth_tick_us=5271362672,mechanical_angle_rad=2.646116972,valid=1,read_failures=0"
dengfoc,"SYNC_TRUTH,sequence=2632884,truth_tick_us=5271364672,mechanical_angle_rad=2.646116972,valid=1,read_failures=0"
dengfoc,"SYNC_TRUTH,sequence=2632885,truth_tick_us=5271366672,mechanical_angle_rad=2.646116972,valid=1,read_failures=0"
dengfoc,"SYNC_TRUTH,sequence=2632886,truth_tick_us=5271368672,mechanical_angle_rad=2.646116972,valid=1,read_failures=0"
dengfoc,"SYNC_TRUTH,sequence=2632887,truth_tick_us=5271370672,mechanical_angle_rad=2.646116972,valid=1,read_failures=0"
dengfoc,"SYNC_TRUTH,sequence=2632888,truth_tick_us=5271372672,mechanical_angle_rad=2.646116972,valid=1,read_failures=0"
dengfoc,"SYNC_TRUTH,sequence=2632889,truth_tick_us=5271374672,mechanical_angle_rad=2.646116972,valid=1,read_failures=0"
dengfoc,"SYNC_TRUTH,sequence=2632890,truth_tick_us=5271376672,mechanical_angle_rad=2.646116972,valid=1,read_failures=0"
dengfoc,"SYNC_TRUTH,sequence=2632891,truth_tick_us=5271378672,mechanical_angle_rad=2.646116972,valid=1,read_failures=0"
dengfoc,"SYNC_TRUTH,sequence=2632892,truth_tick_us=5271380672,mechanical_angle_rad=2.646116972,valid=1,read_failures=0"
dengfoc,"SYNC_TRUTH,sequence=2632893,truth_tick_us=5271382672,mechanical_angle_rad=2.646116972,valid=1,read_failures=0"
dengfoc,"SYNC_TRUTH,sequence=2632894,truth_tick_us=5271384672,mechanical_angle_rad=2.646116972,valid=1,read_failures=0"
dengfoc,"SYNC_TRUTH,sequence=2632895,truth_tick_us=5271386672,mechanical_angle_rad=2.646116972,valid=1,read_failures=0"
dengfoc,"SYNC_TRUTH,sequence=2632896,truth_tick_us=5271388672,mechanical_angle_rad=2.646116972,valid=1,read_failures=0"
dengfoc,"SYNC_TRUTH,sequence=2632897,truth_tick_us=5271390672,mechanical_angle_rad=2.646116972,valid=1,read_failures=0"
dengfoc,"SYNC_TRUTH,sequence=2632898,truth_tick_us=5271392672,mechanical_angle_rad=2.646116972,valid=1,read_failures=0"
dengfoc,"SYNC_TRUTH,sequence=2632899,truth_tick_us=5271394672,mechanical_angle_rad=2.646116972,valid=1,read_failures=0"
dengfoc,"SYNC_TRUTH,sequence=2632900,truth_tick_us=5271396672,mechanical_angle_rad=2.646116972,valid=1,read_failures=0"
dengfoc,"SYNC_TRUTH,sequence=2632901,truth_tick_us=5271398672,mechanical_angle_rad=2.646116972,valid=1,read_failures=0"
dengfoc,"SYNC_TRUTH,sequence=2632902,truth_tick_us=5271400672,mechanical_angle_rad=2.646116972,valid=1,read_failures=0"
dengfoc,"SYNC_TRUTH,sequence=2632903,truth_tick_us=5271402672,mechanical_angle_rad=2.646116972,valid=1,read_failures=0"
dengfoc,"SYNC_TRUTH,sequence=2632904,truth_tick_us=5271404672,mechanical_angle_rad=2.646116972,valid=1,read_failures=0"
dengfoc,"SYNC_TRUTH,sequence=2632905,truth_tick_us=5271406672,mechanical_angle_rad=2.646116972,valid=1,read_failures=0"
dengfoc,"SYNC_TRUTH,sequence=2632906,truth_tick_us=5271408672,mechanical_angle_rad=2.646116972,valid=1,read_failures=0"
dengfoc,"SYNC_TRUTH,sequence=2632907,truth_tick_us=5271410672,mechanical_angle_rad=2.646116972,valid=1,read_failures=0"
dengfoc,"SYNC_TRUTH,sequence=2632908,truth_tick_us=5271412672,mechanical_angle_rad=2.646116972,valid=1,read_failures=0"
dengfoc,"SYNC_TRUTH,sequence=2632909,truth_tick_us=5271414672,mechanical_angle_rad=2.646116972,valid=1,read_failures=0"
dengfoc,"SYNC_TRUTH,sequence=2632910,truth_tick_us=5271416672,mechanical_angle_rad=2.646116972,valid=1,read_failures=0"
dengfoc,"SYNC_TRUTH,sequence=2632911,truth_tick_us=5271418672,mechanical_angle_rad=2.646116972,valid=1,read_failures=0"
dengfoc,"SYNC_TRUTH,sequence=2632912,truth_tick_us=5271420672,mechanical_angle_rad=2.646116972,valid=1,read_failures=0"
dengfoc,"SYNC_TRUTH,sequence=2632913,truth_tick_us=5271422672,mechanical_angle_rad=2.646116972,valid=1,read_failures=0"
dengfoc,"SYNC_TRUTH,sequence=2632914,truth_tick_us=5271424672,mechanical_angle_rad=2.646116972,valid=1,read_failures=0"
dengfoc,"SYNC_TRUTH,sequence=2632915,truth_tick_us=5271426672,mechanical_angle_rad=2.646116972,valid=1,read_failures=0"
dengfoc,"SYNC_TRUTH,sequence=2632916,truth_tick_us=5271428672,mechanical_angle_rad=2.646116972,valid=1,read_failures=0"
dengfoc,"SYNC_TRUTH,sequence=2632917,truth_tick_us=5271430672,mechanical_angle_rad=2.646116972,valid=1,read_failures=0"
dengfoc,"SYNC_TRUTH,sequence=2632918,truth_tick_us=5271432672,mechanical_angle_rad=2.646116972,valid=1,read_failures=0"
dengfoc,"SYNC_TRUTH,sequence=2632919,truth_tick_us=5271434672,mechanical_angle_rad=2.646116972,valid=1,read_failures=0"
dengfoc,"SYNC_TRUTH,sequence=2632920,truth_tick_us=5271436672,mechanical_angle_rad=2.646116972,valid=1,read_failures=0"
dengfoc,"SYNC_TRUTH,sequence=2632921,truth_tick_us=5271438672,mechanical_angle_rad=2.646116972,valid=1,read_failures=0"
dengfoc,"SYNC_TRUTH,sequence=2632922,truth_tick_us=5271440672,mechanical_angle_rad=2.646116972,valid=1,read_failures=0"
dengfoc,"SYNC_TRUTH,sequence=2632923,truth_tick_us=5271442672,mechanical_angle_rad=2.646116972,valid=1,read_failures=0"
dengfoc,"SYNC_TRUTH,sequence=2632924,truth_tick_us=5271444672,mechanical_angle_rad=2.646116972,valid=1,read_failures=0"
dengfoc,"SYNC_TRUTH,sequence=2632925,truth_tick_us=5271446672,mechanical_angle_rad=2.646116972,valid=1,read_failures=0"
dengfoc,"SYNC_TRUTH,sequence=2632926,truth_tick_us=5271448672,mechanical_angle_rad=2.646116972,valid=1,read_failures=0"
dengfoc,"SYNC_TRUTH,sequence=2632927,truth_tick_us=5271450672,mechanical_angle_rad=2.646116972,valid=1,read_failures=0"
dengfoc,"SYNC_TRUTH,sequence=2632928,truth_tick_us=5271452672,mechanical_angle_rad=2.646116972,valid=1,read_failures=0"
dengfoc,"SYNC_TRUTH,sequence=2632929,truth_tick_us=5271454672,mechanical_angle_rad=2.646116972,valid=1,read_failures=0"
dengfoc,"SYNC_TRUTH,sequence=2632930,truth_tick_us=5271456672,mechanical_angle_rad=2.646116972,valid=1,read_failures=0"
dengfoc,"SYNC_TRUTH,sequence=2632931,truth_tick_us=5271458672,mechanical_angle_rad=2.646116972,valid=1,read_failures=0"
dengfoc,"SYNC_TRUTH,sequence=2632932,truth_tick_us=5271460672,mechanical_angle_rad=2.646116972,valid=1,read_failures=0"
dengfoc,"SYNC_TRUTH,sequence=2632933,truth_tick_us=5271462672,mechanical_angle_rad=2.646116972,valid=1,read_failures=0"
dengfoc,"SYNC_TRUTH,sequence=2632934,truth_tick_us=5271464672,mechanical_angle_rad=2.646116972,valid=1,read_failures=0"
dengfoc,"SYNC_TRUTH,sequence=2632935,truth_tick_us=5271466672,mechanical_angle_rad=2.646116972,valid=1,read_failures=0"
dengfoc,"SYNC_TRUTH,sequence=2632936,truth_tick_us=5271468672,mechanical_angle_rad=2.646116972,valid=1,read_failures=0"
dengfoc,"SYNC_TRUTH,sequence=2632937,truth_tick_us=5271470672,mechanical_angle_rad=2.646116972,valid=1,read_failures=0"
dengfoc,"SYNC_TRUTH,sequence=2632938,truth_tick_us=5271472672,mechanical_angle_rad=2.646116972,valid=1,read_failures=0"
dengfoc,"SYNC_TRUTH,sequence=2632939,truth_tick_us=5271474672,mechanical_angle_rad=2.646116972,valid=1,read_failures=0"
dengfoc,"SYNC_TRUTH,sequence=2632940,truth_tick_us=5271476672,mechanical_angle_rad=2.646116972,valid=1,read_failures=0"
dengfoc,"SYNC_TRUTH,sequence=2632941,truth_tick_us=5271478672,mechanical_angle_rad=2.646116972,valid=1,read_failures=0"
dengfoc,"SYNC_TRUTH,sequence=2632942,truth_tick_us=5271480672,mechanical_angle_rad=2.646116972,valid=1,read_failures=0"
dengfoc,"SYNC_TRUTH,sequence=2632943,truth_tick_us=5271482672,mechanical_angle_rad=2.646116972,valid=1,read_failures=0"
dengfoc,"SYNC_TRUTH,sequence=2632944,truth_tick_us=5271484672,mechanical_angle_rad=2.646116972,valid=1,read_failures=0"
g431,foc_stop
g431,FSTOP
dengfoc,"SYNC_TRUTH,sequence=2632945,truth_tick_us=5271486672,mechanical_angle_rad=2.646116972,valid=1,read_failures=0"
dengfoc,"SYNC_TRUTH,sequence=2632946,truth_tick_us=5271488672,mechanical_angle_rad=2.646116972,valid=1,read_failures=0"
g431,msh >
dengfoc,"SYNC_TRUTH,sequence=2632947,truth_tick_us=5271490672,mechanical_angle_rad=2.646116972,valid=1,read_failures=0"
dengfoc,"SYNC_TRUTH,sequence=2632948,truth_tick_us=5271492672,mechanical_angle_rad=2.646116972,valid=1,read_failures=0"
dengfoc,"SYNC_TRUTH,sequence=2632949,truth_tick_us=5271494672,mechanical_angle_rad=2.646116972,valid=1,read_failures=0"
dengfoc,"SYNC_TRUTH,sequence=2632950,truth_tick_us=5271496672,mechanical_angle_rad=2.646116972,valid=1,read_failures=0"
dengfoc,"SYNC_TRUTH,sequence=2632951,truth_tick_us=5271498672,mechanical_angle_rad=2.646116972,valid=1,read_failures=0"
dengfoc,"SYNC_TRUTH,sequence=2632952,truth_tick_us=5271500672,mechanical_angle_rad=2.646116972,valid=1,read_failures=0"
dengfoc,"SYNC_TRUTH,sequence=2632953,truth_tick_us=5271502672,mechanical_angle_rad=2.646116972,valid=1,read_failures=0"
dengfoc,"SYNC_TRUTH,sequence=2632954,truth_tick_us=5271504672,mechanical_angle_rad=2.646116972,valid=1,read_failures=0"
dengfoc,"SYNC_TRUTH,sequence=2632955,truth_tick_us=5271506672,mechanical_angle_rad=2.646116972,valid=1,read_failures=0"
dengfoc,"SYNC_TRUTH,sequence=2632956,truth_tick_us=5271508672,mechanical_angle_rad=2.646116972,valid=1,read_failures=0"
dengfoc,"SYNC_TRUTH,sequence=2632957,truth_tick_us=5271510672,mechanical_angle_rad=2.646116972,valid=1,read_failures=0"
dengfoc,"SYNC_TRUTH,sequence=2632958,truth_tick_us=5271512672,mechanical_angle_rad=2.646116972,valid=1,read_failures=0"
dengfoc,"SYNC_TRUTH,sequence=2632959,truth_tick_us=5271514672,mechanical_angle_rad=2.646116972,valid=1,read_failures=0"
dengfoc,"SYNC_TRUTH,sequence=2632960,truth_tick_us=5271516672,mechanical_angle_rad=2.646116972,valid=1,read_failures=0"
dengfoc,"SYNC_TRUTH,sequence=2632961,truth_tick_us=5271518672,mechanical_angle_rad=2.646116972,valid=1,read_failures=0"
g431,msh >
dengfoc,"SYNC_TRUTH,sequence=2632962,truth_tick_us=5271520672,mechanical_angle_rad=2.646116972,valid=1,read_failures=0"
dengfoc,"SYNC_TRUTH,sequence=2632963,truth_tick_us=5271522672,mechanical_angle_rad=2.646116972,valid=1,read_failures=0"
dengfoc,"SYNC_TRUTH,sequence=2632964,truth_tick_us=5271524672,mechanical_angle_rad=2.646116972,valid=1,read_failures=0"
dengfoc,"SYNC_TRUTH,sequence=2632965,truth_tick_us=5271526672,mechanical_angle_rad=2.646116972,valid=1,read_failures=0"
dengfoc,"SYNC_TRUTH,sequence=2632966,truth_tick_us=5271528672,mechanical_angle_rad=2.646116972,valid=1,read_failures=0"
dengfoc,"SYNC_TRUTH,sequence=2632967,truth_tick_us=5271530672,mechanical_angle_rad=2.646116972,valid=1,read_failures=0"
dengfoc,"SYNC_TRUTH,sequence=2632968,truth_tick_us=5271532672,mechanical_angle_rad=2.646116972,valid=1,read_failures=0"
dengfoc,"SYNC_TRUTH,sequence=2632969,truth_tick_us=5271534672,mechanical_angle_rad=2.646116972,valid=1,read_failures=0"
dengfoc,"SYNC_TRUTH,sequence=2632970,truth_tick_us=5271536672,mechanical_angle_rad=2.646116972,valid=1,read_failures=0"
dengfoc,"SYNC_TRUTH,sequence=2632971,truth_tick_us=5271538672,mechanical_angle_rad=2.646116972,valid=1,read_failures=0"
dengfoc,"SYNC_TRUTH,sequence=2632972,truth_tick_us=5271540672,mechanical_angle_rad=2.646116972,valid=1,read_failures=0"
dengfoc,"SYNC_TRUTH,sequence=2632973,truth_tick_us=5271542672,mechanical_angle_rad=2.646116972,valid=1,read_failures=0"
dengfoc,"SYNC_TRUTH,sequence=2632974,truth_tick_us=5271544672,mechanical_angle_rad=2.646116972,valid=1,read_failures=0"
dengfoc,"SYNC_TRUTH,sequence=2632975,truth_tick_us=5271546672,mechanical_angle_rad=2.646116972,valid=1,read_failures=0"
dengfoc,"SYNC_TRUTH,sequence=2632976,truth_tick_us=5271548672,mechanical_angle_rad=2.646116972,valid=1,read_failures=0"
dengfoc,"SYNC_TRUTH,sequence=2632977,truth_tick_us=5271550672,mechanical_angle_rad=2.646116972,valid=1,read_failures=0"
dengfoc,"SYNC_TRUTH,sequence=2632978,truth_tick_us=5271552672,mechanical_angle_rad=2.646116972,valid=1,read_failures=0"
dengfoc,"SYNC_TRUTH,sequence=2632979,truth_tick_us=5271554672,mechanical_angle_rad=2.646116972,valid=1,read_failures=0"
dengfoc,"SYNC_TRUTH,sequence=2632980,truth_tick_us=5271556672,mechanical_angle_rad=2.646116972,valid=1,read_failures=0"
dengfoc,"SYNC_TRUTH,sequence=2632981,truth_tick_us=5271558672,mechanical_angle_rad=2.646116972,valid=1,read_failures=0"
dengfoc,"SYNC_TRUTH,sequence=2632982,truth_tick_us=5271560672,mechanical_angle_rad=2.646116972,valid=1,read_failures=0"
dengfoc,"SYNC_TRUTH,sequence=2632983,truth_tick_us=5271562672,mechanical_angle_rad=2.646116972,valid=1,read_failures=0"
dengfoc,"SYNC_TRUTH,sequence=2632984,truth_tick_us=5271564672,mechanical_angle_rad=2.646116972,valid=1,read_failures=0"
dengfoc,"SYNC_TRUTH,sequence=2632985,truth_tick_us=5271566672,mechanical_angle_rad=2.646116972,valid=1,read_failures=0"
dengfoc,"SYNC_TRUTH,sequence=2632986,truth_tick_us=5271568672,mechanical_angle_rad=2.646116972,valid=1,read_failures=0"
dengfoc,"SYNC_TRUTH,sequence=2632987,truth_tick_us=5271570672,mechanical_angle_rad=2.646116972,valid=1,read_failures=0"
dengfoc,"SYNC_TRUTH,sequence=2632988,truth_tick_us=5271572672,mechanical_angle_rad=2.646116972,valid=1,read_failures=0"
dengfoc,"SYNC_TRUTH,sequence=2632989,truth_tick_us=5271574672,mechanical_angle_rad=2.646116972,valid=1,read_failures=0"
dengfoc,"SYNC_TRUTH,sequence=2632990,truth_tick_us=5271576672,mechanical_angle_rad=2.646116972,valid=1,read_failures=0"
dengfoc,"SYNC_TRUTH,sequence=2632991,truth_tick_us=5271578672,mechanical_angle_rad=2.646116972,valid=1,read_failures=0"
dengfoc,"SYNC_TRUTH,sequence=2632992,truth_tick_us=5271580672,mechanical_angle_rad=2.646116972,valid=1,read_failures=0"
dengfoc,"SYNC_TRUTH,sequence=2632993,truth_tick_us=5271582672,mechanical_angle_rad=2.646116972,valid=1,read_failures=0"
dengfoc,"SYNC_TRUTH,sequence=2632994,truth_tick_us=5271584672,mechanical_angle_rad=2.646116972,valid=1,read_failures=0"
dengfoc,"SYNC_TRUTH,sequence=2632995,truth_tick_us=5271586672,mechanical_angle_rad=2.646116972,valid=1,read_failures=0"
dengfoc,"SYNC_TRUTH,sequence=2632996,truth_tick_us=5271588672,mechanical_angle_rad=2.646116972,valid=1,read_failures=0"
dengfoc,"SYNC_TRUTH,sequence=2632997,truth_tick_us=5271590672,mechanical_angle_rad=2.646116972,valid=1,read_failures=0"
dengfoc,"SYNC_TRUTH,sequence=2632998,truth_tick_us=5271592672,mechanical_angle_rad=2.646116972,valid=1,read_failures=0"
dengfoc,"SYNC_TRUTH,sequence=2632999,truth_tick_us=5271594672,mechanical_angle_rad=2.646116972,valid=1,read_failures=0"
dengfoc,"SYNC_TRUTH,sequence=2633000,truth_tick_us=5271596672,mechanical_angle_rad=2.646116972,valid=1,read_failures=0"
dengfoc,"SYNC_TRUTH,sequence=2633001,truth_tick_us=5271598672,mechanical_angle_rad=2.646116972,valid=1,read_failures=0"
dengfoc,"SYNC_TRUTH,sequence=2633002,truth_tick_us=5271600672,mechanical_angle_rad=2.646116972,valid=1,read_failures=0"
dengfoc,"SYNC_TRUTH,sequence=2633003,truth_tick_us=5271602672,mechanical_angle_rad=2.646116972,valid=1,read_failures=0"
dengfoc,"SYNC_TRUTH,sequence=2633004,truth_tick_us=5271604672,mechanical_angle_rad=2.646116972,valid=1,read_failures=0"
dengfoc,"SYNC_TRUTH,sequence=2633005,truth_tick_us=5271606672,mechanical_angle_rad=2.646116972,valid=1,read_failures=0"
dengfoc,"SYNC_TRUTH,sequence=2633006,truth_tick_us=5271608672,mechanical_angle_rad=2.646116972,valid=1,read_failures=0"
dengfoc,"SYNC_TRUTH,sequence=2633007,truth_tick_us=5271610672,mechanical_angle_rad=2.646116972,valid=1,read_failures=0"
dengfoc,"SYNC_TRUTH,sequence=2633008,truth_tick_us=5271612672,mechanical_angle_rad=2.646116972,valid=1,read_failures=0"
dengfoc,"SYNC_TRUTH,sequence=2633009,truth_tick_us=5271614672,mechanical_angle_rad=2.646116972,valid=1,read_failures=0"
dengfoc,"SYNC_TRUTH,sequence=2633010,truth_tick_us=5271616672,mechanical_angle_rad=2.646116972,valid=1,read_failures=0"
dengfoc,"SYNC_TRUTH,sequence=2633011,truth_tick_us=5271618672,mechanical_angle_rad=2.646116972,valid=1,read_failures=0"
dengfoc,"SYNC_TRUTH,sequence=2633012,truth_tick_us=5271620672,mechanical_angle_rad=2.646116972,valid=1,read_failures=0"
dengfoc,"SYNC_TRUTH,sequence=2633013,truth_tick_us=5271622672,mechanical_angle_rad=2.646116972,valid=1,read_failures=0"
dengfoc,"SYNC_TRUTH,sequence=2633014,truth_tick_us=5271624672,mechanical_angle_rad=2.646116972,valid=1,read_failures=0"
dengfoc,"SYNC_TRUTH,sequence=2633015,truth_tick_us=5271626672,mechanical_angle_rad=2.646116972,valid=1,read_failures=0"
dengfoc,"SYNC_TRUTH,sequence=2633016,truth_tick_us=5271628672,mechanical_angle_rad=2.646116972,valid=1,read_failures=0"
dengfoc,"SYNC_TRUTH,sequence=2633017,truth_tick_us=5271630672,mechanical_angle_rad=2.646116972,valid=1,read_failures=0"
dengfoc,"SYNC_TRUTH,sequence=2633018,truth_tick_us=5271632672,mechanical_angle_rad=2.646116972,valid=1,read_failures=0"
dengfoc,"SYNC_TRUTH,sequence=2633019,truth_tick_us=5271634672,mechanical_angle_rad=2.646116972,valid=1,read_failures=0"
dengfoc,"SYNC_TRUTH,sequence=2633020,truth_tick_us=5271636672,mechanical_angle_rad=2.646116972,valid=1,read_failures=0"
dengfoc,"SYNC_TRUTH,sequence=2633021,truth_tick_us=5271638672,mechanical_angle_rad=2.646116972,valid=1,read_failures=0"
dengfoc,"SYNC_TRUTH,sequence=2633022,truth_tick_us=5271640672,mechanical_angle_rad=2.646116972,valid=1,read_failures=0"
dengfoc,"SYNC_TRUTH,sequence=2633023,truth_tick_us=5271642672,mechanical_angle_rad=2.646116972,valid=1,read_failures=0"
dengfoc,"SYNC_TRUTH,sequence=2633024,truth_tick_us=5271644672,mechanical_angle_rad=2.646116972,valid=1,read_failures=0"
dengfoc,"SYNC_TRUTH,sequence=2633025,truth_tick_us=5271646672,mechanical_angle_rad=2.646116972,valid=1,read_failures=0"
dengfoc,"SYNC_TRUTH,sequence=2633026,truth_tick_us=5271648672,mechanical_angle_rad=2.646116972,valid=1,read_failures=0"
dengfoc,"SYNC_TRUTH,sequence=2633027,truth_tick_us=5271650672,mechanical_angle_rad=2.646116972,valid=1,read_failures=0"
dengfoc,"SYNC_TRUTH,sequence=2633028,truth_tick_us=5271652672,mechanical_angle_rad=2.646116972,valid=1,read_failures=0"
dengfoc,"SYNC_TRUTH,sequence=2633029,truth_tick_us=5271654672,mechanical_angle_rad=2.646116972,valid=1,read_failures=0"
dengfoc,"SYNC_TRUTH,sequence=2633030,truth_tick_us=5271656672,mechanical_angle_rad=2.646116972,valid=1,read_failures=0"
dengfoc,"SYNC_TRUTH,sequence=2633031,truth_tick_us=5271658672,mechanical_angle_rad=2.646116972,valid=1,read_failures=0"
dengfoc,"SYNC_TRUTH,sequence=2633032,truth_tick_us=5271660672,mechanical_angle_rad=2.646116972,valid=1,read_failures=0"
dengfoc,"SYNC_TRUTH,sequence=2633033,truth_tick_us=5271662672,mechanical_angle_rad=2.646116972,valid=1,read_failures=0"
dengfoc,"SYNC_TRUTH,sequence=2633034,truth_tick_us=5271664672,mechanical_angle_rad=2.646116972,valid=1,read_failures=0"
dengfoc,"SYNC_TRUTH,sequence=2633035,truth_tick_us=5271666672,mechanical_angle_rad=2.646116972,valid=1,read_failures=0"
dengfoc,"SYNC_TRUTH,sequence=2633036,truth_tick_us=5271668672,mechanical_angle_rad=2.646116972,valid=1,read_failures=0"
dengfoc,"SYNC_TRUTH,sequence=2633037,truth_tick_us=5271670672,mechanical_angle_rad=2.646116972,valid=1,read_failures=0"
dengfoc,"SYNC_TRUTH,sequence=2633038,truth_tick_us=5271672672,mechanical_angle_rad=2.646116972,valid=1,read_failures=0"
dengfoc,"SYNC_TRUTH,sequence=2633039,truth_tick_us=5271674672,mechanical_angle_rad=2.646116972,valid=1,read_failures=0"
dengfoc,"SYNC_TRUTH,sequence=2633040,truth_tick_us=5271676672,mechanical_angle_rad=2.646116972,valid=1,read_failures=0"
dengfoc,"SYNC_TRUTH,sequence=2633041,truth_tick_us=5271678672,mechanical_angle_rad=2.646116972,valid=1,read_failures=0"
dengfoc,"SYNC_TRUTH,sequence=2633042,truth_tick_us=5271680672,mechanical_angle_rad=2.646116972,valid=1,read_failures=0"
dengfoc,"SYNC_TRUTH,sequence=2633043,truth_tick_us=5271682672,mechanical_angle_rad=2.646116972,valid=1,read_failures=0"
dengfoc,"SYNC_TRUTH,sequence=2633044,truth_tick_us=5271684672,mechanical_angle_rad=2.646116972,valid=1,read_failures=0"
dengfoc,"SYNC_TRUTH,sequence=2633045,truth_tick_us=5271686672,mechanical_angle_rad=2.646116972,valid=1,read_failures=0"
dengfoc,"SYNC_TRUTH,sequence=2633046,truth_tick_us=5271688672,mechanical_angle_rad=2.646116972,valid=1,read_failures=0"
dengfoc,"SYNC_TRUTH,sequence=2633047,truth_tick_us=5271690672,mechanical_angle_rad=2.646116972,valid=1,read_failures=0"
dengfoc,"SYNC_TRUTH,sequence=2633048,truth_tick_us=5271692672,mechanical_angle_rad=2.646116972,valid=1,read_failures=0"
dengfoc,"SYNC_TRUTH,sequence=2633049,truth_tick_us=5271694672,mechanical_angle_rad=2.646116972,valid=1,read_failures=0"
dengfoc,"SYNC_TRUTH,sequence=2633050,truth_tick_us=5271696672,mechanical_angle_rad=2.646116972,valid=1,read_failures=0"
dengfoc,"SYNC_TRUTH,sequence=2633051,truth_tick_us=5271698672,mechanical_angle_rad=2.646116972,valid=1,read_failures=0"
dengfoc,"SYNC_TRUTH,sequence=2633052,truth_tick_us=5271700672,mechanical_angle_rad=2.646116972,valid=1,read_failures=0"
dengfoc,"SYNC_TRUTH,sequence=2633053,truth_tick_us=5271702672,mechanical_angle_rad=2.646116972,valid=1,read_failures=0"
dengfoc,"SYNC_TRUTH,sequence=2633054,truth_tick_us=5271704672,mechanical_angle_rad=2.646116972,valid=1,read_failures=0"
dengfoc,"SYNC_TRUTH,sequence=2633055,truth_tick_us=5271706672,mechanical_angle_rad=2.646116972,valid=1,read_failures=0"
dengfoc,"SYNC_TRUTH,sequence=2633056,truth_tick_us=5271708672,mechanical_angle_rad=2.646116972,valid=1,read_failures=0"
dengfoc,"SYNC_TRUTH,sequence=2633057,truth_tick_us=5271710672,mechanical_angle_rad=2.646116972,valid=1,read_failures=0"
dengfoc,"SYNC_TRUTH,sequence=2633058,truth_tick_us=5271712672,mechanical_angle_rad=2.646116972,valid=1,read_failures=0"
dengfoc,"SYNC_TRUTH,sequence=2633059,truth_tick_us=5271714672,mechanical_angle_rad=2.646116972,valid=1,read_failures=0"
dengfoc,"SYNC_TRUTH,sequence=2633060,truth_tick_us=5271716672,mechanical_angle_rad=2.646116972,valid=1,read_failures=0"
dengfoc,"SYNC_TRUTH,sequence=2633061,truth_tick_us=5271718672,mechanical_angle_rad=2.646116972,valid=1,read_failures=0"
dengfoc,"SYNC_TRUTH,sequence=2633062,truth_tick_us=5271720672,mechanical_angle_rad=2.646116972,valid=1,read_failures=0"
dengfoc,"SYNC_TRUTH,sequence=2633063,truth_tick_us=5271722672,mechanical_angle_rad=2.646116972,valid=1,read_failures=0"
dengfoc,"SYNC_TRUTH,sequence=2633064,truth_tick_us=5271724672,mechanical_angle_rad=2.646116972,valid=1,read_failures=0"
dengfoc,"SYNC_TRUTH,sequence=2633065,truth_tick_us=5271726672,mechanical_angle_rad=2.646116972,valid=1,read_failures=0"
dengfoc,"SYNC_TRUTH,sequence=2633066,truth_tick_us=5271728672,mechanical_angle_rad=2.646116972,valid=1,read_failures=0"
dengfoc,"SYNC_TRUTH,sequence=2633067,truth_tick_us=5271730672,mechanical_angle_rad=2.646116972,valid=1,read_failures=0"
dengfoc,"SYNC_TRUTH,sequence=2633068,truth_tick_us=5271732672,mechanical_angle_rad=2.646116972,valid=1,read_failures=0"
dengfoc,"SYNC_TRUTH,sequence=2633069,truth_tick_us=5271734672,mechanical_angle_rad=2.646116972,valid=1,read_failures=0"
dengfoc,"SYNC_TRUTH,sequence=2633070,truth_tick_us=5271736672,mechanical_angle_rad=2.646116972,valid=1,read_failures=0"
dengfoc,"SYNC_TRUTH,sequence=2633071,truth_tick_us=5271738672,mechanical_angle_rad=2.646116972,valid=1,read_failures=0"
dengfoc,"SYNC_TRUTH,sequence=2633072,truth_tick_us=5271740672,mechanical_angle_rad=2.646116972,valid=1,read_failures=0"
dengfoc,"SYNC_TRUTH,sequence=2633073,truth_tick_us=5271742672,mechanical_angle_rad=2.646116972,valid=1,read_failures=0"
dengfoc,"SYNC_TRUTH,sequence=2633074,truth_tick_us=5271744672,mechanical_angle_rad=2.646116972,valid=1,read_failures=0"
dengfoc,"SYNC_TRUTH,sequence=2633075,truth_tick_us=5271746672,mechanical_angle_rad=2.646116972,valid=1,read_failures=0"
dengfoc,"SYNC_TRUTH,sequence=2633076,truth_tick_us=5271748672,mechanical_angle_rad=2.646116972,valid=1,read_failures=0"
dengfoc,"SYNC_TRUTH,sequence=2633077,truth_tick_us=5271750672,mechanical_angle_rad=2.646116972,valid=1,read_failures=0"
dengfoc,"SYNC_TRUTH,sequence=2633078,truth_tick_us=5271752672,mechanical_angle_rad=2.646116972,valid=1,read_failures=0"
dengfoc,"SYNC_TRUTH,sequence=2633079,truth_tick_us=5271754672,mechanical_angle_rad=2.646116972,valid=1,read_failures=0"
dengfoc,"SYNC_TRUTH,sequence=2633080,truth_tick_us=5271756672,mechanical_angle_rad=2.646116972,valid=1,read_failures=0"
dengfoc,"SYNC_TRUTH,sequence=2633081,truth_tick_us=5271758672,mechanical_angle_rad=2.646116972,valid=1,read_failures=0"
dengfoc,"SYNC_TRUTH,sequence=2633082,truth_tick_us=5271760672,mechanical_angle_rad=2.646116972,valid=1,read_failures=0"
dengfoc,"SYNC_TRUTH,sequence=2633083,truth_tick_us=5271762672,mechanical_angle_rad=2.646116972,valid=1,read_failures=0"
dengfoc,"SYNC_TRUTH,sequence=2633084,truth_tick_us=5271764672,mechanical_angle_rad=2.646116972,valid=1,read_failures=0"
dengfoc,"SYNC_TRUTH,sequence=2633085,truth_tick_us=5271766672,mechanical_angle_rad=2.646116972,valid=1,read_failures=0"
dengfoc,"SYNC_TRUTH,sequence=2633086,truth_tick_us=5271768672,mechanical_angle_rad=2.646116972,valid=1,read_failures=0"
dengfoc,"SYNC_TRUTH,sequence=2633087,truth_tick_us=5271770672,mechanical_angle_rad=2.646116972,valid=1,read_failures=0"
dengfoc,"SYNC_TRUTH,sequence=2633088,truth_tick_us=5271772672,mechanical_angle_rad=2.646116972,valid=1,read_failures=0"
dengfoc,"SYNC_TRUTH,sequence=2633089,truth_tick_us=5271774672,mechanical_angle_rad=2.646116972,valid=1,read_failures=0"
dengfoc,"SYNC_TRUTH,sequence=2633090,truth_tick_us=5271776672,mechanical_angle_rad=2.646116972,valid=1,read_failures=0"
g431,foc_status
dengfoc,"SYNC_TRUTH,sequence=2633091,truth_tick_us=5271778672,mechanical_angle_rad=2.646116972,valid=1,read_failures=0"
g431,"FSTAT,disabled,rust-smo-pll,0,0,0,0"
dengfoc,"SYNC_TRUTH,sequence=2633092,truth_tick_us=5271780672,mechanical_angle_rad=2.646116972,valid=1,read_failures=0"
dengfoc,"SYNC_TRUTH,sequence=2633093,truth_tick_us=5271782672,mechanical_angle_rad=2.646116972,valid=1,read_failures=0"
g431,"FSTAT,iref=0/0,i=0/0,v=0/0"
dengfoc,"SYNC_TRUTH,sequence=2633094,truth_tick_us=5271784672,mechanical_angle_rad=2.646116972,valid=1,read_failures=0"
g431,"FOBS,0/0,0,0/0,00,0,0/0,0"
dengfoc,"SYNC_TRUTH,sequence=2633095,truth_tick_us=5271786672,mechanical_angle_rad=2.646116972,valid=1,read_failures=0"
dengfoc,"SYNC_TRUTH,sequence=2633096,truth_tick_us=5271788672,mechanical_angle_rad=2.646116972,valid=1,read_failures=0"
g431,FOC f=0000231f s=0 e=0 ISR=0/12750 miss=0 pk=0(0mA)
dengfoc,"SYNC_TRUTH,sequence=2633097,truth_tick_us=5271790672,mechanical_angle_rad=2.646116972,valid=1,read_failures=0"
dengfoc,"SYNC_TRUTH,sequence=2633098,truth_tick_us=5271792672,mechanical_angle_rad=2.646116972,valid=1,read_failures=0"
dengfoc,"SYNC_TRUTH,sequence=2633099,truth_tick_us=5271794672,mechanical_angle_rad=2.646116972,valid=1,read_failures=0"
g431,"FTIMING,2,0,0,0,0,0,0,0,0,0,0,0,0,12750,0,0,0,8991,0,0,0"
dengfoc,"SYNC_TRUTH,sequence=2633100,truth_tick_us=5271796672,mechanical_angle_rad=2.646116972,valid=1,read_failures=0"
g431,FOC st=0 rf=00000000 duty=0/0/0
dengfoc,"SYNC_TRUTH,sequence=2633101,truth_tick_us=5271798672,mechanical_angle_rad=2.646116972,valid=1,read_failures=0"
dengfoc,"SYNC_TRUTH,sequence=2633102,truth_tick_us=5271800672,mechanical_angle_rad=2.646116972,valid=1,read_failures=0"
g431,"FFAULT,00000000,00000000,0,0,ARM,0,0000"
dengfoc,"SYNC_TRUTH,sequence=2633103,truth_tick_us=5271802672,mechanical_angle_rad=2.646116972,valid=1,read_failures=0"
dengfoc,"SYNC_TRUTH,sequence=2633104,truth_tick_us=5271804672,mechanical_angle_rad=2.646116972,valid=1,read_failures=0"
g431,"FPROF,0,6,43116001,28041007,00,1e9d6f9b,3fa513b6"
dengfoc,"SYNC_TRUTH,sequence=2633105,truth_tick_us=5271806672,mechanical_angle_rad=2.646116972,valid=1,read_failures=0"
dengfoc,"SYNC_TRUTH,sequence=2633106,truth_tick_us=5271808672,mechanical_angle_rad=2.646116972,valid=1,read_failures=0"
g431,"FADC,1950/1933/1954,1951/1933/1953,30,387,2053"
dengfoc,"SYNC_TRUTH,sequence=2633107,truth_tick_us=5271810672,mechanical_angle_rad=2.646116972,valid=1,read_failures=0"
g431,msh >
dengfoc,"SYNC_TRUTH,sequence=2633108,truth_tick_us=5271812672,mechanical_angle_rad=2.646116972,valid=1,read_failures=0"
dengfoc,"SYNC_TRUTH,sequence=2633109,truth_tick_us=5271814672,mechanical_angle_rad=2.646116972,valid=1,read_failures=0"
dengfoc,"SYNC_TRUTH,sequence=2633110,truth_tick_us=5271816672,mechanical_angle_rad=2.646116972,valid=1,read_failures=0"
dengfoc,"SYNC_TRUTH,sequence=2633111,truth_tick_us=5271818672,mechanical_angle_rad=2.646116972,valid=1,read_failures=0"
dengfoc,"SYNC_TRUTH,sequence=2633112,truth_tick_us=5271820672,mechanical_angle_rad=2.646116972,valid=1,read_failures=0"
dengfoc,"SYNC_TRUTH,sequence=2633113,truth_tick_us=5271822672,mechanical_angle_rad=2.646116972,valid=1,read_failures=0"
dengfoc,"SYNC_TRUTH,sequence=2633114,truth_tick_us=5271824672,mechanical_angle_rad=2.646116972,valid=1,read_failures=0"
dengfoc,"SYNC_TRUTH,sequence=2633115,truth_tick_us=5271826672,mechanical_angle_rad=2.646116972,valid=1,read_failures=0"
dengfoc,"SYNC_TRUTH,sequence=2633116,truth_tick_us=5271828672,mechanical_angle_rad=2.646116972,valid=1,read_failures=0"
dengfoc,"SYNC_TRUTH,sequence=2633117,truth_tick_us=5271830672,mechanical_angle_rad=2.646116972,valid=1,read_failures=0"
dengfoc,"SYNC_TRUTH,sequence=2633118,truth_tick_us=5271832672,mechanical_angle_rad=2.646116972,valid=1,read_failures=0"
dengfoc,"SYNC_TRUTH,sequence=2633119,truth_tick_us=5271834672,mechanical_angle_rad=2.646116972,valid=1,read_failures=0"
dengfoc,"SYNC_TRUTH,sequence=2633120,truth_tick_us=5271836672,mechanical_angle_rad=2.646116972,valid=1,read_failures=0"
dengfoc,"SYNC_TRUTH,sequence=2633121,truth_tick_us=5271838672,mechanical_angle_rad=2.646116972,valid=1,read_failures=0"
dengfoc,"SYNC_TRUTH,sequence=2633122,truth_tick_us=5271840672,mechanical_angle_rad=2.646116972,valid=1,read_failures=0"
dengfoc,"SYNC_TRUTH,sequence=2633123,truth_tick_us=5271842672,mechanical_angle_rad=2.646116972,valid=1,read_failures=0"
dengfoc,"SYNC_TRUTH,sequence=2633124,truth_tick_us=5271844672,mechanical_angle_rad=2.646116972,valid=1,read_failures=0"
g431,msh >
dengfoc,"SYNC_TRUTH,sequence=2633125,truth_tick_us=5271846672,mechanical_angle_rad=2.646116972,valid=1,read_failures=0"
dengfoc,"SYNC_TRUTH,sequence=2633126,truth_tick_us=5271848672,mechanical_angle_rad=2.646116972,valid=1,read_failures=0"
dengfoc,"SYNC_TRUTH,sequence=2633127,truth_tick_us=5271850672,mechanical_angle_rad=2.646116972,valid=1,read_failures=0"
dengfoc,"SYNC_TRUTH,sequence=2633128,truth_tick_us=5271852672,mechanical_angle_rad=2.646116972,valid=1,read_failures=0"
dengfoc,"SYNC_TRUTH,sequence=2633129,truth_tick_us=5271854672,mechanical_angle_rad=2.646116972,valid=1,read_failures=0"
dengfoc,"SYNC_TRUTH,sequence=2633130,truth_tick_us=5271856672,mechanical_angle_rad=2.646116972,valid=1,read_failures=0"
dengfoc,"SYNC_TRUTH,sequence=2633131,truth_tick_us=5271858672,mechanical_angle_rad=2.646116972,valid=1,read_failures=0"
dengfoc,"SYNC_TRUTH,sequence=2633132,truth_tick_us=5271860672,mechanical_angle_rad=2.646116972,valid=1,read_failures=0"
dengfoc,"SYNC_TRUTH,sequence=2633133,truth_tick_us=5271862672,mechanical_angle_rad=2.646116972,valid=1,read_failures=0"
dengfoc,"SYNC_TRUTH,sequence=2633134,truth_tick_us=5271864672,mechanical_angle_rad=2.646116972,valid=1,read_failures=0"
dengfoc,"SYNC_TRUTH,sequence=2633135,truth_tick_us=5271866672,mechanical_angle_rad=2.646116972,valid=1,read_failures=0"
dengfoc,"SYNC_TRUTH,sequence=2633136,truth_tick_us=5271868672,mechanical_angle_rad=2.646116972,valid=1,read_failures=0"
dengfoc,"SYNC_TRUTH,sequence=2633137,truth_tick_us=5271870672,mechanical_angle_rad=2.646116972,valid=1,read_failures=0"
dengfoc,"SYNC_TRUTH,sequence=2633138,truth_tick_us=5271872672,mechanical_angle_rad=2.646116972,valid=1,read_failures=0"
dengfoc,"SYNC_TRUTH,sequence=2633139,truth_tick_us=5271874672,mechanical_angle_rad=2.646116972,valid=1,read_failures=0"
dengfoc,"SYNC_TRUTH,sequence=2633140,truth_tick_us=5271876672,mechanical_angle_rad=2.646116972,valid=1,read_failures=0"
dengfoc,"SYNC_TRUTH,sequence=2633141,truth_tick_us=5271878672,mechanical_angle_rad=2.646116972,valid=1,read_failures=0"
dengfoc,"SYNC_TRUTH,sequence=2633142,truth_tick_us=5271880672,mechanical_angle_rad=2.646116972,valid=1,read_failures=0"
dengfoc,"SYNC_TRUTH,sequence=2633143,truth_tick_us=5271882672,mechanical_angle_rad=2.646116972,valid=1,read_failures=0"
dengfoc,"SYNC_TRUTH,sequence=2633144,truth_tick_us=5271884672,mechanical_angle_rad=2.646116972,valid=1,read_failures=0"
dengfoc,"SYNC_TRUTH,sequence=2633145,truth_tick_us=5271886672,mechanical_angle_rad=2.646116972,valid=1,read_failures=0"
dengfoc,"SYNC_TRUTH,sequence=2633146,truth_tick_us=5271888672,mechanical_angle_rad=2.646116972,valid=1,read_failures=0"
dengfoc,"SYNC_TRUTH,sequence=2633147,truth_tick_us=5271890672,mechanical_angle_rad=2.646116972,valid=1,read_failures=0"
dengfoc,"SYNC_TRUTH,sequence=2633148,truth_tick_us=5271892672,mechanical_angle_rad=2.646116972,valid=1,read_failures=0"
dengfoc,"SYNC_TRUTH,sequence=2633149,truth_tick_us=5271894672,mechanical_angle_rad=2.646116972,valid=1,read_failures=0"
dengfoc,"SYNC_TRUTH,sequence=2633150,truth_tick_us=5271896672,mechanical_angle_rad=2.646116972,valid=1,read_failures=0"
dengfoc,"SYNC_TRUTH,sequence=2633151,truth_tick_us=5271898672,mechanical_angle_rad=2.646116972,valid=1,read_failures=0"
dengfoc,"SYNC_TRUTH,sequence=2633152,truth_tick_us=5271900672,mechanical_angle_rad=2.646116972,valid=1,read_failures=0"
dengfoc,"SYNC_TRUTH,sequence=2633153,truth_tick_us=5271902672,mechanical_angle_rad=2.646116972,valid=1,read_failures=0"
dengfoc,"SYNC_TRUTH,sequence=2633154,truth_tick_us=5271904672,mechanical_angle_rad=2.646116972,valid=1,read_failures=0"
dengfoc,"SYNC_TRUTH,sequence=2633155,truth_tick_us=5271906672,mechanical_angle_rad=2.646116972,valid=1,read_failures=0"
dengfoc,"SYNC_TRUTH,sequence=2633156,truth_tick_us=5271908672,mechanical_angle_rad=2.646116972,valid=1,read_failures=0"
dengfoc,"SYNC_TRUTH,sequence=2633157,truth_tick_us=5271910672,mechanical_angle_rad=2.646116972,valid=1,read_failures=0"
dengfoc,"SYNC_TRUTH,sequence=2633158,truth_tick_us=5271912672,mechanical_angle_rad=2.646116972,valid=1,read_failures=0"
dengfoc,"SYNC_TRUTH,sequence=2633159,truth_tick_us=5271914672,mechanical_angle_rad=2.646116972,valid=1,read_failures=0"
dengfoc,"SYNC_TRUTH,sequence=2633160,truth_tick_us=5271916672,mechanical_angle_rad=2.646116972,valid=1,read_failures=0"
dengfoc,"SYNC_TRUTH,sequence=2633161,truth_tick_us=5271918672,mechanical_angle_rad=2.646116972,valid=1,read_failures=0"
dengfoc,"SYNC_TRUTH,sequence=2633162,truth_tick_us=5271920672,mechanical_angle_rad=2.646116972,valid=1,read_failures=0"
dengfoc,"SYNC_TRUTH,sequence=2633163,truth_tick_us=5271922672,mechanical_angle_rad=2.646116972,valid=1,read_failures=0"
dengfoc,"SYNC_TRUTH,sequence=2633164,truth_tick_us=5271924672,mechanical_angle_rad=2.646116972,valid=1,read_failures=0"
dengfoc,"SYNC_TRUTH,sequence=2633165,truth_tick_us=5271926672,mechanical_angle_rad=2.646116972,valid=1,read_failures=0"
dengfoc,"SYNC_TRUTH,sequence=2633166,truth_tick_us=5271928672,mechanical_angle_rad=2.646116972,valid=1,read_failures=0"
dengfoc,"SYNC_TRUTH,sequence=2633167,truth_tick_us=5271930672,mechanical_angle_rad=2.646116972,valid=1,read_failures=0"
dengfoc,"SYNC_TRUTH,sequence=2633168,truth_tick_us=5271932672,mechanical_angle_rad=2.646116972,valid=1,read_failures=0"
dengfoc,"SYNC_TRUTH,sequence=2633169,truth_tick_us=5271934672,mechanical_angle_rad=2.646116972,valid=1,read_failures=0"
dengfoc,"SYNC_TRUTH,sequence=2633170,truth_tick_us=5271936672,mechanical_angle_rad=2.646116972,valid=1,read_failures=0"
dengfoc,"SYNC_TRUTH,sequence=2633171,truth_tick_us=5271938672,mechanical_angle_rad=2.646116972,valid=1,read_failures=0"
dengfoc,"SYNC_TRUTH,sequence=2633172,truth_tick_us=5271940672,mechanical_angle_rad=2.646116972,valid=1,read_failures=0"
dengfoc,"SYNC_TRUTH,sequence=2633173,truth_tick_us=5271942672,mechanical_angle_rad=2.646116972,valid=1,read_failures=0"
dengfoc,"SYNC_TRUTH,sequence=2633174,truth_tick_us=5271944672,mechanical_angle_rad=2.646116972,valid=1,read_failures=0"
dengfoc,"SYNC_TRUTH,sequence=2633175,truth_tick_us=5271946672,mechanical_angle_rad=2.646116972,valid=1,read_failures=0"
dengfoc,"SYNC_TRUTH,sequence=2633176,truth_tick_us=5271948672,mechanical_angle_rad=2.646116972,valid=1,read_failures=0"
dengfoc,"SYNC_TRUTH,sequence=2633177,truth_tick_us=5271950672,mechanical_angle_rad=2.646116972,valid=1,read_failures=0"
dengfoc,"SYNC_TRUTH,sequence=2633178,truth_tick_us=5271952672,mechanical_angle_rad=2.646116972,valid=1,read_failures=0"
dengfoc,"SYNC_TRUTH,sequence=2633179,truth_tick_us=5271954672,mechanical_angle_rad=2.646116972,valid=1,read_failures=0"
dengfoc,"SYNC_TRUTH,sequence=2633180,truth_tick_us=5271956672,mechanical_angle_rad=2.646116972,valid=1,read_failures=0"
dengfoc,"SYNC_TRUTH,sequence=2633181,truth_tick_us=5271958672,mechanical_angle_rad=2.646116972,valid=1,read_failures=0"
dengfoc,"SYNC_TRUTH,sequence=2633182,truth_tick_us=5271960672,mechanical_angle_rad=2.646116972,valid=1,read_failures=0"
dengfoc,"SYNC_TRUTH,sequence=2633183,truth_tick_us=5271962672,mechanical_angle_rad=2.646116972,valid=1,read_failures=0"
dengfoc,"SYNC_TRUTH,sequence=2633184,truth_tick_us=5271964672,mechanical_angle_rad=2.646116972,valid=1,read_failures=0"
dengfoc,"SYNC_TRUTH,sequence=2633185,truth_tick_us=5271966672,mechanical_angle_rad=2.646116972,valid=1,read_failures=0"
dengfoc,"SYNC_TRUTH,sequence=2633186,truth_tick_us=5271968672,mechanical_angle_rad=2.646116972,valid=1,read_failures=0"
dengfoc,"SYNC_TRUTH,sequence=2633187,truth_tick_us=5271970672,mechanical_angle_rad=2.646116972,valid=1,read_failures=0"
dengfoc,"SYNC_TRUTH,sequence=2633188,truth_tick_us=5271972672,mechanical_angle_rad=2.646116972,valid=1,read_failures=0"
dengfoc,"SYNC_TRUTH,sequence=2633189,truth_tick_us=5271974672,mechanical_angle_rad=2.646116972,valid=1,read_failures=0"
dengfoc,"SYNC_TRUTH,sequence=2633190,truth_tick_us=5271976672,mechanical_angle_rad=2.646116972,valid=1,read_failures=0"
dengfoc,"SYNC_TRUTH,sequence=2633191,truth_tick_us=5271978672,mechanical_angle_rad=2.646116972,valid=1,read_failures=0"
dengfoc,"SYNC_TRUTH,sequence=2633192,truth_tick_us=5271980672,mechanical_angle_rad=2.646116972,valid=1,read_failures=0"
dengfoc,"SYNC_TRUTH,sequence=2633193,truth_tick_us=5271982672,mechanical_angle_rad=2.646116972,valid=1,read_failures=0"
dengfoc,"SYNC_TRUTH,sequence=2633194,truth_tick_us=5271984672,mechanical_angle_rad=2.646116972,valid=1,read_failures=0"
dengfoc,"SYNC_TRUTH,sequence=2633195,truth_tick_us=5271986672,mechanical_angle_rad=2.646116972,valid=1,read_failures=0"
dengfoc,"SYNC_TRUTH,sequence=2633196,truth_tick_us=5271988672,mechanical_angle_rad=2.646116972,valid=1,read_failures=0"
dengfoc,"SYNC_TRUTH,sequence=2633197,truth_tick_us=5271990672,mechanical_angle_rad=2.646116972,valid=1,read_failures=0"
dengfoc,"SYNC_TRUTH,sequence=2633198,truth_tick_us=5271992672,mechanical_angle_rad=2.646116972,valid=1,read_failures=0"
dengfoc,"SYNC_TRUTH,sequence=2633199,truth_tick_us=5271994672,mechanical_angle_rad=2.646116972,valid=1,read_failures=0"
dengfoc,"SYNC_TRUTH,sequence=2633200,truth_tick_us=5271996672,mechanical_angle_rad=2.646116972,valid=1,read_failures=0"
dengfoc,"SYNC_TRUTH,sequence=2633201,truth_tick_us=5271998672,mechanical_angle_rad=2.646116972,valid=1,read_failures=0"
dengfoc,"SYNC_TRUTH,sequence=2633202,truth_tick_us=5272000672,mechanical_angle_rad=2.646116972,valid=1,read_failures=0"
dengfoc,"SYNC_TRUTH,sequence=2633203,truth_tick_us=5272002672,mechanical_angle_rad=2.646116972,valid=1,read_failures=0"
dengfoc,"SYNC_TRUTH,sequence=2633204,truth_tick_us=5272004672,mechanical_angle_rad=2.646116972,valid=1,read_failures=0"
dengfoc,"SYNC_TRUTH,sequence=2633205,truth_tick_us=5272006672,mechanical_angle_rad=2.646116972,valid=1,read_failures=0"
dengfoc,"SYNC_TRUTH,sequence=2633206,truth_tick_us=5272008672,mechanical_angle_rad=2.646116972,valid=1,read_failures=0"
dengfoc,"SYNC_TRUTH,sequence=2633207,truth_tick_us=5272010672,mechanical_angle_rad=2.646116972,valid=1,read_failures=0"
dengfoc,"SYNC_TRUTH,sequence=2633208,truth_tick_us=5272012672,mechanical_angle_rad=2.646116972,valid=1,read_failures=0"
dengfoc,"SYNC_TRUTH,sequence=2633209,truth_tick_us=5272014672,mechanical_angle_rad=2.646116972,valid=1,read_failures=0"
dengfoc,"SYNC_TRUTH,sequence=2633210,truth_tick_us=5272016672,mechanical_angle_rad=2.646116972,valid=1,read_failures=0"
dengfoc,"SYNC_TRUTH,sequence=2633211,truth_tick_us=5272018672,mechanical_angle_rad=2.646116972,valid=1,read_failures=0"
dengfoc,"SYNC_TRUTH,sequence=2633212,truth_tick_us=5272020672,mechanical_angle_rad=2.646116972,valid=1,read_failures=0"
dengfoc,"SYNC_TRUTH,sequence=2633213,truth_tick_us=5272022672,mechanical_angle_rad=2.646116972,valid=1,read_failures=0"
dengfoc,"SYNC_TRUTH,sequence=2633214,truth_tick_us=5272024672,mechanical_angle_rad=2.646116972,valid=1,read_failures=0"
dengfoc,"SYNC_TRUTH,sequence=2633215,truth_tick_us=5272026672,mechanical_angle_rad=2.646116972,valid=1,read_failures=0"
dengfoc,"SYNC_TRUTH,sequence=2633216,truth_tick_us=5272028672,mechanical_angle_rad=2.646116972,valid=1,read_failures=0"
dengfoc,"SYNC_TRUTH,sequence=2633217,truth_tick_us=5272030672,mechanical_angle_rad=2.646116972,valid=1,read_failures=0"
dengfoc,"SYNC_TRUTH,sequence=2633218,truth_tick_us=5272032672,mechanical_angle_rad=2.646116972,valid=1,read_failures=0"
dengfoc,"SYNC_TRUTH,sequence=2633219,truth_tick_us=5272034672,mechanical_angle_rad=2.646116972,valid=1,read_failures=0"
dengfoc,"SYNC_TRUTH,sequence=2633220,truth_tick_us=5272036672,mechanical_angle_rad=2.646116972,valid=1,read_failures=0"
dengfoc,"SYNC_TRUTH,sequence=2633221,truth_tick_us=5272038672,mechanical_angle_rad=2.646116972,valid=1,read_failures=0"
dengfoc,"SYNC_TRUTH,sequence=2633222,truth_tick_us=5272040672,mechanical_angle_rad=2.646116972,valid=1,read_failures=0"
dengfoc,"SYNC_TRUTH,sequence=2633223,truth_tick_us=5272042672,mechanical_angle_rad=2.646116972,valid=1,read_failures=0"
dengfoc,"SYNC_TRUTH,sequence=2633224,truth_tick_us=5272044672,mechanical_angle_rad=2.646116972,valid=1,read_failures=0"
dengfoc,"SYNC_TRUTH,sequence=2633225,truth_tick_us=5272046672,mechanical_angle_rad=2.646116972,valid=1,read_failures=0"
dengfoc,"SYNC_TRUTH,sequence=2633226,truth_tick_us=5272048672,mechanical_angle_rad=2.646116972,valid=1,read_failures=0"
dengfoc,"SYNC_TRUTH,sequence=2633227,truth_tick_us=5272050672,mechanical_angle_rad=2.646116972,valid=1,read_failures=0"
dengfoc,"SYNC_TRUTH,sequence=2633228,truth_tick_us=5272052672,mechanical_angle_rad=2.646116972,valid=1,read_failures=0"
dengfoc,"SYNC_TRUTH,sequence=2633229,truth_tick_us=5272054672,mechanical_angle_rad=2.646116972,valid=1,read_failures=0"
dengfoc,"SYNC_TRUTH,sequence=2633230,truth_tick_us=5272056672,mechanical_angle_rad=2.646116972,valid=1,read_failures=0"
dengfoc,"SYNC_TRUTH,sequence=2633231,truth_tick_us=5272058672,mechanical_angle_rad=2.646116972,valid=1,read_failures=0"
dengfoc,"SYNC_TRUTH,sequence=2633232,truth_tick_us=5272060672,mechanical_angle_rad=2.646116972,valid=1,read_failures=0"
dengfoc,"SYNC_TRUTH,sequence=2633233,truth_tick_us=5272062672,mechanical_angle_rad=2.646116972,valid=1,read_failures=0"
dengfoc,"SYNC_TRUTH,sequence=2633234,truth_tick_us=5272064672,mechanical_angle_rad=2.646116972,valid=1,read_failures=0"
dengfoc,"SYNC_TRUTH,sequence=2633235,truth_tick_us=5272066672,mechanical_angle_rad=2.646116972,valid=1,read_failures=0"
dengfoc,"SYNC_TRUTH,sequence=2633236,truth_tick_us=5272068672,mechanical_angle_rad=2.646116972,valid=1,read_failures=0"
dengfoc,"SYNC_TRUTH,sequence=2633237,truth_tick_us=5272070672,mechanical_angle_rad=2.646116972,valid=1,read_failures=0"
dengfoc,"SYNC_TRUTH,sequence=2633238,truth_tick_us=5272072672,mechanical_angle_rad=2.646116972,valid=1,read_failures=0"
dengfoc,"SYNC_TRUTH,sequence=2633239,truth_tick_us=5272074672,mechanical_angle_rad=2.646116972,valid=1,read_failures=0"
dengfoc,"SYNC_TRUTH,sequence=2633240,truth_tick_us=5272076672,mechanical_angle_rad=2.646116972,valid=1,read_failures=0"
dengfoc,"SYNC_TRUTH,sequence=2633241,truth_tick_us=5272078672,mechanical_angle_rad=2.646116972,valid=1,read_failures=0"
dengfoc,"SYNC_TRUTH,sequence=2633242,truth_tick_us=5272080672,mechanical_angle_rad=2.646116972,valid=1,read_failures=0"
dengfoc,"SYNC_TRUTH,sequence=2633243,truth_tick_us=5272082672,mechanical_angle_rad=2.646116972,valid=1,read_failures=0"
dengfoc,"SYNC_TRUTH,sequence=2633244,truth_tick_us=5272084672,mechanical_angle_rad=2.646116972,valid=1,read_failures=0"
dengfoc,"SYNC_TRUTH,sequence=2633245,truth_tick_us=5272086672,mechanical_angle_rad=2.646116972,valid=1,read_failures=0"
dengfoc,"SYNC_TRUTH,sequence=2633246,truth_tick_us=5272088672,mechanical_angle_rad=2.646116972,valid=1,read_failures=0"
dengfoc,"SYNC_TRUTH,sequence=2633247,truth_tick_us=5272090672,mechanical_angle_rad=2.646116972,valid=1,read_failures=0"
dengfoc,"SYNC_TRUTH,sequence=2633248,truth_tick_us=5272092672,mechanical_angle_rad=2.646116972,valid=1,read_failures=0"
dengfoc,"SYNC_TRUTH,sequence=2633249,truth_tick_us=5272094672,mechanical_angle_rad=2.646116972,valid=1,read_failures=0"
dengfoc,"SYNC_TRUTH,sequence=2633250,truth_tick_us=5272096672,mechanical_angle_rad=2.646116972,valid=1,read_failures=0"
dengfoc,"SYNC_TRUTH,sequence=2633251,truth_tick_us=5272098672,mechanical_angle_rad=2.646116972,valid=1,read_failures=0"
dengfoc,"SYNC_TRUTH,sequence=2633252,truth_tick_us=5272100672,mechanical_angle_rad=2.646116972,valid=1,read_failures=0"
dengfoc,"SYNC_TRUTH,sequence=2633253,truth_tick_us=5272102672,mechanical_angle_rad=2.646116972,valid=1,read_failures=0"
dengfoc,"SYNC_TRUTH,sequence=2633254,truth_tick_us=5272104672,mechanical_angle_rad=2.646116972,valid=1,read_failures=0"
dengfoc,"SYNC_TRUTH,sequence=2633255,truth_tick_us=5272106672,mechanical_angle_rad=2.646116972,valid=1,read_failures=0"
dengfoc,"SYNC_TRUTH,sequence=2633256,truth_tick_us=5272108672,mechanical_angle_rad=2.646116972,valid=1,read_failures=0"
dengfoc,"SYNC_TRUTH,sequence=2633257,truth_tick_us=5272110672,mechanical_angle_rad=2.646116972,valid=1,read_failures=0"
dengfoc,"SYNC_TRUTH,sequence=2633258,truth_tick_us=5272112672,mechanical_angle_rad=2.646116972,valid=1,read_failures=0"
dengfoc,"SYNC_TRUTH,sequence=2633259,truth_tick_us=5272114672,mechanical_angle_rad=2.646116972,valid=1,read_failures=0"
dengfoc,"SYNC_TRUTH,sequence=2633260,truth_tick_us=5272116672,mechanical_angle_rad=2.646116972,valid=1,read_failures=0"
dengfoc,"SYNC_TRUTH,sequence=2633261,truth_tick_us=5272118672,mechanical_angle_rad=2.646116972,valid=1,read_failures=0"
dengfoc,"SYNC_TRUTH,sequence=2633262,truth_tick_us=5272120672,mechanical_angle_rad=2.646116972,valid=1,read_failures=0"
dengfoc,"SYNC_TRUTH,sequence=2633263,truth_tick_us=5272122672,mechanical_angle_rad=2.646116972,valid=1,read_failures=0"
dengfoc,"SYNC_TRUTH,sequence=2633264,truth_tick_us=5272124672,mechanical_angle_rad=2.646116972,valid=1,read_failures=0"
dengfoc,"SYNC_TRUTH,sequence=2633265,truth_tick_us=5272126672,mechanical_angle_rad=2.646116972,valid=1,read_failures=0"
dengfoc,"SYNC_TRUTH,sequence=2633266,truth_tick_us=5272128672,mechanical_angle_rad=2.646116972,valid=1,read_failures=0"
dengfoc,"SYNC_TRUTH,sequence=2633267,truth_tick_us=5272130672,mechanical_angle_rad=2.646116972,valid=1,read_failures=0"
dengfoc,"SYNC_TRUTH,sequence=2633268,truth_tick_us=5272132672,mechanical_angle_rad=2.646116972,valid=1,read_failures=0"
dengfoc,"SYNC_TRUTH,sequence=2633269,truth_tick_us=5272134672,mechanical_angle_rad=2.646116972,valid=1,read_failures=0"
dengfoc,"SYNC_TRUTH,sequence=2633270,truth_tick_us=5272136672,mechanical_angle_rad=2.646116972,valid=1,read_failures=0"
dengfoc,"SYNC_TRUTH,sequence=2633271,truth_tick_us=5272138672,mechanical_angle_rad=2.646116972,valid=1,read_failures=0"
dengfoc,"SYNC_TRUTH,sequence=2633272,truth_tick_us=5272140672,mechanical_angle_rad=2.646116972,valid=1,read_failures=0"
dengfoc,"SYNC_TRUTH,sequence=2633273,truth_tick_us=5272142672,mechanical_angle_rad=2.646116972,valid=1,read_failures=0"
dengfoc,"SYNC_TRUTH,sequence=2633274,truth_tick_us=5272144672,mechanical_angle_rad=2.646116972,valid=1,read_failures=0"
dengfoc,"SYNC_TRUTH,sequence=2633275,truth_tick_us=5272146672,mechanical_angle_rad=2.646116972,valid=1,read_failures=0"
dengfoc,"SYNC_TRUTH,sequence=2633276,truth_tick_us=5272148672,mechanical_angle_rad=2.646116972,valid=1,read_failures=0"
dengfoc,"SYNC_TRUTH,sequence=2633277,truth_tick_us=5272150672,mechanical_angle_rad=2.646116972,valid=1,read_failures=0"
dengfoc,"SYNC_TRUTH,sequence=2633278,truth_tick_us=5272152672,mechanical_angle_rad=2.646116972,valid=1,read_failures=0"
dengfoc,"SYNC_TRUTH,sequence=2633279,truth_tick_us=5272154672,mechanical_angle_rad=2.646116972,valid=1,read_failures=0"
dengfoc,"SYNC_TRUTH,sequence=2633280,truth_tick_us=5272156672,mechanical_angle_rad=2.646116972,valid=1,read_failures=0"
dengfoc,"SYNC_TRUTH,sequence=2633281,truth_tick_us=5272158672,mechanical_angle_rad=2.646116972,valid=1,read_failures=0"
dengfoc,"SYNC_TRUTH,sequence=2633282,truth_tick_us=5272160672,mechanical_angle_rad=2.646116972,valid=1,read_failures=0"
dengfoc,"SYNC_TRUTH,sequence=2633283,truth_tick_us=5272162672,mechanical_angle_rad=2.646116972,valid=1,read_failures=0"
dengfoc,"SYNC_TRUTH,sequence=2633284,truth_tick_us=5272164672,mechanical_angle_rad=2.646116972,valid=1,read_failures=0"
dengfoc,"SYNC_TRUTH,sequence=2633285,truth_tick_us=5272166672,mechanical_angle_rad=2.646116972,valid=1,read_failures=0"
dengfoc,"SYNC_TRUTH,sequence=2633286,truth_tick_us=5272168672,mechanical_angle_rad=2.646116972,valid=1,read_failures=0"
dengfoc,"SYNC_TRUTH,sequence=2633287,truth_tick_us=5272170672,mechanical_angle_rad=2.646116972,valid=1,read_failures=0"
dengfoc,"SYNC_TRUTH,sequence=2633288,truth_tick_us=5272172672,mechanical_angle_rad=2.646116972,valid=1,read_failures=0"
dengfoc,"SYNC_TRUTH,sequence=2633289,truth_tick_us=5272174672,mechanical_angle_rad=2.646116972,valid=1,read_failures=0"
dengfoc,"SYNC_TRUTH,sequence=2633290,truth_tick_us=5272176672,mechanical_angle_rad=2.646116972,valid=1,read_failures=0"
dengfoc,"SYNC_TRUTH,sequence=2633291,truth_tick_us=5272178672,mechanical_angle_rad=2.646116972,valid=1,read_failures=0"
dengfoc,"SYNC_TRUTH,sequence=2633292,truth_tick_us=5272180672,mechanical_angle_rad=2.646116972,valid=1,read_failures=0"
dengfoc,"SYNC_TRUTH,sequence=2633293,truth_tick_us=5272182672,mechanical_angle_rad=2.646116972,valid=1,read_failures=0"
dengfoc,"SYNC_TRUTH,sequence=2633294,truth_tick_us=5272184672,mechanical_angle_rad=2.646116972,valid=1,read_failures=0"
dengfoc,"SYNC_TRUTH,sequence=2633295,truth_tick_us=5272186672,mechanical_angle_rad=2.646116972,valid=1,read_failures=0"
dengfoc,"SYNC_TRUTH,sequence=2633296,truth_tick_us=5272188672,mechanical_angle_rad=2.646116972,valid=1,read_failures=0"
dengfoc,"SYNC_TRUTH,sequence=2633297,truth_tick_us=5272190672,mechanical_angle_rad=2.646116972,valid=1,read_failures=0"
dengfoc,"SYNC_TRUTH,sequence=2633298,truth_tick_us=5272192672,mechanical_angle_rad=2.646116972,valid=1,read_failures=0"
dengfoc,"SYNC_TRUTH,sequence=2633299,truth_tick_us=5272194672,mechanical_angle_rad=2.646116972,valid=1,read_failures=0"
dengfoc,"SYNC_TRUTH,sequence=2633300,truth_tick_us=5272196672,mechanical_angle_rad=2.646116972,valid=1,read_failures=0"
dengfoc,"SYNC_TRUTH,sequence=2633301,truth_tick_us=5272198672,mechanical_angle_rad=2.646116972,valid=1,read_failures=0"
dengfoc,"SYNC_TRUTH,sequence=2633302,truth_tick_us=5272200672,mechanical_angle_rad=2.646116972,valid=1,read_failures=0"
dengfoc,"SYNC_TRUTH,sequence=2633303,truth_tick_us=5272202672,mechanical_angle_rad=2.646116972,valid=1,read_failures=0"
dengfoc,"SYNC_TRUTH,sequence=2633304,truth_tick_us=5272204672,mechanical_angle_rad=2.646116972,valid=1,read_failures=0"
dengfoc,"SYNC_TRUTH,sequence=2633305,truth_tick_us=5272206672,mechanical_angle_rad=2.646116972,valid=1,read_failures=0"
dengfoc,"SYNC_TRUTH,sequence=2633306,truth_tick_us=5272208672,mechanical_angle_rad=2.646116972,valid=1,read_failures=0"
dengfoc,"SYNC_TRUTH,sequence=2633307,truth_tick_us=5272210672,mechanical_angle_rad=2.646116972,valid=1,read_failures=0"
dengfoc,"SYNC_TRUTH,sequence=2633308,truth_tick_us=5272212672,mechanical_angle_rad=2.646116972,valid=1,read_failures=0"
dengfoc,"SYNC_TRUTH,sequence=2633309,truth_tick_us=5272214672,mechanical_angle_rad=2.646116972,valid=1,read_failures=0"
dengfoc,"SYNC_TRUTH,sequence=2633310,truth_tick_us=5272216672,mechanical_angle_rad=2.646116972,valid=1,read_failures=0"
dengfoc,"SYNC_TRUTH,sequence=2633311,truth_tick_us=5272218672,mechanical_angle_rad=2.646116972,valid=1,read_failures=0"
dengfoc,"SYNC_TRUTH,sequence=2633312,truth_tick_us=5272220672,mechanical_angle_rad=2.646116972,valid=1,read_failures=0"
dengfoc,"SYNC_TRUTH,sequence=2633313,truth_tick_us=5272222672,mechanical_angle_rad=2.646116972,valid=1,read_failures=0"
dengfoc,"SYNC_TRUTH,sequence=2633314,truth_tick_us=5272224672,mechanical_angle_rad=2.646116972,valid=1,read_failures=0"
dengfoc,"SYNC_TRUTH,sequence=2633315,truth_tick_us=5272226672,mechanical_angle_rad=2.646116972,valid=1,read_failures=0"
dengfoc,"SYNC_TRUTH,sequence=2633316,truth_tick_us=5272228672,mechanical_angle_rad=2.646116972,valid=1,read_failures=0"
dengfoc,"SYNC_TRUTH,sequence=2633317,truth_tick_us=5272230672,mechanical_angle_rad=2.646116972,valid=1,read_failures=0"
dengfoc,"SYNC_TRUTH,sequence=2633318,truth_tick_us=5272232672,mechanical_angle_rad=2.646116972,valid=1,read_failures=0"
dengfoc,"SYNC_TRUTH,sequence=2633319,truth_tick_us=5272234672,mechanical_angle_rad=2.646116972,valid=1,read_failures=0"
dengfoc,"SYNC_TRUTH,sequence=2633320,truth_tick_us=5272236672,mechanical_angle_rad=2.646116972,valid=1,read_failures=0"
dengfoc,"SYNC_TRUTH,sequence=2633321,truth_tick_us=5272238672,mechanical_angle_rad=2.646116972,valid=1,read_failures=0"
dengfoc,"SYNC_TRUTH,sequence=2633322,truth_tick_us=5272240672,mechanical_angle_rad=2.646116972,valid=1,read_failures=0"
dengfoc,"SYNC_TRUTH,sequence=2633323,truth_tick_us=5272242672,mechanical_angle_rad=2.646116972,valid=1,read_failures=0"
dengfoc,"SYNC_TRUTH,sequence=2633324,truth_tick_us=5272244672,mechanical_angle_rad=2.646116972,valid=1,read_failures=0"
dengfoc,"SYNC_STATUS,frames=53,frame_fail=5,truth=2633324,truth_fail=0,idle=4,capture_state=0,capture_failure=0,rejected=0,overflow=0,recovered=5,session_rollovers=4,sync_level=1,driver_disabled=1"
dengfoc,"SYNC_TRUTH,sequence=2633325,truth_tick_us=5272248019,mechanical_angle_rad=2.646116972,valid=1,read_failures=0"
dengfoc,"SYNC_TRUTH,sequence=2633326,truth_tick_us=5272249672,mechanical_angle_rad=2.646116972,valid=1,read_failures=0"
dengfoc,"SYNC_TRUTH,sequence=2633327,truth_tick_us=5272251672,mechanical_angle_rad=2.646116972,valid=1,read_failures=0"
dengfoc,"SYNC_TRUTH,sequence=2633328,truth_tick_us=5272253672,mechanical_angle_rad=2.646116972,valid=1,read_failures=0"
dengfoc,"SYNC_TRUTH,sequence=2633329,truth_tick_us=5272255672,mechanical_angle_rad=2.646116972,valid=1,read_failures=0"
dengfoc,"SYNC_TRUTH,sequence=2633330,truth_tick_us=5272257672,mechanical_angle_rad=2.646116972,valid=1,read_failures=0"
dengfoc,"SYNC_TRUTH,sequence=2633331,truth_tick_us=5272259672,mechanical_angle_rad=2.646116972,valid=1,read_failures=0"
dengfoc,"SYNC_TRUTH,sequence=2633332,truth_tick_us=5272261672,mechanical_angle_rad=2.646116972,valid=1,read_failures=0"
dengfoc,"SYNC_TRUTH,sequence=2633333,truth_tick_us=5272263672,mechanical_angle_rad=2.646116972,valid=1,read_failures=0"
dengfoc,"SYNC_TRUTH,sequence=2633334,truth_tick_us=5272265672,mechanical_angle_rad=2.646116972,valid=1,read_failures=0"
dengfoc,"SYNC_TRUTH,sequence=2633335,truth_tick_us=5272267672,mechanical_angle_rad=2.646116972,valid=1,read_failures=0"
dengfoc,"SYNC_TRUTH,sequence=2633336,truth_tick_us=5272269672,mechanical_angle_rad=2.646116972,valid=1,read_failures=0"
dengfoc,"SYNC_TRUTH,sequence=2633337,truth_tick_us=5272271672,mechanical_angle_rad=2.646116972,valid=1,read_failures=0"
dengfoc,"SYNC_TRUTH,sequence=2633338,truth_tick_us=5272273672,mechanical_angle_rad=2.646116972,valid=1,read_failures=0"
dengfoc,"SYNC_TRUTH,sequence=2633339,truth_tick_us=5272275672,mechanical_angle_rad=2.646116972,valid=1,read_failures=0"
dengfoc,"SYNC_TRUTH,sequence=2633340,truth_tick_us=5272277672,mechanical_angle_rad=2.646116972,valid=1,read_failures=0"
dengfoc,"SYNC_TRUTH,sequence=2633341,truth_tick_us=5272279672,mechanical_angle_rad=2.646116972,valid=1,read_failures=0"
dengfoc,"SYNC_TRUTH,sequence=2633342,truth_tick_us=5272281672,mechanical_angle_rad=2.646116972,valid=1,read_failures=0"
dengfoc,"SYNC_TRUTH,sequence=2633343,truth_tick_us=5272283672,mechanical_angle_rad=2.646116972,valid=1,read_failures=0"
dengfoc,"SYNC_TRUTH,sequence=2633344,truth_tick_us=5272285672,mechanical_angle_rad=2.646116972,valid=1,read_failures=0"
dengfoc,"SYNC_TRUTH,sequence=2633345,truth_tick_us=5272287672,mechanical_angle_rad=2.646116972,valid=1,read_failures=0"
dengfoc,"SYNC_TRUTH,sequence=2633346,truth_tick_us=5272289672,mechanical_angle_rad=2.646116972,valid=1,read_failures=0"
dengfoc,"SYNC_TRUTH,sequence=2633347,truth_tick_us=5272291672,mechanical_angle_rad=2.646116972,valid=1,read_failures=0"
dengfoc,"SYNC_TRUTH,sequence=2633348,truth_tick_us=5272293672,mechanical_angle_rad=2.646116972,valid=1,read_failures=0"
dengfoc,"SYNC_TRUTH,sequence=2633349,truth_tick_us=5272295672,mechanical_angle_rad=2.646116972,valid=1,read_failures=0"
dengfoc,"SYNC_TRUTH,sequence=2633350,truth_tick_us=5272297672,mechanical_angle_rad=2.646116972,valid=1,read_failures=0"
dengfoc,"SYNC_TRUTH,sequence=2633351,truth_tick_us=5272299672,mechanical_angle_rad=2.646116972,valid=1,read_failures=0"
dengfoc,"SYNC_TRUTH,sequence=2633352,truth_tick_us=5272301672,mechanical_angle_rad=2.646116972,valid=1,read_failures=0"
dengfoc,"SYNC_TRUTH,sequence=2633353,truth_tick_us=5272303672,mechanical_angle_rad=2.646116972,valid=1,read_failures=0"
dengfoc,"SYNC_TRUTH,sequence=2633354,truth_tick_us=5272305672,mechanical_angle_rad=2.646116972,valid=1,read_failures=0"
dengfoc,"SYNC_TRUTH,sequence=2633355,truth_tick_us=5272307672,mechanical_angle_rad=2.646116972,valid=1,read_failures=0"
dengfoc,"SYNC_TRUTH,sequence=2633356,truth_tick_us=5272309672,mechanical_angle_rad=2.646116972,valid=1,read_failures=0"
dengfoc,"SYNC_TRUTH,sequence=2633357,truth_tick_us=5272311672,mechanical_angle_rad=2.646116972,valid=1,read_failures=0"
dengfoc,"SYNC_TRUTH,sequence=2633358,truth_tick_us=5272313672,mechanical_angle_rad=2.646116972,valid=1,read_failures=0"
dengfoc,"SYNC_TRUTH,sequence=2633359,truth_tick_us=5272315672,mechanical_angle_rad=2.646116972,valid=1,read_failures=0"
dengfoc,"SYNC_TRUTH,sequence=2633360,truth_tick_us=5272317672,mechanical_angle_rad=2.646116972,valid=1,read_failures=0"
dengfoc,"SYNC_TRUTH,sequence=2633361,truth_tick_us=5272319672,mechanical_angle_rad=2.646116972,valid=1,read_failures=0"
dengfoc,"SYNC_TRUTH,sequence=2633362,truth_tick_us=5272321672,mechanical_angle_rad=2.646116972,valid=1,read_failures=0"
dengfoc,"SYNC_TRUTH,sequence=2633363,truth_tick_us=5272323672,mechanical_angle_rad=2.646116972,valid=1,read_failures=0"
dengfoc,"SYNC_TRUTH,sequence=2633364,truth_tick_us=5272325672,mechanical_angle_rad=2.646116972,valid=1,read_failures=0"
dengfoc,"SYNC_TRUTH,sequence=2633365,truth_tick_us=5272327672,mechanical_angle_rad=2.646116972,valid=1,read_failures=0"
dengfoc,"SYNC_TRUTH,sequence=2633366,truth_tick_us=5272329672,mechanical_angle_rad=2.646116972,valid=1,read_failures=0"
dengfoc,"SYNC_TRUTH,sequence=2633367,truth_tick_us=5272331672,mechanical_angle_rad=2.646116972,valid=1,read_failures=0"
dengfoc,"SYNC_TRUTH,sequence=2633368,truth_tick_us=5272333672,mechanical_angle_rad=2.646116972,valid=1,read_failures=0"
dengfoc,"SYNC_TRUTH,sequence=2633369,truth_tick_us=5272335672,mechanical_angle_rad=2.646116972,valid=1,read_failures=0"
dengfoc,"SYNC_TRUTH,sequence=2633370,truth_tick_us=5272337672,mechanical_angle_rad=2.646116972,valid=1,read_failures=0"
dengfoc,"SYNC_TRUTH,sequence=2633371,truth_tick_us=5272339672,mechanical_angle_rad=2.646116972,valid=1,read_failures=0"
dengfoc,"SYNC_TRUTH,sequence=2633372,truth_tick_us=5272341672,mechanical_angle_rad=2.646116972,valid=1,read_failures=0"
dengfoc,"SYNC_TRUTH,sequence=2633373,truth_tick_us=5272343672,mechanical_angle_rad=2.646116972,valid=1,read_failures=0"
dengfoc,"SYNC_TRUTH,sequence=2633374,truth_tick_us=5272345672,mechanical_angle_rad=2.646116972,valid=1,read_failures=0"
dengfoc,"SYNC_TRUTH,sequence=2633375,truth_tick_us=5272347672,mechanical_angle_rad=2.646116972,valid=1,read_failures=0"
dengfoc,"SYNC_TRUTH,sequence=2633376,truth_tick_us=5272349672,mechanical_angle_rad=2.646116972,valid=1,read_failures=0"
dengfoc,"SYNC_TRUTH,sequence=2633377,truth_tick_us=5272351672,mechanical_angle_rad=2.646116972,valid=1,read_failures=0"
dengfoc,"SYNC_TRUTH,sequence=2633378,truth_tick_us=5272353672,mechanical_angle_rad=2.646116972,valid=1,read_failures=0"
dengfoc,"SYNC_TRUTH,sequence=2633379,truth_tick_us=5272355672,mechanical_angle_rad=2.646116972,valid=1,read_failures=0"
dengfoc,"SYNC_TRUTH,sequence=2633380,truth_tick_us=5272357672,mechanical_angle_rad=2.646116972,valid=1,read_failures=0"
dengfoc,"SYNC_TRUTH,sequence=2633381,truth_tick_us=5272359672,mechanical_angle_rad=2.646116972,valid=1,read_failures=0"
dengfoc,"SYNC_TRUTH,sequence=2633382,truth_tick_us=5272361672,mechanical_angle_rad=2.646116972,valid=1,read_failures=0"
dengfoc,"SYNC_TRUTH,sequence=2633383,truth_tick_us=5272363672,mechanical_angle_rad=2.646116972,valid=1,read_failures=0"
dengfoc,"SYNC_TRUTH,sequence=2633384,truth_tick_us=5272365672,mechanical_angle_rad=2.646116972,valid=1,read_failures=0"
dengfoc,"SYNC_TRUTH,sequence=2633385,truth_tick_us=5272367672,mechanical_angle_rad=2.646116972,valid=1,read_failures=0"
dengfoc,"SYNC_TRUTH,sequence=2633386,truth_tick_us=5272369672,mechanical_angle_rad=2.646116972,valid=1,read_failures=0"
dengfoc,"SYNC_TRUTH,sequence=2633387,truth_tick_us=5272371672,mechanical_angle_rad=2.646116972,valid=1,read_failures=0"
dengfoc,"SYNC_TRUTH,sequence=2633388,truth_tick_us=5272373672,mechanical_angle_rad=2.646116972,valid=1,read_failures=0"
dengfoc,"SYNC_TRUTH,sequence=2633389,truth_tick_us=5272375672,mechanical_angle_rad=2.646116972,valid=1,read_failures=0"
dengfoc,"SYNC_TRUTH,sequence=2633390,truth_tick_us=5272377672,mechanical_angle_rad=2.646116972,valid=1,read_failures=0"
dengfoc,"SYNC_TRUTH,sequence=2633391,truth_tick_us=5272379672,mechanical_angle_rad=2.646116972,valid=1,read_failures=0"
dengfoc,"SYNC_TRUTH,sequence=2633392,truth_tick_us=5272381672,mechanical_angle_rad=2.646116972,valid=1,read_failures=0"
dengfoc,"SYNC_TRUTH,sequence=2633393,truth_tick_us=5272383672,mechanical_angle_rad=2.646116972,valid=1,read_failures=0"
dengfoc,"SYNC_TRUTH,sequence=2633394,truth_tick_us=5272385672,mechanical_angle_rad=2.646116972,valid=1,read_failures=0"
dengfoc,"SYNC_TRUTH,sequence=2633395,truth_tick_us=5272387672,mechanical_angle_rad=2.646116972,valid=1,read_failures=0"
dengfoc,"SYNC_TRUTH,sequence=2633396,truth_tick_us=5272389672,mechanical_angle_rad=2.646116972,valid=1,read_failures=0"
dengfoc,"SYNC_TRUTH,sequence=2633397,truth_tick_us=5272391672,mechanical_angle_rad=2.646116972,valid=1,read_failures=0"
dengfoc,"SYNC_TRUTH,sequence=2633398,truth_tick_us=5272393672,mechanical_angle_rad=2.646116972,valid=1,read_failures=0"
dengfoc,"SYNC_TRUTH,sequence=2633399,truth_tick_us=5272395672,mechanical_angle_rad=2.646116972,valid=1,read_failures=0"
dengfoc,"SYNC_TRUTH,sequence=2633400,truth_tick_us=5272397672,mechanical_angle_rad=2.646116972,valid=1,read_failures=0"
dengfoc,"SYNC_TRUTH,sequence=2633401,truth_tick_us=5272399672,mechanical_angle_rad=2.646116972,valid=1,read_failures=0"
dengfoc,"SYNC_TRUTH,sequence=2633402,truth_tick_us=5272401672,mechanical_angle_rad=2.646116972,valid=1,read_failures=0"
dengfoc,"SYNC_TRUTH,sequence=2633403,truth_tick_us=5272403672,mechanical_angle_rad=2.646116972,valid=1,read_failures=0"
dengfoc,"SYNC_TRUTH,sequence=2633404,truth_tick_us=5272405672,mechanical_angle_rad=2.646116972,valid=1,read_failures=0"
dengfoc,"SYNC_TRUTH,sequence=2633405,truth_tick_us=5272407672,mechanical_angle_rad=2.646116972,valid=1,read_failures=0"
dengfoc,"SYNC_TRUTH,sequence=2633406,truth_tick_us=5272409672,mechanical_angle_rad=2.646116972,valid=1,read_failures=0"
dengfoc,"SYNC_TRUTH,sequence=2633407,truth_tick_us=5272411672,mechanical_angle_rad=2.646116972,valid=1,read_failures=0"
dengfoc,"SYNC_TRUTH,sequence=2633408,truth_tick_us=5272413672,mechanical_angle_rad=2.646116972,valid=1,read_failures=0"
dengfoc,"SYNC_TRUTH,sequence=2633409,truth_tick_us=5272415672,mechanical_angle_rad=2.646116972,valid=1,read_failures=0"
dengfoc,"SYNC_TRUTH,sequence=2633410,truth_tick_us=5272417672,mechanical_angle_rad=2.646116972,valid=1,read_failures=0"
dengfoc,"SYNC_TRUTH,sequence=2633411,truth_tick_us=5272419672,mechanical_angle_rad=2.646116972,valid=1,read_failures=0"
dengfoc,"SYNC_TRUTH,sequence=2633412,truth_tick_us=5272421672,mechanical_angle_rad=2.646116972,valid=1,read_failures=0"
dengfoc,"SYNC_TRUTH,sequence=2633413,truth_tick_us=5272423672,mechanical_angle_rad=2.646116972,valid=1,read_failures=0"
dengfoc,"SYNC_TRUTH,sequence=2633414,truth_tick_us=5272425672,mechanical_angle_rad=2.646116972,valid=1,read_failures=0"
dengfoc,"SYNC_TRUTH,sequence=2633415,truth_tick_us=5272427672,mechanical_angle_rad=2.646116972,valid=1,read_failures=0"
dengfoc,"SYNC_TRUTH,sequence=2633416,truth_tick_us=5272429672,mechanical_angle_rad=2.646116972,valid=1,read_failures=0"
dengfoc,"SYNC_TRUTH,sequence=2633417,truth_tick_us=5272431672,mechanical_angle_rad=2.646116972,valid=1,read_failures=0"
dengfoc,"SYNC_TRUTH,sequence=2633418,truth_tick_us=5272433672,mechanical_angle_rad=2.646116972,valid=1,read_failures=0"
dengfoc,"SYNC_TRUTH,sequence=2633419,truth_tick_us=5272435672,mechanical_angle_rad=2.646116972,valid=1,read_failures=0"
dengfoc,"SYNC_TRUTH,sequence=2633420,truth_tick_us=5272437672,mechanical_angle_rad=2.646116972,valid=1,read_failures=0"
dengfoc,"SYNC_TRUTH,sequence=2633421,truth_tick_us=5272439672,mechanical_angle_rad=2.646116972,valid=1,read_failures=0"
dengfoc,"SYNC_TRUTH,sequence=2633422,truth_tick_us=5272441672,mechanical_angle_rad=2.646116972,valid=1,read_failures=0"
dengfoc,"SYNC_TRUTH,sequence=2633423,truth_tick_us=5272443672,mechanical_angle_rad=2.646116972,valid=1,read_failures=0"
dengfoc,"SYNC_TRUTH,sequence=2633424,truth_tick_us=5272445672,mechanical_angle_rad=2.646116972,valid=1,read_failures=0"
dengfoc,"SYNC_TRUTH,sequence=2633425,truth_tick_us=5272447672,mechanical_angle_rad=2.646116972,valid=1,read_failures=0"
dengfoc,"SYNC_TRUTH,sequence=2633426,truth_tick_us=5272449672,mechanical_angle_rad=2.646116972,valid=1,read_failures=0"
dengfoc,"SYNC_TRUTH,sequence=2633427,truth_tick_us=5272451672,mechanical_angle_rad=2.646116972,valid=1,read_failures=0"
dengfoc,"SYNC_TRUTH,sequence=2633428,truth_tick_us=5272453672,mechanical_angle_rad=2.646116972,valid=1,read_failures=0"
dengfoc,"SYNC_TRUTH,sequence=2633429,truth_tick_us=5272455672,mechanical_angle_rad=2.646116972,valid=1,read_failures=0"
dengfoc,"SYNC_TRUTH,sequence=2633430,truth_tick_us=5272457672,mechanical_angle_rad=2.646116972,valid=1,read_failures=0"
dengfoc,"SYNC_TRUTH,sequence=2633431,truth_tick_us=5272459672,mechanical_angle_rad=2.646116972,valid=1,read_failures=0"
dengfoc,"SYNC_TRUTH,sequence=2633432,truth_tick_us=5272461672,mechanical_angle_rad=2.646116972,valid=1,read_failures=0"
dengfoc,"SYNC_TRUTH,sequence=2633433,truth_tick_us=5272463672,mechanical_angle_rad=2.646116972,valid=1,read_failures=0"
dengfoc,"SYNC_TRUTH,sequence=2633434,truth_tick_us=5272465672,mechanical_angle_rad=2.646116972,valid=1,read_failures=0"
dengfoc,"SYNC_TRUTH,sequence=2633435,truth_tick_us=5272467672,mechanical_angle_rad=2.646116972,valid=1,read_failures=0"
dengfoc,"SYNC_TRUTH,sequence=2633436,truth_tick_us=5272469672,mechanical_angle_rad=2.646116972,valid=1,read_failures=0"
dengfoc,"SYNC_TRUTH,sequence=2633437,truth_tick_us=5272471672,mechanical_angle_rad=2.646116972,valid=1,read_failures=0"
dengfoc,"SYNC_TRUTH,sequence=2633438,truth_tick_us=5272473672,mechanical_angle_rad=2.646116972,valid=1,read_failures=0"
dengfoc,"SYNC_TRUTH,sequence=2633439,truth_tick_us=5272475672,mechanical_angle_rad=2.646116972,valid=1,read_failures=0"
dengfoc,"SYNC_TRUTH,sequence=2633440,truth_tick_us=5272477672,mechanical_angle_rad=2.646116972,valid=1,read_failures=0"
dengfoc,"SYNC_TRUTH,sequence=2633441,truth_tick_us=5272479672,mechanical_angle_rad=2.646116972,valid=1,read_failures=0"
dengfoc,"SYNC_TRUTH,sequence=2633442,truth_tick_us=5272481672,mechanical_angle_rad=2.646116972,valid=1,read_failures=0"
dengfoc,"SYNC_TRUTH,sequence=2633443,truth_tick_us=5272483672,mechanical_angle_rad=2.646116972,valid=1,read_failures=0"
dengfoc,"SYNC_TRUTH,sequence=2633444,truth_tick_us=5272485672,mechanical_angle_rad=2.646116972,valid=1,read_failures=0"
dengfoc,"SYNC_TRUTH,sequence=2633445,truth_tick_us=5272487672,mechanical_angle_rad=2.646116972,valid=1,read_failures=0"
dengfoc,"SYNC_TRUTH,sequence=2633446,truth_tick_us=5272489672,mechanical_angle_rad=2.646116972,valid=1,read_failures=0"
dengfoc,"SYNC_TRUTH,sequence=2633447,truth_tick_us=5272491672,mechanical_angle_rad=2.646116972,valid=1,read_failures=0"
dengfoc,"SYNC_TRUTH,sequence=2633448,truth_tick_us=5272493672,mechanical_angle_rad=2.646116972,valid=1,read_failures=0"
dengfoc,"SYNC_TRUTH,sequence=2633449,truth_tick_us=5272495672,mechanical_angle_rad=2.646116972,valid=1,read_failures=0"
dengfoc,"SYNC_TRUTH,sequence=2633450,truth_tick_us=5272497672,mechanical_angle_rad=2.646116972,valid=1,read_failures=0"
dengfoc,"SYNC_TRUTH,sequence=2633451,truth_tick_us=5272499672,mechanical_angle_rad=2.646116972,valid=1,read_failures=0"
dengfoc,"SYNC_TRUTH,sequence=2633452,truth_tick_us=5272501672,mechanical_angle_rad=2.646116972,valid=1,read_failures=0"
dengfoc,"SYNC_TRUTH,sequence=2633453,truth_tick_us=5272503672,mechanical_angle_rad=2.646116972,valid=1,read_failures=0"
dengfoc,"SYNC_TRUTH,sequence=2633454,truth_tick_us=5272505672,mechanical_angle_rad=2.646116972,valid=1,read_failures=0"
dengfoc,"SYNC_TRUTH,sequence=2633455,truth_tick_us=5272507672,mechanical_angle_rad=2.646116972,valid=1,read_failures=0"
dengfoc,"SYNC_TRUTH,sequence=2633456,truth_tick_us=5272509672,mechanical_angle_rad=2.646116972,valid=1,read_failures=0"
dengfoc,"SYNC_TRUTH,sequence=2633457,truth_tick_us=5272511672,mechanical_angle_rad=2.646116972,valid=1,read_failures=0"
dengfoc,"SYNC_TRUTH,sequence=2633458,truth_tick_us=5272513672,mechanical_angle_rad=2.646116972,valid=1,read_failures=0"
dengfoc,"SYNC_TRUTH,sequence=2633459,truth_tick_us=5272515672,mechanical_angle_rad=2.646116972,valid=1,read_failures=0"
dengfoc,"SYNC_TRUTH,sequence=2633460,truth_tick_us=5272517672,mechanical_angle_rad=2.646116972,valid=1,read_failures=0"
dengfoc,"SYNC_TRUTH,sequence=2633461,truth_tick_us=5272519672,mechanical_angle_rad=2.646116972,valid=1,read_failures=0"
dengfoc,"SYNC_TRUTH,sequence=2633462,truth_tick_us=5272521672,mechanical_angle_rad=2.646116972,valid=1,read_failures=0"
dengfoc,"SYNC_TRUTH,sequence=2633463,truth_tick_us=5272523672,mechanical_angle_rad=2.646116972,valid=1,read_failures=0"
dengfoc,"SYNC_TRUTH,sequence=2633464,truth_tick_us=5272525672,mechanical_angle_rad=2.646116972,valid=1,read_failures=0"
dengfoc,"SYNC_TRUTH,sequence=2633465,truth_tick_us=5272527672,mechanical_angle_rad=2.646116972,valid=1,read_failures=0"
dengfoc,"SYNC_TRUTH,sequence=2633466,truth_tick_us=5272529672,mechanical_angle_rad=2.646116972,valid=1,read_failures=0"
dengfoc,"SYNC_TRUTH,sequence=2633467,truth_tick_us=5272531672,mechanical_angle_rad=2.646116972,valid=1,read_failures=0"
dengfoc,"SYNC_TRUTH,sequence=2633468,truth_tick_us=5272533672,mechanical_angle_rad=2.646116972,valid=1,read_failures=0"
dengfoc,"SYNC_TRUTH,sequence=2633469,truth_tick_us=5272535672,mechanical_angle_rad=2.646116972,valid=1,read_failures=0"
dengfoc,"SYNC_TRUTH,sequence=2633470,truth_tick_us=5272537672,mechanical_angle_rad=2.646116972,valid=1,read_failures=0"
dengfoc,"SYNC_TRUTH,sequence=2633471,truth_tick_us=5272539672,mechanical_angle_rad=2.646116972,valid=1,read_failures=0"
dengfoc,"SYNC_TRUTH,sequence=2633472,truth_tick_us=5272541672,mechanical_angle_rad=2.646116972,valid=1,read_failures=0"
dengfoc,"SYNC_TRUTH,sequence=2633473,truth_tick_us=5272543672,mechanical_angle_rad=2.646116972,valid=1,read_failures=0"
dengfoc,"SYNC_TRUTH,sequence=2633474,truth_tick_us=5272545672,mechanical_angle_rad=2.646116972,valid=1,read_failures=0"
dengfoc,"SYNC_TRUTH,sequence=2633475,truth_tick_us=5272547672,mechanical_angle_rad=2.646116972,valid=1,read_failures=0"
dengfoc,"SYNC_TRUTH,sequence=2633476,truth_tick_us=5272549672,mechanical_angle_rad=2.646116972,valid=1,read_failures=0"
dengfoc,"SYNC_TRUTH,sequence=2633477,truth_tick_us=5272551672,mechanical_angle_rad=2.646116972,valid=1,read_failures=0"
dengfoc,"SYNC_TRUTH,sequence=2633478,truth_tick_us=5272553672,mechanical_angle_rad=2.646116972,valid=1,read_failures=0"
dengfoc,"SYNC_TRUTH,sequence=2633479,truth_tick_us=5272555672,mechanical_angle_rad=2.646116972,valid=1,read_failures=0"
dengfoc,"SYNC_TRUTH,sequence=2633480,truth_tick_us=5272557672,mechanical_angle_rad=2.646116972,valid=1,read_failures=0"
dengfoc,"SYNC_TRUTH,sequence=2633481,truth_tick_us=5272559672,mechanical_angle_rad=2.646116972,valid=1,read_failures=0"
dengfoc,"SYNC_TRUTH,sequence=2633482,truth_tick_us=5272561672,mechanical_angle_rad=2.646116972,valid=1,read_failures=0"
dengfoc,"SYNC_TRUTH,sequence=2633483,truth_tick_us=5272563672,mechanical_angle_rad=2.646116972,valid=1,read_failures=0"
dengfoc,"SYNC_TRUTH,sequence=2633484,truth_tick_us=5272565672,mechanical_angle_rad=2.646116972,valid=1,read_failures=0"
dengfoc,"SYNC_TRUTH,sequence=2633485,truth_tick_us=5272567672,mechanical_angle_rad=2.646116972,valid=1,read_failures=0"
dengfoc,"SYNC_TRUTH,sequence=2633486,truth_tick_us=5272569672,mechanical_angle_rad=2.646116972,valid=1,read_failures=0"
dengfoc,"SYNC_TRUTH,sequence=2633487,truth_tick_us=5272571672,mechanical_angle_rad=2.646116972,valid=1,read_failures=0"
dengfoc,"SYNC_TRUTH,sequence=2633488,truth_tick_us=5272573672,mechanical_angle_rad=2.646116972,valid=1,read_failures=0"
dengfoc,"SYNC_TRUTH,sequence=2633489,truth_tick_us=5272575672,mechanical_angle_rad=2.646116972,valid=1,read_failures=0"
dengfoc,"SYNC_TRUTH,sequence=2633490,truth_tick_us=5272577672,mechanical_angle_rad=2.646116972,valid=1,read_failures=0"
dengfoc,"SYNC_TRUTH,sequence=2633491,truth_tick_us=5272579672,mechanical_angle_rad=2.646116972,valid=1,read_failures=0"
dengfoc,"SYNC_TRUTH,sequence=2633492,truth_tick_us=5272581672,mechanical_angle_rad=2.646116972,valid=1,read_failures=0"
dengfoc,"SYNC_TRUTH,sequence=2633493,truth_tick_us=5272583672,mechanical_angle_rad=2.646116972,valid=1,read_failures=0"
dengfoc,"SYNC_TRUTH,sequence=2633494,truth_tick_us=5272585672,mechanical_angle_rad=2.646116972,valid=1,read_failures=0"
dengfoc,"SYNC_TRUTH,sequence=2633495,truth_tick_us=5272587672,mechanical_angle_rad=2.646116972,valid=1,read_failures=0"
dengfoc,"SYNC_TRUTH,sequence=2633496,truth_tick_us=5272589672,mechanical_angle_rad=2.646116972,valid=1,read_failures=0"
dengfoc,"SYNC_TRUTH,sequence=2633497,truth_tick_us=5272591672,mechanical_angle_rad=2.646116972,valid=1,read_failures=0"
dengfoc,"SYNC_TRUTH,sequence=2633498,truth_tick_us=5272593672,mechanical_angle_rad=2.646116972,valid=1,read_failures=0"
dengfoc,"SYNC_TRUTH,sequence=2633499,truth_tick_us=5272595672,mechanical_angle_rad=2.646116972,valid=1,read_failures=0"
dengfoc,"SYNC_TRUTH,sequence=2633500,truth_tick_us=5272597672,mechanical_angle_rad=2.646116972,valid=1,read_failures=0"
dengfoc,"SYNC_TRUTH,sequence=2633501,truth_tick_us=5272599672,mechanical_angle_rad=2.646116972,valid=1,read_failures=0"
dengfoc,"SYNC_TRUTH,sequence=2633502,truth_tick_us=5272601672,mechanical_angle_rad=2.646116972,valid=1,read_failures=0"
dengfoc,"SYNC_TRUTH,sequence=2633503,truth_tick_us=5272603672,mechanical_angle_rad=2.646116972,valid=1,read_failures=0"
dengfoc,"SYNC_TRUTH,sequence=2633504,truth_tick_us=5272605672,mechanical_angle_rad=2.646116972,valid=1,read_failures=0"
dengfoc,"SYNC_TRUTH,sequence=2633505,truth_tick_us=5272607672,mechanical_angle_rad=2.646116972,valid=1,read_failures=0"
dengfoc,"SYNC_TRUTH,sequence=2633506,truth_tick_us=5272609672,mechanical_angle_rad=2.646116972,valid=1,read_failures=0"
dengfoc,"SYNC_TRUTH,sequence=2633507,truth_tick_us=5272611672,mechanical_angle_rad=2.646116972,valid=1,read_failures=0"
dengfoc,"SYNC_TRUTH,sequence=2633508,truth_tick_us=5272613672,mechanical_angle_rad=2.646116972,valid=1,read_failures=0"
dengfoc,"SYNC_TRUTH,sequence=2633509,truth_tick_us=5272615672,mechanical_angle_rad=2.646116972,valid=1,read_failures=0"
dengfoc,"SYNC_TRUTH,sequence=2633510,truth_tick_us=5272617672,mechanical_angle_rad=2.646116972,valid=1,read_failures=0"
dengfoc,"SYNC_TRUTH,sequence=2633511,truth_tick_us=5272619672,mechanical_angle_rad=2.646116972,valid=1,read_failures=0"
dengfoc,"SYNC_TRUTH,sequence=2633512,truth_tick_us=5272621672,mechanical_angle_rad=2.646116972,valid=1,read_failures=0"
dengfoc,"SYNC_TRUTH,sequence=2633513,truth_tick_us=5272623672,mechanical_angle_rad=2.646116972,valid=1,read_failures=0"
dengfoc,"SYNC_TRUTH,sequence=2633514,truth_tick_us=5272625672,mechanical_angle_rad=2.646116972,valid=1,read_failures=0"
dengfoc,"SYNC_TRUTH,sequence=2633515,truth_tick_us=5272627672,mechanical_angle_rad=2.646116972,valid=1,read_failures=0"
dengfoc,"SYNC_TRUTH,sequence=2633516,truth_tick_us=5272629672,mechanical_angle_rad=2.646116972,valid=1,read_failures=0"
dengfoc,"SYNC_TRUTH,sequence=2633517,truth_tick_us=5272631672,mechanical_angle_rad=2.646116972,valid=1,read_failures=0"
dengfoc,"SYNC_TRUTH,sequence=2633518,truth_tick_us=5272633672,mechanical_angle_rad=2.646116972,valid=1,read_failures=0"
dengfoc,"SYNC_TRUTH,sequence=2633519,truth_tick_us=5272635672,mechanical_angle_rad=2.646116972,valid=1,read_failures=0"
dengfoc,"SYNC_TRUTH,sequence=2633520,truth_tick_us=5272637672,mechanical_angle_rad=2.646116972,valid=1,read_failures=0"
dengfoc,"SYNC_TRUTH,sequence=2633521,truth_tick_us=5272639672,mechanical_angle_rad=2.646116972,valid=1,read_failures=0"
dengfoc,"SYNC_TRUTH,sequence=2633522,truth_tick_us=5272641672,mechanical_angle_rad=2.646116972,valid=1,read_failures=0"
dengfoc,"SYNC_TRUTH,sequence=2633523,truth_tick_us=5272643672,mechanical_angle_rad=2.646116972,valid=1,read_failures=0"
dengfoc,"SYNC_TRUTH,sequence=2633524,truth_tick_us=5272645672,mechanical_angle_rad=2.646116972,valid=1,read_failures=0"
dengfoc,"SYNC_TRUTH,sequence=2633525,truth_tick_us=5272647672,mechanical_angle_rad=2.646116972,valid=1,read_failures=0"
dengfoc,"SYNC_TRUTH,sequence=2633526,truth_tick_us=5272649672,mechanical_angle_rad=2.646116972,valid=1,read_failures=0"
dengfoc,"SYNC_TRUTH,sequence=2633527,truth_tick_us=5272651672,mechanical_angle_rad=2.646116972,valid=1,read_failures=0"
dengfoc,"SYNC_TRUTH,sequence=2633528,truth_tick_us=5272653672,mechanical_angle_rad=2.646116972,valid=1,read_failures=0"
dengfoc,"SYNC_TRUTH,sequence=2633529,truth_tick_us=5272655672,mechanical_angle_rad=2.646116972,valid=1,read_failures=0"
dengfoc,"SYNC_TRUTH,sequence=2633530,truth_tick_us=5272657672,mechanical_angle_rad=2.646116972,valid=1,read_failures=0"
dengfoc,"SYNC_TRUTH,sequence=2633531,truth_tick_us=5272659672,mechanical_angle_rad=2.646116972,valid=1,read_failures=0"
dengfoc,"SYNC_TRUTH,sequence=2633532,truth_tick_us=5272661672,mechanical_angle_rad=2.646116972,valid=1,read_failures=0"
dengfoc,"SYNC_TRUTH,sequence=2633533,truth_tick_us=5272663672,mechanical_angle_rad=2.646116972,valid=1,read_failures=0"
dengfoc,"SYNC_TRUTH,sequence=2633534,truth_tick_us=5272665672,mechanical_angle_rad=2.646116972,valid=1,read_failures=0"
dengfoc,"SYNC_TRUTH,sequence=2633535,truth_tick_us=5272667672,mechanical_angle_rad=2.646116972,valid=1,read_failures=0"
dengfoc,"SYNC_TRUTH,sequence=2633536,truth_tick_us=5272669672,mechanical_angle_rad=2.646116972,valid=1,read_failures=0"
dengfoc,"SYNC_TRUTH,sequence=2633537,truth_tick_us=5272671672,mechanical_angle_rad=2.646116972,valid=1,read_failures=0"
dengfoc,"SYNC_TRUTH,sequence=2633538,truth_tick_us=5272673672,mechanical_angle_rad=2.646116972,valid=1,read_failures=0"
dengfoc,"SYNC_TRUTH,sequence=2633539,truth_tick_us=5272675672,mechanical_angle_rad=2.646116972,valid=1,read_failures=0"
dengfoc,"SYNC_TRUTH,sequence=2633540,truth_tick_us=5272677672,mechanical_angle_rad=2.646116972,valid=1,read_failures=0"
dengfoc,"SYNC_TRUTH,sequence=2633541,truth_tick_us=5272679672,mechanical_angle_rad=2.646116972,valid=1,read_failures=0"
dengfoc,"SYNC_TRUTH,sequence=2633542,truth_tick_us=5272681672,mechanical_angle_rad=2.646116972,valid=1,read_failures=0"
dengfoc,"SYNC_TRUTH,sequence=2633543,truth_tick_us=5272683672,mechanical_angle_rad=2.646116972,valid=1,read_failures=0"
dengfoc,"SYNC_TRUTH,sequence=2633544,truth_tick_us=5272685672,mechanical_angle_rad=2.646116972,valid=1,read_failures=0"
dengfoc,"SYNC_TRUTH,sequence=2633545,truth_tick_us=5272687672,mechanical_angle_rad=2.646116972,valid=1,read_failures=0"
dengfoc,"SYNC_TRUTH,sequence=2633546,truth_tick_us=5272689672,mechanical_angle_rad=2.646116972,valid=1,read_failures=0"
dengfoc,"SYNC_TRUTH,sequence=2633547,truth_tick_us=5272691672,mechanical_angle_rad=2.646116972,valid=1,read_failures=0"
dengfoc,"SYNC_TRUTH,sequence=2633548,truth_tick_us=5272693672,mechanical_angle_rad=2.646116972,valid=1,read_failures=0"
dengfoc,"SYNC_TRUTH,sequence=2633549,truth_tick_us=5272695672,mechanical_angle_rad=2.646116972,valid=1,read_failures=0"
dengfoc,"SYNC_TRUTH,sequence=2633550,truth_tick_us=5272697672,mechanical_angle_rad=2.646116972,valid=1,read_failures=0"
dengfoc,"SYNC_TRUTH,sequence=2633551,truth_tick_us=5272699672,mechanical_angle_rad=2.646116972,valid=1,read_failures=0"
dengfoc,"SYNC_TRUTH,sequence=2633552,truth_tick_us=5272701672,mechanical_angle_rad=2.646116972,valid=1,read_failures=0"
dengfoc,"SYNC_TRUTH,sequence=2633553,truth_tick_us=5272703672,mechanical_angle_rad=2.646116972,valid=1,read_failures=0"
dengfoc,"SYNC_TRUTH,sequence=2633554,truth_tick_us=5272705672,mechanical_angle_rad=2.646116972,valid=1,read_failures=0"
dengfoc,"SYNC_TRUTH,sequence=2633555,truth_tick_us=5272707672,mechanical_angle_rad=2.646116972,valid=1,read_failures=0"
dengfoc,"SYNC_TRUTH,sequence=2633556,truth_tick_us=5272709672,mechanical_angle_rad=2.646116972,valid=1,read_failures=0"
dengfoc,"SYNC_TRUTH,sequence=2633557,truth_tick_us=5272711672,mechanical_angle_rad=2.646116972,valid=1,read_failures=0"
dengfoc,"SYNC_TRUTH,sequence=2633558,truth_tick_us=5272713672,mechanical_angle_rad=2.646116972,valid=1,read_failures=0"
dengfoc,"SYNC_TRUTH,sequence=2633559,truth_tick_us=5272715672,mechanical_angle_rad=2.646116972,valid=1,read_failures=0"
dengfoc,"SYNC_TRUTH,sequence=2633560,truth_tick_us=5272717672,mechanical_angle_rad=2.646116972,valid=1,read_failures=0"
dengfoc,"SYNC_TRUTH,sequence=2633561,truth_tick_us=5272719672,mechanical_angle_rad=2.646116972,valid=1,read_failures=0"
dengfoc,"SYNC_TRUTH,sequence=2633562,truth_tick_us=5272721672,mechanical_angle_rad=2.646116972,valid=1,read_failures=0"
dengfoc,"SYNC_TRUTH,sequence=2633563,truth_tick_us=5272723672,mechanical_angle_rad=2.646116972,valid=1,read_failures=0"
dengfoc,"SYNC_TRUTH,sequence=2633564,truth_tick_us=5272725672,mechanical_angle_rad=2.646116972,valid=1,read_failures=0"
dengfoc,"SYNC_TRUTH,sequence=2633565,truth_tick_us=5272727672,mechanical_angle_rad=2.646116972,valid=1,read_failures=0"
dengfoc,"SYNC_TRUTH,sequence=2633566,truth_tick_us=5272729672,mechanical_angle_rad=2.646116972,valid=1,read_failures=0"
dengfoc,"SYNC_TRUTH,sequence=2633567,truth_tick_us=5272731672,mechanical_angle_rad=2.646116972,valid=1,read_failures=0"
dengfoc,"SYNC_TRUTH,sequence=2633568,truth_tick_us=5272733672,mechanical_angle_rad=2.646116972,valid=1,read_failures=0"
dengfoc,"SYNC_TRUTH,sequence=2633569,truth_tick_us=5272735672,mechanical_angle_rad=2.646116972,valid=1,read_failures=0"
dengfoc,"SYNC_TRUTH,sequence=2633570,truth_tick_us=5272737672,mechanical_angle_rad=2.646116972,valid=1,read_failures=0"
dengfoc,"SYNC_TRUTH,sequence=2633571,truth_tick_us=5272739672,mechanical_angle_rad=2.646116972,valid=1,read_failures=0"
dengfoc,"SYNC_TRUTH,sequence=2633572,truth_tick_us=5272741672,mechanical_angle_rad=2.646116972,valid=1,read_failures=0"
dengfoc,"SYNC_TRUTH,sequence=2633573,truth_tick_us=5272743672,mechanical_angle_rad=2.646116972,valid=1,read_failures=0"
dengfoc,"SYNC_TRUTH,sequence=2633574,truth_tick_us=5272745672,mechanical_angle_rad=2.646116972,valid=1,read_failures=0"
dengfoc,"SYNC_TRUTH,sequence=2633575,truth_tick_us=5272747672,mechanical_angle_rad=2.646116972,valid=1,read_failures=0"
dengfoc,"SYNC_TRUTH,sequence=2633576,truth_tick_us=5272749672,mechanical_angle_rad=2.646116972,valid=1,read_failures=0"
dengfoc,"SYNC_TRUTH,sequence=2633577,truth_tick_us=5272751672,mechanical_angle_rad=2.646116972,valid=1,read_failures=0"
dengfoc,"SYNC_TRUTH,sequence=2633578,truth_tick_us=5272753672,mechanical_angle_rad=2.646116972,valid=1,read_failures=0"
dengfoc,"SYNC_TRUTH,sequence=2633579,truth_tick_us=5272755672,mechanical_angle_rad=2.646116972,valid=1,read_failures=0"
dengfoc,"SYNC_TRUTH,sequence=2633580,truth_tick_us=5272757672,mechanical_angle_rad=2.646116972,valid=1,read_failures=0"
dengfoc,"SYNC_TRUTH,sequence=2633581,truth_tick_us=5272759672,mechanical_angle_rad=2.646116972,valid=1,read_failures=0"
dengfoc,"SYNC_TRUTH,sequence=2633582,truth_tick_us=5272761672,mechanical_angle_rad=2.646116972,valid=1,read_failures=0"
dengfoc,"SYNC_TRUTH,sequence=2633583,truth_tick_us=5272763672,mechanical_angle_rad=2.646116972,valid=1,read_failures=0"
dengfoc,"SYNC_TRUTH,sequence=2633584,truth_tick_us=5272765672,mechanical_angle_rad=2.646116972,valid=1,read_failures=0"
dengfoc,"SYNC_TRUTH,sequence=2633585,truth_tick_us=5272767672,mechanical_angle_rad=2.646116972,valid=1,read_failures=0"
dengfoc,"SYNC_TRUTH,sequence=2633586,truth_tick_us=5272769672,mechanical_angle_rad=2.646116972,valid=1,read_failures=0"
dengfoc,"SYNC_TRUTH,sequence=2633587,truth_tick_us=5272771672,mechanical_angle_rad=2.646116972,valid=1,read_failures=0"
dengfoc,"SYNC_TRUTH,sequence=2633588,truth_tick_us=5272773672,mechanical_angle_rad=2.646116972,valid=1,read_failures=0"
dengfoc,"SYNC_TRUTH,sequence=2633589,truth_tick_us=5272775672,mechanical_angle_rad=2.646116972,valid=1,read_failures=0"
dengfoc,"SYNC_TRUTH,sequence=2633590,truth_tick_us=5272777672,mechanical_angle_rad=2.646116972,valid=1,read_failures=0"
dengfoc,"SYNC_TRUTH,sequence=2633591,truth_tick_us=5272779672,mechanical_angle_rad=2.646116972,valid=1,read_failures=0"
dengfoc,"SYNC_TRUTH,sequence=2633592,truth_tick_us=5272781672,mechanical_angle_rad=2.646116972,valid=1,read_failures=0"
dengfoc,"SYNC_TRUTH,sequence=2633593,truth_tick_us=5272783672,mechanical_angle_rad=2.646116972,valid=1,read_failures=0"
dengfoc,"SYNC_TRUTH,sequence=2633594,truth_tick_us=5272785672,mechanical_angle_rad=2.646116972,valid=1,read_failures=0"
dengfoc,"SYNC_TRUTH,sequence=2633595,truth_tick_us=5272787672,mechanical_angle_rad=2.646116972,valid=1,read_failures=0"
dengfoc,"SYNC_TRUTH,sequence=2633596,truth_tick_us=5272789672,mechanical_angle_rad=2.646116972,valid=1,read_failures=0"
dengfoc,"SYNC_TRUTH,sequence=2633597,truth_tick_us=5272791672,mechanical_angle_rad=2.646116972,valid=1,read_failures=0"
dengfoc,"SYNC_TRUTH,sequence=2633598,truth_tick_us=5272793672,mechanical_angle_rad=2.646116972,valid=1,read_failures=0"
dengfoc,"SYNC_TRUTH,sequence=2633599,truth_tick_us=5272795672,mechanical_angle_rad=2.646116972,valid=1,read_failures=0"
dengfoc,"SYNC_TRUTH,sequence=2633600,truth_tick_us=5272797672,mechanical_angle_rad=2.646116972,valid=1,read_failures=0"
dengfoc,"SYNC_TRUTH,sequence=2633601,truth_tick_us=5272799672,mechanical_angle_rad=2.646116972,valid=1,read_failures=0"
dengfoc,"SYNC_TRUTH,sequence=2633602,truth_tick_us=5272801672,mechanical_angle_rad=2.646116972,valid=1,read_failures=0"
dengfoc,"SYNC_TRUTH,sequence=2633603,truth_tick_us=5272803672,mechanical_angle_rad=2.646116972,valid=1,read_failures=0"
dengfoc,"SYNC_TRUTH,sequence=2633604,truth_tick_us=5272805672,mechanical_angle_rad=2.646116972,valid=1,read_failures=0"
dengfoc,"SYNC_TRUTH,sequence=2633605,truth_tick_us=5272807672,mechanical_angle_rad=2.646116972,valid=1,read_failures=0"
dengfoc,"SYNC_TRUTH,sequence=2633606,truth_tick_us=5272809672,mechanical_angle_rad=2.646116972,valid=1,read_failures=0"
dengfoc,"SYNC_TRUTH,sequence=2633607,truth_tick_us=5272811672,mechanical_angle_rad=2.646116972,valid=1,read_failures=0"
dengfoc,"SYNC_TRUTH,sequence=2633608,truth_tick_us=5272813672,mechanical_angle_rad=2.646116972,valid=1,read_failures=0"
dengfoc,"SYNC_TRUTH,sequence=2633609,truth_tick_us=5272815672,mechanical_angle_rad=2.646116972,valid=1,read_failures=0"
dengfoc,"SYNC_TRUTH,sequence=2633610,truth_tick_us=5272817672,mechanical_angle_rad=2.646116972,valid=1,read_failures=0"
dengfoc,"SYNC_TRUTH,sequence=2633611,truth_tick_us=5272819672,mechanical_angle_rad=2.646116972,valid=1,read_failures=0"
dengfoc,"SYNC_TRUTH,sequence=2633612,truth_tick_us=5272821672,mechanical_angle_rad=2.646116972,valid=1,read_failures=0"
dengfoc,"SYNC_TRUTH,sequence=2633613,truth_tick_us=5272823672,mechanical_angle_rad=2.646116972,valid=1,read_failures=0"
dengfoc,"SYNC_TRUTH,sequence=2633614,truth_tick_us=5272825672,mechanical_angle_rad=2.646116972,valid=1,read_failures=0"
dengfoc,"SYNC_TRUTH,sequence=2633615,truth_tick_us=5272827672,mechanical_angle_rad=2.646116972,valid=1,read_failures=0"
dengfoc,"SYNC_TRUTH,sequence=2633616,truth_tick_us=5272829672,mechanical_angle_rad=2.646116972,valid=1,read_failures=0"
dengfoc,"SYNC_TRUTH,sequence=2633617,truth_tick_us=5272831672,mechanical_angle_rad=2.646116972,valid=1,read_failures=0"
dengfoc,"SYNC_TRUTH,sequence=2633618,truth_tick_us=5272833672,mechanical_angle_rad=2.646116972,valid=1,read_failures=0"
dengfoc,"SYNC_TRUTH,sequence=2633619,truth_tick_us=5272835672,mechanical_angle_rad=2.646116972,valid=1,read_failures=0"
dengfoc,"SYNC_TRUTH,sequence=2633620,truth_tick_us=5272837672,mechanical_angle_rad=2.646116972,valid=1,read_failures=0"
dengfoc,"SYNC_TRUTH,sequence=2633621,truth_tick_us=5272839672,mechanical_angle_rad=2.646116972,valid=1,read_failures=0"
dengfoc,"SYNC_TRUTH,sequence=2633622,truth_tick_us=5272841672,mechanical_angle_rad=2.646116972,valid=1,read_failures=0"
dengfoc,"SYNC_TRUTH,sequence=2633623,truth_tick_us=5272843672,mechanical_angle_rad=2.646116972,valid=1,read_failures=0"
dengfoc,"SYNC_TRUTH,sequence=2633624,truth_tick_us=5272845672,mechanical_angle_rad=2.646116972,valid=1,read_failures=0"
dengfoc,"SYNC_TRUTH,sequence=2633625,truth_tick_us=5272847672,mechanical_angle_rad=2.646116972,valid=1,read_failures=0"
dengfoc,"SYNC_TRUTH,sequence=2633626,truth_tick_us=5272849672,mechanical_angle_rad=2.646116972,valid=1,read_failures=0"
dengfoc,"SYNC_TRUTH,sequence=2633627,truth_tick_us=5272851672,mechanical_angle_rad=2.646116972,valid=1,read_failures=0"
dengfoc,"SYNC_TRUTH,sequence=2633628,truth_tick_us=5272853672,mechanical_angle_rad=2.646116972,valid=1,read_failures=0"
dengfoc,"SYNC_TRUTH,sequence=2633629,truth_tick_us=5272855672,mechanical_angle_rad=2.646116972,valid=1,read_failures=0"
dengfoc,"SYNC_TRUTH,sequence=2633630,truth_tick_us=5272857672,mechanical_angle_rad=2.646116972,valid=1,read_failures=0"
dengfoc,"SYNC_TRUTH,sequence=2633631,truth_tick_us=5272859672,mechanical_angle_rad=2.646116972,valid=1,read_failures=0"
dengfoc,"SYNC_TRUTH,sequence=2633632,truth_tick_us=5272861672,mechanical_angle_rad=2.646116972,valid=1,read_failures=0"
dengfoc,"SYNC_TRUTH,sequence=2633633,truth_tick_us=5272863672,mechanical_angle_rad=2.646116972,valid=1,read_failures=0"
dengfoc,"SYNC_TRUTH,sequence=2633634,truth_tick_us=5272865672,mechanical_angle_rad=2.646116972,valid=1,read_failures=0"
dengfoc,"SYNC_TRUTH,sequence=2633635,truth_tick_us=5272867672,mechanical_angle_rad=2.646116972,valid=1,read_failures=0"
dengfoc,"SYNC_TRUTH,sequence=2633636,truth_tick_us=5272869672,mechanical_angle_rad=2.646116972,valid=1,read_failures=0"
dengfoc,"SYNC_TRUTH,sequence=2633637,truth_tick_us=5272871672,mechanical_angle_rad=2.646116972,valid=1,read_failures=0"
dengfoc,"SYNC_TRUTH,sequence=2633638,truth_tick_us=5272873672,mechanical_angle_rad=2.646116972,valid=1,read_failures=0"
dengfoc,"SYNC_TRUTH,sequence=2633639,truth_tick_us=5272875672,mechanical_angle_rad=2.646116972,valid=1,read_failures=0"
dengfoc,"SYNC_TRUTH,sequence=2633640,truth_tick_us=5272877672,mechanical_angle_rad=2.646116972,valid=1,read_failures=0"
dengfoc,"SYNC_TRUTH,sequence=2633641,truth_tick_us=5272879672,mechanical_angle_rad=2.646116972,valid=1,read_failures=0"
dengfoc,"SYNC_TRUTH,sequence=2633642,truth_tick_us=5272881672,mechanical_angle_rad=2.646116972,valid=1,read_failures=0"
dengfoc,"SYNC_TRUTH,sequence=2633643,truth_tick_us=5272883672,mechanical_angle_rad=2.646116972,valid=1,read_failures=0"
dengfoc,"SYNC_TRUTH,sequence=2633644,truth_tick_us=5272885672,mechanical_angle_rad=2.646116972,valid=1,read_failures=0"
dengfoc,"SYNC_TRUTH,sequence=2633645,truth_tick_us=5272887672,mechanical_angle_rad=2.646116972,valid=1,read_failures=0"
dengfoc,"SYNC_TRUTH,sequence=2633646,truth_tick_us=5272889672,mechanical_angle_rad=2.646116972,valid=1,read_failures=0"
dengfoc,"SYNC_TRUTH,sequence=2633647,truth_tick_us=5272891672,mechanical_angle_rad=2.646116972,valid=1,read_failures=0"
dengfoc,"SYNC_TRUTH,sequence=2633648,truth_tick_us=5272893672,mechanical_angle_rad=2.646116972,valid=1,read_failures=0"
dengfoc,"SYNC_TRUTH,sequence=2633649,truth_tick_us=5272895672,mechanical_angle_rad=2.646116972,valid=1,read_failures=0"
dengfoc,"SYNC_TRUTH,sequence=2633650,truth_tick_us=5272897672,mechanical_angle_rad=2.646116972,valid=1,read_failures=0"
dengfoc,"SYNC_TRUTH,sequence=2633651,truth_tick_us=5272899672,mechanical_angle_rad=2.646116972,valid=1,read_failures=0"
dengfoc,"SYNC_TRUTH,sequence=2633652,truth_tick_us=5272901672,mechanical_angle_rad=2.646116972,valid=1,read_failures=0"
dengfoc,"SYNC_TRUTH,sequence=2633653,truth_tick_us=5272903672,mechanical_angle_rad=2.646116972,valid=1,read_failures=0"
dengfoc,"SYNC_TRUTH,sequence=2633654,truth_tick_us=5272905672,mechanical_angle_rad=2.646116972,valid=1,read_failures=0"
dengfoc,"SYNC_TRUTH,sequence=2633655,truth_tick_us=5272907672,mechanical_angle_rad=2.646116972,valid=1,read_failures=0"
dengfoc,"SYNC_TRUTH,sequence=2633656,truth_tick_us=5272909672,mechanical_angle_rad=2.646116972,valid=1,read_failures=0"
dengfoc,"SYNC_TRUTH,sequence=2633657,truth_tick_us=5272911672,mechanical_angle_rad=2.646116972,valid=1,read_failures=0"
dengfoc,"SYNC_TRUTH,sequence=2633658,truth_tick_us=5272913672,mechanical_angle_rad=2.646116972,valid=1,read_failures=0"
dengfoc,"SYNC_TRUTH,sequence=2633659,truth_tick_us=5272915672,mechanical_angle_rad=2.646116972,valid=1,read_failures=0"
dengfoc,"SYNC_TRUTH,sequence=2633660,truth_tick_us=5272917672,mechanical_angle_rad=2.646116972,valid=1,read_failures=0"
dengfoc,"SYNC_TRUTH,sequence=2633661,truth_tick_us=5272919672,mechanical_angle_rad=2.646116972,valid=1,read_failures=0"
dengfoc,"SYNC_TRUTH,sequence=2633662,truth_tick_us=5272921672,mechanical_angle_rad=2.646116972,valid=1,read_failures=0"
dengfoc,"SYNC_TRUTH,sequence=2633663,truth_tick_us=5272923672,mechanical_angle_rad=2.646116972,valid=1,read_failures=0"
dengfoc,"SYNC_TRUTH,sequence=2633664,truth_tick_us=5272925672,mechanical_angle_rad=2.646116972,valid=1,read_failures=0"
dengfoc,"SYNC_TRUTH,sequence=2633665,truth_tick_us=5272927672,mechanical_angle_rad=2.646116972,valid=1,read_failures=0"
dengfoc,"SYNC_TRUTH,sequence=2633666,truth_tick_us=5272929672,mechanical_angle_rad=2.646116972,valid=1,read_failures=0"
dengfoc,"SYNC_TRUTH,sequence=2633667,truth_tick_us=5272931672,mechanical_angle_rad=2.646116972,valid=1,read_failures=0"
dengfoc,"SYNC_TRUTH,sequence=2633668,truth_tick_us=5272933672,mechanical_angle_rad=2.646116972,valid=1,read_failures=0"
dengfoc,"SYNC_TRUTH,sequence=2633669,truth_tick_us=5272935672,mechanical_angle_rad=2.646116972,valid=1,read_failures=0"
dengfoc,"SYNC_TRUTH,sequence=2633670,truth_tick_us=5272937672,mechanical_angle_rad=2.646116972,valid=1,read_failures=0"
dengfoc,"SYNC_TRUTH,sequence=2633671,truth_tick_us=5272939672,mechanical_angle_rad=2.646116972,valid=1,read_failures=0"
dengfoc,"SYNC_TRUTH,sequence=2633672,truth_tick_us=5272941672,mechanical_angle_rad=2.646116972,valid=1,read_failures=0"
dengfoc,"SYNC_TRUTH,sequence=2633673,truth_tick_us=5272943672,mechanical_angle_rad=2.646116972,valid=1,read_failures=0"
dengfoc,"SYNC_TRUTH,sequence=2633674,truth_tick_us=5272945672,mechanical_angle_rad=2.646116972,valid=1,read_failures=0"
dengfoc,"SYNC_TRUTH,sequence=2633675,truth_tick_us=5272947672,mechanical_angle_rad=2.646116972,valid=1,read_failures=0"
dengfoc,"SYNC_TRUTH,sequence=2633676,truth_tick_us=5272949672,mechanical_angle_rad=2.646116972,valid=1,read_failures=0"
dengfoc,"SYNC_TRUTH,sequence=2633677,truth_tick_us=5272951672,mechanical_angle_rad=2.646116972,valid=1,read_failures=0"
dengfoc,"SYNC_TRUTH,sequence=2633678,truth_tick_us=5272953672,mechanical_angle_rad=2.646116972,valid=1,read_failures=0"
dengfoc,"SYNC_TRUTH,sequence=2633679,truth_tick_us=5272955672,mechanical_angle_rad=2.646116972,valid=1,read_failures=0"
g431,foc_h3_no_power_probe
dengfoc,"SYNC_TRUTH,sequence=2633680,truth_tick_us=5272957672,mechanical_angle_rad=2.646116972,valid=1,read_failures=0"
dengfoc,"SYNC_TRUTH,sequence=2633681,truth_tick_us=5272959672,mechanical_angle_rad=2.646116972,valid=1,read_failures=0"
dengfoc,"SYNC_TRUTH,sequence=2633682,truth_tick_us=5272961672,mechanical_angle_rad=2.646116972,valid=1,read_failures=0"
dengfoc,"SYNC_TRUTH,sequence=2633683,truth_tick_us=5272963672,mechanical_angle_rad=2.646116972,valid=1,read_failures=0"
dengfoc,"SYNC_TRUTH,sequence=2633684,truth_tick_us=5272965672,mechanical_angle_rad=2.646116972,valid=1,read_failures=0"
dengfoc,"SYNC_TRUTH,sequence=2633685,truth_tick_us=5272967672,mechanical_angle_rad=2.646116972,valid=1,read_failures=0"
dengfoc,"SYNC_TRUTH,sequence=2633686,truth_tick_us=5272969672,mechanical_angle_rad=2.646116972,valid=1,read_failures=0"
dengfoc,"SYNC_TRUTH,sequence=2633687,truth_tick_us=5272971672,mechanical_angle_rad=2.646116972,valid=1,read_failures=0"
dengfoc,"SYNC_TRUTH,sequence=2633688,truth_tick_us=5272973672,mechanical_angle_rad=2.646116972,valid=1,read_failures=0"
dengfoc,"SYNC_TRUTH,sequence=2633689,truth_tick_us=5272975672,mechanical_angle_rad=2.646116972,valid=1,read_failures=0"
dengfoc,"SYNC_TRUTH,sequence=2633690,truth_tick_us=5272977672,mechanical_angle_rad=2.646116972,valid=1,read_failures=0"
dengfoc,"SYNC_TRUTH,sequence=2633691,truth_tick_us=5272979672,mechanical_angle_rad=2.646116972,valid=1,read_failures=0"
dengfoc,"SYNC_TRUTH,sequence=2633692,truth_tick_us=5272981676,mechanical_angle_rad=2.646116972,valid=1,read_failures=0"
dengfoc,"SYNC_TRUTH,sequence=2633693,truth_tick_us=5272983672,mechanical_angle_rad=2.646116972,valid=1,read_failures=0"
dengfoc,"SYNC_TRUTH,sequence=2633694,truth_tick_us=5272985672,mechanical_angle_rad=2.646116972,valid=1,read_failures=0"
dengfoc,"SYNC_TRUTH,sequence=2633695,truth_tick_us=5272987672,mechanical_angle_rad=2.646116972,valid=1,read_failures=0"
dengfoc,"SYNC_ANCHOR_RX,session=2026100506,edge_sequence=6000,edge_tag=1000,truth_tick_us=5272978393,source=2,flags=0x00000003"
dengfoc,"SYNC_TRUTH,sequence=2633696,truth_tick_us=5272990676,mechanical_angle_rad=2.646116972,valid=1,read_failures=0"
g431,"FH3_DYNAMIC_ANCHOR,196608,3,1,1,0,1,101,658787363,0,7,2026100506,6000,1000,0,1,100,658787412,49"
dengfoc,"SYNC_TRUTH,sequence=2633697,truth_tick_us=5272992672,mechanical_angle_rad=2.646116972,valid=1,read_failures=0"
g431,"FH3_NOPWR,1"
g431,msh >
dengfoc,"SYNC_TRUTH,sequence=2633698,truth_tick_us=5272994672,mechanical_angle_rad=2.646116972,valid=1,read_failures=0"
dengfoc,"SYNC_TRUTH,sequence=2633699,truth_tick_us=5272996672,mechanical_angle_rad=2.646116972,valid=1,read_failures=0"
dengfoc,"SYNC_TRUTH,sequence=2633700,truth_tick_us=5272998672,mechanical_angle_rad=2.646116972,valid=1,read_failures=0"
dengfoc,"SYNC_TRUTH,sequence=2633701,truth_tick_us=5273000672,mechanical_angle_rad=2.646116972,valid=1,read_failures=0"
dengfoc,"SYNC_TRUTH,sequence=2633702,truth_tick_us=5273002672,mechanical_angle_rad=2.646116972,valid=1,read_failures=0"
dengfoc,"SYNC_TRUTH,sequence=2633703,truth_tick_us=5273004672,mechanical_angle_rad=2.646116972,valid=1,read_failures=0"
dengfoc,"SYNC_TRUTH,sequence=2633704,truth_tick_us=5273006672,mechanical_angle_rad=2.646116972,valid=1,read_failures=0"
dengfoc,"SYNC_TRUTH,sequence=2633705,truth_tick_us=5273008672,mechanical_angle_rad=2.646116972,valid=1,read_failures=0"
dengfoc,"SYNC_TRUTH,sequence=2633706,truth_tick_us=5273010672,mechanical_angle_rad=2.646116972,valid=1,read_failures=0"
dengfoc,"SYNC_TRUTH,sequence=2633707,truth_tick_us=5273012672,mechanical_angle_rad=2.646116972,valid=1,read_failures=0"
dengfoc,"SYNC_TRUTH,sequence=2633708,truth_tick_us=5273014672,mechanical_angle_rad=2.646116972,valid=1,read_failures=0"
dengfoc,"SYNC_TRUTH,sequence=2633709,truth_tick_us=5273016672,mechanical_angle_rad=2.646116972,valid=1,read_failures=0"
g431,msh >
dengfoc,"SYNC_TRUTH,sequence=2633710,truth_tick_us=5273018672,mechanical_angle_rad=2.646116972,valid=1,read_failures=0"
dengfoc,"SYNC_TRUTH,sequence=2633711,truth_tick_us=5273020672,mechanical_angle_rad=2.646116972,valid=1,read_failures=0"
dengfoc,"SYNC_TRUTH,sequence=2633712,truth_tick_us=5273022672,mechanical_angle_rad=2.646116972,valid=1,read_failures=0"
dengfoc,"SYNC_TRUTH,sequence=2633713,truth_tick_us=5273024672,mechanical_angle_rad=2.646116972,valid=1,read_failures=0"
dengfoc,"SYNC_TRUTH,sequence=2633714,truth_tick_us=5273026672,mechanical_angle_rad=2.646116972,valid=1,read_failures=0"
dengfoc,"SYNC_TRUTH,sequence=2633715,truth_tick_us=5273028672,mechanical_angle_rad=2.646116972,valid=1,read_failures=0"
dengfoc,"SYNC_TRUTH,sequence=2633716,truth_tick_us=5273030672,mechanical_angle_rad=2.646116972,valid=1,read_failures=0"
dengfoc,"SYNC_TRUTH,sequence=2633717,truth_tick_us=5273032672,mechanical_angle_rad=2.646116972,valid=1,read_failures=0"
dengfoc,"SYNC_TRUTH,sequence=2633718,truth_tick_us=5273034672,mechanical_angle_rad=2.646116972,valid=1,read_failures=0"
dengfoc,"SYNC_TRUTH,sequence=2633719,truth_tick_us=5273036672,mechanical_angle_rad=2.646116972,valid=1,read_failures=0"
dengfoc,"SYNC_TRUTH,sequence=2633720,truth_tick_us=5273038672,mechanical_angle_rad=2.646116972,valid=1,read_failures=0"
dengfoc,"SYNC_TRUTH,sequence=2633721,truth_tick_us=5273040672,mechanical_angle_rad=2.646116972,valid=1,read_failures=0"
dengfoc,"SYNC_TRUTH,sequence=2633722,truth_tick_us=5273042672,mechanical_angle_rad=2.646116972,valid=1,read_failures=0"
dengfoc,"SYNC_TRUTH,sequence=2633723,truth_tick_us=5273044672,mechanical_angle_rad=2.646116972,valid=1,read_failures=0"
dengfoc,"SYNC_TRUTH,sequence=2633724,truth_tick_us=5273046672,mechanical_angle_rad=2.646116972,valid=1,read_failures=0"
dengfoc,"SYNC_TRUTH,sequence=2633725,truth_tick_us=5273048672,mechanical_angle_rad=2.646116972,valid=1,read_failures=0"
dengfoc,"SYNC_TRUTH,sequence=2633726,truth_tick_us=5273050672,mechanical_angle_rad=2.646116972,valid=1,read_failures=0"
dengfoc,"SYNC_TRUTH,sequence=2633727,truth_tick_us=5273052672,mechanical_angle_rad=2.646116972,valid=1,read_failures=0"
dengfoc,"SYNC_TRUTH,sequence=2633728,truth_tick_us=5273054672,mechanical_angle_rad=2.646116972,valid=1,read_failures=0"
dengfoc,"SYNC_TRUTH,sequence=2633729,truth_tick_us=5273056672,mechanical_angle_rad=2.646116972,valid=1,read_failures=0"
dengfoc,"SYNC_TRUTH,sequence=2633730,truth_tick_us=5273058672,mechanical_angle_rad=2.646116972,valid=1,read_failures=0"
dengfoc,"SYNC_TRUTH,sequence=2633731,truth_tick_us=5273060672,mechanical_angle_rad=2.646116972,valid=1,read_failures=0"
dengfoc,"SYNC_TRUTH,sequence=2633732,truth_tick_us=5273062672,mechanical_angle_rad=2.646116972,valid=1,read_failures=0"
dengfoc,"SYNC_TRUTH,sequence=2633733,truth_tick_us=5273064672,mechanical_angle_rad=2.646116972,valid=1,read_failures=0"
dengfoc,"SYNC_TRUTH,sequence=2633734,truth_tick_us=5273066672,mechanical_angle_rad=2.646116972,valid=1,read_failures=0"
dengfoc,"SYNC_TRUTH,sequence=2633735,truth_tick_us=5273068672,mechanical_angle_rad=2.646116972,valid=1,read_failures=0"
dengfoc,"SYNC_TRUTH,sequence=2633736,truth_tick_us=5273070672,mechanical_angle_rad=2.646116972,valid=1,read_failures=0"
dengfoc,"SYNC_TRUTH,sequence=2633737,truth_tick_us=5273072672,mechanical_angle_rad=2.646116972,valid=1,read_failures=0"
dengfoc,"SYNC_TRUTH,sequence=2633738,truth_tick_us=5273074672,mechanical_angle_rad=2.646116972,valid=1,read_failures=0"
dengfoc,"SYNC_TRUTH,sequence=2633739,truth_tick_us=5273076672,mechanical_angle_rad=2.646116972,valid=1,read_failures=0"
dengfoc,"SYNC_TRUTH,sequence=2633740,truth_tick_us=5273078672,mechanical_angle_rad=2.646116972,valid=1,read_failures=0"
dengfoc,"SYNC_TRUTH,sequence=2633741,truth_tick_us=5273080672,mechanical_angle_rad=2.646116972,valid=1,read_failures=0"
dengfoc,"SYNC_TRUTH,sequence=2633742,truth_tick_us=5273082672,mechanical_angle_rad=2.646116972,valid=1,read_failures=0"
dengfoc,"SYNC_TRUTH,sequence=2633743,truth_tick_us=5273084672,mechanical_angle_rad=2.646116972,valid=1,read_failures=0"
dengfoc,"SYNC_TRUTH,sequence=2633744,truth_tick_us=5273086672,mechanical_angle_rad=2.646116972,valid=1,read_failures=0"
dengfoc,"SYNC_TRUTH,sequence=2633745,truth_tick_us=5273088672,mechanical_angle_rad=2.646116972,valid=1,read_failures=0"
dengfoc,"SYNC_TRUTH,sequence=2633746,truth_tick_us=5273090672,mechanical_angle_rad=2.646116972,valid=1,read_failures=0"
dengfoc,"SYNC_TRUTH,sequence=2633747,truth_tick_us=5273092672,mechanical_angle_rad=2.646116972,valid=1,read_failures=0"
dengfoc,"SYNC_TRUTH,sequence=2633748,truth_tick_us=5273094672,mechanical_angle_rad=2.646116972,valid=1,read_failures=0"
dengfoc,"SYNC_TRUTH,sequence=2633749,truth_tick_us=5273096672,mechanical_angle_rad=2.646116972,valid=1,read_failures=0"
dengfoc,"SYNC_TRUTH,sequence=2633750,truth_tick_us=5273098672,mechanical_angle_rad=2.646116972,valid=1,read_failures=0"
dengfoc,"SYNC_TRUTH,sequence=2633751,truth_tick_us=5273100672,mechanical_angle_rad=2.646116972,valid=1,read_failures=0"
dengfoc,"SYNC_TRUTH,sequence=2633752,truth_tick_us=5273102672,mechanical_angle_rad=2.646116972,valid=1,read_failures=0"
dengfoc,"SYNC_TRUTH,sequence=2633753,truth_tick_us=5273104672,mechanical_angle_rad=2.646116972,valid=1,read_failures=0"
dengfoc,"SYNC_TRUTH,sequence=2633754,truth_tick_us=5273106672,mechanical_angle_rad=2.646116972,valid=1,read_failures=0"
dengfoc,"SYNC_TRUTH,sequence=2633755,truth_tick_us=5273108672,mechanical_angle_rad=2.646116972,valid=1,read_failures=0"
dengfoc,"SYNC_TRUTH,sequence=2633756,truth_tick_us=5273110672,mechanical_angle_rad=2.646116972,valid=1,read_failures=0"
dengfoc,"SYNC_TRUTH,sequence=2633757,truth_tick_us=5273112672,mechanical_angle_rad=2.646116972,valid=1,read_failures=0"
dengfoc,"SYNC_TRUTH,sequence=2633758,truth_tick_us=5273114672,mechanical_angle_rad=2.646116972,valid=1,read_failures=0"
dengfoc,"SYNC_TRUTH,sequence=2633759,truth_tick_us=5273116672,mechanical_angle_rad=2.646116972,valid=1,read_failures=0"
dengfoc,"SYNC_TRUTH,sequence=2633760,truth_tick_us=5273118672,mechanical_angle_rad=2.646116972,valid=1,read_failures=0"
dengfoc,"SYNC_TRUTH,sequence=2633761,truth_tick_us=5273120672,mechanical_angle_rad=2.646116972,valid=1,read_failures=0"
dengfoc,"SYNC_TRUTH,sequence=2633762,truth_tick_us=5273122672,mechanical_angle_rad=2.646116972,valid=1,read_failures=0"
dengfoc,"SYNC_TRUTH,sequence=2633763,truth_tick_us=5273124672,mechanical_angle_rad=2.646116972,valid=1,read_failures=0"
dengfoc,"SYNC_TRUTH,sequence=2633764,truth_tick_us=5273126672,mechanical_angle_rad=2.646116972,valid=1,read_failures=0"
dengfoc,"SYNC_TRUTH,sequence=2633765,truth_tick_us=5273128672,mechanical_angle_rad=2.646116972,valid=1,read_failures=0"
dengfoc,"SYNC_TRUTH,sequence=2633766,truth_tick_us=5273130672,mechanical_angle_rad=2.646116972,valid=1,read_failures=0"
dengfoc,"SYNC_TRUTH,sequence=2633767,truth_tick_us=5273132672,mechanical_angle_rad=2.646116972,valid=1,read_failures=0"
dengfoc,"SYNC_TRUTH,sequence=2633768,truth_tick_us=5273134672,mechanical_angle_rad=2.646116972,valid=1,read_failures=0"
dengfoc,"SYNC_TRUTH,sequence=2633769,truth_tick_us=5273136672,mechanical_angle_rad=2.646116972,valid=1,read_failures=0"
dengfoc,"SYNC_TRUTH,sequence=2633770,truth_tick_us=5273138672,mechanical_angle_rad=2.646116972,valid=1,read_failures=0"
dengfoc,"SYNC_TRUTH,sequence=2633771,truth_tick_us=5273140672,mechanical_angle_rad=2.646116972,valid=1,read_failures=0"
dengfoc,"SYNC_TRUTH,sequence=2633772,truth_tick_us=5273142672,mechanical_angle_rad=2.646116972,valid=1,read_failures=0"
dengfoc,"SYNC_TRUTH,sequence=2633773,truth_tick_us=5273144672,mechanical_angle_rad=2.646116972,valid=1,read_failures=0"
dengfoc,"SYNC_TRUTH,sequence=2633774,truth_tick_us=5273146672,mechanical_angle_rad=2.646116972,valid=1,read_failures=0"
dengfoc,"SYNC_TRUTH,sequence=2633775,truth_tick_us=5273148672,mechanical_angle_rad=2.646116972,valid=1,read_failures=0"
dengfoc,"SYNC_TRUTH,sequence=2633776,truth_tick_us=5273150672,mechanical_angle_rad=2.646116972,valid=1,read_failures=0"
dengfoc,"SYNC_TRUTH,sequence=2633777,truth_tick_us=5273152672,mechanical_angle_rad=2.646116972,valid=1,read_failures=0"
dengfoc,"SYNC_TRUTH,sequence=2633778,truth_tick_us=5273154672,mechanical_angle_rad=2.646116972,valid=1,read_failures=0"
dengfoc,"SYNC_TRUTH,sequence=2633779,truth_tick_us=5273156672,mechanical_angle_rad=2.646116972,valid=1,read_failures=0"
dengfoc,"SYNC_TRUTH,sequence=2633780,truth_tick_us=5273158672,mechanical_angle_rad=2.646116972,valid=1,read_failures=0"
dengfoc,"SYNC_TRUTH,sequence=2633781,truth_tick_us=5273160672,mechanical_angle_rad=2.646116972,valid=1,read_failures=0"
dengfoc,"SYNC_TRUTH,sequence=2633782,truth_tick_us=5273162672,mechanical_angle_rad=2.646116972,valid=1,read_failures=0"
dengfoc,"SYNC_TRUTH,sequence=2633783,truth_tick_us=5273164672,mechanical_angle_rad=2.646116972,valid=1,read_failures=0"
dengfoc,"SYNC_TRUTH,sequence=2633784,truth_tick_us=5273166672,mechanical_angle_rad=2.646116972,valid=1,read_failures=0"
dengfoc,"SYNC_TRUTH,sequence=2633785,truth_tick_us=5273168672,mechanical_angle_rad=2.646116972,valid=1,read_failures=0"
dengfoc,"SYNC_TRUTH,sequence=2633786,truth_tick_us=5273170672,mechanical_angle_rad=2.646116972,valid=1,read_failures=0"
dengfoc,"SYNC_TRUTH,sequence=2633787,truth_tick_us=5273172672,mechanical_angle_rad=2.646116972,valid=1,read_failures=0"
dengfoc,"SYNC_TRUTH,sequence=2633788,truth_tick_us=5273174672,mechanical_angle_rad=2.646116972,valid=1,read_failures=0"
dengfoc,"SYNC_TRUTH,sequence=2633789,truth_tick_us=5273176672,mechanical_angle_rad=2.646116972,valid=1,read_failures=0"
dengfoc,"SYNC_TRUTH,sequence=2633790,truth_tick_us=5273178672,mechanical_angle_rad=2.646116972,valid=1,read_failures=0"
dengfoc,"SYNC_TRUTH,sequence=2633791,truth_tick_us=5273180672,mechanical_angle_rad=2.646116972,valid=1,read_failures=0"
dengfoc,"SYNC_TRUTH,sequence=2633792,truth_tick_us=5273182672,mechanical_angle_rad=2.646116972,valid=1,read_failures=0"
dengfoc,"SYNC_TRUTH,sequence=2633793,truth_tick_us=5273184672,mechanical_angle_rad=2.646116972,valid=1,read_failures=0"
dengfoc,"SYNC_TRUTH,sequence=2633794,truth_tick_us=5273186672,mechanical_angle_rad=2.646116972,valid=1,read_failures=0"
dengfoc,"SYNC_TRUTH,sequence=2633795,truth_tick_us=5273188672,mechanical_angle_rad=2.646116972,valid=1,read_failures=0"
dengfoc,"SYNC_TRUTH,sequence=2633796,truth_tick_us=5273190672,mechanical_angle_rad=2.646116972,valid=1,read_failures=0"
dengfoc,"SYNC_TRUTH,sequence=2633797,truth_tick_us=5273192672,mechanical_angle_rad=2.646116972,valid=1,read_failures=0"
dengfoc,"SYNC_TRUTH,sequence=2633798,truth_tick_us=5273194672,mechanical_angle_rad=2.646116972,valid=1,read_failures=0"
dengfoc,"SYNC_TRUTH,sequence=2633799,truth_tick_us=5273196672,mechanical_angle_rad=2.646116972,valid=1,read_failures=0"
dengfoc,"SYNC_TRUTH,sequence=2633800,truth_tick_us=5273198672,mechanical_angle_rad=2.646116972,valid=1,read_failures=0"
dengfoc,"SYNC_TRUTH,sequence=2633801,truth_tick_us=5273200672,mechanical_angle_rad=2.646116972,valid=1,read_failures=0"
dengfoc,"SYNC_TRUTH,sequence=2633802,truth_tick_us=5273202672,mechanical_angle_rad=2.646116972,valid=1,read_failures=0"
dengfoc,"SYNC_TRUTH,sequence=2633803,truth_tick_us=5273204672,mechanical_angle_rad=2.646116972,valid=1,read_failures=0"
dengfoc,"SYNC_TRUTH,sequence=2633804,truth_tick_us=5273206672,mechanical_angle_rad=2.646116972,valid=1,read_failures=0"
dengfoc,"SYNC_TRUTH,sequence=2633805,truth_tick_us=5273208672,mechanical_angle_rad=2.646116972,valid=1,read_failures=0"
dengfoc,"SYNC_TRUTH,sequence=2633806,truth_tick_us=5273210672,mechanical_angle_rad=2.646116972,valid=1,read_failures=0"
dengfoc,"SYNC_TRUTH,sequence=2633807,truth_tick_us=5273212672,mechanical_angle_rad=2.646116972,valid=1,read_failures=0"
dengfoc,"SYNC_TRUTH,sequence=2633808,truth_tick_us=5273214672,mechanical_angle_rad=2.646116972,valid=1,read_failures=0"
dengfoc,"SYNC_TRUTH,sequence=2633809,truth_tick_us=5273216672,mechanical_angle_rad=2.646116972,valid=1,read_failures=0"
dengfoc,"SYNC_TRUTH,sequence=2633810,truth_tick_us=5273218672,mechanical_angle_rad=2.646116972,valid=1,read_failures=0"
dengfoc,"SYNC_TRUTH,sequence=2633811,truth_tick_us=5273220672,mechanical_angle_rad=2.646116972,valid=1,read_failures=0"
dengfoc,"SYNC_TRUTH,sequence=2633812,truth_tick_us=5273222672,mechanical_angle_rad=2.646116972,valid=1,read_failures=0"
dengfoc,"SYNC_TRUTH,sequence=2633813,truth_tick_us=5273224672,mechanical_angle_rad=2.646116972,valid=1,read_failures=0"
dengfoc,"SYNC_TRUTH,sequence=2633814,truth_tick_us=5273226672,mechanical_angle_rad=2.646116972,valid=1,read_failures=0"
dengfoc,"SYNC_TRUTH,sequence=2633815,truth_tick_us=5273228672,mechanical_angle_rad=2.646116972,valid=1,read_failures=0"
dengfoc,"SYNC_TRUTH,sequence=2633816,truth_tick_us=5273230672,mechanical_angle_rad=2.646116972,valid=1,read_failures=0"
dengfoc,"SYNC_TRUTH,sequence=2633817,truth_tick_us=5273232672,mechanical_angle_rad=2.646116972,valid=1,read_failures=0"
dengfoc,"SYNC_TRUTH,sequence=2633818,truth_tick_us=5273234672,mechanical_angle_rad=2.646116972,valid=1,read_failures=0"
dengfoc,"SYNC_TRUTH,sequence=2633819,truth_tick_us=5273236672,mechanical_angle_rad=2.646116972,valid=1,read_failures=0"
dengfoc,"SYNC_TRUTH,sequence=2633820,truth_tick_us=5273238672,mechanical_angle_rad=2.646116972,valid=1,read_failures=0"
dengfoc,"SYNC_TRUTH,sequence=2633821,truth_tick_us=5273240672,mechanical_angle_rad=2.646116972,valid=1,read_failures=0"
dengfoc,"SYNC_TRUTH,sequence=2633822,truth_tick_us=5273242672,mechanical_angle_rad=2.646116972,valid=1,read_failures=0"
dengfoc,"SYNC_TRUTH,sequence=2633823,truth_tick_us=5273244672,mechanical_angle_rad=2.646116972,valid=1,read_failures=0"
dengfoc,"SYNC_STATUS,frames=54,frame_fail=5,truth=2633823,truth_fail=0,idle=5,capture_state=1,capture_failure=0,rejected=0,overflow=0,recovered=5,session_rollovers=4,sync_level=0,driver_disabled=1"
dengfoc,"SYNC_TRUTH,sequence=2633824,truth_tick_us=5273249676,mechanical_angle_rad=0.000000000,valid=0,read_failures=0"
dengfoc,"SYNC_TRUTH,sequence=2633825,truth_tick_us=5273251672,mechanical_angle_rad=2.646116972,valid=1,read_failures=0"
dengfoc,"SYNC_TRUTH,sequence=2633826,truth_tick_us=5273253672,mechanical_angle_rad=2.646116972,valid=1,read_failures=0"
dengfoc,"SYNC_TRUTH,sequence=2633827,truth_tick_us=5273255672,mechanical_angle_rad=2.646116972,valid=1,read_failures=0"
dengfoc,"SYNC_TRUTH,sequence=2633828,truth_tick_us=5273257672,mechanical_angle_rad=2.646116972,valid=1,read_failures=0"
dengfoc,"SYNC_TRUTH,sequence=2633829,truth_tick_us=5273259672,mechanical_angle_rad=2.646116972,valid=1,read_failures=0"
dengfoc,"SYNC_TRUTH,sequence=2633830,truth_tick_us=5273261672,mechanical_angle_rad=2.646116972,valid=1,read_failures=0"
dengfoc,"SYNC_TRUTH,sequence=2633831,truth_tick_us=5273263672,mechanical_angle_rad=2.646116972,valid=1,read_failures=0"
dengfoc,"SYNC_TRUTH,sequence=2633832,truth_tick_us=5273265672,mechanical_angle_rad=2.646116972,valid=1,read_failures=0"
dengfoc,"SYNC_TRUTH,sequence=2633833,truth_tick_us=5273267672,mechanical_angle_rad=2.646116972,valid=1,read_failures=0"
dengfoc,"SYNC_TRUTH,sequence=2633834,truth_tick_us=5273269672,mechanical_angle_rad=2.646116972,valid=1,read_failures=0"
dengfoc,"SYNC_TRUTH,sequence=2633835,truth_tick_us=5273271672,mechanical_angle_rad=2.646116972,valid=1,read_failures=0"
dengfoc,"SYNC_TRUTH,sequence=2633836,truth_tick_us=5273273672,mechanical_angle_rad=2.646116972,valid=1,read_failures=0"
dengfoc,"SYNC_TRUTH,sequence=2633837,truth_tick_us=5273275672,mechanical_angle_rad=2.646116972,valid=1,read_failures=0"
dengfoc,"SYNC_TRUTH,sequence=2633838,truth_tick_us=5273277672,mechanical_angle_rad=2.646116972,valid=1,read_failures=0"
dengfoc,"SYNC_TRUTH,sequence=2633839,truth_tick_us=5273279672,mechanical_angle_rad=2.646116972,valid=1,read_failures=0"
dengfoc,"SYNC_TRUTH,sequence=2633840,truth_tick_us=5273281672,mechanical_angle_rad=2.646116972,valid=1,read_failures=0"
dengfoc,"SYNC_TRUTH,sequence=2633841,truth_tick_us=5273283672,mechanical_angle_rad=2.646116972,valid=1,read_failures=0"
dengfoc,"SYNC_TRUTH,sequence=2633842,truth_tick_us=5273285672,mechanical_angle_rad=2.646116972,valid=1,read_failures=0"
dengfoc,"SYNC_TRUTH,sequence=2633843,truth_tick_us=5273287672,mechanical_angle_rad=2.646116972,valid=1,read_failures=0"
dengfoc,"SYNC_TRUTH,sequence=2633844,truth_tick_us=5273289672,mechanical_angle_rad=2.646116972,valid=1,read_failures=0"
dengfoc,"SYNC_TRUTH,sequence=2633845,truth_tick_us=5273291672,mechanical_angle_rad=2.646116972,valid=1,read_failures=0"
dengfoc,"SYNC_TRUTH,sequence=2633846,truth_tick_us=5273293672,mechanical_angle_rad=2.646116972,valid=1,read_failures=0"
dengfoc,"SYNC_TRUTH,sequence=2633847,truth_tick_us=5273295672,mechanical_angle_rad=2.646116972,valid=1,read_failures=0"
dengfoc,"SYNC_TRUTH,sequence=2633848,truth_tick_us=5273297672,mechanical_angle_rad=2.646116972,valid=1,read_failures=0"
dengfoc,"SYNC_TRUTH,sequence=2633849,truth_tick_us=5273299672,mechanical_angle_rad=2.646116972,valid=1,read_failures=0"
dengfoc,"SYNC_TRUTH,sequence=2633850,truth_tick_us=5273301672,mechanical_angle_rad=2.646116972,valid=1,read_failures=0"
dengfoc,"SYNC_TRUTH,sequence=2633851,truth_tick_us=5273303672,mechanical_angle_rad=2.646116972,valid=1,read_failures=0"
dengfoc,"SYNC_TRUTH,sequence=2633852,truth_tick_us=5273305672,mechanical_angle_rad=2.646116972,valid=1,read_failures=0"
dengfoc,"SYNC_TRUTH,sequence=2633853,truth_tick_us=5273307672,mechanical_angle_rad=2.646116972,valid=1,read_failures=0"
dengfoc,"SYNC_TRUTH,sequence=2633854,truth_tick_us=5273309672,mechanical_angle_rad=2.646116972,valid=1,read_failures=0"
dengfoc,"SYNC_TRUTH,sequence=2633855,truth_tick_us=5273311672,mechanical_angle_rad=2.646116972,valid=1,read_failures=0"
dengfoc,"SYNC_TRUTH,sequence=2633856,truth_tick_us=5273313672,mechanical_angle_rad=2.646116972,valid=1,read_failures=0"
dengfoc,"SYNC_TRUTH,sequence=2633857,truth_tick_us=5273315672,mechanical_angle_rad=2.646116972,valid=1,read_failures=0"
dengfoc,"SYNC_TRUTH,sequence=2633858,truth_tick_us=5273317672,mechanical_angle_rad=2.646116972,valid=1,read_failures=0"
dengfoc,"SYNC_TRUTH,sequence=2633859,truth_tick_us=5273319672,mechanical_angle_rad=2.646116972,valid=1,read_failures=0"
dengfoc,"SYNC_TRUTH,sequence=2633860,truth_tick_us=5273321672,mechanical_angle_rad=2.646116972,valid=1,read_failures=0"
dengfoc,"SYNC_TRUTH,sequence=2633861,truth_tick_us=5273323672,mechanical_angle_rad=2.646116972,valid=1,read_failures=0"
dengfoc,"SYNC_TRUTH,sequence=2633862,truth_tick_us=5273325672,mechanical_angle_rad=2.646116972,valid=1,read_failures=0"
dengfoc,"SYNC_TRUTH,sequence=2633863,truth_tick_us=5273327672,mechanical_angle_rad=2.646116972,valid=1,read_failures=0"
dengfoc,"SYNC_TRUTH,sequence=2633864,truth_tick_us=5273329672,mechanical_angle_rad=2.646116972,valid=1,read_failures=0"
dengfoc,"SYNC_TRUTH,sequence=2633865,truth_tick_us=5273331672,mechanical_angle_rad=2.646116972,valid=1,read_failures=0"
dengfoc,"SYNC_TRUTH,sequence=2633866,truth_tick_us=5273333672,mechanical_angle_rad=2.646116972,valid=1,read_failures=0"
dengfoc,"SYNC_TRUTH,sequence=2633867,truth_tick_us=5273335672,mechanical_angle_rad=2.646116972,valid=1,read_failures=0"
dengfoc,"SYNC_TRUTH,sequence=2633868,truth_tick_us=5273337672,mechanical_angle_rad=2.646116972,valid=1,read_failures=0"
dengfoc,"SYNC_TRUTH,sequence=2633869,truth_tick_us=5273339672,mechanical_angle_rad=2.646116972,valid=1,read_failures=0"
dengfoc,"SYNC_TRUTH,sequence=2633870,truth_tick_us=5273341672,mechanical_angle_rad=2.646116972,valid=1,read_failures=0"
dengfoc,"SYNC_TRUTH,sequence=2633871,truth_tick_us=5273343672,mechanical_angle_rad=2.646116972,valid=1,read_failures=0"
dengfoc,"SYNC_TRUTH,sequence=2633872,truth_tick_us=5273345672,mechanical_angle_rad=2.646116972,valid=1,read_failures=0"
dengfoc,"SYNC_TRUTH,sequence=2633873,truth_tick_us=5273347672,mechanical_angle_rad=2.646116972,valid=1,read_failures=0"
dengfoc,"SYNC_TRUTH,sequence=2633874,truth_tick_us=5273349672,mechanical_angle_rad=2.646116972,valid=1,read_failures=0"
dengfoc,"SYNC_TRUTH,sequence=2633875,truth_tick_us=5273351672,mechanical_angle_rad=2.646116972,valid=1,read_failures=0"
dengfoc,"SYNC_TRUTH,sequence=2633876,truth_tick_us=5273353672,mechanical_angle_rad=2.646116972,valid=1,read_failures=0"
dengfoc,"SYNC_TRUTH,sequence=2633877,truth_tick_us=5273355672,mechanical_angle_rad=2.646116972,valid=1,read_failures=0"
dengfoc,"SYNC_TRUTH,sequence=2633878,truth_tick_us=5273357672,mechanical_angle_rad=2.646116972,valid=1,read_failures=0"
dengfoc,"SYNC_TRUTH,sequence=2633879,truth_tick_us=5273359672,mechanical_angle_rad=2.646116972,valid=1,read_failures=0"
dengfoc,"SYNC_TRUTH,sequence=2633880,truth_tick_us=5273361672,mechanical_angle_rad=2.646116972,valid=1,read_failures=0"
dengfoc,"SYNC_TRUTH,sequence=2633881,truth_tick_us=5273363672,mechanical_angle_rad=2.646116972,valid=1,read_failures=0"
dengfoc,"SYNC_TRUTH,sequence=2633882,truth_tick_us=5273365672,mechanical_angle_rad=2.646116972,valid=1,read_failures=0"
dengfoc,"SYNC_TRUTH,sequence=2633883,truth_tick_us=5273367672,mechanical_angle_rad=2.646116972,valid=1,read_failures=0"
dengfoc,"SYNC_TRUTH,sequence=2633884,truth_tick_us=5273369672,mechanical_angle_rad=2.646116972,valid=1,read_failures=0"
dengfoc,"SYNC_TRUTH,sequence=2633885,truth_tick_us=5273371672,mechanical_angle_rad=2.646116972,valid=1,read_failures=0"
dengfoc,"SYNC_TRUTH,sequence=2633886,truth_tick_us=5273373672,mechanical_angle_rad=2.646116972,valid=1,read_failures=0"
dengfoc,"SYNC_TRUTH,sequence=2633887,truth_tick_us=5273375672,mechanical_angle_rad=2.646116972,valid=1,read_failures=0"
dengfoc,"SYNC_TRUTH,sequence=2633888,truth_tick_us=5273377672,mechanical_angle_rad=2.646116972,valid=1,read_failures=0"
dengfoc,"SYNC_TRUTH,sequence=2633889,truth_tick_us=5273379672,mechanical_angle_rad=2.646116972,valid=1,read_failures=0"
dengfoc,"SYNC_TRUTH,sequence=2633890,truth_tick_us=5273381672,mechanical_angle_rad=2.646116972,valid=1,read_failures=0"
dengfoc,"SYNC_TRUTH,sequence=2633891,truth_tick_us=5273383672,mechanical_angle_rad=2.646116972,valid=1,read_failures=0"
dengfoc,"SYNC_TRUTH,sequence=2633892,truth_tick_us=5273385672,mechanical_angle_rad=2.646116972,valid=1,read_failures=0"
dengfoc,"SYNC_TRUTH,sequence=2633893,truth_tick_us=5273387672,mechanical_angle_rad=2.646116972,valid=1,read_failures=0"
dengfoc,"SYNC_TRUTH,sequence=2633894,truth_tick_us=5273389672,mechanical_angle_rad=2.646116972,valid=1,read_failures=0"
dengfoc,"SYNC_TRUTH,sequence=2633895,truth_tick_us=5273391672,mechanical_angle_rad=2.646116972,valid=1,read_failures=0"
dengfoc,"SYNC_TRUTH,sequence=2633896,truth_tick_us=5273393672,mechanical_angle_rad=2.646116972,valid=1,read_failures=0"
dengfoc,"SYNC_TRUTH,sequence=2633897,truth_tick_us=5273395672,mechanical_angle_rad=2.646116972,valid=1,read_failures=0"
dengfoc,"SYNC_TRUTH,sequence=2633898,truth_tick_us=5273397672,mechanical_angle_rad=2.646116972,valid=1,read_failures=0"
dengfoc,"SYNC_TRUTH,sequence=2633899,truth_tick_us=5273399672,mechanical_angle_rad=2.646116972,valid=1,read_failures=0"
dengfoc,"SYNC_TRUTH,sequence=2633900,truth_tick_us=5273401672,mechanical_angle_rad=2.646116972,valid=1,read_failures=0"
dengfoc,"SYNC_TRUTH,sequence=2633901,truth_tick_us=5273403672,mechanical_angle_rad=2.646116972,valid=1,read_failures=0"
dengfoc,"SYNC_TRUTH,sequence=2633902,truth_tick_us=5273405672,mechanical_angle_rad=2.646116972,valid=1,read_failures=0"
dengfoc,"SYNC_TRUTH,sequence=2633903,truth_tick_us=5273407672,mechanical_angle_rad=2.646116972,valid=1,read_failures=0"
dengfoc,"SYNC_TRUTH,sequence=2633904,truth_tick_us=5273409672,mechanical_angle_rad=2.646116972,valid=1,read_failures=0"
dengfoc,"SYNC_TRUTH,sequence=2633905,truth_tick_us=5273411672,mechanical_angle_rad=2.646116972,valid=1,read_failures=0"
dengfoc,"SYNC_TRUTH,sequence=2633906,truth_tick_us=5273413672,mechanical_angle_rad=2.646116972,valid=1,read_failures=0"
dengfoc,"SYNC_TRUTH,sequence=2633907,truth_tick_us=5273415672,mechanical_angle_rad=2.646116972,valid=1,read_failures=0"
dengfoc,"SYNC_TRUTH,sequence=2633908,truth_tick_us=5273417672,mechanical_angle_rad=2.646116972,valid=1,read_failures=0"
dengfoc,"SYNC_TRUTH,sequence=2633909,truth_tick_us=5273419672,mechanical_angle_rad=2.646116972,valid=1,read_failures=0"
dengfoc,"SYNC_TRUTH,sequence=2633910,truth_tick_us=5273421672,mechanical_angle_rad=2.646116972,valid=1,read_failures=0"
dengfoc,"SYNC_TRUTH,sequence=2633911,truth_tick_us=5273423672,mechanical_angle_rad=2.646116972,valid=1,read_failures=0"
dengfoc,"SYNC_TRUTH,sequence=2633912,truth_tick_us=5273425672,mechanical_angle_rad=2.646116972,valid=1,read_failures=0"
dengfoc,"SYNC_TRUTH,sequence=2633913,truth_tick_us=5273427672,mechanical_angle_rad=2.646116972,valid=1,read_failures=0"
dengfoc,"SYNC_TRUTH,sequence=2633914,truth_tick_us=5273429672,mechanical_angle_rad=2.646116972,valid=1,read_failures=0"
dengfoc,"SYNC_TRUTH,sequence=2633915,truth_tick_us=5273431672,mechanical_angle_rad=2.646116972,valid=1,read_failures=0"
dengfoc,"SYNC_TRUTH,sequence=2633916,truth_tick_us=5273433672,mechanical_angle_rad=2.646116972,valid=1,read_failures=0"
dengfoc,"SYNC_TRUTH,sequence=2633917,truth_tick_us=5273435672,mechanical_angle_rad=2.646116972,valid=1,read_failures=0"
dengfoc,"SYNC_TRUTH,sequence=2633918,truth_tick_us=5273437672,mechanical_angle_rad=2.646116972,valid=1,read_failures=0"
dengfoc,"SYNC_TRUTH,sequence=2633919,truth_tick_us=5273439672,mechanical_angle_rad=2.646116972,valid=1,read_failures=0"
dengfoc,"SYNC_TRUTH,sequence=2633920,truth_tick_us=5273441672,mechanical_angle_rad=2.646116972,valid=1,read_failures=0"
dengfoc,"SYNC_TRUTH,sequence=2633921,truth_tick_us=5273443672,mechanical_angle_rad=2.646116972,valid=1,read_failures=0"
dengfoc,"SYNC_TRUTH,sequence=2633922,truth_tick_us=5273445672,mechanical_angle_rad=2.646116972,valid=1,read_failures=0"
dengfoc,"SYNC_TRUTH,sequence=2633923,truth_tick_us=5273447672,mechanical_angle_rad=2.646116972,valid=1,read_failures=0"
dengfoc,"SYNC_TRUTH,sequence=2633924,truth_tick_us=5273449672,mechanical_angle_rad=2.646116972,valid=1,read_failures=0"
dengfoc,"SYNC_TRUTH,sequence=2633925,truth_tick_us=5273451672,mechanical_angle_rad=2.646116972,valid=1,read_failures=0"
dengfoc,"SYNC_TRUTH,sequence=2633926,truth_tick_us=5273453672,mechanical_angle_rad=2.646116972,valid=1,read_failures=0"
dengfoc,"SYNC_TRUTH,sequence=2633927,truth_tick_us=5273455672,mechanical_angle_rad=2.646116972,valid=1,read_failures=0"
dengfoc,"SYNC_TRUTH,sequence=2633928,truth_tick_us=5273457672,mechanical_angle_rad=2.646116972,valid=1,read_failures=0"
dengfoc,"SYNC_TRUTH,sequence=2633929,truth_tick_us=5273459672,mechanical_angle_rad=2.646116972,valid=1,read_failures=0"
dengfoc,"SYNC_TRUTH,sequence=2633930,truth_tick_us=5273461672,mechanical_angle_rad=2.646116972,valid=1,read_failures=0"
dengfoc,"SYNC_TRUTH,sequence=2633931,truth_tick_us=5273463672,mechanical_angle_rad=2.646116972,valid=1,read_failures=0"
dengfoc,"SYNC_TRUTH,sequence=2633932,truth_tick_us=5273465672,mechanical_angle_rad=2.646116972,valid=1,read_failures=0"
dengfoc,"SYNC_TRUTH,sequence=2633933,truth_tick_us=5273467672,mechanical_angle_rad=2.646116972,valid=1,read_failures=0"
dengfoc,"SYNC_TRUTH,sequence=2633934,truth_tick_us=5273469672,mechanical_angle_rad=2.646116972,valid=1,read_failures=0"
dengfoc,"SYNC_TRUTH,sequence=2633935,truth_tick_us=5273471672,mechanical_angle_rad=2.646116972,valid=1,read_failures=0"
dengfoc,"SYNC_TRUTH,sequence=2633936,truth_tick_us=5273473672,mechanical_angle_rad=2.646116972,valid=1,read_failures=0"
dengfoc,"SYNC_TRUTH,sequence=2633937,truth_tick_us=5273475672,mechanical_angle_rad=2.646116972,valid=1,read_failures=0"
dengfoc,"SYNC_TRUTH,sequence=2633938,truth_tick_us=5273477672,mechanical_angle_rad=2.646116972,valid=1,read_failures=0"
dengfoc,"SYNC_TRUTH,sequence=2633939,truth_tick_us=5273479672,mechanical_angle_rad=2.646116972,valid=1,read_failures=0"
dengfoc,"SYNC_TRUTH,sequence=2633940,truth_tick_us=5273481672,mechanical_angle_rad=2.646116972,valid=1,read_failures=0"
dengfoc,"SYNC_TRUTH,sequence=2633941,truth_tick_us=5273483672,mechanical_angle_rad=2.646116972,valid=1,read_failures=0"
dengfoc,"SYNC_TRUTH,sequence=2633942,truth_tick_us=5273485672,mechanical_angle_rad=2.646116972,valid=1,read_failures=0"
dengfoc,"SYNC_TRUTH,sequence=2633943,truth_tick_us=5273487672,mechanical_angle_rad=2.646116972,valid=1,read_failures=0"
dengfoc,"SYNC_TRUTH,sequence=2633944,truth_tick_us=5273489672,mechanical_angle_rad=2.646116972,valid=1,read_failures=0"
dengfoc,"SYNC_TRUTH,sequence=2633945,truth_tick_us=5273491672,mechanical_angle_rad=2.646116972,valid=1,read_failures=0"
dengfoc,"SYNC_TRUTH,sequence=2633946,truth_tick_us=5273493672,mechanical_angle_rad=2.646116972,valid=1,read_failures=0"
dengfoc,"SYNC_TRUTH,sequence=2633947,truth_tick_us=5273495672,mechanical_angle_rad=2.646116972,valid=1,read_failures=0"
dengfoc,"SYNC_TRUTH,sequence=2633948,truth_tick_us=5273497672,mechanical_angle_rad=2.646116972,valid=1,read_failures=0"
dengfoc,"SYNC_TRUTH,sequence=2633949,truth_tick_us=5273499672,mechanical_angle_rad=2.646116972,valid=1,read_failures=0"
dengfoc,"SYNC_TRUTH,sequence=2633950,truth_tick_us=5273501672,mechanical_angle_rad=2.646116972,valid=1,read_failures=0"
dengfoc,"SYNC_TRUTH,sequence=2633951,truth_tick_us=5273503672,mechanical_angle_rad=2.646116972,valid=1,read_failures=0"
dengfoc,"SYNC_TRUTH,sequence=2633952,truth_tick_us=5273505672,mechanical_angle_rad=2.646116972,valid=1,read_failures=0"
dengfoc,"SYNC_TRUTH,sequence=2633953,truth_tick_us=5273507672,mechanical_angle_rad=2.646116972,valid=1,read_failures=0"
dengfoc,"SYNC_TRUTH,sequence=2633954,truth_tick_us=5273509672,mechanical_angle_rad=2.646116972,valid=1,read_failures=0"
dengfoc,"SYNC_TRUTH,sequence=2633955,truth_tick_us=5273511672,mechanical_angle_rad=2.646116972,valid=1,read_failures=0"
dengfoc,"SYNC_TRUTH,sequence=2633956,truth_tick_us=5273513672,mechanical_angle_rad=2.646116972,valid=1,read_failures=0"
dengfoc,"SYNC_TRUTH,sequence=2633957,truth_tick_us=5273515672,mechanical_angle_rad=2.646116972,valid=1,read_failures=0"
dengfoc,"SYNC_TRUTH,sequence=2633958,truth_tick_us=5273517672,mechanical_angle_rad=2.646116972,valid=1,read_failures=0"
dengfoc,"SYNC_TRUTH,sequence=2633959,truth_tick_us=5273519672,mechanical_angle_rad=2.646116972,valid=1,read_failures=0"
dengfoc,"SYNC_TRUTH,sequence=2633960,truth_tick_us=5273521672,mechanical_angle_rad=2.646116972,valid=1,read_failures=0"
dengfoc,"SYNC_TRUTH,sequence=2633961,truth_tick_us=5273523672,mechanical_angle_rad=2.646116972,valid=1,read_failures=0"
dengfoc,"SYNC_TRUTH,sequence=2633962,truth_tick_us=5273525672,mechanical_angle_rad=2.646116972,valid=1,read_failures=0"
dengfoc,"SYNC_TRUTH,sequence=2633963,truth_tick_us=5273527672,mechanical_angle_rad=2.646116972,valid=1,read_failures=0"
dengfoc,"SYNC_TRUTH,sequence=2633964,truth_tick_us=5273529672,mechanical_angle_rad=2.646116972,valid=1,read_failures=0"
g431,foc_stop
dengfoc,"SYNC_TRUTH,sequence=2633965,truth_tick_us=5273531672,mechanical_angle_rad=2.646116972,valid=1,read_failures=0"
g431,FSTOP
dengfoc,"SYNC_TRUTH,sequence=2633966,truth_tick_us=5273533672,mechanical_angle_rad=2.646116972,valid=1,read_failures=0"
g431,msh >
dengfoc,"SYNC_TRUTH,sequence=2633967,truth_tick_us=5273535672,mechanical_angle_rad=2.646116972,valid=1,read_failures=0"
dengfoc,"SYNC_TRUTH,sequence=2633968,truth_tick_us=5273537672,mechanical_angle_rad=2.646116972,valid=1,read_failures=0"
dengfoc,"SYNC_TRUTH,sequence=2633969,truth_tick_us=5273539672,mechanical_angle_rad=2.646116972,valid=1,read_failures=0"
dengfoc,"SYNC_TRUTH,sequence=2633970,truth_tick_us=5273541672,mechanical_angle_rad=2.646116972,valid=1,read_failures=0"
dengfoc,"SYNC_TRUTH,sequence=2633971,truth_tick_us=5273543672,mechanical_angle_rad=2.646116972,valid=1,read_failures=0"
dengfoc,"SYNC_TRUTH,sequence=2633972,truth_tick_us=5273545672,mechanical_angle_rad=2.646116972,valid=1,read_failures=0"
dengfoc,"SYNC_TRUTH,sequence=2633973,truth_tick_us=5273547672,mechanical_angle_rad=2.646116972,valid=1,read_failures=0"
dengfoc,"SYNC_TRUTH,sequence=2633974,truth_tick_us=5273549672,mechanical_angle_rad=2.646116972,valid=1,read_failures=0"
dengfoc,"SYNC_TRUTH,sequence=2633975,truth_tick_us=5273551672,mechanical_angle_rad=2.646116972,valid=1,read_failures=0"
dengfoc,"SYNC_TRUTH,sequence=2633976,truth_tick_us=5273553672,mechanical_angle_rad=2.646116972,valid=1,read_failures=0"
dengfoc,"SYNC_TRUTH,sequence=2633977,truth_tick_us=5273555672,mechanical_angle_rad=2.646116972,valid=1,read_failures=0"
dengfoc,"SYNC_TRUTH,sequence=2633978,truth_tick_us=5273557672,mechanical_angle_rad=2.646116972,valid=1,read_failures=0"
dengfoc,"SYNC_TRUTH,sequence=2633979,truth_tick_us=5273559672,mechanical_angle_rad=2.646116972,valid=1,read_failures=0"
dengfoc,"SYNC_TRUTH,sequence=2633980,truth_tick_us=5273561672,mechanical_angle_rad=2.646116972,valid=1,read_failures=0"
dengfoc,"SYNC_TRUTH,sequence=2633981,truth_tick_us=5273563672,mechanical_angle_rad=2.646116972,valid=1,read_failures=0"
g431,msh >
dengfoc,"SYNC_TRUTH,sequence=2633982,truth_tick_us=5273565672,mechanical_angle_rad=2.646116972,valid=1,read_failures=0"
dengfoc,"SYNC_TRUTH,sequence=2633983,truth_tick_us=5273567672,mechanical_angle_rad=2.646116972,valid=1,read_failures=0"
dengfoc,"SYNC_TRUTH,sequence=2633984,truth_tick_us=5273569672,mechanical_angle_rad=2.646116972,valid=1,read_failures=0"
dengfoc,"SYNC_TRUTH,sequence=2633985,truth_tick_us=5273571672,mechanical_angle_rad=2.646116972,valid=1,read_failures=0"
dengfoc,"SYNC_TRUTH,sequence=2633986,truth_tick_us=5273573672,mechanical_angle_rad=2.646116972,valid=1,read_failures=0"
dengfoc,"SYNC_TRUTH,sequence=2633987,truth_tick_us=5273575672,mechanical_angle_rad=2.646116972,valid=1,read_failures=0"
dengfoc,"SYNC_TRUTH,sequence=2633988,truth_tick_us=5273577672,mechanical_angle_rad=2.646116972,valid=1,read_failures=0"
dengfoc,"SYNC_TRUTH,sequence=2633989,truth_tick_us=5273579672,mechanical_angle_rad=2.646116972,valid=1,read_failures=0"
dengfoc,"SYNC_TRUTH,sequence=2633990,truth_tick_us=5273581672,mechanical_angle_rad=2.646116972,valid=1,read_failures=0"
dengfoc,"SYNC_TRUTH,sequence=2633991,truth_tick_us=5273583672,mechanical_angle_rad=2.646116972,valid=1,read_failures=0"
dengfoc,"SYNC_TRUTH,sequence=2633992,truth_tick_us=5273585672,mechanical_angle_rad=2.646116972,valid=1,read_failures=0"
dengfoc,"SYNC_TRUTH,sequence=2633993,truth_tick_us=5273587672,mechanical_angle_rad=2.646116972,valid=1,read_failures=0"
dengfoc,"SYNC_TRUTH,sequence=2633994,truth_tick_us=5273589672,mechanical_angle_rad=2.646116972,valid=1,read_failures=0"
dengfoc,"SYNC_TRUTH,sequence=2633995,truth_tick_us=5273591672,mechanical_angle_rad=2.646116972,valid=1,read_failures=0"
dengfoc,"SYNC_TRUTH,sequence=2633996,truth_tick_us=5273593672,mechanical_angle_rad=2.646116972,valid=1,read_failures=0"
dengfoc,"SYNC_TRUTH,sequence=2633997,truth_tick_us=5273595672,mechanical_angle_rad=2.646116972,valid=1,read_failures=0"
dengfoc,"SYNC_TRUTH,sequence=2633998,truth_tick_us=5273597672,mechanical_angle_rad=2.646116972,valid=1,read_failures=0"
dengfoc,"SYNC_TRUTH,sequence=2633999,truth_tick_us=5273599672,mechanical_angle_rad=2.646116972,valid=1,read_failures=0"
dengfoc,"SYNC_TRUTH,sequence=2634000,truth_tick_us=5273601672,mechanical_angle_rad=2.646116972,valid=1,read_failures=0"
dengfoc,"SYNC_TRUTH,sequence=2634001,truth_tick_us=5273603672,mechanical_angle_rad=2.646116972,valid=1,read_failures=0"
dengfoc,"SYNC_TRUTH,sequence=2634002,truth_tick_us=5273605672,mechanical_angle_rad=2.646116972,valid=1,read_failures=0"
dengfoc,"SYNC_TRUTH,sequence=2634003,truth_tick_us=5273607672,mechanical_angle_rad=2.646116972,valid=1,read_failures=0"
dengfoc,"SYNC_TRUTH,sequence=2634004,truth_tick_us=5273609672,mechanical_angle_rad=2.646116972,valid=1,read_failures=0"
dengfoc,"SYNC_TRUTH,sequence=2634005,truth_tick_us=5273611672,mechanical_angle_rad=2.646116972,valid=1,read_failures=0"
dengfoc,"SYNC_TRUTH,sequence=2634006,truth_tick_us=5273613672,mechanical_angle_rad=2.646116972,valid=1,read_failures=0"
dengfoc,"SYNC_TRUTH,sequence=2634007,truth_tick_us=5273615672,mechanical_angle_rad=2.646116972,valid=1,read_failures=0"
dengfoc,"SYNC_TRUTH,sequence=2634008,truth_tick_us=5273617672,mechanical_angle_rad=2.646116972,valid=1,read_failures=0"
dengfoc,"SYNC_TRUTH,sequence=2634009,truth_tick_us=5273619672,mechanical_angle_rad=2.646116972,valid=1,read_failures=0"
dengfoc,"SYNC_TRUTH,sequence=2634010,truth_tick_us=5273621672,mechanical_angle_rad=2.646116972,valid=1,read_failures=0"
dengfoc,"SYNC_TRUTH,sequence=2634011,truth_tick_us=5273623672,mechanical_angle_rad=2.646116972,valid=1,read_failures=0"
dengfoc,"SYNC_TRUTH,sequence=2634012,truth_tick_us=5273625672,mechanical_angle_rad=2.646116972,valid=1,read_failures=0"
dengfoc,"SYNC_TRUTH,sequence=2634013,truth_tick_us=5273627672,mechanical_angle_rad=2.646116972,valid=1,read_failures=0"
dengfoc,"SYNC_TRUTH,sequence=2634014,truth_tick_us=5273629672,mechanical_angle_rad=2.646116972,valid=1,read_failures=0"
dengfoc,"SYNC_TRUTH,sequence=2634015,truth_tick_us=5273631672,mechanical_angle_rad=2.646116972,valid=1,read_failures=0"
dengfoc,"SYNC_TRUTH,sequence=2634016,truth_tick_us=5273633672,mechanical_angle_rad=2.646116972,valid=1,read_failures=0"
dengfoc,"SYNC_TRUTH,sequence=2634017,truth_tick_us=5273635672,mechanical_angle_rad=2.646116972,valid=1,read_failures=0"
dengfoc,"SYNC_TRUTH,sequence=2634018,truth_tick_us=5273637672,mechanical_angle_rad=2.646116972,valid=1,read_failures=0"
dengfoc,"SYNC_TRUTH,sequence=2634019,truth_tick_us=5273639672,mechanical_angle_rad=2.646116972,valid=1,read_failures=0"
dengfoc,"SYNC_TRUTH,sequence=2634020,truth_tick_us=5273641672,mechanical_angle_rad=2.646116972,valid=1,read_failures=0"
dengfoc,"SYNC_TRUTH,sequence=2634021,truth_tick_us=5273643672,mechanical_angle_rad=2.646116972,valid=1,read_failures=0"
dengfoc,"SYNC_TRUTH,sequence=2634022,truth_tick_us=5273645672,mechanical_angle_rad=2.646116972,valid=1,read_failures=0"
dengfoc,"SYNC_TRUTH,sequence=2634023,truth_tick_us=5273647672,mechanical_angle_rad=2.646116972,valid=1,read_failures=0"
dengfoc,"SYNC_TRUTH,sequence=2634024,truth_tick_us=5273649672,mechanical_angle_rad=2.646116972,valid=1,read_failures=0"
dengfoc,"SYNC_TRUTH,sequence=2634025,truth_tick_us=5273651672,mechanical_angle_rad=2.646116972,valid=1,read_failures=0"
dengfoc,"SYNC_TRUTH,sequence=2634026,truth_tick_us=5273653672,mechanical_angle_rad=2.646116972,valid=1,read_failures=0"
dengfoc,"SYNC_TRUTH,sequence=2634027,truth_tick_us=5273655672,mechanical_angle_rad=2.646116972,valid=1,read_failures=0"
dengfoc,"SYNC_TRUTH,sequence=2634028,truth_tick_us=5273657672,mechanical_angle_rad=2.646116972,valid=1,read_failures=0"
dengfoc,"SYNC_TRUTH,sequence=2634029,truth_tick_us=5273659672,mechanical_angle_rad=2.646116972,valid=1,read_failures=0"
dengfoc,"SYNC_TRUTH,sequence=2634030,truth_tick_us=5273661672,mechanical_angle_rad=2.646116972,valid=1,read_failures=0"
dengfoc,"SYNC_TRUTH,sequence=2634031,truth_tick_us=5273663672,mechanical_angle_rad=2.646116972,valid=1,read_failures=0"
dengfoc,"SYNC_TRUTH,sequence=2634032,truth_tick_us=5273665672,mechanical_angle_rad=2.646116972,valid=1,read_failures=0"
dengfoc,"SYNC_TRUTH,sequence=2634033,truth_tick_us=5273667672,mechanical_angle_rad=2.646116972,valid=1,read_failures=0"
dengfoc,"SYNC_TRUTH,sequence=2634034,truth_tick_us=5273669672,mechanical_angle_rad=2.646116972,valid=1,read_failures=0"
dengfoc,"SYNC_TRUTH,sequence=2634035,truth_tick_us=5273671672,mechanical_angle_rad=2.646116972,valid=1,read_failures=0"
dengfoc,"SYNC_TRUTH,sequence=2634036,truth_tick_us=5273673672,mechanical_angle_rad=2.646116972,valid=1,read_failures=0"
dengfoc,"SYNC_TRUTH,sequence=2634037,truth_tick_us=5273675672,mechanical_angle_rad=2.646116972,valid=1,read_failures=0"
dengfoc,"SYNC_TRUTH,sequence=2634038,truth_tick_us=5273677672,mechanical_angle_rad=2.646116972,valid=1,read_failures=0"
dengfoc,"SYNC_TRUTH,sequence=2634039,truth_tick_us=5273679672,mechanical_angle_rad=2.646116972,valid=1,read_failures=0"
dengfoc,"SYNC_TRUTH,sequence=2634040,truth_tick_us=5273681672,mechanical_angle_rad=2.646116972,valid=1,read_failures=0"
dengfoc,"SYNC_TRUTH,sequence=2634041,truth_tick_us=5273683672,mechanical_angle_rad=2.646116972,valid=1,read_failures=0"
dengfoc,"SYNC_TRUTH,sequence=2634042,truth_tick_us=5273685672,mechanical_angle_rad=2.646116972,valid=1,read_failures=0"
dengfoc,"SYNC_TRUTH,sequence=2634043,truth_tick_us=5273687672,mechanical_angle_rad=2.646116972,valid=1,read_failures=0"
dengfoc,"SYNC_TRUTH,sequence=2634044,truth_tick_us=5273689672,mechanical_angle_rad=2.646116972,valid=1,read_failures=0"
dengfoc,"SYNC_TRUTH,sequence=2634045,truth_tick_us=5273691672,mechanical_angle_rad=2.646116972,valid=1,read_failures=0"
dengfoc,"SYNC_TRUTH,sequence=2634046,truth_tick_us=5273693672,mechanical_angle_rad=2.646116972,valid=1,read_failures=0"
dengfoc,"SYNC_TRUTH,sequence=2634047,truth_tick_us=5273695672,mechanical_angle_rad=2.646116972,valid=1,read_failures=0"
g431,"foALV,0000231f,661496,0,0,387"
dengfoc,"SYNC_TRUTH,sequence=2634048,truth_tick_us=5273697672,mechanical_angle_rad=2.646116972,valid=1,read_failures=0"
dengfoc,"SYNC_TRUTH,sequence=2634049,truth_tick_us=5273699672,mechanical_angle_rad=2.646116972,valid=1,read_failures=0"
dengfoc,"SYNC_TRUTH,sequence=2634050,truth_tick_us=5273701672,mechanical_angle_rad=2.646116972,valid=1,read_failures=0"
dengfoc,"SYNC_TRUTH,sequence=2634051,truth_tick_us=5273703672,mechanical_angle_rad=2.646116972,valid=1,read_failures=0"
dengfoc,"SYNC_TRUTH,sequence=2634052,truth_tick_us=5273705672,mechanical_angle_rad=2.646116972,valid=1,read_failures=0"
dengfoc,"SYNC_TRUTH,sequence=2634053,truth_tick_us=5273707672,mechanical_angle_rad=2.646116972,valid=1,read_failures=0"
dengfoc,"SYNC_TRUTH,sequence=2634054,truth_tick_us=5273709672,mechanical_angle_rad=2.646116972,valid=1,read_failures=0"
dengfoc,"SYNC_TRUTH,sequence=2634055,truth_tick_us=5273711672,mechanical_angle_rad=2.646116972,valid=1,read_failures=0"
dengfoc,"SYNC_TRUTH,sequence=2634056,truth_tick_us=5273713672,mechanical_angle_rad=2.646116972,valid=1,read_failures=0"
dengfoc,"SYNC_TRUTH,sequence=2634057,truth_tick_us=5273715672,mechanical_angle_rad=2.646116972,valid=1,read_failures=0"
dengfoc,"SYNC_TRUTH,sequence=2634058,truth_tick_us=5273717672,mechanical_angle_rad=2.646116972,valid=1,read_failures=0"
dengfoc,"SYNC_TRUTH,sequence=2634059,truth_tick_us=5273719672,mechanical_angle_rad=2.646116972,valid=1,read_failures=0"
dengfoc,"SYNC_TRUTH,sequence=2634060,truth_tick_us=5273721672,mechanical_angle_rad=2.646116972,valid=1,read_failures=0"
g431,c_status
dengfoc,"SYNC_TRUTH,sequence=2634061,truth_tick_us=5273723672,mechanical_angle_rad=2.646116972,valid=1,read_failures=0"
dengfoc,"SYNC_TRUTH,sequence=2634062,truth_tick_us=5273725672,mechanical_angle_rad=2.646116972,valid=1,read_failures=0"
g431,"FSTAT,disabled,rust-smo-pll,0,0,0,0"
dengfoc,"SYNC_TRUTH,sequence=2634063,truth_tick_us=5273727672,mechanical_angle_rad=2.646116972,valid=1,read_failures=0"
g431,"FSTAT,iref=0/0,i=0/0,v=0/0"
dengfoc,"SYNC_TRUTH,sequence=2634064,truth_tick_us=5273729672,mechanical_angle_rad=2.646116972,valid=1,read_failures=0"
g431,"FOBS,0/0,0,0/0,00,0,0/0,0"
dengfoc,"SYNC_TRUTH,sequence=2634065,truth_tick_us=5273731672,mechanical_angle_rad=2.646116972,valid=1,read_failures=0"
dengfoc,"SYNC_TRUTH,sequence=2634066,truth_tick_us=5273733672,mechanical_angle_rad=2.646116972,valid=1,read_failures=0"
dengfoc,"SYNC_TRUTH,sequence=2634067,truth_tick_us=5273735672,mechanical_angle_rad=2.646116972,valid=1,read_failures=0"
g431,FOC f=0000231f s=0 e=0 ISR=0/12750 miss=0 pk=0(0mA)
dengfoc,"SYNC_TRUTH,sequence=2634068,truth_tick_us=5273737672,mechanical_angle_rad=2.646116972,valid=1,read_failures=0"
dengfoc,"SYNC_TRUTH,sequence=2634069,truth_tick_us=5273739672,mechanical_angle_rad=2.646116972,valid=1,read_failures=0"
g431,"FTIMING,2,0,0,0,0,0,0,0,0,0,0,0,0,12750,0,0,0,8991,0,0,0"
dengfoc,"SYNC_TRUTH,sequence=2634070,truth_tick_us=5273741672,mechanical_angle_rad=2.646116972,valid=1,read_failures=0"
dengfoc,"SYNC_TRUTH,sequence=2634071,truth_tick_us=5273743672,mechanical_angle_rad=2.646116972,valid=1,read_failures=0"
g431,FOC st=0 rf=00000000 duty=0/0/0
dengfoc,"SYNC_TRUTH,sequence=2634072,truth_tick_us=5273745672,mechanical_angle_rad=2.646116972,valid=1,read_failures=0"
dengfoc,"SYNC_TRUTH,sequence=2634073,truth_tick_us=5273747672,mechanical_angle_rad=2.646116972,valid=1,read_failures=0"
g431,"FFAULT,00000000,00000000,0,0,ARM,0,0000"
dengfoc,"SYNC_TRUTH,sequence=2634074,truth_tick_us=5273749672,mechanical_angle_rad=2.646116972,valid=1,read_failures=0"
dengfoc,"SYNC_TRUTH,sequence=2634075,truth_tick_us=5273751672,mechanical_angle_rad=2.646116972,valid=1,read_failures=0"
g431,"FPROF,0,6,43116001,28041007,00,1e9d6f9b,3fa513b6"
dengfoc,"SYNC_TRUTH,sequence=2634076,truth_tick_us=5273753672,mechanical_angle_rad=2.646116972,valid=1,read_failures=0"
dengfoc,"SYNC_TRUTH,sequence=2634077,truth_tick_us=5273755672,mechanical_angle_rad=2.646116972,valid=1,read_failures=0"
g431,"FADC,1951/1934/1952,1951/1933/1953,30,387,2054"
g431,msh >
dengfoc,"SYNC_TRUTH,sequence=2634078,truth_tick_us=5273757672,mechanical_angle_rad=2.646116972,valid=1,read_failures=0"
dengfoc,"SYNC_TRUTH,sequence=2634079,truth_tick_us=5273759672,mechanical_angle_rad=2.646116972,valid=1,read_failures=0"
dengfoc,"SYNC_TRUTH,sequence=2634080,truth_tick_us=5273761672,mechanical_angle_rad=2.646116972,valid=1,read_failures=0"
dengfoc,"SYNC_TRUTH,sequence=2634081,truth_tick_us=5273763672,mechanical_angle_rad=2.646116972,valid=1,read_failures=0"
dengfoc,"SYNC_TRUTH,sequence=2634082,truth_tick_us=5273765672,mechanical_angle_rad=2.646116972,valid=1,read_failures=0"
dengfoc,"SYNC_TRUTH,sequence=2634083,truth_tick_us=5273767672,mechanical_angle_rad=2.646116972,valid=1,read_failures=0"
dengfoc,"SYNC_TRUTH,sequence=2634084,truth_tick_us=5273769672,mechanical_angle_rad=2.646116972,valid=1,read_failures=0"
dengfoc,"SYNC_TRUTH,sequence=2634085,truth_tick_us=5273771672,mechanical_angle_rad=2.646116972,valid=1,read_failures=0"
dengfoc,"SYNC_TRUTH,sequence=2634086,truth_tick_us=5273773672,mechanical_angle_rad=2.646116972,valid=1,read_failures=0"
dengfoc,"SYNC_TRUTH,sequence=2634087,truth_tick_us=5273775672,mechanical_angle_rad=2.646116972,valid=1,read_failures=0"
dengfoc,"SYNC_TRUTH,sequence=2634088,truth_tick_us=5273777672,mechanical_angle_rad=2.646116972,valid=1,read_failures=0"
dengfoc,"SYNC_TRUTH,sequence=2634089,truth_tick_us=5273779672,mechanical_angle_rad=2.646116972,valid=1,read_failures=0"
dengfoc,"SYNC_TRUTH,sequence=2634090,truth_tick_us=5273781672,mechanical_angle_rad=2.646116972,valid=1,read_failures=0"
g431,msh >
dengfoc,"SYNC_TRUTH,sequence=2634091,truth_tick_us=5273783672,mechanical_angle_rad=2.646116972,valid=1,read_failures=0"
dengfoc,"SYNC_TRUTH,sequence=2634092,truth_tick_us=5273785672,mechanical_angle_rad=2.646116972,valid=1,read_failures=0"
dengfoc,"SYNC_TRUTH,sequence=2634093,truth_tick_us=5273787672,mechanical_angle_rad=2.646116972,valid=1,read_failures=0"
dengfoc,"SYNC_TRUTH,sequence=2634094,truth_tick_us=5273789672,mechanical_angle_rad=2.646116972,valid=1,read_failures=0"
dengfoc,"SYNC_TRUTH,sequence=2634095,truth_tick_us=5273791672,mechanical_angle_rad=2.646116972,valid=1,read_failures=0"
dengfoc,"SYNC_TRUTH,sequence=2634096,truth_tick_us=5273793672,mechanical_angle_rad=2.646116972,valid=1,read_failures=0"
dengfoc,"SYNC_TRUTH,sequence=2634097,truth_tick_us=5273795672,mechanical_angle_rad=2.646116972,valid=1,read_failures=0"
dengfoc,"SYNC_TRUTH,sequence=2634098,truth_tick_us=5273797672,mechanical_angle_rad=2.646116972,valid=1,read_failures=0"
dengfoc,"SYNC_TRUTH,sequence=2634099,truth_tick_us=5273799672,mechanical_angle_rad=2.646116972,valid=1,read_failures=0"
dengfoc,"SYNC_TRUTH,sequence=2634100,truth_tick_us=5273801672,mechanical_angle_rad=2.646116972,valid=1,read_failures=0"
dengfoc,"SYNC_TRUTH,sequence=2634101,truth_tick_us=5273803672,mechanical_angle_rad=2.646116972,valid=1,read_failures=0"
dengfoc,"SYNC_TRUTH,sequence=2634102,truth_tick_us=5273805672,mechanical_angle_rad=2.646116972,valid=1,read_failures=0"
dengfoc,"SYNC_TRUTH,sequence=2634103,truth_tick_us=5273807672,mechanical_angle_rad=2.646116972,valid=1,read_failures=0"
dengfoc,"SYNC_TRUTH,sequence=2634104,truth_tick_us=5273809672,mechanical_angle_rad=2.646116972,valid=1,read_failures=0"
dengfoc,"SYNC_TRUTH,sequence=2634105,truth_tick_us=5273811672,mechanical_angle_rad=2.646116972,valid=1,read_failures=0"
dengfoc,"SYNC_TRUTH,sequence=2634106,truth_tick_us=5273813672,mechanical_angle_rad=2.646116972,valid=1,read_failures=0"
dengfoc,"SYNC_TRUTH,sequence=2634107,truth_tick_us=5273815672,mechanical_angle_rad=2.646116972,valid=1,read_failures=0"
dengfoc,"SYNC_TRUTH,sequence=2634108,truth_tick_us=5273817672,mechanical_angle_rad=2.646116972,valid=1,read_failures=0"
dengfoc,"SYNC_TRUTH,sequence=2634109,truth_tick_us=5273819672,mechanical_angle_rad=2.646116972,valid=1,read_failures=0"
dengfoc,"SYNC_TRUTH,sequence=2634110,truth_tick_us=5273821672,mechanical_angle_rad=2.646116972,valid=1,read_failures=0"
dengfoc,"SYNC_TRUTH,sequence=2634111,truth_tick_us=5273823672,mechanical_angle_rad=2.646116972,valid=1,read_failures=0"
dengfoc,"SYNC_TRUTH,sequence=2634112,truth_tick_us=5273825672,mechanical_angle_rad=2.646116972,valid=1,read_failures=0"
dengfoc,"SYNC_TRUTH,sequence=2634113,truth_tick_us=5273827672,mechanical_angle_rad=2.646116972,valid=1,read_failures=0"
dengfoc,"SYNC_TRUTH,sequence=2634114,truth_tick_us=5273829672,mechanical_angle_rad=2.646116972,valid=1,read_failures=0"
dengfoc,"SYNC_TRUTH,sequence=2634115,truth_tick_us=5273831672,mechanical_angle_rad=2.646116972,valid=1,read_failures=0"
dengfoc,"SYNC_TRUTH,sequence=2634116,truth_tick_us=5273833672,mechanical_angle_rad=2.646116972,valid=1,read_failures=0"
dengfoc,"SYNC_TRUTH,sequence=2634117,truth_tick_us=5273835672,mechanical_angle_rad=2.646116972,valid=1,read_failures=0"
dengfoc,"SYNC_TRUTH,sequence=2634118,truth_tick_us=5273837672,mechanical_angle_rad=2.646116972,valid=1,read_failures=0"
dengfoc,"SYNC_TRUTH,sequence=2634119,truth_tick_us=5273839672,mechanical_angle_rad=2.646116972,valid=1,read_failures=0"
dengfoc,"SYNC_TRUTH,sequence=2634120,truth_tick_us=5273841672,mechanical_angle_rad=2.646116972,valid=1,read_failures=0"
dengfoc,"SYNC_TRUTH,sequence=2634121,truth_tick_us=5273843672,mechanical_angle_rad=2.646116972,valid=1,read_failures=0"
dengfoc,"SYNC_TRUTH,sequence=2634122,truth_tick_us=5273845672,mechanical_angle_rad=2.646116972,valid=1,read_failures=0"
dengfoc,"SYNC_TRUTH,sequence=2634123,truth_tick_us=5273847672,mechanical_angle_rad=2.646116972,valid=1,read_failures=0"
dengfoc,"SYNC_TRUTH,sequence=2634124,truth_tick_us=5273849672,mechanical_angle_rad=2.646116972,valid=1,read_failures=0"
dengfoc,"SYNC_TRUTH,sequence=2634125,truth_tick_us=5273851672,mechanical_angle_rad=2.646116972,valid=1,read_failures=0"
dengfoc,"SYNC_TRUTH,sequence=2634126,truth_tick_us=5273853672,mechanical_angle_rad=2.646116972,valid=1,read_failures=0"
dengfoc,"SYNC_TRUTH,sequence=2634127,truth_tick_us=5273855672,mechanical_angle_rad=2.646116972,valid=1,read_failures=0"
dengfoc,"SYNC_TRUTH,sequence=2634128,truth_tick_us=5273857672,mechanical_angle_rad=2.646116972,valid=1,read_failures=0"
dengfoc,"SYNC_TRUTH,sequence=2634129,truth_tick_us=5273859672,mechanical_angle_rad=2.646116972,valid=1,read_failures=0"
dengfoc,"SYNC_TRUTH,sequence=2634130,truth_tick_us=5273861672,mechanical_angle_rad=2.646116972,valid=1,read_failures=0"
dengfoc,"SYNC_TRUTH,sequence=2634131,truth_tick_us=5273863672,mechanical_angle_rad=2.646116972,valid=1,read_failures=0"
dengfoc,"SYNC_TRUTH,sequence=2634132,truth_tick_us=5273865672,mechanical_angle_rad=2.646116972,valid=1,read_failures=0"
dengfoc,"SYNC_TRUTH,sequence=2634133,truth_tick_us=5273867672,mechanical_angle_rad=2.646116972,valid=1,read_failures=0"
dengfoc,"SYNC_TRUTH,sequence=2634134,truth_tick_us=5273869672,mechanical_angle_rad=2.646116972,valid=1,read_failures=0"
dengfoc,"SYNC_TRUTH,sequence=2634135,truth_tick_us=5273871672,mechanical_angle_rad=2.646116972,valid=1,read_failures=0"
dengfoc,"SYNC_TRUTH,sequence=2634136,truth_tick_us=5273873672,mechanical_angle_rad=2.646116972,valid=1,read_failures=0"
dengfoc,"SYNC_TRUTH,sequence=2634137,truth_tick_us=5273875672,mechanical_angle_rad=2.646116972,valid=1,read_failures=0"
dengfoc,"SYNC_TRUTH,sequence=2634138,truth_tick_us=5273877672,mechanical_angle_rad=2.646116972,valid=1,read_failures=0"
dengfoc,"SYNC_TRUTH,sequence=2634139,truth_tick_us=5273879672,mechanical_angle_rad=2.646116972,valid=1,read_failures=0"
dengfoc,"SYNC_TRUTH,sequence=2634140,truth_tick_us=5273881672,mechanical_angle_rad=2.646116972,valid=1,read_failures=0"
dengfoc,"SYNC_TRUTH,sequence=2634141,truth_tick_us=5273883672,mechanical_angle_rad=2.646116972,valid=1,read_failures=0"
dengfoc,"SYNC_TRUTH,sequence=2634142,truth_tick_us=5273885672,mechanical_angle_rad=2.646116972,valid=1,read_failures=0"
dengfoc,"SYNC_TRUTH,sequence=2634143,truth_tick_us=5273887672,mechanical_angle_rad=2.646116972,valid=1,read_failures=0"
dengfoc,"SYNC_TRUTH,sequence=2634144,truth_tick_us=5273889672,mechanical_angle_rad=2.646116972,valid=1,read_failures=0"
dengfoc,"SYNC_TRUTH,sequence=2634145,truth_tick_us=5273891672,mechanical_angle_rad=2.646116972,valid=1,read_failures=0"
dengfoc,"SYNC_TRUTH,sequence=2634146,truth_tick_us=5273893672,mechanical_angle_rad=2.646116972,valid=1,read_failures=0"
dengfoc,"SYNC_TRUTH,sequence=2634147,truth_tick_us=5273895672,mechanical_angle_rad=2.646116972,valid=1,read_failures=0"
dengfoc,"SYNC_TRUTH,sequence=2634148,truth_tick_us=5273897672,mechanical_angle_rad=2.646116972,valid=1,read_failures=0"
dengfoc,"SYNC_TRUTH,sequence=2634149,truth_tick_us=5273899672,mechanical_angle_rad=2.646116972,valid=1,read_failures=0"
dengfoc,"SYNC_TRUTH,sequence=2634150,truth_tick_us=5273901672,mechanical_angle_rad=2.646116972,valid=1,read_failures=0"
dengfoc,"SYNC_TRUTH,sequence=2634151,truth_tick_us=5273903672,mechanical_angle_rad=2.646116972,valid=1,read_failures=0"
dengfoc,"SYNC_TRUTH,sequence=2634152,truth_tick_us=5273905672,mechanical_angle_rad=2.646116972,valid=1,read_failures=0"
dengfoc,"SYNC_TRUTH,sequence=2634153,truth_tick_us=5273907672,mechanical_angle_rad=2.646116972,valid=1,read_failures=0"
dengfoc,"SYNC_TRUTH,sequence=2634154,truth_tick_us=5273909672,mechanical_angle_rad=2.646116972,valid=1,read_failures=0"
dengfoc,"SYNC_TRUTH,sequence=2634155,truth_tick_us=5273911672,mechanical_angle_rad=2.646116972,valid=1,read_failures=0"
dengfoc,"SYNC_TRUTH,sequence=2634156,truth_tick_us=5273913672,mechanical_angle_rad=2.646116972,valid=1,read_failures=0"
dengfoc,"SYNC_TRUTH,sequence=2634157,truth_tick_us=5273915672,mechanical_angle_rad=2.646116972,valid=1,read_failures=0"
dengfoc,"SYNC_TRUTH,sequence=2634158,truth_tick_us=5273917672,mechanical_angle_rad=2.646116972,valid=1,read_failures=0"
dengfoc,"SYNC_TRUTH,sequence=2634159,truth_tick_us=5273919672,mechanical_angle_rad=2.646116972,valid=1,read_failures=0"
dengfoc,"SYNC_TRUTH,sequence=2634160,truth_tick_us=5273921672,mechanical_angle_rad=2.646116972,valid=1,read_failures=0"
dengfoc,"SYNC_TRUTH,sequence=2634161,truth_tick_us=5273923672,mechanical_angle_rad=2.646116972,valid=1,read_failures=0"
dengfoc,"SYNC_TRUTH,sequence=2634162,truth_tick_us=5273925672,mechanical_angle_rad=2.646116972,valid=1,read_failures=0"
dengfoc,"SYNC_TRUTH,sequence=2634163,truth_tick_us=5273927672,mechanical_angle_rad=2.646116972,valid=1,read_failures=0"
dengfoc,"SYNC_TRUTH,sequence=2634164,truth_tick_us=5273929672,mechanical_angle_rad=2.646116972,valid=1,read_failures=0"
dengfoc,"SYNC_TRUTH,sequence=2634165,truth_tick_us=5273931672,mechanical_angle_rad=2.646116972,valid=1,read_failures=0"
dengfoc,"SYNC_TRUTH,sequence=2634166,truth_tick_us=5273933672,mechanical_angle_rad=2.646116972,valid=1,read_failures=0"
dengfoc,"SYNC_TRUTH,sequence=2634167,truth_tick_us=5273935672,mechanical_angle_rad=2.646116972,valid=1,read_failures=0"
dengfoc,"SYNC_TRUTH,sequence=2634168,truth_tick_us=5273937672,mechanical_angle_rad=2.646116972,valid=1,read_failures=0"
dengfoc,"SYNC_TRUTH,sequence=2634169,truth_tick_us=5273939672,mechanical_angle_rad=2.646116972,valid=1,read_failures=0"
dengfoc,"SYNC_TRUTH,sequence=2634170,truth_tick_us=5273941672,mechanical_angle_rad=2.646116972,valid=1,read_failures=0"
dengfoc,"SYNC_TRUTH,sequence=2634171,truth_tick_us=5273943672,mechanical_angle_rad=2.646116972,valid=1,read_failures=0"
dengfoc,"SYNC_TRUTH,sequence=2634172,truth_tick_us=5273945672,mechanical_angle_rad=2.646116972,valid=1,read_failures=0"
dengfoc,"SYNC_TRUTH,sequence=2634173,truth_tick_us=5273947672,mechanical_angle_rad=2.646116972,valid=1,read_failures=0"
dengfoc,"SYNC_TRUTH,sequence=2634174,truth_tick_us=5273949672,mechanical_angle_rad=2.646116972,valid=1,read_failures=0"
dengfoc,"SYNC_TRUTH,sequence=2634175,truth_tick_us=5273951672,mechanical_angle_rad=2.646116972,valid=1,read_failures=0"
dengfoc,"SYNC_TRUTH,sequence=2634176,truth_tick_us=5273953672,mechanical_angle_rad=2.646116972,valid=1,read_failures=0"
dengfoc,"SYNC_TRUTH,sequence=2634177,truth_tick_us=5273955672,mechanical_angle_rad=2.646116972,valid=1,read_failures=0"
dengfoc,"SYNC_TRUTH,sequence=2634178,truth_tick_us=5273957672,mechanical_angle_rad=2.646116972,valid=1,read_failures=0"
dengfoc,"SYNC_TRUTH,sequence=2634179,truth_tick_us=5273959672,mechanical_angle_rad=2.646116972,valid=1,read_failures=0"
dengfoc,"SYNC_TRUTH,sequence=2634180,truth_tick_us=5273961672,mechanical_angle_rad=2.646116972,valid=1,read_failures=0"
dengfoc,"SYNC_TRUTH,sequence=2634181,truth_tick_us=5273963672,mechanical_angle_rad=2.646116972,valid=1,read_failures=0"
dengfoc,"SYNC_TRUTH,sequence=2634182,truth_tick_us=5273965672,mechanical_angle_rad=2.646116972,valid=1,read_failures=0"
dengfoc,"SYNC_TRUTH,sequence=2634183,truth_tick_us=5273967672,mechanical_angle_rad=2.646116972,valid=1,read_failures=0"
dengfoc,"SYNC_TRUTH,sequence=2634184,truth_tick_us=5273969672,mechanical_angle_rad=2.646116972,valid=1,read_failures=0"
dengfoc,"SYNC_TRUTH,sequence=2634185,truth_tick_us=5273971672,mechanical_angle_rad=2.646116972,valid=1,read_failures=0"
dengfoc,"SYNC_TRUTH,sequence=2634186,truth_tick_us=5273973672,mechanical_angle_rad=2.646116972,valid=1,read_failures=0"
dengfoc,"SYNC_TRUTH,sequence=2634187,truth_tick_us=5273975672,mechanical_angle_rad=2.646116972,valid=1,read_failures=0"
dengfoc,"SYNC_TRUTH,sequence=2634188,truth_tick_us=5273977672,mechanical_angle_rad=2.646116972,valid=1,read_failures=0"
dengfoc,"SYNC_TRUTH,sequence=2634189,truth_tick_us=5273979672,mechanical_angle_rad=2.646116972,valid=1,read_failures=0"
dengfoc,"SYNC_TRUTH,sequence=2634190,truth_tick_us=5273981672,mechanical_angle_rad=2.646116972,valid=1,read_failures=0"
dengfoc,"SYNC_TRUTH,sequence=2634191,truth_tick_us=5273983672,mechanical_angle_rad=2.646116972,valid=1,read_failures=0"
dengfoc,"SYNC_TRUTH,sequence=2634192,truth_tick_us=5273985672,mechanical_angle_rad=2.646116972,valid=1,read_failures=0"
dengfoc,"SYNC_TRUTH,sequence=2634193,truth_tick_us=5273987672,mechanical_angle_rad=2.646116972,valid=1,read_failures=0"
dengfoc,"SYNC_TRUTH,sequence=2634194,truth_tick_us=5273989672,mechanical_angle_rad=2.646116972,valid=1,read_failures=0"
dengfoc,"SYNC_TRUTH,sequence=2634195,truth_tick_us=5273991672,mechanical_angle_rad=2.646116972,valid=1,read_failures=0"
dengfoc,"SYNC_TRUTH,sequence=2634196,truth_tick_us=5273993672,mechanical_angle_rad=2.646116972,valid=1,read_failures=0"
dengfoc,"SYNC_TRUTH,sequence=2634197,truth_tick_us=5273995672,mechanical_angle_rad=2.646116972,valid=1,read_failures=0"
dengfoc,"SYNC_TRUTH,sequence=2634198,truth_tick_us=5273997672,mechanical_angle_rad=2.646116972,valid=1,read_failures=0"
dengfoc,"SYNC_TRUTH,sequence=2634199,truth_tick_us=5273999672,mechanical_angle_rad=2.646116972,valid=1,read_failures=0"
dengfoc,"SYNC_TRUTH,sequence=2634200,truth_tick_us=5274001672,mechanical_angle_rad=2.646116972,valid=1,read_failures=0"
dengfoc,"SYNC_TRUTH,sequence=2634201,truth_tick_us=5274003672,mechanical_angle_rad=2.646116972,valid=1,read_failures=0"
dengfoc,"SYNC_TRUTH,sequence=2634202,truth_tick_us=5274005672,mechanical_angle_rad=2.646116972,valid=1,read_failures=0"
dengfoc,"SYNC_TRUTH,sequence=2634203,truth_tick_us=5274007672,mechanical_angle_rad=2.646116972,valid=1,read_failures=0"
dengfoc,"SYNC_TRUTH,sequence=2634204,truth_tick_us=5274009672,mechanical_angle_rad=2.646116972,valid=1,read_failures=0"
dengfoc,"SYNC_TRUTH,sequence=2634205,truth_tick_us=5274011672,mechanical_angle_rad=2.646116972,valid=1,read_failures=0"
dengfoc,"SYNC_TRUTH,sequence=2634206,truth_tick_us=5274013672,mechanical_angle_rad=2.646116972,valid=1,read_failures=0"
dengfoc,"SYNC_TRUTH,sequence=2634207,truth_tick_us=5274015672,mechanical_angle_rad=2.646116972,valid=1,read_failures=0"
dengfoc,"SYNC_TRUTH,sequence=2634208,truth_tick_us=5274017672,mechanical_angle_rad=2.646116972,valid=1,read_failures=0"
dengfoc,"SYNC_TRUTH,sequence=2634209,truth_tick_us=5274019672,mechanical_angle_rad=2.646116972,valid=1,read_failures=0"
dengfoc,"SYNC_TRUTH,sequence=2634210,truth_tick_us=5274021672,mechanical_angle_rad=2.646116972,valid=1,read_failures=0"
dengfoc,"SYNC_TRUTH,sequence=2634211,truth_tick_us=5274023672,mechanical_angle_rad=2.646116972,valid=1,read_failures=0"
dengfoc,"SYNC_TRUTH,sequence=2634212,truth_tick_us=5274025672,mechanical_angle_rad=2.646116972,valid=1,read_failures=0"
dengfoc,"SYNC_TRUTH,sequence=2634213,truth_tick_us=5274027672,mechanical_angle_rad=2.646116972,valid=1,read_failures=0"
dengfoc,"SYNC_TRUTH,sequence=2634214,truth_tick_us=5274029672,mechanical_angle_rad=2.646116972,valid=1,read_failures=0"
dengfoc,"SYNC_TRUTH,sequence=2634215,truth_tick_us=5274031672,mechanical_angle_rad=2.646116972,valid=1,read_failures=0"
dengfoc,"SYNC_TRUTH,sequence=2634216,truth_tick_us=5274033672,mechanical_angle_rad=2.646116972,valid=1,read_failures=0"
dengfoc,"SYNC_TRUTH,sequence=2634217,truth_tick_us=5274035672,mechanical_angle_rad=2.646116972,valid=1,read_failures=0"
dengfoc,"SYNC_TRUTH,sequence=2634218,truth_tick_us=5274037672,mechanical_angle_rad=2.646116972,valid=1,read_failures=0"
dengfoc,"SYNC_TRUTH,sequence=2634219,truth_tick_us=5274039672,mechanical_angle_rad=2.646116972,valid=1,read_failures=0"
dengfoc,"SYNC_TRUTH,sequence=2634220,truth_tick_us=5274041672,mechanical_angle_rad=2.646116972,valid=1,read_failures=0"
dengfoc,"SYNC_TRUTH,sequence=2634221,truth_tick_us=5274043672,mechanical_angle_rad=2.646116972,valid=1,read_failures=0"
dengfoc,"SYNC_TRUTH,sequence=2634222,truth_tick_us=5274045672,mechanical_angle_rad=2.646116972,valid=1,read_failures=0"
dengfoc,"SYNC_TRUTH,sequence=2634223,truth_tick_us=5274047672,mechanical_angle_rad=2.646116972,valid=1,read_failures=0"
dengfoc,"SYNC_TRUTH,sequence=2634224,truth_tick_us=5274049672,mechanical_angle_rad=2.646116972,valid=1,read_failures=0"
dengfoc,"SYNC_TRUTH,sequence=2634225,truth_tick_us=5274051672,mechanical_angle_rad=2.646116972,valid=1,read_failures=0"
dengfoc,"SYNC_TRUTH,sequence=2634226,truth_tick_us=5274053672,mechanical_angle_rad=2.646116972,valid=1,read_failures=0"
dengfoc,"SYNC_TRUTH,sequence=2634227,truth_tick_us=5274055672,mechanical_angle_rad=2.646116972,valid=1,read_failures=0"
dengfoc,"SYNC_TRUTH,sequence=2634228,truth_tick_us=5274057672,mechanical_angle_rad=2.646116972,valid=1,read_failures=0"
dengfoc,"SYNC_TRUTH,sequence=2634229,truth_tick_us=5274059672,mechanical_angle_rad=2.646116972,valid=1,read_failures=0"
dengfoc,"SYNC_TRUTH,sequence=2634230,truth_tick_us=5274061672,mechanical_angle_rad=2.646116972,valid=1,read_failures=0"
dengfoc,"SYNC_TRUTH,sequence=2634231,truth_tick_us=5274063672,mechanical_angle_rad=2.646116972,valid=1,read_failures=0"
dengfoc,"SYNC_TRUTH,sequence=2634232,truth_tick_us=5274065672,mechanical_angle_rad=2.646116972,valid=1,read_failures=0"
dengfoc,"SYNC_TRUTH,sequence=2634233,truth_tick_us=5274067672,mechanical_angle_rad=2.646116972,valid=1,read_failures=0"
dengfoc,"SYNC_TRUTH,sequence=2634234,truth_tick_us=5274069672,mechanical_angle_rad=2.646116972,valid=1,read_failures=0"
dengfoc,"SYNC_TRUTH,sequence=2634235,truth_tick_us=5274071672,mechanical_angle_rad=2.646116972,valid=1,read_failures=0"
dengfoc,"SYNC_TRUTH,sequence=2634236,truth_tick_us=5274073672,mechanical_angle_rad=2.646116972,valid=1,read_failures=0"
dengfoc,"SYNC_TRUTH,sequence=2634237,truth_tick_us=5274075672,mechanical_angle_rad=2.646116972,valid=1,read_failures=0"
dengfoc,"SYNC_TRUTH,sequence=2634238,truth_tick_us=5274077672,mechanical_angle_rad=2.646116972,valid=1,read_failures=0"
dengfoc,"SYNC_TRUTH,sequence=2634239,truth_tick_us=5274079672,mechanical_angle_rad=2.646116972,valid=1,read_failures=0"
dengfoc,"SYNC_TRUTH,sequence=2634240,truth_tick_us=5274081672,mechanical_angle_rad=2.646116972,valid=1,read_failures=0"
dengfoc,"SYNC_TRUTH,sequence=2634241,truth_tick_us=5274083672,mechanical_angle_rad=2.646116972,valid=1,read_failures=0"
dengfoc,"SYNC_TRUTH,sequence=2634242,truth_tick_us=5274085672,mechanical_angle_rad=2.646116972,valid=1,read_failures=0"
dengfoc,"SYNC_TRUTH,sequence=2634243,truth_tick_us=5274087672,mechanical_angle_rad=2.646116972,valid=1,read_failures=0"
dengfoc,"SYNC_TRUTH,sequence=2634244,truth_tick_us=5274089672,mechanical_angle_rad=2.646116972,valid=1,read_failures=0"
dengfoc,"SYNC_TRUTH,sequence=2634245,truth_tick_us=5274091672,mechanical_angle_rad=2.646116972,valid=1,read_failures=0"
dengfoc,"SYNC_TRUTH,sequence=2634246,truth_tick_us=5274093672,mechanical_angle_rad=2.646116972,valid=1,read_failures=0"
dengfoc,"SYNC_TRUTH,sequence=2634247,truth_tick_us=5274095672,mechanical_angle_rad=2.646116972,valid=1,read_failures=0"
dengfoc,"SYNC_TRUTH,sequence=2634248,truth_tick_us=5274097672,mechanical_angle_rad=2.646116972,valid=1,read_failures=0"
dengfoc,"SYNC_TRUTH,sequence=2634249,truth_tick_us=5274099672,mechanical_angle_rad=2.646116972,valid=1,read_failures=0"
dengfoc,"SYNC_TRUTH,sequence=2634250,truth_tick_us=5274101672,mechanical_angle_rad=2.646116972,valid=1,read_failures=0"
dengfoc,"SYNC_TRUTH,sequence=2634251,truth_tick_us=5274103672,mechanical_angle_rad=2.646116972,valid=1,read_failures=0"
dengfoc,"SYNC_TRUTH,sequence=2634252,truth_tick_us=5274105672,mechanical_angle_rad=2.646116972,valid=1,read_failures=0"
dengfoc,"SYNC_TRUTH,sequence=2634253,truth_tick_us=5274107672,mechanical_angle_rad=2.646116972,valid=1,read_failures=0"
dengfoc,"SYNC_TRUTH,sequence=2634254,truth_tick_us=5274109672,mechanical_angle_rad=2.646116972,valid=1,read_failures=0"
dengfoc,"SYNC_TRUTH,sequence=2634255,truth_tick_us=5274111672,mechanical_angle_rad=2.646116972,valid=1,read_failures=0"
dengfoc,"SYNC_TRUTH,sequence=2634256,truth_tick_us=5274113672,mechanical_angle_rad=2.646116972,valid=1,read_failures=0"
dengfoc,"SYNC_TRUTH,sequence=2634257,truth_tick_us=5274115672,mechanical_angle_rad=2.646116972,valid=1,read_failures=0"
dengfoc,"SYNC_TRUTH,sequence=2634258,truth_tick_us=5274117672,mechanical_angle_rad=2.646116972,valid=1,read_failures=0"
dengfoc,"SYNC_TRUTH,sequence=2634259,truth_tick_us=5274119672,mechanical_angle_rad=2.646116972,valid=1,read_failures=0"
dengfoc,"SYNC_TRUTH,sequence=2634260,truth_tick_us=5274121672,mechanical_angle_rad=2.646116972,valid=1,read_failures=0"
dengfoc,"SYNC_TRUTH,sequence=2634261,truth_tick_us=5274123672,mechanical_angle_rad=2.646116972,valid=1,read_failures=0"
dengfoc,"SYNC_TRUTH,sequence=2634262,truth_tick_us=5274125672,mechanical_angle_rad=2.646116972,valid=1,read_failures=0"
dengfoc,"SYNC_TRUTH,sequence=2634263,truth_tick_us=5274127672,mechanical_angle_rad=2.646116972,valid=1,read_failures=0"
dengfoc,"SYNC_TRUTH,sequence=2634264,truth_tick_us=5274129672,mechanical_angle_rad=2.646116972,valid=1,read_failures=0"
dengfoc,"SYNC_TRUTH,sequence=2634265,truth_tick_us=5274131672,mechanical_angle_rad=2.646116972,valid=1,read_failures=0"
dengfoc,"SYNC_TRUTH,sequence=2634266,truth_tick_us=5274133672,mechanical_angle_rad=2.646116972,valid=1,read_failures=0"
dengfoc,"SYNC_TRUTH,sequence=2634267,truth_tick_us=5274135672,mechanical_angle_rad=2.646116972,valid=1,read_failures=0"
dengfoc,"SYNC_TRUTH,sequence=2634268,truth_tick_us=5274137672,mechanical_angle_rad=2.646116972,valid=1,read_failures=0"
dengfoc,"SYNC_TRUTH,sequence=2634269,truth_tick_us=5274139672,mechanical_angle_rad=2.646116972,valid=1,read_failures=0"
dengfoc,"SYNC_TRUTH,sequence=2634270,truth_tick_us=5274141672,mechanical_angle_rad=2.646116972,valid=1,read_failures=0"
dengfoc,"SYNC_TRUTH,sequence=2634271,truth_tick_us=5274143672,mechanical_angle_rad=2.646116972,valid=1,read_failures=0"
dengfoc,"SYNC_TRUTH,sequence=2634272,truth_tick_us=5274145672,mechanical_angle_rad=2.646116972,valid=1,read_failures=0"
dengfoc,"SYNC_TRUTH,sequence=2634273,truth_tick_us=5274147672,mechanical_angle_rad=2.646116972,valid=1,read_failures=0"
dengfoc,"SYNC_TRUTH,sequence=2634274,truth_tick_us=5274149672,mechanical_angle_rad=2.646116972,valid=1,read_failures=0"
dengfoc,"SYNC_TRUTH,sequence=2634275,truth_tick_us=5274151672,mechanical_angle_rad=2.646116972,valid=1,read_failures=0"
dengfoc,"SYNC_TRUTH,sequence=2634276,truth_tick_us=5274153672,mechanical_angle_rad=2.646116972,valid=1,read_failures=0"
dengfoc,"SYNC_TRUTH,sequence=2634277,truth_tick_us=5274155672,mechanical_angle_rad=2.646116972,valid=1,read_failures=0"
dengfoc,"SYNC_TRUTH,sequence=2634278,truth_tick_us=5274157672,mechanical_angle_rad=2.646116972,valid=1,read_failures=0"
dengfoc,"SYNC_TRUTH,sequence=2634279,truth_tick_us=5274159672,mechanical_angle_rad=2.646116972,valid=1,read_failures=0"
dengfoc,"SYNC_TRUTH,sequence=2634280,truth_tick_us=5274161672,mechanical_angle_rad=2.646116972,valid=1,read_failures=0"
dengfoc,"SYNC_TRUTH,sequence=2634281,truth_tick_us=5274163672,mechanical_angle_rad=2.646116972,valid=1,read_failures=0"
dengfoc,"SYNC_TRUTH,sequence=2634282,truth_tick_us=5274165672,mechanical_angle_rad=2.646116972,valid=1,read_failures=0"
dengfoc,"SYNC_TRUTH,sequence=2634283,truth_tick_us=5274167672,mechanical_angle_rad=2.646116972,valid=1,read_failures=0"
dengfoc,"SYNC_TRUTH,sequence=2634284,truth_tick_us=5274169672,mechanical_angle_rad=2.646116972,valid=1,read_failures=0"
dengfoc,"SYNC_TRUTH,sequence=2634285,truth_tick_us=5274171672,mechanical_angle_rad=2.646116972,valid=1,read_failures=0"
dengfoc,"SYNC_TRUTH,sequence=2634286,truth_tick_us=5274173672,mechanical_angle_rad=2.646116972,valid=1,read_failures=0"
dengfoc,"SYNC_TRUTH,sequence=2634287,truth_tick_us=5274175672,mechanical_angle_rad=2.646116972,valid=1,read_failures=0"
dengfoc,"SYNC_TRUTH,sequence=2634288,truth_tick_us=5274177672,mechanical_angle_rad=2.646116972,valid=1,read_failures=0"
dengfoc,"SYNC_TRUTH,sequence=2634289,truth_tick_us=5274179672,mechanical_angle_rad=2.646116972,valid=1,read_failures=0"
