source,raw_line
dengfoc,_failures=0
dengfoc,"SYNC_TRUTH,sequence=1140224,truth_tick_us=2283021672,mechanical_angle_rad=6.168137074,valid=1,read_failures=0"
dengfoc,"SYNC_TRUTH,sequence=1140225,truth_tick_us=2283023672,mechanical_angle_rad=6.168137074,valid=1,read_failures=0"
dengfoc,"SYNC_TRUTH,sequence=1140226,truth_tick_us=2283025672,mechanical_angle_rad=6.168137074,valid=1,read_failures=0"
dengfoc,"SYNC_TRUTH,sequence=1140227,truth_tick_us=2283027672,mechanical_angle_rad=6.168137074,valid=1,read_failures=0"
dengfoc,"SYNC_TRUTH,sequence=1140228,truth_tick_us=2283029672,mechanical_angle_rad=6.168137074,valid=1,read_failures=0"
dengfoc,"SYNC_TRUTH,sequence=1140229,truth_tick_us=2283031672,mechanical_angle_rad=6.168137074,valid=1,read_failures=0"
dengfoc,"SYNC_TRUTH,sequence=1140230,truth_tick_us=2283033672,mechanical_angle_rad=6.168137074,valid=1,read_failures=0"
dengfoc,"SYNC_TRUTH,sequence=1140231,truth_tick_us=2283035672,mechanical_angle_rad=6.168137074,valid=1,read_failures=0"
dengfoc,"SYNC_TRUTH,sequence=1140232,truth_tick_us=2283037672,mechanical_angle_rad=6.168137074,valid=1,read_failures=0"
dengfoc,"SYNC_TRUTH,sequence=1140233,truth_tick_us=2283039672,mechanical_angle_rad=6.168137074,valid=1,read_failures=0"
dengfoc,"SYNC_TRUTH,sequence=1140234,truth_tick_us=2283041672,mechanical_angle_rad=6.168137074,valid=1,read_failures=0"
dengfoc,"SYNC_TRUTH,sequence=1140235,truth_tick_us=2283043672,mechanical_angle_rad=6.168137074,valid=1,read_failures=0"
dengfoc,"SYNC_TRUTH,sequence=1140236,truth_tick_us=2283045672,mechanical_angle_rad=6.168137074,valid=1,read_failures=0"
dengfoc,"SYNC_TRUTH,sequence=1140237,truth_tick_us=2283047672,mechanical_angle_rad=6.168137074,valid=1,read_failures=0"
dengfoc,"SYNC_TRUTH,sequence=1140238,truth_tick_us=2283049672,mechanical_angle_rad=6.168137074,valid=1,read_failures=0"
dengfoc,"SYNC_TRUTH,sequence=1140239,truth_tick_us=2283051672,mechanical_angle_rad=6.168137074,valid=1,read_failures=0"
dengfoc,"SYNC_TRUTH,sequence=1140240,truth_tick_us=2283053672,mechanical_angle_rad=6.168137074,valid=1,read_failures=0"
dengfoc,"SYNC_TRUTH,sequence=1140241,truth_tick_us=2283055672,mechanical_angle_rad=6.168137074,valid=1,read_failures=0"
dengfoc,"SYNC_TRUTH,sequence=1140242,truth_tick_us=2283057672,mechanical_angle_rad=6.168137074,valid=1,read_failures=0"
dengfoc,"SYNC_TRUTH,sequence=1140243,truth_tick_us=2283059672,mechanical_angle_rad=6.168137074,valid=1,read_failures=0"
dengfoc,"SYNC_TRUTH,sequence=1140244,truth_tick_us=2283061672,mechanical_angle_rad=6.168137074,valid=1,read_failures=0"
dengfoc,"SYNC_TRUTH,sequence=1140245,truth_tick_us=2283063672,mechanical_angle_rad=6.168137074,valid=1,read_failures=0"
dengfoc,"SYNC_TRUTH,sequence=1140246,truth_tick_us=2283065672,mechanical_angle_rad=6.168137074,valid=1,read_failures=0"
dengfoc,"SYNC_TRUTH,sequence=1140247,truth_tick_us=2283067672,mechanical_angle_rad=6.168137074,valid=1,read_failures=0"
dengfoc,"SYNC_TRUTH,sequence=1140248,truth_tick_us=2283069672,mechanical_angle_rad=6.168137074,valid=1,read_failures=0"
dengfoc,"SYNC_TRUTH,sequence=1140249,truth_tick_us=2283071672,mechanical_angle_rad=6.168137074,valid=1,read_failures=0"
dengfoc,"SYNC_TRUTH,sequence=1140250,truth_tick_us=2283073672,mechanical_angle_rad=6.168137074,valid=1,read_failures=0"
dengfoc,"SYNC_TRUTH,sequence=1140251,truth_tick_us=2283075672,mechanical_angle_rad=6.168137074,valid=1,read_failures=0"
dengfoc,"SYNC_TRUTH,sequence=1140252,truth_tick_us=2283077672,mechanical_angle_rad=6.168137074,valid=1,read_failures=0"
dengfoc,"SYNC_TRUTH,sequence=1140253,truth_tick_us=2283079672,mechanical_angle_rad=6.168137074,valid=1,read_failures=0"
dengfoc,"SYNC_TRUTH,sequence=1140254,truth_tick_us=2283081672,mechanical_angle_rad=6.168137074,valid=1,read_failures=0"
dengfoc,"SYNC_TRUTH,sequence=1140255,truth_tick_us=2283083672,mechanical_angle_rad=6.168137074,valid=1,read_failures=0"
dengfoc,"SYNC_TRUTH,sequence=1140256,truth_tick_us=2283085672,mechanical_angle_rad=6.168137074,valid=1,read_failures=0"
dengfoc,"SYNC_TRUTH,sequence=1140257,truth_tick_us=2283087672,mechanical_angle_rad=6.168137074,valid=1,read_failures=0"
dengfoc,"SYNC_TRUTH,sequence=1140258,truth_tick_us=2283089672,mechanical_angle_rad=6.168137074,valid=1,read_failures=0"
dengfoc,"SYNC_TRUTH,sequence=1140259,truth_tick_us=2283091672,mechanical_angle_rad=6.168137074,valid=1,read_failures=0"
dengfoc,"SYNC_TRUTH,sequence=1140260,truth_tick_us=2283093672,mechanical_angle_rad=6.168137074,valid=1,read_failures=0"
dengfoc,"SYNC_TRUTH,sequence=1140261,truth_tick_us=2283095672,mechanical_angle_rad=6.168137074,valid=1,read_failures=0"
dengfoc,"SYNC_TRUTH,sequence=1140262,truth_tick_us=2283097672,mechanical_angle_rad=6.168137074,valid=1,read_failures=0"
dengfoc,"SYNC_TRUTH,sequence=1140263,truth_tick_us=2283099672,mechanical_angle_rad=6.168137074,valid=1,read_failures=0"
dengfoc,"SYNC_TRUTH,sequence=1140264,truth_tick_us=2283101672,mechanical_angle_rad=6.168137074,valid=1,read_failures=0"
dengfoc,"SYNC_TRUTH,sequence=1140265,truth_tick_us=2283103672,mechanical_angle_rad=6.168137074,valid=1,read_failures=0"
dengfoc,"SYNC_TRUTH,sequence=1140266,truth_tick_us=2283105672,mechanical_angle_rad=6.168137074,valid=1,read_failures=0"
dengfoc,"SYNC_TRUTH,sequence=1140267,truth_tick_us=2283107672,mechanical_angle_rad=6.168137074,valid=1,read_failures=0"
dengfoc,"SYNC_TRUTH,sequence=1140268,truth_tick_us=2283109672,mechanical_angle_rad=6.168137074,valid=1,read_failures=0"
dengfoc,"SYNC_TRUTH,sequence=1140269,truth_tick_us=2283111672,mechanical_angle_rad=6.168137074,valid=1,read_failures=0"
dengfoc,"SYNC_TRUTH,sequence=1140270,truth_tick_us=2283113672,mechanical_angle_rad=6.168137074,valid=1,read_failures=0"
dengfoc,"SYNC_TRUTH,sequence=1140271,truth_tick_us=2283115672,mechanical_angle_rad=6.168137074,valid=1,read_failures=0"
dengfoc,"SYNC_TRUTH,sequence=1140272,truth_tick_us=2283117672,mechanical_angle_rad=6.168137074,valid=1,read_failures=0"
dengfoc,"SYNC_TRUTH,sequence=1140273,truth_tick_us=2283119672,mechanical_angle_rad=6.168137074,valid=1,read_failures=0"
dengfoc,"SYNC_TRUTH,sequence=1140274,truth_tick_us=2283121672,mechanical_angle_rad=6.168137074,valid=1,read_failures=0"
dengfoc,"SYNC_TRUTH,sequence=1140275,truth_tick_us=2283123672,mechanical_angle_rad=6.168137074,valid=1,read_failures=0"
dengfoc,"SYNC_TRUTH,sequence=1140276,truth_tick_us=2283125672,mechanical_angle_rad=6.168137074,valid=1,read_failures=0"
dengfoc,"SYNC_TRUTH,sequence=1140277,truth_tick_us=2283127672,mechanical_angle_rad=6.168137074,valid=1,read_failures=0"
dengfoc,"SYNC_TRUTH,sequence=1140278,truth_tick_us=2283129672,mechanical_angle_rad=6.168137074,valid=1,read_failures=0"
dengfoc,"SYNC_TRUTH,sequence=1140279,truth_tick_us=2283131672,mechanical_angle_rad=6.168137074,valid=1,read_failures=0"
dengfoc,"SYNC_TRUTH,sequence=1140280,truth_tick_us=2283133672,mechanical_angle_rad=6.168137074,valid=1,read_failures=0"
dengfoc,"SYNC_TRUTH,sequence=1140281,truth_tick_us=2283135672,mechanical_angle_rad=6.168137074,valid=1,read_failures=0"
dengfoc,"SYNC_TRUTH,sequence=1140282,truth_tick_us=2283137672,mechanical_angle_rad=6.168137074,valid=1,read_failures=0"
dengfoc,"SYNC_TRUTH,sequence=1140283,truth_tick_us=2283139672,mechanical_angle_rad=6.168137074,valid=1,read_failures=0"
dengfoc,"SYNC_TRUTH,sequence=1140284,truth_tick_us=2283141672,mechanical_angle_rad=6.168137074,valid=1,read_failures=0"
dengfoc,"SYNC_TRUTH,sequence=1140285,truth_tick_us=2283143672,mechanical_angle_rad=6.168137074,valid=1,read_failures=0"
dengfoc,"SYNC_TRUTH,sequence=1140286,truth_tick_us=2283145672,mechanical_angle_rad=6.168137074,valid=1,read_failures=0"
dengfoc,"SYNC_TRUTH,sequence=1140287,truth_tick_us=2283147672,mechanical_angle_rad=6.168137074,valid=1,read_failures=0"
dengfoc,"SYNC_TRUTH,sequence=1140288,truth_tick_us=2283149672,mechanical_angle_rad=6.168137074,valid=1,read_failures=0"
dengfoc,"SYNC_TRUTH,sequence=1140289,truth_tick_us=2283151672,mechanical_angle_rad=6.168137074,valid=1,read_failures=0"
dengfoc,"SYNC_TRUTH,sequence=1140290,truth_tick_us=2283153672,mechanical_angle_rad=6.168137074,valid=1,read_failures=0"
dengfoc,"SYNC_TRUTH,sequence=1140291,truth_tick_us=2283155672,mechanical_angle_rad=6.168137074,valid=1,read_failures=0"
dengfoc,"SYNC_TRUTH,sequence=1140292,truth_tick_us=2283157672,mechanical_angle_rad=6.168137074,valid=1,read_failures=0"
dengfoc,"SYNC_TRUTH,sequence=1140293,truth_tick_us=2283159672,mechanical_angle_rad=6.168137074,valid=1,read_failures=0"
dengfoc,"SYNC_TRUTH,sequence=1140294,truth_tick_us=2283161672,mechanical_angle_rad=6.168137074,valid=1,read_failures=0"
dengfoc,"SYNC_TRUTH,sequence=1140295,truth_tick_us=2283163672,mechanical_angle_rad=6.168137074,valid=1,read_failures=0"
dengfoc,"SYNC_TRUTH,sequence=1140296,truth_tick_us=2283165672,mechanical_angle_rad=6.168137074,valid=1,read_failures=0"
dengfoc,"SYNC_TRUTH,sequence=1140297,truth_tick_us=2283167672,mechanical_angle_rad=6.168137074,valid=1,read_failures=0"
dengfoc,"SYNC_TRUTH,sequence=1140298,truth_tick_us=2283169672,mechanical_angle_rad=6.168137074,valid=1,read_failures=0"
dengfoc,"SYNC_TRUTH,sequence=1140299,truth_tick_us=2283171672,mechanical_angle_rad=6.168137074,valid=1,read_failures=0"
dengfoc,"SYNC_TRUTH,sequence=1140300,truth_tick_us=2283173672,mechanical_angle_rad=6.168137074,valid=1,read_failures=0"
dengfoc,"SYNC_TRUTH,sequence=1140301,truth_tick_us=2283175672,mechanical_angle_rad=6.168137074,valid=1,read_failures=0"
dengfoc,"SYNC_TRUTH,sequence=1140302,truth_tick_us=2283177672,mechanical_angle_rad=6.168137074,valid=1,read_failures=0"
dengfoc,"SYNC_TRUTH,sequence=1140303,truth_tick_us=2283179672,mechanical_angle_rad=6.168137074,valid=1,read_failures=0"
dengfoc,"SYNC_TRUTH,sequence=1140304,truth_tick_us=2283181672,mechanical_angle_rad=6.168137074,valid=1,read_failures=0"
dengfoc,"SYNC_TRUTH,sequence=1140305,truth_tick_us=2283183672,mechanical_angle_rad=6.168137074,valid=1,read_failures=0"
dengfoc,"SYNC_TRUTH,sequence=1140306,truth_tick_us=2283185672,mechanical_angle_rad=6.168137074,valid=1,read_failures=0"
dengfoc,"SYNC_TRUTH,sequence=1140307,truth_tick_us=2283187672,mechanical_angle_rad=6.168137074,valid=1,read_failures=0"
dengfoc,"SYNC_TRUTH,sequence=1140308,truth_tick_us=2283189672,mechanical_angle_rad=6.168137074,valid=1,read_failures=0"
dengfoc,"SYNC_TRUTH,sequence=1140309,truth_tick_us=2283191672,mechanical_angle_rad=6.168137074,valid=1,read_failures=0"
dengfoc,"SYNC_TRUTH,sequence=1140310,truth_tick_us=2283193672,mechanical_angle_rad=6.168137074,valid=1,read_failures=0"
dengfoc,"SYNC_TRUTH,sequence=1140311,truth_tick_us=2283195672,mechanical_angle_rad=6.168137074,valid=1,read_failures=0"
dengfoc,"SYNC_TRUTH,sequence=1140312,truth_tick_us=2283197672,mechanical_angle_rad=6.168137074,valid=1,read_failures=0"
dengfoc,"SYNC_TRUTH,sequence=1140313,truth_tick_us=2283199672,mechanical_angle_rad=6.168137074,valid=1,read_failures=0"
dengfoc,"SYNC_TRUTH,sequence=1140314,truth_tick_us=2283201672,mechanical_angle_rad=6.168137074,valid=1,read_failures=0"
dengfoc,"SYNC_TRUTH,sequence=1140315,truth_tick_us=2283203672,mechanical_angle_rad=6.168137074,valid=1,read_failures=0"
dengfoc,"SYNC_TRUTH,sequence=1140316,truth_tick_us=2283205672,mechanical_angle_rad=6.168137074,valid=1,read_failures=0"
dengfoc,"SYNC_TRUTH,sequence=1140317,truth_tick_us=2283207672,mechanical_angle_rad=6.168137074,valid=1,read_failures=0"
dengfoc,"SYNC_TRUTH,sequence=1140318,truth_tick_us=2283209672,mechanical_angle_rad=6.168137074,valid=1,read_failures=0"
dengfoc,"SYNC_TRUTH,sequence=1140319,truth_tick_us=2283211672,mechanical_angle_rad=6.168137074,valid=1,read_failures=0"
dengfoc,"SYNC_TRUTH,sequence=1140320,truth_tick_us=2283213672,mechanical_angle_rad=6.168137074,valid=1,read_failures=0"
dengfoc,"SYNC_TRUTH,sequence=1140321,truth_tick_us=2283215672,mechanical_angle_rad=6.168137074,valid=1,read_failures=0"
dengfoc,"SYNC_TRUTH,sequence=1140322,truth_tick_us=2283217672,mechanical_angle_rad=6.168137074,valid=1,read_failures=0"
dengfoc,"SYNC_TRUTH,sequence=1140323,truth_tick_us=2283219672,mechanical_angle_rad=6.168137074,valid=1,read_failures=0"
dengfoc,"SYNC_TRUTH,sequence=1140324,truth_tick_us=2283221672,mechanical_angle_rad=6.168137074,valid=1,read_failures=0"
dengfoc,"SYNC_TRUTH,sequence=1140325,truth_tick_us=2283223672,mechanical_angle_rad=6.168137074,valid=1,read_failures=0"
dengfoc,"SYNC_TRUTH,sequence=1140326,truth_tick_us=2283225672,mechanical_angle_rad=6.168137074,valid=1,read_failures=0"
dengfoc,"SYNC_TRUTH,sequence=1140327,truth_tick_us=2283227672,mechanical_angle_rad=6.168137074,valid=1,read_failures=0"
dengfoc,"SYNC_TRUTH,sequence=1140328,truth_tick_us=2283229672,mechanical_angle_rad=6.168137074,valid=1,read_failures=0"
dengfoc,"SYNC_TRUTH,sequence=1140329,truth_tick_us=2283231672,mechanical_angle_rad=6.168137074,valid=1,read_failures=0"
dengfoc,"SYNC_TRUTH,sequence=1140330,truth_tick_us=2283233672,mechanical_angle_rad=6.168137074,valid=1,read_failures=0"
dengfoc,"SYNC_TRUTH,sequence=1140331,truth_tick_us=2283235672,mechanical_angle_rad=6.168137074,valid=1,read_failures=0"
dengfoc,"SYNC_TRUTH,sequence=1140332,truth_tick_us=2283237672,mechanical_angle_rad=6.168137074,valid=1,read_failures=0"
dengfoc,"SYNC_TRUTH,sequence=1140333,truth_tick_us=2283239672,mechanical_angle_rad=6.168137074,valid=1,read_failures=0"
dengfoc,"SYNC_TRUTH,sequence=1140334,truth_tick_us=2283241672,mechanical_angle_rad=6.168137074,valid=1,read_failures=0"
dengfoc,"SYNC_TRUTH,sequence=1140335,truth_tick_us=2283243672,mechanical_angle_rad=6.168137074,valid=1,read_failures=0"
dengfoc,"SYNC_TRUTH,sequence=1140336,truth_tick_us=2283245672,mechanical_angle_rad=6.168137074,valid=1,read_failures=0"
dengfoc,"SYNC_TRUTH,sequence=1140337,truth_tick_us=2283247672,mechanical_angle_rad=6.168137074,valid=1,read_failures=0"
dengfoc,"SYNC_TRUTH,sequence=1140338,truth_tick_us=2283249672,mechanical_angle_rad=6.168137074,valid=1,read_failures=0"
dengfoc,"SYNC_TRUTH,sequence=1140339,truth_tick_us=2283251672,mechanical_angle_rad=6.168137074,valid=1,read_failures=0"
dengfoc,"SYNC_TRUTH,sequence=1140340,truth_tick_us=2283253672,mechanical_angle_rad=6.168137074,valid=1,read_failures=0"
dengfoc,"SYNC_TRUTH,sequence=1140341,truth_tick_us=2283255672,mechanical_angle_rad=6.168137074,valid=1,read_failures=0"
dengfoc,"SYNC_TRUTH,sequence=1140342,truth_tick_us=2283257672,mechanical_angle_rad=6.168137074,valid=1,read_failures=0"
dengfoc,"SYNC_TRUTH,sequence=1140343,truth_tick_us=2283259672,mechanical_angle_rad=6.168137074,valid=1,read_failures=0"
dengfoc,"SYNC_TRUTH,sequence=1140344,truth_tick_us=2283261672,mechanical_angle_rad=6.168137074,valid=1,read_failures=0"
dengfoc,"SYNC_TRUTH,sequence=1140345,truth_tick_us=2283263672,mechanical_angle_rad=6.168137074,valid=1,read_failures=0"
dengfoc,"SYNC_TRUTH,sequence=1140346,truth_tick_us=2283265672,mechanical_angle_rad=6.168137074,valid=1,read_failures=0"
dengfoc,"SYNC_STATUS,frames=36,frame_fail=4,truth=1140346,truth_fail=0,idle=3,capture_state=0,capture_failure=0,rejected=0,overflow=0,recovered=4,session_rollovers=3,sync_level=1,driver_disabled=1"
dengfoc,"SYNC_TRUTH,sequence=1140347,truth_tick_us=2283269019,mechanical_angle_rad=6.168137074,valid=1,read_failures=0"
dengfoc,"SYNC_TRUTH,sequence=1140348,truth_tick_us=2283270672,mechanical_angle_rad=6.168137074,valid=1,read_failures=0"
dengfoc,"SYNC_TRUTH,sequence=1140349,truth_tick_us=2283272672,mechanical_angle_rad=6.168137074,valid=1,read_failures=0"
dengfoc,"SYNC_TRUTH,sequence=1140350,truth_tick_us=2283274672,mechanical_angle_rad=6.168137074,valid=1,read_failures=0"
dengfoc,"SYNC_TRUTH,sequence=1140351,truth_tick_us=2283276672,mechanical_angle_rad=6.168137074,valid=1,read_failures=0"
dengfoc,"SYNC_TRUTH,sequence=1140352,truth_tick_us=2283278672,mechanical_angle_rad=6.168137074,valid=1,read_failures=0"
dengfoc,"SYNC_TRUTH,sequence=1140353,truth_tick_us=2283280672,mechanical_angle_rad=6.168137074,valid=1,read_failures=0"
dengfoc,"SYNC_TRUTH,sequence=1140354,truth_tick_us=2283282672,mechanical_angle_rad=6.168137074,valid=1,read_failures=0"
dengfoc,"SYNC_TRUTH,sequence=1140355,truth_tick_us=2283284672,mechanical_angle_rad=6.168137074,valid=1,read_failures=0"
dengfoc,"SYNC_TRUTH,sequence=1140356,truth_tick_us=2283286672,mechanical_angle_rad=6.168137074,valid=1,read_failures=0"
dengfoc,"SYNC_TRUTH,sequence=1140357,truth_tick_us=2283288672,mechanical_angle_rad=6.168137074,valid=1,read_failures=0"
dengfoc,"SYNC_TRUTH,sequence=1140358,truth_tick_us=2283290672,mechanical_angle_rad=6.168137074,valid=1,read_failures=0"
dengfoc,"SYNC_TRUTH,sequence=1140359,truth_tick_us=2283292672,mechanical_angle_rad=6.168137074,valid=1,read_failures=0"
dengfoc,"SYNC_TRUTH,sequence=1140360,truth_tick_us=2283294672,mechanical_angle_rad=6.168137074,valid=1,read_failures=0"
dengfoc,"SYNC_TRUTH,sequence=1140361,truth_tick_us=2283296672,mechanical_angle_rad=6.168137074,valid=1,read_failures=0"
dengfoc,"SYNC_TRUTH,sequence=1140362,truth_tick_us=2283298672,mechanical_angle_rad=6.168137074,valid=1,read_failures=0"
dengfoc,"SYNC_TRUTH,sequence=1140363,truth_tick_us=2283300672,mechanical_angle_rad=6.168137074,valid=1,read_failures=0"
dengfoc,"SYNC_TRUTH,sequence=1140364,truth_tick_us=2283302672,mechanical_angle_rad=6.168137074,valid=1,read_failures=0"
dengfoc,"SYNC_TRUTH,sequence=1140365,truth_tick_us=2283304672,mechanical_angle_rad=6.168137074,valid=1,read_failures=0"
dengfoc,"SYNC_TRUTH,sequence=1140366,truth_tick_us=2283306672,mechanical_angle_rad=6.168137074,valid=1,read_failures=0"
dengfoc,"SYNC_TRUTH,sequence=1140367,truth_tick_us=2283308672,mechanical_angle_rad=6.168137074,valid=1,read_failures=0"
dengfoc,"SYNC_TRUTH,sequence=1140368,truth_tick_us=2283310672,mechanical_angle_rad=6.168137074,valid=1,read_failures=0"
dengfoc,"SYNC_TRUTH,sequence=1140369,truth_tick_us=2283312672,mechanical_angle_rad=6.168137074,valid=1,read_failures=0"
dengfoc,"SYNC_TRUTH,sequence=1140370,truth_tick_us=2283314672,mechanical_angle_rad=6.168137074,valid=1,read_failures=0"
dengfoc,"SYNC_TRUTH,sequence=1140371,truth_tick_us=2283316672,mechanical_angle_rad=6.168137074,valid=1,read_failures=0"
dengfoc,"SYNC_TRUTH,sequence=1140372,truth_tick_us=2283318672,mechanical_angle_rad=6.168137074,valid=1,read_failures=0"
dengfoc,"SYNC_TRUTH,sequence=1140373,truth_tick_us=2283320672,mechanical_angle_rad=6.168137074,valid=1,read_failures=0"
dengfoc,"SYNC_TRUTH,sequence=1140374,truth_tick_us=2283322672,mechanical_angle_rad=6.168137074,valid=1,read_failures=0"
dengfoc,"SYNC_TRUTH,sequence=1140375,truth_tick_us=2283324672,mechanical_angle_rad=6.168137074,valid=1,read_failures=0"
dengfoc,"SYNC_TRUTH,sequence=1140376,truth_tick_us=2283326672,mechanical_angle_rad=6.168137074,valid=1,read_failures=0"
dengfoc,"SYNC_TRUTH,sequence=1140377,truth_tick_us=2283328672,mechanical_angle_rad=6.168137074,valid=1,read_failures=0"
dengfoc,"SYNC_TRUTH,sequence=1140378,truth_tick_us=2283330672,mechanical_angle_rad=6.168137074,valid=1,read_failures=0"
dengfoc,"SYNC_TRUTH,sequence=1140379,truth_tick_us=2283332672,mechanical_angle_rad=6.168137074,valid=1,read_failures=0"
dengfoc,"SYNC_TRUTH,sequence=1140380,truth_tick_us=2283334672,mechanical_angle_rad=6.168137074,valid=1,read_failures=0"
dengfoc,"SYNC_TRUTH,sequence=1140381,truth_tick_us=2283336672,mechanical_angle_rad=6.168137074,valid=1,read_failures=0"
dengfoc,"SYNC_TRUTH,sequence=1140382,truth_tick_us=2283338672,mechanical_angle_rad=6.168137074,valid=1,read_failures=0"
dengfoc,"SYNC_TRUTH,sequence=1140383,truth_tick_us=2283340672,mechanical_angle_rad=6.168137074,valid=1,read_failures=0"
dengfoc,"SYNC_TRUTH,sequence=1140384,truth_tick_us=2283342672,mechanical_angle_rad=6.168137074,valid=1,read_failures=0"
dengfoc,"SYNC_TRUTH,sequence=1140385,truth_tick_us=2283344672,mechanical_angle_rad=6.168137074,valid=1,read_failures=0"
dengfoc,"SYNC_TRUTH,sequence=1140386,truth_tick_us=2283346672,mechanical_angle_rad=6.168137074,valid=1,read_failures=0"
dengfoc,"SYNC_TRUTH,sequence=1140387,truth_tick_us=2283348672,mechanical_angle_rad=6.168137074,valid=1,read_failures=0"
dengfoc,"SYNC_TRUTH,sequence=1140388,truth_tick_us=2283350672,mechanical_angle_rad=6.168137074,valid=1,read_failures=0"
dengfoc,"SYNC_TRUTH,sequence=1140389,truth_tick_us=2283352672,mechanical_angle_rad=6.168137074,valid=1,read_failures=0"
dengfoc,"SYNC_TRUTH,sequence=1140390,truth_tick_us=2283354672,mechanical_angle_rad=6.168137074,valid=1,read_failures=0"
dengfoc,"SYNC_TRUTH,sequence=1140391,truth_tick_us=2283356672,mechanical_angle_rad=6.168137074,valid=1,read_failures=0"
dengfoc,"SYNC_TRUTH,sequence=1140392,truth_tick_us=2283358672,mechanical_angle_rad=6.168137074,valid=1,read_failures=0"
dengfoc,"SYNC_TRUTH,sequence=1140393,truth_tick_us=2283360672,mechanical_angle_rad=6.168137074,valid=1,read_failures=0"
dengfoc,"SYNC_TRUTH,sequence=1140394,truth_tick_us=2283362672,mechanical_angle_rad=6.168137074,valid=1,read_failures=0"
dengfoc,"SYNC_TRUTH,sequence=1140395,truth_tick_us=2283364672,mechanical_angle_rad=6.168137074,valid=1,read_failures=0"
dengfoc,"SYNC_TRUTH,sequence=1140396,truth_tick_us=2283366672,mechanical_angle_rad=6.168137074,valid=1,read_failures=0"
dengfoc,"SYNC_TRUTH,sequence=1140397,truth_tick_us=2283368672,mechanical_angle_rad=6.168137074,valid=1,read_failures=0"
dengfoc,"SYNC_TRUTH,sequence=1140398,truth_tick_us=2283370672,mechanical_angle_rad=6.168137074,valid=1,read_failures=0"
dengfoc,"SYNC_TRUTH,sequence=1140399,truth_tick_us=2283372672,mechanical_angle_rad=6.168137074,valid=1,read_failures=0"
dengfoc,"SYNC_TRUTH,sequence=1140400,truth_tick_us=2283374672,mechanical_angle_rad=6.168137074,valid=1,read_failures=0"
dengfoc,"SYNC_TRUTH,sequence=1140401,truth_tick_us=2283376672,mechanical_angle_rad=6.168137074,valid=1,read_failures=0"
dengfoc,"SYNC_TRUTH,sequence=1140402,truth_tick_us=2283378672,mechanical_angle_rad=6.168137074,valid=1,read_failures=0"
dengfoc,"SYNC_TRUTH,sequence=1140403,truth_tick_us=2283380672,mechanical_angle_rad=6.168137074,valid=1,read_failures=0"
dengfoc,"SYNC_TRUTH,sequence=1140404,truth_tick_us=2283382672,mechanical_angle_rad=6.168137074,valid=1,read_failures=0"
dengfoc,"SYNC_TRUTH,sequence=1140405,truth_tick_us=2283384672,mechanical_angle_rad=6.168137074,valid=1,read_failures=0"
dengfoc,"SYNC_TRUTH,sequence=1140406,truth_tick_us=2283386672,mechanical_angle_rad=6.168137074,valid=1,read_failures=0"
dengfoc,"SYNC_TRUTH,sequence=1140407,truth_tick_us=2283388672,mechanical_angle_rad=6.168137074,valid=1,read_failures=0"
dengfoc,"SYNC_TRUTH,sequence=1140408,truth_tick_us=2283390672,mechanical_angle_rad=6.168137074,valid=1,read_failures=0"
dengfoc,"SYNC_TRUTH,sequence=1140409,truth_tick_us=2283392672,mechanical_angle_rad=6.168137074,valid=1,read_failures=0"
dengfoc,"SYNC_TRUTH,sequence=1140410,truth_tick_us=2283394672,mechanical_angle_rad=6.168137074,valid=1,read_failures=0"
dengfoc,"SYNC_TRUTH,sequence=1140411,truth_tick_us=2283396672,mechanical_angle_rad=6.168137074,valid=1,read_failures=0"
dengfoc,"SYNC_TRUTH,sequence=1140412,truth_tick_us=2283398672,mechanical_angle_rad=6.168137074,valid=1,read_failures=0"
dengfoc,"SYNC_TRUTH,sequence=1140413,truth_tick_us=2283400672,mechanical_angle_rad=6.168137074,valid=1,read_failures=0"
dengfoc,"SYNC_TRUTH,sequence=1140414,truth_tick_us=2283402672,mechanical_angle_rad=6.168137074,valid=1,read_failures=0"
dengfoc,"SYNC_TRUTH,sequence=1140415,truth_tick_us=2283404672,mechanical_angle_rad=6.168137074,valid=1,read_failures=0"
dengfoc,"SYNC_TRUTH,sequence=1140416,truth_tick_us=2283406672,mechanical_angle_rad=6.168137074,valid=1,read_failures=0"
dengfoc,"SYNC_TRUTH,sequence=1140417,truth_tick_us=2283408672,mechanical_angle_rad=6.168137074,valid=1,read_failures=0"
dengfoc,"SYNC_TRUTH,sequence=1140418,truth_tick_us=2283410672,mechanical_angle_rad=6.168137074,valid=1,read_failures=0"
dengfoc,"SYNC_TRUTH,sequence=1140419,truth_tick_us=2283412672,mechanical_angle_rad=6.168137074,valid=1,read_failures=0"
dengfoc,"SYNC_TRUTH,sequence=1140420,truth_tick_us=2283414672,mechanical_angle_rad=6.168137074,valid=1,read_failures=0"
dengfoc,"SYNC_TRUTH,sequence=1140421,truth_tick_us=2283416672,mechanical_angle_rad=6.168137074,valid=1,read_failures=0"
dengfoc,"SYNC_TRUTH,sequence=1140422,truth_tick_us=2283418672,mechanical_angle_rad=6.168137074,valid=1,read_failures=0"
dengfoc,"SYNC_TRUTH,sequence=1140423,truth_tick_us=2283420672,mechanical_angle_rad=6.168137074,valid=1,read_failures=0"
dengfoc,"SYNC_TRUTH,sequence=1140424,truth_tick_us=2283422672,mechanical_angle_rad=6.168137074,valid=1,read_failures=0"
dengfoc,"SYNC_TRUTH,sequence=1140425,truth_tick_us=2283424672,mechanical_angle_rad=6.168137074,valid=1,read_failures=0"
dengfoc,"SYNC_TRUTH,sequence=1140426,truth_tick_us=2283426672,mechanical_angle_rad=6.168137074,valid=1,read_failures=0"
dengfoc,"SYNC_TRUTH,sequence=1140427,truth_tick_us=2283428672,mechanical_angle_rad=6.168137074,valid=1,read_failures=0"
dengfoc,"SYNC_TRUTH,sequence=1140428,truth_tick_us=2283430672,mechanical_angle_rad=6.168137074,valid=1,read_failures=0"
dengfoc,"SYNC_TRUTH,sequence=1140429,truth_tick_us=2283432672,mechanical_angle_rad=6.168137074,valid=1,read_failures=0"
dengfoc,"SYNC_TRUTH,sequence=1140430,truth_tick_us=2283434672,mechanical_angle_rad=6.168137074,valid=1,read_failures=0"
dengfoc,"SYNC_TRUTH,sequence=1140431,truth_tick_us=2283436672,mechanical_angle_rad=6.168137074,valid=1,read_failures=0"
dengfoc,"SYNC_TRUTH,sequence=1140432,truth_tick_us=2283438672,mechanical_angle_rad=6.168137074,valid=1,read_failures=0"
dengfoc,"SYNC_TRUTH,sequence=1140433,truth_tick_us=2283440672,mechanical_angle_rad=6.168137074,valid=1,read_failures=0"
dengfoc,"SYNC_TRUTH,sequence=1140434,truth_tick_us=2283442672,mechanical_angle_rad=6.168137074,valid=1,read_failures=0"
dengfoc,"SYNC_TRUTH,sequence=1140435,truth_tick_us=2283444672,mechanical_angle_rad=6.168137074,valid=1,read_failures=0"
dengfoc,"SYNC_TRUTH,sequence=1140436,truth_tick_us=2283446672,mechanical_angle_rad=6.168137074,valid=1,read_failures=0"
dengfoc,"SYNC_TRUTH,sequence=1140437,truth_tick_us=2283448672,mechanical_angle_rad=6.168137074,valid=1,read_failures=0"
dengfoc,"SYNC_TRUTH,sequence=1140438,truth_tick_us=2283450672,mechanical_angle_rad=6.168137074,valid=1,read_failures=0"
dengfoc,"SYNC_TRUTH,sequence=1140439,truth_tick_us=2283452672,mechanical_angle_rad=6.168137074,valid=1,read_failures=0"
dengfoc,"SYNC_TRUTH,sequence=1140440,truth_tick_us=2283454672,mechanical_angle_rad=6.168137074,valid=1,read_failures=0"
dengfoc,"SYNC_TRUTH,sequence=1140441,truth_tick_us=2283456672,mechanical_angle_rad=6.168137074,valid=1,read_failures=0"
dengfoc,"SYNC_TRUTH,sequence=1140442,truth_tick_us=2283458672,mechanical_angle_rad=6.168137074,valid=1,read_failures=0"
dengfoc,"SYNC_TRUTH,sequence=1140443,truth_tick_us=2283460672,mechanical_angle_rad=6.168137074,valid=1,read_failures=0"
dengfoc,"SYNC_TRUTH,sequence=1140444,truth_tick_us=2283462672,mechanical_angle_rad=6.168137074,valid=1,read_failures=0"
dengfoc,"SYNC_TRUTH,sequence=1140445,truth_tick_us=2283464672,mechanical_angle_rad=6.168137074,valid=1,read_failures=0"
dengfoc,"SYNC_TRUTH,sequence=1140446,truth_tick_us=2283466672,mechanical_angle_rad=6.168137074,valid=1,read_failures=0"
dengfoc,"SYNC_TRUTH,sequence=1140447,truth_tick_us=2283468672,mechanical_angle_rad=6.168137074,valid=1,read_failures=0"
dengfoc,"SYNC_TRUTH,sequence=1140448,truth_tick_us=2283470672,mechanical_angle_rad=6.168137074,valid=1,read_failures=0"
dengfoc,"SYNC_TRUTH,sequence=1140449,truth_tick_us=2283472672,mechanical_angle_rad=6.168137074,valid=1,read_failures=0"
dengfoc,"SYNC_TRUTH,sequence=1140450,truth_tick_us=2283474672,mechanical_angle_rad=6.168137074,valid=1,read_failures=0"
dengfoc,"SYNC_TRUTH,sequence=1140451,truth_tick_us=2283476672,mechanical_angle_rad=6.168137074,valid=1,read_failures=0"
dengfoc,"SYNC_TRUTH,sequence=1140452,truth_tick_us=2283478672,mechanical_angle_rad=6.168137074,valid=1,read_failures=0"
dengfoc,"SYNC_TRUTH,sequence=1140453,truth_tick_us=2283480672,mechanical_angle_rad=6.168137074,valid=1,read_failures=0"
dengfoc,"SYNC_TRUTH,sequence=1140454,truth_tick_us=2283482672,mechanical_angle_rad=6.168137074,valid=1,read_failures=0"
dengfoc,"SYNC_TRUTH,sequence=1140455,truth_tick_us=2283484672,mechanical_angle_rad=6.168137074,valid=1,read_failures=0"
dengfoc,"SYNC_TRUTH,sequence=1140456,truth_tick_us=2283486672,mechanical_angle_rad=6.168137074,valid=1,read_failures=0"
dengfoc,"SYNC_TRUTH,sequence=1140457,truth_tick_us=2283488672,mechanical_angle_rad=6.168137074,valid=1,read_failures=0"
dengfoc,"SYNC_TRUTH,sequence=1140458,truth_tick_us=2283490672,mechanical_angle_rad=6.168137074,valid=1,read_failures=0"
dengfoc,"SYNC_TRUTH,sequence=1140459,truth_tick_us=2283492672,mechanical_angle_rad=6.168137074,valid=1,read_failures=0"
dengfoc,"SYNC_TRUTH,sequence=1140460,truth_tick_us=2283494672,mechanical_angle_rad=6.168137074,valid=1,read_failures=0"
dengfoc,"SYNC_TRUTH,sequence=1140461,truth_tick_us=2283496672,mechanical_angle_rad=6.168137074,valid=1,read_failures=0"
dengfoc,"SYNC_TRUTH,sequence=1140462,truth_tick_us=2283498672,mechanical_angle_rad=6.168137074,valid=1,read_failures=0"
dengfoc,"SYNC_TRUTH,sequence=1140463,truth_tick_us=2283500672,mechanical_angle_rad=6.168137074,valid=1,read_failures=0"
dengfoc,"SYNC_TRUTH,sequence=1140464,truth_tick_us=2283502672,mechanical_angle_rad=6.168137074,valid=1,read_failures=0"
dengfoc,"SYNC_TRUTH,sequence=1140465,truth_tick_us=2283504672,mechanical_angle_rad=6.168137074,valid=1,read_failures=0"
dengfoc,"SYNC_TRUTH,sequence=1140466,truth_tick_us=2283506672,mechanical_angle_rad=6.168137074,valid=1,read_failures=0"
dengfoc,"SYNC_TRUTH,sequence=1140467,truth_tick_us=2283508672,mechanical_angle_rad=6.168137074,valid=1,read_failures=0"
dengfoc,"SYNC_TRUTH,sequence=1140468,truth_tick_us=2283510672,mechanical_angle_rad=6.168137074,valid=1,read_failures=0"
dengfoc,"SYNC_TRUTH,sequence=1140469,truth_tick_us=2283512672,mechanical_angle_rad=6.168137074,valid=1,read_failures=0"
dengfoc,"SYNC_TRUTH,sequence=1140470,truth_tick_us=2283514672,mechanical_angle_rad=6.168137074,valid=1,read_failures=0"
dengfoc,"SYNC_TRUTH,sequence=1140471,truth_tick_us=2283516672,mechanical_angle_rad=6.168137074,valid=1,read_failures=0"
dengfoc,"SYNC_TRUTH,sequence=1140472,truth_tick_us=2283518672,mechanical_angle_rad=6.168137074,valid=1,read_failures=0"
dengfoc,"SYNC_TRUTH,sequence=1140473,truth_tick_us=2283520672,mechanical_angle_rad=6.168137074,valid=1,read_failures=0"
dengfoc,"SYNC_TRUTH,sequence=1140474,truth_tick_us=2283522672,mechanical_angle_rad=6.168137074,valid=1,read_failures=0"
dengfoc,"SYNC_TRUTH,sequence=1140475,truth_tick_us=2283524672,mechanical_angle_rad=6.168137074,valid=1,read_failures=0"
dengfoc,"SYNC_TRUTH,sequence=1140476,truth_tick_us=2283526672,mechanical_angle_rad=6.168137074,valid=1,read_failures=0"
dengfoc,"SYNC_TRUTH,sequence=1140477,truth_tick_us=2283528672,mechanical_angle_rad=6.168137074,valid=1,read_failures=0"
dengfoc,"SYNC_TRUTH,sequence=1140478,truth_tick_us=2283530672,mechanical_angle_rad=6.168137074,valid=1,read_failures=0"
dengfoc,"SYNC_TRUTH,sequence=1140479,truth_tick_us=2283532672,mechanical_angle_rad=6.168137074,valid=1,read_failures=0"
dengfoc,"SYNC_TRUTH,sequence=1140480,truth_tick_us=2283534672,mechanical_angle_rad=6.168137074,valid=1,read_failures=0"
dengfoc,"SYNC_TRUTH,sequence=1140481,truth_tick_us=2283536672,mechanical_angle_rad=6.168137074,valid=1,read_failures=0"
dengfoc,"SYNC_TRUTH,sequence=1140482,truth_tick_us=2283538672,mechanical_angle_rad=6.168137074,valid=1,read_failures=0"
dengfoc,"SYNC_TRUTH,sequence=1140483,truth_tick_us=2283540672,mechanical_angle_rad=6.168137074,valid=1,read_failures=0"
dengfoc,"SYNC_TRUTH,sequence=1140484,truth_tick_us=2283542672,mechanical_angle_rad=6.168137074,valid=1,read_failures=0"
dengfoc,"SYNC_TRUTH,sequence=1140485,truth_tick_us=2283544672,mechanical_angle_rad=6.168137074,valid=1,read_failures=0"
dengfoc,"SYNC_TRUTH,sequence=1140486,truth_tick_us=2283546672,mechanical_angle_rad=6.168137074,valid=1,read_failures=0"
dengfoc,"SYNC_TRUTH,sequence=1140487,truth_tick_us=2283548672,mechanical_angle_rad=6.168137074,valid=1,read_failures=0"
dengfoc,"SYNC_TRUTH,sequence=1140488,truth_tick_us=2283550672,mechanical_angle_rad=6.168137074,valid=1,read_failures=0"
dengfoc,"SYNC_TRUTH,sequence=1140489,truth_tick_us=2283552672,mechanical_angle_rad=6.168137074,valid=1,read_failures=0"
dengfoc,"SYNC_TRUTH,sequence=1140490,truth_tick_us=2283554672,mechanical_angle_rad=6.168137074,valid=1,read_failures=0"
dengfoc,"SYNC_TRUTH,sequence=1140491,truth_tick_us=2283556672,mechanical_angle_rad=6.168137074,valid=1,read_failures=0"
dengfoc,"SYNC_TRUTH,sequence=1140492,truth_tick_us=2283558672,mechanical_angle_rad=6.168137074,valid=1,read_failures=0"
dengfoc,"SYNC_TRUTH,sequence=1140493,truth_tick_us=2283560672,mechanical_angle_rad=6.168137074,valid=1,read_failures=0"
dengfoc,"SYNC_TRUTH,sequence=1140494,truth_tick_us=2283562672,mechanical_angle_rad=6.168137074,valid=1,read_failures=0"
dengfoc,"SYNC_TRUTH,sequence=1140495,truth_tick_us=2283564672,mechanical_angle_rad=6.168137074,valid=1,read_failures=0"
dengfoc,"SYNC_TRUTH,sequence=1140496,truth_tick_us=2283566672,mechanical_angle_rad=6.168137074,valid=1,read_failures=0"
dengfoc,"SYNC_TRUTH,sequence=1140497,truth_tick_us=2283568672,mechanical_angle_rad=6.168137074,valid=1,read_failures=0"
dengfoc,"SYNC_TRUTH,sequence=1140498,truth_tick_us=2283570672,mechanical_angle_rad=6.168137074,valid=1,read_failures=0"
dengfoc,"SYNC_TRUTH,sequence=1140499,truth_tick_us=2283572672,mechanical_angle_rad=6.168137074,valid=1,read_failures=0"
dengfoc,"SYNC_TRUTH,sequence=1140500,truth_tick_us=2283574672,mechanical_angle_rad=6.168137074,valid=1,read_failures=0"
dengfoc,"SYNC_TRUTH,sequence=1140501,truth_tick_us=2283576672,mechanical_angle_rad=6.168137074,valid=1,read_failures=0"
dengfoc,"SYNC_TRUTH,sequence=1140502,truth_tick_us=2283578672,mechanical_angle_rad=6.168137074,valid=1,read_failures=0"
dengfoc,"SYNC_TRUTH,sequence=1140503,truth_tick_us=2283580672,mechanical_angle_rad=6.168137074,valid=1,read_failures=0"
dengfoc,"SYNC_TRUTH,sequence=1140504,truth_tick_us=2283582672,mechanical_angle_rad=6.168137074,valid=1,read_failures=0"
dengfoc,"SYNC_TRUTH,sequence=1140505,truth_tick_us=2283584672,mechanical_angle_rad=6.168137074,valid=1,read_failures=0"
dengfoc,"SYNC_TRUTH,sequence=1140506,truth_tick_us=2283586672,mechanical_angle_rad=6.168137074,valid=1,read_failures=0"
dengfoc,"SYNC_TRUTH,sequence=1140507,truth_tick_us=2283588672,mechanical_angle_rad=6.168137074,valid=1,read_failures=0"
dengfoc,"SYNC_TRUTH,sequence=1140508,truth_tick_us=2283590672,mechanical_angle_rad=6.168137074,valid=1,read_failures=0"
dengfoc,"SYNC_TRUTH,sequence=1140509,truth_tick_us=2283592672,mechanical_angle_rad=6.168137074,valid=1,read_failures=0"
dengfoc,"SYNC_TRUTH,sequence=1140510,truth_tick_us=2283594672,mechanical_angle_rad=6.168137074,valid=1,read_failures=0"
dengfoc,"SYNC_TRUTH,sequence=1140511,truth_tick_us=2283596672,mechanical_angle_rad=6.168137074,valid=1,read_failures=0"
dengfoc,"SYNC_TRUTH,sequence=1140512,truth_tick_us=2283598672,mechanical_angle_rad=6.168137074,valid=1,read_failures=0"
dengfoc,"SYNC_TRUTH,sequence=1140513,truth_tick_us=2283600672,mechanical_angle_rad=6.168137074,valid=1,read_failures=0"
dengfoc,"SYNC_TRUTH,sequence=1140514,truth_tick_us=2283602672,mechanical_angle_rad=6.168137074,valid=1,read_failures=0"
dengfoc,"SYNC_TRUTH,sequence=1140515,truth_tick_us=2283604672,mechanical_angle_rad=6.168137074,valid=1,read_failures=0"
dengfoc,"SYNC_TRUTH,sequence=1140516,truth_tick_us=2283606672,mechanical_angle_rad=6.168137074,valid=1,read_failures=0"
dengfoc,"SYNC_TRUTH,sequence=1140517,truth_tick_us=2283608672,mechanical_angle_rad=6.168137074,valid=1,read_failures=0"
dengfoc,"SYNC_TRUTH,sequence=1140518,truth_tick_us=2283610672,mechanical_angle_rad=6.168137074,valid=1,read_failures=0"
dengfoc,"SYNC_TRUTH,sequence=1140519,truth_tick_us=2283612672,mechanical_angle_rad=6.168137074,valid=1,read_failures=0"
dengfoc,"SYNC_TRUTH,sequence=1140520,truth_tick_us=2283614672,mechanical_angle_rad=6.168137074,valid=1,read_failures=0"
dengfoc,"SYNC_TRUTH,sequence=1140521,truth_tick_us=2283616672,mechanical_angle_rad=6.168137074,valid=1,read_failures=0"
dengfoc,"SYNC_TRUTH,sequence=1140522,truth_tick_us=2283618672,mechanical_angle_rad=6.168137074,valid=1,read_failures=0"
dengfoc,"SYNC_TRUTH,sequence=1140523,truth_tick_us=2283620672,mechanical_angle_rad=6.168137074,valid=1,read_failures=0"
dengfoc,"SYNC_TRUTH,sequence=1140524,truth_tick_us=2283622672,mechanical_angle_rad=6.168137074,valid=1,read_failures=0"
dengfoc,"SYNC_TRUTH,sequence=1140525,truth_tick_us=2283624672,mechanical_angle_rad=6.168137074,valid=1,read_failures=0"
dengfoc,"SYNC_TRUTH,sequence=1140526,truth_tick_us=2283626672,mechanical_angle_rad=6.168137074,valid=1,read_failures=0"
dengfoc,"SYNC_TRUTH,sequence=1140527,truth_tick_us=2283628672,mechanical_angle_rad=6.168137074,valid=1,read_failures=0"
dengfoc,"SYNC_TRUTH,sequence=1140528,truth_tick_us=2283630672,mechanical_angle_rad=6.168137074,valid=1,read_failures=0"
dengfoc,"SYNC_TRUTH,sequence=1140529,truth_tick_us=2283632672,mechanical_angle_rad=6.168137074,valid=1,read_failures=0"
dengfoc,"SYNC_TRUTH,sequence=1140530,truth_tick_us=2283634672,mechanical_angle_rad=6.168137074,valid=1,read_failures=0"
dengfoc,"SYNC_TRUTH,sequence=1140531,truth_tick_us=2283636672,mechanical_angle_rad=6.168137074,valid=1,read_failures=0"
dengfoc,"SYNC_TRUTH,sequence=1140532,truth_tick_us=2283638672,mechanical_angle_rad=6.168137074,valid=1,read_failures=0"
dengfoc,"SYNC_TRUTH,sequence=1140533,truth_tick_us=2283640672,mechanical_angle_rad=6.168137074,valid=1,read_failures=0"
dengfoc,"SYNC_TRUTH,sequence=1140534,truth_tick_us=2283642672,mechanical_angle_rad=6.168137074,valid=1,read_failures=0"
dengfoc,"SYNC_TRUTH,sequence=1140535,truth_tick_us=2283644672,mechanical_angle_rad=6.168137074,valid=1,read_failures=0"
dengfoc,"SYNC_TRUTH,sequence=1140536,truth_tick_us=2283646672,mechanical_angle_rad=6.168137074,valid=1,read_failures=0"
dengfoc,"SYNC_TRUTH,sequence=1140537,truth_tick_us=2283648672,mechanical_angle_rad=6.168137074,valid=1,read_failures=0"
dengfoc,"SYNC_TRUTH,sequence=1140538,truth_tick_us=2283650672,mechanical_angle_rad=6.168137074,valid=1,read_failures=0"
dengfoc,"SYNC_TRUTH,sequence=1140539,truth_tick_us=2283652672,mechanical_angle_rad=6.168137074,valid=1,read_failures=0"
dengfoc,"SYNC_TRUTH,sequence=1140540,truth_tick_us=2283654672,mechanical_angle_rad=6.168137074,valid=1,read_failures=0"
dengfoc,"SYNC_TRUTH,sequence=1140541,truth_tick_us=2283656672,mechanical_angle_rad=6.168137074,valid=1,read_failures=0"
dengfoc,"SYNC_TRUTH,sequence=1140542,truth_tick_us=2283658672,mechanical_angle_rad=6.168137074,valid=1,read_failures=0"
dengfoc,"SYNC_TRUTH,sequence=1140543,truth_tick_us=2283660672,mechanical_angle_rad=6.168137074,valid=1,read_failures=0"
dengfoc,"SYNC_TRUTH,sequence=1140544,truth_tick_us=2283662672,mechanical_angle_rad=6.168137074,valid=1,read_failures=0"
dengfoc,"SYNC_TRUTH,sequence=1140545,truth_tick_us=2283664672,mechanical_angle_rad=6.168137074,valid=1,read_failures=0"
dengfoc,"SYNC_TRUTH,sequence=1140546,truth_tick_us=2283666672,mechanical_angle_rad=6.168137074,valid=1,read_failures=0"
dengfoc,"SYNC_TRUTH,sequence=1140547,truth_tick_us=2283668672,mechanical_angle_rad=6.168137074,valid=1,read_failures=0"
dengfoc,"SYNC_TRUTH,sequence=1140548,truth_tick_us=2283670672,mechanical_angle_rad=6.168137074,valid=1,read_failures=0"
dengfoc,"SYNC_TRUTH,sequence=1140549,truth_tick_us=2283672672,mechanical_angle_rad=6.168137074,valid=1,read_failures=0"
dengfoc,"SYNC_TRUTH,sequence=1140550,truth_tick_us=2283674672,mechanical_angle_rad=6.168137074,valid=1,read_failures=0"
dengfoc,"SYNC_TRUTH,sequence=1140551,truth_tick_us=2283676672,mechanical_angle_rad=6.168137074,valid=1,read_failures=0"
dengfoc,"SYNC_TRUTH,sequence=1140552,truth_tick_us=2283678672,mechanical_angle_rad=6.168137074,valid=1,read_failures=0"
dengfoc,"SYNC_TRUTH,sequence=1140553,truth_tick_us=2283680672,mechanical_angle_rad=6.168137074,valid=1,read_failures=0"
dengfoc,"SYNC_TRUTH,sequence=1140554,truth_tick_us=2283682672,mechanical_angle_rad=6.168137074,valid=1,read_failures=0"
dengfoc,"SYNC_TRUTH,sequence=1140555,truth_tick_us=2283684672,mechanical_angle_rad=6.168137074,valid=1,read_failures=0"
dengfoc,"SYNC_TRUTH,sequence=1140556,truth_tick_us=2283686672,mechanical_angle_rad=6.168137074,valid=1,read_failures=0"
dengfoc,"SYNC_TRUTH,sequence=1140557,truth_tick_us=2283688672,mechanical_angle_rad=6.168137074,valid=1,read_failures=0"
dengfoc,"SYNC_TRUTH,sequence=1140558,truth_tick_us=2283690672,mechanical_angle_rad=6.168137074,valid=1,read_failures=0"
dengfoc,"SYNC_TRUTH,sequence=1140559,truth_tick_us=2283692672,mechanical_angle_rad=6.168137074,valid=1,read_failures=0"
dengfoc,"SYNC_TRUTH,sequence=1140560,truth_tick_us=2283694672,mechanical_angle_rad=6.168137074,valid=1,read_failures=0"
dengfoc,"SYNC_TRUTH,sequence=1140561,truth_tick_us=2283696672,mechanical_angle_rad=6.168137074,valid=1,read_failures=0"
dengfoc,"SYNC_TRUTH,sequence=1140562,truth_tick_us=2283698672,mechanical_angle_rad=6.168137074,valid=1,read_failures=0"
dengfoc,"SYNC_TRUTH,sequence=1140563,truth_tick_us=2283700672,mechanical_angle_rad=6.168137074,valid=1,read_failures=0"
dengfoc,"SYNC_TRUTH,sequence=1140564,truth_tick_us=2283702672,mechanical_angle_rad=6.168137074,valid=1,read_failures=0"
dengfoc,"SYNC_TRUTH,sequence=1140565,truth_tick_us=2283704672,mechanical_angle_rad=6.168137074,valid=1,read_failures=0"
dengfoc,"SYNC_TRUTH,sequence=1140566,truth_tick_us=2283706672,mechanical_angle_rad=6.168137074,valid=1,read_failures=0"
dengfoc,"SYNC_TRUTH,sequence=1140567,truth_tick_us=2283708672,mechanical_angle_rad=6.168137074,valid=1,read_failures=0"
dengfoc,"SYNC_TRUTH,sequence=1140568,truth_tick_us=2283710672,mechanical_angle_rad=6.168137074,valid=1,read_failures=0"
dengfoc,"SYNC_TRUTH,sequence=1140569,truth_tick_us=2283712672,mechanical_angle_rad=6.168137074,valid=1,read_failures=0"
dengfoc,"SYNC_TRUTH,sequence=1140570,truth_tick_us=2283714672,mechanical_angle_rad=6.168137074,valid=1,read_failures=0"
dengfoc,"SYNC_TRUTH,sequence=1140571,truth_tick_us=2283716672,mechanical_angle_rad=6.168137074,valid=1,read_failures=0"
dengfoc,"SYNC_TRUTH,sequence=1140572,truth_tick_us=2283718672,mechanical_angle_rad=6.168137074,valid=1,read_failures=0"
dengfoc,"SYNC_TRUTH,sequence=1140573,truth_tick_us=2283720672,mechanical_angle_rad=6.168137074,valid=1,read_failures=0"
dengfoc,"SYNC_TRUTH,sequence=1140574,truth_tick_us=2283722672,mechanical_angle_rad=6.168137074,valid=1,read_failures=0"
dengfoc,"SYNC_TRUTH,sequence=1140575,truth_tick_us=2283724672,mechanical_angle_rad=6.168137074,valid=1,read_failures=0"
dengfoc,"SYNC_TRUTH,sequence=1140576,truth_tick_us=2283726672,mechanical_angle_rad=6.168137074,valid=1,read_failures=0"
dengfoc,"SYNC_TRUTH,sequence=1140577,truth_tick_us=2283728672,mechanical_angle_rad=6.168137074,valid=1,read_failures=0"
dengfoc,"SYNC_TRUTH,sequence=1140578,truth_tick_us=2283730672,mechanical_angle_rad=6.168137074,valid=1,read_failures=0"
dengfoc,"SYNC_TRUTH,sequence=1140579,truth_tick_us=2283732672,mechanical_angle_rad=6.168137074,valid=1,read_failures=0"
dengfoc,"SYNC_TRUTH,sequence=1140580,truth_tick_us=2283734672,mechanical_angle_rad=6.168137074,valid=1,read_failures=0"
dengfoc,"SYNC_TRUTH,sequence=1140581,truth_tick_us=2283736672,mechanical_angle_rad=6.168137074,valid=1,read_failures=0"
dengfoc,"SYNC_TRUTH,sequence=1140582,truth_tick_us=2283738672,mechanical_angle_rad=6.168137074,valid=1,read_failures=0"
dengfoc,"SYNC_TRUTH,sequence=1140583,truth_tick_us=2283740672,mechanical_angle_rad=6.168137074,valid=1,read_failures=0"
dengfoc,"SYNC_TRUTH,sequence=1140584,truth_tick_us=2283742672,mechanical_angle_rad=6.168137074,valid=1,read_failures=0"
dengfoc,"SYNC_TRUTH,sequence=1140585,truth_tick_us=2283744672,mechanical_angle_rad=6.168137074,valid=1,read_failures=0"
dengfoc,"SYNC_TRUTH,sequence=1140586,truth_tick_us=2283746672,mechanical_angle_rad=6.168137074,valid=1,read_failures=0"
dengfoc,"SYNC_TRUTH,sequence=1140587,truth_tick_us=2283748672,mechanical_angle_rad=6.168137074,valid=1,read_failures=0"
dengfoc,"SYNC_TRUTH,sequence=1140588,truth_tick_us=2283750672,mechanical_angle_rad=6.168137074,valid=1,read_failures=0"
dengfoc,"SYNC_TRUTH,sequence=1140589,truth_tick_us=2283752672,mechanical_angle_rad=6.168137074,valid=1,read_failures=0"
dengfoc,"SYNC_TRUTH,sequence=1140590,truth_tick_us=2283754672,mechanical_angle_rad=6.168137074,valid=1,read_failures=0"
dengfoc,"SYNC_TRUTH,sequence=1140591,truth_tick_us=2283756672,mechanical_angle_rad=6.168137074,valid=1,read_failures=0"
dengfoc,"SYNC_TRUTH,sequence=1140592,truth_tick_us=2283758672,mechanical_angle_rad=6.168137074,valid=1,read_failures=0"
dengfoc,"SYNC_TRUTH,sequence=1140593,truth_tick_us=2283760672,mechanical_angle_rad=6.168137074,valid=1,read_failures=0"
dengfoc,"SYNC_TRUTH,sequence=1140594,truth_tick_us=2283762672,mechanical_angle_rad=6.168137074,valid=1,read_failures=0"
dengfoc,"SYNC_TRUTH,sequence=1140595,truth_tick_us=2283764672,mechanical_angle_rad=6.168137074,valid=1,read_failures=0"
dengfoc,"SYNC_TRUTH,sequence=1140596,truth_tick_us=2283766672,mechanical_angle_rad=6.168137074,valid=1,read_failures=0"
dengfoc,"SYNC_TRUTH,sequence=1140597,truth_tick_us=2283768672,mechanical_angle_rad=6.168137074,valid=1,read_failures=0"
dengfoc,"SYNC_TRUTH,sequence=1140598,truth_tick_us=2283770672,mechanical_angle_rad=6.168137074,valid=1,read_failures=0"
dengfoc,"SYNC_TRUTH,sequence=1140599,truth_tick_us=2283772672,mechanical_angle_rad=6.168137074,valid=1,read_failures=0"
dengfoc,"SYNC_TRUTH,sequence=1140600,truth_tick_us=2283774672,mechanical_angle_rad=6.168137074,valid=1,read_failures=0"
dengfoc,"SYNC_TRUTH,sequence=1140601,truth_tick_us=2283776672,mechanical_angle_rad=6.168137074,valid=1,read_failures=0"
dengfoc,"SYNC_TRUTH,sequence=1140602,truth_tick_us=2283778672,mechanical_angle_rad=6.168137074,valid=1,read_failures=0"
dengfoc,"SYNC_TRUTH,sequence=1140603,truth_tick_us=2283780672,mechanical_angle_rad=6.168137074,valid=1,read_failures=0"
dengfoc,"SYNC_TRUTH,sequence=1140604,truth_tick_us=2283782672,mechanical_angle_rad=6.168137074,valid=1,read_failures=0"
dengfoc,"SYNC_TRUTH,sequence=1140605,truth_tick_us=2283784672,mechanical_angle_rad=6.168137074,valid=1,read_failures=0"
dengfoc,"SYNC_TRUTH,sequence=1140606,truth_tick_us=2283786672,mechanical_angle_rad=6.168137074,valid=1,read_failures=0"
dengfoc,"SYNC_TRUTH,sequence=1140607,truth_tick_us=2283788672,mechanical_angle_rad=6.168137074,valid=1,read_failures=0"
dengfoc,"SYNC_TRUTH,sequence=1140608,truth_tick_us=2283790672,mechanical_angle_rad=6.168137074,valid=1,read_failures=0"
dengfoc,"SYNC_TRUTH,sequence=1140609,truth_tick_us=2283792672,mechanical_angle_rad=6.168137074,valid=1,read_failures=0"
dengfoc,"SYNC_TRUTH,sequence=1140610,truth_tick_us=2283794672,mechanical_angle_rad=6.168137074,valid=1,read_failures=0"
dengfoc,"SYNC_TRUTH,sequence=1140611,truth_tick_us=2283796672,mechanical_angle_rad=6.168137074,valid=1,read_failures=0"
dengfoc,"SYNC_TRUTH,sequence=1140612,truth_tick_us=2283798672,mechanical_angle_rad=6.168137074,valid=1,read_failures=0"
dengfoc,"SYNC_TRUTH,sequence=1140613,truth_tick_us=2283800672,mechanical_angle_rad=6.168137074,valid=1,read_failures=0"
dengfoc,"SYNC_TRUTH,sequence=1140614,truth_tick_us=2283802672,mechanical_angle_rad=6.168137074,valid=1,read_failures=0"
dengfoc,"SYNC_TRUTH,sequence=1140615,truth_tick_us=2283804672,mechanical_angle_rad=6.168137074,valid=1,read_failures=0"
dengfoc,"SYNC_TRUTH,sequence=1140616,truth_tick_us=2283806672,mechanical_angle_rad=6.168137074,valid=1,read_failures=0"
dengfoc,"SYNC_TRUTH,sequence=1140617,truth_tick_us=2283808672,mechanical_angle_rad=6.168137074,valid=1,read_failures=0"
dengfoc,"SYNC_TRUTH,sequence=1140618,truth_tick_us=2283810672,mechanical_angle_rad=6.168137074,valid=1,read_failures=0"
dengfoc,"SYNC_TRUTH,sequence=1140619,truth_tick_us=2283812672,mechanical_angle_rad=6.168137074,valid=1,read_failures=0"
dengfoc,"SYNC_TRUTH,sequence=1140620,truth_tick_us=2283814672,mechanical_angle_rad=6.168137074,valid=1,read_failures=0"
dengfoc,"SYNC_TRUTH,sequence=1140621,truth_tick_us=2283816672,mechanical_angle_rad=6.168137074,valid=1,read_failures=0"
dengfoc,"SYNC_TRUTH,sequence=1140622,truth_tick_us=2283818672,mechanical_angle_rad=6.168137074,valid=1,read_failures=0"
dengfoc,"SYNC_TRUTH,sequence=1140623,truth_tick_us=2283820672,mechanical_angle_rad=6.168137074,valid=1,read_failures=0"
dengfoc,"SYNC_TRUTH,sequence=1140624,truth_tick_us=2283822672,mechanical_angle_rad=6.168137074,valid=1,read_failures=0"
dengfoc,"SYNC_TRUTH,sequence=1140625,truth_tick_us=2283824672,mechanical_angle_rad=6.168137074,valid=1,read_failures=0"
dengfoc,"SYNC_TRUTH,sequence=1140626,truth_tick_us=2283826672,mechanical_angle_rad=6.168137074,valid=1,read_failures=0"
dengfoc,"SYNC_TRUTH,sequence=1140627,truth_tick_us=2283828672,mechanical_angle_rad=6.168137074,valid=1,read_failures=0"
dengfoc,"SYNC_TRUTH,sequence=1140628,truth_tick_us=2283830672,mechanical_angle_rad=6.168137074,valid=1,read_failures=0"
dengfoc,"SYNC_TRUTH,sequence=1140629,truth_tick_us=2283832672,mechanical_angle_rad=6.168137074,valid=1,read_failures=0"
dengfoc,"SYNC_TRUTH,sequence=1140630,truth_tick_us=2283834672,mechanical_angle_rad=6.168137074,valid=1,read_failures=0"
dengfoc,"SYNC_TRUTH,sequence=1140631,truth_tick_us=2283836672,mechanical_angle_rad=6.168137074,valid=1,read_failures=0"
dengfoc,"SYNC_TRUTH,sequence=1140632,truth_tick_us=2283838672,mechanical_angle_rad=6.168137074,valid=1,read_failures=0"
dengfoc,"SYNC_TRUTH,sequence=1140633,truth_tick_us=2283840672,mechanical_angle_rad=6.168137074,valid=1,read_failures=0"
dengfoc,"SYNC_TRUTH,sequence=1140634,truth_tick_us=2283842672,mechanical_angle_rad=6.168137074,valid=1,read_failures=0"
dengfoc,"SYNC_TRUTH,sequence=1140635,truth_tick_us=2283844672,mechanical_angle_rad=6.168137074,valid=1,read_failures=0"
dengfoc,"SYNC_TRUTH,sequence=1140636,truth_tick_us=2283846672,mechanical_angle_rad=6.168137074,valid=1,read_failures=0"
dengfoc,"SYNC_TRUTH,sequence=1140637,truth_tick_us=2283848672,mechanical_angle_rad=6.168137074,valid=1,read_failures=0"
g431,foc_stop
g431,FSTOP
dengfoc,"SYNC_TRUTH,sequence=1140638,truth_tick_us=2283850672,mechanical_angle_rad=6.168137074,valid=1,read_failures=0"
g431,msh >
dengfoc,"SYNC_TRUTH,sequence=1140639,truth_tick_us=2283852672,mechanical_angle_rad=6.168137074,valid=1,read_failures=0"
dengfoc,"SYNC_TRUTH,sequence=1140640,truth_tick_us=2283854672,mechanical_angle_rad=6.168137074,valid=1,read_failures=0"
dengfoc,"SYNC_TRUTH,sequence=1140641,truth_tick_us=2283856672,mechanical_angle_rad=6.168137074,valid=1,read_failures=0"
dengfoc,"SYNC_TRUTH,sequence=1140642,truth_tick_us=2283858672,mechanical_angle_rad=6.168137074,valid=1,read_failures=0"
dengfoc,"SYNC_TRUTH,sequence=1140643,truth_tick_us=2283860672,mechanical_angle_rad=6.168137074,valid=1,read_failures=0"
dengfoc,"SYNC_TRUTH,sequence=1140644,truth_tick_us=2283862672,mechanical_angle_rad=6.168137074,valid=1,read_failures=0"
dengfoc,"SYNC_TRUTH,sequence=1140645,truth_tick_us=2283864672,mechanical_angle_rad=6.168137074,valid=1,read_failures=0"
dengfoc,"SYNC_TRUTH,sequence=1140646,truth_tick_us=2283866672,mechanical_angle_rad=6.168137074,valid=1,read_failures=0"
dengfoc,"SYNC_TRUTH,sequence=1140647,truth_tick_us=2283868672,mechanical_angle_rad=6.168137074,valid=1,read_failures=0"
dengfoc,"SYNC_TRUTH,sequence=1140648,truth_tick_us=2283870672,mechanical_angle_rad=6.168137074,valid=1,read_failures=0"
dengfoc,"SYNC_TRUTH,sequence=1140649,truth_tick_us=2283872672,mechanical_angle_rad=6.168137074,valid=1,read_failures=0"
dengfoc,"SYNC_TRUTH,sequence=1140650,truth_tick_us=2283874672,mechanical_angle_rad=6.168137074,valid=1,read_failures=0"
g431,msh >
dengfoc,"SYNC_TRUTH,sequence=1140651,truth_tick_us=2283876672,mechanical_angle_rad=6.168137074,valid=1,read_failures=0"
dengfoc,"SYNC_TRUTH,sequence=1140652,truth_tick_us=2283878672,mechanical_angle_rad=6.168137074,valid=1,read_failures=0"
dengfoc,"SYNC_TRUTH,sequence=1140653,truth_tick_us=2283880672,mechanical_angle_rad=6.168137074,valid=1,read_failures=0"
dengfoc,"SYNC_TRUTH,sequence=1140654,truth_tick_us=2283882672,mechanical_angle_rad=6.168137074,valid=1,read_failures=0"
dengfoc,"SYNC_TRUTH,sequence=1140655,truth_tick_us=2283884672,mechanical_angle_rad=6.168137074,valid=1,read_failures=0"
dengfoc,"SYNC_TRUTH,sequence=1140656,truth_tick_us=2283886672,mechanical_angle_rad=6.168137074,valid=1,read_failures=0"
dengfoc,"SYNC_TRUTH,sequence=1140657,truth_tick_us=2283888672,mechanical_angle_rad=6.168137074,valid=1,read_failures=0"
dengfoc,"SYNC_TRUTH,sequence=1140658,truth_tick_us=2283890672,mechanical_angle_rad=6.168137074,valid=1,read_failures=0"
dengfoc,"SYNC_TRUTH,sequence=1140659,truth_tick_us=2283892672,mechanical_angle_rad=6.168137074,valid=1,read_failures=0"
dengfoc,"SYNC_TRUTH,sequence=1140660,truth_tick_us=2283894672,mechanical_angle_rad=6.168137074,valid=1,read_failures=0"
dengfoc,"SYNC_TRUTH,sequence=1140661,truth_tick_us=2283896672,mechanical_angle_rad=6.168137074,valid=1,read_failures=0"
dengfoc,"SYNC_TRUTH,sequence=1140662,truth_tick_us=2283898672,mechanical_angle_rad=6.168137074,valid=1,read_failures=0"
dengfoc,"SYNC_TRUTH,sequence=1140663,truth_tick_us=2283900672,mechanical_angle_rad=6.168137074,valid=1,read_failures=0"
dengfoc,"SYNC_TRUTH,sequence=1140664,truth_tick_us=2283902672,mechanical_angle_rad=6.168137074,valid=1,read_failures=0"
dengfoc,"SYNC_TRUTH,sequence=1140665,truth_tick_us=2283904672,mechanical_angle_rad=6.168137074,valid=1,read_failures=0"
dengfoc,"SYNC_TRUTH,sequence=1140666,truth_tick_us=2283906672,mechanical_angle_rad=6.168137074,valid=1,read_failures=0"
dengfoc,"SYNC_TRUTH,sequence=1140667,truth_tick_us=2283908672,mechanical_angle_rad=6.168137074,valid=1,read_failures=0"
dengfoc,"SYNC_TRUTH,sequence=1140668,truth_tick_us=2283910672,mechanical_angle_rad=6.168137074,valid=1,read_failures=0"
dengfoc,"SYNC_TRUTH,sequence=1140669,truth_tick_us=2283912672,mechanical_angle_rad=6.168137074,valid=1,read_failures=0"
dengfoc,"SYNC_TRUTH,sequence=1140670,truth_tick_us=2283914672,mechanical_angle_rad=6.168137074,valid=1,read_failures=0"
dengfoc,"SYNC_TRUTH,sequence=1140671,truth_tick_us=2283916672,mechanical_angle_rad=6.168137074,valid=1,read_failures=0"
dengfoc,"SYNC_TRUTH,sequence=1140672,truth_tick_us=2283918672,mechanical_angle_rad=6.168137074,valid=1,read_failures=0"
dengfoc,"SYNC_TRUTH,sequence=1140673,truth_tick_us=2283920672,mechanical_angle_rad=6.168137074,valid=1,read_failures=0"
dengfoc,"SYNC_TRUTH,sequence=1140674,truth_tick_us=2283922672,mechanical_angle_rad=6.168137074,valid=1,read_failures=0"
dengfoc,"SYNC_TRUTH,sequence=1140675,truth_tick_us=2283924672,mechanical_angle_rad=6.168137074,valid=1,read_failures=0"
dengfoc,"SYNC_TRUTH,sequence=1140676,truth_tick_us=2283926672,mechanical_angle_rad=6.168137074,valid=1,read_failures=0"
dengfoc,"SYNC_TRUTH,sequence=1140677,truth_tick_us=2283928672,mechanical_angle_rad=6.168137074,valid=1,read_failures=0"
dengfoc,"SYNC_TRUTH,sequence=1140678,truth_tick_us=2283930672,mechanical_angle_rad=6.168137074,valid=1,read_failures=0"
dengfoc,"SYNC_TRUTH,sequence=1140679,truth_tick_us=2283932672,mechanical_angle_rad=6.168137074,valid=1,read_failures=0"
dengfoc,"SYNC_TRUTH,sequence=1140680,truth_tick_us=2283934672,mechanical_angle_rad=6.168137074,valid=1,read_failures=0"
dengfoc,"SYNC_TRUTH,sequence=1140681,truth_tick_us=2283936672,mechanical_angle_rad=6.168137074,valid=1,read_failures=0"
dengfoc,"SYNC_TRUTH,sequence=1140682,truth_tick_us=2283938672,mechanical_angle_rad=6.168137074,valid=1,read_failures=0"
dengfoc,"SYNC_TRUTH,sequence=1140683,truth_tick_us=2283940672,mechanical_angle_rad=6.168137074,valid=1,read_failures=0"
dengfoc,"SYNC_TRUTH,sequence=1140684,truth_tick_us=2283942672,mechanical_angle_rad=6.168137074,valid=1,read_failures=0"
dengfoc,"SYNC_TRUTH,sequence=1140685,truth_tick_us=2283944672,mechanical_angle_rad=6.168137074,valid=1,read_failures=0"
dengfoc,"SYNC_TRUTH,sequence=1140686,truth_tick_us=2283946672,mechanical_angle_rad=6.168137074,valid=1,read_failures=0"
dengfoc,"SYNC_TRUTH,sequence=1140687,truth_tick_us=2283948672,mechanical_angle_rad=6.168137074,valid=1,read_failures=0"
dengfoc,"SYNC_TRUTH,sequence=1140688,truth_tick_us=2283950672,mechanical_angle_rad=6.168137074,valid=1,read_failures=0"
dengfoc,"SYNC_TRUTH,sequence=1140689,truth_tick_us=2283952672,mechanical_angle_rad=6.168137074,valid=1,read_failures=0"
dengfoc,"SYNC_TRUTH,sequence=1140690,truth_tick_us=2283954672,mechanical_angle_rad=6.168137074,valid=1,read_failures=0"
dengfoc,"SYNC_TRUTH,sequence=1140691,truth_tick_us=2283956672,mechanical_angle_rad=6.168137074,valid=1,read_failures=0"
dengfoc,"SYNC_TRUTH,sequence=1140692,truth_tick_us=2283958672,mechanical_angle_rad=6.168137074,valid=1,read_failures=0"
dengfoc,"SYNC_TRUTH,sequence=1140693,truth_tick_us=2283960672,mechanical_angle_rad=6.168137074,valid=1,read_failures=0"
dengfoc,"SYNC_TRUTH,sequence=1140694,truth_tick_us=2283962672,mechanical_angle_rad=6.168137074,valid=1,read_failures=0"
dengfoc,"SYNC_TRUTH,sequence=1140695,truth_tick_us=2283964672,mechanical_angle_rad=6.168137074,valid=1,read_failures=0"
dengfoc,"SYNC_TRUTH,sequence=1140696,truth_tick_us=2283966672,mechanical_angle_rad=6.168137074,valid=1,read_failures=0"
dengfoc,"SYNC_TRUTH,sequence=1140697,truth_tick_us=2283968672,mechanical_angle_rad=6.168137074,valid=1,read_failures=0"
dengfoc,"SYNC_TRUTH,sequence=1140698,truth_tick_us=2283970672,mechanical_angle_rad=6.168137074,valid=1,read_failures=0"
dengfoc,"SYNC_TRUTH,sequence=1140699,truth_tick_us=2283972672,mechanical_angle_rad=6.168137074,valid=1,read_failures=0"
dengfoc,"SYNC_TRUTH,sequence=1140700,truth_tick_us=2283974672,mechanical_angle_rad=6.168137074,valid=1,read_failures=0"
dengfoc,"SYNC_TRUTH,sequence=1140701,truth_tick_us=2283976672,mechanical_angle_rad=6.168137074,valid=1,read_failures=0"
dengfoc,"SYNC_TRUTH,sequence=1140702,truth_tick_us=2283978672,mechanical_angle_rad=6.168137074,valid=1,read_failures=0"
dengfoc,"SYNC_TRUTH,sequence=1140703,truth_tick_us=2283980672,mechanical_angle_rad=6.168137074,valid=1,read_failures=0"
dengfoc,"SYNC_TRUTH,sequence=1140704,truth_tick_us=2283982672,mechanical_angle_rad=6.168137074,valid=1,read_failures=0"
dengfoc,"SYNC_TRUTH,sequence=1140705,truth_tick_us=2283984672,mechanical_angle_rad=6.168137074,valid=1,read_failures=0"
dengfoc,"SYNC_TRUTH,sequence=1140706,truth_tick_us=2283986672,mechanical_angle_rad=6.168137074,valid=1,read_failures=0"
dengfoc,"SYNC_TRUTH,sequence=1140707,truth_tick_us=2283988672,mechanical_angle_rad=6.168137074,valid=1,read_failures=0"
dengfoc,"SYNC_TRUTH,sequence=1140708,truth_tick_us=2283990672,mechanical_angle_rad=6.168137074,valid=1,read_failures=0"
dengfoc,"SYNC_TRUTH,sequence=1140709,truth_tick_us=2283992672,mechanical_angle_rad=6.168137074,valid=1,read_failures=0"
dengfoc,"SYNC_TRUTH,sequence=1140710,truth_tick_us=2283994672,mechanical_angle_rad=6.168137074,valid=1,read_failures=0"
dengfoc,"SYNC_TRUTH,sequence=1140711,truth_tick_us=2283996672,mechanical_angle_rad=6.168137074,valid=1,read_failures=0"
dengfoc,"SYNC_TRUTH,sequence=1140712,truth_tick_us=2283998672,mechanical_angle_rad=6.168137074,valid=1,read_failures=0"
dengfoc,"SYNC_TRUTH,sequence=1140713,truth_tick_us=2284000672,mechanical_angle_rad=6.168137074,valid=1,read_failures=0"
dengfoc,"SYNC_TRUTH,sequence=1140714,truth_tick_us=2284002672,mechanical_angle_rad=6.168137074,valid=1,read_failures=0"
dengfoc,"SYNC_TRUTH,sequence=1140715,truth_tick_us=2284004672,mechanical_angle_rad=6.168137074,valid=1,read_failures=0"
dengfoc,"SYNC_TRUTH,sequence=1140716,truth_tick_us=2284006672,mechanical_angle_rad=6.168137074,valid=1,read_failures=0"
dengfoc,"SYNC_TRUTH,sequence=1140717,truth_tick_us=2284008672,mechanical_angle_rad=6.168137074,valid=1,read_failures=0"
dengfoc,"SYNC_TRUTH,sequence=1140718,truth_tick_us=2284010672,mechanical_angle_rad=6.168137074,valid=1,read_failures=0"
dengfoc,"SYNC_TRUTH,sequence=1140719,truth_tick_us=2284012672,mechanical_angle_rad=6.168137074,valid=1,read_failures=0"
dengfoc,"SYNC_TRUTH,sequence=1140720,truth_tick_us=2284014672,mechanical_angle_rad=6.168137074,valid=1,read_failures=0"
dengfoc,"SYNC_TRUTH,sequence=1140721,truth_tick_us=2284016672,mechanical_angle_rad=6.168137074,valid=1,read_failures=0"
dengfoc,"SYNC_TRUTH,sequence=1140722,truth_tick_us=2284018672,mechanical_angle_rad=6.168137074,valid=1,read_failures=0"
dengfoc,"SYNC_TRUTH,sequence=1140723,truth_tick_us=2284020672,mechanical_angle_rad=6.168137074,valid=1,read_failures=0"
dengfoc,"SYNC_TRUTH,sequence=1140724,truth_tick_us=2284022672,mechanical_angle_rad=6.168137074,valid=1,read_failures=0"
dengfoc,"SYNC_TRUTH,sequence=1140725,truth_tick_us=2284024672,mechanical_angle_rad=6.168137074,valid=1,read_failures=0"
dengfoc,"SYNC_TRUTH,sequence=1140726,truth_tick_us=2284026672,mechanical_angle_rad=6.168137074,valid=1,read_failures=0"
dengfoc,"SYNC_TRUTH,sequence=1140727,truth_tick_us=2284028672,mechanical_angle_rad=6.168137074,valid=1,read_failures=0"
dengfoc,"SYNC_TRUTH,sequence=1140728,truth_tick_us=2284030672,mechanical_angle_rad=6.168137074,valid=1,read_failures=0"
dengfoc,"SYNC_TRUTH,sequence=1140729,truth_tick_us=2284032672,mechanical_angle_rad=6.168137074,valid=1,read_failures=0"
dengfoc,"SYNC_TRUTH,sequence=1140730,truth_tick_us=2284034672,mechanical_angle_rad=6.168137074,valid=1,read_failures=0"
dengfoc,"SYNC_TRUTH,sequence=1140731,truth_tick_us=2284036672,mechanical_angle_rad=6.168137074,valid=1,read_failures=0"
dengfoc,"SYNC_TRUTH,sequence=1140732,truth_tick_us=2284038672,mechanical_angle_rad=6.168137074,valid=1,read_failures=0"
dengfoc,"SYNC_TRUTH,sequence=1140733,truth_tick_us=2284040672,mechanical_angle_rad=6.168137074,valid=1,read_failures=0"
dengfoc,"SYNC_TRUTH,sequence=1140734,truth_tick_us=2284042672,mechanical_angle_rad=6.168137074,valid=1,read_failures=0"
dengfoc,"SYNC_TRUTH,sequence=1140735,truth_tick_us=2284044672,mechanical_angle_rad=6.168137074,valid=1,read_failures=0"
dengfoc,"SYNC_TRUTH,sequence=1140736,truth_tick_us=2284046672,mechanical_angle_rad=6.168137074,valid=1,read_failures=0"
dengfoc,"SYNC_TRUTH,sequence=1140737,truth_tick_us=2284048672,mechanical_angle_rad=6.168137074,valid=1,read_failures=0"
dengfoc,"SYNC_TRUTH,sequence=1140738,truth_tick_us=2284050672,mechanical_angle_rad=6.168137074,valid=1,read_failures=0"
dengfoc,"SYNC_TRUTH,sequence=1140739,truth_tick_us=2284052672,mechanical_angle_rad=6.168137074,valid=1,read_failures=0"
dengfoc,"SYNC_TRUTH,sequence=1140740,truth_tick_us=2284054672,mechanical_angle_rad=6.168137074,valid=1,read_failures=0"
dengfoc,"SYNC_TRUTH,sequence=1140741,truth_tick_us=2284056672,mechanical_angle_rad=6.168137074,valid=1,read_failures=0"
dengfoc,"SYNC_TRUTH,sequence=1140742,truth_tick_us=2284058672,mechanical_angle_rad=6.168137074,valid=1,read_failures=0"
dengfoc,"SYNC_TRUTH,sequence=1140743,truth_tick_us=2284060672,mechanical_angle_rad=6.168137074,valid=1,read_failures=0"
dengfoc,"SYNC_TRUTH,sequence=1140744,truth_tick_us=2284062672,mechanical_angle_rad=6.168137074,valid=1,read_failures=0"
dengfoc,"SYNC_TRUTH,sequence=1140745,truth_tick_us=2284064672,mechanical_angle_rad=6.168137074,valid=1,read_failures=0"
dengfoc,"SYNC_TRUTH,sequence=1140746,truth_tick_us=2284066672,mechanical_angle_rad=6.168137074,valid=1,read_failures=0"
dengfoc,"SYNC_TRUTH,sequence=1140747,truth_tick_us=2284068672,mechanical_angle_rad=6.168137074,valid=1,read_failures=0"
dengfoc,"SYNC_TRUTH,sequence=1140748,truth_tick_us=2284070672,mechanical_angle_rad=6.168137074,valid=1,read_failures=0"
dengfoc,"SYNC_TRUTH,sequence=1140749,truth_tick_us=2284072672,mechanical_angle_rad=6.168137074,valid=1,read_failures=0"
dengfoc,"SYNC_TRUTH,sequence=1140750,truth_tick_us=2284074672,mechanical_angle_rad=6.168137074,valid=1,read_failures=0"
dengfoc,"SYNC_TRUTH,sequence=1140751,truth_tick_us=2284076672,mechanical_angle_rad=6.168137074,valid=1,read_failures=0"
dengfoc,"SYNC_TRUTH,sequence=1140752,truth_tick_us=2284078672,mechanical_angle_rad=6.168137074,valid=1,read_failures=0"
dengfoc,"SYNC_TRUTH,sequence=1140753,truth_tick_us=2284080672,mechanical_angle_rad=6.168137074,valid=1,read_failures=0"
dengfoc,"SYNC_TRUTH,sequence=1140754,truth_tick_us=2284082672,mechanical_angle_rad=6.168137074,valid=1,read_failures=0"
dengfoc,"SYNC_TRUTH,sequence=1140755,truth_tick_us=2284084672,mechanical_angle_rad=6.168137074,valid=1,read_failures=0"
dengfoc,"SYNC_TRUTH,sequence=1140756,truth_tick_us=2284086672,mechanical_angle_rad=6.168137074,valid=1,read_failures=0"
dengfoc,"SYNC_TRUTH,sequence=1140757,truth_tick_us=2284088672,mechanical_angle_rad=6.168137074,valid=1,read_failures=0"
dengfoc,"SYNC_TRUTH,sequence=1140758,truth_tick_us=2284090672,mechanical_angle_rad=6.168137074,valid=1,read_failures=0"
dengfoc,"SYNC_TRUTH,sequence=1140759,truth_tick_us=2284092672,mechanical_angle_rad=6.168137074,valid=1,read_failures=0"
dengfoc,"SYNC_TRUTH,sequence=1140760,truth_tick_us=2284094672,mechanical_angle_rad=6.168137074,valid=1,read_failures=0"
dengfoc,"SYNC_TRUTH,sequence=1140761,truth_tick_us=2284096672,mechanical_angle_rad=6.168137074,valid=1,read_failures=0"
dengfoc,"SYNC_TRUTH,sequence=1140762,truth_tick_us=2284098672,mechanical_angle_rad=6.168137074,valid=1,read_failures=0"
dengfoc,"SYNC_TRUTH,sequence=1140763,truth_tick_us=2284100672,mechanical_angle_rad=6.168137074,valid=1,read_failures=0"
dengfoc,"SYNC_TRUTH,sequence=1140764,truth_tick_us=2284102672,mechanical_angle_rad=6.168137074,valid=1,read_failures=0"
dengfoc,"SYNC_TRUTH,sequence=1140765,truth_tick_us=2284104672,mechanical_angle_rad=6.168137074,valid=1,read_failures=0"
dengfoc,"SYNC_TRUTH,sequence=1140766,truth_tick_us=2284106672,mechanical_angle_rad=6.168137074,valid=1,read_failures=0"
dengfoc,"SYNC_TRUTH,sequence=1140767,truth_tick_us=2284108672,mechanical_angle_rad=6.168137074,valid=1,read_failures=0"
dengfoc,"SYNC_TRUTH,sequence=1140768,truth_tick_us=2284110672,mechanical_angle_rad=6.168137074,valid=1,read_failures=0"
dengfoc,"SYNC_TRUTH,sequence=1140769,truth_tick_us=2284112672,mechanical_angle_rad=6.168137074,valid=1,read_failures=0"
dengfoc,"SYNC_TRUTH,sequence=1140770,truth_tick_us=2284114672,mechanical_angle_rad=6.168137074,valid=1,read_failures=0"
dengfoc,"SYNC_TRUTH,sequence=1140771,truth_tick_us=2284116672,mechanical_angle_rad=6.168137074,valid=1,read_failures=0"
dengfoc,"SYNC_TRUTH,sequence=1140772,truth_tick_us=2284118672,mechanical_angle_rad=6.168137074,valid=1,read_failures=0"
dengfoc,"SYNC_TRUTH,sequence=1140773,truth_tick_us=2284120672,mechanical_angle_rad=6.168137074,valid=1,read_failures=0"
dengfoc,"SYNC_TRUTH,sequence=1140774,truth_tick_us=2284122672,mechanical_angle_rad=6.168137074,valid=1,read_failures=0"
dengfoc,"SYNC_TRUTH,sequence=1140775,truth_tick_us=2284124672,mechanical_angle_rad=6.168137074,valid=1,read_failures=0"
dengfoc,"SYNC_TRUTH,sequence=1140776,truth_tick_us=2284126672,mechanical_angle_rad=6.168137074,valid=1,read_failures=0"
dengfoc,"SYNC_TRUTH,sequence=1140777,truth_tick_us=2284128672,mechanical_angle_rad=6.168137074,valid=1,read_failures=0"
dengfoc,"SYNC_TRUTH,sequence=1140778,truth_tick_us=2284130672,mechanical_angle_rad=6.168137074,valid=1,read_failures=0"
dengfoc,"SYNC_TRUTH,sequence=1140779,truth_tick_us=2284132672,mechanical_angle_rad=6.168137074,valid=1,read_failures=0"
dengfoc,"SYNC_TRUTH,sequence=1140780,truth_tick_us=2284134672,mechanical_angle_rad=6.168137074,valid=1,read_failures=0"
dengfoc,"SYNC_TRUTH,sequence=1140781,truth_tick_us=2284136672,mechanical_angle_rad=6.168137074,valid=1,read_failures=0"
dengfoc,"SYNC_TRUTH,sequence=1140782,truth_tick_us=2284138672,mechanical_angle_rad=6.168137074,valid=1,read_failures=0"
g431,foc_status
dengfoc,"SYNC_TRUTH,sequence=1140783,truth_tick_us=2284140672,mechanical_angle_rad=6.168137074,valid=1,read_failures=0"
g431,"FSTAT,disabled,rust-smo-pll,0,0,0,0"
dengfoc,"SYNC_TRUTH,sequence=1140784,truth_tick_us=2284142672,mechanical_angle_rad=6.168137074,valid=1,read_failures=0"
dengfoc,"SYNC_TRUTH,sequence=1140785,truth_tick_us=2284144672,mechanical_angle_rad=6.168137074,valid=1,read_failures=0"
g431,"FSTAT,iref=0/0,i=0/0,v=0/0"
dengfoc,"SYNC_TRUTH,sequence=1140786,truth_tick_us=2284146672,mechanical_angle_rad=6.168137074,valid=1,read_failures=0"
g431,"FOBS,0/0,0,0/0,00,0,0/0,0"
dengfoc,"SYNC_TRUTH,sequence=1140787,truth_tick_us=2284148672,mechanical_angle_rad=6.168137074,valid=1,read_failures=0"
dengfoc,"SYNC_TRUTH,sequence=1140788,truth_tick_us=2284150672,mechanical_angle_rad=6.168137074,valid=1,read_failures=0"
g431,FOC f=0000231f s=0 e=0 ISR=0/12750 miss=0 pk=0(0mA)
dengfoc,"SYNC_TRUTH,sequence=1140789,truth_tick_us=2284152672,mechanical_angle_rad=6.168137074,valid=1,read_failures=0"
dengfoc,"SYNC_TRUTH,sequence=1140790,truth_tick_us=2284154672,mechanical_angle_rad=6.168137074,valid=1,read_failures=0"
dengfoc,"SYNC_TRUTH,sequence=1140791,truth_tick_us=2284156672,mechanical_angle_rad=6.168137074,valid=1,read_failures=0"
g431,"FTIMING,2,0,0,0,0,0,0,0,0,0,0,0,0,12750,0,0,0,8991,0,0,0"
dengfoc,"SYNC_TRUTH,sequence=1140792,truth_tick_us=2284158672,mechanical_angle_rad=6.168137074,valid=1,read_failures=0"
g431,FOC st=0 rf=00000000 duty=0/0/0
dengfoc,"SYNC_TRUTH,sequence=1140793,truth_tick_us=2284160672,mechanical_angle_rad=6.168137074,valid=1,read_failures=0"
dengfoc,"SYNC_TRUTH,sequence=1140794,truth_tick_us=2284162672,mechanical_angle_rad=6.168137074,valid=1,read_failures=0"
g431,"FFAULT,00000000,00000000,0,0,ARM,0,0000"
dengfoc,"SYNC_TRUTH,sequence=1140795,truth_tick_us=2284164672,mechanical_angle_rad=6.168137074,valid=1,read_failures=0"
dengfoc,"SYNC_TRUTH,sequence=1140796,truth_tick_us=2284166672,mechanical_angle_rad=6.168137074,valid=1,read_failures=0"
g431,"FPROF,0,6,43116001,28041007,00,edf4f6ca,888e4e91"
dengfoc,"SYNC_TRUTH,sequence=1140797,truth_tick_us=2284168672,mechanical_angle_rad=6.168137074,valid=1,read_failures=0"
dengfoc,"SYNC_TRUTH,sequence=1140798,truth_tick_us=2284170672,mechanical_angle_rad=6.168137074,valid=1,read_failures=0"
g431,"FADC,1954/1933/1950,1951/1933/1953,1,13,2053"
dengfoc,"SYNC_TRUTH,sequence=1140799,truth_tick_us=2284172672,mechanical_angle_rad=6.168137074,valid=1,read_failures=0"
g431,msh >
dengfoc,"SYNC_TRUTH,sequence=1140800,truth_tick_us=2284174672,mechanical_angle_rad=6.168137074,valid=1,read_failures=0"
dengfoc,"SYNC_TRUTH,sequence=1140801,truth_tick_us=2284176672,mechanical_angle_rad=6.168137074,valid=1,read_failures=0"
dengfoc,"SYNC_TRUTH,sequence=1140802,truth_tick_us=2284178672,mechanical_angle_rad=6.168137074,valid=1,read_failures=0"
dengfoc,"SYNC_TRUTH,sequence=1140803,truth_tick_us=2284180672,mechanical_angle_rad=6.168137074,valid=1,read_failures=0"
dengfoc,"SYNC_TRUTH,sequence=1140804,truth_tick_us=2284182672,mechanical_angle_rad=6.168137074,valid=1,read_failures=0"
dengfoc,"SYNC_TRUTH,sequence=1140805,truth_tick_us=2284184672,mechanical_angle_rad=6.168137074,valid=1,read_failures=0"
dengfoc,"SYNC_TRUTH,sequence=1140806,truth_tick_us=2284186672,mechanical_angle_rad=6.168137074,valid=1,read_failures=0"
dengfoc,"SYNC_TRUTH,sequence=1140807,truth_tick_us=2284188672,mechanical_angle_rad=6.168137074,valid=1,read_failures=0"
dengfoc,"SYNC_TRUTH,sequence=1140808,truth_tick_us=2284190672,mechanical_angle_rad=6.168137074,valid=1,read_failures=0"
dengfoc,"SYNC_TRUTH,sequence=1140809,truth_tick_us=2284192672,mechanical_angle_rad=6.168137074,valid=1,read_failures=0"
dengfoc,"SYNC_TRUTH,sequence=1140810,truth_tick_us=2284194672,mechanical_angle_rad=6.168137074,valid=1,read_failures=0"
dengfoc,"SYNC_TRUTH,sequence=1140811,truth_tick_us=2284196672,mechanical_angle_rad=6.168137074,valid=1,read_failures=0"
dengfoc,"SYNC_TRUTH,sequence=1140812,truth_tick_us=2284198672,mechanical_angle_rad=6.168137074,valid=1,read_failures=0"
dengfoc,"SYNC_TRUTH,sequence=1140813,truth_tick_us=2284200672,mechanical_angle_rad=6.168137074,valid=1,read_failures=0"
dengfoc,"SYNC_TRUTH,sequence=1140814,truth_tick_us=2284202672,mechanical_angle_rad=6.168137074,valid=1,read_failures=0"
g431,msh >
dengfoc,"SYNC_TRUTH,sequence=1140815,truth_tick_us=2284204672,mechanical_angle_rad=6.168137074,valid=1,read_failures=0"
dengfoc,"SYNC_TRUTH,sequence=1140816,truth_tick_us=2284206672,mechanical_angle_rad=6.168137074,valid=1,read_failures=0"
dengfoc,"SYNC_TRUTH,sequence=1140817,truth_tick_us=2284208672,mechanical_angle_rad=6.168137074,valid=1,read_failures=0"
dengfoc,"SYNC_TRUTH,sequence=1140818,truth_tick_us=2284210672,mechanical_angle_rad=6.168137074,valid=1,read_failures=0"
dengfoc,"SYNC_TRUTH,sequence=1140819,truth_tick_us=2284212672,mechanical_angle_rad=6.168137074,valid=1,read_failures=0"
dengfoc,"SYNC_TRUTH,sequence=1140820,truth_tick_us=2284214672,mechanical_angle_rad=6.168137074,valid=1,read_failures=0"
dengfoc,"SYNC_TRUTH,sequence=1140821,truth_tick_us=2284216672,mechanical_angle_rad=6.168137074,valid=1,read_failures=0"
dengfoc,"SYNC_TRUTH,sequence=1140822,truth_tick_us=2284218672,mechanical_angle_rad=6.168137074,valid=1,read_failures=0"
dengfoc,"SYNC_TRUTH,sequence=1140823,truth_tick_us=2284220672,mechanical_angle_rad=6.168137074,valid=1,read_failures=0"
dengfoc,"SYNC_TRUTH,sequence=1140824,truth_tick_us=2284222672,mechanical_angle_rad=6.168137074,valid=1,read_failures=0"
dengfoc,"SYNC_TRUTH,sequence=1140825,truth_tick_us=2284224672,mechanical_angle_rad=6.168137074,valid=1,read_failures=0"
dengfoc,"SYNC_TRUTH,sequence=1140826,truth_tick_us=2284226672,mechanical_angle_rad=6.168137074,valid=1,read_failures=0"
dengfoc,"SYNC_TRUTH,sequence=1140827,truth_tick_us=2284228672,mechanical_angle_rad=6.168137074,valid=1,read_failures=0"
dengfoc,"SYNC_TRUTH,sequence=1140828,truth_tick_us=2284230672,mechanical_angle_rad=6.168137074,valid=1,read_failures=0"
dengfoc,"SYNC_TRUTH,sequence=1140829,truth_tick_us=2284232672,mechanical_angle_rad=6.168137074,valid=1,read_failures=0"
dengfoc,"SYNC_TRUTH,sequence=1140830,truth_tick_us=2284234672,mechanical_angle_rad=6.168137074,valid=1,read_failures=0"
dengfoc,"SYNC_TRUTH,sequence=1140831,truth_tick_us=2284236672,mechanical_angle_rad=6.168137074,valid=1,read_failures=0"
dengfoc,"SYNC_TRUTH,sequence=1140832,truth_tick_us=2284238672,mechanical_angle_rad=6.168137074,valid=1,read_failures=0"
dengfoc,"SYNC_TRUTH,sequence=1140833,truth_tick_us=2284240672,mechanical_angle_rad=6.168137074,valid=1,read_failures=0"
dengfoc,"SYNC_TRUTH,sequence=1140834,truth_tick_us=2284242672,mechanical_angle_rad=6.168137074,valid=1,read_failures=0"
dengfoc,"SYNC_TRUTH,sequence=1140835,truth_tick_us=2284244672,mechanical_angle_rad=6.168137074,valid=1,read_failures=0"
dengfoc,"SYNC_TRUTH,sequence=1140836,truth_tick_us=2284246672,mechanical_angle_rad=6.168137074,valid=1,read_failures=0"
dengfoc,"SYNC_TRUTH,sequence=1140837,truth_tick_us=2284248672,mechanical_angle_rad=6.168137074,valid=1,read_failures=0"
dengfoc,"SYNC_TRUTH,sequence=1140838,truth_tick_us=2284250672,mechanical_angle_rad=6.168137074,valid=1,read_failures=0"
dengfoc,"SYNC_TRUTH,sequence=1140839,truth_tick_us=2284252672,mechanical_angle_rad=6.168137074,valid=1,read_failures=0"
dengfoc,"SYNC_TRUTH,sequence=1140840,truth_tick_us=2284254672,mechanical_angle_rad=6.168137074,valid=1,read_failures=0"
dengfoc,"SYNC_TRUTH,sequence=1140841,truth_tick_us=2284256672,mechanical_angle_rad=6.168137074,valid=1,read_failures=0"
dengfoc,"SYNC_TRUTH,sequence=1140842,truth_tick_us=2284258672,mechanical_angle_rad=6.168137074,valid=1,read_failures=0"
dengfoc,"SYNC_TRUTH,sequence=1140843,truth_tick_us=2284260672,mechanical_angle_rad=6.168137074,valid=1,read_failures=0"
dengfoc,"SYNC_TRUTH,sequence=1140844,truth_tick_us=2284262672,mechanical_angle_rad=6.168137074,valid=1,read_failures=0"
dengfoc,"SYNC_TRUTH,sequence=1140845,truth_tick_us=2284264672,mechanical_angle_rad=6.168137074,valid=1,read_failures=0"
dengfoc,"SYNC_TRUTH,sequence=1140846,truth_tick_us=2284266672,mechanical_angle_rad=6.168137074,valid=1,read_failures=0"
dengfoc,"SYNC_STATUS,frames=36,frame_fail=4,truth=1140846,truth_fail=0,idle=3,capture_state=0,capture_failure=0,rejected=0,overflow=0,recovered=4,session_rollovers=3,sync_level=1,driver_disabled=1"
dengfoc,"SYNC_TRUTH,sequence=1140847,truth_tick_us=2284270019,mechanical_angle_rad=6.168137074,valid=1,read_failures=0"
dengfoc,"SYNC_TRUTH,sequence=1140848,truth_tick_us=2284271672,mechanical_angle_rad=6.168137074,valid=1,read_failures=0"
dengfoc,"SYNC_TRUTH,sequence=1140849,truth_tick_us=2284273672,mechanical_angle_rad=6.168137074,valid=1,read_failures=0"
dengfoc,"SYNC_TRUTH,sequence=1140850,truth_tick_us=2284275672,mechanical_angle_rad=6.168137074,valid=1,read_failures=0"
dengfoc,"SYNC_TRUTH,sequence=1140851,truth_tick_us=2284277672,mechanical_angle_rad=6.168137074,valid=1,read_failures=0"
dengfoc,"SYNC_TRUTH,sequence=1140852,truth_tick_us=2284279672,mechanical_angle_rad=6.168137074,valid=1,read_failures=0"
dengfoc,"SYNC_TRUTH,sequence=1140853,truth_tick_us=2284281672,mechanical_angle_rad=6.168137074,valid=1,read_failures=0"
dengfoc,"SYNC_TRUTH,sequence=1140854,truth_tick_us=2284283672,mechanical_angle_rad=6.168137074,valid=1,read_failures=0"
dengfoc,"SYNC_TRUTH,sequence=1140855,truth_tick_us=2284285672,mechanical_angle_rad=6.168137074,valid=1,read_failures=0"
dengfoc,"SYNC_TRUTH,sequence=1140856,truth_tick_us=2284287672,mechanical_angle_rad=6.168137074,valid=1,read_failures=0"
dengfoc,"SYNC_TRUTH,sequence=1140857,truth_tick_us=2284289672,mechanical_angle_rad=6.168137074,valid=1,read_failures=0"
dengfoc,"SYNC_TRUTH,sequence=1140858,truth_tick_us=2284291672,mechanical_angle_rad=6.168137074,valid=1,read_failures=0"
dengfoc,"SYNC_TRUTH,sequence=1140859,truth_tick_us=2284293672,mechanical_angle_rad=6.168137074,valid=1,read_failures=0"
dengfoc,"SYNC_TRUTH,sequence=1140860,truth_tick_us=2284295672,mechanical_angle_rad=6.168137074,valid=1,read_failures=0"
dengfoc,"SYNC_TRUTH,sequence=1140861,truth_tick_us=2284297672,mechanical_angle_rad=6.168137074,valid=1,read_failures=0"
dengfoc,"SYNC_TRUTH,sequence=1140862,truth_tick_us=2284299672,mechanical_angle_rad=6.168137074,valid=1,read_failures=0"
dengfoc,"SYNC_TRUTH,sequence=1140863,truth_tick_us=2284301672,mechanical_angle_rad=6.168137074,valid=1,read_failures=0"
dengfoc,"SYNC_TRUTH,sequence=1140864,truth_tick_us=2284303672,mechanical_angle_rad=6.168137074,valid=1,read_failures=0"
dengfoc,"SYNC_TRUTH,sequence=1140865,truth_tick_us=2284305672,mechanical_angle_rad=6.168137074,valid=1,read_failures=0"
dengfoc,"SYNC_TRUTH,sequence=1140866,truth_tick_us=2284307672,mechanical_angle_rad=6.168137074,valid=1,read_failures=0"
dengfoc,"SYNC_TRUTH,sequence=1140867,truth_tick_us=2284309672,mechanical_angle_rad=6.168137074,valid=1,read_failures=0"
dengfoc,"SYNC_TRUTH,sequence=1140868,truth_tick_us=2284311672,mechanical_angle_rad=6.168137074,valid=1,read_failures=0"
dengfoc,"SYNC_TRUTH,sequence=1140869,truth_tick_us=2284313672,mechanical_angle_rad=6.168137074,valid=1,read_failures=0"
dengfoc,"SYNC_TRUTH,sequence=1140870,truth_tick_us=2284315672,mechanical_angle_rad=6.168137074,valid=1,read_failures=0"
dengfoc,"SYNC_TRUTH,sequence=1140871,truth_tick_us=2284317672,mechanical_angle_rad=6.168137074,valid=1,read_failures=0"
dengfoc,"SYNC_TRUTH,sequence=1140872,truth_tick_us=2284319672,mechanical_angle_rad=6.168137074,valid=1,read_failures=0"
dengfoc,"SYNC_TRUTH,sequence=1140873,truth_tick_us=2284321672,mechanical_angle_rad=6.168137074,valid=1,read_failures=0"
dengfoc,"SYNC_TRUTH,sequence=1140874,truth_tick_us=2284323672,mechanical_angle_rad=6.168137074,valid=1,read_failures=0"
dengfoc,"SYNC_TRUTH,sequence=1140875,truth_tick_us=2284325672,mechanical_angle_rad=6.168137074,valid=1,read_failures=0"
dengfoc,"SYNC_TRUTH,sequence=1140876,truth_tick_us=2284327672,mechanical_angle_rad=6.168137074,valid=1,read_failures=0"
dengfoc,"SYNC_TRUTH,sequence=1140877,truth_tick_us=2284329672,mechanical_angle_rad=6.168137074,valid=1,read_failures=0"
dengfoc,"SYNC_TRUTH,sequence=1140878,truth_tick_us=2284331672,mechanical_angle_rad=6.168137074,valid=1,read_failures=0"
dengfoc,"SYNC_TRUTH,sequence=1140879,truth_tick_us=2284333672,mechanical_angle_rad=6.168137074,valid=1,read_failures=0"
dengfoc,"SYNC_TRUTH,sequence=1140880,truth_tick_us=2284335672,mechanical_angle_rad=6.168137074,valid=1,read_failures=0"
dengfoc,"SYNC_TRUTH,sequence=1140881,truth_tick_us=2284337672,mechanical_angle_rad=6.168137074,valid=1,read_failures=0"
dengfoc,"SYNC_TRUTH,sequence=1140882,truth_tick_us=2284339672,mechanical_angle_rad=6.168137074,valid=1,read_failures=0"
dengfoc,"SYNC_TRUTH,sequence=1140883,truth_tick_us=2284341672,mechanical_angle_rad=6.168137074,valid=1,read_failures=0"
dengfoc,"SYNC_TRUTH,sequence=1140884,truth_tick_us=2284343672,mechanical_angle_rad=6.168137074,valid=1,read_failures=0"
dengfoc,"SYNC_TRUTH,sequence=1140885,truth_tick_us=2284345672,mechanical_angle_rad=6.168137074,valid=1,read_failures=0"
dengfoc,"SYNC_TRUTH,sequence=1140886,truth_tick_us=2284347672,mechanical_angle_rad=6.168137074,valid=1,read_failures=0"
dengfoc,"SYNC_TRUTH,sequence=1140887,truth_tick_us=2284349672,mechanical_angle_rad=6.168137074,valid=1,read_failures=0"
dengfoc,"SYNC_TRUTH,sequence=1140888,truth_tick_us=2284351672,mechanical_angle_rad=6.168137074,valid=1,read_failures=0"
dengfoc,"SYNC_TRUTH,sequence=1140889,truth_tick_us=2284353672,mechanical_angle_rad=6.168137074,valid=1,read_failures=0"
dengfoc,"SYNC_TRUTH,sequence=1140890,truth_tick_us=2284355672,mechanical_angle_rad=6.168137074,valid=1,read_failures=0"
dengfoc,"SYNC_TRUTH,sequence=1140891,truth_tick_us=2284357672,mechanical_angle_rad=6.168137074,valid=1,read_failures=0"
dengfoc,"SYNC_TRUTH,sequence=1140892,truth_tick_us=2284359672,mechanical_angle_rad=6.168137074,valid=1,read_failures=0"
dengfoc,"SYNC_TRUTH,sequence=1140893,truth_tick_us=2284361672,mechanical_angle_rad=6.168137074,valid=1,read_failures=0"
dengfoc,"SYNC_TRUTH,sequence=1140894,truth_tick_us=2284363672,mechanical_angle_rad=6.168137074,valid=1,read_failures=0"
dengfoc,"SYNC_TRUTH,sequence=1140895,truth_tick_us=2284365672,mechanical_angle_rad=6.168137074,valid=1,read_failures=0"
dengfoc,"SYNC_TRUTH,sequence=1140896,truth_tick_us=2284367672,mechanical_angle_rad=6.168137074,valid=1,read_failures=0"
dengfoc,"SYNC_TRUTH,sequence=1140897,truth_tick_us=2284369672,mechanical_angle_rad=6.168137074,valid=1,read_failures=0"
dengfoc,"SYNC_TRUTH,sequence=1140898,truth_tick_us=2284371672,mechanical_angle_rad=6.168137074,valid=1,read_failures=0"
dengfoc,"SYNC_TRUTH,sequence=1140899,truth_tick_us=2284373672,mechanical_angle_rad=6.168137074,valid=1,read_failures=0"
dengfoc,"SYNC_TRUTH,sequence=1140900,truth_tick_us=2284375672,mechanical_angle_rad=6.168137074,valid=1,read_failures=0"
dengfoc,"SYNC_TRUTH,sequence=1140901,truth_tick_us=2284377672,mechanical_angle_rad=6.168137074,valid=1,read_failures=0"
dengfoc,"SYNC_TRUTH,sequence=1140902,truth_tick_us=2284379672,mechanical_angle_rad=6.168137074,valid=1,read_failures=0"
dengfoc,"SYNC_TRUTH,sequence=1140903,truth_tick_us=2284381672,mechanical_angle_rad=6.168137074,valid=1,read_failures=0"
dengfoc,"SYNC_TRUTH,sequence=1140904,truth_tick_us=2284383672,mechanical_angle_rad=6.168137074,valid=1,read_failures=0"
dengfoc,"SYNC_TRUTH,sequence=1140905,truth_tick_us=2284385672,mechanical_angle_rad=6.168137074,valid=1,read_failures=0"
dengfoc,"SYNC_TRUTH,sequence=1140906,truth_tick_us=2284387672,mechanical_angle_rad=6.168137074,valid=1,read_failures=0"
dengfoc,"SYNC_TRUTH,sequence=1140907,truth_tick_us=2284389672,mechanical_angle_rad=6.168137074,valid=1,read_failures=0"
dengfoc,"SYNC_TRUTH,sequence=1140908,truth_tick_us=2284391672,mechanical_angle_rad=6.168137074,valid=1,read_failures=0"
dengfoc,"SYNC_TRUTH,sequence=1140909,truth_tick_us=2284393672,mechanical_angle_rad=6.168137074,valid=1,read_failures=0"
dengfoc,"SYNC_TRUTH,sequence=1140910,truth_tick_us=2284395672,mechanical_angle_rad=6.168137074,valid=1,read_failures=0"
dengfoc,"SYNC_TRUTH,sequence=1140911,truth_tick_us=2284397672,mechanical_angle_rad=6.168137074,valid=1,read_failures=0"
dengfoc,"SYNC_TRUTH,sequence=1140912,truth_tick_us=2284399672,mechanical_angle_rad=6.168137074,valid=1,read_failures=0"
dengfoc,"SYNC_TRUTH,sequence=1140913,truth_tick_us=2284401672,mechanical_angle_rad=6.168137074,valid=1,read_failures=0"
dengfoc,"SYNC_TRUTH,sequence=1140914,truth_tick_us=2284403672,mechanical_angle_rad=6.168137074,valid=1,read_failures=0"
dengfoc,"SYNC_TRUTH,sequence=1140915,truth_tick_us=2284405672,mechanical_angle_rad=6.168137074,valid=1,read_failures=0"
dengfoc,"SYNC_TRUTH,sequence=1140916,truth_tick_us=2284407672,mechanical_angle_rad=6.168137074,valid=1,read_failures=0"
dengfoc,"SYNC_TRUTH,sequence=1140917,truth_tick_us=2284409672,mechanical_angle_rad=6.168137074,valid=1,read_failures=0"
dengfoc,"SYNC_TRUTH,sequence=1140918,truth_tick_us=2284411672,mechanical_angle_rad=6.168137074,valid=1,read_failures=0"
dengfoc,"SYNC_TRUTH,sequence=1140919,truth_tick_us=2284413672,mechanical_angle_rad=6.168137074,valid=1,read_failures=0"
dengfoc,"SYNC_TRUTH,sequence=1140920,truth_tick_us=2284415672,mechanical_angle_rad=6.168137074,valid=1,read_failures=0"
dengfoc,"SYNC_TRUTH,sequence=1140921,truth_tick_us=2284417672,mechanical_angle_rad=6.168137074,valid=1,read_failures=0"
dengfoc,"SYNC_TRUTH,sequence=1140922,truth_tick_us=2284419672,mechanical_angle_rad=6.168137074,valid=1,read_failures=0"
dengfoc,"SYNC_TRUTH,sequence=1140923,truth_tick_us=2284421672,mechanical_angle_rad=6.168137074,valid=1,read_failures=0"
dengfoc,"SYNC_TRUTH,sequence=1140924,truth_tick_us=2284423672,mechanical_angle_rad=6.168137074,valid=1,read_failures=0"
dengfoc,"SYNC_TRUTH,sequence=1140925,truth_tick_us=2284425672,mechanical_angle_rad=6.168137074,valid=1,read_failures=0"
dengfoc,"SYNC_TRUTH,sequence=1140926,truth_tick_us=2284427672,mechanical_angle_rad=6.168137074,valid=1,read_failures=0"
dengfoc,"SYNC_TRUTH,sequence=1140927,truth_tick_us=2284429672,mechanical_angle_rad=6.168137074,valid=1,read_failures=0"
dengfoc,"SYNC_TRUTH,sequence=1140928,truth_tick_us=2284431672,mechanical_angle_rad=6.168137074,valid=1,read_failures=0"
dengfoc,"SYNC_TRUTH,sequence=1140929,truth_tick_us=2284433672,mechanical_angle_rad=6.168137074,valid=1,read_failures=0"
dengfoc,"SYNC_TRUTH,sequence=1140930,truth_tick_us=2284435672,mechanical_angle_rad=6.168137074,valid=1,read_failures=0"
dengfoc,"SYNC_TRUTH,sequence=1140931,truth_tick_us=2284437672,mechanical_angle_rad=6.168137074,valid=1,read_failures=0"
dengfoc,"SYNC_TRUTH,sequence=1140932,truth_tick_us=2284439672,mechanical_angle_rad=6.168137074,valid=1,read_failures=0"
dengfoc,"SYNC_TRUTH,sequence=1140933,truth_tick_us=2284441672,mechanical_angle_rad=6.168137074,valid=1,read_failures=0"
dengfoc,"SYNC_TRUTH,sequence=1140934,truth_tick_us=2284443672,mechanical_angle_rad=6.168137074,valid=1,read_failures=0"
dengfoc,"SYNC_TRUTH,sequence=1140935,truth_tick_us=2284445672,mechanical_angle_rad=6.168137074,valid=1,read_failures=0"
dengfoc,"SYNC_TRUTH,sequence=1140936,truth_tick_us=2284447672,mechanical_angle_rad=6.168137074,valid=1,read_failures=0"
dengfoc,"SYNC_TRUTH,sequence=1140937,truth_tick_us=2284449672,mechanical_angle_rad=6.168137074,valid=1,read_failures=0"
dengfoc,"SYNC_TRUTH,sequence=1140938,truth_tick_us=2284451672,mechanical_angle_rad=6.168137074,valid=1,read_failures=0"
dengfoc,"SYNC_TRUTH,sequence=1140939,truth_tick_us=2284453672,mechanical_angle_rad=6.168137074,valid=1,read_failures=0"
dengfoc,"SYNC_TRUTH,sequence=1140940,truth_tick_us=2284455672,mechanical_angle_rad=6.168137074,valid=1,read_failures=0"
dengfoc,"SYNC_TRUTH,sequence=1140941,truth_tick_us=2284457672,mechanical_angle_rad=6.168137074,valid=1,read_failures=0"
dengfoc,"SYNC_TRUTH,sequence=1140942,truth_tick_us=2284459672,mechanical_angle_rad=6.168137074,valid=1,read_failures=0"
dengfoc,"SYNC_TRUTH,sequence=1140943,truth_tick_us=2284461672,mechanical_angle_rad=6.168137074,valid=1,read_failures=0"
dengfoc,"SYNC_TRUTH,sequence=1140944,truth_tick_us=2284463672,mechanical_angle_rad=6.168137074,valid=1,read_failures=0"
dengfoc,"SYNC_TRUTH,sequence=1140945,truth_tick_us=2284465672,mechanical_angle_rad=6.168137074,valid=1,read_failures=0"
dengfoc,"SYNC_TRUTH,sequence=1140946,truth_tick_us=2284467672,mechanical_angle_rad=6.168137074,valid=1,read_failures=0"
dengfoc,"SYNC_TRUTH,sequence=1140947,truth_tick_us=2284469672,mechanical_angle_rad=6.168137074,valid=1,read_failures=0"
dengfoc,"SYNC_TRUTH,sequence=1140948,truth_tick_us=2284471672,mechanical_angle_rad=6.168137074,valid=1,read_failures=0"
dengfoc,"SYNC_TRUTH,sequence=1140949,truth_tick_us=2284473672,mechanical_angle_rad=6.168137074,valid=1,read_failures=0"
dengfoc,"SYNC_TRUTH,sequence=1140950,truth_tick_us=2284475672,mechanical_angle_rad=6.168137074,valid=1,read_failures=0"
dengfoc,"SYNC_TRUTH,sequence=1140951,truth_tick_us=2284477672,mechanical_angle_rad=6.168137074,valid=1,read_failures=0"
dengfoc,"SYNC_TRUTH,sequence=1140952,truth_tick_us=2284479672,mechanical_angle_rad=6.168137074,valid=1,read_failures=0"
dengfoc,"SYNC_TRUTH,sequence=1140953,truth_tick_us=2284481672,mechanical_angle_rad=6.168137074,valid=1,read_failures=0"
dengfoc,"SYNC_TRUTH,sequence=1140954,truth_tick_us=2284483672,mechanical_angle_rad=6.168137074,valid=1,read_failures=0"
dengfoc,"SYNC_TRUTH,sequence=1140955,truth_tick_us=2284485672,mechanical_angle_rad=6.168137074,valid=1,read_failures=0"
dengfoc,"SYNC_TRUTH,sequence=1140956,truth_tick_us=2284487672,mechanical_angle_rad=6.168137074,valid=1,read_failures=0"
dengfoc,"SYNC_TRUTH,sequence=1140957,truth_tick_us=2284489672,mechanical_angle_rad=6.168137074,valid=1,read_failures=0"
dengfoc,"SYNC_TRUTH,sequence=1140958,truth_tick_us=2284491672,mechanical_angle_rad=6.168137074,valid=1,read_failures=0"
dengfoc,"SYNC_TRUTH,sequence=1140959,truth_tick_us=2284493672,mechanical_angle_rad=6.168137074,valid=1,read_failures=0"
dengfoc,"SYNC_TRUTH,sequence=1140960,truth_tick_us=2284495672,mechanical_angle_rad=6.168137074,valid=1,read_failures=0"
dengfoc,"SYNC_TRUTH,sequence=1140961,truth_tick_us=2284497672,mechanical_angle_rad=6.168137074,valid=1,read_failures=0"
dengfoc,"SYNC_TRUTH,sequence=1140962,truth_tick_us=2284499672,mechanical_angle_rad=6.168137074,valid=1,read_failures=0"
dengfoc,"SYNC_TRUTH,sequence=1140963,truth_tick_us=2284501672,mechanical_angle_rad=6.168137074,valid=1,read_failures=0"
dengfoc,"SYNC_TRUTH,sequence=1140964,truth_tick_us=2284503672,mechanical_angle_rad=6.168137074,valid=1,read_failures=0"
dengfoc,"SYNC_TRUTH,sequence=1140965,truth_tick_us=2284505672,mechanical_angle_rad=6.168137074,valid=1,read_failures=0"
dengfoc,"SYNC_TRUTH,sequence=1140966,truth_tick_us=2284507672,mechanical_angle_rad=6.168137074,valid=1,read_failures=0"
dengfoc,"SYNC_TRUTH,sequence=1140967,truth_tick_us=2284509672,mechanical_angle_rad=6.168137074,valid=1,read_failures=0"
dengfoc,"SYNC_TRUTH,sequence=1140968,truth_tick_us=2284511672,mechanical_angle_rad=6.168137074,valid=1,read_failures=0"
dengfoc,"SYNC_TRUTH,sequence=1140969,truth_tick_us=2284513672,mechanical_angle_rad=6.168137074,valid=1,read_failures=0"
dengfoc,"SYNC_TRUTH,sequence=1140970,truth_tick_us=2284515672,mechanical_angle_rad=6.168137074,valid=1,read_failures=0"
dengfoc,"SYNC_TRUTH,sequence=1140971,truth_tick_us=2284517672,mechanical_angle_rad=6.168137074,valid=1,read_failures=0"
dengfoc,"SYNC_TRUTH,sequence=1140972,truth_tick_us=2284519672,mechanical_angle_rad=6.168137074,valid=1,read_failures=0"
dengfoc,"SYNC_TRUTH,sequence=1140973,truth_tick_us=2284521672,mechanical_angle_rad=6.168137074,valid=1,read_failures=0"
dengfoc,"SYNC_TRUTH,sequence=1140974,truth_tick_us=2284523672,mechanical_angle_rad=6.168137074,valid=1,read_failures=0"
dengfoc,"SYNC_TRUTH,sequence=1140975,truth_tick_us=2284525672,mechanical_angle_rad=6.168137074,valid=1,read_failures=0"
dengfoc,"SYNC_TRUTH,sequence=1140976,truth_tick_us=2284527672,mechanical_angle_rad=6.168137074,valid=1,read_failures=0"
dengfoc,"SYNC_TRUTH,sequence=1140977,truth_tick_us=2284529672,mechanical_angle_rad=6.168137074,valid=1,read_failures=0"
dengfoc,"SYNC_TRUTH,sequence=1140978,truth_tick_us=2284531672,mechanical_angle_rad=6.168137074,valid=1,read_failures=0"
dengfoc,"SYNC_TRUTH,sequence=1140979,truth_tick_us=2284533672,mechanical_angle_rad=6.168137074,valid=1,read_failures=0"
dengfoc,"SYNC_TRUTH,sequence=1140980,truth_tick_us=2284535672,mechanical_angle_rad=6.168137074,valid=1,read_failures=0"
dengfoc,"SYNC_TRUTH,sequence=1140981,truth_tick_us=2284537672,mechanical_angle_rad=6.168137074,valid=1,read_failures=0"
dengfoc,"SYNC_TRUTH,sequence=1140982,truth_tick_us=2284539672,mechanical_angle_rad=6.168137074,valid=1,read_failures=0"
dengfoc,"SYNC_TRUTH,sequence=1140983,truth_tick_us=2284541672,mechanical_angle_rad=6.168137074,valid=1,read_failures=0"
dengfoc,"SYNC_TRUTH,sequence=1140984,truth_tick_us=2284543672,mechanical_angle_rad=6.168137074,valid=1,read_failures=0"
dengfoc,"SYNC_TRUTH,sequence=1140985,truth_tick_us=2284545672,mechanical_angle_rad=6.168137074,valid=1,read_failures=0"
dengfoc,"SYNC_TRUTH,sequence=1140986,truth_tick_us=2284547672,mechanical_angle_rad=6.168137074,valid=1,read_failures=0"
dengfoc,"SYNC_TRUTH,sequence=1140987,truth_tick_us=2284549672,mechanical_angle_rad=6.168137074,valid=1,read_failures=0"
dengfoc,"SYNC_TRUTH,sequence=1140988,truth_tick_us=2284551672,mechanical_angle_rad=6.168137074,valid=1,read_failures=0"
dengfoc,"SYNC_TRUTH,sequence=1140989,truth_tick_us=2284553672,mechanical_angle_rad=6.168137074,valid=1,read_failures=0"
dengfoc,"SYNC_TRUTH,sequence=1140990,truth_tick_us=2284555672,mechanical_angle_rad=6.168137074,valid=1,read_failures=0"
dengfoc,"SYNC_TRUTH,sequence=1140991,truth_tick_us=2284557672,mechanical_angle_rad=6.168137074,valid=1,read_failures=0"
dengfoc,"SYNC_TRUTH,sequence=1140992,truth_tick_us=2284559672,mechanical_angle_rad=6.168137074,valid=1,read_failures=0"
dengfoc,"SYNC_TRUTH,sequence=1140993,truth_tick_us=2284561672,mechanical_angle_rad=6.168137074,valid=1,read_failures=0"
dengfoc,"SYNC_TRUTH,sequence=1140994,truth_tick_us=2284563672,mechanical_angle_rad=6.168137074,valid=1,read_failures=0"
dengfoc,"SYNC_TRUTH,sequence=1140995,truth_tick_us=2284565672,mechanical_angle_rad=6.168137074,valid=1,read_failures=0"
dengfoc,"SYNC_TRUTH,sequence=1140996,truth_tick_us=2284567672,mechanical_angle_rad=6.168137074,valid=1,read_failures=0"
dengfoc,"SYNC_TRUTH,sequence=1140997,truth_tick_us=2284569672,mechanical_angle_rad=6.168137074,valid=1,read_failures=0"
dengfoc,"SYNC_TRUTH,sequence=1140998,truth_tick_us=2284571672,mechanical_angle_rad=6.168137074,valid=1,read_failures=0"
dengfoc,"SYNC_TRUTH,sequence=1140999,truth_tick_us=2284573672,mechanical_angle_rad=6.168137074,valid=1,read_failures=0"
dengfoc,"SYNC_TRUTH,sequence=1141000,truth_tick_us=2284575672,mechanical_angle_rad=6.168137074,valid=1,read_failures=0"
dengfoc,"SYNC_TRUTH,sequence=1141001,truth_tick_us=2284577672,mechanical_angle_rad=6.168137074,valid=1,read_failures=0"
dengfoc,"SYNC_TRUTH,sequence=1141002,truth_tick_us=2284579672,mechanical_angle_rad=6.168137074,valid=1,read_failures=0"
dengfoc,"SYNC_TRUTH,sequence=1141003,truth_tick_us=2284581672,mechanical_angle_rad=6.168137074,valid=1,read_failures=0"
dengfoc,"SYNC_TRUTH,sequence=1141004,truth_tick_us=2284583672,mechanical_angle_rad=6.168137074,valid=1,read_failures=0"
dengfoc,"SYNC_TRUTH,sequence=1141005,truth_tick_us=2284585672,mechanical_angle_rad=6.168137074,valid=1,read_failures=0"
dengfoc,"SYNC_TRUTH,sequence=1141006,truth_tick_us=2284587672,mechanical_angle_rad=6.168137074,valid=1,read_failures=0"
dengfoc,"SYNC_TRUTH,sequence=1141007,truth_tick_us=2284589672,mechanical_angle_rad=6.168137074,valid=1,read_failures=0"
dengfoc,"SYNC_TRUTH,sequence=1141008,truth_tick_us=2284591672,mechanical_angle_rad=6.168137074,valid=1,read_failures=0"
dengfoc,"SYNC_TRUTH,sequence=1141009,truth_tick_us=2284593672,mechanical_angle_rad=6.168137074,valid=1,read_failures=0"
dengfoc,"SYNC_TRUTH,sequence=1141010,truth_tick_us=2284595672,mechanical_angle_rad=6.168137074,valid=1,read_failures=0"
dengfoc,"SYNC_TRUTH,sequence=1141011,truth_tick_us=2284597672,mechanical_angle_rad=6.168137074,valid=1,read_failures=0"
dengfoc,"SYNC_TRUTH,sequence=1141012,truth_tick_us=2284599672,mechanical_angle_rad=6.168137074,valid=1,read_failures=0"
dengfoc,"SYNC_TRUTH,sequence=1141013,truth_tick_us=2284601672,mechanical_angle_rad=6.168137074,valid=1,read_failures=0"
dengfoc,"SYNC_TRUTH,sequence=1141014,truth_tick_us=2284603672,mechanical_angle_rad=6.168137074,valid=1,read_failures=0"
dengfoc,"SYNC_TRUTH,sequence=1141015,truth_tick_us=2284605672,mechanical_angle_rad=6.168137074,valid=1,read_failures=0"
dengfoc,"SYNC_TRUTH,sequence=1141016,truth_tick_us=2284607672,mechanical_angle_rad=6.168137074,valid=1,read_failures=0"
dengfoc,"SYNC_TRUTH,sequence=1141017,truth_tick_us=2284609672,mechanical_angle_rad=6.168137074,valid=1,read_failures=0"
dengfoc,"SYNC_TRUTH,sequence=1141018,truth_tick_us=2284611672,mechanical_angle_rad=6.168137074,valid=1,read_failures=0"
dengfoc,"SYNC_TRUTH,sequence=1141019,truth_tick_us=2284613672,mechanical_angle_rad=6.168137074,valid=1,read_failures=0"
dengfoc,"SYNC_TRUTH,sequence=1141020,truth_tick_us=2284615672,mechanical_angle_rad=6.168137074,valid=1,read_failures=0"
dengfoc,"SYNC_TRUTH,sequence=1141021,truth_tick_us=2284617672,mechanical_angle_rad=6.168137074,valid=1,read_failures=0"
dengfoc,"SYNC_TRUTH,sequence=1141022,truth_tick_us=2284619672,mechanical_angle_rad=6.168137074,valid=1,read_failures=0"
dengfoc,"SYNC_TRUTH,sequence=1141023,truth_tick_us=2284621672,mechanical_angle_rad=6.168137074,valid=1,read_failures=0"
dengfoc,"SYNC_TRUTH,sequence=1141024,truth_tick_us=2284623672,mechanical_angle_rad=6.168137074,valid=1,read_failures=0"
dengfoc,"SYNC_TRUTH,sequence=1141025,truth_tick_us=2284625672,mechanical_angle_rad=6.168137074,valid=1,read_failures=0"
dengfoc,"SYNC_TRUTH,sequence=1141026,truth_tick_us=2284627672,mechanical_angle_rad=6.168137074,valid=1,read_failures=0"
dengfoc,"SYNC_TRUTH,sequence=1141027,truth_tick_us=2284629672,mechanical_angle_rad=6.168137074,valid=1,read_failures=0"
dengfoc,"SYNC_TRUTH,sequence=1141028,truth_tick_us=2284631672,mechanical_angle_rad=6.168137074,valid=1,read_failures=0"
dengfoc,"SYNC_TRUTH,sequence=1141029,truth_tick_us=2284633672,mechanical_angle_rad=6.168137074,valid=1,read_failures=0"
dengfoc,"SYNC_TRUTH,sequence=1141030,truth_tick_us=2284635672,mechanical_angle_rad=6.168137074,valid=1,read_failures=0"
dengfoc,"SYNC_TRUTH,sequence=1141031,truth_tick_us=2284637672,mechanical_angle_rad=6.168137074,valid=1,read_failures=0"
dengfoc,"SYNC_TRUTH,sequence=1141032,truth_tick_us=2284639672,mechanical_angle_rad=6.168137074,valid=1,read_failures=0"
dengfoc,"SYNC_TRUTH,sequence=1141033,truth_tick_us=2284641672,mechanical_angle_rad=6.168137074,valid=1,read_failures=0"
dengfoc,"SYNC_TRUTH,sequence=1141034,truth_tick_us=2284643672,mechanical_angle_rad=6.168137074,valid=1,read_failures=0"
dengfoc,"SYNC_TRUTH,sequence=1141035,truth_tick_us=2284645672,mechanical_angle_rad=6.168137074,valid=1,read_failures=0"
dengfoc,"SYNC_TRUTH,sequence=1141036,truth_tick_us=2284647672,mechanical_angle_rad=6.168137074,valid=1,read_failures=0"
dengfoc,"SYNC_TRUTH,sequence=1141037,truth_tick_us=2284649672,mechanical_angle_rad=6.168137074,valid=1,read_failures=0"
dengfoc,"SYNC_TRUTH,sequence=1141038,truth_tick_us=2284651672,mechanical_angle_rad=6.168137074,valid=1,read_failures=0"
dengfoc,"SYNC_TRUTH,sequence=1141039,truth_tick_us=2284653672,mechanical_angle_rad=6.168137074,valid=1,read_failures=0"
dengfoc,"SYNC_TRUTH,sequence=1141040,truth_tick_us=2284655672,mechanical_angle_rad=6.168137074,valid=1,read_failures=0"
dengfoc,"SYNC_TRUTH,sequence=1141041,truth_tick_us=2284657672,mechanical_angle_rad=6.168137074,valid=1,read_failures=0"
dengfoc,"SYNC_TRUTH,sequence=1141042,truth_tick_us=2284659672,mechanical_angle_rad=6.168137074,valid=1,read_failures=0"
dengfoc,"SYNC_TRUTH,sequence=1141043,truth_tick_us=2284661672,mechanical_angle_rad=6.168137074,valid=1,read_failures=0"
dengfoc,"SYNC_TRUTH,sequence=1141044,truth_tick_us=2284663672,mechanical_angle_rad=6.168137074,valid=1,read_failures=0"
dengfoc,"SYNC_TRUTH,sequence=1141045,truth_tick_us=2284665672,mechanical_angle_rad=6.168137074,valid=1,read_failures=0"
dengfoc,"SYNC_TRUTH,sequence=1141046,truth_tick_us=2284667672,mechanical_angle_rad=6.168137074,valid=1,read_failures=0"
dengfoc,"SYNC_TRUTH,sequence=1141047,truth_tick_us=2284669672,mechanical_angle_rad=6.168137074,valid=1,read_failures=0"
dengfoc,"SYNC_TRUTH,sequence=1141048,truth_tick_us=2284671672,mechanical_angle_rad=6.168137074,valid=1,read_failures=0"
dengfoc,"SYNC_TRUTH,sequence=1141049,truth_tick_us=2284673672,mechanical_angle_rad=6.168137074,valid=1,read_failures=0"
dengfoc,"SYNC_TRUTH,sequence=1141050,truth_tick_us=2284675672,mechanical_angle_rad=6.168137074,valid=1,read_failures=0"
dengfoc,"SYNC_TRUTH,sequence=1141051,truth_tick_us=2284677672,mechanical_angle_rad=6.168137074,valid=1,read_failures=0"
dengfoc,"SYNC_TRUTH,sequence=1141052,truth_tick_us=2284679672,mechanical_angle_rad=6.168137074,valid=1,read_failures=0"
dengfoc,"SYNC_TRUTH,sequence=1141053,truth_tick_us=2284681672,mechanical_angle_rad=6.168137074,valid=1,read_failures=0"
dengfoc,"SYNC_TRUTH,sequence=1141054,truth_tick_us=2284683672,mechanical_angle_rad=6.168137074,valid=1,read_failures=0"
dengfoc,"SYNC_TRUTH,sequence=1141055,truth_tick_us=2284685672,mechanical_angle_rad=6.168137074,valid=1,read_failures=0"
dengfoc,"SYNC_TRUTH,sequence=1141056,truth_tick_us=2284687672,mechanical_angle_rad=6.168137074,valid=1,read_failures=0"
dengfoc,"SYNC_TRUTH,sequence=1141057,truth_tick_us=2284689672,mechanical_angle_rad=6.168137074,valid=1,read_failures=0"
dengfoc,"SYNC_TRUTH,sequence=1141058,truth_tick_us=2284691672,mechanical_angle_rad=6.168137074,valid=1,read_failures=0"
dengfoc,"SYNC_TRUTH,sequence=1141059,truth_tick_us=2284693672,mechanical_angle_rad=6.168137074,valid=1,read_failures=0"
dengfoc,"SYNC_TRUTH,sequence=1141060,truth_tick_us=2284695672,mechanical_angle_rad=6.168137074,valid=1,read_failures=0"
dengfoc,"SYNC_TRUTH,sequence=1141061,truth_tick_us=2284697672,mechanical_angle_rad=6.168137074,valid=1,read_failures=0"
dengfoc,"SYNC_TRUTH,sequence=1141062,truth_tick_us=2284699672,mechanical_angle_rad=6.168137074,valid=1,read_failures=0"
dengfoc,"SYNC_TRUTH,sequence=1141063,truth_tick_us=2284701672,mechanical_angle_rad=6.168137074,valid=1,read_failures=0"
dengfoc,"SYNC_TRUTH,sequence=1141064,truth_tick_us=2284703672,mechanical_angle_rad=6.168137074,valid=1,read_failures=0"
dengfoc,"SYNC_TRUTH,sequence=1141065,truth_tick_us=2284705672,mechanical_angle_rad=6.168137074,valid=1,read_failures=0"
dengfoc,"SYNC_TRUTH,sequence=1141066,truth_tick_us=2284707672,mechanical_angle_rad=6.168137074,valid=1,read_failures=0"
dengfoc,"SYNC_TRUTH,sequence=1141067,truth_tick_us=2284709672,mechanical_angle_rad=6.168137074,valid=1,read_failures=0"
dengfoc,"SYNC_TRUTH,sequence=1141068,truth_tick_us=2284711672,mechanical_angle_rad=6.168137074,valid=1,read_failures=0"
dengfoc,"SYNC_TRUTH,sequence=1141069,truth_tick_us=2284713672,mechanical_angle_rad=6.168137074,valid=1,read_failures=0"
dengfoc,"SYNC_TRUTH,sequence=1141070,truth_tick_us=2284715672,mechanical_angle_rad=6.168137074,valid=1,read_failures=0"
dengfoc,"SYNC_TRUTH,sequence=1141071,truth_tick_us=2284717672,mechanical_angle_rad=6.168137074,valid=1,read_failures=0"
dengfoc,"SYNC_TRUTH,sequence=1141072,truth_tick_us=2284719672,mechanical_angle_rad=6.168137074,valid=1,read_failures=0"
dengfoc,"SYNC_TRUTH,sequence=1141073,truth_tick_us=2284721672,mechanical_angle_rad=6.168137074,valid=1,read_failures=0"
dengfoc,"SYNC_TRUTH,sequence=1141074,truth_tick_us=2284723672,mechanical_angle_rad=6.168137074,valid=1,read_failures=0"
dengfoc,"SYNC_TRUTH,sequence=1141075,truth_tick_us=2284725672,mechanical_angle_rad=6.168137074,valid=1,read_failures=0"
dengfoc,"SYNC_TRUTH,sequence=1141076,truth_tick_us=2284727672,mechanical_angle_rad=6.168137074,valid=1,read_failures=0"
dengfoc,"SYNC_TRUTH,sequence=1141077,truth_tick_us=2284729672,mechanical_angle_rad=6.168137074,valid=1,read_failures=0"
dengfoc,"SYNC_TRUTH,sequence=1141078,truth_tick_us=2284731672,mechanical_angle_rad=6.168137074,valid=1,read_failures=0"
dengfoc,"SYNC_TRUTH,sequence=1141079,truth_tick_us=2284733672,mechanical_angle_rad=6.168137074,valid=1,read_failures=0"
dengfoc,"SYNC_TRUTH,sequence=1141080,truth_tick_us=2284735672,mechanical_angle_rad=6.168137074,valid=1,read_failures=0"
dengfoc,"SYNC_TRUTH,sequence=1141081,truth_tick_us=2284737672,mechanical_angle_rad=6.168137074,valid=1,read_failures=0"
dengfoc,"SYNC_TRUTH,sequence=1141082,truth_tick_us=2284739672,mechanical_angle_rad=6.168137074,valid=1,read_failures=0"
dengfoc,"SYNC_TRUTH,sequence=1141083,truth_tick_us=2284741672,mechanical_angle_rad=6.168137074,valid=1,read_failures=0"
dengfoc,"SYNC_TRUTH,sequence=1141084,truth_tick_us=2284743672,mechanical_angle_rad=6.168137074,valid=1,read_failures=0"
dengfoc,"SYNC_TRUTH,sequence=1141085,truth_tick_us=2284745672,mechanical_angle_rad=6.168137074,valid=1,read_failures=0"
dengfoc,"SYNC_TRUTH,sequence=1141086,truth_tick_us=2284747672,mechanical_angle_rad=6.168137074,valid=1,read_failures=0"
dengfoc,"SYNC_TRUTH,sequence=1141087,truth_tick_us=2284749672,mechanical_angle_rad=6.168137074,valid=1,read_failures=0"
dengfoc,"SYNC_TRUTH,sequence=1141088,truth_tick_us=2284751672,mechanical_angle_rad=6.168137074,valid=1,read_failures=0"
dengfoc,"SYNC_TRUTH,sequence=1141089,truth_tick_us=2284753672,mechanical_angle_rad=6.168137074,valid=1,read_failures=0"
dengfoc,"SYNC_TRUTH,sequence=1141090,truth_tick_us=2284755672,mechanical_angle_rad=6.168137074,valid=1,read_failures=0"
dengfoc,"SYNC_TRUTH,sequence=1141091,truth_tick_us=2284757672,mechanical_angle_rad=6.168137074,valid=1,read_failures=0"
dengfoc,"SYNC_TRUTH,sequence=1141092,truth_tick_us=2284759672,mechanical_angle_rad=6.168137074,valid=1,read_failures=0"
dengfoc,"SYNC_TRUTH,sequence=1141093,truth_tick_us=2284761672,mechanical_angle_rad=6.168137074,valid=1,read_failures=0"
dengfoc,"SYNC_TRUTH,sequence=1141094,truth_tick_us=2284763672,mechanical_angle_rad=6.168137074,valid=1,read_failures=0"
dengfoc,"SYNC_TRUTH,sequence=1141095,truth_tick_us=2284765672,mechanical_angle_rad=6.168137074,valid=1,read_failures=0"
dengfoc,"SYNC_TRUTH,sequence=1141096,truth_tick_us=2284767672,mechanical_angle_rad=6.168137074,valid=1,read_failures=0"
dengfoc,"SYNC_TRUTH,sequence=1141097,truth_tick_us=2284769672,mechanical_angle_rad=6.168137074,valid=1,read_failures=0"
dengfoc,"SYNC_TRUTH,sequence=1141098,truth_tick_us=2284771672,mechanical_angle_rad=6.168137074,valid=1,read_failures=0"
dengfoc,"SYNC_TRUTH,sequence=1141099,truth_tick_us=2284773672,mechanical_angle_rad=6.168137074,valid=1,read_failures=0"
dengfoc,"SYNC_TRUTH,sequence=1141100,truth_tick_us=2284775672,mechanical_angle_rad=6.168137074,valid=1,read_failures=0"
dengfoc,"SYNC_TRUTH,sequence=1141101,truth_tick_us=2284777672,mechanical_angle_rad=6.168137074,valid=1,read_failures=0"
dengfoc,"SYNC_TRUTH,sequence=1141102,truth_tick_us=2284779672,mechanical_angle_rad=6.168137074,valid=1,read_failures=0"
dengfoc,"SYNC_TRUTH,sequence=1141103,truth_tick_us=2284781672,mechanical_angle_rad=6.168137074,valid=1,read_failures=0"
dengfoc,"SYNC_TRUTH,sequence=1141104,truth_tick_us=2284783672,mechanical_angle_rad=6.168137074,valid=1,read_failures=0"
dengfoc,"SYNC_TRUTH,sequence=1141105,truth_tick_us=2284785672,mechanical_angle_rad=6.168137074,valid=1,read_failures=0"
dengfoc,"SYNC_TRUTH,sequence=1141106,truth_tick_us=2284787672,mechanical_angle_rad=6.168137074,valid=1,read_failures=0"
dengfoc,"SYNC_TRUTH,sequence=1141107,truth_tick_us=2284789672,mechanical_angle_rad=6.168137074,valid=1,read_failures=0"
dengfoc,"SYNC_TRUTH,sequence=1141108,truth_tick_us=2284791672,mechanical_angle_rad=6.168137074,valid=1,read_failures=0"
dengfoc,"SYNC_TRUTH,sequence=1141109,truth_tick_us=2284793672,mechanical_angle_rad=6.168137074,valid=1,read_failures=0"
dengfoc,"SYNC_TRUTH,sequence=1141110,truth_tick_us=2284795672,mechanical_angle_rad=6.168137074,valid=1,read_failures=0"
dengfoc,"SYNC_TRUTH,sequence=1141111,truth_tick_us=2284797672,mechanical_angle_rad=6.168137074,valid=1,read_failures=0"
dengfoc,"SYNC_TRUTH,sequence=1141112,truth_tick_us=2284799672,mechanical_angle_rad=6.168137074,valid=1,read_failures=0"
dengfoc,"SYNC_TRUTH,sequence=1141113,truth_tick_us=2284801672,mechanical_angle_rad=6.168137074,valid=1,read_failures=0"
dengfoc,"SYNC_TRUTH,sequence=1141114,truth_tick_us=2284803672,mechanical_angle_rad=6.168137074,valid=1,read_failures=0"
dengfoc,"SYNC_TRUTH,sequence=1141115,truth_tick_us=2284805672,mechanical_angle_rad=6.168137074,valid=1,read_failures=0"
dengfoc,"SYNC_TRUTH,sequence=1141116,truth_tick_us=2284807672,mechanical_angle_rad=6.168137074,valid=1,read_failures=0"
dengfoc,"SYNC_TRUTH,sequence=1141117,truth_tick_us=2284809672,mechanical_angle_rad=6.168137074,valid=1,read_failures=0"
dengfoc,"SYNC_TRUTH,sequence=1141118,truth_tick_us=2284811672,mechanical_angle_rad=6.168137074,valid=1,read_failures=0"
dengfoc,"SYNC_TRUTH,sequence=1141119,truth_tick_us=2284813672,mechanical_angle_rad=6.168137074,valid=1,read_failures=0"
dengfoc,"SYNC_TRUTH,sequence=1141120,truth_tick_us=2284815672,mechanical_angle_rad=6.168137074,valid=1,read_failures=0"
dengfoc,"SYNC_TRUTH,sequence=1141121,truth_tick_us=2284817672,mechanical_angle_rad=6.168137074,valid=1,read_failures=0"
dengfoc,"SYNC_TRUTH,sequence=1141122,truth_tick_us=2284819672,mechanical_angle_rad=6.168137074,valid=1,read_failures=0"
dengfoc,"SYNC_TRUTH,sequence=1141123,truth_tick_us=2284821672,mechanical_angle_rad=6.168137074,valid=1,read_failures=0"
dengfoc,"SYNC_TRUTH,sequence=1141124,truth_tick_us=2284823672,mechanical_angle_rad=6.168137074,valid=1,read_failures=0"
dengfoc,"SYNC_TRUTH,sequence=1141125,truth_tick_us=2284825672,mechanical_angle_rad=6.168137074,valid=1,read_failures=0"
dengfoc,"SYNC_TRUTH,sequence=1141126,truth_tick_us=2284827672,mechanical_angle_rad=6.168137074,valid=1,read_failures=0"
dengfoc,"SYNC_TRUTH,sequence=1141127,truth_tick_us=2284829672,mechanical_angle_rad=6.168137074,valid=1,read_failures=0"
dengfoc,"SYNC_TRUTH,sequence=1141128,truth_tick_us=2284831672,mechanical_angle_rad=6.168137074,valid=1,read_failures=0"
dengfoc,"SYNC_TRUTH,sequence=1141129,truth_tick_us=2284833672,mechanical_angle_rad=6.168137074,valid=1,read_failures=0"
dengfoc,"SYNC_TRUTH,sequence=1141130,truth_tick_us=2284835672,mechanical_angle_rad=6.168137074,valid=1,read_failures=0"
dengfoc,"SYNC_TRUTH,sequence=1141131,truth_tick_us=2284837672,mechanical_angle_rad=6.168137074,valid=1,read_failures=0"
dengfoc,"SYNC_TRUTH,sequence=1141132,truth_tick_us=2284839672,mechanical_angle_rad=6.168137074,valid=1,read_failures=0"
dengfoc,"SYNC_TRUTH,sequence=1141133,truth_tick_us=2284841672,mechanical_angle_rad=6.168137074,valid=1,read_failures=0"
dengfoc,"SYNC_TRUTH,sequence=1141134,truth_tick_us=2284843672,mechanical_angle_rad=6.168137074,valid=1,read_failures=0"
dengfoc,"SYNC_TRUTH,sequence=1141135,truth_tick_us=2284845672,mechanical_angle_rad=6.168137074,valid=1,read_failures=0"
dengfoc,"SYNC_TRUTH,sequence=1141136,truth_tick_us=2284847672,mechanical_angle_rad=6.168137074,valid=1,read_failures=0"
dengfoc,"SYNC_TRUTH,sequence=1141137,truth_tick_us=2284849672,mechanical_angle_rad=6.168137074,valid=1,read_failures=0"
dengfoc,"SYNC_TRUTH,sequence=1141138,truth_tick_us=2284851672,mechanical_angle_rad=6.168137074,valid=1,read_failures=0"
dengfoc,"SYNC_TRUTH,sequence=1141139,truth_tick_us=2284853672,mechanical_angle_rad=6.168137074,valid=1,read_failures=0"
dengfoc,"SYNC_TRUTH,sequence=1141140,truth_tick_us=2284855672,mechanical_angle_rad=6.168137074,valid=1,read_failures=0"
dengfoc,"SYNC_TRUTH,sequence=1141141,truth_tick_us=2284857672,mechanical_angle_rad=6.168137074,valid=1,read_failures=0"
dengfoc,"SYNC_TRUTH,sequence=1141142,truth_tick_us=2284859672,mechanical_angle_rad=6.168137074,valid=1,read_failures=0"
dengfoc,"SYNC_TRUTH,sequence=1141143,truth_tick_us=2284861672,mechanical_angle_rad=6.168137074,valid=1,read_failures=0"
dengfoc,"SYNC_TRUTH,sequence=1141144,truth_tick_us=2284863672,mechanical_angle_rad=6.168137074,valid=1,read_failures=0"
dengfoc,"SYNC_TRUTH,sequence=1141145,truth_tick_us=2284865672,mechanical_angle_rad=6.168137074,valid=1,read_failures=0"
dengfoc,"SYNC_TRUTH,sequence=1141146,truth_tick_us=2284867672,mechanical_angle_rad=6.168137074,valid=1,read_failures=0"
dengfoc,"SYNC_TRUTH,sequence=1141147,truth_tick_us=2284869672,mechanical_angle_rad=6.168137074,valid=1,read_failures=0"
dengfoc,"SYNC_TRUTH,sequence=1141148,truth_tick_us=2284871672,mechanical_angle_rad=6.168137074,valid=1,read_failures=0"
dengfoc,"SYNC_TRUTH,sequence=1141149,truth_tick_us=2284873672,mechanical_angle_rad=6.168137074,valid=1,read_failures=0"
dengfoc,"SYNC_TRUTH,sequence=1141150,truth_tick_us=2284875672,mechanical_angle_rad=6.168137074,valid=1,read_failures=0"
dengfoc,"SYNC_TRUTH,sequence=1141151,truth_tick_us=2284877672,mechanical_angle_rad=6.168137074,valid=1,read_failures=0"
dengfoc,"SYNC_TRUTH,sequence=1141152,truth_tick_us=2284879672,mechanical_angle_rad=6.168137074,valid=1,read_failures=0"
dengfoc,"SYNC_TRUTH,sequence=1141153,truth_tick_us=2284881672,mechanical_angle_rad=6.168137074,valid=1,read_failures=0"
dengfoc,"SYNC_TRUTH,sequence=1141154,truth_tick_us=2284883672,mechanical_angle_rad=6.168137074,valid=1,read_failures=0"
dengfoc,"SYNC_TRUTH,sequence=1141155,truth_tick_us=2284885672,mechanical_angle_rad=6.168137074,valid=1,read_failures=0"
dengfoc,"SYNC_TRUTH,sequence=1141156,truth_tick_us=2284887672,mechanical_angle_rad=6.168137074,valid=1,read_failures=0"
dengfoc,"SYNC_TRUTH,sequence=1141157,truth_tick_us=2284889672,mechanical_angle_rad=6.168137074,valid=1,read_failures=0"
dengfoc,"SYNC_TRUTH,sequence=1141158,truth_tick_us=2284891672,mechanical_angle_rad=6.168137074,valid=1,read_failures=0"
dengfoc,"SYNC_TRUTH,sequence=1141159,truth_tick_us=2284893672,mechanical_angle_rad=6.168137074,valid=1,read_failures=0"
dengfoc,"SYNC_TRUTH,sequence=1141160,truth_tick_us=2284895672,mechanical_angle_rad=6.168137074,valid=1,read_failures=0"
dengfoc,"SYNC_TRUTH,sequence=1141161,truth_tick_us=2284897672,mechanical_angle_rad=6.168137074,valid=1,read_failures=0"
dengfoc,"SYNC_TRUTH,sequence=1141162,truth_tick_us=2284899672,mechanical_angle_rad=6.168137074,valid=1,read_failures=0"
dengfoc,"SYNC_TRUTH,sequence=1141163,truth_tick_us=2284901672,mechanical_angle_rad=6.168137074,valid=1,read_failures=0"
dengfoc,"SYNC_TRUTH,sequence=1141164,truth_tick_us=2284903672,mechanical_angle_rad=6.168137074,valid=1,read_failures=0"
dengfoc,"SYNC_TRUTH,sequence=1141165,truth_tick_us=2284905672,mechanical_angle_rad=6.168137074,valid=1,read_failures=0"
dengfoc,"SYNC_TRUTH,sequence=1141166,truth_tick_us=2284907672,mechanical_angle_rad=6.168137074,valid=1,read_failures=0"
dengfoc,"SYNC_TRUTH,sequence=1141167,truth_tick_us=2284909672,mechanical_angle_rad=6.168137074,valid=1,read_failures=0"
dengfoc,"SYNC_TRUTH,sequence=1141168,truth_tick_us=2284911672,mechanical_angle_rad=6.168137074,valid=1,read_failures=0"
dengfoc,"SYNC_TRUTH,sequence=1141169,truth_tick_us=2284913672,mechanical_angle_rad=6.168137074,valid=1,read_failures=0"
dengfoc,"SYNC_TRUTH,sequence=1141170,truth_tick_us=2284915672,mechanical_angle_rad=6.168137074,valid=1,read_failures=0"
dengfoc,"SYNC_TRUTH,sequence=1141171,truth_tick_us=2284917672,mechanical_angle_rad=6.168137074,valid=1,read_failures=0"
dengfoc,"SYNC_TRUTH,sequence=1141172,truth_tick_us=2284919672,mechanical_angle_rad=6.168137074,valid=1,read_failures=0"
dengfoc,"SYNC_TRUTH,sequence=1141173,truth_tick_us=2284921672,mechanical_angle_rad=6.168137074,valid=1,read_failures=0"
dengfoc,"SYNC_TRUTH,sequence=1141174,truth_tick_us=2284923672,mechanical_angle_rad=6.168137074,valid=1,read_failures=0"
dengfoc,"SYNC_TRUTH,sequence=1141175,truth_tick_us=2284925672,mechanical_angle_rad=6.168137074,valid=1,read_failures=0"
dengfoc,"SYNC_TRUTH,sequence=1141176,truth_tick_us=2284927672,mechanical_angle_rad=6.168137074,valid=1,read_failures=0"
dengfoc,"SYNC_TRUTH,sequence=1141177,truth_tick_us=2284929672,mechanical_angle_rad=6.168137074,valid=1,read_failures=0"
dengfoc,"SYNC_TRUTH,sequence=1141178,truth_tick_us=2284931672,mechanical_angle_rad=6.168137074,valid=1,read_failures=0"
dengfoc,"SYNC_TRUTH,sequence=1141179,truth_tick_us=2284933672,mechanical_angle_rad=6.168137074,valid=1,read_failures=0"
dengfoc,"SYNC_TRUTH,sequence=1141180,truth_tick_us=2284935672,mechanical_angle_rad=6.168137074,valid=1,read_failures=0"
dengfoc,"SYNC_TRUTH,sequence=1141181,truth_tick_us=2284937672,mechanical_angle_rad=6.168137074,valid=1,read_failures=0"
dengfoc,"SYNC_TRUTH,sequence=1141182,truth_tick_us=2284939672,mechanical_angle_rad=6.168137074,valid=1,read_failures=0"
dengfoc,"SYNC_TRUTH,sequence=1141183,truth_tick_us=2284941672,mechanical_angle_rad=6.168137074,valid=1,read_failures=0"
dengfoc,"SYNC_TRUTH,sequence=1141184,truth_tick_us=2284943672,mechanical_angle_rad=6.168137074,valid=1,read_failures=0"
dengfoc,"SYNC_TRUTH,sequence=1141185,truth_tick_us=2284945672,mechanical_angle_rad=6.168137074,valid=1,read_failures=0"
dengfoc,"SYNC_TRUTH,sequence=1141186,truth_tick_us=2284947672,mechanical_angle_rad=6.168137074,valid=1,read_failures=0"
dengfoc,"SYNC_TRUTH,sequence=1141187,truth_tick_us=2284949672,mechanical_angle_rad=6.168137074,valid=1,read_failures=0"
dengfoc,"SYNC_TRUTH,sequence=1141188,truth_tick_us=2284951672,mechanical_angle_rad=6.168137074,valid=1,read_failures=0"
dengfoc,"SYNC_TRUTH,sequence=1141189,truth_tick_us=2284953672,mechanical_angle_rad=6.168137074,valid=1,read_failures=0"
dengfoc,"SYNC_TRUTH,sequence=1141190,truth_tick_us=2284955672,mechanical_angle_rad=6.168137074,valid=1,read_failures=0"
dengfoc,"SYNC_TRUTH,sequence=1141191,truth_tick_us=2284957672,mechanical_angle_rad=6.168137074,valid=1,read_failures=0"
dengfoc,"SYNC_TRUTH,sequence=1141192,truth_tick_us=2284959672,mechanical_angle_rad=6.168137074,valid=1,read_failures=0"
dengfoc,"SYNC_TRUTH,sequence=1141193,truth_tick_us=2284961672,mechanical_angle_rad=6.168137074,valid=1,read_failures=0"
dengfoc,"SYNC_TRUTH,sequence=1141194,truth_tick_us=2284963672,mechanical_angle_rad=6.168137074,valid=1,read_failures=0"
dengfoc,"SYNC_TRUTH,sequence=1141195,truth_tick_us=2284965672,mechanical_angle_rad=6.168137074,valid=1,read_failures=0"
dengfoc,"SYNC_TRUTH,sequence=1141196,truth_tick_us=2284967672,mechanical_angle_rad=6.168137074,valid=1,read_failures=0"
dengfoc,"SYNC_TRUTH,sequence=1141197,truth_tick_us=2284969672,mechanical_angle_rad=6.168137074,valid=1,read_failures=0"
dengfoc,"SYNC_TRUTH,sequence=1141198,truth_tick_us=2284971672,mechanical_angle_rad=6.168137074,valid=1,read_failures=0"
dengfoc,"SYNC_TRUTH,sequence=1141199,truth_tick_us=2284973672,mechanical_angle_rad=6.168137074,valid=1,read_failures=0"
dengfoc,"SYNC_TRUTH,sequence=1141200,truth_tick_us=2284975672,mechanical_angle_rad=6.168137074,valid=1,read_failures=0"
dengfoc,"SYNC_TRUTH,sequence=1141201,truth_tick_us=2284977672,mechanical_angle_rad=6.168137074,valid=1,read_failures=0"
dengfoc,"SYNC_TRUTH,sequence=1141202,truth_tick_us=2284979672,mechanical_angle_rad=6.168137074,valid=1,read_failures=0"
dengfoc,"SYNC_TRUTH,sequence=1141203,truth_tick_us=2284981672,mechanical_angle_rad=6.168137074,valid=1,read_failures=0"
dengfoc,"SYNC_TRUTH,sequence=1141204,truth_tick_us=2284983672,mechanical_angle_rad=6.168137074,valid=1,read_failures=0"
dengfoc,"SYNC_TRUTH,sequence=1141205,truth_tick_us=2284985672,mechanical_angle_rad=6.168137074,valid=1,read_failures=0"
dengfoc,"SYNC_TRUTH,sequence=1141206,truth_tick_us=2284987672,mechanical_angle_rad=6.168137074,valid=1,read_failures=0"
dengfoc,"SYNC_TRUTH,sequence=1141207,truth_tick_us=2284989672,mechanical_angle_rad=6.168137074,valid=1,read_failures=0"
dengfoc,"SYNC_TRUTH,sequence=1141208,truth_tick_us=2284991672,mechanical_angle_rad=6.168137074,valid=1,read_failures=0"
dengfoc,"SYNC_TRUTH,sequence=1141209,truth_tick_us=2284993672,mechanical_angle_rad=6.168137074,valid=1,read_failures=0"
dengfoc,"SYNC_TRUTH,sequence=1141210,truth_tick_us=2284995672,mechanical_angle_rad=6.168137074,valid=1,read_failures=0"
dengfoc,"SYNC_TRUTH,sequence=1141211,truth_tick_us=2284997672,mechanical_angle_rad=6.168137074,valid=1,read_failures=0"
dengfoc,"SYNC_TRUTH,sequence=1141212,truth_tick_us=2284999672,mechanical_angle_rad=6.168137074,valid=1,read_failures=0"
dengfoc,"SYNC_TRUTH,sequence=1141213,truth_tick_us=2285001672,mechanical_angle_rad=6.168137074,valid=1,read_failures=0"
dengfoc,"SYNC_TRUTH,sequence=1141214,truth_tick_us=2285003672,mechanical_angle_rad=6.168137074,valid=1,read_failures=0"
dengfoc,"SYNC_TRUTH,sequence=1141215,truth_tick_us=2285005672,mechanical_angle_rad=6.168137074,valid=1,read_failures=0"
dengfoc,"SYNC_TRUTH,sequence=1141216,truth_tick_us=2285007672,mechanical_angle_rad=6.168137074,valid=1,read_failures=0"
dengfoc,"SYNC_TRUTH,sequence=1141217,truth_tick_us=2285009672,mechanical_angle_rad=6.168137074,valid=1,read_failures=0"
dengfoc,"SYNC_TRUTH,sequence=1141218,truth_tick_us=2285011672,mechanical_angle_rad=6.168137074,valid=1,read_failures=0"
dengfoc,"SYNC_TRUTH,sequence=1141219,truth_tick_us=2285013672,mechanical_angle_rad=6.168137074,valid=1,read_failures=0"
dengfoc,"SYNC_TRUTH,sequence=1141220,truth_tick_us=2285015672,mechanical_angle_rad=6.168137074,valid=1,read_failures=0"
dengfoc,"SYNC_TRUTH,sequence=1141221,truth_tick_us=2285017672,mechanical_angle_rad=6.168137074,valid=1,read_failures=0"
dengfoc,"SYNC_TRUTH,sequence=1141222,truth_tick_us=2285019672,mechanical_angle_rad=6.168137074,valid=1,read_failures=0"
dengfoc,"SYNC_TRUTH,sequence=1141223,truth_tick_us=2285021672,mechanical_angle_rad=6.168137074,valid=1,read_failures=0"
dengfoc,"SYNC_TRUTH,sequence=1141224,truth_tick_us=2285023672,mechanical_angle_rad=6.168137074,valid=1,read_failures=0"
dengfoc,"SYNC_TRUTH,sequence=1141225,truth_tick_us=2285025672,mechanical_angle_rad=6.168137074,valid=1,read_failures=0"
dengfoc,"SYNC_TRUTH,sequence=1141226,truth_tick_us=2285027672,mechanical_angle_rad=6.168137074,valid=1,read_failures=0"
dengfoc,"SYNC_TRUTH,sequence=1141227,truth_tick_us=2285029672,mechanical_angle_rad=6.168137074,valid=1,read_failures=0"
dengfoc,"SYNC_TRUTH,sequence=1141228,truth_tick_us=2285031672,mechanical_angle_rad=6.168137074,valid=1,read_failures=0"
dengfoc,"SYNC_TRUTH,sequence=1141229,truth_tick_us=2285033672,mechanical_angle_rad=6.168137074,valid=1,read_failures=0"
dengfoc,"SYNC_TRUTH,sequence=1141230,truth_tick_us=2285035672,mechanical_angle_rad=6.168137074,valid=1,read_failures=0"
dengfoc,"SYNC_TRUTH,sequence=1141231,truth_tick_us=2285037672,mechanical_angle_rad=6.168137074,valid=1,read_failures=0"
dengfoc,"SYNC_TRUTH,sequence=1141232,truth_tick_us=2285039672,mechanical_angle_rad=6.168137074,valid=1,read_failures=0"
dengfoc,"SYNC_TRUTH,sequence=1141233,truth_tick_us=2285041672,mechanical_angle_rad=6.168137074,valid=1,read_failures=0"
dengfoc,"SYNC_TRUTH,sequence=1141234,truth_tick_us=2285043672,mechanical_angle_rad=6.168137074,valid=1,read_failures=0"
dengfoc,"SYNC_TRUTH,sequence=1141235,truth_tick_us=2285045672,mechanical_angle_rad=6.168137074,valid=1,read_failures=0"
dengfoc,"SYNC_TRUTH,sequence=1141236,truth_tick_us=2285047672,mechanical_angle_rad=6.168137074,valid=1,read_failures=0"
dengfoc,"SYNC_TRUTH,sequence=1141237,truth_tick_us=2285049672,mechanical_angle_rad=6.168137074,valid=1,read_failures=0"
dengfoc,"SYNC_TRUTH,sequence=1141238,truth_tick_us=2285051672,mechanical_angle_rad=6.168137074,valid=1,read_failures=0"
dengfoc,"SYNC_TRUTH,sequence=1141239,truth_tick_us=2285053672,mechanical_angle_rad=6.168137074,valid=1,read_failures=0"
dengfoc,"SYNC_TRUTH,sequence=1141240,truth_tick_us=2285055672,mechanical_angle_rad=6.168137074,valid=1,read_failures=0"
dengfoc,"SYNC_TRUTH,sequence=1141241,truth_tick_us=2285057672,mechanical_angle_rad=6.168137074,valid=1,read_failures=0"
dengfoc,"SYNC_TRUTH,sequence=1141242,truth_tick_us=2285059672,mechanical_angle_rad=6.168137074,valid=1,read_failures=0"
dengfoc,"SYNC_TRUTH,sequence=1141243,truth_tick_us=2285061672,mechanical_angle_rad=6.168137074,valid=1,read_failures=0"
dengfoc,"SYNC_TRUTH,sequence=1141244,truth_tick_us=2285063672,mechanical_angle_rad=6.168137074,valid=1,read_failures=0"
dengfoc,"SYNC_TRUTH,sequence=1141245,truth_tick_us=2285065672,mechanical_angle_rad=6.168137074,valid=1,read_failures=0"
dengfoc,"SYNC_TRUTH,sequence=1141246,truth_tick_us=2285067672,mechanical_angle_rad=6.168137074,valid=1,read_failures=0"
dengfoc,"SYNC_TRUTH,sequence=1141247,truth_tick_us=2285069672,mechanical_angle_rad=6.168137074,valid=1,read_failures=0"
dengfoc,"SYNC_TRUTH,sequence=1141248,truth_tick_us=2285071672,mechanical_angle_rad=6.168137074,valid=1,read_failures=0"
dengfoc,"SYNC_TRUTH,sequence=1141249,truth_tick_us=2285073672,mechanical_angle_rad=6.168137074,valid=1,read_failures=0"
dengfoc,"SYNC_TRUTH,sequence=1141250,truth_tick_us=2285075672,mechanical_angle_rad=6.168137074,valid=1,read_failures=0"
dengfoc,"SYNC_TRUTH,sequence=1141251,truth_tick_us=2285077672,mechanical_angle_rad=6.168137074,valid=1,read_failures=0"
dengfoc,"SYNC_TRUTH,sequence=1141252,truth_tick_us=2285079672,mechanical_angle_rad=6.168137074,valid=1,read_failures=0"
dengfoc,"SYNC_TRUTH,sequence=1141253,truth_tick_us=2285081672,mechanical_angle_rad=6.168137074,valid=1,read_failures=0"
dengfoc,"SYNC_TRUTH,sequence=1141254,truth_tick_us=2285083672,mechanical_angle_rad=6.168137074,valid=1,read_failures=0"
dengfoc,"SYNC_TRUTH,sequence=1141255,truth_tick_us=2285085672,mechanical_angle_rad=6.168137074,valid=1,read_failures=0"
dengfoc,"SYNC_TRUTH,sequence=1141256,truth_tick_us=2285087672,mechanical_angle_rad=6.168137074,valid=1,read_failures=0"
dengfoc,"SYNC_TRUTH,sequence=1141257,truth_tick_us=2285089672,mechanical_angle_rad=6.168137074,valid=1,read_failures=0"
dengfoc,"SYNC_TRUTH,sequence=1141258,truth_tick_us=2285091672,mechanical_angle_rad=6.168137074,valid=1,read_failures=0"
dengfoc,"SYNC_TRUTH,sequence=1141259,truth_tick_us=2285093672,mechanical_angle_rad=6.168137074,valid=1,read_failures=0"
dengfoc,"SYNC_TRUTH,sequence=1141260,truth_tick_us=2285095672,mechanical_angle_rad=6.168137074,valid=1,read_failures=0"
dengfoc,"SYNC_TRUTH,sequence=1141261,truth_tick_us=2285097672,mechanical_angle_rad=6.168137074,valid=1,read_failures=0"
dengfoc,"SYNC_TRUTH,sequence=1141262,truth_tick_us=2285099672,mechanical_angle_rad=6.168137074,valid=1,read_failures=0"
dengfoc,"SYNC_TRUTH,sequence=1141263,truth_tick_us=2285101672,mechanical_angle_rad=6.168137074,valid=1,read_failures=0"
dengfoc,"SYNC_TRUTH,sequence=1141264,truth_tick_us=2285103672,mechanical_angle_rad=6.168137074,valid=1,read_failures=0"
dengfoc,"SYNC_TRUTH,sequence=1141265,truth_tick_us=2285105672,mechanical_angle_rad=6.168137074,valid=1,read_failures=0"
dengfoc,"SYNC_TRUTH,sequence=1141266,truth_tick_us=2285107672,mechanical_angle_rad=6.168137074,valid=1,read_failures=0"
dengfoc,"SYNC_TRUTH,sequence=1141267,truth_tick_us=2285109672,mechanical_angle_rad=6.168137074,valid=1,read_failures=0"
dengfoc,"SYNC_TRUTH,sequence=1141268,truth_tick_us=2285111672,mechanical_angle_rad=6.168137074,valid=1,read_failures=0"
dengfoc,"SYNC_TRUTH,sequence=1141269,truth_tick_us=2285113672,mechanical_angle_rad=6.168137074,valid=1,read_failures=0"
dengfoc,"SYNC_TRUTH,sequence=1141270,truth_tick_us=2285115672,mechanical_angle_rad=6.168137074,valid=1,read_failures=0"
dengfoc,"SYNC_TRUTH,sequence=1141271,truth_tick_us=2285117672,mechanical_angle_rad=6.168137074,valid=1,read_failures=0"
dengfoc,"SYNC_TRUTH,sequence=1141272,truth_tick_us=2285119672,mechanical_angle_rad=6.168137074,valid=1,read_failures=0"
dengfoc,"SYNC_TRUTH,sequence=1141273,truth_tick_us=2285121672,mechanical_angle_rad=6.168137074,valid=1,read_failures=0"
dengfoc,"SYNC_TRUTH,sequence=1141274,truth_tick_us=2285123672,mechanical_angle_rad=6.168137074,valid=1,read_failures=0"
dengfoc,"SYNC_TRUTH,sequence=1141275,truth_tick_us=2285125672,mechanical_angle_rad=6.168137074,valid=1,read_failures=0"
dengfoc,"SYNC_TRUTH,sequence=1141276,truth_tick_us=2285127672,mechanical_angle_rad=6.168137074,valid=1,read_failures=0"
dengfoc,"SYNC_TRUTH,sequence=1141277,truth_tick_us=2285129672,mechanical_angle_rad=6.168137074,valid=1,read_failures=0"
dengfoc,"SYNC_TRUTH,sequence=1141278,truth_tick_us=2285131672,mechanical_angle_rad=6.168137074,valid=1,read_failures=0"
dengfoc,"SYNC_TRUTH,sequence=1141279,truth_tick_us=2285133672,mechanical_angle_rad=6.168137074,valid=1,read_failures=0"
dengfoc,"SYNC_TRUTH,sequence=1141280,truth_tick_us=2285135672,mechanical_angle_rad=6.168137074,valid=1,read_failures=0"
dengfoc,"SYNC_TRUTH,sequence=1141281,truth_tick_us=2285137672,mechanical_angle_rad=6.168137074,valid=1,read_failures=0"
dengfoc,"SYNC_TRUTH,sequence=1141282,truth_tick_us=2285139672,mechanical_angle_rad=6.168137074,valid=1,read_failures=0"
dengfoc,"SYNC_TRUTH,sequence=1141283,truth_tick_us=2285141672,mechanical_angle_rad=6.168137074,valid=1,read_failures=0"
dengfoc,"SYNC_TRUTH,sequence=1141284,truth_tick_us=2285143672,mechanical_angle_rad=6.168137074,valid=1,read_failures=0"
dengfoc,"SYNC_TRUTH,sequence=1141285,truth_tick_us=2285145672,mechanical_angle_rad=6.168137074,valid=1,read_failures=0"
dengfoc,"SYNC_TRUTH,sequence=1141286,truth_tick_us=2285147672,mechanical_angle_rad=6.168137074,valid=1,read_failures=0"
dengfoc,"SYNC_TRUTH,sequence=1141287,truth_tick_us=2285149672,mechanical_angle_rad=6.168137074,valid=1,read_failures=0"
dengfoc,"SYNC_TRUTH,sequence=1141288,truth_tick_us=2285151672,mechanical_angle_rad=6.168137074,valid=1,read_failures=0"
dengfoc,"SYNC_TRUTH,sequence=1141289,truth_tick_us=2285153672,mechanical_angle_rad=6.168137074,valid=1,read_failures=0"
dengfoc,"SYNC_TRUTH,sequence=1141290,truth_tick_us=2285155672,mechanical_angle_rad=6.168137074,valid=1,read_failures=0"
dengfoc,"SYNC_TRUTH,sequence=1141291,truth_tick_us=2285157672,mechanical_angle_rad=6.168137074,valid=1,read_failures=0"
dengfoc,"SYNC_TRUTH,sequence=1141292,truth_tick_us=2285159672,mechanical_angle_rad=6.168137074,valid=1,read_failures=0"
dengfoc,"SYNC_TRUTH,sequence=1141293,truth_tick_us=2285161672,mechanical_angle_rad=6.168137074,valid=1,read_failures=0"
dengfoc,"SYNC_TRUTH,sequence=1141294,truth_tick_us=2285163672,mechanical_angle_rad=6.168137074,valid=1,read_failures=0"
dengfoc,"SYNC_TRUTH,sequence=1141295,truth_tick_us=2285165672,mechanical_angle_rad=6.168137074,valid=1,read_failures=0"
dengfoc,"SYNC_TRUTH,sequence=1141296,truth_tick_us=2285167672,mechanical_angle_rad=6.168137074,valid=1,read_failures=0"
dengfoc,"SYNC_TRUTH,sequence=1141297,truth_tick_us=2285169672,mechanical_angle_rad=6.168137074,valid=1,read_failures=0"
dengfoc,"SYNC_TRUTH,sequence=1141298,truth_tick_us=2285171672,mechanical_angle_rad=6.168137074,valid=1,read_failures=0"
dengfoc,"SYNC_TRUTH,sequence=1141299,truth_tick_us=2285173672,mechanical_angle_rad=6.168137074,valid=1,read_failures=0"
dengfoc,"SYNC_TRUTH,sequence=1141300,truth_tick_us=2285175672,mechanical_angle_rad=6.168137074,valid=1,read_failures=0"
dengfoc,"SYNC_TRUTH,sequence=1141301,truth_tick_us=2285177672,mechanical_angle_rad=6.168137074,valid=1,read_failures=0"
dengfoc,"SYNC_TRUTH,sequence=1141302,truth_tick_us=2285179672,mechanical_angle_rad=6.168137074,valid=1,read_failures=0"
dengfoc,"SYNC_TRUTH,sequence=1141303,truth_tick_us=2285181672,mechanical_angle_rad=6.168137074,valid=1,read_failures=0"
dengfoc,"SYNC_TRUTH,sequence=1141304,truth_tick_us=2285183672,mechanical_angle_rad=6.168137074,valid=1,read_failures=0"
dengfoc,"SYNC_TRUTH,sequence=1141305,truth_tick_us=2285185672,mechanical_angle_rad=6.168137074,valid=1,read_failures=0"
dengfoc,"SYNC_TRUTH,sequence=1141306,truth_tick_us=2285187672,mechanical_angle_rad=6.168137074,valid=1,read_failures=0"
dengfoc,"SYNC_TRUTH,sequence=1141307,truth_tick_us=2285189672,mechanical_angle_rad=6.168137074,valid=1,read_failures=0"
dengfoc,"SYNC_TRUTH,sequence=1141308,truth_tick_us=2285191672,mechanical_angle_rad=6.168137074,valid=1,read_failures=0"
dengfoc,"SYNC_TRUTH,sequence=1141309,truth_tick_us=2285193672,mechanical_angle_rad=6.168137074,valid=1,read_failures=0"
dengfoc,"SYNC_TRUTH,sequence=1141310,truth_tick_us=2285195672,mechanical_angle_rad=6.168137074,valid=1,read_failures=0"
dengfoc,"SYNC_TRUTH,sequence=1141311,truth_tick_us=2285197672,mechanical_angle_rad=6.168137074,valid=1,read_failures=0"
dengfoc,"SYNC_TRUTH,sequence=1141312,truth_tick_us=2285199672,mechanical_angle_rad=6.168137074,valid=1,read_failures=0"
dengfoc,"SYNC_TRUTH,sequence=1141313,truth_tick_us=2285201672,mechanical_angle_rad=6.168137074,valid=1,read_failures=0"
dengfoc,"SYNC_TRUTH,sequence=1141314,truth_tick_us=2285203672,mechanical_angle_rad=6.168137074,valid=1,read_failures=0"
dengfoc,"SYNC_TRUTH,sequence=1141315,truth_tick_us=2285205672,mechanical_angle_rad=6.168137074,valid=1,read_failures=0"
dengfoc,"SYNC_TRUTH,sequence=1141316,truth_tick_us=2285207672,mechanical_angle_rad=6.168137074,valid=1,read_failures=0"
dengfoc,"SYNC_TRUTH,sequence=1141317,truth_tick_us=2285209672,mechanical_angle_rad=6.168137074,valid=1,read_failures=0"
dengfoc,"SYNC_TRUTH,sequence=1141318,truth_tick_us=2285211672,mechanical_angle_rad=6.168137074,valid=1,read_failures=0"
dengfoc,"SYNC_TRUTH,sequence=1141319,truth_tick_us=2285213672,mechanical_angle_rad=6.168137074,valid=1,read_failures=0"
dengfoc,"SYNC_TRUTH,sequence=1141320,truth_tick_us=2285215672,mechanical_angle_rad=6.168137074,valid=1,read_failures=0"
dengfoc,"SYNC_TRUTH,sequence=1141321,truth_tick_us=2285217672,mechanical_angle_rad=6.168137074,valid=1,read_failures=0"
dengfoc,"SYNC_TRUTH,sequence=1141322,truth_tick_us=2285219672,mechanical_angle_rad=6.168137074,valid=1,read_failures=0"
dengfoc,"SYNC_TRUTH,sequence=1141323,truth_tick_us=2285221672,mechanical_angle_rad=6.168137074,valid=1,read_failures=0"
dengfoc,"SYNC_TRUTH,sequence=1141324,truth_tick_us=2285223672,mechanical_angle_rad=6.168137074,valid=1,read_failures=0"
dengfoc,"SYNC_TRUTH,sequence=1141325,truth_tick_us=2285225672,mechanical_angle_rad=6.168137074,valid=1,read_failures=0"
dengfoc,"SYNC_TRUTH,sequence=1141326,truth_tick_us=2285227672,mechanical_angle_rad=6.168137074,valid=1,read_failures=0"
dengfoc,"SYNC_TRUTH,sequence=1141327,truth_tick_us=2285229672,mechanical_angle_rad=6.168137074,valid=1,read_failures=0"
dengfoc,"SYNC_TRUTH,sequence=1141328,truth_tick_us=2285231672,mechanical_angle_rad=6.168137074,valid=1,read_failures=0"
dengfoc,"SYNC_TRUTH,sequence=1141329,truth_tick_us=2285233672,mechanical_angle_rad=6.168137074,valid=1,read_failures=0"
dengfoc,"SYNC_TRUTH,sequence=1141330,truth_tick_us=2285235672,mechanical_angle_rad=6.168137074,valid=1,read_failures=0"
dengfoc,"SYNC_TRUTH,sequence=1141331,truth_tick_us=2285237672,mechanical_angle_rad=6.168137074,valid=1,read_failures=0"
dengfoc,"SYNC_TRUTH,sequence=1141332,truth_tick_us=2285239672,mechanical_angle_rad=6.168137074,valid=1,read_failures=0"
dengfoc,"SYNC_TRUTH,sequence=1141333,truth_tick_us=2285241672,mechanical_angle_rad=6.168137074,valid=1,read_failures=0"
dengfoc,"SYNC_TRUTH,sequence=1141334,truth_tick_us=2285243672,mechanical_angle_rad=6.168137074,valid=1,read_failures=0"
dengfoc,"SYNC_TRUTH,sequence=1141335,truth_tick_us=2285245672,mechanical_angle_rad=6.168137074,valid=1,read_failures=0"
dengfoc,"SYNC_TRUTH,sequence=1141336,truth_tick_us=2285247672,mechanical_angle_rad=6.168137074,valid=1,read_failures=0"
dengfoc,"SYNC_TRUTH,sequence=1141337,truth_tick_us=2285249672,mechanical_angle_rad=6.168137074,valid=1,read_failures=0"
dengfoc,"SYNC_TRUTH,sequence=1141338,truth_tick_us=2285251672,mechanical_angle_rad=6.168137074,valid=1,read_failures=0"
dengfoc,"SYNC_TRUTH,sequence=1141339,truth_tick_us=2285253672,mechanical_angle_rad=6.168137074,valid=1,read_failures=0"
dengfoc,"SYNC_TRUTH,sequence=1141340,truth_tick_us=2285255672,mechanical_angle_rad=6.168137074,valid=1,read_failures=0"
dengfoc,"SYNC_TRUTH,sequence=1141341,truth_tick_us=2285257672,mechanical_angle_rad=6.168137074,valid=1,read_failures=0"
dengfoc,"SYNC_TRUTH,sequence=1141342,truth_tick_us=2285259672,mechanical_angle_rad=6.168137074,valid=1,read_failures=0"
dengfoc,"SYNC_TRUTH,sequence=1141343,truth_tick_us=2285261672,mechanical_angle_rad=6.168137074,valid=1,read_failures=0"
dengfoc,"SYNC_TRUTH,sequence=1141344,truth_tick_us=2285263672,mechanical_angle_rad=6.168137074,valid=1,read_failures=0"
dengfoc,"SYNC_TRUTH,sequence=1141345,truth_tick_us=2285265672,mechanical_angle_rad=6.168137074,valid=1,read_failures=0"
dengfoc,"SYNC_TRUTH,sequence=1141346,truth_tick_us=2285267672,mechanical_angle_rad=6.168137074,valid=1,read_failures=0"
dengfoc,"SYNC_STATUS,frames=36,frame_fail=4,truth=1141346,truth_fail=0,idle=3,capture_state=0,capture_failure=0,rejected=0,overflow=0,recovered=4,session_rollovers=3,sync_level=1,driver_disabled=1"
dengfoc,"SYNC_TRUTH,sequence=1141347,truth_tick_us=2285271019,mechanical_angle_rad=6.168137074,valid=1,read_failures=0"
dengfoc,"SYNC_TRUTH,sequence=1141348,truth_tick_us=2285272672,mechanical_angle_rad=6.168137074,valid=1,read_failures=0"
dengfoc,"SYNC_TRUTH,sequence=1141349,truth_tick_us=2285274672,mechanical_angle_rad=6.168137074,valid=1,read_failures=0"
dengfoc,"SYNC_TRUTH,sequence=1141350,truth_tick_us=2285276672,mechanical_angle_rad=6.168137074,valid=1,read_failures=0"
dengfoc,"SYNC_TRUTH,sequence=1141351,truth_tick_us=2285278672,mechanical_angle_rad=6.168137074,valid=1,read_failures=0"
dengfoc,"SYNC_TRUTH,sequence=1141352,truth_tick_us=2285280672,mechanical_angle_rad=6.168137074,valid=1,read_failures=0"
dengfoc,"SYNC_TRUTH,sequence=1141353,truth_tick_us=2285282672,mechanical_angle_rad=6.168137074,valid=1,read_failures=0"
dengfoc,"SYNC_TRUTH,sequence=1141354,truth_tick_us=2285284672,mechanical_angle_rad=6.168137074,valid=1,read_failures=0"
dengfoc,"SYNC_TRUTH,sequence=1141355,truth_tick_us=2285286672,mechanical_angle_rad=6.168137074,valid=1,read_failures=0"
dengfoc,"SYNC_TRUTH,sequence=1141356,truth_tick_us=2285288672,mechanical_angle_rad=6.168137074,valid=1,read_failures=0"
dengfoc,"SYNC_TRUTH,sequence=1141357,truth_tick_us=2285290672,mechanical_angle_rad=6.168137074,valid=1,read_failures=0"
dengfoc,"SYNC_TRUTH,sequence=1141358,truth_tick_us=2285292672,mechanical_angle_rad=6.168137074,valid=1,read_failures=0"
dengfoc,"SYNC_TRUTH,sequence=1141359,truth_tick_us=2285294672,mechanical_angle_rad=6.168137074,valid=1,read_failures=0"
dengfoc,"SYNC_TRUTH,sequence=1141360,truth_tick_us=2285296672,mechanical_angle_rad=6.168137074,valid=1,read_failures=0"
dengfoc,"SYNC_TRUTH,sequence=1141361,truth_tick_us=2285298672,mechanical_angle_rad=6.168137074,valid=1,read_failures=0"
dengfoc,"SYNC_TRUTH,sequence=1141362,truth_tick_us=2285300672,mechanical_angle_rad=6.168137074,valid=1,read_failures=0"
dengfoc,"SYNC_TRUTH,sequence=1141363,truth_tick_us=2285302672,mechanical_angle_rad=6.168137074,valid=1,read_failures=0"
dengfoc,"SYNC_TRUTH,sequence=1141364,truth_tick_us=2285304672,mechanical_angle_rad=6.168137074,valid=1,read_failures=0"
dengfoc,"SYNC_TRUTH,sequence=1141365,truth_tick_us=2285306672,mechanical_angle_rad=6.168137074,valid=1,read_failures=0"
dengfoc,"SYNC_TRUTH,sequence=1141366,truth_tick_us=2285308672,mechanical_angle_rad=6.168137074,valid=1,read_failures=0"
dengfoc,"SYNC_TRUTH,sequence=1141367,truth_tick_us=2285310672,mechanical_angle_rad=6.168137074,valid=1,read_failures=0"
dengfoc,"SYNC_TRUTH,sequence=1141368,truth_tick_us=2285312672,mechanical_angle_rad=6.168137074,valid=1,read_failures=0"
dengfoc,"SYNC_TRUTH,sequence=1141369,truth_tick_us=2285314672,mechanical_angle_rad=6.168137074,valid=1,read_failures=0"
g431,foc_h3_no_power_probe
dengfoc,"SYNC_TRUTH,sequence=1141370,truth_tick_us=2285316672,mechanical_angle_rad=6.168137074,valid=1,read_failures=0"
dengfoc,"SYNC_TRUTH,sequence=1141371,truth_tick_us=2285318672,mechanical_angle_rad=6.168137074,valid=1,read_failures=0"
dengfoc,"SYNC_TRUTH,sequence=1141372,truth_tick_us=2285320672,mechanical_angle_rad=6.168137074,valid=1,read_failures=0"
dengfoc,"SYNC_TRUTH,sequence=1141373,truth_tick_us=2285322672,mechanical_angle_rad=6.168137074,valid=1,read_failures=0"
dengfoc,"SYNC_TRUTH,sequence=1141374,truth_tick_us=2285324672,mechanical_angle_rad=6.168137074,valid=1,read_failures=0"
dengfoc,"SYNC_TRUTH,sequence=1141375,truth_tick_us=2285326672,mechanical_angle_rad=6.168137074,valid=1,read_failures=0"
dengfoc,"SYNC_TRUTH,sequence=1141376,truth_tick_us=2285328672,mechanical_angle_rad=6.168137074,valid=1,read_failures=0"
dengfoc,"SYNC_TRUTH,sequence=1141377,truth_tick_us=2285330672,mechanical_angle_rad=6.168137074,valid=1,read_failures=0"
dengfoc,"SYNC_TRUTH,sequence=1141378,truth_tick_us=2285332672,mechanical_angle_rad=6.168137074,valid=1,read_failures=0"
dengfoc,"SYNC_TRUTH,sequence=1141379,truth_tick_us=2285334672,mechanical_angle_rad=6.168137074,valid=1,read_failures=0"
dengfoc,"SYNC_TRUTH,sequence=1141380,truth_tick_us=2285336672,mechanical_angle_rad=6.168137074,valid=1,read_failures=0"
dengfoc,"SYNC_TRUTH,sequence=1141381,truth_tick_us=2285338672,mechanical_angle_rad=6.168137074,valid=1,read_failures=0"
dengfoc,"SYNC_TRUTH,sequence=1141382,truth_tick_us=2285340672,mechanical_angle_rad=6.168137074,valid=1,read_failures=0"
dengfoc,"SYNC_TRUTH,sequence=1141383,truth_tick_us=2285342672,mechanical_angle_rad=6.168137074,valid=1,read_failures=0"
dengfoc,"SYNC_TRUTH,sequence=1141384,truth_tick_us=2285344672,mechanical_angle_rad=6.168137074,valid=1,read_failures=0"
dengfoc,"SYNC_TRUTH,sequence=1141385,truth_tick_us=2285346672,mechanical_angle_rad=6.168137074,valid=1,read_failures=0"
dengfoc,"SYNC_ANCHOR_RX,session=2026100506,edge_sequence=6000,edge_tag=1000,truth_tick_us=2285338944,source=2,flags=0x00000003"
dengfoc,"SYNC_TRUTH,sequence=1141386,truth_tick_us=2285349676,mechanical_angle_rad=6.168137074,valid=1,read_failures=0"
dengfoc,"SYNC_TRUTH,sequence=1141387,truth_tick_us=2285351672,mechanical_angle_rad=6.168137074,valid=1,read_failures=0"
g431,"FH3_DYNAMIC_ANCHOR,196608,3,1,1,0,1,101,2213952757,0,7,2026100506,6000,1000,0,1,100,2213952806,49"
dengfoc,"SYNC_TRUTH,sequence=1141388,truth_tick_us=2285353672,mechanical_angle_rad=6.168137074,valid=1,read_failures=0"
g431,"FH3_NOPWR,1"
g431,msh >
dengfoc,"SYNC_TRUTH,sequence=1141389,truth_tick_us=2285355672,mechanical_angle_rad=6.168137074,valid=1,read_failures=0"
dengfoc,"SYNC_TRUTH,sequence=1141390,truth_tick_us=2285357672,mechanical_angle_rad=6.168137074,valid=1,read_failures=0"
dengfoc,"SYNC_TRUTH,sequence=1141391,truth_tick_us=2285359672,mechanical_angle_rad=6.168137074,valid=1,read_failures=0"
dengfoc,"SYNC_TRUTH,sequence=1141392,truth_tick_us=2285361672,mechanical_angle_rad=6.168137074,valid=1,read_failures=0"
dengfoc,"SYNC_TRUTH,sequence=1141393,truth_tick_us=2285363672,mechanical_angle_rad=6.168137074,valid=1,read_failures=0"
dengfoc,"SYNC_TRUTH,sequence=1141394,truth_tick_us=2285365672,mechanical_angle_rad=6.168137074,valid=1,read_failures=0"
dengfoc,"SYNC_TRUTH,sequence=1141395,truth_tick_us=2285367672,mechanical_angle_rad=6.168137074,valid=1,read_failures=0"
dengfoc,"SYNC_TRUTH,sequence=1141396,truth_tick_us=2285369672,mechanical_angle_rad=6.168137074,valid=1,read_failures=0"
dengfoc,"SYNC_TRUTH,sequence=1141397,truth_tick_us=2285371672,mechanical_angle_rad=6.168137074,valid=1,read_failures=0"
dengfoc,"SYNC_TRUTH,sequence=1141398,truth_tick_us=2285373672,mechanical_angle_rad=6.168137074,valid=1,read_failures=0"
dengfoc,"SYNC_TRUTH,sequence=1141399,truth_tick_us=2285375672,mechanical_angle_rad=6.168137074,valid=1,read_failures=0"
dengfoc,"SYNC_TRUTH,sequence=1141400,truth_tick_us=2285377672,mechanical_angle_rad=6.168137074,valid=1,read_failures=0"
dengfoc,"SYNC_TRUTH,sequence=1141401,truth_tick_us=2285379672,mechanical_angle_rad=6.168137074,valid=1,read_failures=0"
dengfoc,"SYNC_TRUTH,sequence=1141402,truth_tick_us=2285381672,mechanical_angle_rad=6.168137074,valid=1,read_failures=0"
dengfoc,"SYNC_TRUTH,sequence=1141403,truth_tick_us=2285383672,mechanical_angle_rad=6.168137074,valid=1,read_failures=0"
dengfoc,"SYNC_TRUTH,sequence=1141404,truth_tick_us=2285385672,mechanical_angle_rad=6.168137074,valid=1,read_failures=0"
dengfoc,"SYNC_TRUTH,sequence=1141405,truth_tick_us=2285387672,mechanical_angle_rad=6.168137074,valid=1,read_failures=0"
g431,msh >
dengfoc,"SYNC_TRUTH,sequence=1141406,truth_tick_us=2285389672,mechanical_angle_rad=6.168137074,valid=1,read_failures=0"
dengfoc,"SYNC_TRUTH,sequence=1141407,truth_tick_us=2285391672,mechanical_angle_rad=6.168137074,valid=1,read_failures=0"
dengfoc,"SYNC_TRUTH,sequence=1141408,truth_tick_us=2285393672,mechanical_angle_rad=6.168137074,valid=1,read_failures=0"
dengfoc,"SYNC_TRUTH,sequence=1141409,truth_tick_us=2285395672,mechanical_angle_rad=6.168137074,valid=1,read_failures=0"
dengfoc,"SYNC_TRUTH,sequence=1141410,truth_tick_us=2285397672,mechanical_angle_rad=6.168137074,valid=1,read_failures=0"
dengfoc,"SYNC_TRUTH,sequence=1141411,truth_tick_us=2285399672,mechanical_angle_rad=6.168137074,valid=1,read_failures=0"
dengfoc,"SYNC_TRUTH,sequence=1141412,truth_tick_us=2285401672,mechanical_angle_rad=6.168137074,valid=1,read_failures=0"
dengfoc,"SYNC_TRUTH,sequence=1141413,truth_tick_us=2285403672,mechanical_angle_rad=6.168137074,valid=1,read_failures=0"
dengfoc,"SYNC_TRUTH,sequence=1141414,truth_tick_us=2285405672,mechanical_angle_rad=6.168137074,valid=1,read_failures=0"
dengfoc,"SYNC_TRUTH,sequence=1141415,truth_tick_us=2285407672,mechanical_angle_rad=6.168137074,valid=1,read_failures=0"
dengfoc,"SYNC_TRUTH,sequence=1141416,truth_tick_us=2285409672,mechanical_angle_rad=6.168137074,valid=1,read_failures=0"
dengfoc,"SYNC_TRUTH,sequence=1141417,truth_tick_us=2285411672,mechanical_angle_rad=6.168137074,valid=1,read_failures=0"
dengfoc,"SYNC_TRUTH,sequence=1141418,truth_tick_us=2285413672,mechanical_angle_rad=6.168137074,valid=1,read_failures=0"
dengfoc,"SYNC_TRUTH,sequence=1141419,truth_tick_us=2285415672,mechanical_angle_rad=6.168137074,valid=1,read_failures=0"
dengfoc,"SYNC_TRUTH,sequence=1141420,truth_tick_us=2285417672,mechanical_angle_rad=6.168137074,valid=1,read_failures=0"
dengfoc,"SYNC_TRUTH,sequence=1141421,truth_tick_us=2285419672,mechanical_angle_rad=6.168137074,valid=1,read_failures=0"
dengfoc,"SYNC_TRUTH,sequence=1141422,truth_tick_us=2285421672,mechanical_angle_rad=6.168137074,valid=1,read_failures=0"
dengfoc,"SYNC_TRUTH,sequence=1141423,truth_tick_us=2285423672,mechanical_angle_rad=6.168137074,valid=1,read_failures=0"
dengfoc,"SYNC_TRUTH,sequence=1141424,truth_tick_us=2285425672,mechanical_angle_rad=6.168137074,valid=1,read_failures=0"
dengfoc,"SYNC_TRUTH,sequence=1141425,truth_tick_us=2285427672,mechanical_angle_rad=6.168137074,valid=1,read_failures=0"
dengfoc,"SYNC_TRUTH,sequence=1141426,truth_tick_us=2285429672,mechanical_angle_rad=6.168137074,valid=1,read_failures=0"
dengfoc,"SYNC_TRUTH,sequence=1141427,truth_tick_us=2285431672,mechanical_angle_rad=6.168137074,valid=1,read_failures=0"
dengfoc,"SYNC_TRUTH,sequence=1141428,truth_tick_us=2285433672,mechanical_angle_rad=6.168137074,valid=1,read_failures=0"
dengfoc,"SYNC_TRUTH,sequence=1141429,truth_tick_us=2285435672,mechanical_angle_rad=6.168137074,valid=1,read_failures=0"
dengfoc,"SYNC_TRUTH,sequence=1141430,truth_tick_us=2285437672,mechanical_angle_rad=6.168137074,valid=1,read_failures=0"
dengfoc,"SYNC_TRUTH,sequence=1141431,truth_tick_us=2285439672,mechanical_angle_rad=6.168137074,valid=1,read_failures=0"
dengfoc,"SYNC_TRUTH,sequence=1141432,truth_tick_us=2285441672,mechanical_angle_rad=6.168137074,valid=1,read_failures=0"
dengfoc,"SYNC_TRUTH,sequence=1141433,truth_tick_us=2285443672,mechanical_angle_rad=6.168137074,valid=1,read_failures=0"
dengfoc,"SYNC_TRUTH,sequence=1141434,truth_tick_us=2285445672,mechanical_angle_rad=6.168137074,valid=1,read_failures=0"
dengfoc,"SYNC_TRUTH,sequence=1141435,truth_tick_us=2285447672,mechanical_angle_rad=6.168137074,valid=1,read_failures=0"
dengfoc,"SYNC_TRUTH,sequence=1141436,truth_tick_us=2285449672,mechanical_angle_rad=6.168137074,valid=1,read_failures=0"
dengfoc,"SYNC_TRUTH,sequence=1141437,truth_tick_us=2285451672,mechanical_angle_rad=6.168137074,valid=1,read_failures=0"
dengfoc,"SYNC_TRUTH,sequence=1141438,truth_tick_us=2285453672,mechanical_angle_rad=6.168137074,valid=1,read_failures=0"
dengfoc,"SYNC_TRUTH,sequence=1141439,truth_tick_us=2285455672,mechanical_angle_rad=6.168137074,valid=1,read_failures=0"
dengfoc,"SYNC_TRUTH,sequence=1141440,truth_tick_us=2285457672,mechanical_angle_rad=6.168137074,valid=1,read_failures=0"
dengfoc,"SYNC_TRUTH,sequence=1141441,truth_tick_us=2285459672,mechanical_angle_rad=6.168137074,valid=1,read_failures=0"
dengfoc,"SYNC_TRUTH,sequence=1141442,truth_tick_us=2285461672,mechanical_angle_rad=6.168137074,valid=1,read_failures=0"
dengfoc,"SYNC_TRUTH,sequence=1141443,truth_tick_us=2285463672,mechanical_angle_rad=6.168137074,valid=1,read_failures=0"
dengfoc,"SYNC_TRUTH,sequence=1141444,truth_tick_us=2285465672,mechanical_angle_rad=6.168137074,valid=1,read_failures=0"
dengfoc,"SYNC_TRUTH,sequence=1141445,truth_tick_us=2285467672,mechanical_angle_rad=6.168137074,valid=1,read_failures=0"
dengfoc,"SYNC_TRUTH,sequence=1141446,truth_tick_us=2285469672,mechanical_angle_rad=6.168137074,valid=1,read_failures=0"
dengfoc,"SYNC_TRUTH,sequence=1141447,truth_tick_us=2285471672,mechanical_angle_rad=6.168137074,valid=1,read_failures=0"
dengfoc,"SYNC_TRUTH,sequence=1141448,truth_tick_us=2285473672,mechanical_angle_rad=6.168137074,valid=1,read_failures=0"
dengfoc,"SYNC_TRUTH,sequence=1141449,truth_tick_us=2285475672,mechanical_angle_rad=6.168137074,valid=1,read_failures=0"
dengfoc,"SYNC_TRUTH,sequence=1141450,truth_tick_us=2285477672,mechanical_angle_rad=6.168137074,valid=1,read_failures=0"
dengfoc,"SYNC_TRUTH,sequence=1141451,truth_tick_us=2285479672,mechanical_angle_rad=6.168137074,valid=1,read_failures=0"
dengfoc,"SYNC_TRUTH,sequence=1141452,truth_tick_us=2285481672,mechanical_angle_rad=6.168137074,valid=1,read_failures=0"
dengfoc,"SYNC_TRUTH,sequence=1141453,truth_tick_us=2285483672,mechanical_angle_rad=6.168137074,valid=1,read_failures=0"
dengfoc,"SYNC_TRUTH,sequence=1141454,truth_tick_us=2285485672,mechanical_angle_rad=6.168137074,valid=1,read_failures=0"
dengfoc,"SYNC_TRUTH,sequence=1141455,truth_tick_us=2285487672,mechanical_angle_rad=6.168137074,valid=1,read_failures=0"
dengfoc,"SYNC_TRUTH,sequence=1141456,truth_tick_us=2285489672,mechanical_angle_rad=6.168137074,valid=1,read_failures=0"
dengfoc,"SYNC_TRUTH,sequence=1141457,truth_tick_us=2285491672,mechanical_angle_rad=6.168137074,valid=1,read_failures=0"
dengfoc,"SYNC_TRUTH,sequence=1141458,truth_tick_us=2285493672,mechanical_angle_rad=6.168137074,valid=1,read_failures=0"
dengfoc,"SYNC_TRUTH,sequence=1141459,truth_tick_us=2285495672,mechanical_angle_rad=6.168137074,valid=1,read_failures=0"
dengfoc,"SYNC_TRUTH,sequence=1141460,truth_tick_us=2285497672,mechanical_angle_rad=6.168137074,valid=1,read_failures=0"
dengfoc,"SYNC_TRUTH,sequence=1141461,truth_tick_us=2285499672,mechanical_angle_rad=6.168137074,valid=1,read_failures=0"
dengfoc,"SYNC_TRUTH,sequence=1141462,truth_tick_us=2285501672,mechanical_angle_rad=6.168137074,valid=1,read_failures=0"
dengfoc,"SYNC_TRUTH,sequence=1141463,truth_tick_us=2285503672,mechanical_angle_rad=6.168137074,valid=1,read_failures=0"
dengfoc,"SYNC_TRUTH,sequence=1141464,truth_tick_us=2285505672,mechanical_angle_rad=6.168137074,valid=1,read_failures=0"
dengfoc,"SYNC_TRUTH,sequence=1141465,truth_tick_us=2285507672,mechanical_angle_rad=6.168137074,valid=1,read_failures=0"
dengfoc,"SYNC_TRUTH,sequence=1141466,truth_tick_us=2285509672,mechanical_angle_rad=6.168137074,valid=1,read_failures=0"
dengfoc,"SYNC_TRUTH,sequence=1141467,truth_tick_us=2285511672,mechanical_angle_rad=6.168137074,valid=1,read_failures=0"
dengfoc,"SYNC_TRUTH,sequence=1141468,truth_tick_us=2285513672,mechanical_angle_rad=6.168137074,valid=1,read_failures=0"
dengfoc,"SYNC_TRUTH,sequence=1141469,truth_tick_us=2285515672,mechanical_angle_rad=6.168137074,valid=1,read_failures=0"
dengfoc,"SYNC_TRUTH,sequence=1141470,truth_tick_us=2285517672,mechanical_angle_rad=6.168137074,valid=1,read_failures=0"
dengfoc,"SYNC_TRUTH,sequence=1141471,truth_tick_us=2285519672,mechanical_angle_rad=6.168137074,valid=1,read_failures=0"
dengfoc,"SYNC_TRUTH,sequence=1141472,truth_tick_us=2285521672,mechanical_angle_rad=6.168137074,valid=1,read_failures=0"
dengfoc,"SYNC_TRUTH,sequence=1141473,truth_tick_us=2285523672,mechanical_angle_rad=6.168137074,valid=1,read_failures=0"
dengfoc,"SYNC_TRUTH,sequence=1141474,truth_tick_us=2285525672,mechanical_angle_rad=6.168137074,valid=1,read_failures=0"
dengfoc,"SYNC_TRUTH,sequence=1141475,truth_tick_us=2285527672,mechanical_angle_rad=6.168137074,valid=1,read_failures=0"
dengfoc,"SYNC_TRUTH,sequence=1141476,truth_tick_us=2285529672,mechanical_angle_rad=6.168137074,valid=1,read_failures=0"
dengfoc,"SYNC_TRUTH,sequence=1141477,truth_tick_us=2285531672,mechanical_angle_rad=6.168137074,valid=1,read_failures=0"
dengfoc,"SYNC_TRUTH,sequence=1141478,truth_tick_us=2285533672,mechanical_angle_rad=6.168137074,valid=1,read_failures=0"
dengfoc,"SYNC_TRUTH,sequence=1141479,truth_tick_us=2285535672,mechanical_angle_rad=6.168137074,valid=1,read_failures=0"
dengfoc,"SYNC_TRUTH,sequence=1141480,truth_tick_us=2285537672,mechanical_angle_rad=6.168137074,valid=1,read_failures=0"
dengfoc,"SYNC_TRUTH,sequence=1141481,truth_tick_us=2285539672,mechanical_angle_rad=6.168137074,valid=1,read_failures=0"
dengfoc,"SYNC_TRUTH,sequence=1141482,truth_tick_us=2285541672,mechanical_angle_rad=6.168137074,valid=1,read_failures=0"
dengfoc,"SYNC_TRUTH,sequence=1141483,truth_tick_us=2285543672,mechanical_angle_rad=6.168137074,valid=1,read_failures=0"
dengfoc,"SYNC_TRUTH,sequence=1141484,truth_tick_us=2285545672,mechanical_angle_rad=6.168137074,valid=1,read_failures=0"
dengfoc,"SYNC_TRUTH,sequence=1141485,truth_tick_us=2285547672,mechanical_angle_rad=6.168137074,valid=1,read_failures=0"
dengfoc,"SYNC_TRUTH,sequence=1141486,truth_tick_us=2285549672,mechanical_angle_rad=6.168137074,valid=1,read_failures=0"
dengfoc,"SYNC_TRUTH,sequence=1141487,truth_tick_us=2285551672,mechanical_angle_rad=6.168137074,valid=1,read_failures=0"
dengfoc,"SYNC_TRUTH,sequence=1141488,truth_tick_us=2285553672,mechanical_angle_rad=6.168137074,valid=1,read_failures=0"
dengfoc,"SYNC_TRUTH,sequence=1141489,truth_tick_us=2285555672,mechanical_angle_rad=6.168137074,valid=1,read_failures=0"
dengfoc,"SYNC_TRUTH,sequence=1141490,truth_tick_us=2285557672,mechanical_angle_rad=6.168137074,valid=1,read_failures=0"
dengfoc,"SYNC_TRUTH,sequence=1141491,truth_tick_us=2285559672,mechanical_angle_rad=6.168137074,valid=1,read_failures=0"
dengfoc,"SYNC_TRUTH,sequence=1141492,truth_tick_us=2285561672,mechanical_angle_rad=6.168137074,valid=1,read_failures=0"
dengfoc,"SYNC_TRUTH,sequence=1141493,truth_tick_us=2285563672,mechanical_angle_rad=6.168137074,valid=1,read_failures=0"
dengfoc,"SYNC_TRUTH,sequence=1141494,truth_tick_us=2285565672,mechanical_angle_rad=6.168137074,valid=1,read_failures=0"
dengfoc,"SYNC_TRUTH,sequence=1141495,truth_tick_us=2285567672,mechanical_angle_rad=6.168137074,valid=1,read_failures=0"
dengfoc,"SYNC_TRUTH,sequence=1141496,truth_tick_us=2285569672,mechanical_angle_rad=6.168137074,valid=1,read_failures=0"
dengfoc,"SYNC_TRUTH,sequence=1141497,truth_tick_us=2285571672,mechanical_angle_rad=6.168137074,valid=1,read_failures=0"
dengfoc,"SYNC_TRUTH,sequence=1141498,truth_tick_us=2285573672,mechanical_angle_rad=6.168137074,valid=1,read_failures=0"
dengfoc,"SYNC_TRUTH,sequence=1141499,truth_tick_us=2285575672,mechanical_angle_rad=6.168137074,valid=1,read_failures=0"
dengfoc,"SYNC_TRUTH,sequence=1141500,truth_tick_us=2285577672,mechanical_angle_rad=6.168137074,valid=1,read_failures=0"
dengfoc,"SYNC_TRUTH,sequence=1141501,truth_tick_us=2285579672,mechanical_angle_rad=6.168137074,valid=1,read_failures=0"
dengfoc,"SYNC_TRUTH,sequence=1141502,truth_tick_us=2285581672,mechanical_angle_rad=6.168137074,valid=1,read_failures=0"
dengfoc,"SYNC_TRUTH,sequence=1141503,truth_tick_us=2285583672,mechanical_angle_rad=6.168137074,valid=1,read_failures=0"
dengfoc,"SYNC_TRUTH,sequence=1141504,truth_tick_us=2285585672,mechanical_angle_rad=6.168137074,valid=1,read_failures=0"
dengfoc,"SYNC_TRUTH,sequence=1141505,truth_tick_us=2285587672,mechanical_angle_rad=6.168137074,valid=1,read_failures=0"
dengfoc,"SYNC_TRUTH,sequence=1141506,truth_tick_us=2285589672,mechanical_angle_rad=6.168137074,valid=1,read_failures=0"
dengfoc,"SYNC_TRUTH,sequence=1141507,truth_tick_us=2285591672,mechanical_angle_rad=6.168137074,valid=1,read_failures=0"
dengfoc,"SYNC_TRUTH,sequence=1141508,truth_tick_us=2285593672,mechanical_angle_rad=6.168137074,valid=1,read_failures=0"
dengfoc,"SYNC_TRUTH,sequence=1141509,truth_tick_us=2285595672,mechanical_angle_rad=6.168137074,valid=1,read_failures=0"
dengfoc,"SYNC_TRUTH,sequence=1141510,truth_tick_us=2285597672,mechanical_angle_rad=6.168137074,valid=1,read_failures=0"
dengfoc,"SYNC_TRUTH,sequence=1141511,truth_tick_us=2285599672,mechanical_angle_rad=6.168137074,valid=1,read_failures=0"
dengfoc,"SYNC_TRUTH,sequence=1141512,truth_tick_us=2285601672,mechanical_angle_rad=6.168137074,valid=1,read_failures=0"
dengfoc,"SYNC_TRUTH,sequence=1141513,truth_tick_us=2285603672,mechanical_angle_rad=6.168137074,valid=1,read_failures=0"
dengfoc,"SYNC_TRUTH,sequence=1141514,truth_tick_us=2285605672,mechanical_angle_rad=6.168137074,valid=1,read_failures=0"
dengfoc,"SYNC_TRUTH,sequence=1141515,truth_tick_us=2285607672,mechanical_angle_rad=6.168137074,valid=1,read_failures=0"
dengfoc,"SYNC_TRUTH,sequence=1141516,truth_tick_us=2285609672,mechanical_angle_rad=6.168137074,valid=1,read_failures=0"
dengfoc,"SYNC_TRUTH,sequence=1141517,truth_tick_us=2285611672,mechanical_angle_rad=6.168137074,valid=1,read_failures=0"
dengfoc,"SYNC_TRUTH,sequence=1141518,truth_tick_us=2285613672,mechanical_angle_rad=6.168137074,valid=1,read_failures=0"
dengfoc,"SYNC_TRUTH,sequence=1141519,truth_tick_us=2285615672,mechanical_angle_rad=6.168137074,valid=1,read_failures=0"
dengfoc,"SYNC_TRUTH,sequence=1141520,truth_tick_us=2285617672,mechanical_angle_rad=6.168137074,valid=1,read_failures=0"
dengfoc,"SYNC_TRUTH,sequence=1141521,truth_tick_us=2285619672,mechanical_angle_rad=6.168137074,valid=1,read_failures=0"
dengfoc,"SYNC_TRUTH,sequence=1141522,truth_tick_us=2285621672,mechanical_angle_rad=6.168137074,valid=1,read_failures=0"
dengfoc,"SYNC_TRUTH,sequence=1141523,truth_tick_us=2285623672,mechanical_angle_rad=6.168137074,valid=1,read_failures=0"
dengfoc,"SYNC_TRUTH,sequence=1141524,truth_tick_us=2285625672,mechanical_angle_rad=6.168137074,valid=1,read_failures=0"
dengfoc,"SYNC_TRUTH,sequence=1141525,truth_tick_us=2285627672,mechanical_angle_rad=6.168137074,valid=1,read_failures=0"
dengfoc,"SYNC_TRUTH,sequence=1141526,truth_tick_us=2285629672,mechanical_angle_rad=6.168137074,valid=1,read_failures=0"
dengfoc,"SYNC_TRUTH,sequence=1141527,truth_tick_us=2285631672,mechanical_angle_rad=6.168137074,valid=1,read_failures=0"
dengfoc,"SYNC_TRUTH,sequence=1141528,truth_tick_us=2285633672,mechanical_angle_rad=6.168137074,valid=1,read_failures=0"
dengfoc,"SYNC_TRUTH,sequence=1141529,truth_tick_us=2285635672,mechanical_angle_rad=6.168137074,valid=1,read_failures=0"
dengfoc,"SYNC_TRUTH,sequence=1141530,truth_tick_us=2285637672,mechanical_angle_rad=6.168137074,valid=1,read_failures=0"
dengfoc,"SYNC_TRUTH,sequence=1141531,truth_tick_us=2285639672,mechanical_angle_rad=6.168137074,valid=1,read_failures=0"
dengfoc,"SYNC_TRUTH,sequence=1141532,truth_tick_us=2285641672,mechanical_angle_rad=6.168137074,valid=1,read_failures=0"
dengfoc,"SYNC_TRUTH,sequence=1141533,truth_tick_us=2285643672,mechanical_angle_rad=6.168137074,valid=1,read_failures=0"
dengfoc,"SYNC_TRUTH,sequence=1141534,truth_tick_us=2285645672,mechanical_angle_rad=6.168137074,valid=1,read_failures=0"
dengfoc,"SYNC_TRUTH,sequence=1141535,truth_tick_us=2285647672,mechanical_angle_rad=6.168137074,valid=1,read_failures=0"
dengfoc,"SYNC_TRUTH,sequence=1141536,truth_tick_us=2285649672,mechanical_angle_rad=6.168137074,valid=1,read_failures=0"
dengfoc,"SYNC_TRUTH,sequence=1141537,truth_tick_us=2285651672,mechanical_angle_rad=6.168137074,valid=1,read_failures=0"
dengfoc,"SYNC_TRUTH,sequence=1141538,truth_tick_us=2285653672,mechanical_angle_rad=6.168137074,valid=1,read_failures=0"
dengfoc,"SYNC_TRUTH,sequence=1141539,truth_tick_us=2285655672,mechanical_angle_rad=6.168137074,valid=1,read_failures=0"
dengfoc,"SYNC_TRUTH,sequence=1141540,truth_tick_us=2285657672,mechanical_angle_rad=6.168137074,valid=1,read_failures=0"
dengfoc,"SYNC_TRUTH,sequence=1141541,truth_tick_us=2285659672,mechanical_angle_rad=6.168137074,valid=1,read_failures=0"
dengfoc,"SYNC_TRUTH,sequence=1141542,truth_tick_us=2285661672,mechanical_angle_rad=6.168137074,valid=1,read_failures=0"
dengfoc,"SYNC_TRUTH,sequence=1141543,truth_tick_us=2285663672,mechanical_angle_rad=6.168137074,valid=1,read_failures=0"
dengfoc,"SYNC_TRUTH,sequence=1141544,truth_tick_us=2285665672,mechanical_angle_rad=6.168137074,valid=1,read_failures=0"
dengfoc,"SYNC_TRUTH,sequence=1141545,truth_tick_us=2285667672,mechanical_angle_rad=6.168137074,valid=1,read_failures=0"
dengfoc,"SYNC_TRUTH,sequence=1141546,truth_tick_us=2285669672,mechanical_angle_rad=6.168137074,valid=1,read_failures=0"
dengfoc,"SYNC_TRUTH,sequence=1141547,truth_tick_us=2285671672,mechanical_angle_rad=6.168137074,valid=1,read_failures=0"
dengfoc,"SYNC_TRUTH,sequence=1141548,truth_tick_us=2285673672,mechanical_angle_rad=6.168137074,valid=1,read_failures=0"
dengfoc,"SYNC_TRUTH,sequence=1141549,truth_tick_us=2285675672,mechanical_angle_rad=6.168137074,valid=1,read_failures=0"
dengfoc,"SYNC_TRUTH,sequence=1141550,truth_tick_us=2285677672,mechanical_angle_rad=6.168137074,valid=1,read_failures=0"
dengfoc,"SYNC_TRUTH,sequence=1141551,truth_tick_us=2285679672,mechanical_angle_rad=6.168137074,valid=1,read_failures=0"
dengfoc,"SYNC_TRUTH,sequence=1141552,truth_tick_us=2285681672,mechanical_angle_rad=6.168137074,valid=1,read_failures=0"
dengfoc,"SYNC_TRUTH,sequence=1141553,truth_tick_us=2285683672,mechanical_angle_rad=6.168137074,valid=1,read_failures=0"
dengfoc,"SYNC_TRUTH,sequence=1141554,truth_tick_us=2285685672,mechanical_angle_rad=6.168137074,valid=1,read_failures=0"
dengfoc,"SYNC_TRUTH,sequence=1141555,truth_tick_us=2285687672,mechanical_angle_rad=6.168137074,valid=1,read_failures=0"
dengfoc,"SYNC_TRUTH,sequence=1141556,truth_tick_us=2285689672,mechanical_angle_rad=6.168137074,valid=1,read_failures=0"
dengfoc,"SYNC_TRUTH,sequence=1141557,truth_tick_us=2285691672,mechanical_angle_rad=6.168137074,valid=1,read_failures=0"
dengfoc,"SYNC_TRUTH,sequence=1141558,truth_tick_us=2285693672,mechanical_angle_rad=6.168137074,valid=1,read_failures=0"
dengfoc,"SYNC_TRUTH,sequence=1141559,truth_tick_us=2285695672,mechanical_angle_rad=6.168137074,valid=1,read_failures=0"
dengfoc,"SYNC_TRUTH,sequence=1141560,truth_tick_us=2285697672,mechanical_angle_rad=6.168137074,valid=1,read_failures=0"
dengfoc,"SYNC_TRUTH,sequence=1141561,truth_tick_us=2285699672,mechanical_angle_rad=6.168137074,valid=1,read_failures=0"
dengfoc,"SYNC_TRUTH,sequence=1141562,truth_tick_us=2285701672,mechanical_angle_rad=6.168137074,valid=1,read_failures=0"
dengfoc,"SYNC_TRUTH,sequence=1141563,truth_tick_us=2285703672,mechanical_angle_rad=6.168137074,valid=1,read_failures=0"
dengfoc,"SYNC_TRUTH,sequence=1141564,truth_tick_us=2285705672,mechanical_angle_rad=6.168137074,valid=1,read_failures=0"
dengfoc,"SYNC_TRUTH,sequence=1141565,truth_tick_us=2285707672,mechanical_angle_rad=6.168137074,valid=1,read_failures=0"
dengfoc,"SYNC_TRUTH,sequence=1141566,truth_tick_us=2285709672,mechanical_angle_rad=6.168137074,valid=1,read_failures=0"
dengfoc,"SYNC_TRUTH,sequence=1141567,truth_tick_us=2285711672,mechanical_angle_rad=6.168137074,valid=1,read_failures=0"
dengfoc,"SYNC_TRUTH,sequence=1141568,truth_tick_us=2285713672,mechanical_angle_rad=6.168137074,valid=1,read_failures=0"
dengfoc,"SYNC_TRUTH,sequence=1141569,truth_tick_us=2285715672,mechanical_angle_rad=6.168137074,valid=1,read_failures=0"
dengfoc,"SYNC_TRUTH,sequence=1141570,truth_tick_us=2285717672,mechanical_angle_rad=6.168137074,valid=1,read_failures=0"
dengfoc,"SYNC_TRUTH,sequence=1141571,truth_tick_us=2285719672,mechanical_angle_rad=6.168137074,valid=1,read_failures=0"
dengfoc,"SYNC_TRUTH,sequence=1141572,truth_tick_us=2285721672,mechanical_angle_rad=6.168137074,valid=1,read_failures=0"
dengfoc,"SYNC_TRUTH,sequence=1141573,truth_tick_us=2285723672,mechanical_angle_rad=6.168137074,valid=1,read_failures=0"
dengfoc,"SYNC_TRUTH,sequence=1141574,truth_tick_us=2285725672,mechanical_angle_rad=6.168137074,valid=1,read_failures=0"
dengfoc,"SYNC_TRUTH,sequence=1141575,truth_tick_us=2285727672,mechanical_angle_rad=6.168137074,valid=1,read_failures=0"
dengfoc,"SYNC_TRUTH,sequence=1141576,truth_tick_us=2285729672,mechanical_angle_rad=6.168137074,valid=1,read_failures=0"
dengfoc,"SYNC_TRUTH,sequence=1141577,truth_tick_us=2285731672,mechanical_angle_rad=6.168137074,valid=1,read_failures=0"
dengfoc,"SYNC_TRUTH,sequence=1141578,truth_tick_us=2285733672,mechanical_angle_rad=6.168137074,valid=1,read_failures=0"
dengfoc,"SYNC_TRUTH,sequence=1141579,truth_tick_us=2285735672,mechanical_angle_rad=6.168137074,valid=1,read_failures=0"
dengfoc,"SYNC_TRUTH,sequence=1141580,truth_tick_us=2285737672,mechanical_angle_rad=6.168137074,valid=1,read_failures=0"
dengfoc,"SYNC_TRUTH,sequence=1141581,truth_tick_us=2285739672,mechanical_angle_rad=6.168137074,valid=1,read_failures=0"
dengfoc,"SYNC_TRUTH,sequence=1141582,truth_tick_us=2285741672,mechanical_angle_rad=6.168137074,valid=1,read_failures=0"
dengfoc,"SYNC_TRUTH,sequence=1141583,truth_tick_us=2285743672,mechanical_angle_rad=6.168137074,valid=1,read_failures=0"
dengfoc,"SYNC_TRUTH,sequence=1141584,truth_tick_us=2285745672,mechanical_angle_rad=6.168137074,valid=1,read_failures=0"
dengfoc,"SYNC_TRUTH,sequence=1141585,truth_tick_us=2285747672,mechanical_angle_rad=6.168137074,valid=1,read_failures=0"
dengfoc,"SYNC_TRUTH,sequence=1141586,truth_tick_us=2285749672,mechanical_angle_rad=6.168137074,valid=1,read_failures=0"
dengfoc,"SYNC_TRUTH,sequence=1141587,truth_tick_us=2285751672,mechanical_angle_rad=6.168137074,valid=1,read_failures=0"
dengfoc,"SYNC_TRUTH,sequence=1141588,truth_tick_us=2285753672,mechanical_angle_rad=6.168137074,valid=1,read_failures=0"
dengfoc,"SYNC_TRUTH,sequence=1141589,truth_tick_us=2285755672,mechanical_angle_rad=6.168137074,valid=1,read_failures=0"
dengfoc,"SYNC_TRUTH,sequence=1141590,truth_tick_us=2285757672,mechanical_angle_rad=6.168137074,valid=1,read_failures=0"
dengfoc,"SYNC_TRUTH,sequence=1141591,truth_tick_us=2285759672,mechanical_angle_rad=6.168137074,valid=1,read_failures=0"
dengfoc,"SYNC_TRUTH,sequence=1141592,truth_tick_us=2285761672,mechanical_angle_rad=6.168137074,valid=1,read_failures=0"
dengfoc,"SYNC_TRUTH,sequence=1141593,truth_tick_us=2285763672,mechanical_angle_rad=6.168137074,valid=1,read_failures=0"
dengfoc,"SYNC_TRUTH,sequence=1141594,truth_tick_us=2285765672,mechanical_angle_rad=6.168137074,valid=1,read_failures=0"
dengfoc,"SYNC_TRUTH,sequence=1141595,truth_tick_us=2285767672,mechanical_angle_rad=6.168137074,valid=1,read_failures=0"
dengfoc,"SYNC_TRUTH,sequence=1141596,truth_tick_us=2285769672,mechanical_angle_rad=6.168137074,valid=1,read_failures=0"
dengfoc,"SYNC_TRUTH,sequence=1141597,truth_tick_us=2285771672,mechanical_angle_rad=6.168137074,valid=1,read_failures=0"
dengfoc,"SYNC_TRUTH,sequence=1141598,truth_tick_us=2285773672,mechanical_angle_rad=6.168137074,valid=1,read_failures=0"
dengfoc,"SYNC_TRUTH,sequence=1141599,truth_tick_us=2285775672,mechanical_angle_rad=6.168137074,valid=1,read_failures=0"
dengfoc,"SYNC_TRUTH,sequence=1141600,truth_tick_us=2285777672,mechanical_angle_rad=6.168137074,valid=1,read_failures=0"
dengfoc,"SYNC_TRUTH,sequence=1141601,truth_tick_us=2285779672,mechanical_angle_rad=6.168137074,valid=1,read_failures=0"
dengfoc,"SYNC_TRUTH,sequence=1141602,truth_tick_us=2285781672,mechanical_angle_rad=6.168137074,valid=1,read_failures=0"
dengfoc,"SYNC_TRUTH,sequence=1141603,truth_tick_us=2285783672,mechanical_angle_rad=6.168137074,valid=1,read_failures=0"
dengfoc,"SYNC_TRUTH,sequence=1141604,truth_tick_us=2285785672,mechanical_angle_rad=6.168137074,valid=1,read_failures=0"
dengfoc,"SYNC_TRUTH,sequence=1141605,truth_tick_us=2285787672,mechanical_angle_rad=6.168137074,valid=1,read_failures=0"
dengfoc,"SYNC_TRUTH,sequence=1141606,truth_tick_us=2285789672,mechanical_angle_rad=6.168137074,valid=1,read_failures=0"
dengfoc,"SYNC_TRUTH,sequence=1141607,truth_tick_us=2285791672,mechanical_angle_rad=6.168137074,valid=1,read_failures=0"
dengfoc,"SYNC_TRUTH,sequence=1141608,truth_tick_us=2285793672,mechanical_angle_rad=6.168137074,valid=1,read_failures=0"
dengfoc,"SYNC_TRUTH,sequence=1141609,truth_tick_us=2285795672,mechanical_angle_rad=6.168137074,valid=1,read_failures=0"
dengfoc,"SYNC_TRUTH,sequence=1141610,truth_tick_us=2285797672,mechanical_angle_rad=6.168137074,valid=1,read_failures=0"
dengfoc,"SYNC_TRUTH,sequence=1141611,truth_tick_us=2285799672,mechanical_angle_rad=6.168137074,valid=1,read_failures=0"
dengfoc,"SYNC_TRUTH,sequence=1141612,truth_tick_us=2285801672,mechanical_angle_rad=6.168137074,valid=1,read_failures=0"
dengfoc,"SYNC_TRUTH,sequence=1141613,truth_tick_us=2285803672,mechanical_angle_rad=6.168137074,valid=1,read_failures=0"
dengfoc,"SYNC_TRUTH,sequence=1141614,truth_tick_us=2285805672,mechanical_angle_rad=6.168137074,valid=1,read_failures=0"
dengfoc,"SYNC_TRUTH,sequence=1141615,truth_tick_us=2285807672,mechanical_angle_rad=6.168137074,valid=1,read_failures=0"
dengfoc,"SYNC_TRUTH,sequence=1141616,truth_tick_us=2285809672,mechanical_angle_rad=6.168137074,valid=1,read_failures=0"
dengfoc,"SYNC_TRUTH,sequence=1141617,truth_tick_us=2285811672,mechanical_angle_rad=6.168137074,valid=1,read_failures=0"
dengfoc,"SYNC_TRUTH,sequence=1141618,truth_tick_us=2285813672,mechanical_angle_rad=6.168137074,valid=1,read_failures=0"
dengfoc,"SYNC_TRUTH,sequence=1141619,truth_tick_us=2285815672,mechanical_angle_rad=6.168137074,valid=1,read_failures=0"
dengfoc,"SYNC_TRUTH,sequence=1141620,truth_tick_us=2285817672,mechanical_angle_rad=6.168137074,valid=1,read_failures=0"
dengfoc,"SYNC_TRUTH,sequence=1141621,truth_tick_us=2285819672,mechanical_angle_rad=6.168137074,valid=1,read_failures=0"
dengfoc,"SYNC_TRUTH,sequence=1141622,truth_tick_us=2285821672,mechanical_angle_rad=6.168137074,valid=1,read_failures=0"
dengfoc,"SYNC_TRUTH,sequence=1141623,truth_tick_us=2285823672,mechanical_angle_rad=6.168137074,valid=1,read_failures=0"
dengfoc,"SYNC_TRUTH,sequence=1141624,truth_tick_us=2285825672,mechanical_angle_rad=6.168137074,valid=1,read_failures=0"
dengfoc,"SYNC_TRUTH,sequence=1141625,truth_tick_us=2285827672,mechanical_angle_rad=6.168137074,valid=1,read_failures=0"
dengfoc,"SYNC_TRUTH,sequence=1141626,truth_tick_us=2285829672,mechanical_angle_rad=6.168137074,valid=1,read_failures=0"
dengfoc,"SYNC_TRUTH,sequence=1141627,truth_tick_us=2285831672,mechanical_angle_rad=6.168137074,valid=1,read_failures=0"
dengfoc,"SYNC_TRUTH,sequence=1141628,truth_tick_us=2285833672,mechanical_angle_rad=6.168137074,valid=1,read_failures=0"
dengfoc,"SYNC_TRUTH,sequence=1141629,truth_tick_us=2285835672,mechanical_angle_rad=6.168137074,valid=1,read_failures=0"
dengfoc,"SYNC_TRUTH,sequence=1141630,truth_tick_us=2285837672,mechanical_angle_rad=6.168137074,valid=1,read_failures=0"
dengfoc,"SYNC_TRUTH,sequence=1141631,truth_tick_us=2285839672,mechanical_angle_rad=6.168137074,valid=1,read_failures=0"
dengfoc,"SYNC_TRUTH,sequence=1141632,truth_tick_us=2285841672,mechanical_angle_rad=6.168137074,valid=1,read_failures=0"
dengfoc,"SYNC_TRUTH,sequence=1141633,truth_tick_us=2285843672,mechanical_angle_rad=6.168137074,valid=1,read_failures=0"
dengfoc,"SYNC_TRUTH,sequence=1141634,truth_tick_us=2285845672,mechanical_angle_rad=6.168137074,valid=1,read_failures=0"
dengfoc,"SYNC_TRUTH,sequence=1141635,truth_tick_us=2285847672,mechanical_angle_rad=6.168137074,valid=1,read_failures=0"
dengfoc,"SYNC_TRUTH,sequence=1141636,truth_tick_us=2285849672,mechanical_angle_rad=6.168137074,valid=1,read_failures=0"
dengfoc,"SYNC_TRUTH,sequence=1141637,truth_tick_us=2285851672,mechanical_angle_rad=6.168137074,valid=1,read_failures=0"
dengfoc,"SYNC_TRUTH,sequence=1141638,truth_tick_us=2285853672,mechanical_angle_rad=6.168137074,valid=1,read_failures=0"
dengfoc,"SYNC_TRUTH,sequence=1141639,truth_tick_us=2285855672,mechanical_angle_rad=6.168137074,valid=1,read_failures=0"
dengfoc,"SYNC_TRUTH,sequence=1141640,truth_tick_us=2285857672,mechanical_angle_rad=6.168137074,valid=1,read_failures=0"
dengfoc,"SYNC_TRUTH,sequence=1141641,truth_tick_us=2285859672,mechanical_angle_rad=6.168137074,valid=1,read_failures=0"
dengfoc,"SYNC_TRUTH,sequence=1141642,truth_tick_us=2285861672,mechanical_angle_rad=6.168137074,valid=1,read_failures=0"
dengfoc,"SYNC_TRUTH,sequence=1141643,truth_tick_us=2285863672,mechanical_angle_rad=6.168137074,valid=1,read_failures=0"
dengfoc,"SYNC_TRUTH,sequence=1141644,truth_tick_us=2285865672,mechanical_angle_rad=6.168137074,valid=1,read_failures=0"
dengfoc,"SYNC_TRUTH,sequence=1141645,truth_tick_us=2285867672,mechanical_angle_rad=6.168137074,valid=1,read_failures=0"
dengfoc,"SYNC_TRUTH,sequence=1141646,truth_tick_us=2285869672,mechanical_angle_rad=6.168137074,valid=1,read_failures=0"
dengfoc,"SYNC_TRUTH,sequence=1141647,truth_tick_us=2285871672,mechanical_angle_rad=6.168137074,valid=1,read_failures=0"
dengfoc,"SYNC_TRUTH,sequence=1141648,truth_tick_us=2285873672,mechanical_angle_rad=6.168137074,valid=1,read_failures=0"
dengfoc,"SYNC_TRUTH,sequence=1141649,truth_tick_us=2285875672,mechanical_angle_rad=6.168137074,valid=1,read_failures=0"
dengfoc,"SYNC_TRUTH,sequence=1141650,truth_tick_us=2285877672,mechanical_angle_rad=6.168137074,valid=1,read_failures=0"
dengfoc,"SYNC_TRUTH,sequence=1141651,truth_tick_us=2285879672,mechanical_angle_rad=6.168137074,valid=1,read_failures=0"
dengfoc,"SYNC_TRUTH,sequence=1141652,truth_tick_us=2285881672,mechanical_angle_rad=6.168137074,valid=1,read_failures=0"
dengfoc,"SYNC_TRUTH,sequence=1141653,truth_tick_us=2285883672,mechanical_angle_rad=6.168137074,valid=1,read_failures=0"
dengfoc,"SYNC_TRUTH,sequence=1141654,truth_tick_us=2285885672,mechanical_angle_rad=6.168137074,valid=1,read_failures=0"
dengfoc,"SYNC_TRUTH,sequence=1141655,truth_tick_us=2285887672,mechanical_angle_rad=6.168137074,valid=1,read_failures=0"
dengfoc,"SYNC_TRUTH,sequence=1141656,truth_tick_us=2285889672,mechanical_angle_rad=6.168137074,valid=1,read_failures=0"
g431,foc_stop
dengfoc,"SYNC_TRUTH,sequence=1141657,truth_tick_us=2285891672,mechanical_angle_rad=6.168137074,valid=1,read_failures=0"
g431,FSTOP
dengfoc,"SYNC_TRUTH,sequence=1141658,truth_tick_us=2285893672,mechanical_angle_rad=6.168137074,valid=1,read_failures=0"
g431,msh >
dengfoc,"SYNC_TRUTH,sequence=1141659,truth_tick_us=2285895672,mechanical_angle_rad=6.168137074,valid=1,read_failures=0"
dengfoc,"SYNC_TRUTH,sequence=1141660,truth_tick_us=2285897672,mechanical_angle_rad=6.168137074,valid=1,read_failures=0"
dengfoc,"SYNC_TRUTH,sequence=1141661,truth_tick_us=2285899672,mechanical_angle_rad=6.168137074,valid=1,read_failures=0"
dengfoc,"SYNC_TRUTH,sequence=1141662,truth_tick_us=2285901672,mechanical_angle_rad=6.168137074,valid=1,read_failures=0"
dengfoc,"SYNC_TRUTH,sequence=1141663,truth_tick_us=2285903672,mechanical_angle_rad=6.168137074,valid=1,read_failures=0"
dengfoc,"SYNC_TRUTH,sequence=1141664,truth_tick_us=2285905672,mechanical_angle_rad=6.168137074,valid=1,read_failures=0"
dengfoc,"SYNC_TRUTH,sequence=1141665,truth_tick_us=2285907672,mechanical_angle_rad=6.168137074,valid=1,read_failures=0"
dengfoc,"SYNC_TRUTH,sequence=1141666,truth_tick_us=2285909672,mechanical_angle_rad=6.168137074,valid=1,read_failures=0"
dengfoc,"SYNC_TRUTH,sequence=1141667,truth_tick_us=2285911672,mechanical_angle_rad=6.168137074,valid=1,read_failures=0"
dengfoc,"SYNC_TRUTH,sequence=1141668,truth_tick_us=2285913672,mechanical_angle_rad=6.168137074,valid=1,read_failures=0"
dengfoc,"SYNC_TRUTH,sequence=1141669,truth_tick_us=2285915672,mechanical_angle_rad=6.168137074,valid=1,read_failures=0"
g431,msh >
dengfoc,"SYNC_TRUTH,sequence=1141670,truth_tick_us=2285917672,mechanical_angle_rad=6.168137074,valid=1,read_failures=0"
dengfoc,"SYNC_TRUTH,sequence=1141671,truth_tick_us=2285919672,mechanical_angle_rad=6.168137074,valid=1,read_failures=0"
dengfoc,"SYNC_TRUTH,sequence=1141672,truth_tick_us=2285921672,mechanical_angle_rad=6.168137074,valid=1,read_failures=0"
dengfoc,"SYNC_TRUTH,sequence=1141673,truth_tick_us=2285923672,mechanical_angle_rad=6.168137074,valid=1,read_failures=0"
dengfoc,"SYNC_TRUTH,sequence=1141674,truth_tick_us=2285925672,mechanical_angle_rad=6.168137074,valid=1,read_failures=0"
dengfoc,"SYNC_TRUTH,sequence=1141675,truth_tick_us=2285927672,mechanical_angle_rad=6.168137074,valid=1,read_failures=0"
dengfoc,"SYNC_TRUTH,sequence=1141676,truth_tick_us=2285929672,mechanical_angle_rad=6.168137074,valid=1,read_failures=0"
dengfoc,"SYNC_TRUTH,sequence=1141677,truth_tick_us=2285931672,mechanical_angle_rad=6.168137074,valid=1,read_failures=0"
dengfoc,"SYNC_TRUTH,sequence=1141678,truth_tick_us=2285933672,mechanical_angle_rad=6.168137074,valid=1,read_failures=0"
dengfoc,"SYNC_TRUTH,sequence=1141679,truth_tick_us=2285935672,mechanical_angle_rad=6.168137074,valid=1,read_failures=0"
dengfoc,"SYNC_TRUTH,sequence=1141680,truth_tick_us=2285937672,mechanical_angle_rad=6.168137074,valid=1,read_failures=0"
dengfoc,"SYNC_TRUTH,sequence=1141681,truth_tick_us=2285939672,mechanical_angle_rad=6.168137074,valid=1,read_failures=0"
dengfoc,"SYNC_TRUTH,sequence=1141682,truth_tick_us=2285941672,mechanical_angle_rad=6.168137074,valid=1,read_failures=0"
dengfoc,"SYNC_TRUTH,sequence=1141683,truth_tick_us=2285943672,mechanical_angle_rad=6.168137074,valid=1,read_failures=0"
dengfoc,"SYNC_TRUTH,sequence=1141684,truth_tick_us=2285945672,mechanical_angle_rad=6.168137074,valid=1,read_failures=0"
dengfoc,"SYNC_TRUTH,sequence=1141685,truth_tick_us=2285947672,mechanical_angle_rad=6.168137074,valid=1,read_failures=0"
dengfoc,"SYNC_TRUTH,sequence=1141686,truth_tick_us=2285949672,mechanical_angle_rad=6.168137074,valid=1,read_failures=0"
dengfoc,"SYNC_TRUTH,sequence=1141687,truth_tick_us=2285951672,mechanical_angle_rad=6.168137074,valid=1,read_failures=0"
dengfoc,"SYNC_TRUTH,sequence=1141688,truth_tick_us=2285953672,mechanical_angle_rad=6.168137074,valid=1,read_failures=0"
dengfoc,"SYNC_TRUTH,sequence=1141689,truth_tick_us=2285955672,mechanical_angle_rad=6.168137074,valid=1,read_failures=0"
dengfoc,"SYNC_TRUTH,sequence=1141690,truth_tick_us=2285957672,mechanical_angle_rad=6.168137074,valid=1,read_failures=0"
dengfoc,"SYNC_TRUTH,sequence=1141691,truth_tick_us=2285959672,mechanical_angle_rad=6.168137074,valid=1,read_failures=0"
dengfoc,"SYNC_TRUTH,sequence=1141692,truth_tick_us=2285961672,mechanical_angle_rad=6.168137074,valid=1,read_failures=0"
dengfoc,"SYNC_TRUTH,sequence=1141693,truth_tick_us=2285963672,mechanical_angle_rad=6.168137074,valid=1,read_failures=0"
dengfoc,"SYNC_TRUTH,sequence=1141694,truth_tick_us=2285965672,mechanical_angle_rad=6.168137074,valid=1,read_failures=0"
dengfoc,"SYNC_TRUTH,sequence=1141695,truth_tick_us=2285967672,mechanical_angle_rad=6.168137074,valid=1,read_failures=0"
dengfoc,"SYNC_TRUTH,sequence=1141696,truth_tick_us=2285969672,mechanical_angle_rad=6.168137074,valid=1,read_failures=0"
dengfoc,"SYNC_TRUTH,sequence=1141697,truth_tick_us=2285971672,mechanical_angle_rad=6.168137074,valid=1,read_failures=0"
dengfoc,"SYNC_TRUTH,sequence=1141698,truth_tick_us=2285973672,mechanical_angle_rad=6.168137074,valid=1,read_failures=0"
dengfoc,"SYNC_TRUTH,sequence=1141699,truth_tick_us=2285975672,mechanical_angle_rad=6.168137074,valid=1,read_failures=0"
dengfoc,"SYNC_TRUTH,sequence=1141700,truth_tick_us=2285977672,mechanical_angle_rad=6.168137074,valid=1,read_failures=0"
dengfoc,"SYNC_TRUTH,sequence=1141701,truth_tick_us=2285979672,mechanical_angle_rad=6.168137074,valid=1,read_failures=0"
dengfoc,"SYNC_TRUTH,sequence=1141702,truth_tick_us=2285981672,mechanical_angle_rad=6.168137074,valid=1,read_failures=0"
dengfoc,"SYNC_TRUTH,sequence=1141703,truth_tick_us=2285983672,mechanical_angle_rad=6.168137074,valid=1,read_failures=0"
dengfoc,"SYNC_TRUTH,sequence=1141704,truth_tick_us=2285985672,mechanical_angle_rad=6.168137074,valid=1,read_failures=0"
dengfoc,"SYNC_TRUTH,sequence=1141705,truth_tick_us=2285987672,mechanical_angle_rad=6.168137074,valid=1,read_failures=0"
dengfoc,"SYNC_TRUTH,sequence=1141706,truth_tick_us=2285989672,mechanical_angle_rad=6.168137074,valid=1,read_failures=0"
dengfoc,"SYNC_TRUTH,sequence=1141707,truth_tick_us=2285991672,mechanical_angle_rad=6.168137074,valid=1,read_failures=0"
dengfoc,"SYNC_TRUTH,sequence=1141708,truth_tick_us=2285993672,mechanical_angle_rad=6.168137074,valid=1,read_failures=0"
dengfoc,"SYNC_TRUTH,sequence=1141709,truth_tick_us=2285995672,mechanical_angle_rad=6.168137074,valid=1,read_failures=0"
dengfoc,"SYNC_TRUTH,sequence=1141710,truth_tick_us=2285997672,mechanical_angle_rad=6.168137074,valid=1,read_failures=0"
dengfoc,"SYNC_TRUTH,sequence=1141711,truth_tick_us=2285999672,mechanical_angle_rad=6.168137074,valid=1,read_failures=0"
dengfoc,"SYNC_TRUTH,sequence=1141712,truth_tick_us=2286001672,mechanical_angle_rad=6.168137074,valid=1,read_failures=0"
dengfoc,"SYNC_TRUTH,sequence=1141713,truth_tick_us=2286003672,mechanical_angle_rad=6.168137074,valid=1,read_failures=0"
dengfoc,"SYNC_TRUTH,sequence=1141714,truth_tick_us=2286005672,mechanical_angle_rad=6.168137074,valid=1,read_failures=0"
dengfoc,"SYNC_TRUTH,sequence=1141715,truth_tick_us=2286007672,mechanical_angle_rad=6.168137074,valid=1,read_failures=0"
dengfoc,"SYNC_TRUTH,sequence=1141716,truth_tick_us=2286009672,mechanical_angle_rad=6.168137074,valid=1,read_failures=0"
dengfoc,"SYNC_TRUTH,sequence=1141717,truth_tick_us=2286011672,mechanical_angle_rad=6.168137074,valid=1,read_failures=0"
dengfoc,"SYNC_TRUTH,sequence=1141718,truth_tick_us=2286013672,mechanical_angle_rad=6.168137074,valid=1,read_failures=0"
dengfoc,"SYNC_TRUTH,sequence=1141719,truth_tick_us=2286015672,mechanical_angle_rad=6.168137074,valid=1,read_failures=0"
dengfoc,"SYNC_TRUTH,sequence=1141720,truth_tick_us=2286017672,mechanical_angle_rad=6.168137074,valid=1,read_failures=0"
dengfoc,"SYNC_TRUTH,sequence=1141721,truth_tick_us=2286019672,mechanical_angle_rad=6.168137074,valid=1,read_failures=0"
dengfoc,"SYNC_TRUTH,sequence=1141722,truth_tick_us=2286021672,mechanical_angle_rad=6.168137074,valid=1,read_failures=0"
dengfoc,"SYNC_TRUTH,sequence=1141723,truth_tick_us=2286023672,mechanical_angle_rad=6.168137074,valid=1,read_failures=0"
dengfoc,"SYNC_TRUTH,sequence=1141724,truth_tick_us=2286025672,mechanical_angle_rad=6.168137074,valid=1,read_failures=0"
dengfoc,"SYNC_TRUTH,sequence=1141725,truth_tick_us=2286027672,mechanical_angle_rad=6.168137074,valid=1,read_failures=0"
dengfoc,"SYNC_TRUTH,sequence=1141726,truth_tick_us=2286029672,mechanical_angle_rad=6.168137074,valid=1,read_failures=0"
dengfoc,"SYNC_TRUTH,sequence=1141727,truth_tick_us=2286031672,mechanical_angle_rad=6.168137074,valid=1,read_failures=0"
dengfoc,"SYNC_TRUTH,sequence=1141728,truth_tick_us=2286033672,mechanical_angle_rad=6.168137074,valid=1,read_failures=0"
dengfoc,"SYNC_TRUTH,sequence=1141729,truth_tick_us=2286035672,mechanical_angle_rad=6.168137074,valid=1,read_failures=0"
dengfoc,"SYNC_TRUTH,sequence=1141730,truth_tick_us=2286037672,mechanical_angle_rad=6.168137074,valid=1,read_failures=0"
dengfoc,"SYNC_TRUTH,sequence=1141731,truth_tick_us=2286039672,mechanical_angle_rad=6.168137074,valid=1,read_failures=0"
dengfoc,"SYNC_TRUTH,sequence=1141732,truth_tick_us=2286041672,mechanical_angle_rad=6.168137074,valid=1,read_failures=0"
dengfoc,"SYNC_TRUTH,sequence=1141733,truth_tick_us=2286043672,mechanical_angle_rad=6.168137074,valid=1,read_failures=0"
dengfoc,"SYNC_TRUTH,sequence=1141734,truth_tick_us=2286045672,mechanical_angle_rad=6.168137074,valid=1,read_failures=0"
dengfoc,"SYNC_TRUTH,sequence=1141735,truth_tick_us=2286047672,mechanical_angle_rad=6.168137074,valid=1,read_failures=0"
dengfoc,"SYNC_TRUTH,sequence=1141736,truth_tick_us=2286049672,mechanical_angle_rad=6.168137074,valid=1,read_failures=0"
dengfoc,"SYNC_TRUTH,sequence=1141737,truth_tick_us=2286051672,mechanical_angle_rad=6.168137074,valid=1,read_failures=0"
dengfoc,"SYNC_TRUTH,sequence=1141738,truth_tick_us=2286053672,mechanical_angle_rad=6.168137074,valid=1,read_failures=0"
dengfoc,"SYNC_TRUTH,sequence=1141739,truth_tick_us=2286055672,mechanical_angle_rad=6.168137074,valid=1,read_failures=0"
dengfoc,"SYNC_TRUTH,sequence=1141740,truth_tick_us=2286057672,mechanical_angle_rad=6.168137074,valid=1,read_failures=0"
dengfoc,"SYNC_TRUTH,sequence=1141741,truth_tick_us=2286059672,mechanical_angle_rad=6.168137074,valid=1,read_failures=0"
dengfoc,"SYNC_TRUTH,sequence=1141742,truth_tick_us=2286061672,mechanical_angle_rad=6.168137074,valid=1,read_failures=0"
dengfoc,"SYNC_TRUTH,sequence=1141743,truth_tick_us=2286063672,mechanical_angle_rad=6.168137074,valid=1,read_failures=0"
dengfoc,"SYNC_TRUTH,sequence=1141744,truth_tick_us=2286065672,mechanical_angle_rad=6.168137074,valid=1,read_failures=0"
dengfoc,"SYNC_TRUTH,sequence=1141745,truth_tick_us=2286067672,mechanical_angle_rad=6.168137074,valid=1,read_failures=0"
dengfoc,"SYNC_TRUTH,sequence=1141746,truth_tick_us=2286069672,mechanical_angle_rad=6.168137074,valid=1,read_failures=0"
dengfoc,"SYNC_TRUTH,sequence=1141747,truth_tick_us=2286071672,mechanical_angle_rad=6.168137074,valid=1,read_failures=0"
dengfoc,"SYNC_TRUTH,sequence=1141748,truth_tick_us=2286073672,mechanical_angle_rad=6.168137074,valid=1,read_failures=0"
dengfoc,"SYNC_TRUTH,sequence=1141749,truth_tick_us=2286075672,mechanical_angle_rad=6.168137074,valid=1,read_failures=0"
dengfoc,"SYNC_TRUTH,sequence=1141750,truth_tick_us=2286077672,mechanical_angle_rad=6.168137074,valid=1,read_failures=0"
dengfoc,"SYNC_TRUTH,sequence=1141751,truth_tick_us=2286079672,mechanical_angle_rad=6.168137074,valid=1,read_failures=0"
dengfoc,"SYNC_TRUTH,sequence=1141752,truth_tick_us=2286081672,mechanical_angle_rad=6.168137074,valid=1,read_failures=0"
g431,foc_status
dengfoc,"SYNC_TRUTH,sequence=1141753,truth_tick_us=2286083672,mechanical_angle_rad=6.168137074,valid=1,read_failures=0"
dengfoc,"SYNC_TRUTH,sequence=1141754,truth_tick_us=2286085672,mechanical_angle_rad=6.168137074,valid=1,read_failures=0"
g431,"FSTAT,disabled,rust-smo-pll,0,0,0,0"
dengfoc,"SYNC_TRUTH,sequence=1141755,truth_tick_us=2286087672,mechanical_angle_rad=6.168137074,valid=1,read_failures=0"
g431,"FSTAT,iref=0/0,i=0/0,v=0/0"
dengfoc,"SYNC_TRUTH,sequence=1141756,truth_tick_us=2286089672,mechanical_angle_rad=6.168137074,valid=1,read_failures=0"
g431,"FOBS,0/0,0,0/0,00,0,0/0,0"
dengfoc,"SYNC_TRUTH,sequence=1141757,truth_tick_us=2286091672,mechanical_angle_rad=6.168137074,valid=1,read_failures=0"
dengfoc,"SYNC_TRUTH,sequence=1141758,truth_tick_us=2286093672,mechanical_angle_rad=6.168137074,valid=1,read_failures=0"
dengfoc,"SYNC_TRUTH,sequence=1141759,truth_tick_us=2286095672,mechanical_angle_rad=6.168137074,valid=1,read_failures=0"
g431,FOC f=0000231f s=0 e=0 ISR=0/12750 miss=0 pk=0(0mA)
dengfoc,"SYNC_TRUTH,sequence=1141760,truth_tick_us=2286097672,mechanical_angle_rad=6.168137074,valid=1,read_failures=0"
dengfoc,"SYNC_TRUTH,sequence=1141761,truth_tick_us=2286099672,mechanical_angle_rad=6.168137074,valid=1,read_failures=0"
dengfoc,"SYNC_TRUTH,sequence=1141762,truth_tick_us=2286101672,mechanical_angle_rad=6.168137074,valid=1,read_failures=0"
g431,"FTIMING,2,0,0,0,0,0,0,0,0,0,0,0,0,12750,0,0,0,8991,0,0,0"
dengfoc,"SYNC_TRUTH,sequence=1141763,truth_tick_us=2286103672,mechanical_angle_rad=6.168137074,valid=1,read_failures=0"
g431,FOC st=0 rf=00000000 duty=0/0/0
dengfoc,"SYNC_TRUTH,sequence=1141764,truth_tick_us=2286105672,mechanical_angle_rad=6.168137074,valid=1,read_failures=0"
dengfoc,"SYNC_TRUTH,sequence=1141765,truth_tick_us=2286107672,mechanical_angle_rad=6.168137074,valid=1,read_failures=0"
g431,"FFAULT,00000000,00000000,0,0,ARM,0,0000"
dengfoc,"SYNC_TRUTH,sequence=1141766,truth_tick_us=2286109672,mechanical_angle_rad=6.168137074,valid=1,read_failures=0"
dengfoc,"SYNC_TRUTH,sequence=1141767,truth_tick_us=2286111672,mechanical_angle_rad=6.168137074,valid=1,read_failures=0"
g431,"FPROF,0,6,43116001,28041007,00,edf4f6ca,888e4e91"
dengfoc,"SYNC_TRUTH,sequence=1141768,truth_tick_us=2286113672,mechanical_angle_rad=6.168137074,valid=1,read_failures=0"
dengfoc,"SYNC_TRUTH,sequence=1141769,truth_tick_us=2286115672,mechanical_angle_rad=6.168137074,valid=1,read_failures=0"
g431,"FADC,1949/1932/1956,1951/1933/1953,3,39,2053"
g431,msh >
dengfoc,"SYNC_TRUTH,sequence=1141770,truth_tick_us=2286117672,mechanical_angle_rad=6.168137074,valid=1,read_failures=0"
dengfoc,"SYNC_TRUTH,sequence=1141771,truth_tick_us=2286119672,mechanical_angle_rad=6.168137074,valid=1,read_failures=0"
dengfoc,"SYNC_TRUTH,sequence=1141772,truth_tick_us=2286121672,mechanical_angle_rad=6.168137074,valid=1,read_failures=0"
dengfoc,"SYNC_TRUTH,sequence=1141773,truth_tick_us=2286123672,mechanical_angle_rad=6.168137074,valid=1,read_failures=0"
dengfoc,"SYNC_TRUTH,sequence=1141774,truth_tick_us=2286125672,mechanical_angle_rad=6.168137074,valid=1,read_failures=0"
dengfoc,"SYNC_TRUTH,sequence=1141775,truth_tick_us=2286127672,mechanical_angle_rad=6.168137074,valid=1,read_failures=0"
dengfoc,"SYNC_TRUTH,sequence=1141776,truth_tick_us=2286129672,mechanical_angle_rad=6.168137074,valid=1,read_failures=0"
dengfoc,"SYNC_TRUTH,sequence=1141777,truth_tick_us=2286131672,mechanical_angle_rad=6.168137074,valid=1,read_failures=0"
dengfoc,"SYNC_TRUTH,sequence=1141778,truth_tick_us=2286133672,mechanical_angle_rad=6.168137074,valid=1,read_failures=0"
dengfoc,"SYNC_TRUTH,sequence=1141779,truth_tick_us=2286135672,mechanical_angle_rad=6.168137074,valid=1,read_failures=0"
g431,msh >
dengfoc,"SYNC_TRUTH,sequence=1141780,truth_tick_us=2286137672,mechanical_angle_rad=6.168137074,valid=1,read_failures=0"
dengfoc,"SYNC_TRUTH,sequence=1141781,truth_tick_us=2286139672,mechanical_angle_rad=6.168137074,valid=1,read_failures=0"
dengfoc,"SYNC_TRUTH,sequence=1141782,truth_tick_us=2286141672,mechanical_angle_rad=6.168137074,valid=1,read_failures=0"
dengfoc,"SYNC_TRUTH,sequence=1141783,truth_tick_us=2286143672,mechanical_angle_rad=6.168137074,valid=1,read_failures=0"
dengfoc,"SYNC_TRUTH,sequence=1141784,truth_tick_us=2286145672,mechanical_angle_rad=6.168137074,valid=1,read_failures=0"
dengfoc,"SYNC_TRUTH,sequence=1141785,truth_tick_us=2286147672,mechanical_angle_rad=6.168137074,valid=1,read_failures=0"
dengfoc,"SYNC_TRUTH,sequence=1141786,truth_tick_us=2286149672,mechanical_angle_rad=6.168137074,valid=1,read_failures=0"
dengfoc,"SYNC_TRUTH,sequence=1141787,truth_tick_us=2286151672,mechanical_angle_rad=6.168137074,valid=1,read_failures=0"
dengfoc,"SYNC_TRUTH,sequence=1141788,truth_tick_us=2286153672,mechanical_angle_rad=6.168137074,valid=1,read_failures=0"
dengfoc,"SYNC_TRUTH,sequence=1141789,truth_tick_us=2286155672,mechanical_angle_rad=6.168137074,valid=1,read_failures=0"
dengfoc,"SYNC_TRUTH,sequence=1141790,truth_tick_us=2286157672,mechanical_angle_rad=6.168137074,valid=1,read_failures=0"
dengfoc,"SYNC_TRUTH,sequence=1141791,truth_tick_us=2286159672,mechanical_angle_rad=6.168137074,valid=1,read_failures=0"
dengfoc,"SYNC_TRUTH,sequence=1141792,truth_tick_us=2286161672,mechanical_angle_rad=6.168137074,valid=1,read_failures=0"
dengfoc,"SYNC_TRUTH,sequence=1141793,truth_tick_us=2286163672,mechanical_angle_rad=6.168137074,valid=1,read_failures=0"
dengfoc,"SYNC_TRUTH,sequence=1141794,truth_tick_us=2286165672,mechanical_angle_rad=6.168137074,valid=1,read_failures=0"
dengfoc,"SYNC_TRUTH,sequence=1141795,truth_tick_us=2286167672,mechanical_angle_rad=6.168137074,valid=1,read_failures=0"
dengfoc,"SYNC_TRUTH,sequence=1141796,truth_tick_us=2286169672,mechanical_angle_rad=6.168137074,valid=1,read_failures=0"
dengfoc,"SYNC_TRUTH,sequence=1141797,truth_tick_us=2286171672,mechanical_angle_rad=6.168137074,valid=1,read_failures=0"
dengfoc,"SYNC_TRUTH,sequence=1141798,truth_tick_us=2286173672,mechanical_angle_rad=6.168137074,valid=1,read_failures=0"
dengfoc,"SYNC_TRUTH,sequence=1141799,truth_tick_us=2286175672,mechanical_angle_rad=6.168137074,valid=1,read_failures=0"
dengfoc,"SYNC_TRUTH,sequence=1141800,truth_tick_us=2286177672,mechanical_angle_rad=6.168137074,valid=1,read_failures=0"
dengfoc,"SYNC_TRUTH,sequence=1141801,truth_tick_us=2286179672,mechanical_angle_rad=6.168137074,valid=1,read_failures=0"
dengfoc,"SYNC_TRUTH,sequence=1141802,truth_tick_us=2286181672,mechanical_angle_rad=6.168137074,valid=1,read_failures=0"
dengfoc,"SYNC_TRUTH,sequence=1141803,truth_tick_us=2286183672,mechanical_angle_rad=6.168137074,valid=1,read_failures=0"
dengfoc,"SYNC_TRUTH,sequence=1141804,truth_tick_us=2286185672,mechanical_angle_rad=6.168137074,valid=1,read_failures=0"
dengfoc,"SYNC_TRUTH,sequence=1141805,truth_tick_us=2286187672,mechanical_angle_rad=6.168137074,valid=1,read_failures=0"
dengfoc,"SYNC_TRUTH,sequence=1141806,truth_tick_us=2286189672,mechanical_angle_rad=6.168137074,valid=1,read_failures=0"
dengfoc,"SYNC_TRUTH,sequence=1141807,truth_tick_us=2286191672,mechanical_angle_rad=6.168137074,valid=1,read_failures=0"
dengfoc,"SYNC_TRUTH,sequence=1141808,truth_tick_us=2286193672,mechanical_angle_rad=6.168137074,valid=1,read_failures=0"
dengfoc,"SYNC_TRUTH,sequence=1141809,truth_tick_us=2286195672,mechanical_angle_rad=6.168137074,valid=1,read_failures=0"
dengfoc,"SYNC_TRUTH,sequence=1141810,truth_tick_us=2286197672,mechanical_angle_rad=6.168137074,valid=1,read_failures=0"
dengfoc,"SYNC_TRUTH,sequence=1141811,truth_tick_us=2286199672,mechanical_angle_rad=6.168137074,valid=1,read_failures=0"
dengfoc,"SYNC_TRUTH,sequence=1141812,truth_tick_us=2286201672,mechanical_angle_rad=6.168137074,valid=1,read_failures=0"
dengfoc,"SYNC_TRUTH,sequence=1141813,truth_tick_us=2286203672,mechanical_angle_rad=6.168137074,valid=1,read_failures=0"
dengfoc,"SYNC_TRUTH,sequence=1141814,truth_tick_us=2286205672,mechanical_angle_rad=6.168137074,valid=1,read_failures=0"
dengfoc,"SYNC_TRUTH,sequence=1141815,truth_tick_us=2286207672,mechanical_angle_rad=6.168137074,valid=1,read_failures=0"
dengfoc,"SYNC_TRUTH,sequence=1141816,truth_tick_us=2286209672,mechanical_angle_rad=6.168137074,valid=1,read_failures=0"
dengfoc,"SYNC_TRUTH,sequence=1141817,truth_tick_us=2286211672,mechanical_angle_rad=6.168137074,valid=1,read_failures=0"
dengfoc,"SYNC_TRUTH,sequence=1141818,truth_tick_us=2286213672,mechanical_angle_rad=6.168137074,valid=1,read_failures=0"
dengfoc,"SYNC_TRUTH,sequence=1141819,truth_tick_us=2286215672,mechanical_angle_rad=6.168137074,valid=1,read_failures=0"
dengfoc,"SYNC_TRUTH,sequence=1141820,truth_tick_us=2286217672,mechanical_angle_rad=6.168137074,valid=1,read_failures=0"
dengfoc,"SYNC_TRUTH,sequence=1141821,truth_tick_us=2286219672,mechanical_angle_rad=6.168137074,valid=1,read_failures=0"
dengfoc,"SYNC_TRUTH,sequence=1141822,truth_tick_us=2286221672,mechanical_angle_rad=6.168137074,valid=1,read_failures=0"
dengfoc,"SYNC_TRUTH,sequence=1141823,truth_tick_us=2286223672,mechanical_angle_rad=6.168137074,valid=1,read_failures=0"
dengfoc,"SYNC_TRUTH,sequence=1141824,truth_tick_us=2286225672,mechanical_angle_rad=6.168137074,valid=1,read_failures=0"
dengfoc,"SYNC_TRUTH,sequence=1141825,truth_tick_us=2286227672,mechanical_angle_rad=6.168137074,valid=1,read_failures=0"
dengfoc,"SYNC_TRUTH,sequence=1141826,truth_tick_us=2286229672,mechanical_angle_rad=6.168137074,valid=1,read_failures=0"
dengfoc,"SYNC_TRUTH,sequence=1141827,truth_tick_us=2286231672,mechanical_angle_rad=6.168137074,valid=1,read_failures=0"
dengfoc,"SYNC_TRUTH,sequence=1141828,truth_tick_us=2286233672,mechanical_angle_rad=6.168137074,valid=1,read_failures=0"
dengfoc,"SYNC_TRUTH,sequence=1141829,truth_tick_us=2286235672,mechanical_angle_rad=6.168137074,valid=1,read_failures=0"
dengfoc,"SYNC_TRUTH,sequence=1141830,truth_tick_us=2286237672,mechanical_angle_rad=6.168137074,valid=1,read_failures=0"
dengfoc,"SYNC_TRUTH,sequence=1141831,truth_tick_us=2286239672,mechanical_angle_rad=6.168137074,valid=1,read_failures=0"
dengfoc,"SYNC_TRUTH,sequence=1141832,truth_tick_us=2286241672,mechanical_angle_rad=6.168137074,valid=1,read_failures=0"
dengfoc,"SYNC_TRUTH,sequence=1141833,truth_tick_us=2286243672,mechanical_angle_rad=6.168137074,valid=1,read_failures=0"
dengfoc,"SYNC_TRUTH,sequence=1141834,truth_tick_us=2286245672,mechanical_angle_rad=6.168137074,valid=1,read_failures=0"
dengfoc,"SYNC_TRUTH,sequence=1141835,truth_tick_us=2286247672,mechanical_angle_rad=6.168137074,valid=1,read_failures=0"
dengfoc,"SYNC_TRUTH,sequence=1141836,truth_tick_us=2286249672,mechanical_angle_rad=6.168137074,valid=1,read_failures=0"
dengfoc,"SYNC_TRUTH,sequence=1141837,truth_tick_us=2286251672,mechanical_angle_rad=6.168137074,valid=1,read_failures=0"
dengfoc,"SYNC_TRUTH,sequence=1141838,truth_tick_us=2286253672,mechanical_angle_rad=6.168137074,valid=1,read_failures=0"
dengfoc,"SYNC_TRUTH,sequence=1141839,truth_tick_us=2286255672,mechanical_angle_rad=6.168137074,valid=1,read_failures=0"
dengfoc,"SYNC_TRUTH,sequence=1141840,truth_tick_us=2286257672,mechanical_angle_rad=6.168137074,valid=1,read_failures=0"
dengfoc,"SYNC_TRUTH,sequence=1141841,truth_tick_us=2286259672,mechanical_angle_rad=6.168137074,valid=1,read_failures=0"
dengfoc,"SYNC_TRUTH,sequence=1141842,truth_tick_us=2286261672,mechanical_angle_rad=6.168137074,valid=1,read_failures=0"
dengfoc,"SYNC_TRUTH,sequence=1141843,truth_tick_us=2286263672,mechanical_angle_rad=6.168137074,valid=1,read_failures=0"
dengfoc,"SYNC_TRUTH,sequence=1141844,truth_tick_us=2286265672,mechanical_angle_rad=6.168137074,valid=1,read_failures=0"
dengfoc,"SYNC_TRUTH,sequence=1141845,truth_tick_us=2286267672,mechanical_angle_rad=6.168137074,valid=1,read_failures=0"
dengfoc,"SYNC_STATUS,frames=37,frame_fail=4,truth=1141845,truth_fail=0,idle=4,capture_state=1,capture_failure=0,rejected=0,overflow=0,recovered=4,session_rollovers=3,sync_level=0,driver_disabled=1"
dengfoc,"SYNC_TRUTH,sequence=1141846,truth_tick_us=2286272676,mechanical_angle_rad=0.000000000,valid=0,read_failures=0"
dengfoc,"SYNC_TRUTH,sequence=1141847,truth_tick_us=2286274672,mechanical_angle_rad=6.168137074,valid=1,read_failures=0"
dengfoc,"SYNC_TRUTH,sequence=1141848,truth_tick_us=2286276672,mechanical_angle_rad=6.168137074,valid=1,read_failures=0"
dengfoc,"SYNC_TRUTH,sequence=1141849,truth_tick_us=2286278672,mechanical_angle_rad=6.168137074,valid=1,read_failures=0"
dengfoc,"SYNC_TRUTH,sequence=1141850,truth_tick_us=2286280672,mechanical_angle_rad=6.168137074,valid=1,read_failures=0"
dengfoc,"SYNC_TRUTH,sequence=1141851,truth_tick_us=2286282672,mechanical_angle_rad=6.168137074,valid=1,read_failures=0"
dengfoc,"SYNC_TRUTH,sequence=1141852,truth_tick_us=2286284672,mechanical_angle_rad=6.168137074,valid=1,read_failures=0"
dengfoc,"SYNC_TRUTH,sequence=1141853,truth_tick_us=2286286672,mechanical_angle_rad=6.168137074,valid=1,read_failures=0"
dengfoc,"SYNC_TRUTH,sequence=1141854,truth_tick_us=2286288672,mechanical_angle_rad=6.168137074,valid=1,read_failures=0"
dengfoc,"SYNC_TRUTH,sequence=1141855,truth_tick_us=2286290672,mechanical_angle_rad=6.168137074,valid=1,read_failures=0"
dengfoc,"SYNC_TRUTH,sequence=1141856,truth_tick_us=2286292672,mechanical_angle_rad=6.168137074,valid=1,read_failures=0"
dengfoc,"SYNC_TRUTH,sequence=1141857,truth_tick_us=2286294672,mechanical_angle_rad=6.168137074,valid=1,read_failures=0"
dengfoc,"SYNC_TRUTH,sequence=1141858,truth_tick_us=2286296672,mechanical_angle_rad=6.168137074,valid=1,read_failures=0"
dengfoc,"SYNC_TRUTH,sequence=1141859,truth_tick_us=2286298672,mechanical_angle_rad=6.168137074,valid=1,read_failures=0"
dengfoc,"SYNC_TRUTH,sequence=1141860,truth_tick_us=2286300672,mechanical_angle_rad=6.168137074,valid=1,read_failures=0"
dengfoc,"SYNC_TRUTH,sequence=1141861,truth_tick_us=2286302672,mechanical_angle_rad=6.168137074,valid=1,read_failures=0"
dengfoc,"SYNC_TRUTH,sequence=1141862,truth_tick_us=2286304672,mechanical_angle_rad=6.168137074,valid=1,read_failures=0"
dengfoc,"SYNC_TRUTH,sequence=1141863,truth_tick_us=2286306672,mechanical_angle_rad=6.168137074,valid=1,read_failures=0"
dengfoc,"SYNC_TRUTH,sequence=1141864,truth_tick_us=2286308672,mechanical_angle_rad=6.168137074,valid=1,read_failures=0"
dengfoc,"SYNC_TRUTH,sequence=1141865,truth_tick_us=2286310672,mechanical_angle_rad=6.168137074,valid=1,read_failures=0"
dengfoc,"SYNC_TRUTH,sequence=1141866,truth_tick_us=2286312672,mechanical_angle_rad=6.168137074,valid=1,read_failures=0"
dengfoc,"SYNC_TRUTH,sequence=1141867,truth_tick_us=2286314672,mechanical_angle_rad=6.168137074,valid=1,read_failures=0"
dengfoc,"SYNC_TRUTH,sequence=1141868,truth_tick_us=2286316672,mechanical_angle_rad=6.168137074,valid=1,read_failures=0"
dengfoc,"SYNC_TRUTH,sequence=1141869,truth_tick_us=2286318672,mechanical_angle_rad=6.168137074,valid=1,read_failures=0"
dengfoc,"SYNC_TRUTH,sequence=1141870,truth_tick_us=2286320672,mechanical_angle_rad=6.168137074,valid=1,read_failures=0"
dengfoc,"SYNC_TRUTH,sequence=1141871,truth_tick_us=2286322672,mechanical_angle_rad=6.168137074,valid=1,read_failures=0"
dengfoc,"SYNC_TRUTH,sequence=1141872,truth_tick_us=2286324672,mechanical_angle_rad=6.168137074,valid=1,read_failures=0"
dengfoc,"SYNC_TRUTH,sequence=1141873,truth_tick_us=2286326672,mechanical_angle_rad=6.168137074,valid=1,read_failures=0"
dengfoc,"SYNC_TRUTH,sequence=1141874,truth_tick_us=2286328672,mechanical_angle_rad=6.168137074,valid=1,read_failures=0"
dengfoc,"SYNC_TRUTH,sequence=1141875,truth_tick_us=2286330672,mechanical_angle_rad=6.168137074,valid=1,read_failures=0"
dengfoc,"SYNC_TRUTH,sequence=1141876,truth_tick_us=2286332672,mechanical_angle_rad=6.168137074,valid=1,read_failures=0"
dengfoc,"SYNC_TRUTH,sequence=1141877,truth_tick_us=2286334672,mechanical_angle_rad=6.168137074,valid=1,read_failures=0"
dengfoc,"SYNC_TRUTH,sequence=1141878,truth_tick_us=2286336672,mechanical_angle_rad=6.168137074,valid=1,read_failures=0"
dengfoc,"SYNC_TRUTH,sequence=1141879,truth_tick_us=2286338672,mechanical_angle_rad=6.168137074,valid=1,read_failures=0"
dengfoc,"SYNC_TRUTH,sequence=1141880,truth_tick_us=2286340672,mechanical_angle_rad=6.168137074,valid=1,read_failures=0"
dengfoc,"SYNC_TRUTH,sequence=1141881,truth_tick_us=2286342672,mechanical_angle_rad=6.168137074,valid=1,read_failures=0"
dengfoc,"SYNC_TRUTH,sequence=1141882,truth_tick_us=2286344672,mechanical_angle_rad=6.168137074,valid=1,read_failures=0"
dengfoc,"SYNC_TRUTH,sequence=1141883,truth_tick_us=2286346672,mechanical_angle_rad=6.168137074,valid=1,read_failures=0"
dengfoc,"SYNC_TRUTH,sequence=1141884,truth_tick_us=2286348672,mechanical_angle_rad=6.168137074,valid=1,read_failures=0"
dengfoc,"SYNC_TRUTH,sequence=1141885,truth_tick_us=2286350672,mechanical_angle_rad=6.168137074,valid=1,read_failures=0"
dengfoc,"SYNC_TRUTH,sequence=1141886,truth_tick_us=2286352672,mechanical_angle_rad=6.168137074,valid=1,read_failures=0"
dengfoc,"SYNC_TRUTH,sequence=1141887,truth_tick_us=2286354672,mechanical_angle_rad=6.168137074,valid=1,read_failures=0"
dengfoc,"SYNC_TRUTH,sequence=1141888,truth_tick_us=2286356672,mechanical_angle_rad=6.168137074,valid=1,read_failures=0"
dengfoc,"SYNC_TRUTH,sequence=1141889,truth_tick_us=2286358672,mechanical_angle_rad=6.168137074,valid=1,read_failures=0"
dengfoc,"SYNC_TRUTH,sequence=1141890,truth_tick_us=2286360672,mechanical_angle_rad=6.168137074,valid=1,read_failures=0"
dengfoc,"SYNC_TRUTH,sequence=1141891,truth_tick_us=2286362672,mechanical_angle_rad=6.168137074,valid=1,read_failures=0"
dengfoc,"SYNC_TRUTH,sequence=1141892,truth_tick_us=2286364672,mechanical_angle_rad=6.168137074,valid=1,read_failures=0"
dengfoc,"SYNC_TRUTH,sequence=1141893,truth_tick_us=2286366672,mechanical_angle_rad=6.168137074,valid=1,read_failures=0"
dengfoc,"SYNC_TRUTH,sequence=1141894,truth_tick_us=2286368672,mechanical_angle_rad=6.168137074,valid=1,read_failures=0"
dengfoc,"SYNC_TRUTH,sequence=1141895,truth_tick_us=2286370672,mechanical_angle_rad=6.168137074,valid=1,read_failures=0"
dengfoc,"SYNC_TRUTH,sequence=1141896,truth_tick_us=2286372672,mechanical_angle_rad=6.168137074,valid=1,read_failures=0"
dengfoc,"SYNC_TRUTH,sequence=1141897,truth_tick_us=2286374672,mechanical_angle_rad=6.168137074,valid=1,read_failures=0"
dengfoc,"SYNC_TRUTH,sequence=1141898,truth_tick_us=2286376672,mechanical_angle_rad=6.168137074,valid=1,read_failures=0"
dengfoc,"SYNC_TRUTH,sequence=1141899,truth_tick_us=2286378672,mechanical_angle_rad=6.168137074,valid=1,read_failures=0"
dengfoc,"SYNC_TRUTH,sequence=1141900,truth_tick_us=2286380672,mechanical_angle_rad=6.168137074,valid=1,read_failures=0"
dengfoc,"SYNC_TRUTH,sequence=1141901,truth_tick_us=2286382672,mechanical_angle_rad=6.168137074,valid=1,read_failures=0"
dengfoc,"SYNC_TRUTH,sequence=1141902,truth_tick_us=2286384672,mechanical_angle_rad=6.168137074,valid=1,read_failures=0"
dengfoc,"SYNC_TRUTH,sequence=1141903,truth_tick_us=2286386672,mechanical_angle_rad=6.168137074,valid=1,read_failures=0"
dengfoc,"SYNC_TRUTH,sequence=1141904,truth_tick_us=2286388672,mechanical_angle_rad=6.168137074,valid=1,read_failures=0"
dengfoc,"SYNC_TRUTH,sequence=1141905,truth_tick_us=2286390672,mechanical_angle_rad=6.168137074,valid=1,read_failures=0"
dengfoc,"SYNC_TRUTH,sequence=1141906,truth_tick_us=2286392672,mechanical_angle_rad=6.168137074,valid=1,read_failures=0"
dengfoc,"SYNC_TRUTH,sequence=1141907,truth_tick_us=2286394672,mechanical_angle_rad=6.168137074,valid=1,read_failures=0"
dengfoc,"SYNC_TRUTH,sequence=1141908,truth_tick_us=2286396672,mechanical_angle_rad=6.168137074,valid=1,read_failures=0"
dengfoc,"SYNC_TRUTH,sequence=1141909,truth_tick_us=2286398672,mechanical_angle_rad=6.168137074,valid=1,read_failures=0"
dengfoc,"SYNC_TRUTH,sequence=1141910,truth_tick_us=2286400672,mechanical_angle_rad=6.168137074,valid=1,read_failures=0"
dengfoc,"SYNC_TRUTH,sequence=1141911,truth_tick_us=2286402672,mechanical_angle_rad=6.168137074,valid=1,read_failures=0"
dengfoc,"SYNC_TRUTH,sequence=1141912,truth_tick_us=2286404672,mechanical_angle_rad=6.168137074,valid=1,read_failures=0"
dengfoc,"SYNC_TRUTH,sequence=1141913,truth_tick_us=2286406672,mechanical_angle_rad=6.168137074,valid=1,read_failures=0"
dengfoc,"SYNC_TRUTH,sequence=1141914,truth_tick_us=2286408672,mechanical_angle_rad=6.168137074,valid=1,read_failures=0"
dengfoc,"SYNC_TRUTH,sequence=1141915,truth_tick_us=2286410672,mechanical_angle_rad=6.168137074,valid=1,read_failures=0"
dengfoc,"SYNC_TRUTH,sequence=1141916,truth_tick_us=2286412672,mechanical_angle_rad=6.168137074,valid=1,read_failures=0"
dengfoc,"SYNC_TRUTH,sequence=1141917,truth_tick_us=2286414672,mechanical_angle_rad=6.168137074,valid=1,read_failures=0"
dengfoc,"SYNC_TRUTH,sequence=1141918,truth_tick_us=2286416672,mechanical_angle_rad=6.168137074,valid=1,read_failures=0"
dengfoc,"SYNC_TRUTH,sequence=1141919,truth_tick_us=2286418672,mechanical_angle_rad=6.168137074,valid=1,read_failures=0"
dengfoc,"SYNC_TRUTH,sequence=1141920,truth_tick_us=2286420672,mechanical_angle_rad=6.168137074,valid=1,read_failures=0"
dengfoc,"SYNC_TRUTH,sequence=1141921,truth_tick_us=2286422672,mechanical_angle_rad=6.168137074,valid=1,read_failures=0"
dengfoc,"SYNC_TRUTH,sequence=1141922,truth_tick_us=2286424672,mechanical_angle_rad=6.168137074,valid=1,read_failures=0"
dengfoc,"SYNC_TRUTH,sequence=1141923,truth_tick_us=2286426672,mechanical_angle_rad=6.168137074,valid=1,read_failures=0"
dengfoc,"SYNC_TRUTH,sequence=1141924,truth_tick_us=2286428672,mechanical_angle_rad=6.168137074,valid=1,read_failures=0"
dengfoc,"SYNC_TRUTH,sequence=1141925,truth_tick_us=2286430672,mechanical_angle_rad=6.168137074,valid=1,read_failures=0"
dengfoc,"SYNC_TRUTH,sequence=1141926,truth_tick_us=2286432672,mechanical_angle_rad=6.168137074,valid=1,read_failures=0"
dengfoc,"SYNC_TRUTH,sequence=1141927,truth_tick_us=2286434672,mechanical_angle_rad=6.168137074,valid=1,read_failures=0"
dengfoc,"SYNC_TRUTH,sequence=1141928,truth_tick_us=2286436672,mechanical_angle_rad=6.168137074,valid=1,read_failures=0"
dengfoc,"SYNC_TRUTH,sequence=1141929,truth_tick_us=2286438672,mechanical_angle_rad=6.168137074,valid=1,read_failures=0"
dengfoc,"SYNC_TRUTH,sequence=1141930,truth_tick_us=2286440672,mechanical_angle_rad=6.168137074,valid=1,read_failures=0"
dengfoc,"SYNC_TRUTH,sequence=1141931,truth_tick_us=2286442672,mechanical_angle_rad=6.168137074,valid=1,read_failures=0"
dengfoc,"SYNC_TRUTH,sequence=1141932,truth_tick_us=2286444672,mechanical_angle_rad=6.168137074,valid=1,read_failures=0"
dengfoc,"SYNC_TRUTH,sequence=1141933,truth_tick_us=2286446672,mechanical_angle_rad=6.168137074,valid=1,read_failures=0"
dengfoc,"SYNC_TRUTH,sequence=1141934,truth_tick_us=2286448672,mechanical_angle_rad=6.168137074,valid=1,read_failures=0"
dengfoc,"SYNC_TRUTH,sequence=1141935,truth_tick_us=2286450672,mechanical_angle_rad=6.168137074,valid=1,read_failures=0"
dengfoc,"SYNC_TRUTH,sequence=1141936,truth_tick_us=2286452672,mechanical_angle_rad=6.168137074,valid=1,read_failures=0"
dengfoc,"SYNC_TRUTH,sequence=1141937,truth_tick_us=2286454672,mechanical_angle_rad=6.168137074,valid=1,read_failures=0"
dengfoc,"SYNC_TRUTH,sequence=1141938,truth_tick_us=2286456672,mechanical_angle_rad=6.168137074,valid=1,read_failures=0"
dengfoc,"SYNC_TRUTH,sequence=1141939,truth_tick_us=2286458672,mechanical_angle_rad=6.168137074,valid=1,read_failures=0"
dengfoc,"SYNC_TRUTH,sequence=1141940,truth_tick_us=2286460672,mechanical_angle_rad=6.168137074,valid=1,read_failures=0"
dengfoc,"SYNC_TRUTH,sequence=1141941,truth_tick_us=2286462672,mechanical_angle_rad=6.168137074,valid=1,read_failures=0"
dengfoc,"SYNC_TRUTH,sequence=1141942,truth_tick_us=2286464672,mechanical_angle_rad=6.168137074,valid=1,read_failures=0"
dengfoc,"SYNC_TRUTH,sequence=1141943,truth_tick_us=2286466672,mechanical_angle_rad=6.168137074,valid=1,read_failures=0"
dengfoc,"SYNC_TRUTH,sequence=1141944,truth_tick_us=2286468672,mechanical_angle_rad=6.168137074,valid=1,read_failures=0"
dengfoc,"SYNC_TRUTH,sequence=1141945,truth_tick_us=2286470672,mechanical_angle_rad=6.168137074,valid=1,read_failures=0"
dengfoc,"SYNC_TRUTH,sequence=1141946,truth_tick_us=2286472672,mechanical_angle_rad=6.168137074,valid=1,read_failures=0"
dengfoc,"SYNC_TRUTH,sequence=1141947,truth_tick_us=2286474672,mechanical_angle_rad=6.168137074,valid=1,read_failures=0"
dengfoc,"SYNC_TRUTH,sequence=1141948,truth_tick_us=2286476672,mechanical_angle_rad=6.168137074,valid=1,read_failures=0"
dengfoc,"SYNC_TRUTH,sequence=1141949,truth_tick_us=2286478672,mechanical_angle_rad=6.168137074,valid=1,read_failures=0"
dengfoc,"SYNC_TRUTH,sequence=1141950,truth_tick_us=2286480672,mechanical_angle_rad=6.168137074,valid=1,read_failures=0"
dengfoc,"SYNC_TRUTH,sequence=1141951,truth_tick_us=2286482672,mechanical_angle_rad=6.168137074,valid=1,read_failures=0"
dengfoc,"SYNC_TRUTH,sequence=1141952,truth_tick_us=2286484672,mechanical_angle_rad=6.168137074,valid=1,read_failures=0"
dengfoc,"SYNC_TRUTH,sequence=1141953,truth_tick_us=2286486672,mechanical_angle_rad=6.168137074,valid=1,read_failures=0"
dengfoc,"SYNC_TRUTH,sequence=1141954,truth_tick_us=2286488672,mechanical_angle_rad=6.168137074,valid=1,read_failures=0"
dengfoc,"SYNC_TRUTH,sequence=1141955,truth_tick_us=2286490672,mechanical_angle_rad=6.168137074,valid=1,read_failures=0"
dengfoc,"SYNC_TRUTH,sequence=1141956,truth_tick_us=2286492672,mechanical_angle_rad=6.168137074,valid=1,read_failures=0"
dengfoc,"SYNC_TRUTH,sequence=1141957,truth_tick_us=2286494672,mechanical_angle_rad=6.168137074,valid=1,read_failures=0"
dengfoc,"SYNC_TRUTH,sequence=1141958,truth_tick_us=2286496672,mechanical_angle_rad=6.168137074,valid=1,read_failures=0"
dengfoc,"SYNC_TRUTH,sequence=1141959,truth_tick_us=2286498672,mechanical_angle_rad=6.168137074,valid=1,read_failures=0"
dengfoc,"SYNC_TRUTH,sequence=1141960,truth_tick_us=2286500672,mechanical_angle_rad=6.168137074,valid=1,read_failures=0"
dengfoc,"SYNC_TRUTH,sequence=1141961,truth_tick_us=2286502672,mechanical_angle_rad=6.168137074,valid=1,read_failures=0"
dengfoc,"SYNC_TRUTH,sequence=1141962,truth_tick_us=2286504672,mechanical_angle_rad=6.168137074,valid=1,read_failures=0"
dengfoc,"SYNC_TRUTH,sequence=1141963,truth_tick_us=2286506672,mechanical_angle_rad=6.168137074,valid=1,read_failures=0"
dengfoc,"SYNC_TRUTH,sequence=1141964,truth_tick_us=2286508672,mechanical_angle_rad=6.168137074,valid=1,read_failures=0"
dengfoc,"SYNC_TRUTH,sequence=1141965,truth_tick_us=2286510672,mechanical_angle_rad=6.168137074,valid=1,read_failures=0"
dengfoc,"SYNC_TRUTH,sequence=1141966,truth_tick_us=2286512672,mechanical_angle_rad=6.168137074,valid=1,read_failures=0"
dengfoc,"SYNC_TRUTH,sequence=1141967,truth_tick_us=2286514672,mechanical_angle_rad=6.168137074,valid=1,read_failures=0"
dengfoc,"SYNC_TRUTH,sequence=1141968,truth_tick_us=2286516672,mechanical_angle_rad=6.168137074,valid=1,read_failures=0"
dengfoc,"SYNC_TRUTH,sequence=1141969,truth_tick_us=2286518672,mechanical_angle_rad=6.168137074,valid=1,read_failures=0"
dengfoc,"SYNC_TRUTH,sequence=1141970,truth_tick_us=2286520672,mechanical_angle_rad=6.168137074,valid=1,read_failures=0"
dengfoc,"SYNC_TRUTH,sequence=1141971,truth_tick_us=2286522672,mechanical_angle_rad=6.168137074,valid=1,read_failures=0"
dengfoc,"SYNC_TRUTH,sequence=1141972,truth_tick_us=2286524672,mechanical_angle_rad=6.168137074,valid=1,read_failures=0"
dengfoc,"SYNC_TRUTH,sequence=1141973,truth_tick_us=2286526672,mechanical_angle_rad=6.168137074,valid=1,read_failures=0"
dengfoc,"SYNC_TRUTH,sequence=1141974,truth_tick_us=2286528672,mechanical_angle_rad=6.168137074,valid=1,read_failures=0"
dengfoc,"SYNC_TRUTH,sequence=1141975,truth_tick_us=2286530672,mechanical_angle_rad=6.168137074,valid=1,read_failures=0"
dengfoc,"SYNC_TRUTH,sequence=1141976,truth_tick_us=2286532672,mechanical_angle_rad=6.168137074,valid=1,read_failures=0"
dengfoc,"SYNC_TRUTH,sequence=1141977,truth_tick_us=2286534672,mechanical_angle_rad=6.168137074,valid=1,read_failures=0"
dengfoc,"SYNC_TRUTH,sequence=1141978,truth_tick_us=2286536672,mechanical_angle_rad=6.168137074,valid=1,read_failures=0"
dengfoc,"SYNC_TRUTH,sequence=1141979,truth_tick_us=2286538672,mechanical_angle_rad=6.168137074,valid=1,read_failures=0"
dengfoc,"SYNC_TRUTH,sequence=1141980,truth_tick_us=2286540672,mechanical_angle_rad=6.168137074,valid=1,read_failures="
