time_s,id_A,iq_A,torque_Nm,power_balance_residual_W
0,0,0,0,0
1e-05,-0.0159201572133,0.0199819235865,0.00239783083038,0
2e-05,-0.0316812567442,0.0399273907069,0.00479128688482,0
3e-05,-0.0472842382604,0.0598359504229,0.00718031405074,0
4e-05,-0.0627300385304,0.0797071577888,0.00956485893466,1.11022302463e-16
5e-05,-0.0780195914138,0.0995405738101,0.0119448688572,-2.22044604925e-16
6e-05,-0.0931538278526,0.119335765402,0.0143202918482,0
7e-05,-0.108133675862,0.139092305348,0.0166910766418,0
8e-05,-0.122960060521,0.15880977226,0.0190571726712,0
9e-05,-0.137633903966,0.178487750537,0.0214185300644,-4.4408920985e-16
0.0001,-0.152156125379,0.198125830323,0.0237750996387,0
0.00011,-0.166527640983,0.217723607468,0.0261268328961,-4.4408920985e-16
0.00012,-0.180749364032,0.237280683489,0.0284736820187,0
0.00013,-0.194822204804,0.256796665527,0.0308155998632,0
0.00014,-0.208747070593,0.276271166308,0.033152539957,0
0.00015,-0.222524865703,0.295703804107,0.0354844564928,-4.4408920985e-16
0.00016,-0.236156491438,0.3150942027,0.037811304324,0
0.00017,-0.249642846099,0.334441991334,0.0401330389601,-8.881784197e-16
0.00018,-0.262984824973,0.353746804681,0.0424496165618,8.881784197e-16
0.00019,-0.276183320331,0.373008282802,0.0447609939363,8.881784197e-16
0.0002,-0.289239221418,0.392226071108,0.0470671285329,8.881784197e-16
0.00021,-0.302153414447,0.411399820318,0.0493679784382,0
0.00022,-0.314926782597,0.430529186426,0.0516635023712,-8.881784197e-16
0.00023,-0.327560206,0.449613830659,0.0539536596791,8.881784197e-16
0.00024,-0.340054561745,0.468653419438,0.0562384103325,-8.881784197e-16
0.00025,-0.352410723862,0.487647624341,0.058517714921,0
0.00026,-0.364629563326,0.506596122068,0.0607915346482,8.881784197e-16
0.00027,-0.376711948044,0.525498594398,0.0630598313277,8.881784197e-16
0.00028,-0.388658742858,0.544354728154,0.0653225673785,1.7763568394e-15
0.00029,-0.400470809533,0.563164215167,0.06757970582,8.881784197e-16
0.0003,-0.412149006757,0.581926752237,0.0698312102684,-8.881784197e-16
0.00031,-0.423694190135,0.600642041095,0.0720770449314,-1.7763568394e-15
0.00032,-0.435107212185,0.619309788369,0.0743171746043,-8.881784197e-16
0.00033,-0.446388922333,0.637929705544,0.0765515646653,8.881784197e-16
0.00034,-0.457540166912,0.656501508929,0.0787801810714,0
0.00035,-0.468561789153,0.675024919616,0.0810029903539,0
0.00036,-0.479454629189,0.693499663449,0.0832199596138,1.7763568394e-15
0.00037,-0.490219524044,0.711925470983,0.0854310565179,-1.7763568394e-15
0.00038,-0.500857307635,0.730302077452,0.0876362492943,1.7763568394e-15
0.00039,-0.511368810764,0.748629222732,0.0898355067278,0
0.0004,-0.521754861122,0.766906651303,0.0920287981563,0
0.00041,-0.53201628328,0.785134112217,0.0942160934661,-1.7763568394e-15
0.00042,-0.542153898688,0.803311359062,0.0963973630875,1.7763568394e-15
0.00043,-0.552168525676,0.821438149926,0.0985725779911,0
0.00044,-0.562060979446,0.839514247361,0.100741709683,-1.7763568394e-15
0.00045,-0.571832072073,0.857539418351,0.102904730202,1.7763568394e-15
0.00046,-0.581482612505,0.875513434277,0.105061612113,-1.7763568394e-15
0.00047,-0.591013406557,0.89343607088,0.107212328506,3.5527136788e-15
0.00048,-0.600425256911,0.911307108229,0.109356852987,-1.7763568394e-15
0.00049,-0.609718963115,0.929126330686,0.111495159682,0
0.0005,-0.618895321582,0.946893526875,0.113627223225,1.7763568394e-15
0.00051,-0.627955125587,0.964608489641,0.115753018757,0
0.00052,-0.636899165265,0.982271016025,0.117872521923,-3.5527136788e-15
0.00053,-0.645728227615,0.999880907226,0.119985708867,-5.3290705182e-15
0.00054,-0.654443096493,1.01743796857,0.122092556228,-1.7763568394e-15
0.00055,-0.663044552617,1.03494200946,0.124193041136,-1.7763568394e-15
0.00056,-0.67153337356,1.05239284339,0.126287141207,0
0.00057,-0.679910333755,1.06979028785,0.128374834542,-1.7763568394e-15
0.00058,-0.688176204492,1.08713416434,0.130456099721,1.7763568394e-15
0.00059,-0.69633175392,1.10442429832,0.132530915799,-1.7763568394e-15
0.0006,-0.704377747044,1.12166051917,0.134599262301,3.5527136788e-15
0.00061,-0.712314945727,1.13884266018,0.136661119222,-1.7763568394e-15
0.00062,-0.720144108689,1.1559705585,0.13871646702,0
0.00063,-0.727865991508,1.1730440551,0.140765286612,1.7763568394e-15
0.00064,-0.735481346622,1.19006299477,0.142807559372,1.7763568394e-15
0.00065,-0.742990923326,1.20702722607,0.144843267128,0
0.00066,-0.750395467775,1.22393660128,0.146872392154,-1.7763568394e-15
0.00067,-0.757695722986,1.24079097641,0.148894917169,-1.7763568394e-15
0.00068,-0.764892428837,1.25759021114,0.150910825336,1.7763568394e-15
0.00069,-0.771986322066,1.27433416878,0.152920100253,-3.5527136788e-15
0.0007,-0.778978136278,1.29102271627,0.154922725952,-1.7763568394e-15
0.00071,-0.78586860194,1.30765572414,0.156918686897,-1.7763568394e-15
0.00072,-0.792658446388,1.32423306646,0.158907967975,1.7763568394e-15
0.00073,-0.799348393823,1.34075462083,0.1608905545,3.5527136788e-15
0.00074,-0.805939165319,1.35722026835,0.162866432201,3.5527136788e-15
0.00075,-0.812431478817,1.37362989356,0.164835587228,0
0.00076,-0.818826049133,1.38998338447,0.166798006137,3.5527136788e-15
0.00077,-0.825123587959,1.40628063248,0.168753675897,0
0.00078,-0.831324803863,1.42252153234,0.17070258388,-3.5527136788e-15
0.00079,-0.837430402291,1.43870598218,0.172644717861,0
0.0008,-0.843441085572,1.45483388343,0.174580066011,0
0.00081,-0.849357552919,1.47090514081,0.176508616898,-7.1054273576e-15
0.00082,-0.855180500431,1.48691966231,0.178430359477,0
0.00083,-0.860910621094,1.50287735913,0.180345283096,0
0.00084,-0.866548604789,1.51877814569,0.182253377483,3.5527136788e-15
0.00085,-0.872095138288,1.53462193957,0.184154632748,3.5527136788e-15
0.00086,-0.877550905263,1.5504086615,0.18604903938,0
0.00087,-0.882916586284,1.56613823533,0.18793658824,-3.5527136788e-15
0.00088,-0.888192858826,1.58181058799,0.189817270559,0
0.00089,-0.89338039727,1.59742564949,0.191691077939,3.5527136788e-15
0.0009,-0.898479872906,1.61298335286,0.193558002343,0
0.00091,-0.903491953938,1.62848363413,0.195418036095,-1.42108547152e-14
0.00092,-0.908417305487,1.64392643232,0.197271171878,3.5527136788e-15
0.00093,-0.913256589592,1.65931168939,0.199117402727,-3.5527136788e-15
0.00094,-0.918010465218,1.67463935025,0.200956722031,0
0.00095,-0.922679588257,1.68990936269,0.202789123523,0
0.00096,-0.927264611531,1.70512167736,0.204614601284,-7.1054273576e-15
0.00097,-0.931766184798,1.72027624778,0.206433149734,0
0.00098,-0.936184954756,1.73537303027,0.208244763633,0
0.00099,-0.940521565046,1.75041198396,0.210049438075,0
0.001,-0.944776656255,1.76539307071,0.211847168485,7.1054273576e-15
0.00101,-0.948950865923,1.78031625516,0.213637950619,-3.5527136788e-15
0.00102,-0.953044828546,1.79518150465,0.215421780558,-3.5527136788e-15
0.00103,-0.95705917558,1.8099887892,0.217198654704,3.5527136788e-15
0.00104,-0.960994535445,1.8247380815,0.21896856978,-3.5527136788e-15
0.00105,-0.964851533532,1.83942935688,0.220731522825,-3.5527136788e-15
0.00106,-0.968630792205,1.85406259328,0.222487511193,-3.5527136788e-15
0.00107,-0.972332930808,1.86863777122,0.224236532547,0
0.00108,-0.975958565667,1.8831548738,0.225978584856,0
0.00109,-0.979508310098,1.89761388664,0.227713666397,3.5527136788e-15
0.0011,-0.982982774409,1.91201479788,0.229441775745,0
0.00111,-0.986382565907,1.92635759814,0.231162911777,-3.5527136788e-15
0.00112,-0.989708288903,1.94064228053,0.232877073664,-3.5527136788e-15
0.00113,-0.992960544715,1.95486884056,0.234584260868,3.5527136788e-15
0.00114,-0.996139931678,1.9690372762,0.236284473144,-3.5527136788e-15
0.00115,-0.999247045143,1.98314758777,0.237977710532,0
0.00116,-1.00228247749,1.99719977798,0.239663973357,0
0.00117,-1.00524681812,2.01119385188,0.241343262225,3.5527136788e-15
0.00118,-1.00814065348,2.02512981684,0.243015578021,-3.5527136788e-15
0.00119,-1.01096456705,2.03900768254,0.244680921905,0
0.0012,-1.01371913937,2.05282746091,0.24633929531,3.5527136788e-15
0.00121,-1.01640494801,2.06658916615,0.247990699938,3.5527136788e-15
0.00122,-1.01902256761,2.08029281468,0.249635137761,-3.5527136788e-15
0.00123,-1.02157256989,2.09393842512,0.251272611014,-3.5527136788e-15
0.00124,-1.02405552362,2.10752601828,0.252903122194,0
0.00125,-1.02647199464,2.12105561714,0.254526674057,-3.5527136788e-15
0.00126,-1.02882254589,2.13452724679,0.256143269615,-3.5527136788e-15
0.00127,-1.0311077374,2.14794093446,0.257752912136,0
0.00128,-1.03332812626,2.16129670947,0.259355605136,0
0.00129,-1.03548426671,2.17459460318,0.260951352382,3.5527136788e-15
0.0013,-1.03757671006,2.18783464905,0.262540157886,-1.06581410364e-14
0.00131,-1.03960600475,2.20101688253,0.264122025904,-3.5527136788e-15
0.00132,-1.04157269633,2.21414134109,0.26569696093,-3.5527136788e-15
0.00133,-1.04347732747,2.22720806417,0.2672649677,3.5527136788e-15
0.00134,-1.045320438,2.24021709319,0.268826051183,1.06581410364e-14
0.00135,-1.04710256486,2.25316847151,0.270380216582,0
0.00136,-1.04882424214,2.26606224441,0.271927469329,3.5527136788e-15
0.00137,-1.05048600109,2.27889845905,0.273467815086,7.1054273576e-15
0.00138,-1.05208837011,2.29167716449,0.275001259739,0
0.00139,-1.05363187479,2.30439841164,0.276527809397,0
0.0014,-1.05511703785,2.31706225326,0.278047470391,-3.5527136788e-15
0.00141,-1.05654437922,2.3296687439,0.279560249268,0
0.00142,-1.05791441601,2.34221793994,0.281066152793,-3.5527136788e-15
0.00143,-1.05922766251,2.35470989951,0.282565187941,3.5527136788e-15
0.00144,-1.06048463022,2.3671446825,0.2840573619,-3.5527136788e-15
0.00145,-1.06168582785,2.37952235055,0.285542682066,-3.5527136788e-15
0.00146,-1.06283176131,2.39184296702,0.287021156042,-3.5527136788e-15
0.00147,-1.06392293375,2.40410659694,0.288492791633,0
0.00148,-1.06495984553,2.41631330704,0.289957596845,0
0.00149,-1.06594299424,2.4284631657,0.291415579884,0
0.0015,-1.06687287475,2.44055624295,0.292866749154,-3.5527136788e-15
0.00151,-1.06774997913,2.45259261042,0.29431111325,-3.5527136788e-15
0.00152,-1.06857479673,2.46457234135,0.295748680963,7.1054273576e-15
0.00153,-1.06934781418,2.47649551058,0.29717946127,-3.5527136788e-15
0.00154,-1.07006951535,2.48836219448,0.298603463338,7.1054273576e-15
0.00155,-1.0707403814,2.50017247099,0.300020696519,3.5527136788e-15
0.00156,-1.07136089079,2.51192641956,0.301431170348,-3.5527136788e-15
0.00157,-1.07193151927,2.52362412116,0.302834894539,7.1054273576e-15
0.00158,-1.07245273987,2.53526565824,0.304231878988,-3.5527136788e-15
0.00159,-1.07292502294,2.54685111471,0.305622133766,0
0.0016,-1.07334883616,2.55838057597,0.307005669117,-7.1054273576e-15
0.00161,-1.07372464452,2.56985412882,0.308382495458,0
0.00162,-1.07405291035,2.58127186148,0.309752623378,3.5527136788e-15
0.00163,-1.07433409331,2.59263386359,0.311116063631,-7.1054273576e-15
0.00164,-1.0745686504,2.60394022616,0.312472827139,0
0.00165,-1.07475703601,2.61519104155,0.313822924986,0
0.00166,-1.07489970185,2.6263864035,0.315166368419,0
0.00167,-1.07499709702,2.63752640704,0.316503168844,-3.5527136788e-15
0.00168,-1.07504966801,2.64861114854,0.317833337825,3.5527136788e-15
0.00169,-1.07505785867,2.65964072566,0.31915688708,7.1054273576e-15
0.0017,-1.07502211027,2.67061523734,0.320473828481,0
0.00171,-1.07494286146,2.68153478378,0.321784174054,7.1054273576e-15
0.00172,-1.07482054831,2.69239946642,0.32308793597,0
0.00173,-1.07465560431,2.70320938793,0.324385126552,0
0.00174,-1.07444846037,2.7139646522,0.325675758264,0
0.00175,-1.07419954485,2.72466536432,0.326959843718,0
0.00176,-1.07390928352,2.73531163053,0.328237395664,-7.1054273576e-15
0.00177,-1.07357809962,2.74590355828,0.329508426994,0
0.00178,-1.07320641386,2.75644125613,0.330772950736,-1.42108547152e-14
0.00179,-1.0727946444,2.76692483379,0.332030980054,7.1054273576e-15
0.0018,-1.07234320687,2.77735440207,0.333282528249,-1.42108547152e-14
0.00181,-1.0718525144,2.78773007291,0.334527608749,-1.42108547152e-14
0.00182,-1.0713229776,2.79805195931,0.335766235117,0
0.00183,-1.07075500457,2.80832017534,0.336998421041,7.1054273576e-15
0.00184,-1.07014900094,2.81853483614,0.338224180337,-7.1054273576e-15
0.00185,-1.06950536984,2.82869605788,0.339443526946,0
0.00186,-1.06882451192,2.83880395776,0.340656474931,0
0.00187,-1.06810682538,2.84885865397,0.341863038476,0
0.00188,-1.06735270594,2.85886026572,0.343063231886,0
0.00189,-1.06656254688,2.86880891318,0.344257069582,7.1054273576e-15
0.0019,-1.06573673903,2.8787047175,0.3454445661,-7.1054273576e-15
0.00191,-1.06487567081,2.88854780077,0.346625736093,0
0.00192,-1.06397972817,2.89833828602,0.347800594323,7.1054273576e-15
0.00193,-1.06304929469,2.90807629721,0.348969155665,-1.42108547152e-14
0.00194,-1.0620847515,2.91776195918,0.350131435101,0
0.00195,-1.06108647735,2.92739539769,0.351287447723,0
0.00196,-1.0600548486,2.93697673938,0.352437208725,-1.42108547152e-14
0.00197,-1.05899023921,2.94650611173,0.353580733407,0
0.00198,-1.05789302078,2.9559836431,0.354718037172,0
0.00199,-1.05676356254,2.96540946266,0.35584913552,0
0.002,-1.05560223135,2.97478370044,0.356974044053,0
0.00201,-1.05440939174,2.98410648725,0.35809277847,7.1054273576e-15
0.00202,-1.05318540587,2.99337795471,0.359205354565,-7.1054273576e-15
0.00203,-1.0519306336,3.00259823521,0.360311788226,0
0.00204,-1.05064543244,3.01176746194,0.361412095433,1.42108547152e-14
0.00205,-1.04933015759,3.02088576882,0.362506292259,0
0.00206,-1.04798516196,3.02995329053,0.363594394864,0
0.00207,-1.04661079613,3.03897016247,0.364676419496,0
0.00208,-1.04520740842,3.04793652077,0.365752382492,7.1054273576e-15
0.00209,-1.04377534485,3.05685250226,0.366822300271,-7.1054273576e-15
0.0021,-1.04231494916,3.06571824446,0.367886189335,0
0.00211,-1.04082656285,3.07453388559,0.36894406627,0
0.00212,-1.03931052515,3.08329956451,0.369995947741,0
0.00213,-1.03776717304,3.09201542076,0.371041850491,0
0.00214,-1.03619684126,3.10068159452,0.372081791342,1.42108547152e-14
0.00215,-1.03459986234,3.10929822659,0.37311578719,7.1054273576e-15
0.00216,-1.03297656655,3.1178654584,0.374143855007,0
0.00217,-1.03132728199,3.12638343198,0.375166011838,0
0.00218,-1.02965233454,3.13485228997,0.376182274797,0
0.00219,-1.02795204786,3.14327217559,0.377192661071,1.42108547152e-14
0.0022,-1.02622674345,3.15164323263,0.378197187915,1.42108547152e-14
0.00221,-1.02447674064,3.15996560542,0.379195872651,0
0.00222,-1.02270235656,3.16823943889,0.380188732666,0
0.00223,-1.0209039062,3.17646487846,0.381175785415,-7.1054273576e-15
0.00224,-1.01908170239,3.18464207009,0.382157048411,0
0.00225,-1.01723605582,3.19277116029,0.383132539234,-7.1054273576e-15
0.00226,-1.01536727504,3.20085229602,0.384102275522,-1.42108547152e-14
0.00227,-1.01347566649,3.20888562477,0.385066274972,7.1054273576e-15
0.00228,-1.01156153446,3.2168712945,0.38602455534,0
0.00229,-1.00962518117,3.22480945365,0.386977134439,0
0.0023,-1.00766690671,3.23270025112,0.387924030135,7.1054273576e-15
0.00231,-1.00568700908,3.24054383625,0.38886526035,0
0.00232,-1.00368578422,3.24834035883,0.38980084306,0
0.00233,-1.00166352598,3.25608996908,0.39073079629,0
0.00234,-0.999620526128,3.26379281763,0.391655138116,7.1054273576e-15
0.00235,-0.997557074407,3.27144905553,0.392573886664,0
0.00236,-0.995473458492,3.27905883422,0.393487060106,7.1054273576e-15
0.00237,-0.993369964022,3.28662230553,0.394394676664,0
0.00238,-0.991246874605,3.29413962168,0.395296754601,7.1054273576e-15
0.00239,-0.989104471828,3.30161093523,0.396193312228,7.1054273576e-15
0.0024,-0.986943035261,3.30903639914,0.397084367896,7.1054273576e-15
0.00241,-0.984762842471,3.31641616667,0.397969940001,-7.1054273576e-15
0.00242,-0.982564169027,3.32375039147,0.398850046977,7.1054273576e-15
0.00243,-0.980347288512,3.33103922748,0.399724707298,-7.1054273576e-15
0.00244,-0.978112472527,3.33828282898,0.400593939478,0
0.00245,-0.975859990704,3.34548135055,0.401457762066,0
0.00246,-0.973590110712,3.35263494708,0.40231619365,-7.1054273576e-15
0.00247,-0.971303098268,3.35974377374,0.403169252849,7.1054273576e-15
0.00248,-0.96899921714,3.366807986,0.404016958319,-7.1054273576e-15
0.00249,-0.966678729164,3.37382773957,0.404859328749,-7.1054273576e-15
0.0025,-0.964341894247,3.38080319048,0.405696382857,7.1054273576e-15
0.00251,-0.961988970375,3.38773449495,0.406528139394,-1.42108547152e-14
0.00252,-0.959620213624,3.3946218095,0.407354617139,0
0.00253,-0.957235878171,3.40146529085,0.408175834902,0
0.00254,-0.954836216295,3.40826509597,0.408991811516,-1.42108547152e-14
0.00255,-0.952421478392,3.41502138205,0.409802565846,1.42108547152e-14
0.00256,-0.949991912982,3.42173430648,0.410608116777,0
0.00257,-0.947547766717,3.42840402685,0.411408483222,0
0.00258,-0.945089284388,3.43503070097,0.412203684117,7.1054273576e-15
0.00259,-0.942616708938,3.44161448681,0.412993738417,0
0.0026,-0.940130281465,3.44815554252,0.413778665103,7.1054273576e-15
0.00261,-0.937630241233,3.45465402644,0.414558483173,0
0.00262,-0.935116825684,3.46111009704,0.415333211645,-1.42108547152e-14
0.00263,-0.932590270439,3.46752391298,0.416102869557,0
0.00264,-0.930050809313,3.47389563303,0.416867475964,-7.1054273576e-15
0.00265,-0.92749867432,3.48022541612,0.417627049934,0
0.00266,-0.924934095684,3.4865134213,0.418381610556,7.1054273576e-15
0.00267,-0.922357301843,3.49275980775,0.41913117693,7.1054273576e-15
0.00268,-0.919768519463,3.49896473475,0.41987576817,-7.1054273576e-15
0.00269,-0.917167973443,3.50512836171,0.420615403405,0
0.0027,-0.914555886923,3.5112508481,0.421350101772,7.1054273576e-15
0.00271,-0.911932481295,3.51733235353,0.422079882424,0
0.00272,-0.909297976209,3.52337303766,0.422804764519,0
0.00273,-0.906652589583,3.52937306022,0.423524767227,7.1054273576e-15
0.00274,-0.903996537609,3.53533258105,0.424239909726,0
0.00275,-0.901330034766,3.54125176002,0.424950211202,7.1054273576e-15
0.00276,-0.898653293821,3.54713075705,0.425655690846,0
0.00277,-0.895966525845,3.55296973213,0.426356367856,-7.1054273576e-15
0.00278,-0.893269940217,3.55876884528,0.427052261434,1.42108547152e-14
0.00279,-0.890563744633,3.56452825656,0.427743390787,0
0.0028,-0.887848145114,3.57024812604,0.428429775125,7.1054273576e-15
0.00281,-0.885123346015,3.57592861383,0.429111433659,0
0.00282,-0.882389550033,3.58156988004,0.429788385605,0
0.00283,-0.879646958215,3.5871720848,0.430460650176,0
0.00284,-0.876895769968,3.59273538823,0.431128246588,0
0.00285,-0.874136183062,3.59825995045,0.431791194054,-7.1054273576e-15
0.00286,-0.871368393646,3.60374593156,0.432449511787,7.1054273576e-15
0.00287,-0.868592596248,3.60919349164,0.433103218997,0
0.00288,-0.86580898379,3.61460279076,0.433752334891,7.1054273576e-15
0.00289,-0.863017747591,3.61997398894,0.434396878673,-1.42108547152e-14
0.0029,-0.86021907738,3.62530724617,0.435036869541,7.1054273576e-15
0.00291,-0.857413161299,3.63060272241,0.435672326689,0
0.00292,-0.854600185914,3.63586057753,0.436303269304,0
0.00293,-0.851780336225,3.64108097139,0.436929716567,0
0.00294,-0.848953795668,3.64626406375,0.437551687651,1.42108547152e-14
0.00295,-0.846120746129,3.65141001434,0.438169201721,0
0.00296,-0.843281367949,3.65651898278,0.438782277933,0
0.00297,-0.840435839933,3.66159112863,0.439390935435,0
0.00298,-0.837584339359,3.66662661135,0.439995193362,-1.42108547152e-14
0.00299,-0.834727041981,3.67162559034,0.440595070841,0
0.003,-0.831864122046,3.67658822486,0.441190586984,-7.1054273576e-15
0.00301,-0.828995752292,3.68151467411,0.441781760893,0
0.00302,-0.826122103963,3.68640509715,0.442368611658,-7.1054273576e-15
0.00303,-0.823243346813,3.69125965294,0.442951158352,-7.1054273576e-15
0.00304,-0.820359649116,3.69607850032,0.443529420038,0
0.00305,-0.817471177675,3.70086179801,0.444103415761,0
0.00306,-0.814578097824,3.7056097046,0.444673164552,-7.1054273576e-15
0.00307,-0.811680573444,3.71032237854,0.445238685425,-7.1054273576e-15
0.00308,-0.808778766964,3.71499997815,0.445799997378,-7.1054273576e-15
0.00309,-0.805872839372,3.7196426616,0.446357119392,-7.1054273576e-15
0.0031,-0.802962950224,3.7242505869,0.446910070428,-7.1054273576e-15
0.00311,-0.800049257647,3.72882391192,0.447458869431,7.1054273576e-15
0.00312,-0.797131918353,3.73336279438,0.448003535326,-7.1054273576e-15
0.00313,-0.794211087641,3.73786739181,0.448544087018,0
0.00314,-0.791286919408,3.74233786159,0.449080543391,0
0.00315,-0.788359566156,3.74677436092,0.449612923311,-7.1054273576e-15
0.00316,-0.785429179,3.75117704683,0.450141245619,0
0.00317,-0.782495907674,3.75554607614,0.450665529136,-7.1054273576e-15
0.00318,-0.77955990054,3.75988160551,0.451185792661,-7.1054273576e-15
0.00319,-0.776621304597,3.76418379141,0.451702054969,-1.42108547152e-14
0.0032,-0.773680265484,3.76845279009,0.452214334811,-7.1054273576e-15
0.00321,-0.770736927494,3.77268875762,0.452722650914,0
0.00322,-0.767791433575,3.77689184985,0.453227021982,0
0.00323,-0.764843925342,3.78106222243,0.453727466692,-1.42108547152e-14
0.00324,-0.761894543084,3.7852000308,0.454224003696,0
0.00325,-0.758943425769,3.78930543017,0.454716651621,1.42108547152e-14
0.00326,-0.755990711053,3.79337857553,0.455205429064,-1.42108547152e-14
0.00327,-0.753036535288,3.79741962166,0.455690354599,7.1054273576e-15
0.00328,-0.750081033529,3.80142872307,0.456171446769,0
0.00329,-0.747124339542,3.80540603409,0.456648724091,7.1054273576e-15
0.0033,-0.744166585809,3.80935170876,0.457122205052,7.1054273576e-15
0.00331,-0.741207903538,3.81326590092,0.45759190811,7.1054273576e-15
0.00332,-0.738248422669,3.81714876413,0.458057851696,0
0.00333,-0.735288271882,3.82100045173,0.458520054207,-7.1054273576e-15
0.00334,-0.732327578604,3.82482111677,0.458978534013,7.1054273576e-15
0.00335,-0.729366469015,3.82861091208,0.45943330945,0
0.00336,-0.726405068058,3.83236999021,0.459884398825,0
0.00337,-0.723443499445,3.83609850344,0.460331820413,0
0.00338,-0.720481885662,3.8397966038,0.460775592456,7.1054273576e-15
0.00339,-0.717520347979,3.84346444303,0.461215733163,-1.42108547152e-14
0.0034,-0.714559006457,3.8471021726,0.461652260712,-2.13162820728e-14
0.00341,-0.711597979953,3.8507099437,0.462085193244,0
0.00342,-0.70863738613,3.85428790726,0.462514548871,7.1054273576e-15
0.00343,-0.705677341461,3.85783621388,0.462940345666,0
0.00344,-0.702717961239,3.86135501391,0.46336260167,-1.42108547152e-14
0.00345,-0.699759359582,3.8648444574,0.463781334888,7.1054273576e-15
0.00346,-0.69680164944,3.86830469408,0.46419656329,0
0.00347,-0.693844942605,3.87173587342,0.46460830481,-7.1054273576e-15
0.00348,-0.690889349714,3.87513814455,0.465016577347,0
0.00349,-0.687934980258,3.87851165633,0.46542139876,0
0.0035,-0.684981942589,3.88185655729,0.465822786875,0
0.00351,-0.682030343926,3.88517299566,0.466220759479,7.1054273576e-15
0.00352,-0.679080290362,3.88846111934,0.466615334321,-7.1054273576e-15
0.00353,-0.676131886873,3.89172107593,0.467006529112,-1.42108547152e-14
0.00354,-0.673185237322,3.89495301271,0.467394361526,0
0.00355,-0.670240444467,3.89815707663,0.467778849196,0
0.00356,-0.667297609969,3.90133341432,0.468160009719,0
0.00357,-0.664356834395,3.90448217208,0.46853786065,7.1054273576e-15
0.00358,-0.661418217229,3.90760349588,0.468912419506,1.42108547152e-14
0.00359,-0.658481856878,3.91069753135,0.469283703762,-1.42108547152e-14
0.0036,-0.655547850676,3.9137644238,0.469651730856,0
0.00361,-0.652616294894,3.91680431818,0.470016518182,-7.1054273576e-15
0.00362,-0.649687284744,3.91981735913,0.470378083095,-1.42108547152e-14
0.00363,-0.646760914386,3.92280369091,0.470736442909,7.1054273576e-15
0.00364,-0.643837276938,3.92576345745,0.471091614894,7.1054273576e-15
0.00365,-0.640916464477,3.92869680235,0.471443616282,1.42108547152e-14
0.00366,-0.637998568052,3.93160386883,0.47179246426,-1.42108547152e-14
0.00367,-0.635083677683,3.93448479977,0.472138175973,0
0.00368,-0.632171882376,3.9373397377,0.472480768524,-2.13162820728e-14
0.00369,-0.629263270121,3.94016882478,0.472820258974,0
0.0037,-0.626357927905,3.94297220282,0.473156664339,7.1054273576e-15
0.00371,-0.623455941715,3.94575001327,0.473490001592,0
0.00372,-0.620557396548,3.94850239719,0.473820287663,1.42108547152e-14
0.00373,-0.617662376412,3.95122949531,0.474147539437,0
0.00374,-0.614770964335,3.95393144797,0.474471773756,-7.1054273576e-15
0.00375,-0.611883242375,3.95660839514,0.474793007417,0
0.00376,-0.608999291619,3.95926047643,0.475111257171,-7.1054273576e-15
0.00377,-0.606119192197,3.96188783106,0.475426539727,0
0.00378,-0.603243023282,3.96449059787,0.475738871745,-7.1054273576e-15
0.00379,-0.600370863099,3.96706891536,0.476048269843,0
0.0038,-0.597502788933,3.96962292159,0.476354750591,-7.1054273576e-15
0.00381,-0.594638877131,3.97215275429,0.476658330515,7.1054273576e-15
0.00382,-0.591779203112,3.97465855078,0.476959026093,7.1054273576e-15
0.00383,-0.588923841372,3.97714044799,0.477256853759,0
0.00384,-0.586072865488,3.97959858248,0.477551829898,-1.42108547152e-14
0.00385,-0.583226348128,3.98203309041,0.477843970849,7.1054273576e-15
0.00386,-0.580384361054,3.98444410755,0.478133292906,0
0.00387,-0.577546975129,3.98683176929,0.478419812314,0
0.00388,-0.574714260324,3.98919621059,0.478703545271,-7.1054273576e-15
0.00389,-0.571886285722,3.99153756606,0.478984507927,7.1054273576e-15
0.0039,-0.569063119526,3.99385596988,0.479262716386,7.1054273576e-15
0.00391,-0.566244829065,3.99615155585,0.479538186702,2.13162820728e-14
0.00392,-0.563431480797,3.99842445735,0.479810934882,0
0.00393,-0.56062314032,4.00067480738,0.480080976886,-7.1054273576e-15
0.00394,-0.557819872373,4.00290273853,0.480348328623,-7.1054273576e-15
0.00395,-0.555021740843,4.00510838297,0.480613005956,7.1054273576e-15
0.00396,-0.552228808774,4.00729187248,0.480875024698,7.1054273576e-15
0.00397,-0.54944113837,4.00945333844,0.481134400612,7.1054273576e-15
0.00398,-0.546658791001,4.01159291179,0.481391149415,0
0.00399,-0.543881827209,4.01371072309,0.481645286771,7.1054273576e-15
0.004,-0.541110306715,4.01580690249,0.481896828299,0
0.00401,-0.538344288421,4.0178815797,0.482145789564,-7.1054273576e-15
0.00402,-0.535583830423,4.01993488403,0.482392186084,7.1054273576e-15
0.00403,-0.532828990007,4.0219669444,0.482636033328,0
0.00404,-0.530079823665,4.02397788927,0.482877346712,1.42108547152e-14
0.00405,-0.52733638709,4.02596784671,0.483116141605,0
0.00406,-0.524598735192,4.02793694438,0.483352433325,0
0.00407,-0.521866922095,4.02988530949,0.483586237139,0
0.00408,-0.519141001149,4.03181306886,0.483817568263,0
0.00409,-0.516421024931,4.03372034887,0.484046441864,-7.1054273576e-15
0.0041,-0.513707045252,4.03560727549,0.484272873058,0
0.00411,-0.510999113165,4.03747397425,0.48449687691,0
0.00412,-0.508297278967,4.03932057028,0.484718468434,0
0.00413,-0.505601592205,4.04114718827,0.484937662593,-7.1054273576e-15
0.00414,-0.502912101683,4.04295395249,0.485154474299,-7.1054273576e-15
0.00415,-0.500228855467,4.04474098677,0.485368918413,7.1054273576e-15
0.00416,-0.49755190089,4.04650841453,0.485581009744,0
0.00417,-0.494881284556,4.04825635876,0.485790763051,7.1054273576e-15
0.00418,-0.492217052349,4.049984942,0.48599819304,-1.42108547152e-14
0.00419,-0.489559249433,4.05169428639,0.486203314367,0
0.0042,-0.486907920263,4.05338451363,0.486406141635,0
0.00421,-0.484263108586,4.05505574497,0.486606689396,7.1054273576e-15
0.00422,-0.48162485745,4.05670810125,0.48680497215,-7.1054273576e-15
0.00423,-0.478993209203,4.05834170288,0.487001004345,1.42108547152e-14
0.00424,-0.476368205507,4.05995666981,0.487194800378,-7.1054273576e-15
0.00425,-0.473749887334,4.0615531216,0.487386374592,7.1054273576e-15
0.00426,-0.471138294979,4.06313117732,0.487575741279,-7.1054273576e-15
0.00427,-0.468533468059,4.06469095567,0.48776291468,0
0.00428,-0.465935445524,4.06623257485,0.487947908982,-7.1054273576e-15
0.00429,-0.463344265656,4.06775615267,0.488130738321,0
0.0043,-0.460759966078,4.0692618065,0.488311416779,0
0.00431,-0.458182583757,4.07074965324,0.488489958389,-7.1054273576e-15
0.00432,-0.455612155012,4.07221980939,0.488666377127,0
0.00433,-0.453048715516,4.073672391,0.488840686919,-7.1054273576e-15
0.00434,-0.4504923003,4.07510751367,0.48901290164,7.1054273576e-15
0.00435,-0.447942943764,4.07652529258,0.489183035109,7.1054273576e-15
0.00436,-0.445400679673,4.07792584246,0.489351101096,7.1054273576e-15
0.00437,-0.442865541171,4.07930927762,0.489517113314,7.1054273576e-15
0.00438,-0.440337560778,4.0806757119,0.489681085427,0
0.00439,-0.437816770401,4.08202525872,0.489843031046,1.42108547152e-14
0.0044,-0.435303201335,4.08335803106,0.490002963727,0
0.00441,-0.432796884268,4.08467414146,0.490160896975,0
0.00442,-0.43029784929,4.08597370201,0.490316844241,7.1054273576e-15
0.00443,-0.427806125891,4.08725682438,0.490470818925,7.1054273576e-15
0.00444,-0.425321742971,4.08852361977,0.490622834373,-7.1054273576e-15
0.00445,-0.422844728843,4.08977419897,0.490772903877,0
0.00446,-0.420375111238,4.09100867232,0.490921040678,0
0.00447,-0.417912917307,4.0922271497,0.491067257964,7.1054273576e-15
0.00448,-0.415458173632,4.09342974057,0.491211568868,0
0.00449,-0.413010906222,4.09461655395,0.491353986474,0
0.0045,-0.410571140527,4.0957876984,0.491494523808,0
0.00451,-0.408138901433,4.09694328206,0.491633193847,1.42108547152e-14
0.00452,-0.405714213275,4.09808341261,0.491770009513,1.42108547152e-14
0.00453,-0.403297099836,4.09920819731,0.491904983678,0
0.00454,-0.400887584354,4.10031774297,0.492038129156,-1.42108547152e-14
0.00455,-0.398485689524,4.10141215594,0.492169458713,-7.1054273576e-15
0.00456,-0.396091437508,4.10249154216,0.492298985059,0
0.00457,-0.393704849933,4.10355600711,0.492426720853,-7.1054273576e-15
0.00458,-0.391325947898,4.10460565583,0.492552678699,-7.1054273576e-15
0.00459,-0.388954751979,4.10564059293,0.492676871151,-7.1054273576e-15
0.0046,-0.386591282234,4.10666092256,0.492799310707,0
0.00461,-0.384235558205,4.10766674846,0.492920009815,7.1054273576e-15
0.00462,-0.381887598924,4.1086581739,0.493038980868,0
0.00463,-0.379547422916,4.10963530172,0.493156236206,7.1054273576e-15
0.00464,-0.377215048205,4.11059823432,0.493271788119,0
0.00465,-0.374890492319,4.11154707367,0.493385648841,1.42108547152e-14
0.00466,-0.372573772289,4.11248192129,0.493497830555,0
0.00467,-0.370264904659,4.11340287826,0.493608345391,0
0.00468,-0.367963905488,4.11431004522,0.493717205427,7.1054273576e-15
0.00469,-0.365670790355,4.11520352238,0.493824422686,0
0.0047,-0.363385574361,4.1160834095,0.49393000914,7.1054273576e-15
0.00471,-0.361108272133,4.11694980592,0.49403397671,7.1054273576e-15
0.00472,-0.358838897834,4.11780281051,0.494136337261,0
0.00473,-0.356577465159,4.11864252174,0.494237102609,1.42108547152e-14
0.00474,-0.354323987344,4.11946903761,0.494336284514,7.1054273576e-15
0.00475,-0.352078477169,4.12028245571,0.494433894686,-7.1054273576e-15
0.00476,-0.349840946961,4.12108287318,0.494529944782,7.1054273576e-15
0.00477,-0.347611408599,4.12187038672,0.494624446406,-2.13162820728e-14
0.00478,-0.345389873519,4.1226450926,0.494717411112,7.1054273576e-15
0.00479,-0.343176352715,4.12340708665,0.494808850399,0
0.0048,-0.340970856746,4.12415646428,0.494898775714,0
0.00481,-0.338773395737,4.12489332045,0.494987198454,-7.1054273576e-15
0.00482,-0.336583979386,4.12561774968,0.495074129962,-7.1054273576e-15
0.00483,-0.334402616966,4.12632984608,0.49515958153,7.1054273576e-15
0.00484,-0.332229317329,4.12702970331,0.495243564397,-1.42108547152e-14
0.00485,-0.330064088909,4.12771741459,0.495326089751,1.42108547152e-14
0.00486,-0.327906939728,4.12839307273,0.495407168728,7.1054273576e-15
0.00487,-0.325757877399,4.1290567701,0.495486812412,0
0.00488,-0.323616909129,4.12970859862,0.495565031835,7.1054273576e-15
0.00489,-0.321484041721,4.13034864981,0.495641837978,0
0.0049,-0.319359281582,4.13097701475,0.49571724177,-7.1054273576e-15
0.00491,-0.317242634726,4.13159378406,0.495791254088,0
0.00492,-0.315134106771,4.13219904798,0.495863885758,-1.42108547152e-14
0.00493,-0.313033702954,4.1327928963,0.495935147556,7.1054273576e-15
0.00494,-0.310941428125,4.13337541836,0.496005050203,7.1054273576e-15
0.00495,-0.308857286753,4.13394670311,0.496073604373,0
0.00496,-0.306781282935,4.13450683905,0.496140820687,-7.1054273576e-15
0.00497,-0.30471342039,4.13505591427,0.496206709713,7.1054273576e-15
0.00498,-0.302653702473,4.13559401642,0.496271281971,0
0.00499,-0.300602132169,4.13612123274,0.496334547928,7.1054273576e-15
0.005,-0.298558712104,4.13663765002,0.496396518002,7.1054273576e-15
0.00501,-0.296523444544,4.13714335466,0.496457202559,-7.1054273576e-15
0.00502,-0.2944963314,4.13763843261,0.496516611913,-7.1054273576e-15
0.00503,-0.292477374231,4.13812296942,0.496574756331,0
0.00504,-0.290466574248,4.13859705021,0.496631646026,1.42108547152e-14
0.00505,-0.288463932318,4.13906075968,0.496687291162,7.1054273576e-15
0.00506,-0.286469448966,4.1395141821,0.496741701852,0
0.00507,-0.284483124378,4.13995740133,0.49679488816,7.1054273576e-15
0.00508,-0.282504958406,4.14039050083,0.496846860099,-7.1054273576e-15
0.00509,-0.280534950572,4.1408135636,0.496897627632,-7.1054273576e-15
0.0051,-0.278573100068,4.14122667226,0.496947200671,0
0.00511,-0.276619405762,4.141629909,0.496995589081,7.1054273576e-15
0.00512,-0.274673866201,4.14202335561,0.497042802673,-7.1054273576e-15
0.00513,-0.272736479612,4.14240709343,0.497088851212,1.42108547152e-14
0.00514,-0.27080724391,4.14278120342,0.497133744411,-7.1054273576e-15
0.00515,-0.268886156695,4.14314576612,0.497177491935,1.42108547152e-14
0.00516,-0.26697321526,4.14350086166,0.497220103399,0
0.00517,-0.265068416594,4.14384656973,0.497261588368,-7.1054273576e-15
0.00518,-0.263171757381,4.14418296966,0.497301956359,0
0.00519,-0.261283234009,4.14451014032,0.497341216839,0
0.0052,-0.259402842566,4.14482816022,0.497379379226,7.1054273576e-15
0.00521,-0.257530578852,4.14513710742,0.49741645289,7.1054273576e-15
0.00522,-0.255666438373,4.1454370596,0.497452447152,-7.1054273576e-15
0.00523,-0.253810416351,4.14572809402,0.497487371282,0
0.00524,-0.251962507723,4.14601028754,0.497521234505,0
0.00525,-0.250122707146,4.14628371662,0.497554045995,-1.42108547152e-14
0.00526,-0.248291008999,4.14654845732,0.497585814878,-1.42108547152e-14
0.00527,-0.246467407387,4.14680458527,0.497616550233,7.1054273576e-15
0.00528,-0.244651896142,4.14705217574,0.497646261089,7.1054273576e-15
0.00529,-0.24284446883,4.14729130357,0.497674956428,0
0.0053,-0.241045118747,4.1475220432,0.497702645185,7.1054273576e-15
0.00531,-0.239253838931,4.1477444687,0.497729336244,7.1054273576e-15
0.00532,-0.237470622157,4.14795865371,0.497755038446,0
0.00533,-0.235695460944,4.1481646715,0.497779760579,7.1054273576e-15
0.00534,-0.233928347555,4.14836259491,0.497803511389,-7.1054273576e-15
0.00535,-0.232169274005,4.14855249642,0.49782629957,-1.42108547152e-14
0.00536,-0.230418232058,4.14873444809,0.497848133771,0
0.00537,-0.228675213232,4.14890852162,0.497869022594,-7.1054273576e-15
0.00538,-0.226940208804,4.14907478828,0.497888974594,7.1054273576e-15
0.00539,-0.22521320981,4.14923331897,0.497907998277,0
0.0054,-0.223494207048,4.14938418421,0.497926102105,0
0.00541,-0.221783191081,4.1495274541,0.497943294492,0
0.00542,-0.220080152243,4.14966319837,0.497959583805,7.1054273576e-15
0.00543,-0.218385080635,4.14979148638,0.497974978366,0
0.00544,-0.216697966133,4.14991238708,0.497989486449,-7.1054273576e-15
0.00545,-0.215018798391,4.15002596903,0.498003116284,0
0.00546,-0.213347566838,4.15013230044,0.498015876053,7.1054273576e-15
0.00547,-0.211684260687,4.1502314491,0.498027773892,-7.1054273576e-15
0.00548,-0.210028868934,4.15032348244,0.498038817893,-7.1054273576e-15
0.00549,-0.208381380363,4.15040846751,0.498049016102,-1.42108547152e-14
0.0055,-0.206741783546,4.15048647097,0.498058376516,-7.1054273576e-15
0.00551,-0.205110066847,4.1505575591,0.498066907092,-7.1054273576e-15
0.00552,-0.203486218424,4.15062179782,0.498074615739,2.13162820728e-14
0.00553,-0.201870226232,4.15067925265,0.498081510319,-7.1054273576e-15
0.00554,-0.200262078025,4.15072998876,0.498087598651,7.1054273576e-15
0.00555,-0.198661761361,4.15077407092,0.498092888511,0
0.00556,-0.197069263599,4.15081156355,0.498097387626,0
0.00557,-0.195484571907,4.15084253068,0.498101103682,0
0.00558,-0.193907673261,4.15086703598,0.498104044318,7.1054273576e-15
0.00559,-0.192338554451,4.15088514274,0.498106217129,-7.1054273576e-15
0.0056,-0.190777202078,4.1508969139,0.498107629668,-1.42108547152e-14
0.00561,-0.189223602562,4.15090241201,0.498108289442,0
0.00562,-0.187677742139,4.15090169927,0.498108203913,7.1054273576e-15
0.00563,-0.186139606869,4.15089483751,0.498107380501,7.1054273576e-15
0.00564,-0.184609182635,4.15088188818,0.498105826582,0
0.00565,-0.183086455145,4.15086291239,0.498103549487,0
0.00566,-0.181571409935,4.15083797088,0.498100556506,0
0.00567,-0.180064032373,4.15080712403,0.498096854883,0
0.00568,-0.178564307658,4.15077043185,0.498092451822,7.1054273576e-15
0.00569,-0.177072220826,4.150727954,0.49808735448,-7.1054273576e-15
0.0057,-0.175587756748,4.15067974978,0.498081569974,0
0.00571,-0.174110900138,4.15062587814,0.498075105377,0
0.00572,-0.172641635547,4.15056639767,0.498067967721,0
0.00573,-0.171179947374,4.1505013666,0.498060163992,0
0.00574,-0.169725819863,4.15043084282,0.498051701138,7.1054273576e-15
0.00575,-0.168279237105,4.15035488385,0.498042586062,-7.1054273576e-15
0.00576,-0.166840183044,4.15027354688,0.498032825626,7.1054273576e-15
0.00577,-0.165408641474,4.15018688873,0.498022426648,0
0.00578,-0.163984596045,4.15009496589,0.498011395907,7.1054273576e-15
0.00579,-0.162568030265,4.1499978345,0.49799974014,0
0.0058,-0.161158927498,4.14989555033,0.49798746604,0
0.00581,-0.159757270973,4.14978816884,0.49797458026,-7.1054273576e-15
0.00582,-0.158363043779,4.14967574512,0.497961089414,0
0.00583,-0.15697622887,4.14955833393,0.497947000072,7.1054273576e-15
0.00584,-0.155596809071,4.14943598969,0.497932318763,-7.1054273576e-15
0.00585,-0.154224767071,4.14930876648,0.497917051977,-7.1054273576e-15
0.00586,-0.152860085434,4.14917671802,0.497901206162,0
0.00587,-0.151502746597,4.14903989772,0.497884787727,-7.1054273576e-15
0.00588,-0.15015273287,4.14889835865,0.497867803038,0
0.00589,-0.148810026442,4.14875215352,0.497850258422,-1.42108547152e-14
0.0059,-0.14747460938,4.14860133473,0.497832160168,0
0.00591,-0.146146463633,4.14844595434,0.497813514521,0
0.00592,-0.144825571033,4.14828606408,0.49779432769,7.1054273576e-15
0.00593,-0.143511913297,4.14812171535,0.497774605842,0
0.00594,-0.142205472027,4.14795295921,0.497754355105,0
0.00595,-0.140906228715,4.14777984639,0.497733581567,-7.1054273576e-15
0.00596,-0.139614164744,4.14760242732,0.497712291278,1.42108547152e-14
0.00597,-0.138329261389,4.14742075208,0.497690490249,0
0.00598,-0.137051499819,4.14723487042,0.497668184451,-1.42108547152e-14
0.00599,-0.135780861099,4.1470448318,0.497645379816,-7.1054273576e-15
0.006,-0.134517326191,4.14685068531,0.497622082238,7.1054273576e-15
0.00601,-0.133260875959,4.14665247976,0.497598297572,7.1054273576e-15
0.00602,-0.132011491165,4.14645026363,0.497574031635,0
0.00603,-0.130769152478,4.14624408506,0.497549290207,7.1054273576e-15
0.00604,-0.129533840468,4.14603399189,0.497524079027,-7.1054273576e-15
0.00605,-0.128305535616,4.14582003165,0.497498403798,7.1054273576e-15
0.00606,-0.127084218306,4.14560225154,0.497472270185,0
0.00607,-0.125869868838,4.14538069846,0.497445683815,7.1054273576e-15
0.00608,-0.124662467419,4.14515541898,0.497418650278,0
0.00609,-0.123461994171,4.14492645938,0.497391175126,0
0.0061,-0.122268429134,4.14469386561,0.497363263873,-7.1054273576e-15
0.00611,-0.12108175226,4.14445768332,0.497334921999,-7.1054273576e-15
0.00612,-0.119901943422,4.14421795786,0.497306154943,-7.1054273576e-15
0.00613,-0.118728982414,4.14397473425,0.49727696811,7.1054273576e-15
0.00614,-0.117562848949,4.14372805723,0.497247366868,-7.1054273576e-15
0.00615,-0.116403522666,4.14347797123,0.497217356547,7.1054273576e-15
0.00616,-0.115250983128,4.14322452036,0.497186942443,0
0.00617,-0.114105209823,4.14296774845,0.497156129814,7.1054273576e-15
0.00618,-0.112966182169,4.14270769901,0.497124923881,-7.1054273576e-15
0.00619,-0.111833879513,4.14244441527,0.497093329833,0
0.0062,-0.110708281133,4.14217794015,0.497061352818,-7.1054273576e-15
0.00621,-0.10958936624,4.14190831628,0.497028997953,1.42108547152e-14
0.00622,-0.108477113978,4.14163558598,0.496996270318,1.42108547152e-14
0.00623,-0.107371503429,4.14135979129,0.496963174955,0
0.00624,-0.106272513609,4.14108097396,0.496929716875,0
0.00625,-0.105180123476,4.14079917543,0.496895901052,0
0.00626,-0.104094311927,4.14051443686,0.496861732424,-1.42108547152e-14
0.00627,-0.103015057799,4.14022679913,0.496827215896,-7.1054273576e-15
0.00628,-0.101942339873,4.13993630281,0.496792356338,-7.1054273576e-15
0.00629,-0.100876136877,4.13964298821,0.496757158585,0
0.0063,-0.0998164274805,4.13934689532,0.496721627438,-7.1054273576e-15
0.00631,-0.0987631903037,4.13904806387,0.496685767664,0
0.00632,-0.097716403914,4.1387465333,0.496649583996,0
0.00633,-0.0966760468293,4.13844234277,0.496613081133,0
0.00634,-0.0956420975187,4.13813553116,0.496576263739,0
0.00635,-0.0946145344044,4.13782613706,0.496539136447,0
0.00636,-0.0935933358627,4.13751419879,0.496501703855,-7.1054273576e-15
0.00637,-0.0925784802254,4.13719975439,0.496463970527,-7.1054273576e-15
0.00638,-0.0915699457812,4.13688284163,0.496425940996,0
0.00639,-0.0905677107767,4.13656349799,0.496387619759,-7.1054273576e-15
0.0064,-0.0895717534182,4.1362417607,0.496349011283,7.1054273576e-15
0.00641,-0.0885820518728,4.13591766668,0.496310120002,0
0.00642,-0.0875985842695,4.13559125262,0.496270950315,0
0.00643,-0.0866213287006,4.13526255492,0.49623150659,0
0.00644,-0.085650263223,4.1349316097,0.496191793164,7.1054273576e-15
0.00645,-0.0846853658594,4.13459845284,0.49615181434,7.1054273576e-15
0.00646,-0.0837266145995,4.13426311992,0.496111574391,-7.1054273576e-15
0.00647,-0.0827739874015,4.13392564629,0.496071077555,7.1054273576e-15
0.00648,-0.0818274621927,4.133586067,0.49603032804,0
0.00649,-0.0808870168715,4.13324441687,0.495989330025,1.42108547152e-14
0.0065,-0.0799526293078,4.13290073044,0.495948087653,-7.1054273576e-15
0.00651,-0.0790242773449,4.13255504199,0.495906605039,0
0.00652,-0.0781019388001,4.13220738554,0.495864886264,7.1054273576e-15
0.00653,-0.0771855914662,4.13185779485,0.495822935383,0
0.00654,-0.0762752131125,4.13150630345,0.495780756414,-7.1054273576e-15
0.00655,-0.0753707814862,4.13115294457,0.495738353348,-7.1054273576e-15
0.00656,-0.074472274313,4.13079775121,0.495695730145,7.1054273576e-15
0.00657,-0.0735796692987,4.13044075612,0.495652890735,0
0.00658,-0.0726929441302,4.13008199179,0.495609839015,7.1054273576e-15
0.00659,-0.0718120764765,4.12972149046,0.495566578855,7.1054273576e-15
0.0066,-0.0709370439898,4.12935928412,0.495523114094,-7.1054273576e-15
0.00661,-0.0700678243067,4.12899540451,0.495479448541,7.1054273576e-15
0.00662,-0.069204395049,4.12862988313,0.495435585975,-7.1054273576e-15
0.00663,-0.0683467338251,4.12826275122,0.495391530146,7.1054273576e-15
0.00664,-0.0674948182309,4.12789403978,0.495347284773,0
0.00665,-0.0666486258509,4.12752377958,0.495302853549,7.1054273576e-15
0.00666,-0.0658081342588,4.12715200112,0.495258240135,0
0.00667,-0.0649733210193,4.12677873469,0.495213448163,7.1054273576e-15
0.00668,-0.0641441636885,4.12640401031,0.495168481238,7.1054273576e-15
0.00669,-0.063320639815,4.12602785779,0.495123342934,7.1054273576e-15
0.0067,-0.0625027269411,4.12565030667,0.4950780368,-7.1054273576e-15
0.00671,-0.0616904026037,4.12527138627,0.495032566352,-7.1054273576e-15
0.00672,-0.0608836443351,4.12489112568,0.494986935082,0
0.00673,-0.060082429664,4.12450955374,0.494941146449,0
0.00674,-0.0592867361169,4.12412669908,0.494895203889,-1.42108547152e-14
0.00675,-0.0584965412183,4.12374259006,0.494849110808,7.1054273576e-15
0.00676,-0.0577118224921,4.12335725485,0.494802870582,7.1054273576e-15
0.00677,-0.0569325574627,4.12297072136,0.494756486564,-1.42108547152e-14
0.00678,-0.0561587236553,4.12258301729,0.494709962075,1.42108547152e-14
0.00679,-0.0553902985974,4.1221941701,0.494663300412,7.1054273576e-15
0.0068,-0.0546272598192,4.12180420702,0.494616504843,2.13162820728e-14
0.00681,-0.0538695848551,4.12141315507,0.494569578609,-7.1054273576e-15
0.00682,-0.0531172512439,4.12102104104,0.494522524925,-7.1054273576e-15
0.00683,-0.0523702365302,4.12062789149,0.494475346979,0
0.00684,-0.0516285182648,4.12023373276,0.494428047931,0
0.00685,-0.0508920740061,4.11983859098,0.494380630917,-7.1054273576e-15
0.00686,-0.0501608813205,4.11944249204,0.494333099045,-1.42108547152e-14
0.00687,-0.0494349177833,4.11904546163,0.494285455396,7.1054273576e-15
0.00688,-0.0487141609797,4.11864752522,0.494237703026,7.1054273576e-15
0.00689,-0.0479985885055,4.11824870805,0.494189844966,-7.1054273576e-15
0.0069,-0.0472881779679,4.11784903516,0.494141884219,0
0.00691,-0.0465829069865,4.11744853136,0.494093823763,7.1054273576e-15
0.00692,-0.0458827531936,4.11704722127,0.494045666552,7.1054273576e-15
0.00693,-0.0451876942356,4.11664512927,0.493997415512,7.1054273576e-15
0.00694,-0.0444977077732,4.11624227955,0.493949073546,0
0.00695,-0.0438127714828,4.11583869609,0.493900643531,1.42108547152e-14
0.00696,-0.0431328630565,4.11543440265,0.493852128318,0
0.00697,-0.0424579602036,4.11502942279,0.493803530735,-1.42108547152e-14
0.00698,-0.0417880406507,4.11462377985,0.493754853582,7.1054273576e-15
0.00699,-0.041123082143,4.114217497,0.493706099639,0
0.007,-0.0404630624446,4.11381059715,0.493657271659,-1.42108547152e-14
0.00701,-0.0398079593393,4.11340310307,0.493608372368,0
0.00702,-0.0391577506316,4.11299503728,0.493559404473,0
0.00703,-0.0385124141469,4.11258642211,0.493510370654,7.1054273576e-15
0.00704,-0.0378719277327,4.11217727971,0.493461273566,-7.1054273576e-15
0.00705,-0.037236269259,4.11176763202,0.493412115842,0
0.00706,-0.036605416619,4.11135750076,0.493362900091,0
0.00707,-0.0359793477298,4.11094690749,0.493313628899,0
0.00708,-0.0353580405331,4.11053587355,0.493264304826,-7.1054273576e-15
0.00709,-0.0347414729959,4.1101244201,0.493214930412,0
0.0071,-0.034129623111,4.10971256809,0.493165508171,7.1054273576e-15
0.00711,-0.0335224688977,4.10930033829,0.493116040595,7.1054273576e-15
0.00712,-0.0329199884024,4.10888775129,0.493066530154,-7.1054273576e-15
0.00713,-0.0323221596995,4.10847482745,0.493016979294,7.1054273576e-15
0.00714,-0.0317289608915,4.10806158699,0.492967390439,7.1054273576e-15
0.00715,-0.0311403701101,4.10764804991,0.492917765989,0
0.00716,-0.0305563655165,4.10723423603,0.492868108323,1.42108547152e-14
0.00717,-0.0299769253023,4.10682016499,0.492818419798,0
0.00718,-0.0294020276896,4.10640585623,0.492768702748,0
0.00719,-0.028831650932,4.10599132904,0.492718959484,0
0.0072,-0.0282657733152,4.10557660248,0.492669192298,-1.42108547152e-14
0.00721,-0.0277043731572,4.10516169547,0.492619403456,0
0.00722,-0.0271474288091,4.10474662672,0.492569595207,0
0.00723,-0.0265949186559,4.10433141478,0.492519769774,0
0.00724,-0.0260468211164,4.10391607802,0.492469929362,0
0.00725,-0.0255031146443,4.1035006346,0.492420076153,0
0.00726,-0.0249637777287,4.10308510256,0.492370212307,0
0.00727,-0.0244287888941,4.10266949972,0.492320339966,7.1054273576e-15
0.00728,-0.0238981267018,4.10225384373,0.492270461248,0
0.00729,-0.0233717697494,4.10183815209,0.492220578251,0
0.0073,-0.0228496966722,4.10142244211,0.492170693053,-1.42108547152e-14
0.00731,-0.0223318861431,4.10100673093,0.492120807712,0
0.00732,-0.0218183168735,4.10059103552,0.492070924262,7.1054273576e-15
0.00733,-0.0213089676135,4.10017537268,0.492021044722,0
0.00734,-0.0208038171523,4.09975975905,0.491971171086,7.1054273576e-15
0.00735,-0.0203028443192,4.09934421109,0.491921305331,0
0.00736,-0.0198060279836,4.0989287451,0.491871449412,7.1054273576e-15
0.00737,-0.0193133470555,4.09851337721,0.491821605265,7.1054273576e-15
0.00738,-0.018824780486,4.0980981234,0.491771774808,7.1054273576e-15
0.00739,-0.018340307268,4.09768299946,0.491721959936,-7.1054273576e-15
0.0074,-0.0178599064362,4.09726802105,0.491672162526,0
0.00741,-0.0173835570681,4.09685320364,0.491622384437,-7.1054273576e-15
0.00742,-0.0169112382837,4.09643856255,0.491572627506,-7.1054273576e-15
0.00743,-0.0164429292466,4.09602411295,0.491522893554,7.1054273576e-15
0.00744,-0.0159786091641,4.09560986983,0.491473184379,0
0.00745,-0.0155182572875,4.09519584804,0.491423501765,1.42108547152e-14
0.00746,-0.015061852913,4.09478206228,0.491373847473,-7.1054273576e-15
0.00747,-0.0146093753814,4.09436852706,0.491324223247,-7.1054273576e-15
0.00748,-0.0141608040791,4.09395525678,0.491274630813,0
0.00749,-0.0137161184381,4.09354226564,0.491225071877,-7.1054273576e-15
0.0075,-0.0132752979367,4.09312956773,0.491175548128,0
0.00751,-0.0128383220995,4.09271717696,0.491126061236,7.1054273576e-15
0.00752,-0.0124051704983,4.0923051071,0.491076612852,0
0.00753,-0.0119758227519,4.09189337177,0.491027204612,7.1054273576e-15
0.00754,-0.0115502585268,4.09148198443,0.490977838132,0
0.00755,-0.0111284575374,4.09107095841,0.490928515009,0
0.00756,-0.0107103995465,4.09066030687,0.490879236825,0
0.00757,-0.0102960643655,4.09025004285,0.490830005143,0
0.00758,-0.00988543185501,4.08984017923,0.490780821508,0
0.00759,-0.00947848192466,4.08943072874,0.490731687449,0
0.0076,-0.00907519453397,4.08902170397,0.490682604477,-1.42108547152e-14
0.00761,-0.00867554969239,4.08861311738,0.490633574086,0
0.00762,-0.00827952745966,4.08820498128,0.490584597753,0
0.00763,-0.00788710794618,4.08779730782,0.490535676939,7.1054273576e-15
0.00764,-0.00749827131325,4.08739010905,0.490486813086,-7.1054273576e-15
0.00765,-0.00711299777341,4.08698339684,0.490438007621,-7.1054273576e-15
0.00766,-0.00673126759075,4.08657718295,0.490389261955,0
0.00767,-0.00635306108116,4.086171479,0.49034057748,-7.1054273576e-15
0.00768,-0.00597835861265,4.08576629646,0.490291955575,0
0.00769,-0.00560714060561,4.08536164666,0.4902433976,7.1054273576e-15
0.0077,-0.00523938753311,4.08495754083,0.490194904899,0
0.00771,-0.00487507992117,4.08455399002,0.490146478803,0
0.00772,-0.00451419834901,4.08415100519,0.490098120623,7.1054273576e-15
0.00773,-0.00415672344932,4.08374859714,0.490049831657,-7.1054273576e-15
0.00774,-0.00380263590852,4.08334677655,0.490001613185,7.1054273576e-15
0.00775,-0.00345191646702,4.08294555396,0.489953466475,7.1054273576e-15
0.00776,-0.00310454591948,4.08254493979,0.489905392775,-7.1054273576e-15
0.00777,-0.00276050511499,4.08214494433,0.48985739332,7.1054273576e-15
0.00778,-0.00241977495741,4.08174557775,0.48980946933,-7.1054273576e-15
0.00779,-0.00208233640551,4.08134685008,0.48976162201,-7.1054273576e-15
0.0078,-0.00174817047326,4.08094877122,0.489713852547,-7.1054273576e-15
0.00781,-0.00141725823002,4.08055135097,0.489666162117,0
0.00782,-0.00108958080081,4.08015459898,0.489618551878,7.1054273576e-15
0.00783,-0.000765119366447,4.07975852479,0.489571022974,7.1054273576e-15
0.00784,-0.000443855163842,4.0793631378,0.489523576537,-7.1054273576e-15
0.00785,-0.000125769486152,4.07896844733,0.489476213679,-7.1054273576e-15
0.00786,0.000189156316998,4.07857446252,0.489428935503,7.1054273576e-15
0.00787,0.000500940839315,4.07818119245,0.489381743094,-7.1054273576e-15
0.00788,0.000809602617647,4.07778864603,0.489334637524,-7.1054273576e-15
0.00789,0.00111516013179,4.07739683209,0.48928761985,7.1054273576e-15
0.0079,0.00141763180431,4.07700575931,0.489240691117,7.1054273576e-15
0.00791,0.00171703600034,4.07661543628,0.489193852353,7.1054273576e-15
0.00792,0.00201339102743,4.07622587146,0.489147104575,0
0.00793,0.00230671513535,4.0758370732,0.489100448784,-7.1054273576e-15
0.00794,0.00259702651594,4.07544904973,0.489053885968,1.42108547152e-14
0.00795,0.00288434330293,4.07506180918,0.489007417101,-7.1054273576e-15
0.00796,0.00316868357176,4.07467535954,0.488961043145,0
0.00797,0.00345006533949,4.07428970873,0.488914765047,-7.1054273576e-15
0.00798,0.00372850656456,4.07390486451,0.488868583741,-7.1054273576e-15
0.00799,0.0040040251467,4.07352083457,0.488822500148,1.42108547152e-14
0.008,0.00427663892677,4.07313762647,0.488776515176,1.42108547152e-14
0.00801,0.0045463656866,4.07275524766,0.488730629719,7.1054273576e-15
0.00802,0.00481322314887,4.0723737055,0.48868484466,0
0.00803,0.00507722897698,4.07199300722,0.488639160866,7.1054273576e-15
0.00804,0.0053384007749,4.07161315995,0.488593579194,0
0.00805,0.00559675608705,4.07123417073,0.488548100488,0
0.00806,0.0058523123982,4.07085604649,0.488502725578,-1.42108547152e-14
0.00807,0.00610508713331,4.07047879403,0.488457455283,7.1054273576e-15
0.00808,0.00635509765744,4.07010242007,0.488412290408,0
0.00809,0.00660236127564,4.06972693123,0.488367231748,-7.1054273576e-15
0.0081,0.00684689523282,4.06935233402,0.488322280083,7.1054273576e-15
0.00811,0.00708871671367,4.06897863485,0.488277436182,0
0.00812,0.00732784284253,4.06860584003,0.488232700803,0
0.00813,0.00756429068334,4.06823395576,0.488188074691,0
0.00814,0.00779807723948,4.06786298816,0.48814355858,0
0.00815,0.00802921945374,4.06749294325,0.48809915319,1.42108547152e-14
0.00816,0.00825773420817,4.06712382693,0.488054859232,0
0.00817,0.00848363832406,4.06675564503,0.488010677403,0
0.00818,0.00870694856181,4.06638840327,0.487966608392,0
0.00819,0.00892768162088,4.06602210727,0.487922652872,-7.1054273576e-15
0.0082,0.00914585413971,4.06565676257,0.487878811508,0
0.00821,0.00936148269562,4.06529237461,0.487835084953,0
0.00822,0.0095745838048,4.06492894873,0.487791473847,7.1054273576e-15
0.00823,0.00978517392216,4.06456649018,0.487747978822,0
0.00824,0.00999326944138,4.06420500414,0.487704600497,7.1054273576e-15
0.00825,0.0101988866947,4.06384449566,0.48766133948,-7.1054273576e-15
0.00826,0.0104020419531,4.06348496973,0.487618196368,1.42108547152e-14
0.00827,0.010602751426,4.06312643124,0.487575171749,1.42108547152e-14
0.00828,0.0108010312612,4.062768885,0.4875322662,0
0.00829,0.0109968975452,4.0624123357,0.487489480284,-7.1054273576e-15
0.0083,0.0111903663027,4.06205678799,0.487446814558,-7.1054273576e-15
0.00831,0.0113814534968,4.06170224639,0.487404269567,0
0.00832,0.011570175029,4.06134871536,0.487361845844,0
0.00833,0.0117565467391,4.06099619928,0.487319543913,0
0.00834,0.0119405844049,4.06064470241,0.487277364289,7.1054273576e-15
0.00835,0.0121223037427,4.06029422896,0.487235307476,1.42108547152e-14
0.00836,0.012301720407,4.05994478305,0.487193373966,7.1054273576e-15
0.00837,0.0124788499903,4.0595963687,0.487151564244,0
0.00838,0.0126537080233,4.05924898986,0.487109878784,0
0.00839,0.0128263099749,4.05890265041,0.48706831805,-7.1054273576e-15
0.0084,0.0129966712522,4.05855735413,0.487026882496,7.1054273576e-15
0.00841,0.0131648072002,4.05821310472,0.486985572567,0
0.00842,0.0133307331021,4.05786990582,0.486944388699,0
0.00843,0.0134944641792,4.05752776097,0.486903331316,-7.1054273576e-15
0.00844,0.0136560155909,4.05718667364,0.486862400837,7.1054273576e-15
0.00845,0.0138154024346,4.05684664723,0.486821597667,0
0.00846,0.0139726397458,4.05650768504,0.486780922205,7.1054273576e-15
0.00847,0.0141277424983,4.05616979033,0.486740374839,7.1054273576e-15
0.00848,0.0142807256037,4.05583296624,0.486699955949,-7.1054273576e-15
0.00849,0.0144316039118,4.05549721588,0.486659665905,7.1054273576e-15
0.0085,0.0145803922106,4.05516254224,0.486619505069,0
0.00851,0.014727105226,4.05482894828,0.486579473794,-7.1054273576e-15
0.00852,0.0148717576223,4.05449643686,0.486539572423,0
0.00853,0.0150143640018,4.05416501077,0.486499801293,-7.1054273576e-15
0.00854,0.015154938905,4.05383467274,0.486460160728,7.1054273576e-15
0.00855,0.0152934968106,4.0535054254,0.486420651049,0
0.00856,0.0154300521355,4.05317727136,0.486381272563,-7.1054273576e-15
0.00857,0.0155646192349,4.0528502131,0.486342025572,-7.1054273576e-15
0.00858,0.0156972124022,4.05252425307,0.486302910369,-7.1054273576e-15
0.00859,0.0158278458691,4.05219939365,0.486263927238,-7.1054273576e-15
0.0086,0.0159565338057,4.05187563713,0.486225076455,1.42108547152e-14
0.00861,0.0160832903206,4.05155298574,0.486186358289,0
0.00862,0.0162081294605,4.05123144166,0.486147772999,0
0.00863,0.0163310652107,4.05091100698,0.486109320837,-7.1054273576e-15
0.00864,0.0164521114952,4.05059168373,0.486071002048,7.1054273576e-15
0.00865,0.0165712821762,4.05027347389,0.486032816867,-7.1054273576e-15
0.00866,0.0166885910546,4.04995637936,0.485994765523,-7.1054273576e-15
0.00867,0.0168040518701,4.04964040197,0.485956848237,-7.1054273576e-15
0.00868,0.0169176783009,4.04932554351,0.485919065221,7.1054273576e-15
0.00869,0.017029483964,4.04901180567,0.48588141668,2.13162820728e-14
0.0087,0.017139482415,4.04869919012,0.485843902814,-1.42108547152e-14
0.00871,0.0172476871487,4.04838769843,0.485806523811,7.1054273576e-15
0.00872,0.0173541115986,4.04807733213,0.485769279856,7.1054273576e-15
0.00873,0.0174587691371,4.04776809269,0.485732171123,-7.1054273576e-15
0.00874,0.0175616730758,4.04745998151,0.485695197781,7.1054273576e-15
0.00875,0.0176628366652,4.04715299993,0.485658359992,1.42108547152e-14
0.00876,0.017762273095,4.04684714924,0.485621657908,0
0.00877,0.0178599954943,4.04654243065,0.485585091678,0
0.00878,0.0179560169313,4.04623884534,0.485548661441,7.1054273576e-15
0.00879,0.0180503504135,4.04593639442,0.485512367331,7.1054273576e-15
0.0088,0.0181430088881,4.04563507894,0.485476209473,0
0.00881,0.0182340052416,4.04533489988,0.485440187986,7.1054273576e-15
0.00882,0.0183233523001,4.0450358582,0.485404302984,-1.42108547152e-14
0.00883,0.0184110628294,4.04473795477,0.485368554572,-1.42108547152e-14
0.00884,0.0184971495351,4.04444119042,0.48533294285,0
0.00885,0.0185816250625,4.04414556592,0.48529746791,-7.1054273576e-15
0.00886,0.0186645019969,4.04385108199,0.485262129838,0
0.00887,0.0187457928635,4.04355773929,0.485226928715,7.1054273576e-15
0.00888,0.0188255101277,4.04326553845,0.485191864614,-1.42108547152e-14
0.00889,0.018903666195,4.04297448001,0.485156937601,-1.42108547152e-14
0.0089,0.0189802734111,4.04268456448,0.485122147737,0
0.00891,0.0190553440621,4.04239579232,0.485087495078,-7.1054273576e-15
0.00892,0.0191288903746,4.04210816393,0.485052979671,0
0.00893,0.0192009245156,4.04182167966,0.48501860156,0
0.00894,0.0192714585928,4.04153633983,0.484984360779,7.1054273576e-15
0.00895,0.0193405046546,4.04125214467,0.484950257361,7.1054273576e-15
0.00896,0.0194080746902,4.0409690944,0.484916291328,0
0.00897,0.0194741806298,4.04068718918,0.484882462701,-1.42108547152e-14
0.00898,0.0195388343445,4.04040642909,0.484848771491,0
0.00899,0.0196020476467,4.04012681422,0.484815217707,-7.1054273576e-15
0.009,0.0196638322899,4.03984834457,0.484781801348,-7.1054273576e-15
0.00901,0.0197241999689,4.0395710201,0.484748522412,0
0.00902,0.01978316232,4.03929484073,0.484715380888,2.13162820728e-14
0.00903,0.0198407309211,4.03901980634,0.484682376761,0
0.00904,0.0198969172916,4.03874591676,0.484649510011,-7.1054273576e-15
0.00905,0.0199517328929,4.03847317176,0.484616780611,-7.1054273576e-15
0.00906,0.0200051891281,4.03820157108,0.48458418853,0
0.00907,0.0200572973423,4.03793111442,0.484551733731,7.1054273576e-15
0.00908,0.0201080688228,4.03766180143,0.484519416172,0
0.00909,0.0201575147991,4.03739363172,0.484487235806,0
0.0091,0.0202056464429,4.03712660485,0.484455192582,0
0.00911,0.0202524748686,4.03686072033,0.48442328644,7.1054273576e-15
0.00912,0.020298011133,4.03659597766,0.48439151732,-1.42108547152e-14
0.00913,0.0203422662356,4.03633237627,0.484359885153,-7.1054273576e-15
0.00914,0.0203852511188,4.03606991556,0.484328389868,-2.13162820728e-14
0.00915,0.0204269766678,4.03580859489,0.484297031387,7.1054273576e-15
0.00916,0.0204674537112,4.03554841357,0.484265809628,0
0.00917,0.0205066930203,4.03528937088,0.484234724505,-7.1054273576e-15
0.00918,0.0205447053102,4.03503146605,0.484203775926,-1.42108547152e-14
0.00919,0.020581501239,4.0347746983,0.484172963796,0
0.0092,0.0206170914087,4.03451906677,0.484142288013,0
0.00921,0.0206514863649,4.0342645706,0.484111748472,7.1054273576e-15
0.00922,0.020684696597,4.03401120887,0.484081345064,0
0.00923,0.0207167325383,4.03375898062,0.484051077674,7.1054273576e-15
0.00924,0.0207476045664,4.03350788486,0.484020946184,-7.1054273576e-15
0.00925,0.0207773230029,4.03325792058,0.48399095047,-7.1054273576e-15
0.00926,0.0208058981138,4.03300908671,0.483961090406,7.1054273576e-15
0.00927,0.0208333401097,4.03276138216,0.483931365859,2.13162820728e-14
0.00928,0.0208596591458,4.03251480579,0.483901776695,0
0.00929,0.020884865322,4.03226935643,0.483872322772,7.1054273576e-15
0.0093,0.0209089686832,4.0320250329,0.483843003948,0
0.00931,0.0209319792192,4.03178183394,0.483813820073,7.1054273576e-15
0.00932,0.0209539068651,4.03153975829,0.483784770995,-1.42108547152e-14
0.00933,0.0209747615013,4.03129880466,0.483755856559,7.1054273576e-15
0.00934,0.0209945529536,4.03105897171,0.483727076605,-7.1054273576e-15
0.00935,0.0210132909935,4.03082025806,0.483698430967,0
0.00936,0.0210309853382,4.03058266233,0.483669919479,7.1054273576e-15
0.00937,0.0210476456507,4.03034618307,0.483641541969,0
0.00938,0.0210632815403,4.03011081884,0.483613298261,-7.1054273576e-15
0.00939,0.0210779025622,4.02987656813,0.483585188175,0
0.0094,0.021091518218,4.02964342942,0.483557211531,7.1054273576e-15
0.00941,0.0211041379558,4.02941140117,0.48352936814,0
0.00942,0.0211157711704,4.02918048177,0.483501657813,0
0.00943,0.0211264272033,4.02895066964,0.483474080356,0
0.00944,0.0211361153428,4.02872196311,0.483446635573,0
0.00945,0.0211448448244,4.02849436052,0.483419323263,-7.1054273576e-15
0.00946,0.0211526248308,4.02826786017,0.483392143221,7.1054273576e-15
0.00947,0.0211594644921,4.02804246034,0.483365095241,0
0.00948,0.0211653728857,4.02781815926,0.483338179112,-7.1054273576e-15
0.00949,0.021170359037,4.02759495517,0.48331139462,7.1054273576e-15
0.0095,0.021174431919,4.02737284623,0.483284741548,-7.1054273576e-15
0.00951,0.0211776004527,4.02715183063,0.483258219676,7.1054273576e-15
0.00952,0.0211798735073,4.0269319065,0.48323182878,0
0.00953,0.0211812599002,4.02671307194,0.483205568633,-7.1054273576e-15
0.00954,0.0211817683972,4.02649532506,0.483179439007,7.1054273576e-15
0.00955,0.0211814077129,4.0262786639,0.483153439668,-7.1054273576e-15
0.00956,0.0211801865105,4.0260630865,0.48312757038,1.42108547152e-14
0.00957,0.021178113402,4.02584859087,0.483101830905,0
0.00958,0.0211751969487,4.02563517501,0.483076221001,7.1054273576e-15
0.00959,0.0211714456609,4.02542283686,0.483050740424,1.42108547152e-14
0.0096,0.0211668679985,4.02521157438,0.483025388926,0
0.00961,0.0211614723707,4.02500138548,0.483000166257,-7.1054273576e-15
0.00962,0.0211552671366,4.02479226804,0.482975072165,-7.1054273576e-15
0.00963,0.021148260605,4.02458421995,0.482950106393,-7.1054273576e-15
0.00964,0.0211404610347,4.02437723904,0.482925268684,0
0.00965,0.021131876635,4.02417132314,0.482900558777,1.42108547152e-14
0.00966,0.021122515565,4.02396647006,0.482875976407,0
0.00967,0.0211123859348,4.02376267757,0.482851521308,0
0.00968,0.0211014958049,4.02355994344,0.482827193213,-7.1054273576e-15
0.00969,0.0210898531866,4.02335826541,0.48280299185,0
0.0097,0.0210774660423,4.0231576412,0.482778916944,-7.1054273576e-15
0.00971,0.0210643422855,4.0229580685,0.48275496822,2.13162820728e-14
0.00972,0.0210504897809,4.022759545,0.4827311454,0
0.00973,0.021035916345,4.02256206835,0.482707448202,0
0.00974,0.0210206297455,4.02236563619,0.482683876343,0
0.00975,0.0210046377023,4.02217024615,0.482660429538,0
0.00976,0.020987947887,4.02197589583,0.4826371075,1.42108547152e-14
0.00977,0.0209705679234,4.0217825828,0.482613909936,7.1054273576e-15
0.00978,0.0209525053876,4.02159030464,0.482590836557,1.42108547152e-14
0.00979,0.0209337678083,4.02139905889,0.482567887067,7.1054273576e-15
0.0098,0.0209143626665,4.02120884309,0.48254506117,-1.42108547152e-14
0.00981,0.0208942973964,4.02101965473,0.482522358568,7.1054273576e-15
0.00982,0.0208735793849,4.02083149132,0.482499778959,0
0.00983,0.020852215972,4.02064435034,0.482477322041,-7.1054273576e-15
0.00984,0.0208302144512,4.02045822924,0.482454987509,7.1054273576e-15
0.00985,0.0208075820693,4.02027312548,0.482432775057,0
0.00986,0.0207843260268,4.02008903647,0.482410684376,0
0.00987,0.0207604534779,4.01990595964,0.482388715156,-1.42108547152e-14
0.00988,0.0207359715309,4.01972389238,0.482366867085,-7.1054273576e-15
0.00989,0.0207108872481,4.01954283207,0.482345139848,0
0.0099,0.0206852076462,4.01936277608,0.482323533129,0
0.00991,0.0206589396964,4.01918372176,0.482302046611,-1.42108547152e-14
0.00992,0.0206320903244,4.01900566645,0.482280679974,-1.42108547152e-14
0.00993,0.0206046664107,4.01882860748,0.482259432897,-7.1054273576e-15
0.00994,0.0205766747911,4.01865254215,0.482238305058,7.1054273576e-15
0.00995,0.0205481222561,4.01847746775,0.48221729613,7.1054273576e-15
0.00996,0.0205190155518,4.01830338158,0.48219640579,-7.1054273576e-15
0.00997,0.0204893613797,4.0181302809,0.482175633708,0
0.00998,0.0204591663969,4.01795816297,0.482154979556,-2.13162820728e-14
0.00999,0.0204284372164,4.01778702502,0.482134443002,7.1054273576e-15
0.01,0.0203971804072,4.01761686429,0.482114023715,7.1054273576e-15
0.01001,0.0203654024944,4.017447678,0.48209372136,0
0.01002,0.0203331099595,4.01727946336,0.482073535603,1.42108547152e-14
0.01003,0.0203003092405,4.01711221755,0.482053466106,0
0.01004,0.0202670067319,4.01694593777,0.482033512532,7.1054273576e-15
0.01005,0.0202332087853,4.01678062118,0.482013674541,0
0.01006,0.0201989217091,4.01661626494,0.481993951793,0
0.01007,0.0201641517691,4.0164528662,0.481974343944,7.1054273576e-15
0.01008,0.0201289051883,4.01629042211,0.481954850653,0
0.01009,0.0200931881472,4.01612892978,0.481935471574,0
0.0101,0.0200570067841,4.01596838634,0.481916206361,0
0.01011,0.0200203671952,4.0158087889,0.481897054668,-7.1054273576e-15
0.01012,0.0199832754344,4.01565013455,0.481878016146,0
0.01013,0.0199457375144,4.01549242038,0.481859090445,-7.1054273576e-15
0.01014,0.0199077594056,4.01533564347,0.481840277216,0
0.01015,0.0198693470376,4.01517980089,0.481821576107,7.1054273576e-15
0.01016,0.0198305062982,4.0150248897,0.481802986764,0
0.01017,0.0197912430343,4.01487090696,0.481784508835,2.13162820728e-14
0.01018,0.019751563052,4.0147178497,0.481766141964,-1.42108547152e-14
0.01019,0.0197114721163,4.01456571497,0.481747885796,0
0.0102,0.019670975952,4.01441449978,0.481729739974,0
0.01021,0.0196300802431,4.01426420117,0.48171170414,-7.1054273576e-15
0.01022,0.0195887906335,4.01411481613,0.481693777936,7.1054273576e-15
0.01023,0.019547112727,4.01396634168,0.481675961001,7.1054273576e-15
0.01024,0.0195050520876,4.01381877481,0.481658252977,-7.1054273576e-15
0.01025,0.0194626142394,4.01367211251,0.481640653501,-7.1054273576e-15
0.01026,0.0194198046669,4.01352635176,0.481623162212,0
0.01027,0.0193766288153,4.01338148955,0.481605778745,-7.1054273576e-15
0.01028,0.0193330920906,4.01323752283,0.481588502739,1.42108547152e-14
0.01029,0.0192891998595,4.01309444857,0.481571333828,7.1054273576e-15
0.0103,0.01924495745,4.01295226373,0.481554271647,-7.1054273576e-15
0.01031,0.0192003701514,4.01281096525,0.48153731583,7.1054273576e-15
0.01032,0.0191554432144,4.01267055009,0.481520466011,-1.42108547152e-14
0.01033,0.0191101818511,4.01253101518,0.481503721822,7.1054273576e-15
0.01034,0.0190645912357,4.01239235746,0.481487082896,-7.1054273576e-15
0.01035,0.0190186765041,4.01225457386,0.481470548863,-1.42108547152e-14
0.01036,0.0189724427545,4.01211766129,0.481454119354,0
0.01037,0.0189258950474,4.01198161667,0.481437794001,0
0.01038,0.0188790384055,4.01184643693,0.481421572432,7.1054273576e-15
0.01039,0.0188318778144,4.01171211897,0.481405454276,0
0.0104,0.0187844182223,4.01157865968,0.481389439162,-7.1054273576e-15
0.01041,0.0187366645405,4.01144605599,0.481373526719,-1.42108547152e-14
0.01042,0.0186886216435,4.01131430477,0.481357716573,0
0.01043,0.0186402943688,4.01118340293,0.481342008352,-7.1054273576e-15
0.01044,0.0185916875175,4.01105334735,0.481326401682,-7.1054273576e-15
0.01045,0.0185428058546,4.01092413492,0.48131089619,0
0.01046,0.0184936541085,4.01079576252,0.481295491502,-7.1054273576e-15
0.01047,0.0184442369718,4.01066822702,0.481280187242,0
0.01048,0.0183945591012,4.01054152531,0.481264983037,0
0.01049,0.0183446251177,4.01041565425,0.48124987851,7.1054273576e-15
0.0105,0.0182944396066,4.01029061072,0.481234873286,0
0.01051,0.0182440071182,4.01016639158,0.48121996699,0
0.01052,0.0181933321672,4.0100429937,0.481205159244,0
0.01053,0.0181424192336,4.00992041394,0.481190449673,-7.1054273576e-15
0.01054,0.0180912727623,4.00979864916,0.481175837899,0
0.01055,0.0180398971636,4.00967769622,0.481161323546,0
0.01056,0.0179882968132,4.00955755197,0.481146906237,0
0.01057,0.0179364760527,4.00943821328,0.481132585593,7.1054273576e-15
0.01058,0.017884439189,4.00931967698,0.481118361238,7.1054273576e-15
0.01059,0.0178321904954,4.00920193994,0.481104232793,1.42108547152e-14
0.0106,0.017779734211,4.00908499901,0.481090199881,-7.1054273576e-15
0.01061,0.0177270745416,4.00896885103,0.481076262124,7.1054273576e-15
0.01062,0.0176742156589,4.00885349285,0.481062419142,-7.1054273576e-15
0.01063,0.0176211617018,4.00873892133,0.481048670559,7.1054273576e-15
0.01064,0.0175679167755,4.00862513329,0.481035015995,-7.1054273576e-15
0.01065,0.0175144849523,4.00851212561,0.481021455073,7.1054273576e-15
0.01066,0.0174608702718,4.00839989511,0.481007987413,-7.1054273576e-15
0.01067,0.0174070767406,4.00828843864,0.480994612637,-7.1054273576e-15
0.01068,0.0173531083328,4.00817775306,0.480981330367,0
0.01069,0.0172989689902,4.00806783519,0.480968140223,-1.42108547152e-14
0.0107,0.0172446626223,4.0079586819,0.480955041828,0
0.01071,0.0171901931063,4.00785029002,0.480942034803,7.1054273576e-15
0.01072,0.0171355642879,4.0077426564,0.480929118768,7.1054273576e-15
0.01073,0.0170807799806,4.00763577789,0.480916293347,0
0.01074,0.0170258439667,4.00752965133,0.48090355816,0
0.01075,0.0169707599966,4.00742427358,0.480890912829,0
0.01076,0.0169155317899,4.00731964147,0.480878356976,7.1054273576e-15
0.01077,0.0168601630347,4.00721575186,0.480865890223,0
0.01078,0.0168046573884,4.0071126016,0.480853512191,7.1054273576e-15
0.01079,0.0167490184773,4.00701018753,0.480841222504,1.42108547152e-14
0.0108,0.0166932498974,4.00690850652,0.480829020783,7.1054273576e-15
0.01081,0.0166373552139,4.00680755542,0.48081690665,-7.1054273576e-15
0.01082,0.0165813379619,4.00670733108,0.48080487973,0
0.01083,0.0165252016462,4.00660783036,0.480792939643,0
0.01084,0.0164689497416,4.00650905012,0.480781086014,-7.1054273576e-15
0.01085,0.016412585693,4.00641098721,0.480769318466,7.1054273576e-15
0.01086,0.0163561129158,4.00631363851,0.480757636622,-1.42108547152e-14
0.01087,0.0162995347956,4.00621700088,0.480746040106,1.42108547152e-14
0.01088,0.0162428546888,4.00612107118,0.480734528542,-7.1054273576e-15
0.01089,0.0161860759224,4.00602584629,0.480723101555,1.42108547152e-14
0.0109,0.0161292017944,4.00593132307,0.480711758768,0
0.01091,0.0160722355739,4.0058374984,0.480700499808,-7.1054273576e-15
0.01092,0.0160151805012,4.00574436916,0.480689324299,0
0.01093,0.0159580397879,4.00565193223,0.480678231867,7.1054273576e-15
0.01094,0.0159008166174,4.00556018448,0.480667222138,-2.13162820728e-14
0.01095,0.0158435141446,4.00546912281,0.480656294737,0
0.01096,0.015786135496,4.0053787441,0.480645449292,0
0.01097,0.0157286837707,4.00528904525,0.48063468543,-7.1054273576e-15
0.01098,0.0156711620393,4.00520002315,0.480624002777,0
0.01099,0.0156135733452,4.00511167469,0.480613400963,7.1054273576e-15
0.011,0.015555920704,4.00502399678,0.480602879614,7.1054273576e-15
0.01101,0.015498207104,4.00493698632,0.480592438359,7.1054273576e-15
0.01102,0.0154404355061,4.00485064023,0.480582076828,0
0.01103,0.0153826088442,4.00476495541,0.480571794649,-7.1054273576e-15
0.01104,0.0153247300254,4.00467992878,0.480561591453,7.1054273576e-15
0.01105,0.0152668019298,4.00459555725,0.480551466871,0
0.01106,0.0152088274109,4.00451183776,0.480541420532,0
0.01107,0.0151508092957,4.00442876723,0.480531452068,-7.1054273576e-15
0.01108,0.015092750385,4.0043463426,0.480521561111,1.42108547152e-14
0.01109,0.0150346534531,4.00426456078,0.480511747294,0
0.0111,0.0149765212485,4.00418341874,0.480502010249,0
0.01111,0.0149183564938,4.00410291341,0.480492349609,0
0.01112,0.0148601618855,4.00402304174,0.480482765009,0
0.01113,0.0148019400949,4.00394380068,0.480473256082,0
0.01114,0.0147436937677,4.0038651872,0.480463822464,7.1054273576e-15
0.01115,0.0146854255241,4.00378719825,0.48045446379,0
0.01116,0.0146271379593,4.0037098308,0.480445179696,7.1054273576e-15
0.01117,0.0145688336434,4.00363308183,0.480435969819,0
0.01118,0.0145105151217,4.00355694831,0.480426833797,1.42108547152e-14
0.01119,0.0144521849147,4.00348142722,0.480417771266,0
0.0112,0.0143938455182,4.00340651555,0.480408781866,0
0.01121,0.0143354994037,4.0033322103,0.480399865236,0
0.01122,0.0142771490182,4.00325850845,0.480391021014,0
0.01123,0.0142187967848,4.00318540702,0.480382248843,7.1054273576e-15
0.01124,0.0141604451022,4.00311290301,0.480373548362,0
0.01125,0.0141020963455,4.00304099344,0.480364919212,-1.42108547152e-14
0.01126,0.0140437528661,4.00296967531,0.480356361038,0
0.01127,0.0139854169914,4.00289894567,0.48034787348,0
0.01128,0.0139270910257,4.00282880153,0.480339456184,0
0.01129,0.0138687772498,4.00275923994,0.480331108793,7.1054273576e-15
0.0113,0.0138104779214,4.00269025793,0.480322830952,-7.1054273576e-15
0.01131,0.013752195275,4.00262185255,0.480314622306,0
0.01132,0.0136939315225,4.00255402086,0.480306482503,-7.1054273576e-15
0.01133,0.0136356888526,4.00248675991,0.48029841119,-1.42108547152e-14
0.01134,0.0135774694316,4.00242006677,0.480290408013,7.1054273576e-15
0.01135,0.0135192754033,4.00235393851,0.480282472622,0
0.01136,0.0134611088891,4.00228837221,0.480274604665,1.42108547152e-14
0.01137,0.0134029719881,4.00222336495,0.480266803794,0
0.01138,0.0133448667775,4.00215891382,0.480259069658,0
0.01139,0.0132867953123,4.00209501591,0.480251401909,7.1054273576e-15
0.0114,0.0132287596258,4.00203166833,0.4802438002,0
0.01141,0.0131707617296,4.00196886819,0.480236264183,7.1054273576e-15
0.01142,0.0131128036138,4.0019066126,0.480228793511,0
0.01143,0.0130548872469,4.00184489867,0.480221387841,0
0.01144,0.0129970145763,4.00178372355,0.480214046826,0
0.01145,0.0129391875281,4.00172308437,0.480206770124,1.42108547152e-14
0.01146,0.0128814080075,4.00166297826,0.480199557391,-7.1054273576e-15
0.01147,0.0128236778987,4.00160340237,0.480192408285,7.1054273576e-15
0.01148,0.0127659990652,4.00154435386,0.480185322464,-7.1054273576e-15
0.01149,0.0127083733498,4.0014858299,0.480178299588,0
0.0115,0.0126508025749,4.00142782764,0.480171339316,0
0.01151,0.0125932885424,4.00137034426,0.480164441311,0
0.01152,0.0125358330341,4.00131337695,0.480157605234,0
0.01153,0.0124784378115,4.00125692289,0.480150830747,7.1054273576e-15
0.01154,0.0124211046163,4.00120097928,0.480144117514,7.1054273576e-15
0.01155,0.0123638351702,4.00114554333,0.480137465199,7.1054273576e-15
0.01156,0.0123066311753,4.00109061224,0.480130873469,0
0.01157,0.0122494943139,4.00103618323,0.480124341988,-7.1054273576e-15
0.01158,0.012192426249,4.00098225353,0.480117870423,1.42108547152e-14
0.01159,0.0121354286243,4.00092882036,0.480111458444,7.1054273576e-15
0.0116,0.012078503064,4.00087588098,0.480105105717,7.1054273576e-15
0.01161,0.0120216511734,4.00082343261,0.480098811913,-7.1054273576e-15
0.01162,0.0119648745387,4.00077147253,0.480092576703,0
0.01163,0.0119081747275,4.00071999798,0.480086399757,-7.1054273576e-15
0.01164,0.0118515532884,4.00066900624,0.480080280749,-1.42108547152e-14
0.01165,0.0117950117515,4.00061849458,0.48007421935,-7.1054273576e-15
0.01166,0.0117385516284,4.0005684603,0.480068215235,0
0.01167,0.0116821744123,4.00051890067,0.48006226808,0
0.01168,0.0116258815782,4.00046981299,0.480056377559,0
0.01169,0.0115696745831,4.00042119459,0.48005054335,0
0.0117,0.0115135548657,4.00037304276,0.480044765131,7.1054273576e-15
0.01171,0.0114575238472,4.00032535483,0.480039042579,-7.1054273576e-15
0.01172,0.0114015829307,4.00027812813,0.480033375376,0
0.01173,0.0113457335018,4.00023136,0.4800277632,0
0.01174,0.0112899769288,4.00018504778,0.480022205733,7.1054273576e-15
0.01175,0.0112343145621,4.00013918882,0.480016702659,-7.1054273576e-15
0.01176,0.0111787477353,4.0000937805,0.480011253659,1.42108547152e-14
0.01177,0.0111232777646,4.00004882016,0.480005858419,-7.1054273576e-15
0.01178,0.0110679059492,4.0000043052,0.480000516624,7.1054273576e-15
0.01179,0.0110126335713,3.99996023299,0.479995227959,0
0.0118,0.0109574618964,3.99991660093,0.479989992112,0
0.01181,0.0109023921733,3.99987340642,0.479984808771,-7.1054273576e-15
0.01182,0.010847425634,3.99983064687,0.479979677624,0
0.01183,0.0107925634944,3.99978831969,0.479974598363,-7.1054273576e-15
0.01184,0.0107378069537,3.99974642231,0.479969570677,-7.1054273576e-15
0.01185,0.010683157195,3.99970495215,0.479964594259,-7.1054273576e-15
0.01186,0.0106286153853,3.99966390668,0.479959668801,0
0.01187,0.0105741826755,3.99962328332,0.479954793998,7.1054273576e-15
0.01188,0.0105198602007,3.99958307953,0.479949969544,-7.1054273576e-15
0.01189,0.0104656490802,3.9995432928,0.479945195135,-7.1054273576e-15
0.0119,0.0104115504176,3.99950392057,0.479940470469,-7.1054273576e-15
0.01191,0.0103575653007,3.99946496035,0.479935795242,-7.1054273576e-15
0.01192,0.0103036948023,3.99942640961,0.479931169153,0
0.01193,0.0102499399794,3.99938826586,0.479926591903,0
0.01194,0.0101963018742,3.9993505266,0.479922063192,0
0.01195,0.0101427815133,3.99931318935,0.479917582722,0
0.01196,0.0100893799086,3.99927625163,0.479913150196,-7.1054273576e-15
0.01197,0.0100360980571,3.99923971098,0.479908765317,-1.42108547152e-14
0.01198,0.00998293694079,3.99920356492,0.47990442779,7.1054273576e-15
0.01199,0.00992989752709,3.99916781102,0.479900137322,0
0.012,0.00987698076882,3.99913244682,0.479895893618,0
0.01201,0.00982418760431,3.99909746989,0.479891696387,7.1054273576e-15
0.01202,0.0097715189575,3.99906287781,0.479887545337,-7.1054273576e-15
0.01203,0.00971897573807,3.99902866816,0.479883440179,0
0.01204,0.00966655884152,3.99899483852,0.479879380622,2.13162820728e-14
0.01205,0.0096142691493,3.9989613865,0.47987536638,0
0.01206,0.00956210752888,3.99892830971,0.479871397165,0
0.01207,0.0095100748339,3.99889560575,0.47986747269,1.42108547152e-14
0.01208,0.00945817190423,3.99886327226,0.479863592671,7.1054273576e-15
0.01209,0.00940639956608,3.99883130687,0.479859756824,-7.1054273576e-15
0.0121,0.00935475863213,3.99879970721,0.479855964865,-7.1054273576e-15
0.01211,0.00930324990161,3.99876847094,0.479852216513,-1.42108547152e-14
0.01212,0.0092518741604,3.99873759572,0.479848511487,0
0.01213,0.00920063218113,3.99870707922,0.479844849506,-1.42108547152e-14
0.01214,0.00914952472329,3.9986769191,0.479841230292,0
0.01215,0.00909855253334,3.99864711306,0.479837653567,-7.1054273576e-15
0.01216,0.00904771634476,3.99861765878,0.479834119054,7.1054273576e-15
0.01217,0.00899701687822,3.99858855397,0.479830626477,7.1054273576e-15
0.01218,0.00894645484162,3.99855979634,0.479827175561,7.1054273576e-15
0.01219,0.00889603093021,3.99853138361,0.479823766033,0
0.0122,0.0088457458267,3.9985033135,0.479820397621,7.1054273576e-15
0.01221,0.00879560020133,3.99847558376,0.479817070051,7.1054273576e-15
0.01222,0.00874559471199,3.99844819211,0.479813783054,-7.1054273576e-15
0.01223,0.0086957300043,3.99842113633,0.47981053636,1.42108547152e-14
0.01224,0.00864600671172,3.99839441417,0.4798073297,-7.1054273576e-15
0.01225,0.00859642545564,3.99836802339,0.479804162807,-7.1054273576e-15
0.01226,0.00854698684546,3.99834196179,0.479801035415,1.42108547152e-14
0.01227,0.00849769147871,3.99831622715,0.479797947257,-7.1054273576e-15
0.01228,0.00844853994113,3.99829081725,0.479794898071,-7.1054273576e-15
0.01229,0.00839953280674,3.99826572992,0.479791887591,0
0.0123,0.00835067063799,3.99824096297,0.479788915556,0
0.01231,0.00830195398581,3.9982165142,0.479785981704,-7.1054273576e-15
0.01232,0.00825338338971,3.99819238147,0.479783085776,7.1054273576e-15
0.01233,0.00820495937786,3.9981685626,0.479780227512,7.1054273576e-15
0.01234,0.00815668246721,3.99814505545,0.479777406654,-1.42108547152e-14
0.01235,0.00810855316356,3.99812185788,0.479774622945,0
0.01236,0.00806057196166,3.99809896774,0.479771876129,-7.1054273576e-15
0.01237,0.0080127393453,3.99807638292,0.47976916595,0
0.01238,0.00796505578737,3.99805410129,0.479766492155,-7.1054273576e-15
0.01239,0.00791752175001,3.99803212076,0.479763854491,-2.13162820728e-14
0.0124,0.00787013768462,3.99801043921,0.479761252705,7.1054273576e-15
0.01241,0.00782290403203,3.99798905457,0.479758686548,0
0.01242,0.00777582122252,3.99796796474,0.479756155769,0
0.01243,0.00772888967595,3.99794716766,0.479753660119,-7.1054273576e-15
0.01244,0.00768210980183,3.99792666126,0.479751199351,-1.42108547152e-14
0.01245,0.00763548199939,3.99790644349,0.479748773218,7.1054273576e-15
0.01246,0.00758900665772,3.99788651229,0.479746381475,0
0.01247,0.00754268415578,3.99786686563,0.479744023876,0
0.01248,0.00749651486254,3.99784750148,0.479741700178,1.42108547152e-14
0.01249,0.00745049913706,3.99782841783,0.479739410139,7.1054273576e-15
0.0125,0.00740463732854,3.99780961264,0.479737153517,0
0.01251,0.00735892977645,3.99779108393,0.479734930072,0
0.01252,0.00731337681057,3.9977728297,0.479732739564,0
0.01253,0.0072679787511,3.99775484796,0.479730581755,-7.1054273576e-15
0.01254,0.00722273590874,3.99773713673,0.479728456408,-7.1054273576e-15
0.01255,0.00717764858475,3.99771969405,0.479726363286,-7.1054273576e-15
0.01256,0.00713271707107,3.99770251795,0.479724302154,0
0.01257,0.00708794165035,3.99768560649,0.479722272778,7.1054273576e-15
0.01258,0.0070433225961,3.99766895771,0.479720274925,-2.13162820728e-14
0.01259,0.00699886017268,3.99765256969,0.479718308362,0
0.0126,0.00695455463548,3.99763644049,0.479716372859,7.1054273576e-15
0.01261,0.00691040623091,3.99762056821,0.479714468185,0
0.01262,0.00686641519653,3.99760495092,0.479712594111,-1.42108547152e-14
0.01263,0.00682258176113,3.99758958674,0.479710750409,0
0.01264,0.00677890614478,3.99757447377,0.479708936853,0
0.01265,0.00673538855892,3.99755961013,0.479707153216,-7.1054273576e-15
0.01266,0.00669202920644,3.99754499394,0.479705399273,-7.1054273576e-15
0.01267,0.00664882828177,3.99753062334,0.4797036748,0
0.01268,0.00660578597093,3.99751649646,0.479701979575,0
0.01269,0.00656290245161,3.99750261147,0.479700313376,0
0.0127,0.00652017789328,3.99748896652,0.479698675982,7.1054273576e-15
0.01271,0.00647761245721,3.99747555977,0.479697067173,-7.1054273576e-15
0.01272,0.0064352062966,3.99746238941,0.479695486729,0
0.01273,0.0063929595566,3.99744945362,0.479693934435,-7.1054273576e-15
0.01274,0.00635087237444,3.9974367506,0.479692410072,1.42108547152e-14
0.01275,0.00630894487946,3.99742427854,0.479690913425,-7.1054273576e-15
0.01276,0.00626717719319,3.99741203566,0.479689444279,-7.1054273576e-15
0.01277,0.00622556942946,3.99740002017,0.479688002421,-1.42108547152e-14
0.01278,0.00618412169441,3.99738823031,0.479686587638,0
0.01279,0.00614283408662,3.99737666431,0.479685199717,0
0.0128,0.00610170669714,3.99736532041,0.47968383845,-7.1054273576e-15
0.01281,0.00606073960959,3.99735419687,0.479682503625,1.42108547152e-14
0.01282,0.00601993290021,3.99734329195,0.479681195034,-7.1054273576e-15
0.01283,0.00597928663795,3.99733260391,0.47967991247,-7.1054273576e-15
0.01284,0.00593880088452,3.99732213104,0.479678655725,-7.1054273576e-15
0.01285,0.00589847569446,3.99731187163,0.479677424595,0
0.01286,0.00585831111523,3.99730182396,0.479676218875,1.42108547152e-14
0.01287,0.00581830718726,3.99729198633,0.47967503836,-7.1054273576e-15
0.01288,0.00577846394403,3.99728235707,0.479673882849,-2.13162820728e-14
0.01289,0.00573878141213,3.99727293449,0.479672752139,-7.1054273576e-15
0.0129,0.00569925961131,3.99726371692,0.479671646031,-7.1054273576e-15
0.01291,0.0056598985546,3.99725470269,0.479670564323,7.1054273576e-15
0.01292,0.00562069824832,3.99724589016,0.479669506819,0
0.01293,0.00558165869217,3.99723727766,0.479668473319,0
0.01294,0.00554277987929,3.99722886356,0.479667463628,-7.1054273576e-15
0.01295,0.00550406179636,3.99722064624,0.479666477549,0
0.01296,0.00546550442361,3.99721262407,0.479665514888,-7.1054273576e-15
0.01297,0.00542710773491,3.99720479543,0.479664575451,-1.42108547152e-14
0.01298,0.00538887169784,3.99719715872,0.479663659046,-7.1054273576e-15
0.01299,0.00535079627375,3.99718971234,0.47966276548,-7.1054273576e-15
0.013,0.00531288141783,3.9971824547,0.479661894563,-7.1054273576e-15
0.01301,0.00527512707915,3.99717538421,0.479661046105,-7.1054273576e-15
0.01302,0.00523753320075,3.99716849931,0.479660219918,-2.13162820728e-14
0.01303,0.00520009971968,3.99716179843,0.479659415812,0
0.01304,0.00516282656708,3.99715528001,0.479658633602,0
0.01305,0.00512571366824,3.99714894251,0.479657873101,0
0.01306,0.00508876094264,3.99714278437,0.479657134124,-7.1054273576e-15
0.01307,0.00505196830405,3.99713680406,0.479656416488,-7.1054273576e-15
0.01308,0.00501533566053,3.99713100007,0.479655720009,0
0.01309,0.00497886291458,3.99712537087,0.479655044505,0
0.0131,0.0049425499631,3.99711991496,0.479654389795,0
0.01311,0.00490639669751,3.99711463083,0.479653755699,0
0.01312,0.00487040300382,3.99710951698,0.479653142038,-7.1054273576e-15
0.01313,0.00483456876263,3.99710457194,0.479652548632,-7.1054273576e-15
0.01314,0.00479889384924,3.99709979422,0.479651975306,-1.42108547152e-14
0.01315,0.0047633781337,3.99709518236,0.479651421883,-7.1054273576e-15
0.01316,0.00472802148083,3.99709073488,0.479650888186,-7.1054273576e-15
0.01317,0.00469282375034,3.99708645035,0.479650374042,0
0.01318,0.00465778479683,3.99708232731,0.479649879277,0
0.01319,0.00462290446988,3.99707836432,0.479649403719,7.1054273576e-15
0.0132,0.00458818261408,3.99707455996,0.479648947195,0
0.01321,0.00455361906913,3.99707091279,0.479648509535,-1.42108547152e-14
0.01322,0.00451921366983,3.9970674214,0.479648090569,7.1054273576e-15
0.01323,0.00448496624621,3.9970640844,0.479647690128,7.1054273576e-15
0.01324,0.00445087662351,3.99706090037,0.479647308044,1.42108547152e-14
0.01325,0.0044169446223,3.99705786792,0.47964694415,0
0.01326,0.00438317005849,3.99705498567,0.47964659828,0
0.01327,0.00434955274341,3.99705225224,0.479646270269,-7.1054273576e-15
0.01328,0.00431609248384,3.99704966627,0.479645959952,-1.42108547152e-14
0.01329,0.00428278908209,3.99704722639,0.479645667166,-7.1054273576e-15
0.0133,0.00424964233601,3.99704493124,0.479645391749,0
0.01331,0.0042166520391,3.99704277949,0.479645133539,1.42108547152e-14
0.01332,0.00418381798053,3.99704076979,0.479644892374,7.1054273576e-15
0.01333,0.00415113994518,3.9970389008,0.479644668097,0
0.01334,0.0041186177137,3.99703717122,0.479644460546,0
0.01335,0.00408625106259,3.99703557971,0.479644269566,-7.1054273576e-15
0.01336,0.00405403976422,3.99703412498,0.479644094997,-1.42108547152e-14
0.01337,0.00402198358687,3.99703280571,0.479643936685,0
0.01338,0.00399008229481,3.99703162062,0.479643794475,7.1054273576e-15
0.01339,0.00395833564833,3.99703056842,0.47964366821,0
0.0134,0.00392674340382,3.99702964783,0.479643557739,0
0.01341,0.00389530531377,3.99702885757,0.479643462909,1.42108547152e-14
0.01342,0.00386402112685,3.99702819639,0.479643383567,-7.1054273576e-15
0.01343,0.00383289058795,3.99702766302,0.479643319563,2.13162820728e-14
0.01344,0.00380191343824,3.99702725622,0.479643270746,0
0.01345,0.0037710894152,3.99702697474,0.479643236969,0
0.01346,0.00374041825268,3.99702681735,0.479643218081,0
0.01347,0.00370989968093,3.99702678281,0.479643213937,7.1054273576e-15
0.01348,0.00367953342668,3.99702686991,0.47964322439,0
0.01349,0.00364931921314,3.99702707744,0.479643249293,-7.1054273576e-15
0.0135,0.00361925676009,3.99702740418,0.479643288502,-7.1054273576e-15
0.01351,0.00358934578391,3.99702784895,0.479643341874,7.1054273576e-15
0.01352,0.0035595859976,3.99702841053,0.479643409264,7.1054273576e-15
0.01353,0.00352997711088,3.99702908776,0.479643490531,7.1054273576e-15
0.01354,0.00350051883017,3.99702987945,0.479643585534,0
0.01355,0.00347121085869,3.99703078442,0.479643694131,7.1054273576e-15
0.01356,0.00344205289646,3.99703180153,0.479643816183,7.1054273576e-15
0.01357,0.0034130446404,3.9970329296,0.479643951552,0
0.01358,0.00338418578429,3.99703416749,0.479644100099,0
0.01359,0.00335547601891,3.99703551406,0.479644261687,0
0.0136,0.00332691503201,3.99703696817,0.47964443618,0
0.01361,0.00329850250837,3.99703852868,0.479644623442,1.42108547152e-14
0.01362,0.00327023812986,3.99704019449,0.479644823338,0
0.01363,0.00324212157549,3.99704196446,0.479645035736,-1.42108547152e-14
0.01364,0.00321415252139,3.9970438375,0.4796452605,0
0.01365,0.00318633064094,3.9970458125,0.4796454975,2.13162820728e-14
0.01366,0.00315865560474,3.99704788837,0.479645746604,0
0.01367,0.00313112708068,3.99705006401,0.479646007681,0
0.01368,0.00310374473398,3.99705233835,0.479646280602,7.1054273576e-15
0.01369,0.00307650822724,3.99705471031,0.479646565237,7.1054273576e-15
0.0137,0.00304941722045,3.99705717883,0.479646861459,7.1054273576e-15
0.01371,0.00302247137105,3.99705974283,0.47964716914,7.1054273576e-15
0.01372,0.00299567033397,3.99706240128,0.479647488153,7.1054273576e-15
0.01373,0.00296901376167,3.99706515311,0.479647818373,-7.1054273576e-15
0.01374,0.00294250130417,3.99706799729,0.479648159675,0
0.01375,0.00291613260909,3.99707093278,0.479648511934,-1.42108547152e-14
0.01376,0.00288990732171,3.99707395856,0.479648875027,-7.1054273576e-15
0.01377,0.00286382508495,3.9970770736,0.479649248832,0
0.01378,0.00283788553949,3.99708027689,0.479649633226,0
0.01379,0.00281208832375,3.99708356741,0.479650028089,0
0.0138,0.00278643307391,3.99708694417,0.479650433301,7.1054273576e-15
0.01381,0.00276091942404,3.99709040617,0.479650848741,0
0.01382,0.00273554700601,3.99709395243,0.479651274291,-7.1054273576e-15
0.01383,0.00271031544964,3.99709758195,0.479651709834,0
0.01384,0.00268522438266,3.99710129376,0.479652155251,7.1054273576e-15
0.01385,0.00266027343078,3.99710508689,0.479652610427,-7.1054273576e-15
0.01386,0.00263546221773,3.99710896038,0.479653075246,7.1054273576e-15
0.01387,0.00261079036526,3.99711291327,0.479653549593,0
0.01388,0.00258625749322,3.99711694461,0.479654033353,-7.1054273576e-15
0.01389,0.00256186321955,3.99712105345,0.479654526414,-7.1054273576e-15
0.0139,0.00253760716036,3.99712523886,0.479655028663,0
0.01391,0.00251348892994,3.9971294999,0.479655539988,0
0.01392,0.00248950814077,3.99713383564,0.479656060277,-7.1054273576e-15
0.01393,0.00246566440361,3.99713824517,0.47965658942,-7.1054273576e-15
0.01394,0.00244195732748,3.99714272757,0.479657127308,-7.1054273576e-15
0.01395,0.00241838651973,3.99714728193,0.479657673832,0
0.01396,0.00239495158604,3.99715190736,0.479658228883,0
0.01397,0.00237165213049,3.99715660295,0.479658792354,-7.1054273576e-15
0.01398,0.00234848775556,3.99716136782,0.479659364138,-7.1054273576e-15
0.01399,0.00232545806219,3.99716620108,0.479659944129,1.42108547152e-14
0.014,0.00230256264976,3.99717110185,0.479660532222,7.1054273576e-15
0.01401,0.00227980111621,3.99717606927,0.479661128312,0
0.01402,0.00225717305797,3.99718110246,0.479661732295,0
0.01403,0.00223467807008,3.99718620057,0.479662344069,7.1054273576e-15
0.01404,0.00221231574616,3.99719136275,0.47966296353,7.1054273576e-15
0.01405,0.00219008567845,3.99719658814,0.479663590576,0
0.01406,0.00216798745788,3.9972018759,0.479664225108,1.42108547152e-14
0.01407,0.00214602067406,3.9972072252,0.479664867024,-1.42108547152e-14
0.01408,0.00212418491531,3.99721263521,0.479665516225,-7.1054273576e-15
0.01409,0.00210247976871,3.99721810509,0.479666172611,2.13162820728e-14
0.0141,0.00208090482013,3.99722363405,0.479666836085,7.1054273576e-15
0.01411,0.00205945965423,3.99722922125,0.479667506549,-2.13162820728e-14
0.01412,0.00203814385453,3.99723486589,0.479668183906,0
0.01413,0.00201695700339,3.99724056717,0.47966886806,7.1054273576e-15
0.01414,0.00199589868209,3.9972463243,0.479669558915,0
0.01415,0.00197496847082,3.99725213647,0.479670256377,-7.1054273576e-15
0.01416,0.00195416594872,3.99725800292,0.479670960351,-7.1054273576e-15
0.01417,0.00193349069392,3.99726392286,0.479671670743,-7.1054273576e-15
0.01418,0.00191294228353,3.99726989551,0.479672387461,7.1054273576e-15
0.01419,0.00189252029373,3.99727592011,0.479673110413,-1.42108547152e-14
0.0142,0.00187222429973,3.99728199589,0.479673839507,0
0.01421,0.00185205387584,3.99728812211,0.479674574653,0
0.01422,0.00183200859547,3.99729429799,0.479675315759,1.42108547152e-14
0.01423,0.0018120880312,3.99730052281,0.479676062737,0
0.01424,0.00179229175474,3.99730679581,0.479676815498,-1.42108547152e-14
0.01425,0.00177261933701,3.99731311627,0.479677573953,0
0.01426,0.00175307034813,3.99731948345,0.479678338015,-7.1054273576e-15
0.01427,0.00173364435749,3.99732589663,0.479679107596,0
0.01428,0.00171434093373,3.99733235509,0.479679882611,-7.1054273576e-15
0.01429,0.00169515964477,3.99733885812,0.479680662974,7.1054273576e-15
0.0143,0.00167610005787,3.997345405,0.4796814486,7.1054273576e-15
0.01431,0.00165716173962,3.99735199503,0.479682239404,1.42108547152e-14
0.01432,0.00163834425597,3.99735862752,0.479683035303,0
0.01433,0.00161964717227,3.99736530178,0.479683836213,7.1054273576e-15
0.01434,0.00160107005327,3.9973720171,0.479684642052,0
0.01435,0.00158261246318,3.99737877282,0.479685452738,0
0.01436,0.00156427396564,3.99738556825,0.47968626819,-7.1054273576e-15
0.01437,0.0015460541238,3.99739240272,0.479687088326,0
0.01438,0.0015279525003,3.99739927557,0.479687913068,0
0.01439,0.00150996865731,3.99740618612,0.479688742335,-7.1054273576e-15
0.0144,0.00149210215656,3.99741313374,0.479689576048,0
0.01441,0.00147435255934,3.99742011775,0.47969041413,7.1054273576e-15
0.01442,0.00145671942655,3.99742713752,0.479691256503,7.1054273576e-15
0.01443,0.00143920231871,3.99743419241,0.479692103089,0
0.01444,0.00142180079597,3.99744128177,0.479692953812,7.1054273576e-15
0.01445,0.00140451441813,3.99744840498,0.479693808597,-7.1054273576e-15
0.01446,0.0013873427447,3.9974555614,0.479694667368,-7.1054273576e-15
0.01447,0.00137028533488,3.99746275041,0.47969553005,-1.42108547152e-14
0.01448,0.00135334174759,3.99746997141,0.479696396569,0
0.01449,0.00133651154149,3.99747722376,0.479697266851,0
0.0145,0.00131979427504,3.99748450687,0.479698140825,-7.1054273576e-15
0.01451,0.00130318950644,3.99749182014,0.479699018417,-7.1054273576e-15
0.01452,0.00128669679372,3.99749916296,0.479699899555,-7.1054273576e-15
0.01453,0.00127031569475,3.99750653474,0.479700784168,0
0.01454,0.00125404576721,3.99751393489,0.479701672187,0
0.01455,0.00123788656869,3.99752136283,0.479702563539,7.1054273576e-15
0.01456,0.00122183765662,3.99752881798,0.479703458157,-1.42108547152e-14
0.01457,0.00120589858836,3.99753629976,0.479704355971,0
0.01458,0.0011900689212,3.9975438076,0.479705256912,7.1054273576e-15
0.01459,0.00117434821235,3.99755134094,0.479706160913,0
0.0146,0.00115873601899,3.99755889922,0.479707067906,-7.1054273576e-15
0.01461,0.00114323189829,3.99756648188,0.479707977825,-7.1054273576e-15
0.01462,0.0011278354074,3.99757408836,0.479708890603,7.1054273576e-15
0.01463,0.0011125461035,3.99758171813,0.479709806175,7.1054273576e-15
0.01464,0.0010973635438,3.99758937063,0.479710724476,0
0.01465,0.00108228728554,3.99759704533,0.47971164544,0
0.01466,0.00106731688607,3.9976047417,0.479712569004,0
0.01467,0.00105245190279,3.99761245921,0.479713495105,1.42108547152e-14
0.01468,0.00103769189322,3.99762019732,0.479714423678,0
0.01469,0.00102303641499,3.99762795552,0.479715354663,-7.1054273576e-15
0.0147,0.00100848502588,3.9976357333,0.479716287996,-1.42108547152e-14
0.01471,0.00099403728382,3.99764353014,0.479717223617,0
0.01472,0.000979692746905,3.99765134553,0.479718161464,0
0.01473,0.00096545097342,3.99765917898,0.479719101477,-1.42108547152e-14
0.01474,0.000951311521854,3.99766702997,0.479720043597,-7.1054273576e-15
0.01475,0.000937273950911,3.99767489802,0.479720987763,-1.42108547152e-14
0.01476,0.000923337819535,3.99768278264,0.479721933916,0
0.01477,0.000909502686915,3.99769068333,0.479722882,0
0.01478,0.000895768112509,3.99769859962,0.479723831955,-7.1054273576e-15
0.01479,0.000882133656057,3.99770653103,0.479724783724,1.42108547152e-14
0.0148,0.000868598877592,3.99771447708,0.47972573725,7.1054273576e-15
0.01481,0.000855163337461,3.99772243731,0.479726692478,0
0.01482,0.000841826596336,3.99773041125,0.47972764935,1.42108547152e-14
0.01483,0.000828588215229,3.99773839843,0.479728607812,-1.42108547152e-14
0.01484,0.00081544775551,3.99774639841,0.479729567809,-7.1054273576e-15
0.01485,0.000802404778917,3.99775441072,0.479730529286,-1.42108547152e-14
0.01486,0.000789458847571,3.99776243491,0.47973149219,0
0.01487,0.000776609523992,3.99777047055,0.479732456466,-7.1054273576e-15
0.01488,0.000763856371113,3.99777851719,0.479733422062,0
0.01489,0.00075119895229,3.99778657438,0.479734388926,0
0.0149,0.00073863683132,3.99779464171,0.479735357005,-7.1054273576e-15
0.01491,0.000726169572452,3.99780271873,0.479736326247,0
0.01492,0.000713796740401,3.99781080502,0.479737296603,-7.1054273576e-15
0.01493,0.000701517900361,3.99781890016,0.47973826802,0
0.01494,0.000689332618018,3.99782700374,0.479739240448,-7.1054273576e-15
0.01495,0.000677240459562,3.99783511533,0.479740213839,0
0.01496,0.000665240991701,3.99784323452,0.479741188143,-7.1054273576e-15
0.01497,0.000653333781673,3.99785136092,0.47974216331,0
0.01498,0.000641518397258,3.99785949411,0.479743139293,-7.1054273576e-15
0.01499,0.000629794406792,3.9978676337,0.479744116044,0
0.015,0.000618161379176,3.99787577929,0.479745093514,7.1054273576e-15
0.01501,0.00060661888389,3.99788393048,0.479746071658,0
0.01502,0.000595166491005,3.9978920869,0.479747050428,-7.1054273576e-15
0.01503,0.000583803771193,3.99790024816,0.479748029779,-7.1054273576e-15
0.01504,0.000572530295741,3.99790841386,0.479749009664,-7.1054273576e-15
0.01505,0.00056134563656,3.99791658365,0.479749990038,0
0.01506,0.000550249366198,3.99792475714,0.479750970857,1.42108547152e-14
0.01507,0.000539241057849,3.99793293396,0.479751952075,-7.1054273576e-15
0.01508,0.000528320285368,3.99794111375,0.47975293365,0
0.01509,0.000517486623275,3.99794929614,0.479753915537,-7.1054273576e-15
0.0151,0.000506739646774,3.99795748078,0.479754897693,-7.1054273576e-15
0.01511,0.000496078931757,3.9979656673,0.479755880076,0
0.01512,0.000485504054818,3.99797385535,0.479756862642,7.1054273576e-15
0.01513,0.000475014593262,3.9979820446,0.479757845351,7.1054273576e-15
0.01514,0.000464610125114,3.99799023468,0.479758828161,0
0.01515,0.000454290229132,3.99799842525,0.479759811031,-7.1054273576e-15
0.01516,0.000444054484814,3.99800661599,0.479760793919,-7.1054273576e-15
0.01517,0.00043390247241,3.99801480655,0.479761776786,-1.42108547152e-14
0.01518,0.000423833772931,3.99802299659,0.479762759591,-1.42108547152e-14
0.01519,0.000413847968157,3.9980311858,0.479763742296,0
0.0152,0.000403944640649,3.99803937384,0.479764724861,0
0.01521,0.000394123373755,3.9980475604,0.479765707248,0
0.01522,0.000384383751622,3.99805574515,0.479766689418,7.1054273576e-15
0.01523,0.000374725359206,3.99806392777,0.479767671333,0
0.01524,0.000365147782276,3.99807210796,0.479768652956,-7.1054273576e-15
0.01525,0.000355650607426,3.99808028541,0.479769634249,0
0.01526,0.000346233422086,3.9980884598,0.479770615176,0
0.01527,0.000336895814525,3.99809663084,0.479771595701,7.1054273576e-15
0.01528,0.000327637373865,3.99810479823,0.479772575787,-7.1054273576e-15
0.01529,0.000318457690084,3.99811296166,0.4797735554,0
0.0153,0.000309356354028,3.99812112085,0.479774534502,-7.1054273576e-15
0.01531,0.00030033295742,3.99812927551,0.479775513061,-7.1054273576e-15
0.01532,0.000291387092861,3.99813742534,0.479776491041,-1.42108547152e-14
0.01533,0.000282518353848,3.99814557006,0.479777468408,7.1054273576e-15
0.01534,0.000273726334774,3.9981537094,0.479778445128,-2.13162820728e-14
0.01535,0.000265010630936,3.99816184307,0.479779421168,0
0.01536,0.000256370838548,3.99816997079,0.479780396495,7.1054273576e-15
0.01537,0.000247806554743,3.9981780923,0.479781371076,-7.1054273576e-15
0.01538,0.000239317377584,3.99818620733,0.479782344879,0
0.01539,0.000230902906066,3.9981943156,0.479783317872,-1.42108547152e-14
0.0154,0.000222562740129,3.99820241686,0.479784290023,0
0.01541,0.000214296480663,3.99821051084,0.479785261301,0
0.01542,0.000206103729511,3.99821859729,0.479786231675,-1.42108547152e-14
0.01543,0.000197984089482,3.99822667596,0.479787201115,-7.1054273576e-15
0.01544,0.000189937164353,3.99823474658,0.479788169589,-7.1054273576e-15
0.01545,0.000181962558877,3.99824280891,0.479789137069,0
0.01546,0.00017405987879,3.99825086271,0.479790103525,1.42108547152e-14
0.01547,0.000166228730816,3.99825890772,0.479791068927,-7.1054273576e-15
0.01548,0.000158468722676,3.99826694372,0.479792033246,-7.1054273576e-15
0.01549,0.000150779463089,3.99827497046,0.479792996455,7.1054273576e-15
0.0155,0.000143160561784,3.9982829877,0.479793958524,-7.1054273576e-15
0.01551,0.0001356116295,3.99829099522,0.479794919426,7.1054273576e-15
0.01552,0.000128132277998,3.99829899278,0.479795879134,7.1054273576e-15
0.01553,0.000120722120061,3.99830698016,0.479796837619,7.1054273576e-15
0.01554,0.000113380769503,3.99831495713,0.479797794855,0
0.01555,0.000106107841173,3.99832292347,0.479798750816,1.42108547152e-14
0.01556,9.8902950963e-05,3.99833087896,0.479799705475,-7.1054273576e-15
0.01557,9.17657158086e-05,3.99833882338,0.479800658806,-1.42108547152e-14
0.01558,8.46957536983e-05,3.99834675653,0.479801610783,0
0.01559,7.76926836772e-05,3.99835467818,0.479802561382,-7.1054273576e-15
0.0156,7.0756125852e-05,3.99836258813,0.479803510576,7.1054273576e-15
0.01561,6.38857013958e-05,3.99837048618,0.479804458342,0
0.01562,5.70810325533e-05,3.99837837212,0.479805404654,-7.1054273576e-15
0.01563,5.03417426454e-05,3.99838624575,0.479806349489,7.1054273576e-15
0.01564,4.36674560738e-05,3.99839410686,0.479807292823,0
0.01565,3.70577983257e-05,3.99840195527,0.479808234633,-7.1054273576e-15
0.01566,3.0512395978e-05,3.99840979078,0.479809174894,-7.1054273576e-15
0.01567,2.40308767022e-05,3.9984176132,0.479810113584,0
0.01568,1.76128692681e-05,3.99842542234,0.479811050681,7.1054273576e-15
0.01569,1.12580035483e-05,3.99843321801,0.479811986162,0
0.0157,4.96591052266e-06,3.99844100004,0.479812920004,-7.1054273576e-15
0.01571,-1.26377771836e-06,3.99844876823,0.479813852187,-7.1054273576e-15
0.01572,-7.43142796918e-06,3.9984565224,0.479814782689,0
0.01573,-1.35374059055e-05,3.9984642624,0.479815711487,0
0.01574,-1.95820760804e-05,3.99847198802,0.479816638563,-7.1054273576e-15
0.01575,-2.55658019207e-05,3.99847969911,0.479817563894,0
0.01576,-3.14889457234e-05,3.9984873955,0.47981848746,7.1054273576e-15
0.01577,-3.73518686519e-05,3.99849507702,0.479819409242,-7.1054273576e-15
0.01578,-4.31549307328e-05,3.99850274349,0.479820329219,0
0.01579,-4.88984908524e-05,3.99851039477,0.479821247372,7.1054273576e-15
0.0158,-5.45829067535e-05,3.99851803068,0.479822163681,0
0.01581,-6.02085350321e-05,3.99852565107,0.479823078128,0
0.01582,-6.57757311342e-05,3.99853325578,0.479823990694,7.1054273576e-15
0.01583,-7.12848493529e-05,3.99854084467,0.47982490136,0
0.01584,-7.67362428254e-05,3.99854841757,0.479825810108,-7.1054273576e-15
0.01585,-8.21302635298e-05,3.99855597433,0.47982671692,1.42108547152e-14
0.01586,-8.74672622829e-05,3.99856351482,0.479827621778,-1.42108547152e-14
0.01587,-9.27475887367e-05,3.99857103887,0.479828524665,7.1054273576e-15
0.01588,-9.79715913763e-05,3.99857854636,0.479829425563,-1.42108547152e-14
0.01589,-0.000103139617517,3.99858603714,0.479830324456,0
0.0159,-0.000108252013302,3.99859351106,0.479831221327,-1.42108547152e-14
0.01591,-0.000113309123699,3.998600968,0.479832116159,-7.1054273576e-15
0.01592,-0.000118311292499,3.99860840781,0.479833008937,7.1054273576e-15
0.01593,-0.000123258862316,3.99861583036,0.479833899644,7.1054273576e-15
0.01594,-0.000128152174578,3.99862323553,0.479834788264,-7.1054273576e-15
0.01595,-0.000132991569532,3.99863062318,0.479835674782,0
0.01596,-0.000137777386238,3.99863799319,0.479836559183,0
0.01597,-0.000142509962569,3.99864534543,0.479837441451,-7.1054273576e-15
0.01598,-0.000147189635208,3.99865267978,0.479838321573,2.13162820728e-14
0.01599,-0.000151816739645,3.99865999611,0.479839199533,-1.42108547152e-14
0.016,-0.000156391610178,3.99866729431,0.479840075317,0
0.01601,-0.000160914579907,3.99867457426,0.479840948911,0
0.01602,-0.000165385980739,3.99868183584,0.479841820301,1.42108547152e-14
0.01603,-0.000169806143377,3.99868907895,0.479842689474,7.1054273576e-15
0.01604,-0.000174175397329,3.99869630347,0.479843556416,0
0.01605,-0.000178494070899,3.99870350928,0.479844421114,7.1054273576e-15
0.01606,-0.000182762491185,3.99871069629,0.479845283555,-7.1054273576e-15
0.01607,-0.000186980984085,3.99871786439,0.479846143726,0
0.01608,-0.000191149874289,3.99872501346,0.479847001615,0
0.01609,-0.00019526948528,3.99873214342,0.47984785721,0
0.0161,-0.000199340139332,3.99873925415,0.479848710498,0
0.01611,-0.00020336215751,3.99874634556,0.479849561468,0
0.01612,-0.000207335859669,3.99875341756,0.479850410107,0
0.01613,-0.000211261564452,3.99876047004,0.479851256405,1.42108547152e-14
0.01614,-0.00021513958929,3.99876750292,0.47985210035,2.13162820728e-14
0.01615,-0.0002189702504,3.9987745161,0.479852941932,0
0.01616,-0.000222753862784,3.99878150949,0.479853781139,0
0.01617,-0.000226490740232,3.99878848301,0.479854617961,-7.1054273576e-15
0.01618,-0.000230181195316,3.99879543656,0.479855452387,-7.1054273576e-15
0.01619,-0.000233825539391,3.99880237006,0.479856284408,0
0.0162,-0.000237424082597,3.99880928344,0.479857114012,-7.1054273576e-15
0.01621,-0.000240977133856,3.99881617659,0.479857941191,7.1054273576e-15
0.01622,-0.000244485000871,3.99882304946,0.479858765935,0
0.01623,-0.000247947990128,3.99882990195,0.479859588234,0
0.01624,-0.000251366406893,3.998836734,0.47986040808,7.1054273576e-15
0.01625,-0.000254740555215,3.99884354552,0.479861225462,7.1054273576e-15
0.01626,-0.00025807073792,3.99885033644,0.479862040373,0
0.01627,-0.000261357256619,3.9988571067,0.479862852804,0
0.01628,-0.000264600411699,3.99886385621,0.479863662745,-7.1054273576e-15
0.01629,-0.000267800502329,3.99887058492,0.47986447019,7.1054273576e-15
0.0163,-0.000270957826459,3.99887729274,0.479865275129,0
0.01631,-0.000274072680817,3.99888397963,0.479866077556,0
0.01632,-0.000277145360914,3.99889064551,0.479866877461,0
0.01633,-0.000280176161037,3.99889729032,0.479867674838,7.1054273576e-15
0.01634,-0.000283165374256,3.99890391399,0.479868469679,-7.1054273576e-15
0.01635,-0.000286113292422,3.99891051648,0.479869261978,-7.1054273576e-15
0.01636,-0.000289020206165,3.99891709772,0.479870051726,7.1054273576e-15
0.01637,-0.000291886404898,3.99892365765,0.479870838917,-1.42108547152e-14
0.01638,-0.000294712176812,3.99893019621,0.479871623546,-7.1054273576e-15
0.01639,-0.000297497808883,3.99893671336,0.479872405604,7.1054273576e-15
0.0164,-0.000300243586867,3.99894320904,0.479873185085,7.1054273576e-15
0.01641,-0.000302949795304,3.9989496832,0.479873961985,1.42108547152e-14
0.01642,-0.000305616717515,3.99895613579,0.479874736295,7.1054273576e-15
0.01643,-0.000308244635608,3.99896256676,0.479875508012,-1.42108547152e-14
0.01644,-0.000310833830472,3.99896897607,0.479876277128,0
0.01645,-0.000313384581781,3.99897536366,0.479877043639,-7.1054273576e-15
0.01646,-0.000315897167998,3.99898172949,0.479877807539,7.1054273576e-15
0.01647,-0.000318371866367,3.99898807353,0.479878568823,-7.1054273576e-15
0.01648,-0.000320808952923,3.99899439572,0.479879327486,-7.1054273576e-15
0.01649,-0.000323208702488,3.99900069603,0.479880083523,1.42108547152e-14
0.0165,-0.000325571388671,3.99900697442,0.47988083693,0
0.01651,-0.000327897283872,3.99901323084,0.479881587701,0
0.01652,-0.000330186659282,3.99901946527,0.479882335833,0
0.01653,-0.000332439784883,3.99902567767,0.479883081321,-7.1054273576e-15
0.01654,-0.000334656929448,3.999031868,0.47988382416,7.1054273576e-15
0.01655,-0.000336838360544,3.99903803624,0.479884564348,0
0.01656,-0.000338984344536,3.99904418234,0.479885301881,0
0.01657,-0.000341095146579,3.99905030628,0.479886036753,-7.1054273576e-15
0.01658,-0.00034317103063,3.99905640803,0.479886768963,0
0.01659,-0.000345212259441,3.99906248756,0.479887498507,0
0.0166,-0.000347219094565,3.99906854484,0.479888225381,0
0.01661,-0.000349191796354,3.99907457985,0.479888949582,0
0.01662,-0.000351130623964,3.99908059257,0.479889671108,0
0.01663,-0.000353035835353,3.99908658296,0.479890389956,0
0.01664,-0.000354907687283,3.99909255102,0.479891106122,-7.1054273576e-15
0.01665,-0.000356746435324,3.99909849671,0.479891819605,-7.1054273576e-15
0.01666,-0.000358552333852,3.99910442002,0.479892530402,7.1054273576e-15
0.01667,-0.000360325636052,3.99911032092,0.479893238511,-7.1054273576e-15
0.01668,-0.000362066593921,3.99911619941,0.479893943929,1.42108547152e-14
0.01669,-0.000363775458267,3.99912205545,0.479894646655,0
0.0167,-0.000365452478712,3.99912788905,0.479895346686,7.1054273576e-15
0.01671,-0.000367097903692,3.99913370018,0.479896044022,-7.1054273576e-15
0.01672,-0.000368711980462,3.99913948883,0.479896738659,0
0.01673,-0.000370294955094,3.99914525498,0.479897430598,7.1054273576e-15
0.01674,-0.000371847072482,3.99915099863,0.479898119836,-7.1054273576e-15
0.01675,-0.000373368576342,3.99915671977,0.479898806372,7.1054273576e-15
0.01676,-0.000374859709211,3.99916241838,0.479899490206,-7.1054273576e-15
0.01677,-0.000376320712456,3.99916809446,0.479900171335,0
0.01678,-0.000377751826267,3.999173748,0.47990084976,0
0.01679,-0.000379153289668,3.99917937899,0.479901525479,0
0.0168,-0.000380525340511,3.99918498744,0.479902198492,1.42108547152e-14
0.01681,-0.000381868215482,3.99919057332,0.479902868798,0
0.01682,-0.000383182150103,3.99919613665,0.479903536398,-7.1054273576e-15
0.01683,-0.000384467378733,3.99920167741,0.479904201289,0
0.01684,-0.000385724134569,3.99920719561,0.479904863473,-1.42108547152e-14
0.01685,-0.00038695264965,3.99921269125,0.47990552295,-7.1054273576e-15
0.01686,-0.000388153154858,3.99921816432,0.479906179718,-7.1054273576e-15
0.01687,-0.000389325879922,3.99922361483,0.47990683378,7.1054273576e-15
0.01688,-0.000390471053416,3.99922904278,0.479907485134,0
0.01689,-0.000391588902766,3.99923444817,0.479908133781,7.1054273576e-15
0.0169,-0.000392679654246,3.99923983101,0.479908779721,0
0.01691,-0.000393743532989,3.9992451913,0.479909422956,7.1054273576e-15
0.01692,-0.00039478076298,3.99925052905,0.479910063486,7.1054273576e-15
0.01693,-0.000395791567065,3.99925584426,0.479910701311,-1.42108547152e-14
0.01694,-0.00039677616695,3.99926113694,0.479911336433,0
0.01695,-0.000397734783204,3.9992664071,0.479911968852,0
0.01696,-0.00039866763526,3.99927165475,0.47991259857,0
0.01697,-0.000399574941421,3.9992768799,0.479913225588,-7.1054273576e-15
0.01698,-0.000400456918858,3.99928208256,0.479913849907,-1.42108547152e-14
0.01699,-0.000401313783616,3.99928726273,0.479914471528,-7.1054273576e-15
0.017,-0.000402145750614,3.99929242044,0.479915090453,0
0.01701,-0.000402953033648,3.9992975557,0.479915706684,-7.1054273576e-15
0.01702,-0.000403735845394,3.99930266851,0.479916320222,0
0.01703,-0.00040449439741,3.99930775891,0.479916931069,-7.1054273576e-15
0.01704,-0.000405228900139,3.99931282689,0.479917539226,0
0.01705,-0.000405939562911,3.99931787247,0.479918144697,-1.42108547152e-14
0.01706,-0.000406626593946,3.99932289568,0.479918747482,0
0.01707,-0.000407290200356,3.99932789654,0.479919347584,0
0.01708,-0.000407930588147,3.99933287505,0.479919945006,0
0.01709,-0.000408547962223,3.99933783124,0.479920539748,0
0.0171,-0.000409142526389,3.99934276512,0.479921131815,7.1054273576e-15
0.01711,-0.000409714483352,3.99934767673,0.479921721208,0
0.01712,-0.000410264034723,3.99935256608,0.47992230793,0
0.01713,-0.000410791381023,3.99935743319,0.479922891983,-7.1054273576e-15
0.01714,-0.000411296721682,3.99936227809,0.47992347337,0
0.01715,-0.000411780255045,3.99936710079,0.479924052095,0
0.01716,-0.000412242178372,3.99937190133,0.479924628159,-7.1054273576e-15
0.01717,-0.000412682687842,3.99937667972,0.479925201567,7.1054273576e-15
0.01718,-0.000413101978555,3.999381436,0.47992577232,0
0.01719,-0.000413500244537,3.99938617019,0.479926340423,-1.42108547152e-14
0.0172,-0.000413877678739,3.99939088231,0.479926905877,0
0.01721,-0.000414234473044,3.9993955724,0.479927468688,7.1054273576e-15
0.01722,-0.000414570818266,3.99940024047,0.479928028857,-7.1054273576e-15
0.01723,-0.000414886904156,3.99940488657,0.479928586388,-1.42108547152e-14
0.01724,-0.000415182919403,3.99940951071,0.479929141285,-7.1054273576e-15
0.01725,-0.000415459051637,3.99941411293,0.479929693552,-7.1054273576e-15
0.01726,-0.000415715487431,3.99941869326,0.479930243192,7.1054273576e-15
0.01727,-0.000415952412308,3.99942325174,0.479930790208,0
0.01728,-0.000416170010739,3.99942778838,0.479931334605,-7.1054273576e-15
0.01729,-0.000416368466148,3.99943230322,0.479931876387,7.1054273576e-15
0.0173,-0.000416547960916,3.9994367963,0.479932415556,7.1054273576e-15
0.01731,-0.00041670867638,3.99944126765,0.479932952119,-1.42108547152e-14
0.01732,-0.000416850792843,3.99944571731,0.479933486077,7.1054273576e-15
0.01733,-0.000416974489569,3.9994501453,0.479934017436,0
0.01734,-0.000417079944792,3.99945455166,0.4799345462,0
0.01735,-0.000417167335715,3.99945893643,0.479935072372,0
0.01736,-0.000417236838517,3.99946329965,0.479935595958,-2.84217094304e-14
0.01737,-0.000417288628351,3.99946764134,0.479936116961,7.1054273576e-15
0.01738,-0.000417322879351,3.99947196156,0.479936635387,7.1054273576e-15
0.01739,-0.000417339764636,3.99947626032,0.479937151239,-7.1054273576e-15
0.0174,-0.000417339456306,3.99948053768,0.479937664522,-7.1054273576e-15
0.01741,-0.000417322125456,3.99948479368,0.479938175241,0
0.01742,-0.000417287942168,3.99948902834,0.479938683401,7.1054273576e-15
0.01743,-0.000417237075521,3.99949324171,0.479939189005,0
0.01744,-0.000417169693593,3.99949743383,0.47993969206,0
0.01745,-0.000417085963463,3.99950160474,0.479940192569,-7.1054273576e-15
0.01746,-0.000416986051213,3.99950575449,0.479940690538,0
0.01747,-0.000416870121935,3.9995098831,0.479941185972,-7.1054273576e-15
0.01748,-0.00041673833973,3.99951399063,0.479941678875,-7.1054273576e-15
0.01749,-0.000416590867713,3.99951807711,0.479942169254,7.1054273576e-15
0.0175,-0.000416427868017,3.9995221426,0.479942657112,7.1054273576e-15
0.01751,-0.000416249501794,3.99952618713,0.479943142455,-7.1054273576e-15
0.01752,-0.000416055929221,3.99953021074,0.479943625289,-1.42108547152e-14
0.01753,-0.000415847309499,3.99953421348,0.479944105618,1.42108547152e-14
0.01754,-0.000415623800862,3.9995381954,0.479944583448,0
0.01755,-0.000415385560575,3.99954215653,0.479945058784,0
0.01756,-0.00041513274494,3.99954609693,0.479945531632,-7.1054273576e-15
0.01757,-0.000414865509296,3.99955001664,0.479946001997,0
0.01758,-0.000414584008028,3.9995539157,0.479946469885,-7.1054273576e-15
0.01759,-0.000414288394565,3.99955779417,0.4799469353,-7.1054273576e-15
0.0176,-0.000413978821385,3.99956165209,0.47994739825,7.1054273576e-15
0.01761,-0.00041365544002,3.9995654895,0.47994785874,-7.1054273576e-15
0.01762,-0.000413318401055,3.99956930645,0.479948316774,0
0.01763,-0.000412967854135,3.99957310299,0.479948772359,1.42108547152e-14
0.01764,-0.000412603947968,3.99957687918,0.479949225501,-7.1054273576e-15
0.01765,-0.000412226830326,3.99958063505,0.479949676206,-1.42108547152e-14
0.01766,-0.00041183664805,3.99958437066,0.479950124479,-7.1054273576e-15
0.01767,-0.000411433547054,3.99958808605,0.479950570326,0
0.01768,-0.000411017672324,3.99959178128,0.479951013754,7.1054273576e-15
0.01769,-0.000410589167929,3.9995954564,0.479951454768,0
0.0177,-0.000410148177015,3.99959911145,0.479951893374,0
0.01771,-0.000409694841818,3.99960274649,0.479952329578,0
0.01772,-0.000409229303657,3.99960636156,0.479952763387,0
0.01773,-0.000408751702948,3.99960995672,0.479953194807,1.42108547152e-14
0.01774,-0.000408262179197,3.99961353202,0.479953623843,1.42108547152e-14
0.01775,-0.000407760871012,3.99961708752,0.479954050502,-1.42108547152e-14
0.01776,-0.000407247916102,3.99962062325,0.47995447479,7.1054273576e-15
0.01777,-0.000406723451278,3.99962413929,0.479954896714,-1.42108547152e-14
0.01778,-0.000406187612463,3.99962763567,0.47995531628,1.42108547152e-14
0.01779,-0.000405640534689,3.99963111245,0.479955733494,-1.42108547152e-14
0.0178,-0.000405082352104,3.99963456968,0.479956148362,-7.1054273576e-15
0.01781,-0.000404513197975,3.99963800743,0.479956560891,0
0.01782,-0.000403933204688,3.99964142573,0.479956971088,-7.1054273576e-15
0.01783,-0.000403342503757,3.99964482465,0.479957378958,0
0.01784,-0.000402741225823,3.99964820424,0.479957784509,7.1054273576e-15
0.01785,-0.000402129500657,3.99965156456,0.479958187747,7.1054273576e-15
0.01786,-0.000401507457167,3.99965490565,0.479958588678,7.1054273576e-15
0.01787,-0.000400875223399,3.99965822758,0.47995898731,-1.42108547152e-14
0.01788,-0.00040023292654,3.9996615304,0.479959383648,0
0.01789,-0.000399580692922,3.99966481416,0.479959777699,-7.1054273576e-15
0.0179,-0.000398918648026,3.99966807892,0.47996016947,-1.42108547152e-14
0.01791,-0.000398246916485,3.99967132474,0.479960558968,7.1054273576e-15
0.01792,-0.000397565622084,3.99967455167,0.4799609462,-7.1054273576e-15
0.01793,-0.000396874887772,3.99967775976,0.479961331172,0
0.01794,-0.000396174835654,3.99968094909,0.47996171389,7.1054273576e-15
0.01795,-0.000395465587004,3.99968411969,0.479962094363,0
0.01796,-0.000394747262263,3.99968727163,0.479962472596,0
0.01797,-0.000394019981044,3.99969040497,0.479962848597,0
0.01798,-0.000393283862135,3.99969351976,0.479963222372,0
0.01799,-0.000392539023504,3.99969661606,0.479963593928,7.1054273576e-15
0.018,-0.000391785582298,3.99969969393,0.479963963272,-1.42108547152e-14
0.01801,-0.000391023654852,3.99970275343,0.479964330411,1.42108547152e-14
0.01802,-0.000390253356689,3.99970579461,0.479964695353,7.1054273576e-15
0.01803,-0.000389474802523,3.99970881753,0.479965058104,-1.42108547152e-14
0.01804,-0.000388688106265,3.99971182225,0.47996541867,0
0.01805,-0.000387893381024,3.99971480883,0.47996577706,-1.42108547152e-14
0.01806,-0.00038709073911,3.99971777733,0.479966133279,0
0.01807,-0.00038628029204,3.9997207278,0.479966487336,0
0.01808,-0.000385462150539,3.99972366031,0.479966839238,1.42108547152e-14
0.01809,-0.000384636424544,3.99972657492,0.47996718899,-7.1054273576e-15
0.0181,-0.000383803223209,3.99972947168,0.479967536601,-1.42108547152e-14
0.01811,-0.000382962654905,3.99973235065,0.479967882078,7.1054273576e-15
0.01812,-0.000382114827226,3.99973521189,0.479968225427,-7.1054273576e-15
0.01813,-0.000381259846992,3.99973805547,0.479968566656,-1.42108547152e-14
0.01814,-0.000380397820252,3.99974088143,0.479968905772,-7.1054273576e-15
0.01815,-0.000379528852285,3.99974368985,0.479969242782,1.42108547152e-14
0.01816,-0.000378653047609,3.99974648079,0.479969577694,0
0.01817,-0.000377770509979,3.99974925429,0.479969910515,-1.42108547152e-14
0.01818,-0.000376881342391,3.99975201043,0.479970241251,7.1054273576e-15
0.01819,-0.000375985647091,3.99975474926,0.479970569911,7.1054273576e-15
0.0182,-0.000375083525569,3.99975747084,0.479970896501,0
0.01821,-0.000374175078571,3.99976017524,0.479971221028,0
0.01822,-0.000373260406096,3.99976286251,0.479971543501,-7.1054273576e-15
0.01823,-0.000372339607403,3.99976553272,0.479971863926,7.1054273576e-15
0.01824,-0.000371412781015,3.99976818592,0.47997218231,0
0.01825,-0.000370480024717,3.99977082218,0.479972498661,0
0.01826,-0.000369541435566,3.99977344156,0.479972812987,-1.42108547152e-14
0.01827,-0.00036859710989,3.99977604412,0.479973125294,0
0.01828,-0.000367647143292,3.99977862991,0.47997343559,0
0.01829,-0.000366691630656,3.99978119901,0.479973743882,7.1054273576e-15
0.0183,-0.000365730666145,3.99978375148,0.479974050177,0
0.01831,-0.00036476434321,3.99978628736,0.479974354484,0
0.01832,-0.000363792754589,3.99978880674,0.479974656809,-7.1054273576e-15
0.01833,-0.000362815992314,3.99979130966,0.479974957159,1.42108547152e-14
0.01834,-0.000361834147711,3.99979379619,0.479975255543,0
0.01835,-0.000360847311405,3.99979626639,0.479975551967,0
0.01836,-0.000359855573323,3.99979872033,0.479975846439,-7.1054273576e-15
0.01837,-0.000358859022696,3.99980115805,0.479976138966,-7.1054273576e-15
0.01838,-0.000357857748065,3.99980357964,0.479976429557,0
0.01839,-0.000356851837282,3.99980598514,0.479976718217,-7.1054273576e-15
0.0184,-0.000355841377514,3.99980837462,0.479977004955,-7.1054273576e-15
0.01841,-0.000354826455247,3.99981074815,0.479977289777,1.42108547152e-14
0.01842,-0.000353807156288,3.99981310577,0.479977572693,-7.1054273576e-15
0.01843,-0.000352783565768,3.99981544757,0.479977853708,7.1054273576e-15
0.01844,-0.000351755768147,3.99981777359,0.47997813283,-7.1054273576e-15
0.01845,-0.000350723847216,3.9998200839,0.479978410068,7.1054273576e-15
0.01846,-0.000349687886101,3.99982237856,0.479978685427,-7.1054273576e-15
0.01847,-0.000348647967263,3.99982465763,0.479978958916,0
0.01848,-0.000347604172509,3.99982692119,0.479979230542,0
0.01849,-0.000346556582984,3.99982916928,0.479979500313,0
0.0185,-0.000345505279186,3.99983140197,0.479979768236,0
0.01851,-0.000344450340961,3.99983361932,0.479980034318,0
0.01852,-0.000343391847507,3.9998358214,0.479980298568,7.1054273576e-15
0.01853,-0.000342329877383,3.99983800826,0.479980560991,7.1054273576e-15
0.01854,-0.000341264508505,3.99984017997,0.479980821597,7.1054273576e-15
0.01855,-0.000340195818154,3.9998423366,0.479981080392,-1.42108547152e-14
0.01856,-0.000339123882977,3.9998444782,0.479981337384,7.1054273576e-15
0.01857,-0.00033804877899,3.99984660483,0.479981592579,1.42108547152e-14
0.01858,-0.000336970581584,3.99984871656,0.479981845987,0
0.01859,-0.000335889365523,3.99985081345,0.479982097614,0
0.0186,-0.000334805204953,3.99985289556,0.479982347467,-1.42108547152e-14
0.01861,-0.000333718173401,3.99985496296,0.479982595555,7.1054273576e-15
0.01862,-0.00033262834378,3.9998570157,0.479982841884,0
0.01863,-0.000331535788391,3.99985905385,0.479983086461,-7.1054273576e-15
0.01864,-0.000330440578928,3.99986107746,0.479983329296,0
0.01865,-0.000329342786478,3.99986308662,0.479983570394,-1.42108547152e-14
0.01866,-0.000328242481528,3.99986508136,0.479983809763,7.1054273576e-15
0.01867,-0.000327139733966,3.99986706176,0.479984047412,-7.1054273576e-15
0.01868,-0.000326034613082,3.99986902788,0.479984283346,0
0.01869,-0.000324927187575,3.99987097978,0.479984517574,0
0.0187,-0.000323817525556,3.99987291752,0.479984750103,0
0.01871,-0.000322705694547,3.99987484117,0.47998498094,-7.1054273576e-15
0.01872,-0.000321591761487,3.99987675078,0.479985210093,0
0.01873,-0.000320475792737,3.99987864641,0.47998543757,0
0.01874,-0.000319357854077,3.99988052814,0.479985663377,0
0.01875,-0.000318238010716,3.99988239602,0.479985887522,-7.1054273576e-15
0.01876,-0.00031711632729,3.9998842501,0.479986110013,7.1054273576e-15
0.01877,-0.000315992867868,3.99988609047,0.479986330856,0
0.01878,-0.000314867695954,3.99988791716,0.47998655006,0
0.01879,-0.000313740874489,3.99988973026,0.479986767631,0
0.0188,-0.000312612465856,3.99989152981,0.479986983577,0
0.01881,-0.000311482531881,3.99989331588,0.479987197905,0
0.01882,-0.000310351133839,3.99989508853,0.479987410624,7.1054273576e-15
0.01883,-0.000309218332452,3.99989684782,0.479987621739,0
0.01884,-0.000308084187898,3.99989859382,0.479987831258,-7.1054273576e-15
0.01885,-0.000306948759809,3.99990032658,0.479988039189,7.1054273576e-15
0.01886,-0.000305812107278,3.99990204616,0.47998824554,-7.1054273576e-15
0.01887,-0.000304674288857,3.99990375263,0.479988450316,0
0.01888,-0.000303535362566,3.99990544605,0.479988653526,0
0.01889,-0.000302395385891,3.99990712648,0.479988855177,-1.42108547152e-14
0.0189,-0.00030125441579,3.99990879397,0.479989055276,7.1054273576e-15
0.01891,-0.000300112508694,3.99991044859,0.479989253831,-1.42108547152e-14
0.01892,-0.000298969720511,3.9999120904,0.479989450849,7.1054273576e-15
0.01893,-0.000297826106628,3.99991371947,0.479989646336,1.42108547152e-14
0.01894,-0.000296681721916,3.99991533584,0.479989840301,-7.1054273576e-15
0.01895,-0.000295536620731,3.99991693958,0.47999003275,-7.1054273576e-15
0.01896,-0.000294390856916,3.99991853076,0.479990223691,-7.1054273576e-15
0.01897,-0.000293244483806,3.99992010942,0.479990413131,-1.42108547152e-14
0.01898,-0.000292097554232,3.99992167564,0.479990601077,-7.1054273576e-15
0.01899,-0.00029095012052,3.99992322947,0.479990787536,0
0.019,-0.000289802234496,3.99992477096,0.479990972516,1.42108547152e-14
0.01901,-0.00028865394749,3.99992630019,0.479991156023,-1.42108547152e-14
0.01902,-0.000287505310336,3.99992781721,0.479991338066,-7.1054273576e-15
0.01903,-0.000286356373377,3.99992932208,0.47999151865,-7.1054273576e-15
0.01904,-0.000285207186469,3.99993081486,0.479991697784,-7.1054273576e-15
0.01905,-0.00028405779898,3.99993229561,0.479991875473,0
0.01906,-0.000282908259795,3.99993376439,0.479992051727,-7.1054273576e-15
0.01907,-0.000281758617321,3.99993522125,0.479992226551,-7.1054273576e-15
0.01908,-0.000280608919485,3.99993666627,0.479992399952,0
0.01909,-0.00027945921374,3.99993809948,0.479992571938,7.1054273576e-15
0.0191,-0.000278309547068,3.99993952096,0.479992742516,0
0.01911,-0.000277159965982,3.99994093077,0.479992911692,-1.42108547152e-14
0.01912,-0.000276010516528,3.99994232896,0.479993079475,0
0.01913,-0.000274861244288,3.99994371558,0.47999324587,0
0.01914,-0.000273712194385,3.99994509071,0.479993410885,1.42108547152e-14
0.01915,-0.000272563411482,3.99994645439,0.479993574527,7.1054273576e-15
0.01916,-0.000271414939788,3.99994780669,0.479993736803,1.42108547152e-14
0.01917,-0.000270266823058,3.99994914766,0.47999389772,-2.13162820728e-14
0.01918,-0.000269119104599,3.99995047737,0.479994057284,7.1054273576e-15
0.01919,-0.00026797182727,3.99995179586,0.479994215504,-7.1054273576e-15
0.0192,-0.000266825033484,3.9999531032,0.479994372385,-7.1054273576e-15
0.01921,-0.000265678765216,3.99995439945,0.479994527934,7.1054273576e-15
0.01922,-0.000264533063998,3.99995568466,0.479994682159,0
0.01923,-0.000263387970928,3.99995695889,0.479994835067,7.1054273576e-15
0.01924,-0.00026224352667,3.99995822219,0.479994986663,0
0.01925,-0.000261099771455,3.99995947463,0.479995136956,7.1054273576e-15
0.01926,-0.000259956745088,3.99996071626,0.479995285952,1.42108547152e-14
0.01927,-0.000258814486947,3.99996194714,0.479995433657,0
0.01928,-0.000257673035987,3.99996316733,0.479995580079,0
0.01929,-0.000256532430742,3.99996437687,0.479995725225,-7.1054273576e-15
0.0193,-0.00025539270933,3.99996557584,0.4799958691,0
0.01931,-0.000254253909451,3.99996676428,0.479996011713,0
0.01932,-0.000253116068395,3.99996794224,0.479996153069,7.1054273576e-15
0.01933,-0.000251979223038,3.9999691098,0.479996293176,0
0.01934,-0.000250843409853,3.999970267,0.47999643204,7.1054273576e-15
0.01935,-0.000249708664905,3.9999714139,0.479996569668,-1.42108547152e-14
0.01936,-0.000248575023858,3.99997255055,0.479996706066,0
0.01937,-0.000247442521975,3.99997367701,0.479996841241,0
0.01938,-0.000246311194121,3.99997479334,0.4799969752,-7.1054273576e-15
0.01939,-0.000245181074769,3.99997589958,0.47999710795,0
0.0194,-0.000244052197998,3.99997699581,0.479997239497,-7.1054273576e-15
0.01941,-0.000242924597497,3.99997808206,0.479997369847,0
0.01942,-0.000241798306567,3.9999791584,0.479997499008,-1.42108547152e-14
0.01943,-0.000240673358126,3.99998022488,0.479997626986,-7.1054273576e-15
0.01944,-0.00023954978471,3.99998128156,0.479997753787,-1.42108547152e-14
0.01945,-0.000238427618472,3.99998232848,0.479997879418,-7.1054273576e-15
0.01946,-0.00023730689119,3.99998336571,0.479998003885,0
0.01947,-0.000236187634269,3.9999843933,0.479998127196,7.1054273576e-15
0.01948,-0.000235069878737,3.9999854113,0.479998249356,1.42108547152e-14
0.01949,-0.000233953655255,3.99998641976,0.479998370372,0
0.0195,-0.000232838994116,3.99998741875,0.47999849025,-7.1054273576e-15
0.01951,-0.000231725925248,3.99998840831,0.479998608997,7.1054273576e-15
0.01952,-0.000230614478215,3.99998938849,0.479998726619,0
0.01953,-0.000229504682223,3.99999035935,0.479998843122,0
0.01954,-0.000228396566117,3.99999132095,0.479998958514,1.42108547152e-14
0.01955,-0.000227290158389,3.99999227333,0.4799990728,-1.42108547152e-14
0.01956,-0.000226185487176,3.99999321656,0.479999185987,-7.1054273576e-15
0.01957,-0.000225082580266,3.99999415067,0.47999929808,-7.1054273576e-15
0.01958,-0.000223981465097,3.99999507573,0.479999409087,-7.1054273576e-15
0.01959,-0.000222882168762,3.99999599178,0.479999519014,7.1054273576e-15
0.0196,-0.00022178471801,3.99999689889,0.479999627866,7.1054273576e-15
0.01961,-0.000220689139246,3.99999779709,0.479999735651,-2.13162820728e-14
0.01962,-0.000219595458541,3.99999868644,0.479999842373,0
0.01963,-0.000218503701625,3.99999956701,0.479999948041,-1.42108547152e-14
0.01964,-0.000217413893894,4.00000043882,0.480000052659,7.1054273576e-15
0.01965,-0.000216326060414,4.00000130195,0.480000156233,0
0.01966,-0.000215240225919,4.00000215643,0.480000258771,0
0.01967,-0.000214156414816,4.00000300232,0.480000360278,-7.1054273576e-15
0.01968,-0.000213074651186,4.00000383967,0.480000460761,0
0.01969,-0.000211994958789,4.00000466854,0.480000560224,0
0.0197,-0.000210917361061,4.00000548896,0.480000658676,7.1054273576e-15
0.01971,-0.000209841881122,4.000006301,0.48000075612,7.1054273576e-15
0.01972,-0.000208768541773,4.00000710471,0.480000852565,0
0.01973,-0.000207697365503,4.00000790012,0.480000948015,0
0.01974,-0.000206628374489,4.0000086873,0.480001042476,0
0.01975,-0.000205561590597,4.00000946629,0.480001135955,7.1054273576e-15
0.01976,-0.000204497035385,4.00001023715,0.480001228458,-7.1054273576e-15
0.01977,-0.000203434730107,4.00001099991,0.48000131999,1.42108547152e-14
0.01978,-0.000202374695713,4.00001175464,0.480001410557,-7.1054273576e-15
0.01979,-0.000201316952852,4.00001250138,0.480001500166,-7.1054273576e-15
0.0198,-0.000200261521874,4.00001324018,0.480001588822,7.1054273576e-15
0.01981,-0.000199208422832,4.00001397109,0.48000167653,0
0.01982,-0.000198157675486,4.00001469415,0.480001763298,7.1054273576e-15
0.01983,-0.0001971092993,4.00001540942,0.480001849131,1.42108547152e-14
0.01984,-0.000196063313451,4.00001611695,0.480001934034,-7.1054273576e-15
0.01985,-0.000195019736826,4.00001681678,0.480002018013,-7.1054273576e-15
0.01986,-0.000193978588025,4.00001750895,0.480002101075,-7.1054273576e-15
0.01987,-0.000192939885367,4.00001819353,0.480002183224,0
0.01988,-0.000191903646886,4.00001887055,0.480002264467,0
0.01989,-0.000190869890336,4.00001954007,0.480002344808,-7.1054273576e-15
0.0199,-0.000189838633195,4.00002020213,0.480002424255,-7.1054273576e-15
0.01991,-0.000188809892665,4.00002085677,0.480002502813,-7.1054273576e-15
0.01992,-0.000187783685671,4.00002150406,0.480002580487,0
0.01993,-0.000186760028871,4.00002214402,0.480002657282,0
0.01994,-0.000185738938649,4.00002277671,0.480002733205,1.42108547152e-14
0.01995,-0.000184720431124,4.00002340218,0.480002808261,1.42108547152e-14
0.01996,-0.000183704522149,4.00002402047,0.480002882456,-7.1054273576e-15
0.01997,-0.00018269122731,4.00002463163,0.480002955795,0
0.01998,-0.000181680561936,4.0000252357,0.480003028284,-7.1054273576e-15
0.01999,-0.000180672541094,4.00002583273,0.480003099927,-7.1054273576e-15
0.02,-0.000179667179592,4.00002642277,0.480003170732,1.42108547152e-14
