time_s,true_angle_rad,angle12_rad,speed12_rad_s,speed18_rad_s,filtered_speed12_rad_s
0,6,5.99939886142,0,0,0
5e-05,6.00052359878,6.00093284221,30.6796157577,10.5461179167,0.572880895416
0.0001,6.00104719755,6.00093284221,0,10.5461179167,0.562183482419
0.00015,6.00157079633,6.00093284221,0,10.5461179167,0.551685822366
0.0002,6.0020943951,6.002466823,30.6796157577,10.0667489205,1.11426508068
0.00025,6.00261799388,6.002466823,0,10.5461179167,1.0934583932
0.0003,6.00314159265,6.002466823,0,10.5461179167,1.07304022928
0.00035,6.00366519143,6.00400080378,30.6796157577,10.5461179167,1.62588422945
0.0004,6.0041887902,6.00400080378,0,10.5461179167,1.59552407042
0.00045,6.00471238898,6.00400080378,0,10.5461179167,1.56573082707
0.0005,6.00523598776,6.00553478457,30.6796157577,10.5461179167,2.10937480879
0.00055,6.00575958653,6.00553478457,0,10.0667489205,2.0699864234
0.0006,6.00628318531,6.00553478457,0,10.5461179167,2.03133353787
0.00065,6.00680678408,6.00706876536,30.6796157577,10.5461179167,2.56628331364
0.0007,6.00733038286,6.00706876536,0,10.5461179167,2.51836306933
0.00075,6.00785398163,6.00860274615,30.6796157577,10.5461179167,3.04421853582
0.0008,6.00837758041,6.00860274615,0,10.5461179167,2.9873738004
0.00085,6.00890117919,6.00860274615,0,10.0667489205,2.93159052752
0.0009,6.00942477796,6.01013672694,30.6796157577,10.5461179167,3.44972979189
0.00095,6.00994837674,6.01013672694,0,10.5461179167,3.38531293909
0.001,6.01047197551,6.01013672694,0,10.5461179167,3.32209894309
0.00105,6.01099557429,6.01167070772,30.6796157577,10.5461179167,3.83294623834
0.0011,6.01151917306,6.01167070772,0,10.5461179167,3.76137357946
0.00115,6.01204277184,6.01167070772,0,10.5461179167,3.69113739785
0.0012,6.01256637061,6.01320468851,30.6796157577,10.0667489205,4.19509363286
0.00125,6.01308996939,6.01320468851,0,10.5461179167,4.1167585906
0.0013,6.01361356817,6.01320468851,0,10.5461179167,4.03988629969
0.00135,6.01413716694,6.0147386693,30.6796157577,10.5461179167,4.53733034156
0.0014,6.01466076572,6.0147386693,0,10.5461179167,4.45260470844
0.00145,6.01518436449,6.0147386693,0,10.5461179167,4.36946115826
0.0015,6.01570796327,6.01627265009,30.6796157577,10.0667489205,4.86075104418
0.00155,6.01623156204,6.01627265009,0,10.5461179167,4.76998617174
0.0016,6.01675516082,6.01627265009,0,10.5461179167,4.68091615304
0.00165,6.01727875959,6.01780663088,30.6796157577,10.5461179167,5.16639023547
0.0017,6.01780235837,6.01780663088,0,10.5461179167,5.06991815813
0.00175,6.01832595715,6.01780663088,0,10.5461179167,4.97524750524
0.0018,6.01884955592,6.01934061166,30.6796157577,10.5461179167,5.4552255342
0.00185,6.0193731547,6.01934061166,0,10.0667489205,5.35336003127
0.0019,6.01989675347,6.01934061166,0,10.5461179167,5.25339666431
0.00195,6.02042035225,6.02087459245,30.6796157577,10.5461179167,5.72818081012
0.002,6.02094395102,6.02087459245,0,10.5461179167,5.6212184095
0.00205,6.0214675498,6.02087459245,0,10.5461179167,5.51625331928
0.0021,6.02199114858,6.02240857324,30.6796157577,10.5461179167,5.98612913909
0.00215,6.02251474735,6.02240857324,0,10.0667489205,5.8743500657
0.0022,6.02303834613,6.02240857324,0,10.5461179167,5.76465824452
0.00225,6.0235619449,6.02394255403,30.6796157577,10.5461179167,6.22989559567
0.0023,6.02408554368,6.02394255403,0,10.5461179167,6.11356466782
0.00235,6.02460914245,6.02394255403,0,10.5461179167,5.99940598902
0.0024,6.02513274123,6.02547653481,30.6796157577,10.5461179167,6.46025989224
0.00245,6.02565634,6.02547653481,0,10.5461179167,6.33962736865
0.0025,6.02617993878,6.02547653481,0,10.0667489205,6.22124741786
0.00255,6.02670353756,6.0270105156,30.6796157577,10.5461179167,6.67795887297
0.0026,6.02722713633,6.0270105156,0,10.5461179167,6.55326125326
0.00265,6.02775073511,6.0270105156,0,10.5461179167,6.43089211395
0.0027,6.02827433388,6.02854449639,30.6796157577,10.5461179167,6.88368887071
0.00275,6.02879793266,6.02854449639,0,10.5461179167,6.75514965186
0.0028,6.02932153143,6.03007847718,30.6796157577,10.0667489205,7.20189154307
0.00285,6.02984513021,6.03007847718,0,10.5461179167,7.06741052125
0.0029,6.03036872898,6.03007847718,0,10.5461179167,6.93544066545
0.00295,6.03089232776,6.03161245797,30.6796157577,10.5461179167,7.37881598003
0.003,6.03141592654,6.03161245797,0,10.5461179167,7.24103124573
0.00305,6.03193952531,6.03161245797,0,10.5461179167,7.1058193677
0.0031,6.03246312409,6.03314643875,30.6796157577,10.0667489205,7.54601319838
0.00315,6.03298672286,6.03314643875,0,10.5461179167,7.40510638807
0.0032,6.03351032164,6.03314643875,0,10.5461179167,7.26683073261
0.00325,6.03403392041,6.03468041954,30.6796157577,10.5461179167,7.70401799582
0.0033,6.03455751919,6.03468041954,0,10.5461179167,7.56016075971
0.00335,6.03508111797,6.03468041954,0,10.5461179167,7.41898977179
0.0034,6.03560471674,6.03621440033,30.6796157577,10.5461179167,7.85333576712
0.00345,6.03612831552,6.03621440033,0,10.0667489205,7.70669031818
0.0035,6.03665191429,6.03621440033,0,10.5461179167,7.56278318176
0.00355,6.03717551307,6.03774838112,30.6796157577,10.5461179167,7.99444412073
0.0036,6.03769911184,6.03774838112,0,10.5461179167,7.84516375352
0.00365,6.03822271062,6.03774838112,0,10.5461179167,7.6986709007
0.0037,6.03874630939,6.03928236191,30.6796157577,10.5461179167,8.12779440639
0.00375,6.03926990817,6.03928236191,0,10.0667489205,7.97602398742
0.0038,6.03979350695,6.03928236191,0,10.5461179167,7.82708757962
0.00385,6.04031710572,6.04081634269,30.6796157577,10.5461179167,8.25381315886
0.0039,6.0408407045,6.04081634269,0,10.5461179167,8.09968958996
0.00395,6.04136430327,6.04081634269,0,10.5461179167,7.94844397262
0.004,6.04188790205,6.04235032348,30.6796157577,10.5461179167,8.37290346224
0.00405,6.04241150082,6.04235032348,0,10.5461179167,8.21655611843
0.0041,6.0429350996,6.04235032348,0,10.0667489205,8.06312825077
0.00415,6.04345869837,6.04388430427,30.6796157577,10.5461179167,8.48544623925
0.0042,6.04398229715,6.04388430427,0,10.5461179167,8.32699738259
0.00425,6.04450589593,6.04388430427,0,10.5461179167,8.17150724366
0.0043,6.0450294947,6.04541828506,30.6796157577,10.5461179167,8.59180146968
0.00435,6.04555309348,6.04541828506,0,10.5461179167,8.43136664032
0.0044,6.04607669225,6.04541828506,0,10.0667489205,8.27392761277
0.00445,6.04660029103,6.04695226585,30.6796157577,10.5461179167,8.6923093418
0.0045,6.0471238898,6.04695226585,0,10.5461179167,8.52999772753
0.00455,6.04764748858,6.04695226585,0,10.5461179167,8.3707169603
0.0046,6.04817108736,6.04848624663,30.6796157577,10.5461179167,8.7872913405
0.00465,6.04869468613,6.04848624663,0,10.5461179167,8.62320612603
0.0047,6.04921828491,6.04848624663,0,10.5461179167,8.46218487707
0.00475,6.04974188368,6.05002022742,30.6796157577,10.0667489205,8.87705127557
0.0048,6.05026548246,6.05002022742,0,10.5461179167,8.71128997257
0.00485,6.05078908123,6.05155420821,30.6796157577,10.5461179167,9.12150482813
0.0049,6.05131268001,6.05155420821,0,10.5461179167,8.95117884052
0.00495,6.05183627878,6.05155420821,0,10.5461179167,8.78403335246
0.005,6.05235987756,6.053088189,30.6796157577,10.5461179167,9.19288986987
0.00505,6.05288347634,6.053088189,0,10.0667489205,9.02123090837
0.0051,6.05340707511,6.053088189,0,10.5461179167,8.85277733707
0.00515,6.05393067389,6.05462216978,30.6796157577,10.5461179167,9.26035019708
0.0052,6.05445427266,6.05462216978,0,10.5461179167,9.08743154795
0.00525,6.05497787144,6.05462216978,0,10.5461179167,8.91774181117
0.0053,6.05550147021,6.05615615057,30.6796157577,10.5461179167,9.32410158865
0.00535,6.05602506899,6.05615615057,0,10.5461179167,9.14999250889
0.0054,6.05654866776,6.05615615057,0,10.0667489205,8.97913457042
0.00545,6.05707226654,6.05769013136,30.6796157577,10.5461179167,9.38434796004
0.0055,6.05759586532,6.05769013136,0,10.5461179167,9.20911389894
0.00555,6.05811946409,6.05769013136,0,10.5461179167,9.03715198592
0.0056,6.05864306287,6.05922411215,30.6796157577,10.5461179167,9.44128201553
0.00565,6.05916666164,6.05922411215,0,10.5461179167,9.26498482401
0.0057,6.05969026042,6.05922411215,0,10.0667489205,9.09197963242
0.00575,6.06021385919,6.06075809294,30.6796157577,10.5461179167,9.49508586462
0.0058,6.06073745797,6.06075809294,0,10.5461179167,9.31778399307
0.00585,6.06126105675,6.06075809294,0,10.5461179167,9.14379288186
0.0059,6.06178465552,6.06229207372,30.6796157577,10.5461179167,9.54593160453
0.00595,6.0623082543,6.06229207372,0,10.5461179167,9.36768028977
0.006,6.06283185307,6.06229207372,0,10.5461179167,9.19275746431
0.00605,6.06335545185,6.06382605451,30.6796157577,10.0667489205,9.59398187064
0.0061,6.06387905062,6.06382605451,0,10.5461179167,9.41483331258
0.00615,6.0644026494,6.06382605451,0,10.5461179167,9.23902999806
0.0062,6.06492624817,6.0653600353,30.6796157577,10.5461179167,9.63939035672
0.00625,6.06544984695,6.0653600353,0,10.5461179167,9.45939388537
0.0063,6.06597344573,6.0653600353,0,10.5461179167,9.28275849065
0.00635,6.0664970445,6.06689401609,30.6796157577,10.0667489205,9.68230230655
0.0064,6.06702064328,6.06689401609,0,10.5461179167,9.50150453976
0.00645,6.06754424205,6.06689401609,0,10.5461179167,9.3240828122
0.0065,6.06806784083,6.06842799688,30.6796157577,10.5461179167,9.72285497847
0.00655,6.0685914396,6.06842799688,0,10.5461179167,9.54129997106
0.0066,6.06911503838,6.06842799688,0,10.5461179167,9.36313514286
0.00665,6.06963863715,6.06996197766,30.6796157577,10.5461179167,9.76117808441
0.0067,6.07016223593,6.06996197766,0,10.0667489205,9.57890746911
0.00675,6.07068583471,6.06996197766,0,10.5461179167,9.40004039556
0.0068,6.07120943348,6.07149595845,30.6796157577,10.5461179167,9.79739420481
0.00685,6.07173303226,6.07149595845,0,10.5461179167,9.61444732539
0.0069,6.07225663103,6.07149595845,0,10.5461179167,9.43491661561
0.00695,6.07278022981,6.07302993924,30.6796157577,10.5461179167,9.83161918071
0.007,6.07330382858,6.07302993924,0,10.0667489205,9.64803321783
0.00705,6.07382742736,6.07456392003,30.6796157577,10.5461179167,10.0407562536
0.0071,6.07435102613,6.07456392003,0,10.5461179167,9.85326507125
0.00715,6.07487462491,6.07456392003,0,10.5461179167,9.66927491436
0.0072,6.07539822369,6.07609790082,30.6796157577,10.5461179167,10.0616013037
0.00725,6.07592182246,6.07609790082,0,10.5461179167,9.87372088137
0.0073,6.07644542124,6.07609790082,0,10.0667489205,9.68934875284
0.00735,6.07696902001,6.0776318816,30.6796157577,10.5461179167,10.0813003031
0.0074,6.07749261879,6.0776318816,0,10.5461179167,9.8930520411
0.00745,6.07801621756,6.0776318816,0,10.5461179167,9.70831894155
0.0075,6.07853981634,6.07916586239,30.6796157577,10.5461179167,10.0999162612
0.00755,6.07906341512,6.07916586239,0,10.5461179167,9.91132038316
0.0076,6.07958701389,6.07916586239,0,10.5461179167,9.72624615861
0.00765,6.08011061267,6.08069984318,30.6796157577,10.0667489205,10.1175087231
0.0077,6.08063421144,6.08069984318,0,10.5461179167,9.92858434075
0.00775,6.08115781022,6.08069984318,0,10.5461179167,9.74318774608
0.0078,6.08168140899,6.08223382397,30.6796157577,10.5461179167,10.13413396
0.00785,6.08220500777,6.08223382397,0,10.5461179167,9.94489913444
0.0079,6.08272860654,6.08223382397,0,10.5461179167,9.7591978934
0.00795,6.08325220532,6.08376780475,30.6796157577,10.0667489205,10.1498451496
0.008,6.0837758041,6.08376780475,0,10.5461179167,9.96031694879
0.00805,6.08429940287,6.08376780475,0,10.5461179167,9.77432781068
0.0081,6.08482300165,6.08530178554,30.6796157577,10.5461179167,10.1646925458
0.00815,6.08534660042,6.08530178554,0,10.5461179167,9.97488709927
0.0082,6.0858701992,6.08530178554,0,10.5461179167,9.78862589254
0.00825,6.08639379797,6.08683576633,30.6796157577,10.5461179167,10.1787236394
0.0083,6.08691739675,6.08683576633,0,10.0667489205,9.98865619005
0.00835,6.08744099552,6.08683576633,0,10.5461179167,9.80213787289
0.0084,6.0879645943,6.08836974712,30.6796157577,10.5461179167,10.1919833103
0.00845,6.08848819308,6.08836974712,0,10.5461179167,10.001668263
0.0085,6.08901179185,6.08836974712,0,10.5461179167,9.8149069712
0.00855,6.08953539063,6.08990372791,30.6796157577,10.5461179167,10.2045139711
0.0086,6.0900589894,6.08990372791,0,10.0667489205,10.0139649385
0.00865,6.09058258818,6.08990372791,0,10.5461179167,9.82697403076
0.0087,6.09110618695,6.09143770869,30.6796157577,10.5461179167,10.2163557022
0.00875,6.09162978573,6.09143770869,0,10.5461179167,10.0255855489
0.0088,6.09215338451,6.09143770869,0,10.5461179167,9.83837764931
0.00885,6.09267698328,6.09297168948,30.6796157577,10.5461179167,10.2275463809
0.0089,6.09320058206,6.09297168948,0,10.5461179167,10.0365672638
0.00895,6.09372418083,6.09297168948,0,10.0667489205,9.84915430252
0.009,6.09424777961,6.09450567027,30.6796157577,10.5461179167,10.2381218015
0.00905,6.09477137838,6.09450567027,0,10.5461179167,10.0469452095
0.0091,6.09529497716,6.09603965106,30.6796157577,10.5461179167,10.432219356
0.00915,6.09581857593,6.09603965106,0,10.5461179167,10.2374183777
0.0092,6.09634217471,6.09603965106,0,10.5461179167,10.0462549207
0.00925,6.09686577349,6.09757363185,30.6796157577,10.0667489205,10.431541957
0.0093,6.09738937226,6.09757363185,0,10.5461179167,10.2367536277
0.00935,6.09791297104,6.09757363185,0,10.5461179167,10.0456025837
0.0094,6.09843656981,6.09910761263,30.6796157577,10.5461179167,10.4309018011
0.00945,6.09896016859,6.09910761263,0,10.5461179167,10.2361254254
0.0095,6.09948376736,6.09910761263,0,10.5461179167,10.0449861118
0.00955,6.10000736614,6.10064159342,30.6796157577,10.5461179167,10.4302968406
0.0096,6.10053096491,6.10064159342,0,10.0667489205,10.2355317614
0.00965,6.10105456369,6.10064159342,0,10.5461179167,10.0444035332
0.0097,6.10157816247,6.10217557421,30.6796157577,10.5461179167,10.4297251406
0.00975,6.10210176124,6.10217557421,0,10.5461179167,10.2349707367
0.0098,6.10262536002,6.10217557421,0,10.5461179167,10.0438529846
0.00985,6.10314895879,6.103709555,30.6796157577,10.5461179167,10.4291848723
0.0099,6.10367255757,6.103709555,0,10.0667489205,10.2344405569
0.00995,6.10419615634,6.103709555,0,10.5461179167,10.0433327048
0.01,6.10471975512,6.10524353578,30.6796157577,10.5461179167,10.4286743077
0.01005,6.1052433539,6.10524353578,0,10.5461179167,10.2339395261
0.0101,6.10576695267,6.10524353578,0,10.5461179167,10.0428410298
0.01015,6.10629055145,6.10677751657,30.6796157577,10.5461179167,10.4281918138
0.0102,6.10681415022,6.10677751657,0,10.5461179167,10.2334660417
0.01025,6.107337749,6.10677751657,0,10.0667489205,10.0423763868
0.0103,6.10786134777,6.10831149736,30.6796157577,10.5461179167,10.4277358471
0.01035,6.10838494655,6.10831149736,0,10.5461179167,10.2330185893
0.0104,6.10890854532,6.10831149736,0,10.5461179167,10.0419372896
0.01045,6.1094321441,6.10984547815,30.6796157577,10.5461179167,10.4273049492
0.0105,6.10995574288,6.10984547815,0,10.5461179167,10.2325957376
0.01055,6.11047934165,6.10984547815,0,10.0667489205,10.0415223338
0.0106,6.11100294043,6.11137945894,30.6796157577,10.5461179167,10.4268977418
0.01065,6.1115265392,6.11137945894,0,10.5461179167,10.232196134
0.0107,6.11205013798,6.11137945894,0,10.5461179167,10.0411301921
0.01075,6.11257373675,6.11291343972,30.6796157577,10.5461179167,10.4265129226
0.0108,6.11309733553,6.11291343972,0,10.5461179167,10.2318185005
0.01085,6.1136209343,6.11291343972,0,10.5461179167,10.0407596101
0.0109,6.11414453308,6.11444742051,30.6796157577,10.0667489205,10.4261492605
0.01095,6.11466813186,6.11444742051,0,10.5461179167,10.2314616291
0.011,6.11519173063,6.11444742051,0,10.5461179167,10.0404094026
0.01105,6.11571532941,6.1159814013,30.6796157577,10.5461179167,10.4258055924
0.0111,6.11623892818,6.1159814013,0,10.5461179167,10.2311243783
0.01115,6.11676252696,6.11751538209,30.6796157577,10.5461179167,10.6129593447
0.0112,6.11728612573,6.11751538209,0,10.0667489205,10.4147834059
0.01125,6.11780972451,6.11751538209,0,10.5461179167,10.2203080093
0.0113,6.11833332329,6.11904936288,30.6796157577,10.5461179167,10.6023449499
0.01135,6.11885692206,6.11904936288,0,10.5461179167,10.4043672139
0.0114,6.11938052084,6.11904936288,0,10.5461179167,10.210086319
0.01145,6.11990411961,6.12058334366,30.6796157577,10.5461179167,10.5923141293
0.0115,6.12042771839,6.12058334366,0,10.5461179167,10.394523699
0.01155,6.12095131716,6.12058334366,0,10.0667489205,10.2004266122
0.0116,6.12147491594,6.12211732445,30.6796157577,10.5461179167,10.5828347984
0.01165,6.12199851471,6.12211732445,0,10.5461179167,10.3852213757
0.0117,6.12252211349,6.12211732445,0,10.5461179167,10.1912979913
0.01175,6.12304571227,6.12365130524,30.6796157577,10.5461179167,10.5738766363
0.0118,6.12356931104,6.12365130524,0,10.5461179167,10.3764304896
0.01185,6.12409290982,6.12365130524,0,10.0667489205,10.1826712575
0.0119,6.12461650859,6.12518528603,30.6796157577,10.5461179167,10.5654109897
0.01195,6.12514010737,6.12518528603,0,10.5461179167,10.368122922
0.012,6.12566370614,6.12518528603,0,10.5461179167,10.1745188173
0.01205,6.12618730492,6.12671926682,30.6796157577,10.5461179167,10.5574107801
0.0121,6.12671090369,6.12671926682,0,10.5461179167,10.3602721005
0.01215,6.12723450247,6.12671926682,0,10.0667489205,10.1668145942
0.0122,6.12775810125,6.1282532476,30.6796157577,10.5461179167,10.5498504181
0.01225,6.12828170002,6.1282532476,0,10.5461179167,10.3528529133
0.0123,6.1288052988,6.1282532476,0,10.5461179167,10.1595339456
0.01235,6.12932889757,6.12978722839,30.6796157577,10.5461179167,10.5427057211
0.0124,6.12985249635,6.12978722839,0,10.5461179167,10.3458416293
0.01245,6.13037609512,6.12978722839,0,10.5461179167,10.1526535834
0.0125,6.1308996939,6.13132120918,30.6796157577,10.0667489205,10.535953836
0.01255,6.13142329268,6.13132120918,0,10.5461179167,10.3392158223
0.0126,6.13194689145,6.13132120918,0,10.5461179167,10.1461515002
0.01265,6.13247049023,6.13285518997,30.6796157577,10.5461179167,10.5295731663
0.0127,6.132994089,6.13285518997,0,10.5461179167,10.3329542989
0.01275,6.13351768778,6.13285518997,0,10.5461179167,10.1400068983
0.0128,6.13404128655,6.13438917075,30.6796157577,10.0667489205,10.5235433027
0.01285,6.13456488533,6.13438917075,0,10.5461179167,10.3270370309
0.0129,6.1350884841,6.13438917075,0,10.5461179167,10.1342001236
0.01295,6.13561208288,6.13592315154,30.6796157577,10.5461179167,10.5178449579
0.013,6.13613568166,6.13592315154,0,10.5461179167,10.3214450915
0.01305,6.13665928043,6.13592315154,0,10.5461179167,10.1287126025
0.0131,6.13718287921,6.13745713233,30.6796157577,10.5461179167,10.5124599054
0.01315,6.13770647798,6.13745713233,0,10.0667489205,10.3161605941
0.0132,6.13823007676,6.13899111312,30.6796157577,10.5461179167,10.6964076781
0.01325,6.13875367553,6.13899111312,0,10.5461179167,10.4966735074
0.0133,6.13927727431,6.13899111312,0,10.5461179167,10.3006689758
0.01335,6.13980087308,6.14052509391,30.6796157577,10.5461179167,10.6812053349
0.0134,6.14032447186,6.14052509391,0,10.5461179167,10.4817550379
0.01345,6.14084807064,6.14052509391,0,10.0667489205,10.286029079
0.0135,6.14137166941,6.14205907469,30.6796157577,10.5461179167,10.6668388091
0.01355,6.14189526819,6.14205907469,0,10.5461179167,10.4676567784
0.0136,6.14241886696,6.14205907469,0,10.5461179167,10.2721940766
0.01365,6.14294246574,6.14359305548,30.6796157577,10.5461179167,10.6532621479
0.0137,6.14346606451,6.14359305548,0,10.5461179167,10.4543336344
0.01375,6.14398966329,6.14359305548,0,10.5461179167,10.2591197157
0.0138,6.14451326207,6.14512703627,30.6796157577,10.0667489205,10.6404319248
0.01385,6.14503686084,6.14512703627,0,10.5461179167,10.4417429902
0.0139,6.14556045962,6.14512703627,0,10.5461179167,10.2467641769
0.01395,6.14608405839,6.14666101706,30.6796157577,10.5461179167,10.6283071011
0.014,6.14660765717,6.14666101706,0,10.5461179167,10.4298445735
0.01405,6.14713125594,6.14666101706,0,10.5461179167,10.2350879394
0.0141,6.14765485472,6.14819499785,30.6796157577,10.0667489205,10.6168488942
0.01415,6.14817845349,6.14819499785,0,10.5461179167,10.4186003259
0.0142,6.14870205227,6.14819499785,0,10.5461179167,10.2240536558
0.01425,6.14922565105,6.14972897863,30.6796157577,10.5461179167,10.6060206539
0.0143,6.14974924982,6.14972897863,0,10.5461179167,10.4079742814
0.01435,6.1502728486,6.14972897863,0,10.5461179167,10.2136260317
0.0144,6.15079644737,6.15126295942,30.6796157577,10.5461179167,10.5957877449
0.01445,6.15132004615,6.15126295942,0,10.0667489205,10.3979324517
0.0145,6.15184364492,6.15126295942,0,10.5461179167,10.2037717132
0.01455,6.1523672437,6.15279694021,30.6796157577,10.5461179167,10.5861174363
0.0146,6.15289084247,6.15279694021,0,10.5461179167,10.3884427169
0.01465,6.15341444125,6.15279694021,0,10.5461179167,10.1944591803
0.0147,6.15393804003,6.154330921,30.6796157577,10.5461179167,10.5769787964
0.01475,6.1544616388,6.154330921,0,10.0667489205,10.379474723
0.0148,6.15498523758,6.154330921,0,10.5461179167,10.1856586459
0.01485,6.15550883635,6.15586490179,30.6796157577,10.5461179167,10.5683425945
0.0149,6.15603243513,6.15586490179,0,10.5461179167,10.370999785
0.01495,6.1565560339,6.15586490179,0,10.5461179167,10.1773419606
0.015,6.15707963268,6.15739888257,30.6796157577,10.5461179167,10.5601812068
0.01505,6.15760323146,6.15739888257,0,10.5461179167,10.362990795
0.0151,6.15812683023,6.15739888257,0,10.0667489205,10.1694825225
0.01515,6.15865042901,6.15893286336,30.6796157577,10.5461179167,10.5524685281
0.0152,6.15917402778,6.15893286336,0,10.5461179167,10.3554221352
0.01525,6.15969762656,6.15893286336,0,10.5461179167,10.1620551924
0.0153,6.16022122533,6.16046684415,30.6796157577,10.5461179167,10.5451798887
0.01535,6.16074482411,6.16046684415,0,10.5461179167,10.3482695967
0.0154,6.16126842288,6.16200082494,30.6796157577,10.0667489205,10.7279171088
0.01545,6.16179202166,6.16200082494,0,10.5461179167,10.5275945621
0.0155,6.16231562044,6.16200082494,0,10.5461179167,10.3310126412
0.01555,6.16283921921,6.16353480572,30.6796157577,10.5461179167,10.7109823926
0.0156,6.16336281799,6.16353480572,0,10.5461179167,10.5109760681
0.01565,6.16388641676,6.16353480572,0,10.5461179167,10.3147044646
0.0157,6.16441001554,6.16506878651,30.6796157577,10.5461179167,10.6949787388
0.01575,6.16493361431,6.16506878651,0,10.0667489205,10.4952712508
0.0158,6.16545721309,6.16506878651,0,10.5461179167,10.2992929035
0.01585,6.16598081186,6.1666027673,30.6796157577,10.5461179167,10.6798549581
0.0159,6.16650441064,6.1666027673,0,10.5461179167,10.4804298766
0.01595,6.16702800942,6.1666027673,0,10.5461179167,10.2847286625
0.016,6.16755160819,6.16813674809,30.6796157577,10.5461179167,10.6655626753
0.01605,6.16807520697,6.16813674809,0,10.0667489205,10.4664044739
0.0161,6.16859880574,6.16813674809,0,10.5461179167,10.2709651563
0.01615,6.16912240452,6.16967072888,30.6796157577,10.5461179167,10.6520561753
0.0162,6.16964600329,6.16967072888,0,10.5461179167,10.4531501809
0.01625,6.17016960207,6.16967072888,0,10.5461179167,10.2579583609
0.0163,6.17069320085,6.17120470966,30.6796157577,10.5461179167,10.639292256
0.01635,6.17121679962,6.17120470966,0,10.5461179167,10.4406246024
0.0164,6.1717403984,6.17120470966,0,10.0667489205,10.2456666728
0.01645,6.17226399717,6.17273869045,30.6796157577,10.5461179167,10.6272300907
0.0165,6.17278759595,6.17273869045,0,10.5461179167,10.4287876741
0.01655,6.17331119472,6.17273869045,0,10.5461179167,10.2340507756
0.0166,6.1738347935,6.17427267124,30.6796157577,10.5461179167,10.6158310973
0.01665,6.17435839227,6.17427267124,0,10.5461179167,10.4176015343
0.0167,6.17488199105,6.17427267124,0,10.0667489205,10.2230735147
0.01675,6.17540558983,6.17580665203,30.6796157577,10.5461179167,10.605058815
0.0168,6.1759291886,6.17580665203,0,10.5461179167,10.407030403
0.01685,6.17645278738,6.17580665203,0,10.5461179167,10.2126997783
0.0169,6.17697638615,6.17734063282,30.6796157577,10.5461179167,10.5948787875
0.01695,6.17749998493,6.17734063282,0,10.5461179167,10.3970404672
0.017,6.1780235837,6.17734063282,0,10.0667489205,10.2028963848
0.01705,6.17854718248,6.1788746136,30.6796157577,10.5461179167,10.5852584529
0.0171,6.17907078125,6.1788746136,0,10.5461179167,10.3875997733
0.01715,6.17959438003,6.1788746136,0,10.5461179167,10.193631977
0.0172,6.18011797881,6.18040859439,30.6796157577,10.5461179167,10.5761670395
0.01725,6.18064157758,6.18040859439,0,10.5461179167,10.378678124
0.0173,6.18116517636,6.18040859439,0,10.5461179167,10.1848769218
0.01735,6.18168877513,6.18194257518,30.6796157577,10.0667489205,10.5675754676
0.0174,6.18221237391,6.18194257518,0,10.5461179167,10.3702469826
0.01745,6.18273597268,6.18347655597,30.6796157577,10.5461179167,10.7494841107
0.0175,6.18325957146,6.18347655597,0,10.5461179167,10.5487588431
0.01755,6.18378317024,6.18347655597,0,10.5461179167,10.3517817212
0.0176,6.18430676901,6.18501053675,30.6796157577,10.5461179167,10.7313636514
0.01765,6.18483036779,6.18501053675,0,10.0667489205,10.5309767474
0.0177,6.18535396656,6.18501053675,0,10.5461179167,10.3343316708
0.01775,6.18587756534,6.18654451754,30.6796157577,10.5461179167,10.714239446
0.0178,6.18640116411,6.18654451754,0,10.5461179167,10.5141723025
0.01785,6.18692476289,6.18654451754,0,10.5461179167,10.3178410156
0.0179,6.18744836166,6.18807849833,30.6796157577,10.5461179167,10.698056721
0.01795,6.18797196044,6.18807849833,0,10.5461179167,10.4982917578
0.018,6.18849555922,6.18807849833,0,10.0667489205,10.3022570085
0.01805,6.18901915799,6.18961247912,30.6796157577,10.5461179167,10.6827637143
0.0181,6.18954275677,6.18961247912,0,10.5461179167,10.4832843176
0.01815,6.19006635554,6.18961247912,0,10.5461179167,10.2875298025
0.0182,6.19058995432,6.19114645991,30.6796157577,10.5461179167,10.6683115096
0.01825,6.19111355309,6.19114645991,0,10.5461179167,10.4691019791
0.0183,6.19163715187,6.19114645991,0,10.0667489205,10.273612291
0.01835,6.19216075064,6.19268044069,30.6796157577,10.5461179167,10.65465388
0.0184,6.19268434942,6.19268044069,0,10.5461179167,10.4556993786
0.01845,6.1932079482,6.19268044069,0,10.5461179167,10.2604599574
0.0185,6.19373154697,6.19421442148,30.6796157577,10.5461179167,10.6417471401
0.01855,6.19425514575,6.19421442148,0,10.5461179167,10.4430336465
0.0186,6.19477874452,6.19421442148,0,10.5461179167,10.2480307327
0.01865,6.1953023433,6.19574840227,30.6796157577,10.0667489205,10.6295500065
0.0187,6.19582594207,6.19574840227,0,10.5461179167,10.4310642701
0.01875,6.19634954085,6.19574840227,0,10.5461179167,10.2362848607
0.0188,6.19687313962,6.19728238306,30.6796157577,10.5461179167,10.6180234653
0.01885,6.1973967384,6.19728238306,0,10.5461179167,10.4197529642
0.0189,6.19792033718,6.19728238306,0,10.5461179167,10.2251847709
0.01895,6.19844393595,6.19881636385,30.6796157577,10.0667489205,10.6071306477
0.019,6.19896753473,6.19881636385,0,10.5461179167,10.4090635483
0.01905,6.1994911335,6.19881636385,0,10.5461179167,10.2146949586
0.0191,6.20001473228,6.20035034463,30.6796157577,10.5461179167,10.5968367118
0.01915,6.20053833105,6.20035034463,0,10.5461179167,10.3989618312
0.0192,6.20106192983,6.20035034463,0,10.5461179167,10.2047818711
0.01925,6.20158552861,6.20188432542,30.6796157577,10.5461179167,10.5871087315
0.0193,6.20210912738,6.20188432542,0,10.0667489205,10.3894155016
0.01935,6.20263272616,6.20188432542,0,10.5461179167,10.1954138002
0.0194,6.20315632493,6.20341830621,30.6796157577,10.5461179167,10.5779155907
0.01945,6.20367992371,6.20341830621,0,10.5461179167,10.3803940245
0.0195,6.20420352248,6.204952287,30.6796157577,10.5461179167,10.7594416767
0.01955,6.20472712126,6.204952287,0,10.5461179167,10.5585304713
0.0196,6.20525072003,6.204952287,0,10.0667489205,10.3613708837
0.01965,6.20577431881,6.20648626779,30.6796157577,10.5461179167,10.7407737553
0.0197,6.20629791759,6.20648626779,0,10.5461179167,10.5402111363
0.01975,6.20682151636,6.20648626779,0,10.5461179167,10.3433936259
0.0198,6.20734511514,6.20802024857,30.6796157577,10.5461179167,10.723132187
0.01985,6.20786871391,6.20802024857,0,10.5461179167,10.5228989893
0.0199,6.20839231269,6.20802024857,0,10.5461179167,10.3264047488
0.01995,6.20891591146,6.20955422936,30.6796157577,10.0667489205,10.7064605435
0.02,6.20943951024,6.20955422936,0,10.5461179167,10.5065386556
0.02005,6.20996310901,6.20955422936,0,10.5461179167,10.3103499119
0.0201,6.21048670779,6.21108821015,30.6796157577,10.5461179167,10.6907054988
0.02015,6.21101030657,6.21108821015,0,10.5461179167,10.491077805
0.0202,6.21153390534,6.21108821015,0,10.5461179167,10.295177762
0.02025,6.21205750412,6.21262219094,30.6796157577,10.0667489205,10.6758166586
0.0203,6.21258110289,6.21262219094,0,10.5461179167,10.4764669844
0.02035,6.21310470167,6.21262219094,0,10.5461179167,10.2808397694
0.0204,6.21362830044,6.21415617172,30.6796157577,10.5461179167,10.6617463996
0.02045,6.21415189922,6.21415617172,0,10.5461179167,10.4626594595
0.0205,6.214675498,6.21415617172,0,10.5461179167,10.2672900727
0.02055,6.21519909677,6.21569015251,30.6796157577,10.5461179167,10.6484497165
0.0206,6.21572269555,6.21569015251,0,10.0667489205,10.4496110656
0.02065,6.21624629432,6.21569015251,0,10.5461179167,10.2544853316
0.0207,6.2167698931,6.2172241333,30.6796157577,10.5461179167,10.6358840786
0.02075,6.21729349187,6.2172241333,0,10.5461179167,10.437280066
0.0208,6.21781709065,6.2172241333,0,10.5461179167,10.2423845889
0.02085,6.21834068942,6.21875811409,30.6796157577,10.5461179167,10.6240092932
0.0209,6.2188642882,6.21875811409,0,10.0667489205,10.4256270186
0.02095,6.21938788698,6.21875811409,0,10.5461179167,10.2309491391
0.021,6.21991148575,6.22029209488,30.6796157577,10.5461179167,10.6127873777
0.02105,6.22043508453,6.22029209488,0,10.5461179167,10.4146146501
0.0211,6.2209586833,6.22029209488,0,10.5461179167,10.2201424046
0.02115,6.22148228208,6.22182607566,30.6796157577,10.5461179167,10.6021824376
0.0212,6.22200588085,6.22182607566,0,10.5461179167,10.4042077362
0.02125,6.22252947963,6.22182607566,0,10.0667489205,10.2099298192
0.0213,6.2230530784,6.22336005645,30.6796157577,10.5461179167,10.5921605519
0.02135,6.22357667718,6.22336005645,0,10.5461179167,10.3943729893
0.0214,6.22410027596,6.22336005645,0,10.5461179167,10.2002787166
0.02145,6.22462387473,6.22489403724,30.6796157577,10.5461179167,10.5826896645
0.0215,6.22514747351,6.22489403724,0,10.5461179167,10.3850789519
0.02155,6.22567107228,6.22642801803,30.6796157577,10.0667489205,10.7640391224
0.0216,6.22619467106,6.22642801803,0,10.5461179167,10.5630420689
0.02165,6.22671826983,6.22642801803,0,10.5461179167,10.3657982361
0.0217,6.22724186861,6.22796199882,30.6796157577,10.5461179167,10.7451184357
0.02175,6.22776546739,6.22796199882,0,10.5461179167,10.5444746884
0.0218,6.22828906616,6.22796199882,0,10.5461179167,10.3475775646
0.02185,6.22881266494,6.2294959796,30.6796157577,10.0667489205,10.727237999
0.0219,6.22933626371,6.2294959796,0,10.5461179167,10.5269281334
0.02195,6.22985986249,6.2294959796,0,10.5461179167,10.3303586567
0.022,6.23038346126,6.23102996039,30.6796157577,10.5461179167,10.71034062
0.02205,6.23090706004,6.23102996039,0,10.5461179167,10.5103462793
0.0221,6.23143065881,6.23102996039,0,10.5461179167,10.3140864358
0.02215,6.23195425759,6.23256394118,30.6796157577,10.5461179167,10.6943722505
0.0222,6.23247785637,6.23256394118,0,10.0667489205,10.4946760875
0.02225,6.23300145514,6.23256394118,0,10.5461179167,10.2987088537
0.0223,6.23352505392,6.23409792197,30.6796157577,10.5461179167,10.6792818142
0.02235,6.23404865269,6.23409792197,0,10.5461179167,10.4798674351
0.0224,6.23457225147,6.23409792197,0,10.5461179167,10.2841767235
0.02245,6.23509585024,6.23563190276,30.6796157577,10.5461179167,10.6650210427
0.0225,6.23561944902,6.23563190276,0,10.0667489205,10.4658729551
0.02255,6.23614304779,6.23563190276,0,10.5461179167,10.2704435626
0.0226,6.23666664657,6.23716588354,30.6796157577,10.5461179167,10.6515443213
0.02265,6.23719024535,6.23716588354,0,10.5461179167,10.4526478848
0.0227,6.23771384412,6.23716588354,0,10.5461179167,10.2574654442
0.02275,6.2382374429,6.23869986433,30.6796157577,10.5461179167,10.6388085435
0.0228,6.23876104167,6.23869986433,0,10.5461179167,10.4401499223
0.02285,6.23928464045,6.23869986433,0,10.0667489205,10.2452008564
0.0229,6.23980823922,6.24023384512,30.6796157577,10.5461179167,10.6267729725
0.02295,6.240331838,6.24023384512,0,10.5461179167,10.4283390917
0.023,6.24085543678,6.24023384512,0,10.5461179167,10.2336105695
0.02305,6.24137903555,6.24176782591,30.6796157577,10.5461179167,10.6153991112
0.0231,6.24190263433,6.24176782591,0,10.5461179167,10.4171776147
0.02315,6.2424262331,6.24176782591,0,10.0667489205,10.222657511
0.0232,6.24294983188,6.24330180669,30.6796157577,10.5461179167,10.6046505793
0.02325,6.24347343065,6.24330180669,0,10.5461179167,10.4066297903
0.0233,6.24399702943,6.24330180669,0,10.5461179167,10.2123066462
0.02335,6.2445206282,6.24483578748,30.6796157577,10.5461179167,10.5944929964
0.0234,6.24504422698,6.24483578748,0,10.5461179167,10.39666188
0.02345,6.24556782576,6.24483578748,0,10.5461179167,10.2025248669
0.0235,6.24609142453,6.24636976827,30.6796157577,10.0667489205,10.5848938723
0.02355,6.24661502331,6.24636976827,0,10.5461179167,10.3872420006
0.0236,6.24713862208,6.24790374906,30.6796157577,10.5461179167,10.7661617804
0.02365,6.24766222086,6.24790374906,0,10.5461179167,10.5651250905
0.0237,6.24818581963,6.24790374906,0,10.5461179167,10.3678423614
0.02375,6.24870941841,6.24943772985,30.6796157577,10.5461179167,10.747124391
0.0238,6.24923301718,6.24943772985,0,10.0667489205,10.5464431865
0.02385,6.24975661596,6.24943772985,0,10.5461179167,10.3495093049
0.0239,6.25028021474,6.25097171063,30.6796157577,10.5461179167,10.7291336679
0.02395,6.25080381351,6.25097171063,0,10.5461179167,10.5287884044
0.024,6.25132741229,6.25097171063,0,10.5461179167,10.3321841908
0.02405,6.25185101106,6.25250569142,30.6796157577,10.5461179167,10.7121320659
0.0241,6.25237460984,6.25250569142,0,10.5461179167,10.5121042736
0.02415,6.25289820861,6.25250569142,0,10.0667489205,10.315811603
0.0242,6.25342180739,6.25403967221,30.6796157577,10.5461179167,10.6960652037
0.02425,6.25394540617,6.25403967221,0,10.5461179167,10.4963374281
0.0243,6.25446900494,6.25403967221,0,10.5461179167,10.300339172
0.02435,6.25499260372,6.255573653,30.6796157577,10.5461179167,10.6808816896
0.0244,6.25551620249,6.255573653,0,10.5461179167,10.481437436
0.02445,6.25603980127,6.255573653,0,10.0667489205,10.2857174077
0.0245,6.25656340004,6.25710763379,30.6796157577,10.5461179167,10.6665329577
0.02455,6.25708699882,6.25710763379,0,10.5461179167,10.4673566381
0.0246,6.25761059759,6.25710763379,0,10.5461179167,10.2718995408
0.02465,6.25813419637,6.25864161457,30.6796157577,10.5461179167,10.652973112
0.0247,6.25865779515,6.25864161457,0,10.5461179167,10.4540499956
0.02475,6.25918139392,6.25864161457,0,10.5461179167,10.2588413734
0.0248,6.2597049927,6.26017559536,30.6796157577,10.0667489205,10.6401587799
0.02485,6.26022859147,6.26017559536,0,10.5461179167,10.4414749458
0.0249,6.26075219025,6.26017559536,0,10.5461179167,10.2465011377
0.02495,6.26127578902,6.26170957615,30.6796157577,10.5461179167,10.6280489736
0.025,6.2617993878,6.26170957615,0,10.5461179167,10.429591266
0.02505,6.26232298657,6.26170957615,0,10.5461179167,10.234839362
0.0251,6.26284658535,6.26324355694,30.6796157577,10.0667489205,10.6166049584
0.02515,6.26337018413,6.26324355694,0,10.5461179167,10.4183609451
0.0252,6.2638937829,6.26324355694,0,10.5461179167,10.223818745
0.02525,6.26441738168,6.26477753772,30.6796157577,10.5461179167,10.6057901296
0.0253,6.26494098045,6.26477753772,0,10.5461179167,10.4077480617
0.02535,6.26546457923,6.26477753772,0,10.5461179167,10.2134040362
0.0254,6.265988178,6.26631151851,30.6796157577,10.5461179167,10.5955698948
0.02545,6.26651177678,6.26631151851,0,10.0667489205,10.3977186695
0.0255,6.26703537556,6.26631151851,0,10.5461179167,10.2035619229
0.02555,6.26755897433,6.2678454993,30.6796157577,10.5461179167,10.5859115634
0.0256,6.26808257311,6.2678454993,0,10.5461179167,10.3882406883
0.02565,6.26860617188,6.2678454993,0,10.5461179167,10.1942609242
0.0257,6.26912977066,6.26937948009,30.6796157577,10.5461179167,10.5767842424
0.02575,6.26965336943,6.26937948009,0,10.0667489205,10.3792838018
0.0258,6.27017696821,6.27091346088,30.6796157577,10.5461179167,10.7583521852
0.02585,6.27070056698,6.27091346088,0,10.5461179167,10.5574613239
0.0259,6.27122416576,6.27091346088,0,10.5461179167,10.3603217005
0.02595,6.27174776454,6.27244744166,30.6796157577,10.5461179167,10.7397441635
0.026,6.27227136331,6.27244744166,0,10.5461179167,10.5392007701
0.02605,6.27279496209,6.27244744166,0,10.0667489205,10.3424021263
0.0261,6.27331856086,6.27398142245,30.6796157577,10.5461179167,10.7221592017
0.02615,6.27384215964,6.27398142245,0,10.5461179167,10.5219441725
0.0262,6.27436575841,6.27398142245,0,10.5461179167,10.3254677614
0.02625,6.27488935719,6.27551540324,30.6796157577,10.5461179167,10.7055410524
0.0263,6.27541295596,6.27551540324,0,10.5461179167,10.5056363342
0.02635,6.27593655474,6.27551540324,0,10.5461179167,10.3094644395
0.0264,6.27646015352,6.27704938403,30.6796157577,10.0667489205,10.6898365609
0.02645,6.27698375229,6.27704938403,0,10.5461179167,10.4902250928
0.0265,6.27750735107,6.27704938403,0,10.5461179167,10.2943409725
0.02655,6.27803094984,6.27858336482,30.6796157577,10.5461179167,10.6749954945
0.0266,6.27855454862,6.27858336482,0,10.5461179167,10.4756611539
0.02665,6.27907814739,6.27858336482,0,10.5461179167,10.2800489862
0.0267,6.27960174617,6.2801173456,30.6796157577,10.0667489205,10.6609703827
0.02675,6.28012534495,6.2801173456,0,10.5461179167,10.4618979332
0.0268,6.28064894372,6.2801173456,0,10.5461179167,10.2665427663
0.02685,6.2811725425,6.28165132639,30.6796157577,10.5461179167,10.6477163647
0.0269,6.28169614127,6.28165132639,0,10.5461179167,10.4488914076
0.02695,6.28221974005,6.28165132639,0,10.5461179167,10.2537791118
0.027,6.28274333882,0,30.6796157577,10.5461179167,10.635191046
0.02705,8.16304190936e-05,0,0,10.0667489205,10.4365999744
0.0271,0.000605229194692,0,0,10.5461179167,10.2417171967
0.02715,0.00112882797029,0.00153398078789,30.6796157577,10.5461179167,10.6233543632
0.0272,0.00165242674589,0.00153398078789,0,10.5461179167,10.4249843182
0.02725,0.00217602552149,0.00153398078789,0,10.5461179167,10.2303184398
0.0273,0.00269962429708,0.00306796157577,30.6796157577,10.5461179167,10.6121684554
0.02735,0.00322322307268,0.00306796157577,0,10.0667489205,10.414007285
0.0274,0.00374682184828,0.00306796157577,0,10.5461179167,10.2195463809
0.02745,0.00427042062388,0.00460194236366,30.6796157577,10.5461179167,10.6015975434
0.0275,0.00479401939948,0.00460194236366,0,10.5461179167,10.4036337637
0.02755,0.00531761817508,0.00460194236366,0,10.5461179167,10.2093665645
0.0276,0.00584121695067,0.00613592315154,30.6796157577,10.5461179167,10.5916078149
0.02765,0.00636481572627,0.00613592315154,0,10.5461179167,10.3938305735
0.0277,0.00688841450187,0.00613592315154,0,10.0667489205,10.1997464294
0.02775,0.00741201327747,0.00766990393943,30.6796157577,10.5461179167,10.5821673167
0.0278,0.00793561205307,0.00766990393943,0,10.5461179167,10.3845663579
0.02785,0.00845921082867,0.00920388472731,30.6796157577,10.5461179167,10.7635361001
0.0279,0.00898280960426,0.00920388472731,0,10.5461179167,10.5625484395
0.02795,0.00950640837986,0.00920388472731,0,10.5461179167,10.3653138243
0.028,0.0100300071555,0.0107378655152,30.6796157577,10.0667489205,10.7446430693
0.02805,0.0105536059311,0.0107378655152,0,10.5461179167,10.5440081985
0.0281,0.0110772047067,0.0107378655152,0,10.5461179167,10.3471197855
0.02815,0.0116008034823,0.0122718463031,30.6796157577,10.5461179167,10.726788768
0.0282,0.0121244022579,0.0122718463031,0,10.5461179167,10.5264872909
0.02825,0.0126480010335,0.0122718463031,0,10.5461179167,10.3299260461
0.0283,0.0131715998091,0.013805827091,30.6796157577,10.5461179167,10.7099160875
0.02835,0.0136951985846,0.013805827091,0,10.0667489205,10.5099296742
0.0284,0.0142187973602,0.013805827091,0,10.5461179167,10.3136776099
0.02845,0.0147423961358,0.0153398078789,30.6796157577,10.5461179167,10.6939710587
0.0285,0.0152659949114,0.0153398078789,0,10.5461179167,10.4942823871
0.02855,0.015789593687,0.0153398078789,0,10.5461179167,10.2983225048
0.0286,0.0163131924626,0.0168737886667,30.6796157577,10.5461179167,10.6789026796
0.02865,0.0168367912382,0.0168737886667,0,10.0667489205,10.4794953801
0.0287,0.0173603900138,0.0168737886667,0,10.5461179167,10.2838116159
0.02875,0.0178839887894,0.0184077694546,30.6796157577,10.5461179167,10.6646627527
0.0288,0.018407587565,0.0184077694546,0,10.5461179167,10.4655213555
0.02885,0.0189311863406,0.0184077694546,0,10.5461179167,10.2700985285
0.0289,0.0194547851162,0.0199417502425,30.6796157577,10.5461179167,10.65120573
0.02895,0.0199783838918,0.0199417502425,0,10.5461179167,10.452315616
0.029,0.0205019826674,0.0199417502425,0,10.0667489205,10.2571393798
0.02905,0.021025581443,0.0214757310304,30.6796157577,10.5461179167,10.6384885677
0.0291,0.0215491802186,0.0214757310304,0,10.5461179167,10.4398359215
0.02915,0.0220727789942,0.0214757310304,0,10.5461179167,10.2448927189
0.0292,0.0225963777698,0.0230097118183,30.6796157577,10.5461179167,10.6264705888
0.02925,0.0231199765454,0.0230097118183,0,10.5461179167,10.4280423545
0.0293,0.023643575321,0.0230097118183,0,10.0667489205,10.2333193733
0.02935,0.0241671740966,0.0245436926062,30.6796157577,10.5461179167,10.6151133525
0.0294,0.0246907728722,0.0245436926062,0,10.5461179167,10.416897192
0.02945,0.0252143716478,0.0245436926062,0,10.5461179167,10.2223823246
0.0295,0.0257379704234,0.0260776733941,30.6796157577,10.5461179167,10.6043805314
0.02955,0.026261569199,0.0260776733941,0,10.5461179167,10.406364785
0.0296,0.0267851679746,0.0260776733941,0,10.5461179167,10.2120465894
0.02965,0.0273087667502,0.0276116541819,30.6796157577,10.0667489205,10.5942377956
0.0297,0.0278323655258,0.0276116541819,0,10.5461179167,10.3964114446
0.02975,0.0283559643014,0.0276116541819,0,10.5461179167,10.2022791079
0.0298,0.028879563077,0.0291456349698,30.6796157577,10.5461179167,10.5846527024
0.02985,0.0294031618526,0.0291456349698,0,10.5461179167,10.387005334
0.0299,0.0299267606282,0.0306796157577,30.6796157577,10.5461179167,10.7659295331
0.02995,0.0304503594038,0.0306796157577,0,10.0667489205,10.5648971799
0.03,0.0309739581794,0.0306796157577,0,10.5461179167,10.3676187067
0.03005,0.031497556955,0.0322135965456,30.6796157577,10.5461179167,10.7469049125
0.0301,0.0320211557306,0.0322135965456,0,10.5461179167,10.5462278063
0.03015,0.0325447545062,0.0322135965456,0,10.5461179167,10.3492979466
0.0302,0.0330683532818,0.0337475773335,30.6796157577,10.5461179167,10.7289262563
0.03025,0.0335919520574,0.0337475773335,0,10.5461179167,10.5285848658
0.0303,0.034115550833,0.0337475773335,0,10.0667489205,10.3319844529
0.03035,0.0346391496086,0.0352815581214,30.6796157577,10.5461179167,10.7119360577
0.0304,0.0351627483842,0.0352815581214,0,10.5461179167,10.5119119254
0.03045,0.0356863471598,0.0352815581214,0,10.5461179167,10.3156228466
0.0305,0.0362099459354,0.0368155389093,30.6796157577,10.5461179167,10.6958799718
0.03055,0.036733544711,0.0368155389093,0,10.5461179167,10.4961556551
0.0306,0.0372571434866,0.0368155389093,0,10.0667489205,10.3001607933
0.03065,0.0377807422622,0.0383495196971,30.6796157577,10.5461179167,10.6807066417
0.0307,0.0383043410378,0.0383495196971,0,10.5461179167,10.4812656568
0.03075,0.0388279398134,0.0383495196971,0,10.5461179167,10.2855488361
0.0308,0.039351538589,0.039883500485,30.6796157577,10.5461179167,10.6663675339
0.03085,0.0398751373646,0.039883500485,0,10.5461179167,10.4671943033
0.0309,0.0403987361402,0.039883500485,0,10.0667489205,10.2717402372
0.03095,0.0409223349158,0.0414174812729,30.6796157577,10.5461179167,10.6528167831
0.031,0.0414459336914,0.0414174812729,0,10.5461179167,10.4538965859
0.03105,0.041969532467,0.0414174812729,0,10.5461179167,10.2586908283
0.0311,0.0424931312426,0.0429514620608,30.6796157577,10.5461179167,10.6400110459
0.03115,0.0430167300182,0.0429514620608,0,10.5461179167,10.4413299704
0.0312,0.0435403287938,0.0429514620608,0,10.5461179167,10.2463588694
0.03125,0.0440639275694,0.0444854428487,30.6796157577,10.0667489205,10.6279093619
0.0313,0.0445875263449,0.0444854428487,0,10.5461179167,10.4294542613
0.03135,0.0451111251205,0.0444854428487,0,10.5461179167,10.2347049156
0.0314,0.0456347238961,0.0460194236366,30.6796157577,10.5461179167,10.6164730226
0.03145,0.0461583226717,0.0460194236366,0,10.5461179167,10.4182314729
0.0315,0.0466819214473,0.0460194236366,0,10.5461179167,10.2236916904
0.03155,0.0472055202229,0.0475534044245,30.6796157577,10.0667489205,10.6056654475
0.0316,0.0477291189985,0.0475534044245,0,10.5461179167,10.4076257078
0.03165,0.0482527177741,0.0475534044245,0,10.5461179167,10.213283967
0.0317,0.0487763165497,0.0490873852123,30.6796157577,10.5461179167,10.5954520676
0.03175,0.0492999153253,0.0490873852123,0,10.5461179167,10.3976030425
0.0318,0.0498235141009,0.0490873852123,0,10.5461179167,10.203448455
0.03185,0.0503471128765,0.0506213660002,30.6796157577,10.5461179167,10.5858002143
0.0319,0.0508707116521,0.0506213660002,0,10.0667489205,10.3881314184
0.03195,0.0513943104277,0.0521553467881,30.6796157577,10.5461179167,10.7670345901
0.032,0.0519179092033,0.0521553467881,0,10.5461179167,10.5659816022
0.03205,0.0524415079789,0.0521553467881,0,10.5461179167,10.3686828795
0.0321,0.0529651067545,0.053689327576,30.6796157577,10.5461179167,10.7479492141
0.03215,0.0534887055301,0.053689327576,0,10.5461179167,10.5472526076
0.0322,0.0540123043057,0.053689327576,0,10.0667489205,10.3503036117
0.03225,0.0545359030813,0.0552233083639,30.6796157577,10.5461179167,10.7299131426
0.0323,0.0550595018569,0.0552233083639,0,10.5461179167,10.529553324
0.03235,0.0555831006325,0.0552233083639,0,10.5461179167,10.3329348271
0.0324,0.0561066994081,0.0567572891518,30.6796157577,10.5461179167,10.7128686855
0.03245,0.0566302981837,0.0567572891518,0,10.5461179167,10.5128271383
0.0325,0.0571538969593,0.0567572891518,0,10.5461179167,10.3165209696
0.03255,0.0576774957349,0.0582912699397,30.6796157577,10.0667489205,10.6967613243
0.0326,0.0582010945105,0.0582912699397,0,10.5461179167,10.49702055
0.03265,0.0587246932861,0.0582912699397,0,10.5461179167,10.301009538
0.0327,0.0592482920617,0.0598252507275,30.6796157577,10.5461179167,10.6815395378
0.03275,0.0597718908373,0.0598252507275,0,10.5461179167,10.4820830002
0.0328,0.0602954896129,0.0598252507275,0,10.5461179167,10.2863509173
0.03285,0.0608190883885,0.0613592315154,30.6796157577,10.0667489205,10.6671546377
0.0329,0.0613426871641,0.0613592315154,0,10.5461179167,10.4679667095
0.03295,0.0618662859397,0.0613592315154,0,10.5461179167,10.2724982203
0.033,0.0623898847153,0.0628932123033,30.6796157577,10.5461179167,10.6535606124
0.03305,0.0629134834909,0.0628932123033,0,10.5461179167,10.4546265256
0.0331,0.0634370822665,0.0628932123033,0,10.5461179167,10.2594071378
0.03315,0.0639606810421,0.0644271930912,30.6796157577,10.5461179167,10.6407139799
0.0332,0.0644842798177,0.0644271930912,0,10.0667489205,10.4420197784
0.03325,0.0650078785933,0.0644271930912,0,10.5461179167,10.2470357966
0.0333,0.0655314773689,0.0659611738791,30.6796157577,10.5461179167,10.6285736489
0.03335,0.0660550761445,0.0659611738791,0,10.5461179167,10.430106144
0.0334,0.0665786749201,0.0659611738791,0,10.5461179167,10.2353446257
0.03345,0.0671022736957,0.067495154667,30.6796157577,10.5461179167,10.6171007873
0.0335,0.0676258724713,0.067495154667,0,10.0667489205,10.4188475154
0.03355,0.0681494712469,0.067495154667,0,10.5461179167,10.2242962296
0.0336,0.0686730700225,0.0690291354549,30.6796157577,10.5461179167,10.6062586981
0.03365,0.0691966687981,0.0690291354549,0,10.5461179167,10.4082078806
0.0337,0.0697202675737,0.0690291354549,0,10.5461179167,10.2138552689
0.03375,0.0702438663493,0.0705631162427,30.6796157577,10.5461179167,10.5960127016
0.0338,0.0707674651249,0.0705631162427,0,10.5461179167,10.3981532078
0.03385,0.0712910639005,0.0705631162427,0,10.0667489205,10.203988347
0.0339,0.0718146626761,0.0720970970306,30.6796157577,10.5461179167,10.5863300249
0.03395,0.0723382614517,0.0720970970306,0,10.5461179167,10.3886513359
0.034,0.0728618602273,0.0720970970306,0,10.5461179167,10.1946639037
0.03405,0.0733854590029,0.0736310778185,30.6796157577,10.5461179167,10.5771796971
0.0341,0.0739090577785,0.0736310778185,0,10.5461179167,10.3796718722
0.03415,0.0744326565541,0.0751650586064,30.6796157577,10.0667489205,10.7587330091
0.0342,0.0749562553297,0.0751650586064,0,10.5461179167,10.5578350367
0.03425,0.0754798541052,0.0751650586064,0,10.5461179167,10.360688435
0.0343,0.0760034528808,0.0766990393943,30.6796157577,10.5461179167,10.7401040499
0.03435,0.0765270516564,0.0766990393943,0,10.5461179167,10.5395539363
0.0344,0.077050650432,0.0766990393943,0,10.5461179167,10.3427486978
0.03445,0.0775742492076,0.0782330201822,30.6796157577,10.5461179167,10.7224993017
0.0345,0.0780978479832,0.0782330201822,0,10.0667489205,10.5222779219
0.03455,0.0786214467588,0.0782330201822,0,10.5461179167,10.3257952786
0.0346,0.0791450455344,0.0797670009701,30.6796157577,10.5461179167,10.7058624539
0.03465,0.07966864431,0.0797670009701,0,10.5461179167,10.5059517342
0.0347,0.0801922430856,0.0797670009701,0,10.5461179167,10.30977395
0.03475,0.0807158418612,0.0813009817579,30.6796157577,10.5461179167,10.6901402919
0.0348,0.0812394406368,0.0813009817579,0,10.0667489205,10.4905231522
0.03485,0.0817630394124,0.0813009817579,0,10.5461179167,10.2946334663
0.0349,0.082286638188,0.0828349625458,30.6796157577,10.5461179167,10.6752825265
0.03495,0.0828102369636,0.0828349625458,0,10.5461179167,10.4759428262
0.035,0.0833338357392,0.0828349625458,0,10.5461179167,10.2803253988
0.03505,0.0838574345148,0.0843689433337,30.6796157577,10.5461179167,10.6612416339
0.0351,0.0843810332904,0.0843689433337,0,10.5461179167,10.4621641193
0.03515,0.084904632066,0.0843689433337,0,10.0667489205,10.2668039819
0.0352,0.0854282308416,0.0859029241216,30.6796157577,10.5461179167,10.6479727025
0.03525,0.0859518296172,0.0859029241216,0,10.5461179167,10.4491429589
0.0353,0.0864754283928,0.0859029241216,0,10.5461179167,10.2540259659
0.03535,0.0869990271684,0.0874369049095,30.6796157577,10.5461179167,10.6354332906
0.0354,0.087522625944,0.0874369049095,0,10.5461179167,10.4368376955
0.03545,0.0880462247196,0.0874369049095,0,10.0667489205,10.2419504788
0.0355,0.0885698234952,0.0889708856974,30.6796157577,10.5461179167,10.6235832893
0.03555,0.0890934222708,0.0889708856974,0,10.5461179167,10.4252089695
0.0356,0.0896170210464,0.0889708856974,0,10.5461179167,10.2305388962
0.03565,0.090140619822,0.0905048664853,30.6796157577,10.5461179167,10.6123847953
0.0357,0.0906642185976,0.0905048664853,0,10.5461179167,10.4142195851
0.03575,0.0911878173732,0.0905048664853,0,10.0667489205,10.2197547167
0.0358,0.0917114161488,0.0920388472731,30.6796157577,10.5461179167,10.6018019889
0.03585,0.0922350149244,0.0920388472731,0,10.5461179167,10.4038343917
0.0359,0.0927586137,0.0920388472731,0,10.5461179167,10.2095634461
0.03595,0.0932822124756,0.093572828061,30.6796157577,10.5461179167,10.5918010201
0.036,0.0938058112512,0.093572828061,0,10.5461179167,10.3940201711
0.03605,0.0943294100268,0.093572828061,0,10.5461179167,10.1999324866
0.0361,0.0948530088024,0.0951068088489,30.6796157577,10.0667489205,10.5823498996
0.03615,0.095376607578,0.0951068088489,0,10.5461179167,10.3847455315
0.0362,0.0959002063536,0.0966407896368,30.6796157577,10.5461179167,10.7637119279
0.03625,0.0964238051292,0.0966407896368,0,10.5461179167,10.5627209841
0.0363,0.0969474039048,0.0966407896368,0,10.5461179167,10.365483147
0.03635,0.0974710026804,0.0981747704247,30.6796157577,10.5461179167,10.7448092302
0.0364,0.097994601456,0.0981747704247,0,10.0667489205,10.5441712567
0.03645,0.0985182002316,0.0981747704247,0,10.5461179167,10.3472797989
0.0365,0.0990417990072,0.0997087512126,30.6796157577,10.5461179167,10.7269457935
0.03655,0.0995653977828,0.0997087512126,0,10.5461179167,10.5266413842
0.0366,0.100088996558,0.0997087512126,0,10.5461179167,10.330077262
0.03665,0.100612595334,0.101242732,30.6796157577,10.5461179167,10.7100644798
0.0367,0.10113619411,0.101242732,0,10.5461179167,10.5100752955
0.03675,0.101659792885,0.101242732,0,10.0667489205,10.3138205121
0.0368,0.102183391661,0.102776712788,30.6796157577,10.5461179167,10.6941112924
0.03685,0.102706990436,0.102776712788,0,10.5461179167,10.4944200022
0.0369,0.103230589212,0.102776712788,0,10.5461179167,10.2984575503
0.03695,0.103754187988,0.104310693576,30.6796157577,10.5461179167,10.6790352034
0.037,0.104277786763,0.104310693576,0,10.5461179167,10.4796254293
0.03705,0.104801385539,0.104310693576,0,10.0667489205,10.2839392366
0.0371,0.105324984314,0.105844674364,30.6796157577,10.5461179167,10.6647879904
0.03715,0.10584858309,0.105844674364,0,10.5461179167,10.4656442546
0.0372,0.106372181866,0.105844674364,0,10.5461179167,10.2702191327
0.03725,0.106895780641,0.107378655152,30.6796157577,10.5461179167,10.6513240822
0.0373,0.107419379417,0.107378655152,0,10.5461179167,10.4524317581
0.03735,0.107942978192,0.107378655152,0,10.5461179167,10.2572533533
0.0374,0.108466576968,0.10891263594,30.6796157577,10.0667489205,10.638600413
0.03745,0.108990175744,0.10891263594,0,10.5461179167,10.4399456782
0.0375,0.109513774519,0.10891263594,0,10.5461179167,10.2450004261
0.03755,0.110037373295,0.110446616728,30.6796157577,10.5461179167,10.6265762849
0.0376,0.11056097207,0.110446616728,0,10.5461179167,10.4281460768
0.03765,0.111084570846,0.110446616728,0,10.5461179167,10.2334211588
0.0377,0.111608169622,0.111980597516,30.6796157577,10.0667489205,10.6152132374
0.03775,0.112131768397,0.111980597516,0,10.5461179167,10.4169952117
0.0378,0.112655367173,0.111980597516,0,10.5461179167,10.222478514
0.03785,0.113178965948,0.113514578304,30.6796157577,10.5461179167,10.6044749247
0.0379,0.113702564724,0.113514578304,0,10.5461179167,10.4064574157
0.03795,0.1142261635,0.113514578304,0,10.5461179167,10.2121374904
0.038,0.114749762275,0.115048559091,30.6796157577,10.5461179167,10.5943269992
0.03805,0.115273361051,0.115048559091,0,10.0667489205,10.3964989825
0.0381,0.115796959826,0.115048559091,0,10.5461179167,10.2023650112
0.03815,0.116320558602,0.116582539879,30.6796157577,10.5461179167,10.5847370016
0.0382,0.116844157378,0.116582539879,0,10.5461179167,10.3870880591
0.03825,0.117367756153,0.118116520667,30.6796157577,10.5461179167,10.7660107135
0.0383,0.117891354929,0.118116520667,0,10.5461179167,10.5649768444
0.03835,0.118414953704,0.118116520667,0,10.0667489205,10.3676968836
0.0384,0.11893855248,0.119650501455,30.6796157577,10.5461179167,10.7469816297
0.03845,0.119462151256,0.119650501455,0,10.5461179167,10.5463030909
0.0385,0.119985750031,0.119650501455,0,10.5461179167,10.3493718254
0.03855,0.120509348807,0.121184482243,30.6796157577,10.5461179167,10.7289987555
0.0386,0.121032947582,0.121184482243,0,10.5461179167,10.5286560112
0.03865,0.121556546358,0.121184482243,0,10.5461179167,10.3320542698
0.0387,0.122080145133,0.122718463031,30.6796157577,10.0667489205,10.7120045709
0.03875,0.122603743909,0.122718463031,0,10.5461179167,10.5119791593
0.0388,0.123127342685,0.122718463031,0,10.5461179167,10.315688825
0.03885,0.12365094146,0.124252443819,30.6796157577,10.5461179167,10.6959447183
0.0389,0.124174540236,0.124252443819,0,10.5461179167,10.4962191925
0.03895,0.124698139011,0.124252443819,0,10.5461179167,10.3002231443
0.039,0.125221737787,0.125786424607,30.6796157577,10.0667489205,10.6807678285
0.03905,0.125745336563,0.125786424607,0,10.5461179167,10.481325701
0.0391,0.126268935338,0.125786424607,0,10.5461179167,10.2856077591
0.03915,0.126792534114,0.127320405395,30.6796157577,10.5461179167,10.6664253566
0.0392,0.127316132889,0.127320405395,0,10.5461179167,10.4672510463
0.03925,0.127839731665,0.127320405395,0,10.5461179167,10.2717959206
0.0393,0.128363330441,0.128854386182,30.6796157577,10.5461179167,10.6528714267
0.03935,0.128886929216,0.128854386182,0,10.0667489205,10.4539502091
0.0394,0.129410527992,0.128854386182,0,10.5461179167,10.2587434502
0.03945,0.129934126767,0.13038836697,30.6796157577,10.5461179167,10.6400626853
0.0395,0.130457725543,0.13038836697,0,10.5461179167,10.4413806455
0.03955,0.130981324319,0.13038836697,0,10.5461179167,10.2464085983
0.0396,0.131504923094,0.131922347758,30.6796157577,10.5461179167,10.6279581622
0.03965,0.13202852187,0.131922347758,0,10.0667489205,10.4295021503
0.0397,0.132552120645,0.131922347758,0,10.5461179167,10.2347519104
0.03975,0.133075719421,0.133456328546,30.6796157577,10.5461179167,10.6165191398
0.0398,0.133599318197,0.133456328546,0,10.5461179167,10.418276729
0.03985,0.134122916972,0.133456328546,0,10.5461179167,10.2237361015
0.0399,0.134646515748,0.134990309334,30.6796157577,10.5461179167,10.6057090292
0.03995,0.135170114523,0.134990309334,0,10.5461179167,10.4076684758
0.04,0.135693713299,0.134990309334,0,10.0667489205,10.2133259363
0.04005,0.136217312075,0.136524290122,30.6796157577,10.5461179167,10.5954932532
0.0401,0.13674091085,0.136524290122,0,10.5461179167,10.3976434591
0.04015,0.137264509626,0.136524290122,0,10.5461179167,10.2034881169
0.0402,0.137788108401,0.13805827091,30.6796157577,10.5461179167,10.5858391356
0.04025,0.138311707177,0.13805827091,0,10.5461179167,10.3881696129
0.0403,0.138835305953,0.139592251698,30.6796157577,10.0667489205,10.7670720714
0.04035,0.139358904728,0.139592251698,0,10.5461179167,10.5660183836
0.0404,0.139882503504,0.139592251698,0,10.5461179167,10.3687189741
0.04045,0.140406102279,0.141126232485,30.6796157577,10.5461179167,10.7479846347
0.0405,0.140929701055,0.141126232485,0,10.5461179167,10.5472873668
0.04055,0.141453299831,0.141126232485,0,10.5461179167,10.3503377219
0.0406,0.141976898606,0.142660213273,30.6796157577,10.0667489205,10.7299466158
0.04065,0.142500497382,0.142660213273,0,10.5461179167,10.5295861721
0.0407,0.143024096157,0.142660213273,0,10.5461179167,10.3329670618
0.04075,0.143547694933,0.144194194061,30.6796157577,10.5461179167,10.7129003183
0.0408,0.144071293709,0.144194194061,0,10.5461179167,10.5128581804
0.04085,0.144594892484,0.144194194061,0,10.5461179167,10.3165514321
0.0409,0.14511849126,0.145728174849,30.6796157577,10.5461179167,10.6967912179
0.04095,0.145642090035,0.145728174849,0,10.0667489205,10.4970498855
0.041,0.146165688811,0.145728174849,0,10.5461179167,10.3010383257
0.04105,0.146689287587,0.147262155637,30.6796157577,10.5461179167,10.681567788
0.0411,0.147212886362,0.147262155637,0,10.5461179167,10.4821107228
0.04115,0.147736485138,0.147262155637,0,10.5461179167,10.2863781223
0.0412,0.148260083913,0.148796136425,30.6796157577,10.5461179167,10.6671813347
0.04125,0.148783682689,0.148796136425,0,10.0667489205,10.467992908
0.0413,0.149307281465,0.148796136425,0,10.5461179167,10.2725239296
0.04135,0.14983088024,0.150330117213,30.6796157577,10.5461179167,10.6535858416
0.0414,0.150354479016,0.150330117213,0,10.5461179167,10.4546512837
0.04145,0.150878077791,0.150330117213,0,10.5461179167,10.2594314336
0.0415,0.151401676567,0.151864098001,30.6796157577,10.5461179167,10.6407378219
0.04155,0.151925275343,0.151864098001,0,10.5461179167,10.4420431753
0.0416,0.152448874118,0.151864098001,0,10.0667489205,10.2470587566
0.04165,0.152972472894,0.153398078789,30.6796157577,10.5461179167,10.6285961801
0.0417,0.153496071669,0.153398078789,0,10.5461179167,10.4301282546
0.04175,0.154019670445,0.153398078789,0,10.5461179167,10.2353663234
0.0418,0.154543269221,0.154932059576,30.6796157577,10.5461179167,10.6171220798
0.04185,0.155066867996,0.154932059576,0,10.5461179167,10.4188684103
0.0419,0.155590466772,0.154932059576,0,10.0667489205,10.2243167343
0.04195,0.156114065547,0.156466040364,30.6796157577,10.5461179167,10.6062788199
0.042,0.156637664323,0.156466040364,0,10.5461179167,10.4082276267
0.04205,0.157161263099,0.156466040364,0,10.5461179167,10.2138746463
0.0421,0.157684861874,0.158000021152,30.6796157577,10.5461179167,10.5960317171
0.04215,0.15820846065,0.158000021152,0,10.5461179167,10.3981718682
0.0422,0.158732059425,0.158000021152,0,10.5461179167,10.2040066591
0.04225,0.159255658201,0.15953400194,30.6796157577,10.0667489205,10.586347995
0.0423,0.159779256977,0.15953400194,0,10.5461179167,10.3886689704
0.04235,0.160302855752,0.161067982728,30.6796157577,10.5461179167,10.7675621044
0.0424,0.160826454528,0.161067982728,0,10.5461179167,10.5664992662
0.04245,0.161350053303,0.161067982728,0,10.5461179167,10.3691908771
0.0425,0.161873652079,0.162601963516,30.6796157577,10.5461179167,10.7484477259
0.04255,0.162397250855,0.162601963516,0,10.0667489205,10.5477418107
0.0426,0.16292084963,0.162601963516,0,10.5461179167,10.3507836799
0.04265,0.163444448406,0.164135944304,30.6796157577,10.5461179167,10.7303842465
0.0427,0.163968047181,0.164135944304,0,10.5461179167,10.5300156309
0.04275,0.164491645957,0.164135944304,0,10.5461179167,10.3333885013
0.0428,0.165015244733,0.165669925092,30.6796157577,10.5461179167,10.7133138883
0.04285,0.165538843508,0.165669925092,0,10.5461179167,10.5132640278
0.0429,0.166062442284,0.165669925092,0,10.0667489205,10.3169497011
0.04295,0.166586041059,0.16720390588,30.6796157577,10.5461179167,10.69718205
0.043,0.167109639835,0.16720390588,0,10.5461179167,10.4974334195
0.04305,0.167633238611,0.16720390588,0,10.5461179167,10.301414698
0.0431,0.168156837386,0.168737886667,30.6796157577,10.5461179167,10.6819371323
0.04315,0.168680436162,0.168737886667,0,10.5461179167,10.4824731704
0.0432,0.169204034937,0.168737886667,0,10.0667489205,10.2867338018
0.04325,0.169727633713,0.170271867455,30.6796157577,10.5461179167,10.6675303726
0.0433,0.170251232489,0.170271867455,0,10.5461179167,10.4683354284
0.04335,0.170774831264,0.170271867455,0,10.5461179167,10.2728600541
0.0434,0.17129843004,0.171805848243,30.6796157577,10.5461179167,10.6539156896
0.04345,0.171822028815,0.171805848243,0,10.5461179167,10.4549749724
0.0435,0.172345627591,0.171805848243,0,10.5461179167,10.2597490781
0.04355,0.172869226367,0.173339829031,30.6796157577,10.0667489205,10.6410495351
0.0436,0.173392825142,0.173339829031,0,10.5461179167,10.4423490678
0.04365,0.173916423918,0.173339829031,0,10.5461179167,10.2473589372
0.0437,0.174440022693,0.174873809819,30.6796157577,10.5461179167,10.6288907554
0.04375,0.174963621469,0.174873809819,0,10.5461179167,10.4304173293
0.0438,0.175487220245,0.174873809819,0,10.5461179167,10.2356500002
0.04385,0.17601081902,0.176407790607,30.6796157577,10.0667489205,10.6174004595
0.0439,0.176534417796,0.176407790607,0,10.5461179167,10.4191415918
0.04395,0.177058016571,0.176407790607,0,10.5461179167,10.2245848147
0.044,0.177581615347,0.177941771395,30.6796157577,10.5461179167,10.6065418945
0.04405,0.178105214123,0.177941771395,0,10.5461179167,10.4084857889
0.0441,0.178628812898,0.177941771395,0,10.5461179167,10.2141279877
0.04415,0.179152411674,0.179475752183,30.6796157577,10.5461179167,10.5962803279
0.0442,0.179676010449,0.179475752183,0,10.0667489205,10.3984158367
0.04425,0.180199609225,0.179475752183,0,10.5461179167,10.2042460719
0.0443,0.180723208001,0.181009732971,30.6796157577,10.5461179167,10.5865829373
0.04435,0.181246806776,0.181009732971,0,10.5461179167,10.3888995256
0.0444,0.181770405552,0.181009732971,0,10.5461179167,10.194907459
0.04445,0.182294004327,0.182543713758,30.6796157577,10.5461179167,10.5774187045
0.0445,0.182817603103,0.182543713758,0,10.0667489205,10.3799064166
0.04455,0.183341201878,0.184077694546,30.6796157577,10.5461179167,10.7589631739
0.0446,0.183864800654,0.184077694546,0,10.5461179167,10.5580609036
0.04465,0.18438839943,0.184077694546,0,10.5461179167,10.3609100843
0.0447,0.184911998205,0.185611675334,30.6796157577,10.5461179167,10.7403215603
0.04475,0.185435596981,0.185611675334,0,10.5461179167,10.5397673852
0.0448,0.185959195756,0.185611675334,0,10.0667489205,10.3429581609
0.04485,0.186482794532,0.187145656122,30.6796157577,10.5461179167,10.7227048535
0.0449,0.187006393308,0.187145656122,0,10.5461179167,10.5224796354
0.04495,0.187529992083,0.187145656122,0,10.5461179167,10.3259932255
0.045,0.188053590859,0.18867963691,30.6796157577,10.5461179167,10.7060567046
0.04505,0.188577189634,0.18867963691,0,10.5461179167,10.5061423576
0.0451,0.18910078841,0.18867963691,0,10.5461179167,10.309961014
0.04515,0.189624387186,0.190213617698,30.6796157577,10.0667489205,10.6903238627
0.0452,0.190147985961,0.190213617698,0,10.5461179167,10.4907032953
0.04525,0.190671584737,0.190213617698,0,10.5461179167,10.2948102455
0.0453,0.191195183512,0.191747598486,30.6796157577,10.5461179167,10.6754560048
0.04535,0.191718782288,0.191747598486,0,10.5461179167,10.476113065
0.0454,0.192242381064,0.191747598486,0,10.5461179167,10.2804924588
0.04545,0.192765979839,0.193281579274,30.6796157577,10.0667489205,10.6614055743
0.0455,0.193289578615,0.193281579274,0,10.5461179167,10.4623249985
0.04555,0.19381317739,0.193281579274,0,10.5461179167,10.266961857
0.0456,0.194336776166,0.194815560061,30.6796157577,10.5461179167,10.6481276297
0.04565,0.194860374942,0.194815560061,0,10.5461179167,10.4492949931
0.0457,0.195383973717,0.194815560061,0,10.5461179167,10.2541751611
0.04575,0.195907572493,0.196349540849,30.6796157577,10.5461179167,10.6355796999
0.0458,0.196431171268,0.196349540849,0,10.0667489205,10.4369813709
0.04585,0.196954770044,0.196349540849,0,10.5461179167,10.2420914714
0.0459,0.19747836882,0.197883521637,30.6796157577,10.5461179167,10.6237216491
0.04595,0.198001967595,0.197883521637,0,10.5461179167,10.4253447457
0.046,0.198525566371,0.197883521637,0,10.5461179167,10.230672137
0.04605,0.199049165146,0.199417502425,30.6796157577,10.5461179167,10.6125155481
0.0461,0.199572763922,0.199417502425,0,10.0667489205,10.4143478964
0.04615,0.200096362698,0.199417502425,0,10.5461179167,10.219880632
0.0462,0.200619961473,0.200951483213,30.6796157577,10.5461179167,10.601925553
0.04625,0.201143560249,0.200951483213,0,10.5461179167,10.4039556485
0.0463,0.201667159024,0.200951483213,0,10.5461179167,10.2096824387
0.04635,0.2021907578,0.202485464001,30.6796157577,10.5461179167,10.5919177907
0.0464,0.202714356576,0.202485464001,0,10.5461179167,10.3941347612
0.04645,0.203237955351,0.202485464001,0,10.0667489205,10.200044937
0.0465,0.203761554127,0.204019444789,30.6796157577,10.5461179167,10.5824602502
0.04655,0.204285152902,0.204019444789,0,10.5461179167,10.3848538215
0.0466,0.204808751678,0.205553425577,30.6796157577,10.5461179167,10.7638181959
0.04665,0.205332350454,0.205553425577,0,10.5461179167,10.5628252677
0.0467,0.205855949229,0.205553425577,0,10.5461179167,10.3655854833
0.04675,0.206379548005,0.207087406365,30.6796157577,10.0667489205,10.7449096556
0.0468,0.20690314678,0.207087406365,0,10.5461179167,10.5442698069
0.04685,0.207426745556,0.207087406365,0,10.5461179167,10.3473765088
0.0469,0.207950344332,0.208621387152,30.6796157577,10.5461179167,10.7270406975
0.04695,0.208473943107,0.208621387152,0,10.5461179167,10.5267345161
0.047,0.208997541883,0.208621387152,0,10.5461179167,10.3301686548
0.04705,0.209521140658,0.21015536794,30.6796157577,10.5461179167,10.7101541661
0.0471,0.210044739434,0.21015536794,0,10.0667489205,10.5101633071
0.04715,0.21056833821,0.21015536794,0,10.5461179167,10.3139068802
0.0472,0.211091936985,0.211689348728,30.6796157577,10.5461179167,10.6941960478
0.04725,0.211615535761,0.211689348728,0,10.5461179167,10.4945031749
0.0473,0.212139134536,0.211689348728,0,10.5461179167,10.2985391699
0.04735,0.212662733312,0.213223329516,30.6796157577,10.5461179167,10.679115299
0.0474,0.213186332088,0.213223329516,0,10.0667489205,10.4797040292
0.04745,0.213709930863,0.213223329516,0,10.5461179167,10.2840163688
0.0475,0.214233529639,0.214757310304,30.6796157577,10.5461179167,10.6648636823
0.04755,0.214757128414,0.214757310304,0,10.5461179167,10.4657185332
0.0476,0.21528072719,0.214757310304,0,10.5461179167,10.2702920242
0.04765,0.215804325966,0.216291291092,30.6796157577,10.5461179167,10.6513956126
0.0477,0.216327924741,0.216291291092,0,10.5461179167,10.4525019529
0.04775,0.216851523517,0.216291291092,0,10.0667489205,10.2573222373
0.0478,0.217375122292,0.21782527188,30.6796157577,10.5461179167,10.6386680107
0.04785,0.217898721068,0.21782527188,0,10.5461179167,10.4400120137
0.0479,0.218422319844,0.21782527188,0,10.5461179167,10.2450655229
0.04795,0.218945918619,0.219359252668,30.6796157577,10.5461179167,10.6266401661
0.048,0.219469517395,0.219359252668,0,10.5461179167,10.4282087652
0.04805,0.21999311617,0.219359252668,0,10.0667489205,10.2334826766
0.0481,0.220516714946,0.220893233456,30.6796157577,10.5461179167,10.6152736065
0.04815,0.221040313722,0.220893233456,0,10.5461179167,10.4170544535
0.0482,0.221563912497,0.220893233456,0,10.5461179167,10.2225366496
0.04825,0.222087511273,0.222427214243,30.6796157577,10.5461179167,10.6045319747
0.0483,0.222611110048,0.222427214243,0,10.5461179167,10.4065134004
0.04835,0.223134708824,0.222427214243,0,10.5461179167,10.2121924297
0.0484,0.2236583076,0.223961195031,30.6796157577,10.0667489205,10.5943809126
0.04845,0.224181906375,0.223961195031,0,10.5461179167,10.3965518892
0.0485,0.224705505151,0.223961195031,0,10.5461179167,10.20241693
0.04855,0.225229103926,0.225495175819,30.6796157577,10.5461179167,10.5847879509
0.0486,0.225752702702,0.225495175819,0,10.5461179167,10.387138057
0.04865,0.226276301478,0.227029156607,30.6796157577,10.5461179167,10.7660597778
0.0487,0.226799900253,0.227029156607,0,10.0667489205,10.5650249925
0.04875,0.227323499029,0.227029156607,0,10.5461179167,10.3677441326
0.0488,0.227847097804,0.228563137395,30.6796157577,10.5461179167,10.7470279964
0.04885,0.22837069658,0.228563137395,0,10.5461179167,10.5463485919
0.0489,0.228894295356,0.228563137395,0,10.5461179167,10.3494164767
0.04895,0.229417894131,0.230097118183,30.6796157577,10.5461179167,10.7290425731
0.049,0.229941492907,0.230097118183,0,10.5461179167,10.5286990106
0.04905,0.230465091682,0.230097118183,0,10.0667489205,10.3320964663
0.0491,0.230988690458,0.231631098971,30.6796157577,10.5461179167,10.7120459794
0.04915,0.231512289234,0.231631098971,0,10.5461179167,10.5120197946
0.0492,0.232035888009,0.231631098971,0,10.5461179167,10.3157287015
0.04925,0.232559486785,0.233165079759,30.6796157577,10.5461179167,10.6959838502
0.0493,0.23308308556,0.233165079759,0,10.5461179167,10.4962575937
0.04935,0.233606684336,0.233165079759,0,10.0667489205,10.3002608284
0.0494,0.234130283112,0.234699060547,30.6796157577,10.5461179167,10.6808048089
0.04945,0.234653881887,0.234699060547,0,10.5461179167,10.4813619909
0.0495,0.235177480663,0.234699060547,0,10.5461179167,10.2856433714
0.04955,0.235701079438,0.236233041334,30.6796157577,10.5461179167,10.6664603038
0.0496,0.236224678214,0.236233041334,0,10.5461179167,10.4672853409
0.04965,0.23674827699,0.236233041334,0,10.0667489205,10.2718295749
0.0497,0.237271875765,0.237767022122,30.6796157577,10.5461179167,10.6529044526
0.04975,0.237795474541,0.237767022122,0,10.5461179167,10.4539826183
0.0498,0.238319073316,0.237767022122,0,10.5461179167,10.2587752542
0.04985,0.238842672092,0.23930100291,30.6796157577,10.5461179167,10.6400938954
0.0499,0.239366270868,0.23930100291,0,10.5461179167,10.4414112729
0.04995,0.239889869643,0.23930100291,0,10.5461179167,10.2464386537
0.05,0.240413468419,0.240834983698,30.6796157577,10.0667489205,10.6279876564
0.05005,0.240937067194,0.240834983698,0,10.5461179167,10.4295310938
0.0501,0.24146066597,0.240834983698,0,10.5461179167,10.2347803134
0.05015,0.241984264746,0.242368964486,30.6796157577,10.5461179167,10.6165470124
0.0502,0.242507863521,0.242368964486,0,10.5461179167,10.4183040811
0.05025,0.243031462297,0.242368964486,0,10.5461179167,10.2237629429
0.0503,0.243555061072,0.243902945274,30.6796157577,10.0667489205,10.6057353694
0.05035,0.244078659848,0.243902945274,0,10.5461179167,10.4076943241
0.0504,0.244602258623,0.243902945274,0,10.5461179167,10.213351302
0.05045,0.245125857399,0.245436926062,30.6796157577,10.5461179167,10.5955181453
0.0505,0.245649456175,0.245436926062,0,10.5461179167,10.3976678863
0.05055,0.24617305495,0.245436926062,0,10.5461179167,10.203512088
0.0506,0.246696653726,0.24697090685,30.6796157577,10.5461179167,10.5858626591
0.05065,0.247220252501,0.24697090685,0,10.0667489205,10.3881926972
0.0507,0.247743851277,0.248504887637,30.6796157577,10.5461179167,10.7670947246
0.05075,0.248267450053,0.248504887637,0,10.5461179167,10.5660406138
0.0508,0.248791048828,0.248504887637,0,10.5461179167,10.3687407892
0.05085,0.249314647604,0.250038868425,30.6796157577,10.5461179167,10.7480060424
0.0509,0.249838246379,0.250038868425,0,10.5461179167,10.5473083748
0.05095,0.250361845155,0.250038868425,0,10.0667489205,10.3503583375
0.051,0.250885443931,0.251572849213,30.6796157577,10.5461179167,10.7299668465
0.05105,0.251409042706,0.251572849213,0,10.5461179167,10.5296060251
0.0511,0.251932641482,0.251572849213,0,10.5461179167,10.3329865441
0.05115,0.252456240257,0.253106830001,30.6796157577,10.5461179167,10.7129194368
0.0512,0.252979839033,0.253106830001,0,10.5461179167,10.5128769419
0.05125,0.253503437809,0.253106830001,0,10.5461179167,10.3165698433
0.0513,0.254027036584,0.254640810789,30.6796157577,10.0667489205,10.6968092853
0.05135,0.25455063536,0.254640810789,0,10.5461179167,10.4970676154
0.0514,0.255074234135,0.254640810789,0,10.5461179167,10.3010557246
0.05145,0.255597832911,0.256174791577,30.6796157577,10.5461179167,10.681584862
0.0515,0.256121431687,0.256174791577,0,10.5461179167,10.482127478
0.05155,0.256645030462,0.256174791577,0,10.5461179167,10.2863945646
0.0516,0.257168629238,0.257708772365,30.6796157577,10.0667489205,10.66719747
0.05165,0.257692228013,0.257708772365,0,10.5461179167,10.468008742
0.0517,0.258215826789,0.257708772365,0,10.5461179167,10.2725394679
0.05175,0.258739425565,0.259242753153,30.6796157577,10.5461179167,10.6536010897
0.0518,0.25926302434,0.259242753153,0,10.5461179167,10.4546662471
0.05185,0.259786623116,0.259242753153,0,10.5461179167,10.2594461176
0.0519,0.260310221891,0.260776733941,30.6796157577,10.5461179167,10.6407522318
0.05195,0.260833820667,0.260776733941,0,10.0667489205,10.4420573161
0.052,0.261357419443,0.260776733941,0,10.5461179167,10.2470726333
0.05205,0.261881018218,0.262310714728,30.6796157577,10.5461179167,10.6286097977
0.0521,0.262404616994,0.262310714728,0,10.5461179167,10.4301416179
0.05215,0.262928215769,0.262310714728,0,10.5461179167,10.2353794371
0.0522,0.263451814545,0.263844695516,30.6796157577,10.5461179167,10.6171349487
0.05225,0.263975413321,0.263844695516,0,10.0667489205,10.4188810389
0.0523,0.264499012096,0.263844695516,0,10.5461179167,10.2243291271
0.05235,0.265022610872,0.265378676304,30.6796157577,10.5461179167,10.6062909813
0.0524,0.265546209647,0.265378676304,0,10.5461179167,10.408239561
0.05245,0.266069808423,0.265378676304,0,10.5461179167,10.2138863577
0.0525,0.266593407199,0.266912657092,30.6796157577,10.5461179167,10.5960432099
0.05255,0.267117005974,0.266912657092,0,10.5461179167,10.3981831464
0.0526,0.26764060475,0.266912657092,0,10.0667489205,10.2040177266
0.05265,0.268164203525,0.26844663788,30.6796157577,10.5461179167,10.5863588559
0.0527,0.268687802301,0.26844663788,0,10.5461179167,10.3886796285
0.05275,0.269211401077,0.26844663788,0,10.5461179167,10.194691668
0.0528,0.269734999852,0.269980618668,30.6796157577,10.5461179167,10.5772069429
0.05285,0.270258598628,0.269980618668,0,10.5461179167,10.3796986093
0.0529,0.270782197403,0.271514599456,30.6796157577,10.0667489205,10.758759247
0.05295,0.271305796179,0.271514599456,0,10.5461179167,10.5578607846
0.053,0.271829394955,0.271514599456,0,10.5461179167,10.3607137021
0.05305,0.27235299373,0.273048580244,30.6796157577,10.5461179167,10.7401288452
0.0531,0.272876592506,0.273048580244,0,10.5461179167,10.5395782686
0.05315,0.273400191281,0.273048580244,0,10.5461179167,10.3427725758
0.0532,0.273923790057,0.274582561032,30.6796157577,10.5461179167,10.7225227338
0.05325,0.274447388833,0.274582561032,0,10.0667489205,10.5223009164
0.0533,0.274970987608,0.274582561032,0,10.5461179167,10.3258178438
0.05335,0.275494586384,0.276116541819,30.6796157577,10.5461179167,10.7058845977
0.0534,0.276018185159,0.276116541819,0,10.5461179167,10.5059734644
0.05345,0.276541783935,0.276116541819,0,10.5461179167,10.3097952746
0.0535,0.277065382711,0.277650522607,30.6796157577,10.5461179167,10.6901612182
0.05355,0.277588981486,0.277650522607,0,10.0667489205,10.4905436878
0.0536,0.278112580262,0.277650522607,0,10.5461179167,10.2946536184
0.05365,0.278636179037,0.279184503395,30.6796157577,10.5461179167,10.6753023024
0.0537,0.279159777813,0.279184503395,0,10.5461179167,10.4759622327
0.05375,0.279683376589,0.279184503395,0,10.5461179167,10.280344443
0.0538,0.280206975364,0.280718484183,30.6796157577,10.5461179167,10.6612603224
0.05385,0.28073057414,0.280718484183,0,10.5461179167,10.4621824588
0.0539,0.281254172915,0.280718484183,0,10.0667489205,10.266821979
0.05395,0.281777771691,0.282252464971,30.6796157577,10.5461179167,10.6479903636
0.054,0.282301370467,0.282252464971,0,10.5461179167,10.4491602902
0.05405,0.282824969242,0.282252464971,0,10.5461179167,10.2540429735
0.0541,0.283348568018,0.283786445759,30.6796157577,10.5461179167,10.6354499806
0.05415,0.283872166793,0.283786445759,0,10.5461179167,10.4368540739
0.0542,0.284395765569,0.283786445759,0,10.0667489205,10.2419665514
0.05425,0.284919364345,0.285320426547,30.6796157577,10.5461179167,10.6235990617
0.0543,0.28544296312,0.285320426547,0,10.5461179167,10.4252244474
0.05435,0.285966561896,0.285320426547,0,10.5461179167,10.2305540851
0.0544,0.286490160671,0.286854407335,30.6796157577,10.5461179167,10.6123997006
0.05445,0.287013759447,0.286854407335,0,10.5461179167,10.4142342121
0.0545,0.287537358223,0.286854407335,0,10.0667489205,10.2197690705
0.05455,0.288060956998,0.288388388123,30.6796157577,10.5461179167,10.6018160747
0.0546,0.288584555774,0.288388388123,0,10.5461179167,10.4038482145
0.05465,0.289108154549,0.288388388123,0,10.5461179167,10.2095770108
0.0547,0.289631753325,0.28992236891,30.6796157577,10.5461179167,10.5918143315
0.05475,0.290155352101,0.28992236891,0,10.5461179167,10.3940332339
0.0548,0.290678950876,0.28992236891,0,10.5461179167,10.1999453055
0.05485,0.291202549652,0.291456349698,30.6796157577,10.0667489205,10.5823624791
0.0549,0.291726148427,0.291456349698,0,10.5461179167,10.3847578761
0.05495,0.292249747203,0.292990330486,30.6796157577,10.5461179167,10.763724042
0.055,0.292773345979,0.292990330486,0,10.5461179167,10.562732872
0.05505,0.293296944754,0.292990330486,0,10.5461179167,10.3654948129
0.0551,0.29382054353,0.294524311274,30.6796157577,10.5461179167,10.7448206783
0.05515,0.294344142305,0.294524311274,0,10.0667489205,10.544182491
0.0552,0.294867741081,0.294524311274,0,10.5461179167,10.3472908235
0.05525,0.295391339857,0.296058292062,30.6796157577,10.5461179167,10.7269566122
0.0553,0.295914938632,0.296058292062,0,10.5461179167,10.5266520009
0.05535,0.296438537408,0.296058292062,0,10.5461179167,10.3300876804
0.0554,0.296962136183,0.29759227285,30.6796157577,10.5461179167,10.7100747037
0.05545,0.297485734959,0.29759227285,0,10.5461179167,10.5100853285
0.0555,0.298009333735,0.29759227285,0,10.0667489205,10.3138303577
0.05555,0.29853293251,0.299126253638,30.6796157577,10.5461179167,10.6941209542
0.0556,0.299056531286,0.299126253638,0,10.5461179167,10.4944294836
0.05565,0.299580130061,0.299126253638,0,10.5461179167,10.2984668546
0.0557,0.300103728837,0.300660234426,30.6796157577,10.5461179167,10.679044334
0.05575,0.300627327613,0.300660234426,0,10.5461179167,10.4796343893
0.0558,0.301150926388,0.300660234426,0,10.0667489205,10.2839480294
0.05585,0.301674525164,0.302194215213,30.6796157577,10.5461179167,10.664796619
0.0559,0.302198123939,0.302194215213,0,10.5461179167,10.4656527221
0.05595,0.302721722715,0.302194215213,0,10.5461179167,10.270227442
0.056,0.303245321491,0.303728196001,30.6796157577,10.5461179167,10.6513322363
0.05605,0.303768920266,0.303728196001,0,10.5461179167,10.4524397601
0.0561,0.304292519042,0.303728196001,0,10.5461179167,10.2572612058
0.05615,0.304816117817,0.305262176789,30.6796157577,10.0667489205,10.6386081188
0.0562,0.305339716593,0.305262176789,0,10.5461179167,10.4399532402
0.05625,0.305863315368,0.305262176789,0,10.5461179167,10.2450078469
0.0563,0.306386914144,0.306796157577,30.6796157577,10.5461179167,10.6265835671
0.05635,0.30691051292,0.306796157577,0,10.5461179167,10.428153223
0.0564,0.307434111695,0.306796157577,0,10.5461179167,10.2334281716
0.05645,0.307957710471,0.308330138365,30.6796157577,10.0667489205,10.6152201192
0.0565,0.308481309246,0.308330138365,0,10.5461179167,10.417001965
0.05655,0.309004908022,0.308330138365,0,10.5461179167,10.2224851412
0.0566,0.309528506798,0.309864119153,30.6796157577,10.5461179167,10.6044814282
0.05665,0.310052105573,0.309864119153,0,10.5461179167,10.4064637977
0.0567,0.310575704349,0.309864119153,0,10.5461179167,10.2121437532
0.05675,0.311099303124,0.311398099941,30.6796157577,10.5461179167,10.5943331451
0.0568,0.3116229019,0.311398099941,0,10.0667489205,10.3965050137
0.05685,0.312146500676,0.311398099941,0,10.5461179167,10.2023709297
0.0569,0.312670099451,0.312932080729,30.6796157577,10.5461179167,10.5847428096
0.05695,0.313193698227,0.312932080729,0,10.5461179167,10.3870937587
0.057,0.313717297002,0.314466061517,30.6796157577,10.5461179167,10.7660163066
0.05705,0.314240895778,0.314466061517,0,10.5461179167,10.5649823331
0.0571,0.314764494554,0.314466061517,0,10.0667489205,10.3677022698
0.05715,0.315288093329,0.316000042304,30.6796157577,10.5461179167,10.7469869153
0.0572,0.315811692105,0.316000042304,0,10.5461179167,10.5463082779
0.05725,0.31633529088,0.316000042304,0,10.5461179167,10.3493769154
0.0573,0.316858889656,0.317534023092,30.6796157577,10.5461179167,10.7290037505
0.05735,0.317382488432,0.317534023092,0,10.5461179167,10.528660913
0.0574,0.317906087207,0.317534023092,0,10.5461179167,10.3320590801
0.05745,0.318429685983,0.31906800388,30.6796157577,10.0667489205,10.7120092913
0.0575,0.318953284758,0.31906800388,0,10.5461179167,10.5119837916
0.05755,0.319476883534,0.31906800388,0,10.5461179167,10.3156933708
0.0576,0.32000048231,0.320601984668,30.6796157577,10.5461179167,10.6959491792
0.05765,0.320524081085,0.320601984668,0,10.5461179167,10.4962235701
0.0577,0.321047679861,0.320601984668,0,10.5461179167,10.3002274401
0.05775,0.321571278636,0.322135965456,30.6796157577,10.0667489205,10.6807720441
0.0578,0.322094877412,0.322135965456,0,10.5461179167,10.4813298379
0.05785,0.322618476188,0.322135965456,0,10.5461179167,10.2856118188
0.0579,0.323142074963,0.323669946244,30.6796157577,10.5461179167,10.6664293404
0.05795,0.323665673739,0.323669946244,0,10.5461179167,10.4672549557
0.058,0.324189272514,0.323669946244,0,10.5461179167,10.2717997571
0.05805,0.32471287129,0.325203927032,30.6796157577,10.5461179167,10.6528751915
0.0581,0.325236470066,0.325203927032,0,10.0667489205,10.4539539037
0.05815,0.325760068841,0.325203927032,0,10.5461179167,10.2587470758
0.0582,0.326283667617,0.32673790782,30.6796157577,10.5461179167,10.6400662431
0.05825,0.326807266392,0.32673790782,0,10.5461179167,10.4413841369
0.0583,0.327330865168,0.32673790782,0,10.5461179167,10.2464120245
0.05835,0.327854463944,0.328271888608,30.6796157577,10.5461179167,10.6279615244
0.0584,0.328378062719,0.328271888608,0,10.0667489205,10.4295054498
0.05845,0.328901661495,0.328271888608,0,10.5461179167,10.2347551482
0.0585,0.32942526027,0.329805869395,30.6796157577,10.5461179167,10.6165223172
0.05855,0.329948859046,0.329805869395,0,10.5461179167,10.418279847
0.0586,0.330472457822,0.329805869395,0,10.5461179167,10.2237391613
0.05865,0.330996056597,0.331339850183,30.6796157577,10.5461179167,10.6057120319
0.0587,0.331519655373,0.331339850183,0,10.5461179167,10.4076714224
0.05875,0.332043254148,0.331339850183,0,10.0667489205,10.2133288279
0.0588,0.332566852924,0.332873830971,30.6796157577,10.5461179167,10.5954960908
0.05885,0.3330904517,0.332873830971,0,10.5461179167,10.3976462437
0.0589,0.333614050475,0.332873830971,0,10.5461179167,10.2034908495
0.05895,0.334137649251,0.334407811759,30.6796157577,10.5461179167,10.5858418172
0.059,0.334661248026,0.334407811759,0,10.5461179167,10.3881722444
0.05905,0.335184846802,0.335941792547,30.6796157577,10.0667489205,10.7670746538
0.0591,0.335708445578,0.335941792547,0,10.5461179167,10.5660209178
0.05915,0.336232044353,0.335941792547,0,10.5461179167,10.3687214609
0.0592,0.336755643129,0.337475773335,30.6796157577,10.5461179167,10.7479870751
0.05925,0.337279241904,0.337475773335,0,10.5461179167,10.5472897616
0.0593,0.33780284068,0.337475773335,0,10.5461179167,10.350340072
0.05935,0.338326439456,0.339009754123,30.6796157577,10.0667489205,10.729948922
0.0594,0.338850038231,0.339009754123,0,10.5461179167,10.5295884353
0.05945,0.339373637007,0.339009754123,0,10.5461179167,10.3329692827
0.0595,0.339897235782,0.340543734911,30.6796157577,10.5461179167,10.7129024978
0.05955,0.340420834558,0.340543734911,0,10.5461179167,10.5128603191
0.0596,0.340944433334,0.340543734911,0,10.5461179167,10.3165535309
0.05965,0.341468032109,0.342077715698,30.6796157577,10.5461179167,10.6967932775
0.0597,0.341991630885,0.342077715698,0,10.0667489205,10.4970519066
0.05975,0.34251522966,0.342077715698,0,10.5461179167,10.3010403091
0.0598,0.343038828436,0.343611696486,30.6796157577,10.5461179167,10.6815697343
0.05985,0.343562427212,0.343611696486,0,10.5461179167,10.4821126328
0.0599,0.344086025987,0.343611696486,0,10.5461179167,10.2863799966
0.05995,0.344609624763,0.345145677274,30.6796157577,10.5461179167,10.6671831741
0.06,0.345133223538,0.345145677274,0,10.0667489205,10.467994713
0.06005,0.345656822314,0.345145677274,0,10.5461179167,10.2725257009
0.0601,0.34618042109,0.346679658062,30.6796157577,10.5461179167,10.6535875798
0.06015,0.346704019865,0.346679658062,0,10.5461179167,10.4546529895
0.0602,0.347227618641,0.346679658062,0,10.5461179167,10.2594331075
0.06025,0.347751217416,0.34821363885,30.6796157577,10.5461179167,10.6407394646
0.0603,0.348274816192,0.34821363885,0,10.5461179167,10.4420447873
0.06035,0.348798414968,0.34821363885,0,10.0667489205,10.2470603385
0.0604,0.349322013743,0.349747619638,30.6796157577,10.5461179167,10.6285977325
0.06045,0.349845612519,0.349747619638,0,10.5461179167,10.4301297779
0.0605,0.350369211294,0.349747619638,0,10.5461179167,10.2353678183
0.06055,0.35089281007,0.351281600426,30.6796157577,10.5461179167,10.6171235468
0.0606,0.351416408846,0.351281600426,0,10.5461179167,10.4188698499
0.06065,0.351940007621,0.351281600426,0,10.0667489205,10.2243181471
0.0607,0.352463606397,0.352815581214,30.6796157577,10.5461179167,10.6062802063
0.06075,0.352987205172,0.352815581214,0,10.5461179167,10.4082289872
0.0608,0.353510803948,0.352815581214,0,10.5461179167,10.2138759813
0.06085,0.354034402724,0.354349562002,30.6796157577,10.5461179167,10.5960330273
0.0609,0.354558001499,0.354349562002,0,10.5461179167,10.3981731539
0.06095,0.355081600275,0.354349562002,0,10.5461179167,10.2040079207
0.061,0.35560519905,0.355883542789,30.6796157577,10.0667489205,10.5863492331
0.06105,0.356128797826,0.355883542789,0,10.5461179167,10.3886701854
0.0611,0.356652396602,0.357417523577,30.6796157577,10.5461179167,10.7675632967
0.06115,0.357175995377,0.357417523577,0,10.5461179167,10.5665004362
0.0612,0.357699594153,0.357417523577,0,10.5461179167,10.3691920253
0.06125,0.358223192928,0.358951504365,30.6796157577,10.5461179167,10.7484488526
0.0613,0.358746791704,0.358951504365,0,10.0667489205,10.5477429164
0.06135,0.35927039048,0.358951504365,0,10.5461179167,10.350784765
0.0614,0.359793989255,0.360485485153,30.6796157577,10.5461179167,10.7303853113
0.06145,0.360317588031,0.360485485153,0,10.5461179167,10.5300166758
0.0615,0.360841186806,0.360485485153,0,10.5461179167,10.3333895267
0.06155,0.361364785582,0.362019465941,30.6796157577,10.5461179167,10.7133148945
0.0616,0.361888384358,0.362019465941,0,10.5461179167,10.5132650152
0.06165,0.362411983133,0.362019465941,0,10.0667489205,10.3169506701
0.0617,0.362935581909,0.363553446729,30.6796157577,10.5461179167,10.6971830009
0.06175,0.363459180684,0.363553446729,0,10.5461179167,10.4974343527
0.0618,0.36398277946,0.363553446729,0,10.5461179167,10.3014156138
0.06185,0.364506378236,0.365087427517,30.6796157577,10.5461179167,10.6819380309
0.0619,0.365029977011,0.365087427517,0,10.5461179167,10.4824740522
0.06195,0.365553575787,0.365087427517,0,10.0667489205,10.2867346672
0.062,0.366077174562,0.366621408305,30.6796157577,10.5461179167,10.6675312219
0.06205,0.366600773338,0.366621408305,0,10.5461179167,10.4683362617
0.0621,0.367124372114,0.366621408305,0,10.5461179167,10.2728608719
0.06215,0.367647970889,0.368155389093,30.6796157577,10.5461179167,10.6539164921
0.0622,0.368171569665,0.368155389093,0,10.5461179167,10.45497576
0.06225,0.36869516844,0.368155389093,0,10.5461179167,10.259749851
0.0623,0.369218767216,0.36968936988,30.6796157577,10.0667489205,10.6410502935
0.06235,0.369742365991,0.36968936988,0,10.5461179167,10.4423498121
0.0624,0.370265964767,0.36968936988,0,10.5461179167,10.2473596676
0.06245,0.370789563543,0.371223350668,30.6796157577,10.5461179167,10.6288914722
0.0625,0.371313162318,0.371223350668,0,10.5461179167,10.4304180326
0.06255,0.371836761094,0.371223350668,0,10.5461179167,10.2356506904
0.0626,0.372360359869,0.372757331456,30.6796157577,10.0667489205,10.6174011369
0.06265,0.372883958645,0.372757331456,0,10.5461179167,10.4191422565
0.0627,0.373407557421,0.372757331456,0,10.5461179167,10.224585467
0.06275,0.373931156196,0.374291312244,30.6796157577,10.5461179167,10.6065425345
0.0628,0.374454754972,0.374291312244,0,10.5461179167,10.408486417
0.06285,0.374978353747,0.374291312244,0,10.5461179167,10.2141286041
0.0629,0.375501952523,0.375825293032,30.6796157577,10.5461179167,10.5962809328
0.06295,0.376025551299,0.375825293032,0,10.0667489205,10.3984164303
0.063,0.376549150074,0.375825293032,0,10.5461179167,10.2042466545
0.06305,0.37707274885,0.37735927382,30.6796157577,10.5461179167,10.5865835089
0.0631,0.377596347625,0.37735927382,0,10.5461179167,10.3889000866
0.06315,0.378119946401,0.37735927382,0,10.5461179167,10.1949080095
0.0632,0.378643545177,0.378893254608,30.6796157577,10.5461179167,10.5774192447
0.06325,0.379167143952,0.378893254608,0,10.0667489205,10.3799069467
0.0633,0.379690742728,0.380427235396,30.6796157577,10.5461179167,10.7589636941
0.06335,0.380214341503,0.380427235396,0,10.5461179167,10.5580614141
0.0634,0.380737940279,0.380427235396,0,10.5461179167,10.3609105852
0.06345,0.381261539055,0.381961216184,30.6796157577,10.5461179167,10.740322052
0.0635,0.38178513783,0.381961216184,0,10.5461179167,10.5397678676
0.06355,0.382308736606,0.381961216184,0,10.0667489205,10.3429586344
0.0636,0.382832335381,0.383495196971,30.6796157577,10.5461179167,10.7227053181
0.06365,0.383355934157,0.383495196971,0,10.5461179167,10.5224800913
0.0637,0.383879532933,0.383495196971,0,10.5461179167,10.3259936729
0.06375,0.384403131708,0.385029177759,30.6796157577,10.5461179167,10.7060571437
0.0638,0.384926730484,0.385029177759,0,10.5461179167,10.5061427884
0.06385,0.385450329259,0.385029177759,0,10.5461179167,10.3099614368
0.0639,0.385973928035,0.386563158547,30.6796157577,10.0667489205,10.6903242776
0.06395,0.386497526811,0.386563158547,0,10.5461179167,10.4907037024
0.064,0.387021125586,0.386563158547,0,10.5461179167,10.294810645
0.06405,0.387544724362,0.388097139335,30.6796157577,10.5461179167,10.6754563969
0.0641,0.388068323137,0.388097139335,0,10.5461179167,10.4761134498
0.06415,0.388591921913,0.388097139335,0,10.5461179167,10.2804928364
0.0642,0.389115520689,0.389631120123,30.6796157577,10.0667489205,10.6614059449
0.06425,0.389639119464,0.389631120123,0,10.5461179167,10.4623253621
0.0643,0.39016271824,0.389631120123,0,10.5461179167,10.2669622139
0.06435,0.390686317015,0.391165100911,30.6796157577,10.5461179167,10.6481279798
0.0644,0.391209915791,0.391165100911,0,10.5461179167,10.4492953367
0.06445,0.391733514567,0.391165100911,0,10.5461179167,10.2541754983
0.0645,0.392257113342,0.392699081699,30.6796157577,10.5461179167,10.6355800308
0.06455,0.392780712118,0.392699081699,0,10.0667489205,10.4369816957
0.0646,0.393304310893,0.392699081699,0,10.5461179167,10.2420917901
0.06465,0.393827909669,0.394233062487,30.6796157577,10.5461179167,10.6237219618
0.0647,0.394351508445,0.394233062487,0,10.5461179167,10.4253450526
0.06475,0.39487510722,0.394233062487,0,10.5461179167,10.2306724382
0.0648,0.395398705996,0.395767043274,30.6796157577,10.5461179167,10.6125158436
0.06485,0.395922304771,0.395767043274,0,10.0667489205,10.4143481864
0.0649,0.396445903547,0.395767043274,0,10.5461179167,10.2198809166
0.06495,0.396969502323,0.397301024062,30.6796157577,10.5461179167,10.6019258323
0.065,0.397493101098,0.397301024062,0,10.5461179167,10.4039559225
0.06505,0.398016699874,0.397301024062,0,10.5461179167,10.2096827076
0.0651,0.398540298649,0.39883500485,30.6796157577,10.5461179167,10.5919180546
0.06515,0.399063897425,0.39883500485,0,10.5461179167,10.3941350202
0.0652,0.399587496201,0.39883500485,0,10.0667489205,10.2000451912
0.06525,0.400111094976,0.400368985638,30.6796157577,10.5461179167,10.5824604997
0.0653,0.400634693752,0.400368985638,0,10.5461179167,10.3848540663
0.06535,0.401158292527,0.401902966426,30.6796157577,10.5461179167,10.7638184361
0.0654,0.401681891303,0.401902966426,0,10.5461179167,10.5628255034
0.06545,0.402205490079,0.401902966426,0,10.5461179167,10.3655857146
0.0655,0.402729088854,0.403436947214,30.6796157577,10.0667489205,10.7449098826
0.06555,0.40325268763,0.403436947214,0,10.5461179167,10.5442700296
0.0656,0.403776286405,0.403436947214,0,10.5461179167,10.3473767274
0.06565,0.404299885181,0.404970928002,30.6796157577,10.5461179167,10.7270409121
0.0657,0.404823483957,0.404970928002,0,10.5461179167,10.5267347266
0.06575,0.405347082732,0.404970928002,0,10.5461179167,10.3301688614
0.0658,0.405870681508,0.40650490879,30.6796157577,10.5461179167,10.7101543688
0.06585,0.406394280283,0.40650490879,0,10.0667489205,10.510163506
0.0659,0.406917879059,0.40650490879,0,10.5461179167,10.3139070754
0.06595,0.407441477835,0.408038889578,30.6796157577,10.5461179167,10.6941962393
0.066,0.40796507661,0.408038889578,0,10.5461179167,10.4945033629
0.06605,0.408488675386,0.408038889578,0,10.5461179167,10.2985393544
0.0661,0.409012274161,0.409572870365,30.6796157577,10.5461179167,10.67911548
0.06615,0.409535872937,0.409572870365,0,10.0667489205,10.4797042068
0.0662,0.410059471713,0.409572870365,0,10.5461179167,10.2840165432
0.06625,0.410583070488,0.411106851153,30.6796157577,10.5461179167,10.6648638534
0.0663,0.411106669264,0.411106851153,0,10.5461179167,10.4657187011
0.06635,0.411630268039,0.411106851153,0,10.5461179167,10.270292189
0.0664,0.412153866815,0.412640831941,30.6796157577,10.5461179167,10.6513957743
0.06645,0.412677465591,0.412640831941,0,10.5461179167,10.4525021115
0.0665,0.413201064366,0.412640831941,0,10.0667489205,10.257322393
0.06655,0.413724663142,0.414174812729,30.6796157577,10.5461179167,10.6386681635
0.0666,0.414248261917,0.414174812729,0,10.5461179167,10.4400121636
0.06665,0.414771860693,0.414174812729,0,10.5461179167,10.24506567
0.0667,0.415295459469,0.415708793517,30.6796157577,10.5461179167,10.6266403105
0.06675,0.415819058244,0.415708793517,0,10.5461179167,10.4282089069
0.0668,0.41634265702,0.415708793517,0,10.0667489205,10.2334828157
0.06685,0.416866255795,0.417242774305,30.6796157577,10.5461179167,10.6152737429
0.0669,0.417389854571,0.417242774305,0,10.5461179167,10.4170545874
0.06695,0.417913453347,0.417242774305,0,10.5461179167,10.222536781
0.067,0.418437052122,0.418776755093,30.6796157577,10.5461179167,10.6045321037
0.06705,0.418960650898,0.418776755093,0,10.5461179167,10.4065135269
0.0671,0.419484249673,0.418776755093,0,10.5461179167,10.2121925539
0.06715,0.420007848449,0.420310735881,30.6796157577,10.0667489205,10.5943810345
0.0672,0.420531447225,0.420310735881,0,10.5461179167,10.3965520088
0.06725,0.421055046,0.420310735881,0,10.5461179167,10.2024170473
0.0673,0.421578644776,0.421844716669,30.6796157577,10.5461179167,10.5847880661
0.06735,0.422102243551,0.421844716669,0,10.5461179167,10.38713817
0.0674,0.422625842327,0.423378697456,30.6796157577,10.5461179167,10.7660598887
0.06745,0.423149441103,0.423378697456,0,10.0667489205,10.5650251014
0.0675,0.423673039878,0.423378697456,0,10.5461179167,10.3677442394
0.06755,0.424196638654,0.424912678244,30.6796157577,10.5461179167,10.7470281012
0.0676,0.424720237429,0.424912678244,0,10.5461179167,10.5463486947
0.06765,0.425243836205,0.424912678244,0,10.5461179167,10.3494165776
0.0677,0.425767434981,0.426446659032,30.6796157577,10.5461179167,10.7290426721
0.06775,0.426291033756,0.426446659032,0,10.5461179167,10.5286991078
0.0678,0.426814632532,0.426446659032,0,10.0667489205,10.3320965616
0.06785,0.427338231307,0.42798063982,30.6796157577,10.5461179167,10.712046073
0.0679,0.427861830083,0.42798063982,0,10.5461179167,10.5120198864
0.06795,0.428385428859,0.42798063982,0,10.5461179167,10.3157287916
0.068,0.428909027634,0.429514620608,30.6796157577,10.5461179167,10.6959839386
0.06805,0.42943262641,0.429514620608,0,10.5461179167,10.4962576805
0.0681,0.429956225185,0.429514620608,0,10.0667489205,10.3002609136
0.06815,0.430479823961,0.431048601396,30.6796157577,10.5461179167,10.6808048925
0.0682,0.431003422736,0.431048601396,0,10.5461179167,10.4813620729
0.06825,0.431527021512,0.431048601396,0,10.5461179167,10.2856434519
0.0683,0.432050620288,0.432582582184,30.6796157577,10.5461179167,10.6664603828
0.06835,0.432574219063,0.432582582184,0,10.5461179167,10.4672854185
0.0684,0.433097817839,0.432582582184,0,10.0667489205,10.271829651
0.06845,0.433621416614,0.434116562972,30.6796157577,10.5461179167,10.6529045272
0.0685,0.43414501539,0.434116562972,0,10.5461179167,10.4539826916
0.06855,0.434668614166,0.434116562972,0,10.5461179167,10.2587753261
0.0686,0.435192212941,0.43565054376,30.6796157577,10.5461179167,10.640093966
0.06865,0.435715811717,0.43565054376,0,10.5461179167,10.4414113421
0.0687,0.436239410492,0.43565054376,0,10.5461179167,10.2464387216
0.06875,0.436763009268,0.437184524547,30.6796157577,10.0667489205,10.627987723
0.0688,0.437286608044,0.437184524547,0,10.5461179167,10.4295311592
0.06885,0.437810206819,0.437184524547,0,10.5461179167,10.2347803776
0.0689,0.438333805595,0.438718505335,30.6796157577,10.5461179167,10.6165470754
0.06895,0.43885740437,0.438718505335,0,10.5461179167,10.418304143
0.069,0.439381003146,0.438718505335,0,10.5461179167,10.2237630035
0.06905,0.439904601922,0.440252486123,30.6796157577,10.0667489205,10.605735429
0.0691,0.440428200697,0.440252486123,0,10.5461179167,10.4076943825
0.06915,0.440951799473,0.440252486123,0,10.5461179167,10.2133513593
0.0692,0.441475398248,0.441786466911,30.6796157577,10.5461179167,10.5955182015
0.06925,0.441998997024,0.441786466911,0,10.5461179167,10.3976679415
0.0693,0.4425225958,0.441786466911,0,10.5461179167,10.2035121422
0.06935,0.443046194575,0.443320447699,30.6796157577,10.5461179167,10.5858627123
0.0694,0.443569793351,0.443320447699,0,10.0667489205,10.3881927493
0.06945,0.444093392126,0.444854428487,30.6796157577,10.5461179167,10.7670947758
0.0695,0.444616990902,0.444854428487,0,10.5461179167,10.566040664
0.06955,0.445140589678,0.444854428487,0,10.5461179167,10.3687408385
0.0696,0.445664188453,0.446388409275,30.6796157577,10.5461179167,10.7480060908
0.06965,0.446187787229,0.446388409275,0,10.5461179167,10.5473084223
0.0697,0.446711386004,0.446388409275,0,10.0667489205,10.3503583841
0.06975,0.44723498478,0.447922390063,30.6796157577,10.5461179167,10.7299668923
0.0698,0.447758583556,0.447922390063,0,10.5461179167,10.52960607
0.06985,0.448282182331,0.447922390063,0,10.5461179167,10.3329865881
0.0699,0.448805781107,0.44945637085,30.6796157577,10.5461179167,10.71291948
0.06995,0.449329379882,0.44945637085,0,10.5461179167,10.5128769843
0.07,0.449852978658,0.44945637085,0,10.5461179167,10.3165698849
0.07005,0.450376577434,0.450990351638,30.6796157577,10.0667489205,10.6968093261
0.0701,0.450900176209,0.450990351638,0,10.5461179167,10.4970676555
0.07015,0.451423774985,0.450990351638,0,10.5461179167,10.3010557639
0.0702,0.45194737376,0.452524332426,30.6796157577,10.5461179167,10.6815849006
0.07025,0.452470972536,0.452524332426,0,10.5461179167,10.4821275159
0.0703,0.452994571312,0.452524332426,0,10.5461179167,10.2863946017
0.07035,0.453518170087,0.454058313214,30.6796157577,10.0667489205,10.6671975064
0.0704,0.454041768863,0.454058313214,0,10.5461179167,10.4680087778
0.07045,0.454565367638,0.454058313214,0,10.5461179167,10.272539503
0.0705,0.455088966414,0.455592294002,30.6796157577,10.5461179167,10.6536011242
0.07055,0.45561256519,0.455592294002,0,10.5461179167,10.4546662809
0.0706,0.456136163965,0.455592294002,0,10.5461179167,10.2594461508
0.07065,0.456659762741,0.45712627479,30.6796157577,10.5461179167,10.6407522643
0.0707,0.457183361516,0.45712627479,0,10.0667489205,10.442057348
0.07075,0.457706960292,0.45712627479,0,10.5461179167,10.2470726647
0.0708,0.458230559068,0.458660255578,30.6796157577,10.5461179167,10.6286098285
0.07085,0.458754157843,0.458660255578,0,10.5461179167,10.4301416481
0.0709,0.459277756619,0.458660255578,0,10.5461179167,10.2353794668
0.07095,0.459801355394,0.460194236366,30.6796157577,10.5461179167,10.6171349778
0.071,0.46032495417,0.460194236366,0,10.0667489205,10.4188810675
0.07105,0.460848552946,0.460194236366,0,10.5461179167,10.2243291551
0.0711,0.461372151721,0.461728217154,30.6796157577,10.5461179167,10.6062910088
0.07115,0.461895750497,0.461728217154,0,10.5461179167,10.408239588
0.0712,0.462419349272,0.461728217154,0,10.5461179167,10.2138863842
0.07125,0.462942948048,0.463262197941,30.6796157577,10.5461179167,10.5960432359
0.0713,0.463466546824,0.463262197941,0,10.5461179167,10.3981831719
0.07135,0.463990145599,0.463262197941,0,10.0667489205,10.2040177516
0.0714,0.464513744375,0.464796178729,30.6796157577,10.5461179167,10.5863588804
0.07145,0.46503734315,0.464796178729,0,10.5461179167,10.3886796526
0.0715,0.465560941926,0.464796178729,0,10.5461179167,10.1946916917
0.07155,0.466084540702,0.466330159517,30.6796157577,10.5461179167,10.5772069661
0.0716,0.466608139477,0.466330159517,0,10.5461179167,10.3796986321
0.07165,0.467131738253,0.467864140305,30.6796157577,10.0667489205,10.7587592693
0.0717,0.467655337028,0.467864140305,0,10.5461179167,10.5578608066
0.07175,0.468178935804,0.467864140305,0,10.5461179167,10.3607137236
0.0718,0.46870253458,0.469398121093,30.6796157577,10.5461179167,10.7401288663
0.07185,0.469226133355,0.469398121093,0,10.5461179167,10.5395782893
0.0719,0.469749732131,0.469398121093,0,10.5461179167,10.3427725961
0.07195,0.470273330906,0.470932101881,30.6796157577,10.5461179167,10.7225227537
0.072,0.470796929682,0.470932101881,0,10.0667489205,10.5223009359
0.07205,0.471320528458,0.470932101881,0,10.5461179167,10.325817863
0.0721,0.471844127233,0.472466082669,30.6796157577,10.5461179167,10.7058846166
0.07215,0.472367726009,0.472466082669,0,10.5461179167,10.5059734829
0.0722,0.472891324784,0.472466082669,0,10.5461179167,10.3097952927
0.07225,0.47341492356,0.474000063457,30.6796157577,10.5461179167,10.690161236
0.0723,0.473938522336,0.474000063457,0,10.0667489205,10.4905437053
0.07235,0.474462121111,0.474000063457,0,10.5461179167,10.2946536355
0.0724,0.474985719887,0.475534044245,30.6796157577,10.5461179167,10.6753023192
0.07245,0.475509318662,0.475534044245,0,10.5461179167,10.4759622492
0.0725,0.476032917438,0.475534044245,0,10.5461179167,10.2803444592
0.07255,0.476556516214,0.477068025032,30.6796157577,10.5461179167,10.6612603383
0.0726,0.477080114989,0.477068025032,0,10.5461179167,10.4621824745
0.07265,0.477603713765,0.477068025032,0,10.0667489205,10.2668219943
0.0727,0.47812731254,0.47860200582,30.6796157577,10.5461179167,10.6479903786
0.07275,0.478650911316,0.47860200582,0,10.5461179167,10.4491603049
0.0728,0.479174510092,0.47860200582,0,10.5461179167,10.254042988
0.07285,0.479698108867,0.480135986608,30.6796157577,10.5461179167,10.6354499948
0.0729,0.480221707643,0.480135986608,0,10.5461179167,10.4368540879
0.07295,0.480745306418,0.480135986608,0,10.0667489205,10.2419665651
0.073,0.481268905194,0.481669967396,30.6796157577,10.5461179167,10.6235990752
0.07305,0.48179250397,0.481669967396,0,10.5461179167,10.4252244606
0.0731,0.482316102745,0.481669967396,0,10.5461179167,10.230554098
0.07315,0.482839701521,0.483203948184,30.6796157577,10.5461179167,10.6123997132
0.0732,0.483363300296,0.483203948184,0,10.5461179167,10.4142342245
0.07325,0.483886899072,0.483203948184,0,10.0667489205,10.2197690828
0.0733,0.484410497848,0.484737928972,30.6796157577,10.5461179167,10.6018160867
0.07335,0.484934096623,0.484737928972,0,10.5461179167,10.4038482262
0.0734,0.485457695399,0.484737928972,0,10.5461179167,10.2095770224
0.07345,0.485981294174,0.48627190976,30.6796157577,10.5461179167,10.5918143428
0.0735,0.48650489295,0.48627190976,0,10.5461179167,10.394033245
0.07355,0.487028491726,0.48627190976,0,10.5461179167,10.1999453164
0.0736,0.487552090501,0.487805890548,30.6796157577,10.0667489205,10.5823624899
0.07365,0.488075689277,0.487805890548,0,10.5461179167,10.3847578866
0.0737,0.488599288052,0.489339871336,30.6796157577,10.5461179167,10.7637240524
0.07375,0.489122886828,0.489339871336,0,10.5461179167,10.5627328821
0.0738,0.489646485604,0.489339871336,0,10.5461179167,10.3654948228
0.07385,0.490170084379,0.490873852123,30.6796157577,10.5461179167,10.744820688
0.0739,0.490693683155,0.490873852123,0,10.0667489205,10.5441825006
0.07395,0.49121728193,0.490873852123,0,10.5461179167,10.3472908328
0.074,0.491740880706,0.492407832911,30.6796157577,10.5461179167,10.7269566214
0.07405,0.492264479481,0.492407832911,0,10.5461179167,10.5266520099
0.0741,0.492788078257,0.492407832911,0,10.5461179167,10.3300876893
0.07415,0.493311677033,0.493941813699,30.6796157577,10.5461179167,10.7100747124
0.0742,0.493835275808,0.493941813699,0,10.5461179167,10.510085337
0.07425,0.494358874584,0.493941813699,0,10.0667489205,10.3138303661
0.0743,0.494882473359,0.495475794487,30.6796157577,10.5461179167,10.6941209624
0.07435,0.495406072135,0.495475794487,0,10.5461179167,10.4944294916
0.0744,0.495929670911,0.495475794487,0,10.5461179167,10.2984668625
0.07445,0.496453269686,0.497009775275,30.6796157577,10.5461179167,10.6790443418
0.0745,0.496976868462,0.497009775275,0,10.5461179167,10.479634397
0.07455,0.497500467237,0.497009775275,0,10.0667489205,10.2839480369
0.0746,0.498024066013,0.498543756063,30.6796157577,10.5461179167,10.6647966263
0.07465,0.498547664789,0.498543756063,0,10.5461179167,10.4656527293
0.0747,0.499071263564,0.498543756063,0,10.5461179167,10.2702274491
0.07475,0.49959486234,0.500077736851,30.6796157577,10.5461179167,10.6513322433
0.0748,0.500118461115,0.500077736851,0,10.5461179167,10.4524397669
0.07485,0.500642059891,0.500077736851,0,10.5461179167,10.2572612125
0.0749,0.501165658667,0.501611717639,30.6796157577,10.0667489205,10.6386081254
0.07495,0.501689257442,0.501611717639,0,10.5461179167,10.4399532466
0.075,0.502212856218,0.501611717639,0,10.5461179167,10.2450078532
0.07505,0.502736454993,0.503145698426,30.6796157577,10.5461179167,10.6265835733
0.0751,0.503260053769,0.503145698426,0,10.5461179167,10.4281532291
0.07515,0.503783652545,0.503145698426,0,10.5461179167,10.2334281776
0.0752,0.50430725132,0.504679679214,30.6796157577,10.0667489205,10.6152201251
0.07525,0.504830850096,0.504679679214,0,10.5461179167,10.4170019708
0.0753,0.505354448871,0.504679679214,0,10.5461179167,10.2224851469
0.07535,0.505878047647,0.506213660002,30.6796157577,10.5461179167,10.6044814337
0.0754,0.506401646423,0.506213660002,0,10.5461179167,10.4064638032
0.07545,0.506925245198,0.506213660002,0,10.5461179167,10.2121437586
0.0755,0.507448843974,0.50774764079,30.6796157577,10.5461179167,10.5943331503
0.07555,0.507972442749,0.50774764079,0,10.0667489205,10.3965050188
0.0756,0.508496041525,0.50774764079,0,10.5461179167,10.2023709347
0.07565,0.509019640301,0.509281621578,30.6796157577,10.5461179167,10.5847428146
0.0757,0.509543239076,0.509281621578,0,10.5461179167,10.3870937635
0.07575,0.510066837852,0.510815602366,30.6796157577,10.5461179167,10.7660163114
0.0758,0.510590436627,0.510815602366,0,10.5461179167,10.5649823378
0.07585,0.511114035403,0.510815602366,0,10.0667489205,10.3677022744
0.0759,0.511637634179,0.512349583154,30.6796157577,10.5461179167,10.7469869198
0.07595,0.512161232954,0.512349583154,0,10.5461179167,10.5463082823
0.076,0.51268483173,0.512349583154,0,10.5461179167,10.3493769198
0.07605,0.513208430505,0.513883563942,30.6796157577,10.5461179167,10.7290037548
0.0761,0.513732029281,0.513883563942,0,10.5461179167,10.5286609172
0.07615,0.514255628057,0.513883563942,0,10.5461179167,10.3320590842
0.0762,0.514779226832,0.51541754473,30.6796157577,10.0667489205,10.7120092954
0.07625,0.515302825608,0.51541754473,0,10.5461179167,10.5119837955
0.0763,0.515826424383,0.51541754473,0,10.5461179167,10.3156933746
0.07635,0.516350023159,0.516951525517,30.6796157577,10.5461179167,10.695949183
0.0764,0.516873621935,0.516951525517,0,10.5461179167,10.4962235738
0.07645,0.51739722071,0.516951525517,0,10.5461179167,10.3002274438
0.0765,0.517920819486,0.518485506305,30.6796157577,10.0667489205,10.6807720477
0.07655,0.518444418261,0.518485506305,0,10.5461179167,10.4813298414
0.0766,0.518968017037,0.518485506305,0,10.5461179167,10.2856118222
0.07665,0.519491615813,0.520019487093,30.6796157577,10.5461179167,10.6664293438
0.0767,0.520015214588,0.520019487093,0,10.5461179167,10.467254959
0.07675,0.520538813364,0.520019487093,0,10.5461179167,10.2717997604
0.0768,0.521062412139,0.521553467881,30.6796157577,10.5461179167,10.6528751948
0.07685,0.521586010915,0.521553467881,0,10.0667489205,10.4539539068
0.0769,0.522109609691,0.521553467881,0,10.5461179167,10.2587470789
0.07695,0.522633208466,0.523087448669,30.6796157577,10.5461179167,10.6400662462
0.077,0.523156807242,0.523087448669,0,10.5461179167,10.4413841399
0.07705,0.523680406017,0.523087448669,0,10.5461179167,10.2464120274
0.0771,0.524204004793,0.524621429457,30.6796157577,10.5461179167,10.6279615273
0.07715,0.524727603569,0.524621429457,0,10.0667489205,10.4295054526
0.0772,0.525251202344,0.524621429457,0,10.5461179167,10.234755151
0.07725,0.52577480112,0.526155410245,30.6796157577,10.5461179167,10.6165223199
0.0773,0.526298399895,0.526155410245,0,10.5461179167,10.4182798497
0.07735,0.526821998671,0.526155410245,0,10.5461179167,10.2237391639
0.0774,0.527345597447,0.527689391033,30.6796157577,10.5461179167,10.6057120345
0.07745,0.527869196222,0.527689391033,0,10.5461179167,10.4076714249
0.0775,0.528392794998,0.527689391033,0,10.0667489205,10.2133288304
0.07755,0.528916393773,0.529223371821,30.6796157577,10.5461179167,10.5954960933
0.0776,0.529439992549,0.529223371821,0,10.5461179167,10.3976462461
0.07765,0.529963591325,0.529223371821,0,10.5461179167,10.2034908519
0.0777,0.5304871901,0.530757352608,30.6796157577,10.5461179167,10.5858418195
0.07775,0.531010788876,0.530757352608,0,10.5461179167,10.3881722467
0.0778,0.531534387651,0.532291333396,30.6796157577,10.0667489205,10.767074656
0.07785,0.532057986427,0.532291333396,0,10.5461179167,10.5660209199
0.0779,0.532581585203,0.532291333396,0,10.5461179167,10.3687214631
0.07795,0.533105183978,0.533825314184,30.6796157577,10.5461179167,10.7479870771
0.078,0.533628782754,0.533825314184,0,10.5461179167,10.5472897637
0.07805,0.534152381529,0.533825314184,0,10.5461179167,10.350340074
0.0781,0.534675980305,0.535359294972,30.6796157577,10.0667489205,10.729948924
0.07815,0.535199579081,0.535359294972,0,10.5461179167,10.5295884372
0.0782,0.535723177856,0.535359294972,0,10.5461179167,10.3329692846
0.07825,0.536246776632,0.53689327576,30.6796157577,10.5461179167,10.7129024996
0.0783,0.536770375407,0.53689327576,0,10.5461179167,10.512860321
0.07835,0.537293974183,0.53689327576,0,10.5461179167,10.3165535327
0.0784,0.537817572959,0.538427256548,30.6796157577,10.5461179167,10.6967932793
0.07845,0.538341171734,0.538427256548,0,10.0667489205,10.4970519083
0.0785,0.53886477051,0.538427256548,0,10.5461179167,10.3010403108
0.07855,0.539388369285,0.539961237336,30.6796157577,10.5461179167,10.681569736
0.0786,0.539911968061,0.539961237336,0,10.5461179167,10.4821126345
0.07865,0.540435566837,0.539961237336,0,10.5461179167,10.2863799982
0.0787,0.540959165612,0.541495218124,30.6796157577,10.5461179167,10.6671831756
0.07875,0.541482764388,0.541495218124,0,10.0667489205,10.4679947145
0.0788,0.542006363163,0.541495218124,0,10.5461179167,10.2725257024
0.07885,0.542529961939,0.543029198912,30.6796157577,10.5461179167,10.6535875813
0.0789,0.543053560715,0.543029198912,0,10.5461179167,10.4546529909
0.07895,0.54357715949,0.543029198912,0,10.5461179167,10.259433109
0.079,0.544100758266,0.544563179699,30.6796157577,10.5461179167,10.640739466
0.07905,0.544624357041,0.544563179699,0,10.5461179167,10.4420447887
0.0791,0.545147955817,0.544563179699,0,10.0667489205,10.2470603399
0.07915,0.545671554593,0.546097160487,30.6796157577,10.5461179167,10.6285977338
0.0792,0.546195153368,0.546097160487,0,10.5461179167,10.4301297792
0.07925,0.546718752144,0.546097160487,0,10.5461179167,10.2353678196
0.0793,0.547242350919,0.547631141275,30.6796157577,10.5461179167,10.6171235481
0.07935,0.547765949695,0.547631141275,0,10.5461179167,10.4188698511
0.0794,0.548289548471,0.547631141275,0,10.0667489205,10.2243181483
0.07945,0.548813147246,0.549165122063,30.6796157577,10.5461179167,10.6062802075
0.0795,0.549336746022,0.549165122063,0,10.5461179167,10.4082289884
0.07955,0.549860344797,0.549165122063,0,10.5461179167,10.2138759825
0.0796,0.550383943573,0.550699102851,30.6796157577,10.5461179167,10.5960330284
0.07965,0.550907542349,0.550699102851,0,10.5461179167,10.398173155
0.0797,0.551431141124,0.550699102851,0,10.5461179167,10.2040079218
0.07975,0.5519547399,0.552233083639,30.6796157577,10.0667489205,10.5863492342
0.0798,0.552478338675,0.552233083639,0,10.5461179167,10.3886701864
0.07985,0.553001937451,0.553767064427,30.6796157577,10.5461179167,10.7675632977
0.0799,0.553525536226,0.553767064427,0,10.5461179167,10.5665004372
0.07995,0.554049135002,0.553767064427,0,10.5461179167,10.3691920263
0.08,0.554572733778,0.555301045215,30.6796157577,10.5461179167,10.7484488536
