time_s,position_ref_rad,position_noFF_rad,speed_noFF_rad_s,torque_cmd_noFF_Nm,torque_noFF_Nm,load_Nm,position_FF_rad,speed_FF_rad_s,torque_cmd_FF_Nm,torque_FF_Nm
0,0,0,0,0,0,0,0,0,0,0
0.0002,0,0,0,0,0,0,0,0,0,0
0.0004,0,0,0,0,0,0,0,0,0,0
0.0006,0,0,0,0,0,0,0,0,0,0
0.0008,0,0,0,0,0,0,0,0,0,0
0.001,0,0,0,0,0,0,0,0,0,0
0.0012,0,0,0,0,0,0,0,0,0,0
0.0014,0,0,0,0,0,0,0,0,0,0
0.0016,0,0,0,0,0,0,0,0,0,0
0.0018,0,0,0,0,0,0,0,0,0,0
0.002,0,0,0,0,0,0,0,0,0,0
0.0022,0,0,0,0,0,0,0,0,0,0
0.0024,0,0,0,0,0,0,0,0,0,0
0.0026,0,0,0,0,0,0,0,0,0,0
0.0028,0,0,0,0,0,0,0,0,0,0
0.003,0,0,0,0,0,0,0,0,0,0
0.0032,0,0,0,0,0,0,0,0,0,0
0.0034,0,0,0,0,0,0,0,0,0,0
0.0036,0,0,0,0,0,0,0,0,0,0
0.0038,0,0,0,0,0,0,0,0,0,0
0.004,0,0,0,0,0,0,0,0,0,0
0.0042,0,0,0,0,0,0,0,0,0,0
0.0044,0,0,0,0,0,0,0,0,0,0
0.0046,0,0,0,0,0,0,0,0,0,0
0.0048,0,0,0,0,0,0,0,0,0,0
0.005,0,0,0,0,0,0,0,0,0,0
0.0052,0,0,0,0,0,0,0,0,0,0
0.0054,0,0,0,0,0,0,0,0,0,0
0.0056,0,0,0,0,0,0,0,0,0,0
0.0058,0,0,0,0,0,0,0,0,0,0
0.006,0,0,0,0,0,0,0,0,0,0
0.0062,0,0,0,0,0,0,0,0,0,0
0.0064,0,0,0,0,0,0,0,0,0,0
0.0066,0,0,0,0,0,0,0,0,0,0
0.0068,0,0,0,0,0,0,0,0,0,0
0.007,0,0,0,0,0,0,0,0,0,0
0.0072,0,0,0,0,0,0,0,0,0,0
0.0074,0,0,0,0,0,0,0,0,0,0
0.0076,0,0,0,0,0,0,0,0,0,0
0.0078,0,0,0,0,0,0,0,0,0,0
0.008,0,0,0,0,0,0,0,0,0,0
0.0082,0,0,0,0,0,0,0,0,0,0
0.0084,0,0,0,0,0,0,0,0,0,0
0.0086,0,0,0,0,0,0,0,0,0,0
0.0088,0,0,0,0,0,0,0,0,0,0
0.009,0,0,0,0,0,0,0,0,0,0
0.0092,0,0,0,0,0,0,0,0,0,0
0.0094,0,0,0,0,0,0,0,0,0,0
0.0096,0,0,0,0,0,0,0,0,0,0
0.0098,0,0,0,0,0,0,0,0,0,0
0.01,0,0,0,0,0,0,0,0,0,0
0.0102,0,0,0,0,0,0,0,0,0,0
0.0104,0,0,0,0,0,0,0,0,0,0
0.0106,0,0,0,0,0,0,0,0,0,0
0.0108,0,0,0,0,0,0,0,0,0,0
0.011,0,0,0,0,0,0,0,0,0,0
0.0112,0,0,0,0,0,0,0,0,0,0
0.0114,0,0,0,0,0,0,0,0,0,0
0.0116,0,0,0,0,0,0,0,0,0,0
0.0118,0,0,0,0,0,0,0,0,0,0
0.012,0,0,0,0,0,0,0,0,0,0
0.0122,0,0,0,0,0,0,0,0,0,0
0.0124,0,0,0,0,0,0,0,0,0,0
0.0126,0,0,0,0,0,0,0,0,0,0
0.0128,0,0,0,0,0,0,0,0,0,0
0.013,0,0,0,0,0,0,0,0,0,0
0.0132,0,0,0,0,0,0,0,0,0,0
0.0134,0,0,0,0,0,0,0,0,0,0
0.0136,0,0,0,0,0,0,0,0,0,0
0.0138,0,0,0,0,0,0,0,0,0,0
0.014,0,0,0,0,0,0,0,0,0,0
0.0142,0,0,0,0,0,0,0,0,0,0
0.0144,0,0,0,0,0,0,0,0,0,0
0.0146,0,0,0,0,0,0,0,0,0,0
0.0148,0,0,0,0,0,0,0,0,0,0
0.015,0,0,0,0,0,0,0,0,0,0
0.0152,0,0,0,0,0,0,0,0,0,0
0.0154,0,0,0,0,0,0,0,0,0,0
0.0156,0,0,0,0,0,0,0,0,0,0
0.0158,0,0,0,0,0,0,0,0,0,0
0.016,0,0,0,0,0,0,0,0,0,0
0.0162,0,0,0,0,0,0,0,0,0,0
0.0164,0,0,0,0,0,0,0,0,0,0
0.0166,0,0,0,0,0,0,0,0,0,0
0.0168,0,0,0,0,0,0,0,0,0,0
0.017,0,0,0,0,0,0,0,0,0,0
0.0172,0,0,0,0,0,0,0,0,0,0
0.0174,0,0,0,0,0,0,0,0,0,0
0.0176,0,0,0,0,0,0,0,0,0,0
0.0178,0,0,0,0,0,0,0,0,0,0
0.018,0,0,0,0,0,0,0,0,0,0
0.0182,0,0,0,0,0,0,0,0,0,0
0.0184,0,0,0,0,0,0,0,0,0,0
0.0186,0,0,0,0,0,0,0,0,0,0
0.0188,0,0,0,0,0,0,0,0,0,0
0.019,0,0,0,0,0,0,0,0,0,0
0.0192,0,0,0,0,0,0,0,0,0,0
0.0194,0,0,0,0,0,0,0,0,0,0
0.0196,0,0,0,0,0,0,0,0,0,0
0.0198,0,0,0,0,0,0,0,0,0,0
0.02,0,0,0,0,0,0,0,0,0,0
0.0202,0,0,0,0,0,0,0,0,0,0
0.0204,0,0,0,0,0,0,0,0,0,0
0.0206,0,0,0,0,0,0,0,0,0,0
0.0208,0,0,0,0,0,0,0,0,0,0
0.021,0,0,0,0,0,0,0,0,0,0
0.0212,0,0,0,0,0,0,0,0,0,0
0.0214,0,0,0,0,0,0,0,0,0,0
0.0216,0,0,0,0,0,0,0,0,0,0
0.0218,0,0,0,0,0,0,0,0,0,0
0.022,0,0,0,0,0,0,0,0,0,0
0.0222,0,0,0,0,0,0,0,0,0,0
0.0224,0,0,0,0,0,0,0,0,0,0
0.0226,0,0,0,0,0,0,0,0,0,0
0.0228,0,0,0,0,0,0,0,0,0,0
0.023,0,0,0,0,0,0,0,0,0,0
0.0232,0,0,0,0,0,0,0,0,0,0
0.0234,0,0,0,0,0,0,0,0,0,0
0.0236,0,0,0,0,0,0,0,0,0,0
0.0238,0,0,0,0,0,0,0,0,0,0
0.024,0,0,0,0,0,0,0,0,0,0
0.0242,0,0,0,0,0,0,0,0,0,0
0.0244,0,0,0,0,0,0,0,0,0,0
0.0246,0,0,0,0,0,0,0,0,0,0
0.0248,0,0,0,0,0,0,0,0,0,0
0.025,0,0,0,0,0,0,0,0,0,0
0.0252,0,0,0,0,0,0,0,0,0,0
0.0254,0,0,0,0,0,0,0,0,0,0
0.0256,0,0,0,0,0,0,0,0,0,0
0.0258,0,0,0,0,0,0,0,0,0,0
0.026,0,0,0,0,0,0,0,0,0,0
0.0262,0,0,0,0,0,0,0,0,0,0
0.0264,0,0,0,0,0,0,0,0,0,0
0.0266,0,0,0,0,0,0,0,0,0,0
0.0268,0,0,0,0,0,0,0,0,0,0
0.027,0,0,0,0,0,0,0,0,0,0
0.0272,0,0,0,0,0,0,0,0,0,0
0.0274,0,0,0,0,0,0,0,0,0,0
0.0276,0,0,0,0,0,0,0,0,0,0
0.0278,0,0,0,0,0,0,0,0,0,0
0.028,0,0,0,0,0,0,0,0,0,0
0.0282,0,0,0,0,0,0,0,0,0,0
0.0284,0,0,0,0,0,0,0,0,0,0
0.0286,0,0,0,0,0,0,0,0,0,0
0.0288,0,0,0,0,0,0,0,0,0,0
0.029,0,0,0,0,0,0,0,0,0,0
0.0292,0,0,0,0,0,0,0,0,0,0
0.0294,0,0,0,0,0,0,0,0,0,0
0.0296,0,0,0,0,0,0,0,0,0,0
0.0298,0,0,0,0,0,0,0,0,0,0
0.03,0,0,0,0,0,0,0,0,0,0
0.0302,0,0,0,0,0,0,0,0,0,0
0.0304,0,0,0,0,0,0,0,0,0,0
0.0306,0,0,0,0,0,0,0,0,0,0
0.0308,0,0,0,0,0,0,0,0,0,0
0.031,0,0,0,0,0,0,0,0,0,0
0.0312,0,0,0,0,0,0,0,0,0,0
0.0314,0,0,0,0,0,0,0,0,0,0
0.0316,0,0,0,0,0,0,0,0,0,0
0.0318,0,0,0,0,0,0,0,0,0,0
0.032,0,0,0,0,0,0,0,0,0,0
0.0322,0,0,0,0,0,0,0,0,0,0
0.0324,0,0,0,0,0,0,0,0,0,0
0.0326,0,0,0,0,0,0,0,0,0,0
0.0328,0,0,0,0,0,0,0,0,0,0
0.033,0,0,0,0,0,0,0,0,0,0
0.0332,0,0,0,0,0,0,0,0,0,0
0.0334,0,0,0,0,0,0,0,0,0,0
0.0336,0,0,0,0,0,0,0,0,0,0
0.0338,0,0,0,0,0,0,0,0,0,0
0.034,0,0,0,0,0,0,0,0,0,0
0.0342,0,0,0,0,0,0,0,0,0,0
0.0344,0,0,0,0,0,0,0,0,0,0
0.0346,0,0,0,0,0,0,0,0,0,0
0.0348,0,0,0,0,0,0,0,0,0,0
0.035,0,0,0,0,0,0,0,0,0,0
0.0352,0,0,0,0,0,0,0,0,0,0
0.0354,0,0,0,0,0,0,0,0,0,0
0.0356,0,0,0,0,0,0,0,0,0,0
0.0358,0,0,0,0,0,0,0,0,0,0
0.036,0,0,0,0,0,0,0,0,0,0
0.0362,0,0,0,0,0,0,0,0,0,0
0.0364,0,0,0,0,0,0,0,0,0,0
0.0366,0,0,0,0,0,0,0,0,0,0
0.0368,0,0,0,0,0,0,0,0,0,0
0.037,0,0,0,0,0,0,0,0,0,0
0.0372,0,0,0,0,0,0,0,0,0,0
0.0374,0,0,0,0,0,0,0,0,0,0
0.0376,0,0,0,0,0,0,0,0,0,0
0.0378,0,0,0,0,0,0,0,0,0,0
0.038,0,0,0,0,0,0,0,0,0,0
0.0382,0,0,0,0,0,0,0,0,0,0
0.0384,0,0,0,0,0,0,0,0,0,0
0.0386,0,0,0,0,0,0,0,0,0,0
0.0388,0,0,0,0,0,0,0,0,0,0
0.039,0,0,0,0,0,0,0,0,0,0
0.0392,0,0,0,0,0,0,0,0,0,0
0.0394,0,0,0,0,0,0,0,0,0,0
0.0396,0,0,0,0,0,0,0,0,0,0
0.0398,0,0,0,0,0,0,0,0,0,0
0.04,0,0,0,0,0,0,0,0,0,0
0.0402,0,0,0,0,0,0,0,0,0,0
0.0404,0,0,0,0,0,0,0,0,0,0
0.0406,0,0,0,0,0,0,0,0,0,0
0.0408,0,0,0,0,0,0,0,0,0,0
0.041,0,0,0,0,0,0,0,0,0,0
0.0412,0,0,0,0,0,0,0,0,0,0
0.0414,0,0,0,0,0,0,0,0,0,0
0.0416,0,0,0,0,0,0,0,0,0,0
0.0418,0,0,0,0,0,0,0,0,0,0
0.042,0,0,0,0,0,0,0,0,0,0
0.0422,0,0,0,0,0,0,0,0,0,0
0.0424,0,0,0,0,0,0,0,0,0,0
0.0426,0,0,0,0,0,0,0,0,0,0
0.0428,0,0,0,0,0,0,0,0,0,0
0.043,0,0,0,0,0,0,0,0,0,0
0.0432,0,0,0,0,0,0,0,0,0,0
0.0434,0,0,0,0,0,0,0,0,0,0
0.0436,0,0,0,0,0,0,0,0,0,0
0.0438,0,0,0,0,0,0,0,0,0,0
0.044,0,0,0,0,0,0,0,0,0,0
0.0442,0,0,0,0,0,0,0,0,0,0
0.0444,0,0,0,0,0,0,0,0,0,0
0.0446,0,0,0,0,0,0,0,0,0,0
0.0448,0,0,0,0,0,0,0,0,0,0
0.045,0,0,0,0,0,0,0,0,0,0
0.0452,0,0,0,0,0,0,0,0,0,0
0.0454,0,0,0,0,0,0,0,0,0,0
0.0456,0,0,0,0,0,0,0,0,0,0
0.0458,0,0,0,0,0,0,0,0,0,0
0.046,0,0,0,0,0,0,0,0,0,0
0.0462,0,0,0,0,0,0,0,0,0,0
0.0464,0,0,0,0,0,0,0,0,0,0
0.0466,0,0,0,0,0,0,0,0,0,0
0.0468,0,0,0,0,0,0,0,0,0,0
0.047,0,0,0,0,0,0,0,0,0,0
0.0472,0,0,0,0,0,0,0,0,0,0
0.0474,0,0,0,0,0,0,0,0,0,0
0.0476,0,0,0,0,0,0,0,0,0,0
0.0478,0,0,0,0,0,0,0,0,0,0
0.048,0,0,0,0,0,0,0,0,0,0
0.0482,0,0,0,0,0,0,0,0,0,0
0.0484,0,0,0,0,0,0,0,0,0,0
0.0486,0,0,0,0,0,0,0,0,0,0
0.0488,0,0,0,0,0,0,0,0,0,0
0.049,0,0,0,0,0,0,0,0,0,0
0.0492,0,0,0,0,0,0,0,0,0,0
0.0494,0,0,0,0,0,0,0,0,0,0
0.0496,0,0,0,0,0,0,0,0,0,0
0.0498,0,0,0,0,0,0,0,0,0,0
0.05,0,0,0,0,0,0,0,0,0,0
0.0502,2.96000079012e-09,0,0,1.89440050568e-08,0,0,0,0,0.00447241817028,0
0.0504,2.36563215802e-08,1.51552040454e-14,7.57760202272e-11,1.51387100317e-07,3.78880101136e-09,0,3.57793453622e-09,1.78896726811e-05,0.00898643285597,0.000894483634055
0.0506,7.9760192e-08,1.63535158458e-13,7.41899772064e-10,5.10296371721e-07,3.33084608724e-08,0,1.72052162255e-08,6.81364084463e-05,0.0135304125208,0.00251287347844
0.0508,1.88871920198e-07,8.26650257067e-13,3.31557549304e-09,1.20782292433e-06,1.28706043042e-07,0,4.96898466934e-08,0.000162423152339,0.0180949087049,0.00471638128691
0.051,3.68520987654e-07,2.86748516381e-12,1.02041745337e-08,2.35506832182e-06,3.44529419299e-07,0,1.11723333465e-07,0.000310167433858,0.0226722492328,0.00739208677052
0.0512,6.36166144e-07,7.89364436883e-12,2.51307960251e-08,4.06189973939e-06,7.46637199803e-07,0,2.15512077197e-07,0.000518943718658,0.0272562071918,0.010448119263
0.0514,1.00919550183e-06,1.85555467092e-11,5.33095117019e-08,6.43680469119e-06,1.40968970772e-06,0,3.74477495077e-07,0.000794827089401,0.0318417315695,0.0138097368487
0.0516,1.50492663151e-06,3.88715027258e-11,1.01579780083e-07,9.58677789642e-06,2.41511270441e-06,0,6.03012076878e-07,0.00114267290901,0.0364247280637,0.0174161357929
0.0518,2.140606656e-06,7.45730521401e-11,1.78507747071e-07,1.36172342343e-05,3.84944574282e-06,0,9.16280954918e-07,0.0015663443902,0.0410018807212,0.0212178542471
0.052,2.93341234568e-06,1.33465194389e-10,2.94460711245e-07,1.8631942865e-05,5.80300344111e-06,0,1.3300605098e-06,0.00206889777441,0.0455705067999,0.0251746595419
0.0522,3.90045021314e-06,2.25797166656e-10,4.61659861336e-07,2.47329785127e-05,8.36879132589e-06,0,1.86060711292e-06,0.00265273301561,0.0501284386665,0.0292538289935
0.0524,5.058756608e-06,3.64640254793e-10,6.94215440685e-07,3.20206866515e-05,1.16416287633e-05,0,2.52455039179e-06,0.00331971639436,0.0546739276936,0.0334287509281
0.0526,6.42529781175e-06,5.66269798441e-10,1.00814771824e-06,4.0593659945e-05,1.57174403409e-05,0,3.33880644982e-06,0.00407128029015,0.0592055660591,0.0376777862812
0.0528,8.01697013254e-06,8.50549101409e-10,1.42139651484e-06,5.05487237825e-05,2.06926842617e-05,0,4.32050732317e-06,0.00490850436671,0.0637222231129,0.0419833422368
0.053,9.8506e-06,1.24131340546e-09,1.95382152025e-06,6.19809291586e-05,2.66638921659e-05,0,5.48694364963e-06,0.00583218163233,0.0682229935982,0.046331118412
0.0532,1.194294406e-05,1.76675244919e-09,2.62719521863e-06,7.49835514703e-05,3.37272995644e-05,0,6.8555180881e-06,0.00684287219234,0.0727071555187,0.0507094934492
0.0534,1.43106892697e-05,2.45979042927e-09,3.46518990041e-06,8.96480940703e-05,4.19785499456e-05,0,8.44370748536e-06,0.00794094698628,0.0771741358556,0.0551090258631
0.0536,1.6970452992e-05,3.35846242164e-09,4.49335996188e-06,0.000106064295635,5.15124587705e-05,0,1.02690321604e-05,0.00912662337532,0.0816234826716,0.0595220478616
0.0538,1.99387830906e-05,4.5062865154e-09,5.73912046877e-06,0.000124320140578,6.24228261434e-05,0,1.234903098e-05,0.0103999940978,0.0860548424131,0.0639423348236
0.054,2.32321580247e-05,5.95263107082e-09,7.2317227771e-06,0.000144501871893,7.48022890304e-05,0,1.47012411456e-05,0.0117610508281,0.0904679414415,0.0683648363415
0.0542,2.6866986944e-05,7.75307664191e-09,9.00222785549e-06,0.000166694005903,8.87422056029e-05,0,1.73431818146e-05,0.0132097033449,0.0948625710068,0.0727854573615
0.0544,3.08596097833e-05,9.96977220832e-09,1.1083477832e-05,0.000190979348528,0.000104332565663,0,2.02923408395e-05,0.0147457951247,0.0992385750211,0.0772008800906
0.0546,3.52262973574e-05,1.26717854463e-08,1.351006619e-05,0.000217439012716,0.000121661922236,0,2.35661640453e-05,0.0163691160291,0.103595840112,0.0816084190767
0.0548,3.9983251456e-05,1.59354468377e-08,1.6318306957e-05,0.000246152436777,0.000140817340332,0,2.71820465704e-05,0.0180794126252,0.107934287529,0.0860059032837
0.055,4.51466049383e-05,1.98446874708e-08,1.95462031652e-05,0.000277197403399,0.000161884359621,0,3.11573258864e-05,0.0198763965803,0.112253866561,0.0903915801328
0.0552,5.0732421828e-05,2.44913704329e-08,2.32334148108e-05,0.000310650059163,0.000184946968376,0,3.55092761846e-05,0.0217597514907,0.116554549182,0.0947640374185
0.0554,5.6756697408e-05,2.99756157315e-08,2.74212264926e-05,0.000346584934418,0.000210087586534,0,4.02551038716e-05,0.0237291384352,0.120836325689,0.0991221397711
0.0556,6.32353583155e-05,3.64061187072e-08,3.21525148789e-05,0.000385074963393,0.00023738705611,0,4.54119439699e-05,0.0257842004913,0.125099201166,0.103464976955
0.0558,7.01842626362e-05,4.39004619315e-08,3.74717161214e-05,0.000426191504461,0.000266924637567,0,5.09968572513e-05,0.0279245664069,0.129343192598,0.107791821797
0.056,7.76192e-05,5.25854205936e-08,4.34247933106e-05,0.000470004360465,0.000298778010946,0,5.70268279685e-05,0.0301498535862,0.133568326528,0.112102095957
0.0562,8.55558916749e-05,6.2597261404e-08,5.00592040516e-05,0.000516581799056,0.00033302328085,0,6.35187620716e-05,0.0324596705155,0.137774637153,0.116395342071
0.0564,9.40099906623e-05,7.40820350478e-08,5.7423868219e-05,0.000565990572993,0.000369734984491,0,7.04894858186e-05,0.0348536187349,0.141962164774,0.120671201088
0.0566,0.000102997081792,8.71958622361e-08,6.55691359419e-05,0.000618295940353,0.000408986102191,0,7.79557447066e-05,0.0373312944402,0.146130954538,0.124929393825
0.0568,0.000112532681816,1.02105213407e-07,7.45467558568e-05,0.000673561684633,0.000450848069824,0,8.59342026632e-05,0.0398922897829,0.150281055414,0.129169705968
0.057,0.000122632239506,1.18987182139e-07,8.4409843659e-05,0.000731850134719,0.000495390792785,0,9.44414414484e-05,0.0425361939261,0.154412519365,0.133391975857
0.0572,0.000133311135744,1.38029752335e-07,9.52128509762e-05,0.000793222184688,0.000542682661172,0,0.000103493960229,0.0452625939009,0.158525400669,0.137596084558
0.0574,0.00014458468362,1.59432059251e-07,0.000107011534583,0.000857737313441,0.000592790565875,0,0.000113108175289,0.0480710753002,0.162619755375,0.14178194778
0.0576,0.000156468128528,1.83404644445e-07,0.00011986292597,0.000925453604149,0.000645779915388,0,0.000123300419857,0.050961222841,0.16669564086,0.145949509299
0.0578,0.000168976648256,2.10169704701e-07,0.000133825301277,0.000996427763509,0.000701714653141,0,0.000134086944021,0.0539326208195,0.170753115465,0.150098735612
0.058,0.000182125353086,2.39961335021e-07,0.000148958151601,0.00107071514078,0.000760657275214,0,0.000145483914716,0.0569848534787,0.174792238207,0.154229611582
0.0582,0.000195929285887,2.73025765756e-07,0.000165322153677,0.00114836974666,0.000822668848328,0,0.000157507415777,0.0601175053048,0.178813068542,0.158342136907
0.0584,0.000210403422208,3.09621593945e-07,0.000182979140944,0.00122944427185,0.000887809027994,0,0.000170173448031,0.0633301612663,0.182815666175,0.162436323234
0.0586,0.000225562670375,3.50020008944e-07,0.000201992074995,0.00131399010555,0.000956136076765,0,0.000183497929432,0.066622407006,0.186800090905,0.166512191823
0.0588,0.000241421871584,3.94505012424e-07,0.0002224250174,0.0014020573536,0.00102770688252,0,0.000197496695231,0.0699938289945,0.190766402505,0.170569771639
0.059,0.0002579958,4.43373632809e-07,0.000244343101925,0.0014936948565,0.00110257697674,0,0.000212185498161,0.0734440146534,0.194714660617,0.174609097812
0.0592,0.000275299162845,4.96936134233e-07,0.000267812507117,0.00158895020716,0.00118080055269,0,0.000227580008652,0.0769725524521,0.19864492468,0.178630210373
0.0594,0.000293346600499,5.55516220089e-07,0.000292900429285,0.00168786976848,0.00126243048359,0,0.000243695815049,0.0805790319853,0.202557253858,0.182633153234
0.0596,0.000312152686592,6.19451231257e-07,0.000319675055839,0.00179049869065,0.00134751834056,0,0.000260548423856,0.0842630440333,0.206451706999,0.186617973359
0.0598,0.000331731928098,6.89092339061e-07,0.000348205539017,0.00189688092831,0.00143611441058,0,0.000278153259977,0.0880241806086,0.210328342588,0.190584720087
0.06,0.000352098765432,7.64804733056e-07,0.000378561969976,0.00200705925745,0.00152826771413,0,0.000296525666976,0.091862034992,0.214187218718,0.194533444587
0.0602,0.000373267572544,8.46967803706e-07,0.00041081535325,0.00212107529213,0.00162402602279,0,0.000315680907328,0.0957762017592,0.21802839307,0.198464199413
0.0604,0.000395252657013,9.3597532002e-07,0.000445037581571,0.00223896950094,0.00172343587666,0,0.000335634162688,0.0997662768011,0.221851922888,0.202377038145
0.0606,0.000418068260143,1.03223560223e-06,0.000481301411052,0.00236078122332,0.00182654260152,0,0.000356400534155,0.103831857337,0.225657864972,0.206272015093
0.0608,0.000441728557056,1.13617168957e-06,0.000519680436723,0.00248654868564,0.00193339032588,0,0.00037799504254,0.107972541924,0.229446275663,0.210149185069
0.061,0.00046624765679,1.24822150326e-06,0.000560249068418,0.00261630901707,0.00204402199783,0,0.000400432628632,0.112187930462,0.233217210839,0.214008603188
0.0612,0.000491639602391,1.36883800466e-06,0.00060308250701,0.00275009826526,0.00215847940168,0,0.000423728153472,0.116477624199,0.236970725908,0.217850324718
0.0614,0.000517918371008,1.49848934886e-06,0.000648256720994,0.00288795141183,0.00227680317439,0,0.000447896398617,0.120841225723,0.240706875811,0.221674404956
0.0616,0.00054509787399,1.63765903354e-06,0.000695848423399,0.00302990238767,0.00239903282188,0,0.000472952066411,0.12527833897,0.244425715014,0.225480899127
0.0618,0.000573191956977,1.78684604335e-06,0.000745935049046,0.00317598408801,0.00252520673504,0,0.000498909780253,0.129788569213,0.248127297513,0.229269862305
0.062,0.0006022144,1.94656498977e-06,0.000798594732129,0.00332622838731,0.00265536220563,0,0.000525784084865,0.134371523058,0.251811676834,0.233041349346
0.0622,0.000632178917571,2.1173462466e-06,0.000853906284129,0.00348066615401,0.00278953544197,0,0.000553589446553,0.139026808441,0.255478906036,0.236795414844
0.0624,0.000663099158781,2.29973608101e-06,0.000911949172046,0.00363932726506,0.00292776158438,0,0.000582340253477,0.143754034618,0.259129037714,0.240532113082
0.0626,0.000694988707392,2.4942967804e-06,0.000972803496953,0.00380224062018,0.00307007472051,0,0.000612050815908,0.148552812157,0.262762124002,0.244251498009
0.0628,0.000727861081935,2.70160677497e-06,0.00103654997286,0.00396943415614,0.00321650790045,0,0.000642735366495,0.153422752934,0.266378216575,0.247953623207
0.063,0.000761729735802,2.92226075615e-06,0.00110326990591,0.00414093486063,0.00336709315159,0,0.000674408060519,0.15836347012,0.269977366658,0.251638541881
0.0632,0.000796608057344,3.15686979092e-06,0.00117304517384,0.00431676878613,0.0035218614934,0,0.000707082976154,0.163374578175,0.273559625026,0.255306306836
0.0634,0.000832509369961,3.40606143208e-06,0.00124595820577,0.00449696106348,0.00368084295194,0,0.000740774114722,0.168455692837,0.277125042011,0.258956970474
0.0636,0.000869446932202,3.67047982454e-06,0.00132209196233,0.00468153591538,0.00384406657425,0,0.000775495400945,0.173606431117,0.280673667505,0.262590584782
0.0638,0.000907433937856,3.95078580774e-06,0.001401529916,0.00487051666965,0.00401156044248,0,0.000811260683202,0.178826411285,0.284205550968,0.266207201326
0.064,0.000946483516049,4.24765701411e-06,0.00148435603181,0.00506392577232,0.00418335168791,0,0.000848083733775,0.184115252863,0.287720741428,0.269806871255
0.0642,0.000986608731339,4.56178796376e-06,0.00157065474829,0.0052617848006,0.00435946650479,0,0.000885978249098,0.189472576618,0.291219287491,0.273389645289
0.0644,0.00102782258381,4.89389015551e-06,0.00166051095872,0.00546411447563,0.00453993016395,0,0.000924957850008,0.194898004546,0.294701237344,0.27695557373
0.0646,0.00107013800916,5.24469215404e-06,0.00175400999267,0.00567093467511,0.00472476702629,0,0.000965036081982,0.200391159872,0.29816663876,0.280504706452
0.0648,0.00111356787881,5.6149396736e-06,0.0018512375978,0.00588226444575,0.00491400055605,0,0.00100622641539,0.205951667035,0.301615539102,0.284037092914
0.065,0.001158125,6.00539565798e-06,0.00195227992192,0.00609812201558,0.00510765333399,0,0.00104854224572,0.211579151678,0.305047985331,0.287552782152
0.0652,0.00120382211585,6.41684035706e-06,0.00205722349537,0.00631852480602,0.00530574707031,0,0.00109199689385,0.217273240642,0.308464024007,0.291051822787
0.0654,0.00125067190551,6.85007139978e-06,0.00216615521362,0.00654348944395,0.00550830261745,0,0.00113660360624,0.223033561959,0.311863701297,0.294534263031
0.0656,0.00129868698419,7.30590386381e-06,0.00227916232015,0.00677303177347,0.00571533998275,0,0.00118237555521,0.228859744835,0.315247062981,0.298000150684
0.0658,0.00134787990333,7.78517034173e-06,0.00239633238957,0.00700716686758,0.0059268783409,0,0.00122932583914,0.234751419651,0.318614154452,0.301449533144
0.066,0.00139826315062,8.28872100394e-06,0.00251775331107,0.00724590903975,0.00614293604623,0,0.00127746748273,0.240708217947,0.321965020725,0.304882457405
0.0662,0.00144984915014,8.81742365834e-06,0.00264351327198,0.00748927185526,0.00636353064494,0,0.00132681343722,0.246729772418,0.325299706441,0.308298970069
0.0664,0.00150265026246,9.37216380669e-06,0.00277370074175,0.00773726814242,0.006588678887,0,0.0013773765806,0.252815716901,0.328618255872,0.311699117344
0.0666,0.00155667878471,9.9538446979e-06,0.00290840445607,0.0079899100037,0.00681839673808,0,0.00142916971787,0.258965686372,0.331920712923,0.315082945049
0.0668,0.00161194695066,1.05633873781e-05,0.00304771340122,0.00824720882663,0.00705269939121,0,0.00148220558126,0.265179316933,0.33520712114,0.318450498624
0.067,0.00166846693086,1.12017307379e-05,0.00319171679875,0.00850917529465,0.00729160127829,0,0.00153649683042,0.271456245805,0.338477523715,0.321801823127
0.0672,0.00172625083273,1.1869831556e-05,0.0033405040903,0.00877581939773,0.00753511608156,0,0.00159205605268,0.277796111323,0.341731963486,0.325136963245
0.0674,0.00178531070061,1.25686645405e-05,0.00349416492274,0.00904715044293,0.0077832567448,0,0.00164889576327,0.284198552922,0.344970482947,0.328455963293
0.0676,0.00184565851589,1.32992223672e-05,0.00365278913348,0.00932317706476,0.00803603548442,0,0.00170702840549,0.290663211135,0.348193124247,0.331758867224
0.0678,0.0019073061971,1.40625157144e-05,0.003816466736,0.00960390723548,0.00829346380049,0,0.00176646635101,0.29718972758,0.351399929201,0.335045718628
0.068,0.0019702656,1.48595732955e-05,0.00398528790571,0.00988934827521,0.00855555248749,0,0.0018272219,0.303777744959,0.354590939288,0.338316560743
0.0682,0.00203454851769,1.56914418887e-05,0.00415934296587,0.0101795068619,0.00882231164503,0,0.00188930728141,0.310426907041,0.357766195659,0.341571436452
0.0684,0.00210016668068,1.65591863635e-05,0.00433872237386,0.0104743890413,0.00909375068841,0,0.00195273465314,0.317136858662,0.36092573914,0.344810388293
0.0686,0.00216713175699,1.7463889705e-05,0.00452351670761,0.0107740002365,0.00936987835899,0,0.00201751610229,0.323907245716,0.364069610237,0.348033458463
0.0688,0.00223545535228,1.84066530355e-05,0.00471381665228,0.0110783452577,0.00965070273449,0,0.00208366364531,0.330737715145,0.367197849137,0.351240688817
0.069,0.00230514900988,1.93885956329e-05,0.00490971298707,0.0113874283118,0.00993623123913,0,0.0021511892283,0.337627914934,0.37031049572,0.354432120881
0.0692,0.00237622421094,2.04108549474e-05,0.00511129657235,0.0117012530114,0.0102264706537,0,0.00222010472712,0.344577494102,0.373407589552,0.357607795849
0.0694,0.00244869237452,2.14745866147e-05,0.00531865833691,0.0120198223846,0.0105214271252,0,0.00229042194766,0.351586102697,0.376489169897,0.36076775459
0.0696,0.00252256485765,2.25809644678e-05,0.00553188926545,0.0123431388834,0.0108211061771,0,0.00236215262602,0.358653391789,0.379555275721,0.363912037651
0.0698,0.00259785295546,2.37311805451e-05,0.00575108038626,0.0126712043936,0.0111255127184,0,0.00243530842871,0.365779013459,0.382605945689,0.367040685265
0.07,0.00267456790123,2.49264450969e-05,0.0059763227591,0.0130040202428,0.0114346510534,0,0.00250990095287,0.372962620798,0.385641218177,0.37015373735
0.0702,0.00275272086657,2.61679865895e-05,0.00620770746327,0.0133415872098,0.0117485248913,0,0.00258594172645,0.380203867896,0.388661131271,0.373251233515
0.0704,0.00283232296141,2.74570517067e-05,0.00644532558589,0.0136839055331,0.012067137355,0,0.00266344220842,0.387502409836,0.391665722771,0.376333213066
0.0706,0.00291338523417,2.87949053488e-05,0.00668926821035,0.0140309749193,0.0123904909906,0,0.00274241378895,0.394857902691,0.394655030198,0.379399715007
0.0708,0.00299591867182,3.01828306298e-05,0.00693962640495,0.0143827945516,0.0127185877764,0,0.00282286778966,0.40227000351,0.397629090793,0.382450778045
0.071,0.0030799342,3.16221288721e-05,0.00719649121174,0.0147393630984,0.0130514291314,0,0.00290481546372,0.40973837032,0.400587941524,0.385486440595
0.0712,0.00316544268308,3.31141195992e-05,0.0074599536355,0.0151006787212,0.0133890159248,0,0.00298826799614,0.417262662113,0.403531619089,0.388506740781
0.0714,0.00325245492429,3.46601405258e-05,0.00773010463301,0.0154667390828,0.0137313484841,0,0.00307323650391,0.424842538845,0.406460159919,0.391511716442
0.0716,0.00334098166579,3.62615475463e-05,0.0080070351023,0.0158375413553,0.0140784266038,0,0.0031597320362,0.432477661424,0.409373600181,0.394501405138
0.0718,0.00343103358878,3.79197147208e-05,0.00829083587232,0.0162130822281,0.0144302495541,0,0.00324776557454,0.44016769171,0.412271975781,0.397475844146
0.072,0.00352262131358,3.96360342593e-05,0.00858159769258,0.0165933579159,0.0147868160889,0,0.00333734803304,0.447912292505,0.415155322371,0.400435070473
0.0722,0.00361575539974,4.14119165039e-05,0.00887941122305,0.0169783641657,0.0151481244543,0,0.00342849025855,0.455711127546,0.418023675347,0.403379120853
0.0724,0.00371044634614,4.32487899087e-05,0.00918436702425,0.0173680962651,0.0155141723966,0,0.00352120303085,0.463563861505,0.420877069858,0.406308031752
0.0726,0.00380670459105,4.51481010182e-05,0.00949655554744,0.0177625490497,0.0158849571703,0,0.00361549706284,0.471470159975,0.423715540804,0.409221839373
0.0728,0.00390454051226,4.71113144432e-05,0.00981606712503,0.0181617169102,0.0162604755462,0,0.00371138300074,0.479429689472,0.426539122844,0.412120579659
0.073,0.00400396442716,4.91399128355e-05,0.0101429919611,0.0185655937999,0.016640723819,0,0.00380887142422,0.487442117425,0.429347850393,0.415004288296
0.0732,0.00410498659285,5.12353968599e-05,0.0104774201223,0.018974173242,0.0170256978152,0,0.00390797284666,0.495507112168,0.432141757633,0.417873000715
0.0734,0.00420761720621,5.33992851655e-05,0.0108194415282,0.0193874483365,0.0174153929005,0,0.00400869771525,0.503624342943,0.434920878509,0.420726752099
0.0736,0.004311866404,5.56331143542e-05,0.011169145943,0.0198054117674,0.0178098039877,0,0.00411105641122,0.511793479885,0.437685246738,0.423565577381
0.0738,0.00441774426299,5.79384389474e-05,0.0115266229663,0.0202280558096,0.0182089255436,0,0.00421505925003,0.520014194022,0.440434895808,0.426389511252
0.074,0.0045252608,6.03168313523e-05,0.0118919620245,0.0206553723358,0.0186127515968,0,0.00432071648148,0.528286157269,0.443169858981,0.429198588163
0.0742,0.00463442597203,6.27698818248e-05,0.0122652523622,0.0210873528231,0.0190212757446,0,0.00442803828997,0.536609042421,0.445890169298,0.431992842327
0.0744,0.00474524967635,6.52991984316e-05,0.012646583034,0.0215239883597,0.0194344911603,0,0.0045370347946,0.54498252315,0.448595859583,0.434772307721
0.0746,0.00485774175059,6.79064070108e-05,0.0130360428962,0.0219652696518,0.0198523906002,0,0.0046477160494,0.553406273998,0.451286962441,0.437537018094
0.0748,0.00497191197284,7.05931511305e-05,0.0134337205986,0.0224111870295,0.0202749664105,0,0.00476009204347,0.561879970373,0.453963510267,0.440287006963
0.075,0.00508777006173,7.33610920459e-05,0.013839704577,0.0228617304538,0.0207022105343,0,0.00487417270118,0.570403288543,0.456625535242,0.443022307624
0.0752,0.00520532567654,7.62119086548e-05,0.0142540830446,0.0233168895226,0.0211341145182,0,0.00498996788231,0.578975905633,0.459273069343,0.445742953148
0.0754,0.00532458841731,7.91472974518e-05,0.0146769439851,0.023776653477,0.0215706695191,0,0.00510748738223,0.587597499617,0.46190614434,0.448448976387
0.0756,0.00544556782488,8.21689724808e-05,0.0151083751449,0.0242410112074,0.0220118663107,0,0.00522674093209,0.596267749317,0.464524791803,0.451140409977
0.0758,0.00556827338106,8.5278665286e-05,0.0155484640257,0.0247099512597,0.02245769529,0,0.00534773819897,0.604986334394,0.4671290431,0.453817286342
0.076,0.00569271450864,8.84781248613e-05,0.0159972978769,0.0251834618413,0.0229081464839,0,0.00547048878604,0.613752935348,0.469718929405,0.456479637694
0.0762,0.00581890057158,9.17691175992e-05,0.0164549636893,0.0256615308271,0.0233632095554,0,0.00559500223274,0.622567233507,0.472294481697,0.459127496036
0.0764,0.00594684087501,9.51534272367e-05,0.0169215481873,0.0261441457649,0.0238228738098,0,0.00572128801495,0.63142891103,0.474855730762,0.461760893168
0.0766,0.0060765446654,9.86328548011e-05,0.0173971378224,0.0266312938816,0.0242871282008,0,0.00584935554513,0.640337650898,0.4774027072,0.464379860687
0.0768,0.00620802113061,0.000102209218554,0.0178818187664,0.0271229620891,0.024755961337,0,0.00597921417251,0.649293136907,0.479935441422,0.46698442999
0.077,0.0063412794,0.000105884353935,0.0183756769049,0.027619136989,0.0252293614874,0,0.00611087318324,0.65829505367,0.482453963657,0.469574632276
0.0772,0.00647632854453,0.000109660113502,0.0188787978305,0.0281198048792,0.0257073165877,0,0.00624434180056,0.667343086609,0.484958303952,0.472150498552
0.0774,0.00661317757685,0.000113538366869,0.0193912668368,0.0286249517588,0.026189814246,0,0.00637962918495,0.67643692195,0.487448492175,0.474712059632
0.0776,0.00675183545139,0.000117521000651,0.0199131689116,0.0291345633334,0.0266768417486,0,0.0065167444343,0.685576246719,0.489924558016,0.477259346141
0.0778,0.00689231106445,0.000121609918398,0.0204445887316,0.0296486250209,0.0271683860655,0,0.00665569658405,0.694760748742,0.492386530993,0.479792388516
0.078,0.00703461325432,0.000125807040529,0.0209856106555,0.0301671219561,0.0276644338566,0,0.00679649460737,0.703990116633,0.494834440452,0.482311217011
0.0782,0.00717875080134,0.000130114304272,0.0215363187186,0.0306900389967,0.0281649714765,0,0.00693914741533,0.713264039797,0.497268315568,0.484815861699
0.0784,0.00732473242804,0.000134533663598,0.022096796627,0.0312173607277,0.0286699849805,0,0.00708366385702,0.722582208422,0.499688185349,0.487306352473
0.0786,0.00747256679916,0.000139067089148,0.0226671277516,0.0317490714667,0.02917946013,0,0.00723005271971,0.731944313478,0.50209407864,0.489782719048
0.0788,0.00762226252186,0.000143716568173,0.0232473951229,0.0322851552689,0.0296933823973,0,0.00737832272905,0.741350046709,0.504486024121,0.492244990967
0.079,0.00777382814568,0.000148484104458,0.0238376814253,0.0328255959323,0.0302117369716,0,0.00752848254918,0.750799100633,0.506864050313,0.494693197598
0.0792,0.00792727216275,0.000153371718256,0.0244380689917,0.0333703770019,0.0307345087638,0,0.00768054078289,0.760291168536,0.509228185577,0.497127368141
0.0794,0.00808260300781,0.000158381446216,0.0250486397985,0.033919481775,0.0312616824114,0,0.00783450597178,0.769825944467,0.511578458119,0.499547531628
0.0796,0.00823982905835,0.000163515341308,0.0256694754603,0.0344728933058,0.0317932422841,0,0.00799038659643,0.779403123239,0.51391489599,0.501953716926
0.0798,0.00839895863467,0.000168775472753,0.0263006572248,0.03503059441,0.0323291724885,0,0.00814819107651,0.78902240042,0.516237527092,0.504345952739
0.08,0.00856,0.000174163925946,0.0269422659679,0.0355925676693,0.0328694568728,0,0.00830792777098,0.798683472332,0.518546379172,0.506724267609
0.0802,0.00872296136059,0.000179682802384,0.027594382189,0.0361587954363,0.0334140790321,0,0.00846960497819,0.808386036047,0.520841479834,0.509088689922
0.0804,0.0088878508658,0.000185334219585,0.028257086006,0.0367292598386,0.0339630223129,0,0.00863323093607,0.818129789383,0.523122856533,0.511439247904
0.0806,0.00905467660819,0.000191120311016,0.0289304571507,0.0373039427832,0.0345162698181,0,0.00879881382225,0.827914430902,0.525390536581,0.51377596963
0.0808,0.00922344662362,0.000197043226008,0.0296145749646,0.0378828259613,0.0350738044111,0,0.00896636175423,0.837739659904,0.527644547149,0.51609888302
0.081,0.00939416889136,0.000203105129687,0.0303095183941,0.0384658908522,0.0356356087211,0,0.00913588278951,0.847605176425,0.529884915267,0.518408015846
0.0812,0.00956685133414,0.000209308202884,0.031015365986,0.0390531187274,0.0362016651473,0,0.00930738492576,0.857510681234,0.532111667828,0.52070339573
0.0814,0.00974150181832,0.000215654642061,0.0317321958837,0.0396444906554,0.0367719558634,0,0.00948087610092,0.867455875828,0.534324831587,0.52298505015
0.0816,0.00991812815389,0.000222146659226,0.0324600858226,0.0402399875051,0.0373464628218,0,0.00965636419341,0.877440462431,0.536524433167,0.525253006437
0.0818,0.0100967380947,0.000228786481851,0.0331991131263,0.0408395899506,0.0379251677584,0,0.00983385702221,0.88746414399,0.538710499057,0.527507291783
0.082,0.0102773393383,0.000235576352791,0.0339493547023,0.0414432784744,0.0385080521969,0,0.010013362347,0.897526624168,0.540883055617,0.529747933238
0.0822,0.0104599395264,0.000242518530199,0.0347108870385,0.0420510333721,0.0390950974524,0,0.0101948878685,0.907627607348,0.543042129077,0.531974957714
0.0824,0.0106445462446,0.000249615287439,0.035483786199,0.042662834756,0.0396862846363,0,0.0103784412282,0.917766798623,0.54518774554,0.534188391986
0.0826,0.0108311670228,0.000256868913003,0.0362681278205,0.0432786625589,0.0402815946603,0,0.010564030009,0.927943903798,0.547319930984,0.536388262697
0.0828,0.0110198093352,0.000264281710425,0.0370639871086,0.0438984965379,0.04088100824,0,0.0107516617349,0.938158629383,0.549438711265,0.538574596354
0.083,0.0112104806,0.000271855998192,0.0378714388344,0.0445223162783,0.0414845058996,0,0.0109413438714,0.948410682592,0.551544112115,0.540747419337
0.0832,0.0114031881802,0.000279594109658,0.0386905573306,0.0451501011972,0.0420920679753,0,0.0111330838257,0.95869977134,0.553636159148,0.542906757892
0.0834,0.0115979393832,0.000287498392955,0.0395214164886,0.0457818305473,0.0427036746197,0,0.0113268889465,0.96902560424,0.555714877857,0.545052638143
0.0836,0.011794741461,0.000295571210906,0.0403640897548,0.0464174834202,0.0433193058052,0,0.0115227665246,0.979387890599,0.557780293621,0.547185086086
0.0838,0.0119936016103,0.000303814940932,0.0412186501275,0.0470570387503,0.0439389413282,0,0.0117207237927,0.989786340417,0.559832431703,0.549304127593
0.084,0.0121945269728,0.000312231974963,0.0420851701537,0.0477004753179,0.0445625608126,0,0.0119207679256,1.00022066438,0.561871317253,0.551409788415
0.0842,0.0123975246349,0.000320824719348,0.0429637219258,0.0483477717532,0.0451901437137,0,0.0121229060404,1.01069057387,0.563896975306,0.553502094183
0.0844,0.0126026016282,0.000329595594764,0.0438543770791,0.0489989065393,0.0458216693216,0,0.0123271451965,1.02119578093,0.565909430792,0.555581070407
0.0846,0.0128097649291,0.000338547036121,0.0447572067882,0.0496538580155,0.0464571167651,0,0.0125334923962,1.03173599831,0.567908708529,0.557646742484
0.0848,0.0130190214595,0.000347681492474,0.0456722817644,0.0503126043811,0.0470964650152,0,0.0127419545841,1.04231093943,0.569894833228,0.559699135693
0.085,0.0132303780864,0.000357001426925,0.0465996722531,0.0509751236982,0.0477396928884,0,0.0129525386478,1.05292031837,0.571867829495,0.5617382752
0.0852,0.0134438416224,0.000366509316531,0.0475394480308,0.051641393895,0.0483867790504,0,0.0131652514177,1.0635638499,0.573827721831,0.563764186059
0.0854,0.0136594188254,0.000376207652211,0.0484916784023,0.0523113927694,0.0490377020193,0,0.0133800996676,1.07424124945,0.575774534635,0.565776893213
0.0856,0.0138771163989,0.000386098938651,0.0494564321987,0.0529850979915,0.0496924401693,0,0.0135970901143,1.08495223313,0.577708292205,0.567776421498
0.0858,0.0140969409921,0.000396185694206,0.050433777774,0.0536624871071,0.0503509717337,0,0.0138162294178,1.0956965177,0.57962901874,0.569762795639
0.086,0.0143188992,0.000406470450807,0.0514237830035,0.054343537541,0.0510132748084,0,0.0140375241819,1.1064738206,0.581536738337,0.571736040259
0.0862,0.0145429975634,0.000416955753863,0.0524265152808,0.0550282265992,0.0516793273549,0,0.0142609809539,1.1172838599,0.583431475001,0.573696179875
0.0864,0.014769242569,0.000427644162166,0.0534420415157,0.0557165314727,0.0523491072038,0,0.0144866062248,1.12812635437,0.585313252639,0.5756432389
0.0866,0.0149976406498,0.000438538247792,0.054470428132,0.05640842924,0.0530225920576,0,0.0147144064295,1.13900102339,0.587182095062,0.577577241648
0.0868,0.0152281981846,0.000449640596005,0.055511741065,0.0571038968702,0.053699759494,0,0.0149443879469,1.14990758702,0.589038025992,0.579498212331
0.087,0.0154609214988,0.000460953805157,0.0565660457597,0.0578029112256,0.0543805869693,0,0.0151765571001,1.16084576597,0.590881069057,0.581406175063
0.0872,0.0156958168637,0.000472480486591,0.0576334071687,0.0585054490647,0.0550650518205,0,0.0154109201564,1.17181528159,0.592711247795,0.583301153862
0.0874,0.0159328904975,0.000484223264541,0.0587138897498,0.0592114870449,0.0557531312694,0,0.0156474833275,1.18281585587,0.594528585657,0.585183172648
0.0876,0.0161721485647,0.000496184776034,0.0598075574644,0.0599210017255,0.0564448024245,0,0.0158862527698,1.19384721146,0.596333106004,0.58705225525
0.0878,0.0164135971763,0.000508367670789,0.0609144737756,0.0606339695699,0.0571400422847,0,0.0161272345842,1.20490907164,0.598124832112,0.588908425401
0.088,0.0166572423901,0.000520774611118,0.0620347016462,0.0613503669487,0.0578388277417,0,0.0163704348162,1.21600116033,0.599903787172,0.590751706743
0.0882,0.0169030902109,0.000533408271826,0.0631683035369,0.0620701701419,0.0585411355831,0,0.0166158594566,1.22712320209,0.601669994292,0.592582122829
0.0884,0.0171511465902,0.000546271340107,0.0643153414046,0.062793355342,0.0592469424949,0,0.0168635144411,1.23827492212,0.603423476495,0.594399697121
0.0886,0.0174014174265,0.000559366515447,0.0654758767011,0.0635198986563,0.0599562250643,0,0.0171134056503,1.24945604622,0.605164256726,0.596204452996
0.0888,0.0176539085655,0.000572696509521,0.0666499703707,0.0642497761092,0.0606689597827,0,0.0173655389105,1.26066630087,0.606892357846,0.597996413742
0.089,0.0179086258,0.000586264046091,0.0678376828495,0.0649829636451,0.061385123048,0,0.0176199199931,1.27190541314,0.608607802642,0.599775602563
0.0892,0.0181655748701,0.000600071860903,0.0690390740631,0.0657194371304,0.0621046911674,0,0.0178765546153,1.28317311074,0.610310613818,0.601542042579
0.0894,0.0184247614633,0.000614122701589,0.0702542034259,0.0664591723564,0.06282764036,0,0.0181354484397,1.29446912201,0.612000814005,0.603295756827
0.0896,0.0186861912146,0.000628419327556,0.071483129839,0.0672021450412,0.0635539467593,0,0.0183966070748,1.30579317591,0.613678425757,0.605036768262
0.0898,0.0189498697065,0.000642964509894,0.0727259116894,0.0679483308324,0.0642835864157,0,0.0186600360752,1.317145002,0.615343471554,0.606765099761
0.09,0.0192158024691,0.000657761031264,0.0739826068484,0.0686977053093,0.065016535299,0,0.0189257409413,1.32852433048,0.616995973803,0.60848077412
0.0902,0.0194839949805,0.000672811685798,0.0752532726703,0.0694502439851,0.0657527693011,0,0.0191937271198,1.33993089216,0.618635954839,0.610183814056
0.0904,0.0197544526665,0.000688119278996,0.0765379659914,0.0702059223092,0.0664922642379,0,0.0194640000035,1.35136441847,0.620263436925,0.611874242213
0.0906,0.0200271809007,0.000703686627622,0.0778367431289,0.0709647156693,0.0672349958521,0,0.0197365649318,1.36282464144,0.621878442255,0.613552081155
0.0908,0.0203021850051,0.000719516559598,0.0791496598793,0.0717265993941,0.0679809398156,0,0.0200114271905,1.37431129372,0.623480992954,0.615217353375
0.091,0.0205794702494,0.000735611913902,0.080476771518,0.0724915487547,0.0687300717313,0,0.0202885920122,1.38582410857,0.625071111078,0.616870081291
0.0912,0.0208590418519,0.000751975540461,0.0818181327978,0.0732595389671,0.069482367136,0,0.0205680645762,1.39736281985,0.626648818618,0.618510287248
0.0914,0.021140904979,0.000768610300051,0.0831737979482,0.0740305451945,0.0702378015022,0,0.0208498500086,1.40892716203,0.628214137497,0.620137993522
0.0916,0.0214250647457,0.000785519064186,0.0845438206742,0.074804542549,0.0709963502407,0,0.0211339533826,1.42051687018,0.629767089576,0.621753222317
0.0918,0.0217115262153,0.000802704715017,0.0859282541559,0.0755815060937,0.0717579887023,0,0.0214203797186,1.43213167997,0.63130769665,0.623355995769
0.092,0.0220002944,0.000820170145226,0.087327151047,0.0763614108449,0.0725226921806,0,0.0217091339842,1.44377132768,0.632835980452,0.624946335945
0.0922,0.0222913742604,0.000837918257921,0.0887405634746,0.077144231774,0.0732904359134,0,0.0220002210942,1.45543555018,0.634351962652,0.626524264847
0.0924,0.022584770706,0.000855951966529,0.0901685430383,0.0779299438093,0.0740611950856,0,0.0222936459112,1.46712408494,0.635855664861,0.628089804408
0.0926,0.0228804885954,0.000874274194691,0.091611140809,0.078718521838,0.0748349448303,0,0.0225894132452,1.47883667002,0.637347108629,0.629642976498
0.0928,0.0231785327359,0.000892887876156,0.0930684073292,0.0795099407083,0.0756116602318,0,0.022887527854,1.49057304408,0.638826315446,0.631183802925
0.093,0.023478907884,0.000911795954679,0.0945403926113,0.0803041752309,0.0763913163271,0,0.0231879944433,1.50233294636,0.640293306747,0.632712305429
0.0932,0.0237816187453,0.000931001383906,0.0960271461379,0.0811012001812,0.0771738881079,0,0.0234908176666,1.51411611671,0.641748103905,0.634228505692
0.0934,0.024086669975,0.000950507127278,0.0975287168607,0.0819009903007,0.0779593505226,0,0.0237960021257,1.52592229554,0.643190728242,0.635732425335
0.0936,0.0243940661772,0.000970316157918,0.0990451532002,0.0827035202992,0.0787476784782,0,0.0241035523705,1.53775122388,0.644621201021,0.637224085916
0.0938,0.0247038119059,0.000990431458527,0.100576503045,0.0835087648564,0.0795388468424,0,0.0244134728992,1.54960264333,0.646039543452,0.638703508937
0.094,0.0250159116642,0.00101085602128,0.102122813752,0.0843166986236,0.0803328304452,0,0.0247257681584,1.56147629606,0.64744577669,0.64017071584
0.0942,0.0253303699053,0.00103159284771,0.103684132146,0.0851272962254,0.0811296040809,0,0.0250404425433,1.57337192484,0.648839921839,0.64162572801
0.0944,0.0256471910318,0.00105264494861,0.105260504516,0.0859405322614,0.0819291425098,0,0.025357500398,1.58528927302,0.65022199995,0.643068566776
0.0946,0.0259663793964,0.00107401534393,0.106851976623,0.0867563813079,0.0827314204601,0,0.0256769460149,1.59722808453,0.651592032024,0.644499253411
0.0948,0.0262879393016,0.00109570706267,0.10845859369,0.0875748179196,0.0835364126297,0,0.0259987836356,1.60918810386,0.652950039009,0.645917809133
0.095,0.026611875,0.00111772314275,0.110080400407,0.0883958166311,0.0843440936876,0,0.0263230174508,1.6211690761,0.654296041806,0.647324255109
0.0952,0.0269381906942,0.00114006663094,0.111717440932,0.0892193519584,0.0851544382763,0,0.0266496516002,1.6331707469,0.655630061268,0.648718612448
0.0954,0.0272668905372,0.00116274058272,0.113369758888,0.0900453984007,0.0859674210127,0,0.0269786901727,1.6451928625,0.656952118197,0.650100902212
0.0956,0.0275979786322,0.00118574806219,0.115037397363,0.0908739304419,0.0867830164903,0,0.0273101372067,1.65723516969,0.658262233351,0.651471145409
0.0958,0.0279314590328,0.00120909214197,0.11672039891,0.0917049225519,0.0876011992807,0,0.0276439966898,1.66929741585,0.659560427439,0.652829362997
0.096,0.0282673357432,0.00123277590308,0.118418805549,0.0925383491883,0.0884219439349,0,0.0279802725596,1.68137934891,0.660846721128,0.654175575886
0.0962,0.0286056127181,0.00125680243484,0.120132658765,0.0933741847979,0.0892452249856,0,0.0283189687031,1.6934807174,0.662121135036,0.655509804934
0.0964,0.0289462938631,0.00128117483474,0.121861999509,0.094212403818,0.0900710169481,0,0.0286600889572,1.70560127039,0.66338368974,0.656832070955
0.0966,0.0292893830342,0.00130589620838,0.123606868196,0.095052980678,0.090899294322,0,0.0290036371087,1.71774075752,0.664634405773,0.658142394712
0.0968,0.0296348840387,0.00133096966932,0.125367304707,0.0958958898006,0.0917300315932,0,0.0293496168945,1.72989892901,0.665873303625,0.659440796924
0.097,0.0299828006346,0.001356398339,0.127143348389,0.0967411056035,0.0925632032347,0,0.0296980320016,1.74207553562,0.667100403743,0.660727298264
0.0972,0.0303331365311,0.00138218534661,0.128935038054,0.0975886025005,0.0933987837085,0,0.0300488860673,1.75427032868,0.668315726536,0.66200191936
0.0974,0.0306858953886,0.001408333829,0.13074241198,0.0984383549028,0.0942367474669,0,0.0304021826794,1.7664830601,0.669519292371,0.663264680795
0.0976,0.0310410808187,0.00143484693059,0.132565507912,0.0992903372208,0.0950770689541,0,0.0307579253758,1.77871348233,0.670711121573,0.66451560311
0.0978,0.0313986963844,0.0014617278032,0.13440436306,0.100144523865,0.0959197226074,0,0.0311161176455,1.79096134837,0.671891234431,0.665754706803
0.098,0.0317587456,0.00148897960602,0.136259014099,0.101000889247,0.0967646828589,0,0.0314767629279,1.80322641181,0.673059651195,0.666982012329
0.0982,0.0321212319316,0.00151660550545,0.138129497173,0.101859407781,0.0976119241364,0,0.0318398646132,1.81550842677,0.674216392076,0.668197540102
0.0984,0.0324861587968,0.00154460867503,0.140015847892,0.102720053886,0.0984614208653,0,0.0322054260428,1.82780714792,0.67536147725,0.669401310497
0.0986,0.032853529565,0.0015729922953,0.141918101333,0.103582801986,0.0993131474694,0,0.0325734505089,1.84012233051,0.676494926854,0.670593343847
0.0988,0.0332233475573,0.0016017595537,0.14383629204,0.104447626512,0.100167078373,0,0.032943941255,1.85245373032,0.67761676099,0.671773660449
0.099,0.0335956160469,0.00163091364451,0.145770454024,0.1053145019,0.101023188001,0,0.0333169014757,1.86480110369,0.678726999728,0.672942280557
0.0992,0.0339703382589,0.00166045776866,0.147720620768,0.106183402598,0.10188145078,0,0.0336923343172,1.87716420752,0.679825663099,0.674099224391
0.0994,0.0343475173707,0.00169039513371,0.149686825218,0.107054303063,0.102741841144,0,0.0340702428771,1.88954279924,0.680912771102,0.675244512133
0.0996,0.0347271565116,0.00172072895367,0.151669099793,0.107927177762,0.103604333528,0,0.0344506302044,1.90193663683,0.681988343704,0.676378163927
0.0998,0.0351092587635,0.00175146244894,0.153667476381,0.108802001176,0.104468902375,0,0.0348334993002,1.91434547885,0.683052400837,0.677500199882
0.1,0.0354938271605,0.00178259884621,0.155681986338,0.109678747797,0.105335522135,0,0.0352188531171,1.92676908436,0.684104962402,0.678610640073
0.1002,0.0358808646894,0.00181414137831,0.157712660491,0.110557392134,0.106204167267,0,0.0356066945597,1.939207213,0.68514604827,0.679709504539
0.1004,0.0362703742894,0.00184609328414,0.15975952914,0.11143790871,0.107074812241,0,0.0359970264847,1.95165962494,0.686175678278,0.680796813285
0.1006,0.0366623588525,0.00187845780855,0.161822622053,0.112320272065,0.107947431535,0,0.0363898517008,1.96412608089,0.687193872235,0.681872586284
0.1008,0.0370568212235,0.00191123820224,0.163901968473,0.113204456757,0.108821999641,0,0.0367851729693,1.97660634211,0.68820064992,0.682936843474
0.101,0.0374537642,0.00194443772166,0.165997597113,0.114090437361,0.109698491064,0,0.0371829930033,1.9891001704,0.689196031082,0.683989604763
0.1012,0.0378531905326,0.0019780596289,0.168109536161,0.114978188474,0.110576880323,0,0.037583314469,2.0016073281,0.690180035442,0.685030890027
0.1014,0.0382551029249,0.00201210719155,0.170237813278,0.115867684712,0.111457141953,0,0.0379861399846,2.01412757809,0.691152682692,0.68606071911
0.1016,0.0386595040338,0.00204658368267,0.172382455601,0.116758900713,0.112339250505,0,0.0383914721213,2.02666068378,0.692113992497,0.687079111826
0.1018,0.0390663964694,0.00208149238062,0.174543489738,0.117651811139,0.113223180547,0,0.0387993134032,2.03920640913,0.693063984496,0.68808608796
0.102,0.0394757827951,0.00211683656897,0.176720941778,0.118546390672,0.114108906665,0,0.0392096663069,2.05176451863,0.6940026783,0.689081667267
0.1022,0.0398876655277,0.00215261953643,0.178914837282,0.119442614022,0.114996403467,0,0.0396225332623,2.0643347773,0.694930093494,0.690065869474
0.1024,0.0403020471378,0.00218884457669,0.181125201291,0.120340455923,0.115885645578,0,0.0400379166525,2.07691695072,0.695846249639,0.691038714278
0.1026,0.0407189300494,0.00222551498835,0.183352058323,0.121239891135,0.116776607647,0,0.0404558188135,2.08951080498,0.696751166271,0.69200022135
0.1028,0.0411383166403,0.00226263407483,0.185595432375,0.122140894446,0.117669264344,0,0.0408762420348,2.1021161067,0.697644862898,0.692950410334
0.103,0.041560209242,0.00230020514421,0.187855346923,0.123043440671,0.118563590365,0,0.0412991885594,2.11473262306,0.698527359009,0.693889300847
0.1032,0.0419846101401,0.0023382315092,0.190131824923,0.123947504654,0.119459560426,0,0.0417246605838,2.12736012173,0.699398674067,0.69481691248
0.1034,0.0424115215742,0.00237671648696,0.192424888814,0.124853061271,0.120357149272,0,0.042152660258,2.13999837096,0.700258827511,0.695733264797
0.1036,0.0428409457379,0.00241566339906,0.194734560514,0.125760085425,0.121256331671,0,0.0425831896859,2.15264713948,0.70110783876,0.69663837734
0.1038,0.0432728847791,0.00245507557135,0.197060861426,0.126668552053,0.122157082422,0,0.0430162509252,2.16530619659,0.701945727209,0.697532269624
0.104,0.0437073408,0.00249495633384,0.199403812436,0.127578436123,0.123059376348,0,0.0434518459876,2.17797531209,0.702772512233,0.698414961141
0.1042,0.0441443158571,0.00253530902062,0.201763433915,0.128489712636,0.123963188303,0,0.0438899768389,2.19065425633,0.703588213184,0.699286471359
0.1044,0.0445838119614,0.00257613696976,0.204139745718,0.129402356628,0.12486849317,0,0.0443306453989,2.20334280017,0.704392849394,0.700146819724
0.1046,0.0450258310786,0.0026174435232,0.206532767188,0.130316343169,0.125775265861,0,0.0447738535419,2.21604071501,0.705186440177,0.700996025658
0.1048,0.045470375129,0.00265923202663,0.208942517154,0.131231647363,0.126683481323,0,0.0452196030965,2.22874777275,0.705969004823,0.701834108562
0.105,0.0459174459877,0.00270150582942,0.211369013934,0.132148244352,0.127593114531,0,0.0456678958456,2.24146374584,0.706740562607,0.702661087814
0.1052,0.0463670454845,0.00274426828448,0.213812275336,0.133066109313,0.128504140495,0,0.0461187335271,2.25418840725,0.707501132782,0.703476982773
0.1054,0.0468191754046,0.00278752274822,0.216272318656,0.133985217462,0.129416534259,0,0.0465721178332,2.26692153046,0.708250734584,0.704281812775
0.1056,0.0472738374877,0.00283127258035,0.218749160682,0.134905544052,0.130330270899,0,0.0470280504111,2.27966288949,0.70898938723,0.705075597137
0.1058,0.0477310334291,0.00287552114389,0.221242817697,0.135827064376,0.13124532553,0,0.0474865328628,2.29241225886,0.70971710992,0.705858355155
0.106,0.048190764879,0.00292027180499,0.223753305472,0.136749753765,0.132161673299,0,0.0479475667456,2.30516941362,0.710433921838,0.706630106108
0.1062,0.0486530334433,0.00296552793284,0.226280639277,0.137673587593,0.133079289392,0,0.0484111535714,2.31793412936,0.711139842147,0.707390869254
0.1064,0.049117840683,0.00301129289962,0.228824833874,0.138598541272,0.133998149032,0,0.0488772948079,2.33070618216,0.711834889999,0.708140663833
0.1066,0.0495851881149,0.00305757008032,0.231385903523,0.139524590257,0.13491822748,0,0.0493459918776,2.34348534863,0.712519084526,0.708879509066
0.1068,0.0500550772112,0.00310436285272,0.233963861982,0.140451710044,0.135839500036,0,0.0498172461588,2.3562714059,0.713192444846,0.709607424158
0.107,0.0505275094,0.00315167459722,0.236558722505,0.141379876175,0.136761942037,0,0.0502910589851,2.36906413163,0.713854990062,0.710324428296
0.1072,0.0510024860651,0.00319950869679,0.239170497849,0.142309064231,0.137685528865,0,0.0507674316459,2.38186330396,0.71450673926,0.711030540649
0.1074,0.0514800085463,0.00324786853684,0.241799200269,0.143239249841,0.138610235938,0,0.0512463653862,2.39466870159,0.715147711514,0.711725780371
0.1076,0.0519600781394,0.00329675750515,0.244444841523,0.144170408675,0.139536038719,0,0.0517278614069,2.4074801037,0.715777925883,0.7124101666
0.1078,0.0524426960962,0.00334617899172,0.247107432872,0.145102516452,0.14046291271,0,0.052211920865,2.42029729,0.716397401412,0.713083718457
0.108,0.0529278636247,0.00339613638874,0.249786985082,0.146035548934,0.141390833458,0,0.0526985448731,2.43312004073,0.717006157133,0.713746455048
0.1082,0.0534155818893,0.00344663309042,0.252483508422,0.146969481931,0.142319776554,0,0.0531877345004,2.44594813662,0.717604212063,0.714398395465
0.1084,0.0539058520109,0.00349767249296,0.255197012669,0.147904291298,0.143249717629,0,0.0536794907722,2.45878135891,0.718191585209,0.715039558784
0.1086,0.0543986750664,0.00354925799438,0.257927507109,0.14883995294,0.144180632363,0,0.0541738146701,2.47161948937,0.718768295566,0.715669964069
0.1088,0.0548940520899,0.00360139299448,0.260675000534,0.149776442808,0.145112496478,0,0.0546707071321,2.48446231029,0.719334362113,0.716289630369
0.109,0.0553919840716,0.00365408089473,0.263439501249,0.150713736902,0.146045285744,0,0.055170169053,2.49730960444,0.719889803821,0.716898576717
0.1092,0.0558924719589,0.00370732509815,0.266221017068,0.151651811273,0.146978975976,0,0.055672201284,2.51016115512,0.720434639649,0.717496822138
0.1094,0.0563955166558,0.00376112900921,0.269019555318,0.152590642017,0.147913543035,0,0.0561768046333,2.52301674614,0.720968888544,0.71808438564
0.1096,0.0569011190234,0.00381549603378,0.271835122842,0.153530205285,0.148848962832,0,0.0566839798656,2.53587616181,0.721492569443,0.718661286221
0.1098,0.0574092798797,0.00387042957898,0.274667725994,0.154470477277,0.149785211322,0,0.057193727703,2.54873918697,0.722005701272,0.719227542865
0.11,0.05792,0.00392593305311,0.277517370649,0.155411434241,0.150722264513,0,0.0577060488244,2.56160560695,0.722508302948,0.719783174547
0.1102,0.0584332801167,0.00398200986555,0.280384062196,0.156353052481,0.151660098459,0,0.0582209438659,2.57447520759,0.723000393378,0.720328200227
0.1104,0.0589491209197,0.00403866342666,0.283267805544,0.15729530835,0.152598689263,0,0.058738413421,2.58734777525,0.723481991459,0.720862638857
0.1106,0.0594675230562,0.00409589714768,0.286168605122,0.158238178255,0.153538013081,0,0.0592584580403,2.60022309677,0.723953116079,0.721386509377
0.1108,0.0599884871309,0.00415371444066,0.289086464881,0.159181638655,0.154478046116,0,0.0597810782322,2.61310095952,0.724413786118,0.721899830718
0.111,0.0605120137062,0.00421211871832,0.292021388295,0.160125666063,0.155418764624,0,0.0603062744625,2.62598115138,0.724864020447,0.722402621798
0.1112,0.0610381033021,0.00427111339399,0.29497337836,0.161070237043,0.156360144911,0,0.0608340471547,2.63886346072,0.725303837928,0.722894901528
0.1114,0.0615667563967,0.00433070188151,0.2979424376,0.162015328218,0.157302163338,0,0.06136439669,2.65174767642,0.725733257416,0.723376688808
0.1116,0.0620979734256,0.00439088759512,0.300928568064,0.162960916262,0.158244796314,0,0.0618973234075,2.66463358787,0.726152297758,0.723848002529
0.1118,0.0626317547827,0.00445167394939,0.303931771329,0.163906977905,0.159188020304,0,0.0624328276045,2.67752098495,0.726560977795,0.724308861575
0.112,0.0631681008198,0.00451306435909,0.306952048502,0.164853489932,0.160131811824,0,0.0629709095361,2.69040965805,0.726959316359,0.724759284819
0.1122,0.063707011847,0.00457506223913,0.309989400222,0.165800429185,0.161076147446,0,0.0635115694157,2.70329939808,0.727347332275,0.725199291127
0.1124,0.0642484881326,0.00463767100446,0.313043826658,0.166747772559,0.162021003793,0,0.064054807415,2.71618999643,0.727725044365,0.725628899357
0.1126,0.0647925299034,0.00470089406997,0.316115327513,0.16769549701,0.162966357547,0,0.064600623664,2.729081245,0.72809247144,0.726048128358
0.1128,0.0653391373447,0.00476473485037,0.319203902025,0.168643579548,0.163912185439,0,0.0651490182513,2.74197293619,0.728449632308,0.726456996975
0.113,0.0658883106,0.00482919676016,0.322309548969,0.16959199724,0.164858464261,0,0.0656999912238,2.75486486291,0.728796545771,0.726855524041
0.1132,0.0664400497719,0.0048942832135,0.325432266657,0.170540727212,0.165805170857,0,0.0662535425876,2.76775681856,0.729133230625,0.727243728387
0.1134,0.0669943549216,0.00495999762408,0.32857205294,0.171489746648,0.166752282128,0,0.066809672307,2.78064859705,0.729459705661,0.727621628835
0.1136,0.067551226069,0.00502634340513,0.331728905208,0.172439032789,0.167699775032,0,0.0673683803055,2.79353999277,0.729775989665,0.7279892442
0.1138,0.0681106631932,0.0050933239692,0.334902820397,0.173388562935,0.168647626583,0,0.0679296664657,2.80643080064,0.730082101419,0.728346593293
0.114,0.0686726662321,0.0051609427282,0.338093794982,0.174338314445,0.169595813854,0,0.0684935306289,2.81932081606,0.730378059698,0.728693694918
0.1142,0.0692372350829,0.0052292030932,0.341301824984,0.175288264739,0.170544313972,0,0.0690599725958,2.83220983493,0.730663883277,0.729030567874
0.1144,0.0698043696021,0.00529810847439,0.344526905972,0.176238391293,0.171493104125,0,0.0696289921266,2.84509765364,0.730939590923,0.729357230955
0.1146,0.0703740696052,0.005367662281,0.347769033059,0.177188671647,0.172442161559,0,0.0702005889404,2.85798406911,0.731205201402,0.729673702948
0.1148,0.0709463348675,0.00543786792119,0.351028200911,0.178139083398,0.173391463577,0,0.0707747627161,2.87086887872,0.731460733476,0.729980002639
0.115,0.0715211651235,0.00550872880193,0.354304403741,0.179089604205,0.174340987541,0,0.0713515130922,2.88375188037,0.731706205903,0.730276148807
0.1152,0.0720985600675,0.005580248329,0.357597635317,0.180040211787,0.175290710874,0,0.0719308396667,2.89663287245,0.731941637438,0.730562160226
0.1154,0.0726785193534,0.00565242990679,0.360907888957,0.180990883924,0.176240611056,0,0.0725127419975,2.90951165384,0.732167046835,0.730838055668
0.1156,0.0732610425951,0.0057252769383,0.364235157536,0.181941598459,0.17719066563,0,0.0730972196023,2.92238802392,0.732382452842,0.731103853902
0.1158,0.073846129366,0.00579879282499,0.367579433485,0.182892333294,0.178140852196,0,0.0736842719588,2.93526178258,0.732587874208,0.73135957369
0.116,0.0744337792,0.00587298096675,0.370940708793,0.183843066395,0.179091148415,0,0.0742738985048,2.94813273019,0.732783329678,0.731605233793
0.1162,0.0750239915906,0.00594784476175,0.374318975008,0.18479377579,0.180041532011,0,0.0748660986383,2.96100066761,0.732968837996,0.73184085297
0.1164,0.0756167659918,0.0060233876064,0.377714223239,0.185744439567,0.180991980767,0,0.0754608717176,2.97386539621,0.733144417904,0.732066449975
0.1166,0.0762121018178,0.00609961289523,0.381126444155,0.186695035879,0.181942472527,0,0.0760582170611,2.98672671784,0.733310088143,0.732282043561
0.1168,0.076809998443,0.00617652402083,0.384555627993,0.187645542941,0.182892985197,0,0.0766581339481,2.99958443486,0.733465867451,0.732487652477
0.117,0.0774104552025,0.00625412437374,0.388001764551,0.188595939031,0.183843496746,0,0.0772606216181,3.01243835011,0.733611774567,0.732683295472
0.1172,0.0780134713917,0.00633241734238,0.391464843196,0.189546202491,0.184793985203,0,0.0778656792715,3.02528826693,0.733747828229,0.732868991291
0.1174,0.078619046267,0.00641140631295,0.394944852863,0.190496311725,0.18574442866,0,0.0784733060694,3.03813398914,0.733874047173,0.733044758679
0.1176,0.0792271790453,0.00649109466936,0.398441782057,0.191446245204,0.186694805273,0,0.0790835011336,3.05097532107,0.733990450135,0.733210616378
0.1178,0.0798378689043,0.00657148579314,0.401955618853,0.192395981458,0.18764509326,0,0.0796962635471,3.06381206754,0.734097055851,0.733366583129
0.118,0.0804511149827,0.00665258306331,0.4054863509,0.193345499086,0.188595270899,0,0.0803115923539,3.07664403386,0.734193883057,0.733512677673
0.1182,0.0810669163804,0.0067343898564,0.40903396542,0.194294776748,0.189545316537,0,0.080929486559,3.08947102581,0.734280950489,0.73364891875
0.1184,0.0816852721582,0.00681690954624,0.412598449212,0.195243793171,0.190495208579,0,0.081549945129,3.1022928497,0.734358276883,0.733775325098
0.1186,0.0823061813382,0.00690014550397,0.416179788653,0.196192527145,0.191444925497,0,0.0821729669914,3.1151093123,0.734425880976,0.733891915455
0.1188,0.0829296429039,0.00698410109791,0.419777969696,0.197140957525,0.192394445827,0,0.0827985510356,3.12792022088,0.734483781506,0.733998708559
0.119,0.0835556558,0.00706877969349,0.423392977878,0.198089063233,0.193343748166,0,0.0834266961122,3.14072538321,0.734531997211,0.734095723149
0.1192,0.0841842189329,0.00715418465315,0.427024798314,0.199036823254,0.19429281118,0,0.0840574010337,3.15352460754,0.734570546829,0.734182977961
0.1194,0.0848153311706,0.00724031933629,0.430673415707,0.19998421664,0.195241613594,0,0.0846906645743,3.16631770261,0.734599449102,0.734260491735
0.1196,0.0854489913426,0.00732718709916,0.434338814342,0.200931222509,0.196190134204,0,0.0853264854698,3.17910447765,0.734618722772,0.734328283208
0.1198,0.0860851982404,0.00741479129478,0.438020978091,0.201877820043,0.197138351865,0,0.0859648624183,3.19188474239,0.734628386581,0.734386371121
0.12,0.0867239506173,0.00750313527286,0.441719890414,0.202823988492,0.1980862455,0,0.0866057940797,3.20465830703,0.734628459276,0.734434774213
0.1202,0.0873652471885,0.00759222237973,0.445435534362,0.203769707171,0.199033794099,0,0.0872492790761,3.21742498227,0.734618959603,0.734473511225
0.1204,0.0880090866315,0.00768205595825,0.449167892575,0.204714955461,0.199980976713,0,0.087895315992,3.2301845793,0.734599906311,0.734502600901
0.1206,0.0886554675858,0.00777263934771,0.452916947289,0.20565971281,0.200927772463,0,0.0885439033739,3.24293690979,0.734571318151,0.734522061983
0.1208,0.0893043886531,0.00786397588377,0.456682680331,0.206603958733,0.201874160532,0,0.0891950397311,3.25568178591,0.734533213879,0.734531913217
0.121,0.0899558483975,0.0079560688984,0.460465073126,0.207547672812,0.202820120172,0,0.0898487235352,3.2684190203,0.734485612248,0.734532173349
0.1212,0.0906098453458,0.00804892171974,0.464264106697,0.208490834694,0.2037656307,0,0.0905049532204,3.28114842611,0.734428532019,0.734522861129
0.1214,0.091266377987,0.00814253767207,0.468079761663,0.209433424094,0.204710671499,0,0.0911637271838,3.29386981696,0.734361991954,0.734503995307
0.1216,0.091925444773,0.00823692007572,0.471912018246,0.210375420796,0.205655222018,0,0.0918250437852,3.30658300697,0.734286010817,0.734475594636
0.1218,0.0925870441182,0.00833207224697,0.47576085627,0.211316804648,0.206599261774,0,0.0924889013473,3.31928781072,0.734200607376,0.734437677872
0.122,0.0932511744,0.008427997498,0.479626255164,0.212257555568,0.207542770348,0,0.093155298156,3.33198404331,0.734105800402,0.734390263773
0.1222,0.0939178339588,0.0085246991368,0.483508193958,0.21319765354,0.208485727392,0,0.0938242324601,3.3446715203,0.73400160867,0.734333371099
0.1224,0.0945870210977,0.00862218046706,0.487406651294,0.214137078617,0.209428112622,0,0.0944957024716,3.35735005776,0.733888050959,0.734267018613
0.1226,0.0952587340834,0.00872044478814,0.49132160542,0.215075810917,0.210369905821,0,0.0951697063661,3.37001947223,0.73376514605,0.734191225082
0.1228,0.0959329711453,0.00881949539498,0.495253034194,0.216013830629,0.21131108684,0,0.0958462422822,3.38267958073,0.73363291273,0.734106009276
0.123,0.0966097304765,0.008919335578,0.499200915085,0.216951118007,0.212251635598,0,0.0965253083224,3.39533020079,0.733491369788,0.734011389967
0.1232,0.0972890102333,0.00901996862303,0.503165225178,0.217887653377,0.21319153208,0,0.0972069025524,3.40797115038,0.733340536019,0.733907385931
0.1234,0.0979708085356,0.00912139781126,0.507145941169,0.218823417129,0.214130756339,0,0.097891023002,3.42060224801,0.733180430221,0.733794015949
0.1236,0.0986551234667,0.00922362641914,0.511143039375,0.219758389723,0.215069288497,0,0.0985776676646,3.43322331264,0.733011071196,0.733671298803
0.1238,0.0993419530739,0.00932665771828,0.515156495726,0.220692551687,0.216007108742,0,0.0992668344973,3.44583416372,0.732832477753,0.733539253282
0.124,0.100031295368,0.00943049497544,0.519186285775,0.221625883618,0.216944197331,0,0.0999585214216,3.45843462118,0.732644668703,0.733397898176
0.1242,0.100723148324,0.00953514145238,0.523232384695,0.22255836618,0.217880534588,0,0.100652726323,3.47102450546,0.732447662864,0.733247252281
0.1244,0.10141750988,0.00964060040584,0.527294767283,0.223489980109,0.218816100907,0,0.10134944705,3.48360363744,0.732241479057,0.733087334398
0.1246,0.102114377939,0.00974687508743,0.531373407957,0.224420706204,0.219750876747,0,0.102048681418,3.49617183852,0.732026136109,0.73291816333
0.1248,0.102813750369,0.00985396874358,0.535468280765,0.225350525338,0.220684842639,0,0.102750427204,3.50872893058,0.731801652853,0.732739757886
0.125,0.103515625,0.00996188461546,0.53957935938,0.226279418449,0.221617979178,0,0.103454682151,3.52127473596,0.731568048126,0.732552136879
0.1252,0.104219999628,0.0100706259389,0.543706617105,0.227207366547,0.222550267033,0,0.104161443967,3.5338090775,0.731325340771,0.732355319128
0.1254,0.104926872013,0.0101801959443,0.547850026874,0.228134350708,0.223481686935,0,0.104870710322,3.54633177852,0.731073549637,0.732149323457
0.1256,0.10563623988,0.0102905978565,0.552009561251,0.229060352078,0.22441221969,0,0.105582478855,3.55884266283,0.730812693578,0.731934168693
0.1258,0.106348100918,0.010401834895,0.556185192438,0.229985351874,0.225341846168,0,0.106296747166,3.5713415547,0.730542791454,0.73170987367
0.126,0.10706245278,0.0105139102734,0.560376892269,0.230909331378,0.226270547309,0,0.107013512822,3.58382827892,0.730263862131,0.731476457227
0.1262,0.107779293086,0.0106268271999,0.564584632216,0.231832271944,0.227198304123,0,0.107732773354,3.59630266071,0.729975924481,0.731233938208
0.1264,0.108498619419,0.0107405888766,0.56880838339,0.232754154995,0.228125097687,0,0.108454526259,3.60876452583,0.729678997383,0.730982335462
0.1266,0.109220429328,0.0108551984999,0.573048116543,0.233674962023,0.229050909149,0,0.109178768999,3.62121370047,0.72937309972,0.730721667846
0.1268,0.109944720327,0.0109706592603,0.577303802068,0.234594674587,0.229975719723,0,0.109905499001,3.63365001133,0.729058250385,0.730451954221
0.127,0.110671489894,0.0110869743423,0.58157541,0.235513274319,0.230899510696,0,0.110634713658,3.64607328559,0.728734468273,0.730173213454
0.1272,0.111400735474,0.0112041469243,0.585862910023,0.236430742918,0.231822263421,0,0.111366410329,3.65848335091,0.72840177229,0.729885464418
0.1274,0.112132454477,0.0113221801786,0.590166271463,0.237347062152,0.23274395932,0,0.112100586336,3.67088003542,0.728060181345,0.729588725992
0.1276,0.112866644277,0.0114410772712,0.594485463298,0.23826221386,0.233664579887,0,0.112837238969,3.68326316774,0.727709714356,0.729283017063
0.1278,0.113603302216,0.0115608413621,0.598820454154,0.239176179949,0.234584106681,0,0.113576365485,3.69563257697,0.727350390248,0.728968356521
0.128,0.1143424256,0.0116814756045,0.603171212308,0.240088942397,0.235502521335,0,0.114317963103,3.70798809269,0.726982227952,0.728644763267
0.1282,0.115084011701,0.0118029831457,0.607537705691,0.241000483249,0.236419805547,0,0.115062029012,3.72032954496,0.726605246406,0.728312256204
0.1284,0.115828057757,0.0119253671261,0.61191990189,0.241910784622,0.237335941087,0,0.115808560365,3.73265676431,0.726219464556,0.727970854244
0.1286,0.116574560973,0.0120486306797,0.616317768145,0.242819828701,0.238250909794,0,0.116557554281,3.74496958178,0.725824901355,0.727620576307
0.1288,0.117323518518,0.012172776934,0.620731271355,0.243727597741,0.239164693576,0,0.117309007847,3.75726782886,0.725421575764,0.727261441316
0.129,0.118074927528,0.0122978090096,0.625160378081,0.244634074066,0.240077274409,0,0.118062918115,3.76955133753,0.725009506749,0.726893468206
0.1292,0.118828785107,0.0124237300205,0.62960505454,0.245539240071,0.24098863434,0,0.118819282103,3.78181994024,0.724588713288,0.726516675915
0.1294,0.119585088322,0.0125505430738,0.634065266617,0.246443078219,0.241898755486,0,0.119578096797,3.79407346995,0.724159214362,0.726131083389
0.1296,0.12034383421,0.0126782512698,0.638540979858,0.247345571044,0.242807620033,0,0.120339359149,3.80631176006,0.723721028964,0.725736709584
0.1298,0.121105019771,0.0128068577017,0.643032159475,0.248246701147,0.243715210235,0,0.121103066078,3.81853464447,0.723274176091,0.72533357346
0.13,0.121868641975,0.0129363654557,0.647538770348,0.249146451202,0.244621508418,0,0.121869214469,3.83074195756,0.722818674751,0.724921693986
0.1302,0.122634697757,0.0130667776111,0.652060777025,0.25004480395,0.245526496974,0,0.122637801176,3.84293353419,0.722354543957,0.724501090139
0.1304,0.123403184017,0.0131980972399,0.656598143726,0.250941742202,0.246430158369,0,0.123408823018,3.85510920969,0.721881802735,0.724071780903
0.1306,0.124174097626,0.0133303274068,0.661150834343,0.25183724884,0.247332475136,0,0.124182276782,3.86726881987,0.721400470113,0.723633785269
0.1308,0.12494743542,0.0134634711692,0.665718812439,0.252731306814,0.248233429877,0,0.124958159222,3.87941220102,0.720910565133,0.723187122238
0.131,0.1257231942,0.0135975315775,0.670302041257,0.253623899144,0.249133005264,0,0.12573646706,3.89153918992,0.720412106841,0.722731810817
0.1312,0.126501370738,0.0137325116742,0.674900483713,0.25451500892,0.25003118404,0,0.126517196985,3.9036496238,0.719905114295,0.722267870022
0.1314,0.12728196177,0.0138684144947,0.679514102403,0.255404619301,0.250927949016,0,0.127300345653,3.91574334041,0.719389606559,0.721795318876
0.1316,0.128064964002,0.0140052430666,0.684142859603,0.256292713516,0.251823283073,0,0.128085909688,3.92782017793,0.718865602706,0.721314176413
0.1318,0.128850374106,0.0141430004101,0.688786717271,0.257179274864,0.252717169162,0,0.128873885683,3.93987997506,0.71833312182,0.720824461672
0.132,0.129638188721,0.0142816895375,0.693445637047,0.258064286712,0.253609590302,0,0.129664270198,3.95192257095,0.71779218299,0.720326193701
0.1322,0.130428404456,0.0144213134536,0.698119580256,0.258947732497,0.254500529584,0,0.130457059759,3.96394780523,0.717242805317,0.719819391559
0.1324,0.131221017885,0.0145618751551,0.702808507911,0.259829595726,0.255389970167,0,0.131252250862,3.97595551804,0.71668500791,0.719304074311
0.1326,0.132016025552,0.0147033776313,0.707512380712,0.260709859975,0.256277895278,0,0.132049839972,3.98794554995,0.716118809887,0.718780261031
0.1328,0.132813423968,0.0148458238631,0.712231159048,0.261588508891,0.257164288218,0,0.132849823521,3.99991774203,0.715544230375,0.718247970802
0.133,0.133613209612,0.0149892168237,0.716964803,0.262465526187,0.258049132352,0,0.133652197908,4.01187193584,0.714961288509,0.717707222716
0.1332,0.134415378932,0.0151335594782,0.72171327234,0.26334089565,0.258932411119,0,0.134456959503,4.0238079734,0.714370003436,0.717158035875
0.1334,0.135219928342,0.0152788547835,0.726476526537,0.264214601131,0.259814108025,0,0.135264104642,4.0357256972,0.71377039431,0.716600429387
0.1336,0.136026854227,0.0154251056884,0.731254524754,0.265086626555,0.260694206647,0,0.136073629632,4.04762495023,0.713162480295,0.716034422372
0.1338,0.13683615294,0.0155723151336,0.736047225852,0.265956955914,0.261572690628,0,0.136885530747,4.05950557594,0.712546280565,0.715460033956
0.134,0.1376478208,0.0157204860513,0.74085458839,0.266825573269,0.262449543685,0,0.137699804231,4.07136741826,0.711921814303,0.714877283278
0.1342,0.138461854098,0.0158696213654,0.745676570629,0.267692462751,0.263324749602,0,0.138516446295,4.0832103216,0.711289100702,0.714286189483
0.1344,0.139278249091,0.0160197239915,0.750513130531,0.268557608562,0.264198292232,0,0.139335453121,4.09503413084,0.710648158964,0.713686771727
0.1346,0.140097002007,0.0161707968366,0.755364225763,0.269420994968,0.265070155498,0,0.14015682086,4.10683869134,0.709999008301,0.713079049174
0.1348,0.140918109041,0.0163228427994,0.760229813695,0.27028260631,0.265940323392,0,0.140980545629,4.11862384895,0.709341667935,0.712463041
0.135,0.141741566358,0.0164758647697,0.765109851407,0.271142426995,0.266808779976,0,0.141806623519,4.13038944997,0.708676157099,0.711838766387
0.1352,0.142567370093,0.0166298656288,0.770004295684,0.272000441499,0.267675509379,0,0.142635050588,4.14213534119,0.708002495033,0.711206244529
0.1354,0.143395516347,0.0167848482494,0.774913103022,0.272856634367,0.268540495803,0,0.143465822862,4.15386136988,0.707320700989,0.71056549463
0.1356,0.144226001195,0.0169408154953,0.779836229631,0.273710990214,0.269403723516,0,0.144298936338,4.16556738377,0.70663079423,0.709916535902
0.1358,0.145058820677,0.0170977702216,0.78477363143,0.274563493724,0.270265176856,0,0.145134386985,4.17725323109,0.705932794027,0.709259387567
0.136,0.145893970805,0.0172557152744,0.789725264056,0.275414129648,0.271124840229,0,0.145972170737,4.18891876053,0.705226719661,0.708594068859
0.1362,0.146731447559,0.017414653491,0.79469108286,0.276262882808,0.271982698113,0,0.146812283501,4.20056382126,0.704512590427,0.70792059902
0.1364,0.147571246891,0.0175745876996,0.799671042911,0.277109738094,0.272838735052,0,0.147654721154,4.21218826291,0.703790425625,0.707238997301
0.1366,0.14841336472,0.0177355207194,0.804665098998,0.277954680463,0.27369293566,0,0.148499479541,4.22379193561,0.703060244569,0.706549282966
0.1368,0.149257796936,0.0178974553605,0.809673205631,0.278797694944,0.274545284621,0,0.149346554479,4.23537468996,0.702322066583,0.705851475287
0.137,0.1501045394,0.0180603944239,0.814695317042,0.279638766632,0.275395766686,0,0.150195941754,4.24693637701,0.701575911,0.705145593546
0.1372,0.150953587941,0.0182243407014,0.819731387185,0.280477880691,0.276244366675,0,0.151047637124,4.25847684833,0.700821797164,0.704431657037
0.1374,0.15180493836,0.0183892969753,0.824781369742,0.281315022355,0.277091069478,0,0.151901636315,4.26999595592,0.700059744431,0.703709685062
0.1376,0.152658586427,0.0185552660189,0.829845218121,0.282150176925,0.277935860054,0,0.152757935025,4.28149355228,0.699289772165,0.702979696936
0.1378,0.153514527883,0.018722250596,0.834922885459,0.28298332977,0.278778723428,0,0.153616528923,4.29296949039,0.698511899744,0.702241711982
0.138,0.15437275844,0.0188902534609,0.840014324622,0.283814466329,0.279619644696,0,0.154477413648,4.30442362369,0.697726146554,0.701495749534
0.1382,0.155233273777,0.0190592773586,0.845119488207,0.284643572109,0.280458609023,0,0.155340584809,4.31585580609,0.696932531993,0.700741828938
0.1384,0.156096069549,0.0192293250243,0.850238328547,0.285470632682,0.28129560164,0,0.156206037988,4.327265892,0.69613107547,0.699979969549
0.1386,0.156961141378,0.0194003991838,0.855370797707,0.286295633694,0.282130607849,0,0.157073768735,4.33865373628,0.695321796404,0.699210190733
0.1388,0.157828484858,0.0195725025533,0.860516847489,0.287118560854,0.282963613018,0,0.157943772574,4.35001919428,0.694504714225,0.698432511867
0.139,0.158698095553,0.0197456378392,0.865676429432,0.287939399941,0.283794602585,0,0.158816044998,4.36136212181,0.693679848376,0.697646952339
0.1392,0.159569968999,0.0199198077382,0.870849494816,0.288758136802,0.284623562056,0,0.159690581473,4.37268237516,0.692847218308,0.696853531546
0.1394,0.160444100704,0.0200950149371,0.876035994659,0.289574757353,0.285450477005,0,0.160567377436,4.38397981112,0.692006843486,0.696052268899
0.1396,0.161320486144,0.0202712621131,0.881235879724,0.290389247575,0.286275333075,0,0.161446428293,4.39525428691,0.691158743384,0.695243183816
0.1398,0.162199120769,0.0204485519332,0.886449100515,0.291201593519,0.287098115975,0,0.162327729425,4.40650566025,0.690302937488,0.69442629573
0.14,0.16308,0.0206268870546,0.891675607285,0.292011781304,0.287918811484,0,0.163211276183,4.41773378933,0.689439445295,0.693601624081
0.1402,0.163963119228,0.0208062701246,0.896915350029,0.292819797115,0.288737405448,0,0.164097063889,4.42893853283,0.688568286314,0.692769188324
0.1404,0.164848473818,0.0209867037803,0.902168278495,0.293625627205,0.289553883781,0,0.164985087839,4.44011974987,0.687689480064,0.691929007922
0.1406,0.165736059104,0.0211681906488,0.907434342177,0.294429257896,0.290368232466,0,0.165875343299,4.45127730006,0.686803046077,0.69108110235
0.1408,0.166625870394,0.0213507333468,0.912713490323,0.295230675576,0.291180437552,0,0.166767825508,4.46241104351,0.685909003896,0.690225491096
0.141,0.167517902965,0.0215343344812,0.918005671932,0.2960298667,0.291990485157,0,0.167662529676,4.47352084075,0.685007373074,0.689362193656
0.1412,0.16841215207,0.0217189966484,0.923310835758,0.296826817791,0.292798361465,0,0.168559450987,4.48460655284,0.684098173177,0.688491229539
0.1414,0.169308612931,0.0219047224344,0.928628930311,0.29762151544,0.29360405273,0,0.169458584595,4.49566804127,0.683181423783,0.687612618267
0.1416,0.170207280742,0.0220915144152,0.933959903858,0.298413946304,0.294407545272,0,0.170359925629,4.50670516804,0.682257144479,0.68672637937
0.1418,0.171108150671,0.0222793751561,0.939303704425,0.299204097107,0.295208825479,0,0.171263469188,4.51771779558,0.681325354867,0.685832532392
0.142,0.172011217857,0.022468307212,0.944660279799,0.299991954641,0.296007879804,0,0.172169210345,4.52870578684,0.680386074558,0.684931096887
0.1422,0.172916477412,0.0226583131275,0.950029577526,0.300777505763,0.296804694771,0,0.173077144146,4.53966900522,0.679439323176,0.684022092421
0.1424,0.173823924421,0.0228493954365,0.955411544919,0.3015607374,0.29759925697,0,0.173987265609,4.55060731459,0.678485120357,0.683105538572
0.1426,0.17473355394,0.0230415566623,0.960806129053,0.302341636543,0.298391553056,0,0.174899569725,4.5615205793,0.677523485748,0.682181454929
0.1428,0.175645360999,0.0232347993177,0.966213276771,0.30312019025,0.299181569753,0,0.175814051458,4.57240866417,0.676554439008,0.681249861093
0.143,0.1765593406,0.0234291259046,0.971632934682,0.303896385648,0.299969293853,0,0.176730705745,4.58327143451,0.675577999809,0.680310776676
0.1432,0.177475487719,0.0236245389145,0.977065049166,0.304670209926,0.300754712212,0,0.177649527496,4.59410875607,0.674594187832,0.679364221303
0.1434,0.178393797304,0.0238210408277,0.982509566371,0.305441650345,0.301537811755,0,0.178570511595,4.60492049511,0.673603022774,0.678410214609
0.1436,0.179314264277,0.0240186341142,0.987966432221,0.306210694228,0.302318579473,0,0.179493652899,4.61570651834,0.67260452434,0.677448776242
0.1438,0.180236883532,0.0242173212327,0.99343559241,0.306977328965,0.303097002424,0,0.180418946237,4.62646669294,0.67159871225,0.676479925861
0.144,0.181161649936,0.0244171046311,0.998916992409,0.307741542015,0.303873067732,0,0.181346386415,4.63720088659,0.670585606235,0.675503683139
0.1442,0.182088558331,0.0246179867466,1.00441057747,0.3085033209,0.304646762589,0,0.182275968208,4.64790896741,0.669565226038,0.674520067758
0.1444,0.183017603532,0.0248199700052,1.0099162926,0.309262653209,0.305418074251,0,0.183207686369,4.65859080402,0.668537591414,0.673529099414
0.1446,0.183948780326,0.0250230568217,1.01543408263,0.310019526597,0.306186990042,0,0.184141535622,4.6692462655,0.66750272213,0.672530797814
0.1448,0.184882083475,0.0252272496001,1.02096389213,0.310773928786,0.306953497353,0,0.185077510666,4.67987522139,0.666460637965,0.671525182677
0.145,0.185817507716,0.0254325507332,1.02650566546,0.311525847561,0.30771758364,0,0.186015606175,4.69047754173,0.665411358713,0.670512273735
0.1452,0.186755047757,0.0256389626026,1.03205934679,0.312275270777,0.308479236424,0,0.186955816794,4.70105309702,0.664354904176,0.669492090731
0.1454,0.187694698281,0.0258464875786,1.03762488005,0.313022186349,0.309238443295,0,0.187898137146,4.71160175823,0.663291294171,0.66846465342
0.1456,0.188636453947,0.0260551280204,1.04320220896,0.313766582263,0.309995191906,0,0.188842561825,4.72212339681,0.662220548526,0.66742998157
0.1458,0.189580309384,0.0262648862758,1.04879127704,0.314508446567,0.310749469977,0,0.189789085402,4.73261788467,0.661142687083,0.666388094961
0.146,0.1905262592,0.0264757646813,1.05439202758,0.315247767376,0.311501265295,0,0.190737702421,4.74308509421,0.660057729695,0.665339013385
0.1462,0.191474297973,0.026687765562,1.06000440367,0.315984532868,0.312250565711,0,0.1916884074,4.75352489828,0.658965696228,0.664282756647
0.1464,0.192424420259,0.0269008912317,1.06562834821,0.316718731289,0.312997359143,0,0.192641194834,4.76393717024,0.65786660656,0.663219344564
0.1466,0.193376620586,0.0271151439924,1.07126380388,0.317450350949,0.313741633572,0,0.193596059191,4.77432178387,0.656760480582,0.662148796963
0.1468,0.194330893457,0.0273305261351,1.07691071313,0.318179380222,0.314483377047,0,0.194552994914,4.78467861348,0.655647338197,0.661071133687
0.147,0.195287233351,0.0275470399387,1.08256901826,0.318905807549,0.315222577682,0,0.195511996421,4.7950075338,0.654527199321,0.659986374589
0.1472,0.19624563472,0.027764687671,1.08823866132,0.319629621433,0.315959223656,0,0.196473058105,4.80530842007,0.653400083882,0.658894539535
0.1474,0.197206091992,0.0279834715878,1.09391958419,0.320350810444,0.316693303211,0,0.197436174334,4.81558114799,0.652266011822,0.657795648405
0.1476,0.19816859957,0.0282033939335,1.09961172853,0.321069363217,0.317424804658,0,0.198401339453,4.82582559372,0.651125003094,0.656689721088
0.1478,0.199133151832,0.0284244569407,1.10531503582,0.321785268448,0.31815371637,0,0.19936854778,4.83604163391,0.649977077664,0.655576777489
0.148,0.200099743131,0.0286466628302,1.11102944734,0.322498514902,0.318880026785,0,0.200337793609,4.84622914568,0.648822255511,0.654456837524
0.1482,0.201068367794,0.028870013811,1.11675490416,0.323209091405,0.319603724409,0,0.20130907121,4.85638800662,0.647660556628,0.653329921122
0.1484,0.202039020126,0.0290945120804,1.12249134717,0.323916986849,0.320324797808,0,0.202282374829,4.86651809478,0.646492001017,0.652196048223
0.1486,0.203011694405,0.0293201598238,1.12823871707,0.32462219019,0.321043235616,0,0.203257698687,4.8766192887,0.645316608697,0.651055238782
0.1488,0.203986384887,0.0295469592147,1.13399695437,0.325324690447,0.321759026531,0,0.20423503698,4.88669146738,0.644134399698,0.649907512765
0.149,0.2049630858,0.0297749124146,1.13976599939,0.326024476704,0.322472159314,0,0.205214383882,4.8967345103,0.642945394062,0.648752890151
0.1492,0.205941791351,0.030004021573,1.14554579224,0.326721538108,0.323182622792,0,0.206195733542,4.90674829741,0.641749611844,0.647591390933
0.1494,0.206922495722,0.0302342888276,1.15133627289,0.327415863872,0.323890405855,0,0.207179080084,4.91673270914,0.640547073115,0.646423035116
0.1496,0.207905193071,0.0304657163038,1.15713738107,0.32810744327,0.324595497459,0,0.208164417609,4.92668762637,0.639337797954,0.645247842715
0.1498,0.20888987753,0.0306983061151,1.16294905638,0.32879626564,0.325297886621,0,0.209151740195,4.93661293047,0.638121806456,0.644065833763
0.15,0.20987654321,0.0309320603627,1.16877123819,0.329482320385,0.325997562425,0,0.210141041896,4.94650850327,0.636899118728,0.642877028302
0.1502,0.210865184197,0.0311669811359,1.17460386573,0.330165596971,0.326694514017,0,0.211132316741,4.9563742271,0.635669754892,0.641681446387
0.1504,0.211855794552,0.0314030705115,1.18044687802,0.330846084926,0.327388730608,0,0.212125558738,4.96620998473,0.634433735078,0.640479108088
0.1506,0.212848368315,0.0316403305543,1.18630021392,0.331523773843,0.328080201471,0,0.21312076187,4.9760156594,0.633191079435,0.639270033486
0.1508,0.213842899501,0.0318787633167,1.19216381211,0.332198653377,0.328768915946,0,0.214117920097,4.98579113486,0.631941808122,0.638054242676
0.151,0.214839382101,0.0321183708389,1.1980376111,0.332870713245,0.329454863432,0,0.215117027356,4.9955362953,0.630685941309,0.636831755765
0.1512,0.215837810084,0.0323591551488,1.2039215492,0.33353994323,0.330138033395,0,0.216118077561,5.00525102538,0.629423499184,0.635602592874
0.1514,0.216838177395,0.0326011182617,1.20981556457,0.334206333175,0.330818415362,0,0.217121064603,5.01493521024,0.628154501944,0.634366774136
0.1516,0.217840477956,0.0328442621807,1.21571959521,0.334869872987,0.331495998924,0,0.21812598235,5.02458873551,0.626878969801,0.633124319697
0.1518,0.218844705665,0.0330885888965,1.22163357893,0.335530552636,0.332170773737,0,0.219132824648,5.03421148727,0.625596922979,0.631875249718
0.152,0.2198508544,0.0333341003872,1.22755745337,0.336188362153,0.332842729517,0,0.220141585318,5.04380335206,0.624308381717,0.63061958437
0.1522,0.220858918013,0.0335807986184,1.23349115602,0.336843291633,0.333511856044,0,0.221152258162,5.05336421693,0.623013366266,0.62935734384
0.1524,0.221868890334,0.0338286855432,1.23943462419,0.337495331232,0.334178143162,0,0.222164836955,5.06289396936,0.62171189689,0.628088548325
0.1526,0.222880765171,0.0340777631022,1.24538779503,0.33814447117,0.334841580776,0,0.223179315455,5.07239249734,0.620403993866,0.626813218038
0.1528,0.22389453631,0.0343280332233,1.25135060553,0.338790701727,0.335502158855,0,0.224195687393,5.08185968931,0.619089677486,0.625531373204
0.153,0.224910197514,0.0345794978218,1.25732299252,0.339434013247,0.336159867429,0,0.22521394648,5.09129543417,0.617768968053,0.62424303406
0.1532,0.225927742521,0.0348321588004,1.26330489266,0.340074396136,0.336814696593,0,0.226234086404,5.10069962133,0.616441885884,0.622948220859
0.1534,0.226947165052,0.0350860180489,1.26929624245,0.340711840858,0.337466636501,0,0.227256100832,5.11007214064,0.615108451311,0.621646953864
0.1536,0.227968458801,0.0353410774445,1.27529697825,0.341346337945,0.338115677373,0,0.228279983408,5.11941288242,0.613768684677,0.620339253353
0.1538,0.228991617442,0.0355973388518,1.28130703625,0.341977877985,0.338761809487,0,0.229305727756,5.12872173748,0.612422606339,0.619025139618
0.154,0.230016634627,0.0358548041223,1.2873263525,0.342606451631,0.339405023187,0,0.230333327475,5.1379985971,0.611070236668,0.617704632962
0.1542,0.231043503986,0.0361134750948,1.29335486286,0.343232049596,0.340045308876,0,0.231362776146,5.14724335301,0.609711596048,0.616377753703
0.1544,0.232072219128,0.0363733535955,1.29939250309,0.343854662656,0.34068265702,0,0.232394067326,5.15645589745,0.608346704876,0.615044522172
0.1546,0.233102773638,0.0366344414372,1.30543920875,0.344474281645,0.341317058147,0,0.23342719455,5.16563612308,0.606975583563,0.613704958713
0.1548,0.234135161081,0.0368967404203,1.31149491528,0.34509089746,0.341948502846,0,0.234462151335,5.17478392308,0.605598252534,0.612359083683
0.155,0.235169375,0.0371602523319,1.31755955796,0.345704501062,0.342576981769,0,0.235498931173,5.18389919108,0.604214732226,0.611006917453
0.1552,0.236205408918,0.0374249789462,1.32363307194,0.346315083467,0.343202485628,0,0.236537527537,5.19298182117,0.60282504309,0.609648480408
0.1554,0.237243256334,0.0376909220247,1.3297153922,0.346922635756,0.343825005196,0,0.237577933879,5.20203170794,0.601429205591,0.608283792944
0.1556,0.238282910728,0.0379580833154,1.33580645359,0.347527149071,0.344444531308,0,0.238620143628,5.21104874642,0.600027240207,0.606912875474
0.1558,0.239324365558,0.0382264645536,1.34190619082,0.348128614611,0.34506105486,0,0.239664150194,5.22003283214,0.598619167429,0.60553574842
0.156,0.240367614262,0.0384960674613,1.34801453844,0.34872702364,0.345674566811,0,0.240709946967,5.22898386109,0.597205007764,0.604152432222
0.1562,0.241412650254,0.0387668937474,1.35413143088,0.34932236748,0.346285058177,0,0.241757527313,5.23790172972,0.595784781728,0.60276294733
0.1564,0.242459466931,0.0390389451079,1.36025680242,0.349914637513,0.346892520037,0,0.24280688458,5.24678633496,0.594358509855,0.60136731421
0.1566,0.243508057666,0.0393122232254,1.36639058721,0.350503825182,0.347496943532,0,0.243858012094,5.25563757423,0.59292621269,0.599965553339
0.1568,0.244558415815,0.0395867297692,1.37253271926,0.35108992199,0.348098319862,0,0.244910903164,5.26445534539,0.591487910794,0.598557685209
0.157,0.245610534709,0.0398624663957,1.37868313243,0.351672919501,0.348696640288,0,0.245965551073,5.27323954679,0.590043624738,0.597143730326
0.1572,0.246664407661,0.0401394347478,1.38484176047,0.352252809337,0.34929189613,0,0.247021949088,5.28199007724,0.588593375109,0.595723709208
0.1574,0.247720027965,0.0404176364552,1.39100853699,0.352829583182,0.349884078772,0,0.248080090456,5.29070683604,0.587137182508,0.594297642389
0.1576,0.248777388891,0.0406970731343,1.39718339546,0.353403232778,0.350473179654,0,0.2491399684,5.29938972295,0.585675067549,0.592865550412
0.1578,0.249836483692,0.0409777463881,1.40336626923,0.353973749928,0.351059190279,0,0.250201576128,5.30803863819,0.584207050859,0.59142745384
0.158,0.2508973056,0.0412596578064,1.40955709152,0.354541126493,0.351642102209,0,0.251264906824,5.31665348248,0.582733153079,0.589983373244
0.1582,0.251959847826,0.0415428089655,1.4157557954,0.355105354395,0.352221907066,0,0.252329953656,5.32523415697,0.581253394865,0.588533329211
0.1584,0.253024103562,0.0418272014283,1.42196231386,0.355666425614,0.352798596531,0,0.253396709768,5.33378056332,0.579767796884,0.587077342342
0.1586,0.254090065981,0.0421128367442,1.42817657971,0.35622433219,0.353372162348,0,0.254465168289,5.34229260365,0.57827637982,0.58561543325
0.1588,0.255157728234,0.0423997164494,1.43439852569,0.356779066222,0.353942596316,0,0.255535322325,5.35077018054,0.576779164368,0.584147622564
0.159,0.256227083454,0.0426878420662,1.44062808438,0.357330619869,0.354509890297,0,0.256607164965,5.35921319705,0.575276171239,0.582673930925
0.1592,0.257298124755,0.0429772151039,1.44686518826,0.357878985346,0.355074036212,0,0.257680689276,5.36762155671,0.573767421154,0.581194378988
0.1594,0.25837084523,0.0432678370578,1.45310976966,0.358424154931,0.355635026039,0,0.258755888309,5.37599516353,0.572252934853,0.579708987421
0.1596,0.259445237953,0.04355970941,1.45936176084,0.358966120957,0.356192851817,0,0.259832755093,5.38433392197,0.570732733086,0.578217776907
0.1598,0.260521295979,0.0438528336288,1.4656210939,0.359504875817,0.356747505645,0,0.26091128264,5.39263773698,0.569206836618,0.576720768143
0.16,0.261599012346,0.0441472111689,1.47188770083,0.360040411964,0.357298979679,0,0.261991463943,5.40090651397,0.567675266227,0.575217981838
0.1602,0.262678380068,0.0444428434716,1.47816151353,0.360572721907,0.357847266136,0,0.263073291975,5.40914015884,0.566138042707,0.573709438716
0.1604,0.263759392145,0.0447397319644,1.48444246377,0.361101798215,0.35839235729,0,0.264156759691,5.41733857793,0.564595186863,0.572195159514
0.1606,0.264842041556,0.045037878061,1.4907304832,0.361627633514,0.358934245475,0,0.265241860026,5.42550167808,0.563046719516,0.570675164984
0.1608,0.26592632126,0.0453372831617,1.49702550338,0.36215022049,0.359472923083,0,0.2663285859,5.4336293666,0.561492661499,0.56914947589
0.161,0.2670122242,0.0456379486529,1.50332745572,0.362669551884,0.360008382564,0,0.26741693021,5.44172155124,0.55993303366,0.567618113012
0.1612,0.268099743298,0.0459398759072,1.50963627158,0.363185620498,0.360540616428,0,0.268506885838,5.44977814025,0.558367856862,0.566081097142
0.1614,0.269188871459,0.0462430662836,1.51595188216,0.36369841919,0.361069617242,0,0.269598445646,5.45779904235,0.556797151979,0.564538449086
0.1616,0.27027960157,0.0465475211273,1.52227421859,0.364207940877,0.361595377632,0,0.27069160248,5.46578416671,0.555220939902,0.562990189664
0.1618,0.271371926497,0.0468532417697,1.52860321186,0.364714178531,0.362117890281,0,0.271786349164,5.47373342301,0.553639241533,0.561436339712
0.162,0.272465839091,0.0471602295283,1.53493879289,0.365217125186,0.362637147931,0,0.272882678509,5.48164672135,0.552052077791,0.559876920076
0.1622,0.273561332184,0.0474684857068,1.54128089248,0.365716773928,0.363153143382,0,0.273980583303,5.48952397235,0.550459469605,0.558311951619
0.1624,0.274658398588,0.047778011595,1.54762944134,0.366213117905,0.363665869491,0,0.27508005632,5.49736508708,0.548861437922,0.556741455216
0.1626,0.275757031099,0.0480888084691,1.55398437006,0.36670615032,0.364175319174,0,0.276181090316,5.50516997706,0.5472580037,0.555165451757
0.1628,0.276857222496,0.0484008775909,1.56034560914,0.367195864433,0.364681485403,0,0.277283678027,5.51293855431,0.545649187913,0.553583962146
0.163,0.277958965538,0.0487142202087,1.566713089,0.367682253561,0.365184361209,0,0.278387812173,5.52067073133,0.544035011547,0.551997007299
0.1632,0.279062252968,0.0490288375567,1.57308673994,0.368165311079,0.36568393968,0,0.279493485457,5.52836642105,0.542415495604,0.550404608149
0.1634,0.28016707751,0.0493447308551,1.57946649218,0.368645030418,0.366180213959,0,0.280600690565,5.53602553691,0.540790661098,0.54880678564
0.1636,0.281273431872,0.0496619013103,1.58585227583,0.369121405066,0.366673177251,0,0.281709420163,5.54364799281,0.539160529058,0.547203560731
0.1638,0.282381308745,0.0499803501145,1.59224402092,0.369594428566,0.367162822814,0,0.282819666904,5.5512337031,0.537525120528,0.545594954397
0.164,0.2834907008,0.0503000784459,1.59864165738,0.370064094521,0.367649143964,0,0.28393142342,5.55878258263,0.535884456563,0.543980987623
0.1642,0.284601600694,0.0506210874689,1.60504511507,0.370530396588,0.368132134076,0,0.28504468233,5.56629454671,0.534238558236,0.542361681411
0.1644,0.285714001065,0.0509433783337,1.61145432373,0.370993328479,0.368611786578,0,0.286159436232,5.57376951111,0.532587446632,0.540737056776
0.1646,0.286827894535,0.0512669521763,1.61786921304,0.371452883965,0.369088094958,0,0.28727567771,5.5812073921,0.530931142848,0.539107134747
0.1648,0.287943273708,0.0515918101188,1.62428971257,0.371909056872,0.36956105276,0,0.288393399331,5.58860810639,0.529269667999,0.537471936367
0.165,0.289060131173,0.0519179532692,1.63071575181,0.372361841082,0.370030653582,0,0.289512593646,5.59597157118,0.527603043211,0.535831482694
0.1652,0.290178459501,0.0522453827212,1.63714726018,0.372811230533,0.370496891082,0,0.290633253187,5.60329770414,0.525931289625,0.534185794797
0.1654,0.291298251246,0.0525740995546,1.643584167,0.373257219218,0.370959758972,0,0.291755370471,5.61058642339,0.524254428398,0.532534893763
0.1656,0.292419498947,0.0529041048349,1.65002640152,0.373699801187,0.371419251022,0,0.292878938001,5.61783764755,0.522572480697,0.53087880069
0.1658,0.293542195125,0.0532353996135,1.6564738929,0.374138970544,0.371875361055,0,0.29400394826,5.6250512957,0.520885467707,0.529217536691
0.166,0.294666332286,0.0535679849275,1.66292657023,0.374574721451,0.372328082953,0,0.295130393717,5.63222728738,0.519193410624,0.527551122894
0.1662,0.29579190292,0.0539018618,1.6693843625,0.375007048122,0.372777410652,0,0.296258266826,5.63936554261,0.517496330661,0.52587958044
0.1664,0.296918899499,0.0542370312398,1.67584719864,0.37543594483,0.373223338146,0,0.297387560022,5.6464659819,0.515794249044,0.524202930485
0.1666,0.298047314481,0.0545734942413,1.68231500751,0.375861405901,0.373665859483,0,0.298518265728,5.65352852619,0.514087187011,0.522521194196
0.1668,0.299177140306,0.0549112517848,1.68878771788,0.376283425715,0.374104968767,0,0.299650376347,5.66055309693,0.512375165816,0.520834392759
0.167,0.3003083694,0.0552503048365,1.69526525846,0.37670199871,0.374540660156,0,0.30078388427,5.66753961602,0.510658206729,0.519142547371
0.1672,0.301440994173,0.0555906543481,1.70174755786,0.377117119378,0.374972927867,0,0.301918781871,5.67448800584,0.50893633103,0.517445679242
0.1674,0.302575007019,0.055932301257,1.70823454465,0.377528782263,0.375401766169,0,0.303055061509,5.68139818922,0.507209560017,0.5157438096
0.1676,0.303710400315,0.0562752464865,1.71472614731,0.377936981968,0.375827169388,0,0.304192715527,5.6882700895,0.505477915,0.514036959683
0.1678,0.304847166426,0.0566194909454,1.72122229426,0.378341713148,0.376249131904,0,0.305331736253,5.69510363047,0.503741417302,0.512325150747
0.168,0.305985297699,0.0569650355281,1.72772291385,0.378742970512,0.376667648153,0,0.306472116,5.70189873637,0.502000088264,0.510608404058
0.1682,0.307124786465,0.057311881115,1.73422793435,0.379140748826,0.377082712625,0,0.307613847067,5.70865533194,0.500253949237,0.508886740899
0.1684,0.308265625043,0.0576600285718,1.74073728399,0.379535042908,0.377494319865,0,0.308756921735,5.7153733424,0.498503021589,0.507160182566
0.1686,0.309407805734,0.05800947875,1.74725089091,0.379925847631,0.377902464474,0,0.309901332274,5.7220526934,0.496747326702,0.505428750371
0.1688,0.310551320826,0.0583602324866,1.75376868319,0.380313157923,0.378307141105,0,0.311047070936,5.7286933111,0.49498688597,0.503692465637
0.169,0.31169616259,0.0587122906044,1.76029058887,0.380696968764,0.378708344469,0,0.312194129961,5.7352951221,0.493221720803,0.501951349704
0.1692,0.312842323285,0.0590656539116,1.76681653591,0.381077275189,0.379106069328,0,0.313342501571,5.74185805351,0.491451852625,0.500205423924
0.1694,0.313989795152,0.059420323202,1.77334645219,0.381454072289,0.3795003105,0,0.314492177978,5.74838203287,0.489677302875,0.498454709664
0.1696,0.31513857042,0.0597762992551,1.77988026558,0.381827355204,0.379891062858,0,0.315643151375,5.75486698822,0.487898093003,0.496699228306
0.1698,0.316288641303,0.0601335828359,1.78641790385,0.382197119132,0.380278321327,0,0.316795413945,5.76131284805,0.486114244478,0.494939001245
0.17,0.31744,0.0604921746948,1.79295929472,0.382563359322,0.380662080888,0,0.317948957853,5.76771954134,0.484325778778,0.493174049892
0.1702,0.318592638696,0.060852075568,1.79950436588,0.382926071078,0.381042336575,0,0.319103775253,5.77408699752,0.4825327174,0.491404395669
0.1704,0.319746549561,0.061213286177,1.80605304493,0.383285249756,0.381419083476,0,0.320259858282,5.78041514653,0.480735081853,0.489630060015
0.1706,0.320901724752,0.0615758072289,1.81260525943,0.383640890767,0.381792316732,0,0.321417199066,5.78670391873,0.478932893659,0.487851064383
0.1708,0.322058156412,0.0619396394163,1.81916093691,0.383992989572,0.382162031539,0,0.322575789715,5.79295324498,0.477126174356,0.486067430238
0.171,0.323215836669,0.0623047834172,1.82572000481,0.384341541688,0.382528223145,0,0.323735622326,5.79916305661,0.475314945497,0.484279179062
0.1712,0.324374757638,0.0626712398953,1.83228239054,0.384686542685,0.382890886854,0,0.324896688983,5.80533328543,0.473499228646,0.482486332349
0.1714,0.32553491142,0.0630390094996,1.83884802147,0.385027988184,0.38325001802,0,0.326058981756,5.81146386369,0.471679045386,0.480688911608
0.1716,0.326696290102,0.0634080928646,1.8454168249,0.38536587386,0.383605612053,0,0.327222492701,5.81755472414,0.469854417309,0.478886938364
0.1718,0.327858885759,0.0637784906102,1.85198872809,0.38570019544,0.383957664414,0,0.328387213861,5.82360579999,0.468025366025,0.477080434153
0.172,0.329022690449,0.0641502033419,1.85856365827,0.386030948704,0.384306170619,0,0.329553137266,5.82961702492,0.466191913157,0.475269420527
0.1722,0.330187696221,0.0645232316504,1.8651415426,0.386358129484,0.384651126236,0,0.330720254932,5.83558833308,0.464354080343,0.473453919053
0.1724,0.331353895109,0.064897576112,1.87172230821,0.386681733665,0.384992526886,0,0.331888558864,5.84151965911,0.462511889234,0.471633951311
0.1726,0.332521279131,0.0652732372885,1.87830588219,0.387001757185,0.385330368242,0,0.333058041052,5.84741093809,0.460665361496,0.469809538896
0.1728,0.333689840297,0.0656502157268,1.88489219158,0.387318196032,0.38566464603,0,0.334228693473,5.8532621056,0.45881451881,0.467980703416
0.173,0.3348595706,0.0660285119595,1.89148116339,0.387631046248,0.385995356031,0,0.335400508093,5.85907309766,0.456959382869,0.466147466495
0.1732,0.336030462022,0.0664081265044,1.89807272457,0.387940303926,0.386322494074,0,0.336573476863,5.8648438508,0.455099975383,0.46430984977
0.1734,0.337202506532,0.0667890598648,1.90466680206,0.388245965211,0.386646056044,0,0.337747591723,5.87057430199,0.453236318075,0.462467874892
0.1736,0.338375696085,0.0671713125293,1.91126332273,0.388548026301,0.386966037878,0,0.338922844601,5.87626438868,0.451368432682,0.460621563529
0.1738,0.339550022625,0.067554884972,1.91786221345,0.388846483444,0.387282435562,0,0.340099227411,5.88191404879,0.449496340957,0.45877093736
0.174,0.340725478084,0.0679397776522,1.92446340102,0.389141332941,0.387595245139,0,0.341276732055,5.88752322072,0.447620064664,0.456916018079
0.1742,0.341902054379,0.0683259910147,1.93106681224,0.389432571143,0.387904462699,0,0.342455350423,5.89309184334,0.445739625585,0.455056827396
0.1744,0.343079743417,0.0687135254895,1.93767237384,0.389720194455,0.388210084388,0,0.343635074395,5.89861985597,0.443855045514,0.453193387034
0.1746,0.344258537091,0.069102381492,1.94428001254,0.39000419933,0.388512106401,0,0.344815895834,5.90410719843,0.44196634626,0.45132571873
0.1748,0.345438427283,0.069492559423,1.95088965503,0.390284582275,0.388810524987,0,0.345997806597,5.909553811,0.440073549647,0.449453844236
0.175,0.346619405864,0.0698840596686,1.95750122797,0.390561339847,0.389105336445,0,0.347180798523,5.91495963442,0.438176677512,0.447577785318
0.1752,0.347801464691,0.0702768826002,1.96411465798,0.390834468654,0.389396537125,0,0.348364863445,5.92032460991,0.436275751707,0.445697563757
0.1754,0.348984595609,0.0706710285745,1.97072987165,0.391103965355,0.389684123431,0,0.349549993181,5.92564867918,0.434370794099,0.443813201347
0.1756,0.350168790454,0.0710664979336,1.97734679556,0.391369826661,0.389968091816,0,0.350736179538,5.93093178437,0.432461826568,0.441924719897
0.1758,0.351354041047,0.0714632910049,1.98396535626,0.391632049332,0.390248438785,0,0.351923414312,5.93617386812,0.430548871009,0.440032141231
0.176,0.3525403392,0.0718614081009,1.99058548027,0.39189063018,0.390525160894,0,0.353111689286,5.94137487354,0.428631949332,0.438135487187
0.1762,0.353727676712,0.0722608495197,1.99720709407,0.392145566067,0.390798254752,0,0.354300996235,5.94653474421,0.426711083461,0.436234779616
0.1764,0.354916045371,0.0726616155446,2.00383012416,0.392396853905,0.391067717015,0,0.35549132692,5.95165342417,0.424786295333,0.434330040385
0.1766,0.356105436954,0.0730637064439,2.01045449697,0.392644490659,0.391333544393,0,0.356682673092,5.95673085794,0.422857606901,0.432421291374
0.1768,0.357295843226,0.0734671224717,2.01708013894,0.39288847334,0.391595733646,0,0.35787502649,5.96176699052,0.420925040132,0.43050855448
0.177,0.358487255943,0.073871863867,2.02370697649,0.393128799013,0.391854281585,0,0.359068378843,5.96676176736,0.418988617007,0.42859185161
0.1772,0.359679666848,0.0742779308542,2.03033493601,0.393365464792,0.39210918507,0,0.36026272187,5.97171513439,0.417048359521,0.42667120469
0.1774,0.360873067673,0.074685323643,2.03696394387,0.39359846784,0.392360441015,0,0.361458047278,5.97662703802,0.415104289685,0.424746635656
0.1776,0.36206745014,0.0750940424283,2.04359392643,0.393827805372,0.39260804638,0,0.362654346763,5.98149742513,0.413156429523,0.422818166462
0.1778,0.36326280596,0.0755040873903,2.05022481004,0.39405347465,0.392851998178,0,0.363851612011,5.98632624306,0.411204801073,0.420885819074
0.178,0.364459126835,0.0759154586945,2.05685652102,0.394275472989,0.393092293472,0,0.365049834699,5.99111343962,0.409249426389,0.418949615474
0.1782,0.365656404453,0.0763281564916,2.06348898569,0.394493797752,0.393328929376,0,0.366249006492,5.99585896311,0.407290327537,0.417009577657
0.1784,0.366854630494,0.0767421809177,2.07012213036,0.394708446351,0.393561903051,0,0.367449119044,6.00056276228,0.405327526601,0.415065727633
0.1786,0.368053796628,0.077157532094,2.07675588132,0.394919416249,0.393791211711,0,0.368650164002,6.00522478638,0.403361045675,0.413118087426
0.1788,0.369253894514,0.077574210127,2.08339016484,0.395126704957,0.394016852618,0,0.369852132999,6.00984498508,0.40139090687,0.411166679076
0.179,0.3704549158,0.0779922151084,2.09002490721,0.395330310037,0.394238823086,0,0.37105501766,6.01442330859,0.399417132313,0.409211524635
0.1792,0.371656852125,0.0784115471153,2.09666003467,0.395530229098,0.394457120476,0,0.372258809602,6.01895970752,0.397439744141,0.407252646171
0.1794,0.372859695118,0.07883220621,2.10329547349,0.395726459801,0.394671742201,0,0.373463500429,6.02345413302,0.395458764509,0.405290065765
0.1796,0.374063436399,0.07925419244,2.10993114993,0.395918999853,0.394882685721,0,0.374669081736,6.02790653665,0.393474215585,0.403323805513
0.1798,0.375268067575,0.0796775058381,2.11656699021,0.396107847013,0.395089948547,0,0.37587554511,6.03231687047,0.391486119551,0.401353887528
0.18,0.376473580247,0.0801021464222,2.12320292058,0.396292999086,0.39529352824,0,0.377082882127,6.03668508703,0.389494498604,0.399380333932
0.1802,0.377679966005,0.0805281141956,2.12983886727,0.396474453928,0.395493422409,0,0.378291084355,6.04101113932,0.387499374957,0.397403166867
0.1804,0.378887216428,0.0809554091469,2.13647475653,0.396652209443,0.395689628713,0,0.379500143351,6.0452949808,0.385500770834,0.395422408485
0.1806,0.380095323089,0.0813840312498,2.14311051457,0.396826263583,0.395882144859,0,0.380710050664,6.04953656543,0.383498708476,0.393438080955
0.1808,0.381304277549,0.0818139804634,2.14974606763,0.396996614349,0.396070968604,0,0.381920797834,6.05373584762,0.381493210137,0.391450206459
0.181,0.38251407136,0.0822452567318,2.15638134195,0.397163259791,0.396256097753,0,0.38313237639,6.05789278226,0.379484298087,0.389458807194
0.1812,0.383724696067,0.0826778599845,2.16301626375,0.397326198007,0.396437530161,0,0.384344777855,6.0620073247,0.377471994609,0.387463905373
0.1814,0.384936143203,0.0831117901364,2.16965075926,0.397485427142,0.39661526373,0,0.385557993742,6.06607943077,0.375456322001,0.38546552322
0.1816,0.386148404294,0.0835470470873,2.17628475473,0.397640945392,0.396789296412,0,0.386772015553,6.07010905677,0.373437302575,0.383463682976
0.1818,0.387361470857,0.0839836307226,2.18291817641,0.397792750998,0.396959626208,0,0.387986834785,6.07409615947,0.371414958657,0.381458406896
0.182,0.3885753344,0.0844215409127,2.18955095052,0.397940842251,0.397126251166,0,0.389202442924,6.07804069612,0.36938931259,0.379449717248
0.1822,0.389789986422,0.0848607775134,2.19618300334,0.39808521749,0.397289169383,0,0.390418831449,6.08194262443,0.367360386729,0.377437636317
0.1824,0.391005418414,0.0853013403656,2.20281426112,0.3982258751,0.397448379005,0,0.391635991829,6.08580190258,0.365328203443,0.375422186399
0.1826,0.392221621859,0.0857432292956,2.20944465013,0.398362813515,0.397603878224,0,0.392853915527,6.08961848924,0.363292785117,0.373403389808
0.1828,0.393438588231,0.0861864441149,2.21607409664,0.398496031218,0.397755665282,0,0.394072593996,6.09339234352,0.36125415415,0.37138126887
0.183,0.394656308995,0.0866309846203,2.22270252695,0.398625526737,0.397903738469,0,0.395292018681,6.09712342503,0.359212332956,0.369355845926
0.1832,0.395874775609,0.0870768505938,2.22932986736,0.398751298649,0.398048096123,0,0.39651218102,6.10081169384,0.357167343961,0.367327143332
0.1834,0.397093979523,0.0875240418026,2.23595604417,0.398873345579,0.398188736628,0,0.397733072442,6.1044571105,0.355119209608,0.365295183458
0.1836,0.398313912179,0.0879725579994,2.24258098371,0.398991666197,0.398325658418,0,0.398954684369,6.108059636,0.353067952355,0.363259988688
0.1838,0.39953456501,0.0884223989218,2.24920461232,0.399106259223,0.398458859974,0,0.400177008215,6.11161923185,0.351013594671,0.361221581421
0.184,0.400755929442,0.0888735642931,2.25582685635,0.399217123422,0.398588339824,0,0.401400035387,6.11513585999,0.348956159042,0.359179984071
0.1842,0.401977996894,0.0893260538215,2.26244764217,0.399324257607,0.398714096543,0,0.402623757284,6.11860948286,0.346895667969,0.357135219065
0.1844,0.403200758776,0.0897798672008,2.26906689616,0.399427660638,0.398836128756,0,0.403848165297,6.12204006335,0.344832143966,0.355087308846
0.1846,0.404424206492,0.0902350041097,2.27568454472,0.399527331422,0.398954435132,0,0.40507325081,6.12542756483,0.342765609561,0.35303627587
0.1848,0.405648331437,0.0906914642126,2.28230051429,0.399623268913,0.39906901439,0,0.4062990052,6.12877195114,0.340696087297,0.350982142608
0.185,0.406873125,0.0911492471588,2.28891473128,0.399715472111,0.399179865295,0,0.407525419837,6.1320731866,0.338623599734,0.348924931546
0.1852,0.408098578563,0.0916083525833,2.29552712218,0.399803940063,0.399286986658,0,0.408752486084,6.13533123599,0.336548169442,0.346864665183
0.1854,0.409324683499,0.092068780106,2.30213761345,0.399888671863,0.399390377339,0,0.409980195297,6.13854606457,0.334469819008,0.344801366035
0.1856,0.410551431176,0.0925305293323,2.30874613161,0.399969666651,0.399490036244,0,0.411208538825,6.14171763806,0.332388571034,0.34273505663
0.1858,0.411778812955,0.0929935998529,2.31535260317,0.400046923613,0.399585962325,0,0.412437508009,6.14484592267,0.330304448134,0.34066575951
0.186,0.413006820188,0.0934579912439,2.3219569547,0.400120441982,0.399678154583,0,0.413667094186,6.14793088506,0.32821747294,0.338593497235
0.1862,0.414235444222,0.0939237030664,2.32855911277,0.400190221037,0.399766612063,0,0.414897288685,6.15097249238,0.326127668095,0.336518292376
0.1864,0.415464676398,0.0943907348672,2.33515900398,0.400256260104,0.399851333857,0,0.416128082827,6.15397071223,0.324035056259,0.33444016752
0.1866,0.416694508049,0.0948590861782,2.34175655496,0.400318558553,0.399932319107,0,0.41735946793,6.15692551271,0.321939660104,0.332359145268
0.1868,0.417924930503,0.0953287565167,2.34835169237,0.400377115803,0.400009566996,0,0.418591435302,6.15983686237,0.319841502319,0.330275248235
0.187,0.419155935079,0.0957997453853,2.35494434289,0.400431931316,0.400083076757,0,0.419823976248,6.16270473023,0.317740605605,0.328188499052
0.1872,0.420387513093,0.0962720522719,2.36153443324,0.400483004602,0.400152847669,0,0.421057082066,6.1655290858,0.31563699268,0.326098920362
0.1874,0.421619655853,0.0967456766499,2.36812189016,0.400530335214,0.400218879056,0,0.422290744045,6.16830989905,0.313530686275,0.324006534826
0.1876,0.42285235466,0.097220617978,2.37470664043,0.400573922754,0.400281170287,0,0.423524953473,6.17104714041,0.311421709136,0.321911365116
0.1878,0.424085600813,0.0976968757002,2.38128861086,0.400613766868,0.400339720781,0,0.42475970163,6.1737407808,0.309310084022,0.31981343392
0.188,0.4253193856,0.0981744492459,2.38786772829,0.400649867248,0.400394529998,0,0.425994979788,6.17639079161,0.307195833708,0.31771276394
0.1882,0.426553700307,0.0986533380298,2.39444391961,0.400682223629,0.400445597448,0,0.427230779217,6.1789971447,0.305078980984,0.315609377894
0.1884,0.427788536212,0.0991335414521,2.40101711171,0.400710835795,0.400492922684,0,0.428467091179,6.18155981238,0.302959548653,0.313503298512
0.1886,0.429023884589,0.0996150588984,2.40758723155,0.400735703573,0.400536505306,0,0.429703906933,6.18407876746,0.300837559532,0.31139454854
0.1888,0.430259736706,0.10009788974,2.41415420611,0.400756826836,0.40057634496,0,0.430941217729,6.18655398322,0.298713036455,0.309283150738
0.189,0.431496083825,0.100582033332,2.42071796241,0.400774205503,0.400612441335,0,0.432179014816,6.18898543339,0.296586002268,0.307169127882
0.1892,0.432732917203,0.101067489018,2.42727842752,0.400787839534,0.400644794169,0,0.433417289435,6.19137309218,0.294456479833,0.305052502759
0.1894,0.433970228092,0.101554256123,2.43383552852,0.40079772894,0.400673403242,0,0.434656032821,6.19371693429,0.292324492026,0.302933298174
0.1896,0.43520800774,0.102042333962,2.44038919258,0.400803873772,0.400698268381,0,0.435895236208,6.19601693487,0.290190061736,0.300811536944
0.1898,0.436446247387,0.102531721831,2.44693934685,0.400806274128,0.40071938946,0,0.437134890822,6.19827306954,0.28805321187,0.298687241903
0.19,0.437684938272,0.103022419015,2.45348591857,0.40080493015,0.400736766393,0,0.438374987885,6.20048531442,0.285913965345,0.296560435896
0.1902,0.438924071624,0.103514424782,2.460028835,0.400799842026,0.400750399145,0,0.439615518614,6.20265364607,0.283772345097,0.294431141786
0.1904,0.440163638673,0.104007738387,2.46656802345,0.400791009985,0.400760287721,0,0.440856474223,6.20477804153,0.281628374073,0.292299382448
0.1906,0.441403630641,0.104502359069,2.47310341128,0.400778434305,0.400766432174,0,0.442097845918,6.20685847832,0.279482075235,0.290165180773
0.1908,0.442644038745,0.104998286054,2.47963492589,0.400762115306,0.4007688326,0,0.443339624905,6.20889493443,0.277333471562,0.288028559665
0.191,0.4438848542,0.105495518553,2.48616249472,0.400742053353,0.400767489141,0,0.444581802383,6.21088738831,0.275182586045,0.285889542045
0.1912,0.445126068214,0.105994055762,2.49268604526,0.400718248853,0.400762401984,0,0.445824369547,6.21283581889,0.27302944169,0.283748150845
0.1914,0.446367671993,0.106493896863,2.49920550506,0.400690702261,0.400753571358,0,0.447067317588,6.21474020558,0.270874061517,0.281604409014
0.1916,0.447609656738,0.106995041023,2.50572080171,0.400659414073,0.400740997538,0,0.448310637693,6.21660052825,0.268716468563,0.279458339515
0.1918,0.448852013644,0.107497487396,2.51223186284,0.400624384831,0.400724680845,0,0.449554321047,6.21841676724,0.266556685875,0.277309965324
0.192,0.450094733906,0.108001235119,2.51873861616,0.400585615119,0.400704621642,0,0.450798358828,6.22018890336,0.26439473652,0.275159309434
0.1922,0.451337808712,0.108506283317,2.52524098939,0.400543105567,0.400680820338,0,0.452042742211,6.22191691792,0.262230643574,0.273006394851
0.1924,0.452581229246,0.109012631099,2.53173891035,0.400496856847,0.400653277384,0,0.45328746237,6.22360079266,0.260064430131,0.270851244596
0.1926,0.453824986691,0.109520277561,2.53823230687,0.400446869676,0.400621993276,0,0.454532510472,6.22524050982,0.257896119299,0.268693881703
0.1928,0.455069072224,0.110029221782,2.54472110685,0.400393144814,0.400586968556,0,0.455777877682,6.2268360521,0.2557257342,0.266534329222
0.193,0.45631347702,0.11053946283,2.55120523827,0.400335683063,0.400548203808,0,0.457023555163,6.22838740267,0.25355329797,0.264372610218
0.1932,0.457558192249,0.111050999755,2.55768462912,0.400274485273,0.400505699659,0,0.458269534072,6.22989454518,0.25137883376,0.262208747768
0.1934,0.458803209078,0.111563831597,2.56415920748,0.400209552332,0.400459456782,0,0.459515805564,6.23135746376,0.249202364735,0.260042764967
0.1936,0.460048518673,0.112077957377,2.57062890147,0.400140885175,0.400409475892,0,0.460762360793,6.23277614298,0.247023914076,0.25787468492
0.1938,0.461294112194,0.112593376105,2.57709363928,0.400068484779,0.400355757748,0,0.462009190907,6.23415056791,0.244843504976,0.255704530751
0.194,0.4625399808,0.113110086775,2.58355334916,0.399992352164,0.400298303155,0,0.463256287051,6.23548072408,0.242661160646,0.253532325596
0.1942,0.463786115646,0.113628088367,2.59000795941,0.399912488394,0.400237112957,0,0.464503640371,6.23676659749,0.240476904307,0.251358092606
0.1944,0.465032507883,0.114147379846,2.5964573984,0.399828894574,0.400172188044,0,0.465751242006,6.23800817463,0.238290759199,0.249181854946
0.1946,0.466279148663,0.114667960165,2.60290159454,0.399741571855,0.40010352935,0,0.466999083094,6.23920544245,0.236102748573,0.247003635797
0.1948,0.467526029131,0.115189828261,2.60934047635,0.399650521428,0.400031137851,0,0.468247154772,6.24035838835,0.233912895696,0.244823458352
0.195,0.468773140432,0.115712983055,2.61577397235,0.399555744529,0.399955014567,0,0.469495448172,6.24146700023,0.231721223849,0.242641345821
0.1952,0.470020473709,0.116237423457,2.62220201118,0.399457242435,0.399875160559,0,0.470743954425,6.24253126646,0.229527756329,0.240457321427
0.1954,0.4712680201,0.116763148362,2.62862452151,0.399355016467,0.399791576934,0,0.471992664661,6.24355117587,0.227332516445,0.238271408407
0.1956,0.472515770743,0.117290156648,2.63504143209,0.399249067988,0.399704264841,0,0.473241570004,6.24452671776,0.225135527523,0.236083630015
0.1958,0.473763716773,0.117818447182,2.64145267174,0.399139398403,0.39961322547,0,0.47449066158,6.24545788192,0.222936812901,0.233894009516
0.196,0.475011849323,0.118348018816,2.64785816934,0.39902600916,0.399518460057,0,0.475739930512,6.2463446586,0.220736395934,0.231702570193
0.1962,0.476260159525,0.118878870387,2.65425785384,0.39890890175,0.399419969877,0,0.47698936792,6.24718703851,0.218534299989,0.229509335342
0.1964,0.477508638507,0.119411000718,2.66065165425,0.398788077705,0.399317756252,0,0.478238964922,6.24798501285,0.216330548449,0.227314328271
0.1966,0.478757277397,0.119944408618,2.66703949967,0.398663538601,0.399211820543,0,0.479488712637,6.24873857329,0.214125164712,0.225117572307
0.1968,0.48000606732,0.120479092882,2.67342131925,0.398535286054,0.399102164154,0,0.480738602179,6.24944771196,0.211918172188,0.222919090788
0.197,0.4812549994,0.12101505229,2.67979704223,0.398403321723,0.398988788534,0,0.481988624664,6.25011242148,0.209709594305,0.220718907068
0.1972,0.48250406476,0.12155228561,2.68616659791,0.39826764731,0.398871695172,0,0.483238771203,6.25073269491,0.207499454503,0.218517044515
0.1974,0.483753254521,0.122090791593,2.69252991566,0.398128264558,0.3987508856,0,0.484489032908,6.25130852583,0.205287776237,0.216313526513
0.1976,0.485002559803,0.122630568978,2.69888692494,0.397985175251,0.398626361391,0,0.48573940089,6.25183990824,0.203074582976,0.214108376458
0.1978,0.486251971725,0.123171616489,2.70523755527,0.397838381217,0.398498124163,0,0.486989866257,6.25232683665,0.200859898205,0.211901617761
0.198,0.487501481402,0.123713932836,2.71158173625,0.397687884324,0.398366175574,0,0.488240420118,6.25276930602,0.198643745423,0.20969327385
0.1982,0.488751079953,0.124257516716,2.71791939755,0.397533686481,0.398230517324,0,0.48949105358,6.2531673118,0.196426148142,0.207483368165
0.1984,0.490000758493,0.124802366809,2.72425046894,0.397375789641,0.398091151155,0,0.49074175775,6.2535208499,0.194207129889,0.20527192416
0.1986,0.491250508135,0.125348481785,2.73057488023,0.397214195797,0.397948078853,0,0.491992523734,6.2538299167,0.191986714208,0.203058965306
0.1988,0.492500319994,0.125895860298,2.73689256135,0.397048906984,0.397801302242,0,0.493243342636,6.25409450905,0.189764924654,0.200844515086
0.199,0.493750185183,0.126444500986,2.74320344228,0.396879925278,0.39765082319,0,0.49449420556,6.25431462428,0.187541784798,0.198628597
0.1992,0.495000094814,0.126994402477,2.74950745308,0.396707252795,0.397496643608,0,0.495745103613,6.2544902602,0.185317318227,0.19641123456
0.1994,0.49625004,0.127545563382,2.75580452392,0.396530891695,0.397338765445,0,0.496996027896,6.25462141507,0.183091548539,0.194192451293
0.1996,0.497500011852,0.128097982299,2.76209458502,0.396350844178,0.397177190695,0,0.498246969513,6.25470808764,0.18086449935,0.191972270742
0.1998,0.498750001481,0.128651657812,2.7683775667,0.396167112483,0.397011921392,0,0.499497919568,6.25475027711,0.178636194289,0.189750716464
0.2,0.5,0.129206588492,2.77465339935,0.395979698894,0.39684295961,0,0.500748869165,6.25474798319,0.176406656998,0.187527812029
0.2002,0.501249998519,0.129762772894,2.78092201346,0.395788605733,0.396670307467,0,0.501999809406,6.25470120602,0.174175911135,0.185303581023
0.2004,0.502499988148,0.130320209562,2.78718333959,0.395593835364,0.39649396712,0,0.503250731396,6.25460994623,0.171943980374,0.183078047045
0.2006,0.50374996,0.130878897024,2.79343730841,0.395395390191,0.396313940769,0,0.504501626237,6.25447420494,0.169710888401,0.180851233711
0.2008,0.504999905186,0.131438833794,2.79968385063,0.39519327266,0.396130230653,0,0.505752485033,6.25429398371,0.167476658917,0.178623164649
0.201,0.506249814817,0.132000018374,2.8059228971,0.394987485256,0.395942839055,0,0.50700329889,6.25406928459,0.165241315638,0.176393863503
0.2012,0.507499680006,0.132562449249,2.81215437873,0.394778030507,0.395751768295,0,0.508254058912,6.2538001101,0.163004882295,0.17416335393
0.2014,0.508749491865,0.133126124895,2.81837822652,0.394564910979,0.395557020737,0,0.509504756205,6.25348646322,0.160767382633,0.171931659603
0.2016,0.509999241507,0.133691043769,2.82459437156,0.394348129281,0.395358598786,0,0.510755381874,6.25312834743,0.158528840409,0.169698804209
0.2018,0.511248920047,0.134257204318,2.83080274503,0.394127688059,0.395156504885,0,0.512005927028,6.25272576665,0.1562892794,0.167464811449
0.202,0.512498518598,0.134824604974,2.83700327822,0.393903590004,0.39495074152,0,0.513256382773,6.25227872529,0.154048723392,0.165229705039
0.2022,0.513748028275,0.135393244154,2.84319590247,0.393675837842,0.394741311216,0,0.514506740218,6.25178722823,0.151807196188,0.16299350871
0.2024,0.514997440197,0.135963120264,2.84938054926,0.393444434345,0.394528216542,0,0.515756990475,6.25125128082,0.149564721606,0.160756246205
0.2026,0.516246745479,0.136534231694,2.85555715014,0.393209382319,0.394311460102,0,0.517007124652,6.25067088888,0.147321323478,0.158517941286
0.2028,0.51749593524,0.137106576821,2.86172563674,0.392970684616,0.394091044546,0,0.518257133864,6.2500460587,0.145077025649,0.156278617724
0.203,0.5187450006,0.13768015401,2.86788594081,0.392728344123,0.39386697256,0,0.519507009223,6.24937679705,0.142831851981,0.154038299309
0.2032,0.51999393268,0.138254961608,2.87403799418,0.39248236377,0.393639246872,0,0.520756741846,6.24866311117,0.140585826347,0.151797009843
0.2034,0.521242722603,0.138830997954,2.88018172879,0.392232746526,0.393407870252,0,0.522006322847,6.24790500876,0.138338972639,0.149554773144
0.2036,0.522491361493,0.139408261369,2.88631707666,0.3919794954,0.393172845507,0,0.523255743347,6.24710249802,0.13609131476,0.147311613043
0.2038,0.523739840475,0.139986750163,2.89244396992,0.391722613441,0.392934175485,0,0.524504994465,6.24625558759,0.133842876629,0.145067553387
0.204,0.524988150677,0.140566462632,2.8985623408,0.391462103737,0.392691863077,0,0.525754067322,6.24536428659,0.131593682179,0.142822618035
0.2042,0.526236283227,0.141147397056,2.90467212162,0.391197969415,0.392445911209,0,0.527002953043,6.24442860464,0.129343755357,0.140576830864
0.2044,0.527484229257,0.141729551705,2.91077324481,0.390930213643,0.39219632285,0,0.528251642753,6.24344855179,0.127093120126,0.138330215763
0.2046,0.5287319799,0.142312924833,2.91686564288,0.390658839629,0.391943101008,0,0.529500127581,6.24242413859,0.124841800461,0.136082796635
0.2048,0.529979526291,0.142897514683,2.92294924847,0.390383850618,0.391686248733,0,0.530748398656,6.24135537606,0.122589820355,0.1338345974
0.205,0.531226859568,0.143483319482,2.9290239943,0.390105249897,0.39142576911,0,0.531996447111,6.24024227567,0.120337203812,0.131585641991
0.2052,0.532473970869,0.144070337445,2.93508981321,0.389823040791,0.391161665267,0,0.533244264081,6.23908484939,0.118083974852,0.129335954355
0.2054,0.533720851337,0.144658566772,2.94114663813,0.389537226663,0.390893940372,0,0.534491840703,6.23788310965,0.11583015751,0.127085558455
0.2056,0.534967492117,0.145248005653,2.9471944021,0.389247810918,0.39062259763,0,0.535739168117,6.23663706935,0.113575775835,0.124834478266
0.2058,0.536213884354,0.14583865226,2.95323303827,0.388954796997,0.390347640288,0,0.536986237465,6.23534674187,0.111320853891,0.12258273778
0.206,0.5374600192,0.146430504756,2.95926247988,0.388658188383,0.39006907163,0,0.538233039894,6.23401214104,0.109065415754,0.120330361002
0.2062,0.538705887806,0.147023561288,2.96528266029,0.388357988597,0.38978689498,0,0.53947956655,6.2326332812,0.106809485517,0.118077371952
0.2064,0.539951481327,0.147617819991,2.97129351296,0.388054201198,0.389501113704,0,0.540725808585,6.23121017712,0.104553087288,0.115823794665
0.2066,0.541196790922,0.148213278985,2.97729497148,0.387746829783,0.389211731202,0,0.541971757154,6.22974284408,0.102296245187,0.11356965319
0.2068,0.542441807751,0.148809936379,2.98328696952,0.387435877992,0.388918750919,0,0.543217403414,6.2282312978,0.10003898335,0.111314971589
0.207,0.54368652298,0.149407790267,2.98926944086,0.387121349499,0.388622176333,0,0.544462738524,6.2266755545,0.0977813259277,0.109059773941
0.2072,0.544930927776,0.150006838731,2.99524231942,0.386803248019,0.388322010966,0,0.545707753651,6.22507563086,0.0955232970846,0.106804084339
0.2074,0.546175013309,0.150607079839,3.00120553919,0.386481577306,0.388018258377,0,0.546952439959,6.22343154402,0.0932649209999,0.104547926888
0.2076,0.547418770754,0.151208511646,3.00715903431,0.386156341151,0.387710922163,0,0.548196788622,6.22174331161,0.0910062218671,0.10229132571
0.2078,0.548662191288,0.151811132194,3.01310273901,0.385827543384,0.38740000596,0,0.549440790812,6.22001095172,0.0887472238946,0.100034304942
0.208,0.549905266094,0.152414939511,3.01903658764,0.385495187874,0.387085513445,0,0.550684437709,6.21823448292,0.0864879513048,0.0977768887322
0.2082,0.551147986356,0.153019931614,3.02496051465,0.385159278529,0.386767448331,0,0.551927720494,6.21641392426,0.0842284283348,0.0955191012467
0.2084,0.552390343262,0.153626106505,3.03087445463,0.384819819294,0.386445814371,0,0.553170630353,6.21454929524,0.0819686792363,0.0932609666643
0.2086,0.553632328007,0.154233462174,3.03677834226,0.384476814152,0.386120615355,0,0.554413158476,6.21264061584,0.0797087282752,0.0910025091787
0.2088,0.554873931786,0.154841996596,3.04267211236,0.384130267125,0.385791855115,0,0.555655296057,6.21068790653,0.0774485997321,0.088743752998
0.209,0.5561151458,0.155451707736,3.04855569984,0.383780182273,0.385459537517,0,0.556897034295,6.20869118824,0.0751883179018,0.0864847223448
0.2092,0.557355961255,0.156062593544,3.05442903975,0.383426563694,0.385123666468,0,0.558138364391,6.20665048235,0.072927907094,0.0842254414562
0.2094,0.558596369359,0.156674651957,3.06029206725,0.383069415524,0.384784245913,0,0.559379277553,6.20456581075,0.0706673916323,0.0819659345838
0.2096,0.559836361327,0.157287880901,3.0661447176,0.382708741936,0.384441279835,0,0.560619764992,6.20243719579,0.0684067958553,0.0797062259935
0.2098,0.561075928376,0.157902278286,3.07198692622,0.382344547144,0.384094772255,0,0.561859817925,6.20026466027,0.0661461441158,0.0774463399659
0.21,0.562315061728,0.158517842012,3.07781862861,0.381976835396,0.383744727233,0,0.56309942757,6.19804822749,0.0638854607811,0.0751863007958
0.2102,0.563553752613,0.159134569964,3.08363976041,0.381605610979,0.383391148866,0,0.564338585154,6.19578792121,0.061624770233,0.0729261327929
0.2104,0.56479199226,0.159752460015,3.08945025738,0.381230878219,0.383034041288,0,0.565577281907,6.19348376566,0.0593640968677,0.0706658602809
0.2106,0.566029771908,0.160371510027,3.0952500554,0.380852641478,0.382673408674,0,0.566815509065,6.19113578555,0.0571034650959,0.0684055075983
0.2108,0.567267082797,0.160991717845,3.10103909047,0.380470905158,0.382309255235,0,0.568053257866,6.18874400606,0.0548428993429,0.0661450990978
0.211,0.568503916175,0.161613081304,3.10681729872,0.380085673694,0.38194158522,0,0.569290519556,6.18630845284,0.0525824240483,0.0638846591468
0.2112,0.569740263294,0.162235598228,3.1125846164,0.379696951564,0.381570402915,0,0.570527285387,6.18382915201,0.0503220636662,0.0616242121271
0.2114,0.570976115411,0.162859266424,3.11834097988,0.379304743279,0.381195712644,0,0.571763546613,6.18130613017,0.0480618426652,0.0593637824349
0.2116,0.572211463788,0.163484083689,3.12408632567,0.378909053389,0.380817518771,0,0.572999294496,6.17873941438,0.0458017855283,0.057103394481
0.2118,0.573446299693,0.164110047807,3.12982059038,0.378509886482,0.380435825695,0,0.574234520302,6.17612903219,0.0435419167531,0.0548430726905
0.212,0.5746806144,0.164737156549,3.13554371079,0.378107247182,0.380050637852,0,0.575469215304,6.1734750116,0.0412822608515,0.052582841503
0.2122,0.575914399187,0.165365407674,3.14125562376,0.377701140152,0.379661959718,0,0.576703370781,6.1707773811,0.03902284235,0.0503227253727
0.2124,0.57714764534,0.165994798927,3.1469562663,0.377291570089,0.379269795805,0,0.577936978015,6.16803616965,0.0367636857895,0.0480627487682
0.2126,0.578380344147,0.166625328042,3.15264557555,0.37687854173,0.378874150662,0,0.579170028296,6.16525140667,0.0345048157253,0.0458029361724
0.2128,0.579612486907,0.16725699274,3.15832348878,0.376462059847,0.378475028875,0,0.58040251292,6.16242312207,0.0322462567272,0.043543312083
0.213,0.580844064921,0.167889790729,3.16398994339,0.376042129251,0.37807243507,0,0.58163442319,6.15955134621,0.0299880333796,0.0412839010118
0.2132,0.582075069497,0.168523719704,3.1696448769,0.375618754788,0.377666373906,0,0.582865750412,6.15663610995,0.0277301702812,0.0390247274854
0.2134,0.583305491951,0.169158777349,3.17528822698,0.375191941342,0.377256850083,0,0.5840964859,6.15367744461,0.0254726920452,0.0367658160446
0.2136,0.584535323602,0.169794961336,3.18091993141,0.374761693832,0.376843868334,0,0.585326620977,6.15067538197,0.0232156232992,0.0345071912447
0.2138,0.585764555778,0.170432269321,3.18653992812,0.374328017216,0.376427433434,0,0.586556146968,6.14762995429,0.0209589886855,0.0322488776556
0.214,0.586993179812,0.171070698952,3.19214815517,0.373890916488,0.37600755019,0,0.587785055207,6.14454119432,0.0187028128605,0.0299908998616
0.2142,0.588221187045,0.171710247862,3.19774455074,0.373450396677,0.37558422345,0,0.589013337034,6.14140913525,0.0164471204953,0.0277332824614
0.2144,0.589448568824,0.172350913673,3.20332905317,0.373006462851,0.375157458095,0,0.590240983796,6.13823381077,0.0141919362755,0.0254760500681
0.2146,0.590675316501,0.172992693993,3.20890160092,0.372559120113,0.374727259046,0,0.591467986847,6.13501525503,0.011937284901,0.0232192273096
0.2148,0.591901421437,0.17363558642,3.21446213259,0.372108373602,0.37429363126,0,0.592694337547,6.13175350265,0.0096831910861,0.0209628388279
0.215,0.593126875,0.174279588537,3.2200105869,0.371654228495,0.373856579728,0,0.593920027265,6.12844858874,0.00742967955981,0.0187069092795
0.2152,0.594351668563,0.174924697918,3.22554690274,0.371196690004,0.373416109482,0,0.595145047375,6.12510054885,0.00517677506542,0.0164514633356
0.2154,0.595575793508,0.175570912121,3.23107101911,0.370735763378,0.372972225586,0,0.596369389259,6.12170941903,0.00292450236069,0.0141965256816
0.2156,0.596799241224,0.176218228697,3.23658287516,0.370271453901,0.372524933144,0,0.597593044306,6.1182752358,0.00067288621787,0.0119421210174
0.2158,0.598022003106,0.176866645179,3.24208241018,0.369803766895,0.372074237296,0,0.598816003913,6.11479803614,-0.00157804857637,0.00968827405748
0.216,0.599244070558,0.177516159091,3.2475695636,0.369332707716,0.371620143215,0,0.600038259484,6.11127785751,-0.00382827722086,0.00743500953071
0.2162,0.60046543499,0.178166767946,3.25304427498,0.368858281759,0.371162656116,0,0.601259802432,6.10771473784,-0.00607777490001,0.0051823521804
0.2164,0.601686087821,0.178818469243,3.25850648404,0.368380494452,0.370701781244,0,0.602480624175,6.10410871553,-0.0083265167838,0.00293032676431
0.2166,0.602906020477,0.179471260469,3.26395613063,0.367899351259,0.370237523886,0,0.603700716141,6.10045982947,-0.0105744780277,0.000678958054692
0.2168,0.604125224391,0.1801251391,3.26939315474,0.367414857683,0.36976988936,0,0.604920069765,6.09676811898,-0.0128216337728,-0.00157172916179
0.217,0.605343691005,0.180780102599,3.27481749651,0.36692701926,0.369298883025,0,0.60613867649,6.09303362391,-0.0150679591456,-0.00382171008399
0.2172,0.606561411769,0.181436148419,3.28022909622,0.366435841563,0.368824510272,0,0.607356527767,6.08925638454,-0.0173134292584,-0.00607095989632
0.2174,0.607778378141,0.182093273998,3.28562789429,0.365941330199,0.36834677653,0,0.608573615055,6.08543644163,-0.0195580192088,-0.00831945376874
0.2176,0.608994581586,0.182751476764,3.2910138313,0.365443490813,0.367865687264,0,0.609789929822,6.08157383643,-0.0218017040801,-0.0105671668568
0.2178,0.610210013578,0.183410754133,3.29638684796,0.364942329085,0.367381247974,0,0.611005463544,6.07766861064,-0.0240444589411,-0.0128140743014
0.218,0.6114246656,0.18407110351,3.30174688513,0.364437850728,0.366893464196,0,0.612220207706,6.07372080645,-0.0262862588461,-0.0150601512294
0.2182,0.612638529143,0.184732522287,3.30709388383,0.363930061496,0.366402341502,0,0.613434153799,6.06973046651,-0.0285270788351,-0.0173053727527
0.2184,0.613851595706,0.185395007844,3.31242778521,0.363418967172,0.365907885501,0,0.614647293326,6.06569763395,-0.0307668939334,-0.0195497139692
0.2186,0.615063856797,0.18605855755,3.31774853058,0.362904573579,0.365410101835,0,0.615859617796,6.06162235237,-0.0330056791522,-0.021793149962
0.2188,0.616275303933,0.186723168763,3.32305606138,0.362386886573,0.364908996184,0,0.617071118729,6.05750466585,-0.035243409488,-0.0240356558001
0.219,0.61748592864,0.187388838826,3.32835031923,0.361865912048,0.364404574262,0,0.618281787653,6.05334461892,-0.0374800599229,-0.0262772065377
0.2192,0.618695722451,0.188055565076,3.33363124588,0.361341655929,0.363896841819,0,0.619491616104,6.0491422566,-0.0397156054246,-0.0285177772147
0.2194,0.619904676911,0.188723344832,3.33889878322,0.360814124179,0.363385804641,0,0.620700595629,6.04489762439,-0.0419500209464,-0.0307573428567
0.2196,0.621112783572,0.189392175407,3.34415287332,0.360283322797,0.362871468549,0,0.621908717783,6.04061076825,-0.044183281427,-0.0329958784746
0.2198,0.622320033995,0.190062054099,3.34939345839,0.359749257815,0.362353839398,0,0.62311597413,6.0362817346,-0.0464153617908,-0.0352333590651
0.22,0.623526419753,0.190732978195,3.35462048077,0.359211935301,0.361832923082,0,0.624322356244,6.03191057037,-0.0486462369477,-0.0374697596102
0.2202,0.624731932425,0.191404944971,3.35983388299,0.358671361357,0.361308725526,0,0.625527855709,6.02749732293,-0.0508758817932,-0.0397050550777
0.2204,0.625936563601,0.192077951693,3.36503360772,0.358127542122,0.360781252692,0,0.626732464117,6.02304204012,-0.0531042712082,-0.0419392204208
0.2206,0.627140304882,0.192751995612,3.37021959777,0.357580483767,0.360250510578,0,0.627936173071,6.01854477029,-0.0553313800595,-0.0441722305783
0.2208,0.628343147875,0.193427073972,3.37539179611,0.357030192501,0.359716505216,0,0.629138974183,6.01400556222,-0.0575571831991,-0.0464040604745
0.221,0.6295450842,0.194103184001,3.38055014589,0.356476674565,0.359179242673,0,0.630340859076,6.00942446518,-0.0597816554647,-0.0486346850195
0.2212,0.630746105486,0.194780322919,3.38569459038,0.355919936237,0.358638729051,0,0.631541819382,6.00480152892,-0.0620047716797,-0.0508640791085
0.2214,0.631946203372,0.195458487934,3.39082507304,0.355359983828,0.358094970489,0,0.632741846743,6.00013680365,-0.0642265066528,-0.0530922176228
0.2216,0.633145369506,0.196137676241,3.39594153746,0.354796823683,0.357547973156,0,0.633940932811,5.99543034006,-0.0664468351785,-0.0553190754288
0.2218,0.634343595547,0.196817885027,3.4010439274,0.354230462185,0.356997743262,0,0.635139069248,5.99068218931,-0.0686657320367,-0.0575446273787
0.222,0.635540873165,0.197499111464,3.40613218678,0.353660905748,0.356444287046,0,0.636336247729,5.98589240303,-0.0708831719928,-0.0597688483103
0.2222,0.63673719404,0.198181352716,3.41120625969,0.353088160822,0.355887610787,0,0.637532459936,5.98106103332,-0.0730991297982,-0.0619917130468
0.2224,0.63793254986,0.198864605934,3.41626609035,0.352512233891,0.355327720794,0,0.638727697562,5.97618813278,-0.0753135801892,-0.0642131963971
0.2226,0.639126932327,0.199548868259,3.42131162316,0.351933131474,0.354764623413,0,0.639921952313,5.97127375443,-0.0775264978883,-0.0664332731555
0.2228,0.640320333152,0.200234136819,3.42634280269,0.351350860123,0.354198325025,0,0.641115215904,5.96631795182,-0.0797378576031,-0.0686519181021
0.223,0.641512744057,0.200920408734,3.43135957365,0.350765426427,0.353628832045,0,0.642307480059,5.96132077893,-0.0819476340271,-0.0708691060023
0.2232,0.642704156774,0.20160768111,3.43636188092,0.350176837005,0.353056150921,0,0.643498736517,5.95628229023,-0.0841558018391,-0.0730848116072
0.2234,0.643894563046,0.202295951044,3.44134966955,0.349585098514,0.352480288138,0,0.644688977026,5.95120254066,-0.0863623357036,-0.0752990096536
0.2236,0.645083954629,0.202985215621,3.44632288476,0.348990217644,0.351901250213,0,0.645878193343,5.94608158564,-0.0885672102707,-0.0775116748636
0.2238,0.646272323288,0.203675471915,3.4512814719,0.348392201117,0.351319043699,0,0.647066377239,5.94091948105,-0.090770400176,-0.079722781945
0.224,0.6474596608,0.204366716991,3.45622537652,0.347791055693,0.350733675183,0,0.648253520496,5.93571628325,-0.0929718800406,-0.0819323055912
0.2242,0.648645958953,0.205058947899,3.46115454432,0.347186788162,0.350145151285,0,0.649439614905,5.93047204907,-0.0951716244715,-0.0841402204811
0.2244,0.649831209546,0.205752161684,3.46606892117,0.34657940535,0.34955347866,0,0.650624652272,5.92518683581,-0.0973696080608,-0.0863465012792
0.2246,0.651015404391,0.206446355374,3.47096845309,0.345968914117,0.348958663998,0,0.651808624413,5.91986070126,-0.0995658053865,-0.0885511226355
0.2248,0.652198535309,0.207141525992,3.4758530863,0.345355321357,0.348360714022,0,0.652991523153,5.91449370365,-0.101760191012,-0.0907540591857
0.225,0.653380594136,0.207837670545,3.48072276716,0.344738633996,0.347759635489,0,0.654173340334,5.90908590172,-0.103952739487,-0.092955285551
0.2252,0.654561572717,0.208534786033,3.4855774422,0.344118858995,0.34715543519,0,0.655354067805,5.90363735465,-0.106143425345,-0.0951547763381
0.2254,0.655741462909,0.209232869445,3.49041705814,0.343496003349,0.346548119951,0,0.656533697429,5.89814812212,-0.108332223107,-0.0973525061395
0.2256,0.656920256583,0.209931917757,3.49524156184,0.342870074086,0.345937696631,0,0.657712221082,5.89261826425,-0.110519107278,-0.0995484495329
0.2258,0.658097945621,0.210631927937,3.50005090034,0.342241078267,0.345324172122,0,0.65888963065,5.88704784167,-0.11270405235,-0.101742581082
0.226,0.659274521916,0.211332896942,3.50484502087,0.341609022989,0.344707553351,0,0.660065918033,5.88143691546,-0.1148870328,-0.103934875336
0.2262,0.660449977375,0.212034821716,3.5096238708,0.340973915381,0.344087847279,0,0.661241075143,5.87578554718,-0.11706802309,-0.106125306828
0.2264,0.661624303915,0.212737699195,3.5143873977,0.340335762603,0.343465060899,0,0.662415093903,5.87009379885,-0.119246997669,-0.108313850081
0.2266,0.662797493468,0.213441526305,3.51913554928,0.339694571853,0.34283920124,0,0.663587966249,5.86436173297,-0.12142393097,-0.110500479598
0.2268,0.663969537978,0.21414629996,3.52386827346,0.339050350358,0.342210275362,0,0.664759684132,5.85858941254,-0.123598797412,-0.112685169873
0.227,0.6651404294,0.214852017064,3.5285855183,0.338403105382,0.341578290361,0,0.665930239512,5.85277690098,-0.125771571399,-0.11486789538
0.2272,0.666310159703,0.21555867451,3.53328723206,0.337752844221,0.340943253366,0,0.667099624364,5.84692426223,-0.127942227324,-0.117048630584
0.2274,0.667478720869,0.216266269183,3.53797336315,0.337099574202,0.340305171537,0,0.668267830677,5.84103156067,-0.130110739561,-0.119227349932
0.2276,0.668646104891,0.216974797955,3.54264386018,0.336443302688,0.33966405207,0,0.669434850449,5.83509886118,-0.132277082471,-0.121404027858
0.2278,0.669812303779,0.217684257689,3.5472986719,0.335784037074,0.339019902193,0,0.670600675695,5.82912622909,-0.134441230403,-0.123578638781
0.228,0.670977309551,0.218394645238,3.55193774728,0.335121784788,0.338372729169,0,0.671765298441,5.82311373021,-0.136603157689,-0.125751157105
0.2282,0.672141114241,0.219105957446,3.55656103544,0.334456553292,0.337722540293,0,0.672928710727,5.81706143083,-0.138762838646,-0.127921557222
0.2284,0.673303709898,0.219818191143,3.56116848568,0.333788350079,0.337069342893,0,0.674090904606,5.8109693977,-0.14092024758,-0.130089813507
0.2286,0.67446508858,0.220531343152,3.56576004747,0.333117182677,0.33641314433,0,0.675251872146,5.80483769805,-0.143075358779,-0.132255900321
0.2288,0.675625242362,0.221245410286,3.57033567048,0.332443058646,0.335753952,0,0.676411605426,5.79866639959,-0.145228146519,-0.134419792013
0.229,0.676784163331,0.221960389347,3.57489530455,0.331765985579,0.335091773329,0,0.67757009654,5.7924555705,-0.147378585059,-0.136581462914
0.2292,0.677941843588,0.222676277127,3.57943889968,0.331085971101,0.334426615779,0,0.678727337596,5.78620527941,-0.149526648647,-0.138740887343
0.2294,0.679098275248,0.223393070408,3.58396640608,0.330403022871,0.333758486843,0,0.679883320715,5.77991559545,-0.151672311514,-0.140898039604
0.2296,0.680253450439,0.224110765963,3.58847777412,0.329717148579,0.333087394049,0,0.681038038033,5.77358658821,-0.153815547878,-0.143052893986
0.2298,0.681407361304,0.224829360554,3.59297295435,0.329028355951,0.332413344955,0,0.682191481698,5.76721832776,-0.15595633194,-0.145205424764
0.23,0.68256,0.225548850934,3.59745189752,0.328336652741,0.331736347154,0,0.683343643875,5.76081088464,-0.158094637891,-0.1473556062
0.2302,0.683711358697,0.226269233844,3.60191455455,0.32764204674,0.331056408272,0,0.684494516741,5.75436432986,-0.160230439904,-0.149503412538
0.2304,0.68486142958,0.22699050602,3.60636087653,0.326944545769,0.330373535965,0,0.685644092488,5.7478787349,-0.162363712139,-0.151648818011
0.2306,0.686010204848,0.227712664183,3.61079081477,0.326244157681,0.329687737926,0,0.686792363322,5.74135417172,-0.164494428741,-0.153791796837
0.2308,0.687157676715,0.228435705047,3.61520432072,0.325540890363,0.328999021877,0,0.687939321465,5.73479071276,-0.166622563841,-0.155932323218
0.231,0.68830383741,0.229159625316,3.61960134603,0.324834751734,0.328307395574,0,0.689084959151,5.7281884309,-0.168748091556,-0.158070371342
0.2312,0.689448679174,0.229884421685,3.62398184256,0.324125749746,0.327612866806,0,0.690229268631,5.72154739954,-0.170870985988,-0.160205915385
0.2314,0.690592194266,0.230610090837,3.62834576233,0.323413892381,0.326915443394,0,0.691372242169,5.71486769251,-0.172991221224,-0.162338929506
0.2316,0.691734374957,0.231336629449,3.63269305753,0.322699187656,0.326215133191,0,0.692513872046,5.70814938413,-0.175108771337,-0.164469387849
0.2318,0.692875213535,0.232064034185,3.63702368058,0.321981643618,0.325511944084,0,0.693654150556,5.70139254921,-0.177223610387,-0.166597264547
0.232,0.694014702301,0.232792301701,3.64133758405,0.321261268348,0.324805883991,0,0.694793070009,5.69459726301,-0.179335712418,-0.168722533715
0.2322,0.695152833574,0.233521428646,3.64563472072,0.320538069957,0.324096960862,0,0.695930622729,5.68776360126,-0.18144505146,-0.170845169456
0.2324,0.696289599685,0.234251411654,3.64991504354,0.319812056591,0.323385182681,0,0.697066801057,5.68089164018,-0.183551601529,-0.172965145856
0.2326,0.697424992981,0.234982247355,3.65417850566,0.319083236426,0.322670557463,0,0.698201597348,5.67398145646,-0.185655336626,-0.175082436991
0.2328,0.698559005827,0.235713932368,3.65842506042,0.31835161767,0.321953093256,0,0.699335003974,5.66703312725,-0.187756230737,-0.177197016918
0.233,0.6996916306,0.2364464633,3.66265466135,0.317617208564,0.321232798139,0,0.70046701332,5.66004673018,-0.189854257836,-0.179308859682
0.2332,0.700822859694,0.237179836752,3.66686726216,0.31688001738,0.320509680224,0,0.701597617788,5.65302234335,-0.191949391879,-0.181417939312
0.2334,0.701952685519,0.237914049316,3.67106281675,0.316140052422,0.319783747655,0,0.702726809798,5.64596004535,-0.194041606812,-0.183524229826
0.2336,0.703081100501,0.238649097571,3.67524127924,0.315397322026,0.319055008609,0,0.703854581781,5.63885991522,-0.196130876563,-0.185627705223
0.2338,0.70420809708,0.239384978092,3.67940260389,0.314651834561,0.318323471292,0,0.704980926187,5.63172203248,-0.198217175046,-0.187728339491
0.234,0.705333667714,0.240121687441,3.68354674521,0.313903598425,0.317589143946,0,0.706105835483,5.62454647713,-0.200300476163,-0.189826106602
0.2342,0.706457804875,0.240859222173,3.68767365786,0.313152622049,0.316852034842,0,0.707229302148,5.61733332963,-0.2023807538,-0.191920980514
0.2344,0.707580501053,0.241597578832,3.69178329671,0.312398913898,0.316112152283,0,0.708351318683,5.61008267093,-0.204457981827,-0.194012935171
0.2346,0.708701748754,0.242336753956,3.69587561682,0.311642482465,0.315369504606,0,0.709471877599,5.60279458244,-0.206532134103,-0.196101944503
0.2348,0.709821540499,0.24307674407,3.69995057346,0.310883336277,0.314624100178,0,0.710590971428,5.59546914604,-0.208603184469,-0.198187982423
0.235,0.710939868827,0.243817545695,3.70400812206,0.310121483891,0.313875947398,0,0.711708592717,5.5881064441,-0.210671106755,-0.200271022832
0.2352,0.712056726292,0.244559155338,3.70804821828,0.309356933896,0.313125054696,0,0.712824734029,5.58070655944,-0.212735874774,-0.202351039617
0.2354,0.713172105465,0.245301569502,3.71207081796,0.308589694914,0.312371430536,0,0.713939387944,5.57326957537,-0.214797462327,-0.204428006648
0.2356,0.714285998935,0.246044784677,3.71607587714,0.307819775595,0.311615083412,0,0.715052547059,5.56579557567,-0.216855843198,-0.206501897784
0.2358,0.715398399306,0.246788797348,3.72006335205,0.307047184624,0.310856021848,0,0.716164203988,5.55828464458,-0.218910991158,-0.208572686867
0.236,0.7165092992,0.247533603988,3.72403319913,0.306271930715,0.310094254404,0,0.717274351362,5.55073686684,-0.220962879963,-0.210640347725
0.2362,0.717618691255,0.248279201063,3.727985375,0.305494022615,0.309329789666,0,0.718382981827,5.54315232764,-0.223011483356,-0.212704854173
0.2364,0.718726568128,0.24902558503,3.7319198365,0.3047134691,0.308562636256,0,0.71949008805,5.53553111264,-0.225056775065,-0.214766180009
0.2366,0.71983292249,0.249772752338,3.73583654066,0.303930278979,0.307792802824,0,0.720595662711,5.52787330799,-0.227098728802,-0.21682429902
0.2368,0.720937747032,0.250520699427,3.73973544469,0.303144461092,0.307020298055,0,0.721699698511,5.52017900031,-0.229137318266,-0.218879184977
0.237,0.722041034462,0.251269422728,3.74361650604,0.302356024309,0.306245130663,0,0.722802188167,5.51244827668,-0.231172517143,-0.220930811635
0.2372,0.723142777504,0.252018918665,3.74747968232,0.301564977533,0.305467309392,0,0.723903124412,5.50468122466,-0.233204299101,-0.222979152736
0.2374,0.724242968901,0.252769183651,3.75132493137,0.300771329696,0.30468684302,0,0.725002499998,5.49687793228,-0.235232637797,-0.225024182009
0.2376,0.725341601412,0.253520214093,3.75515221122,0.299975089763,0.303903740356,0,0.726100307696,5.48903848806,-0.237257506872,-0.227065873167
0.2378,0.726438667816,0.254272006389,3.7589614801,0.299176266727,0.303118010237,0,0.727196540292,5.48116298097,-0.239278879953,-0.229104199908
0.238,0.727534160909,0.255024556928,3.76275269644,0.298374869615,0.302329661535,0,0.728291190592,5.47325150046,-0.241296730652,-0.231139135917
0.2382,0.728628073503,0.255777862092,3.76652581889,0.297570907484,0.301538703151,0,0.729384251419,5.46530413646,-0.243311032567,-0.233170654864
0.2384,0.72972039843,0.256531918253,3.77028080628,0.296764389422,0.300745144018,0,0.730475715615,5.45732097937,-0.245321759283,-0.235198730405
0.2386,0.730811128541,0.257286721777,3.77401761766,0.295955324545,0.299948993099,0,0.731565576039,5.44930212006,-0.247328884369,-0.23722333618
0.2388,0.731900256702,0.258042269019,3.77773621227,0.295143722004,0.299150259388,0,0.732653825569,5.44124764987,-0.249332381379,-0.239244445818
0.239,0.7329877758,0.258798556329,3.78143654958,0.294329590979,0.298348951911,0,0.733740457101,5.43315766063,-0.251332223854,-0.24126203293
0.2392,0.73407367874,0.259555580047,3.78511858925,0.29351294068,0.297545079725,0,0.73482546355,5.42503224461,-0.25332838532,-0.243276071115
0.2394,0.735157958444,0.260313336505,3.78878229113,0.292693780347,0.296738651916,0,0.735908837849,5.41687149458,-0.255320839289,-0.245286533956
0.2396,0.736240607855,0.261071822028,3.79242761531,0.291872119254,0.295929677602,0,0.73699057295,5.40867550378,-0.257309559259,-0.247293395023
0.2398,0.737321619932,0.261831032933,3.79605452206,0.291047966702,0.295118165932,0,0.738070661823,5.40044436592,-0.259294518713,-0.24929662787
0.24,0.738400987654,0.262590965527,3.79966297187,0.290221332024,0.294304126086,0,0.739149097458,5.39217817518,-0.261275691118,-0.251296206038
0.2402,0.739478704021,0.263351616112,3.80325292543,0.289392224584,0.293487567274,0,0.740225872863,5.38387702622,-0.26325304993,-0.253292103054
0.2404,0.740554762047,0.264112980981,3.80682434365,0.288560653775,0.292668498736,0,0.741300981066,5.37554101415,-0.265226568589,-0.25528429243
0.2406,0.74162915477,0.264875056419,3.81037718764,0.287726629022,0.291846929744,0,0.742374415113,5.36717023459,-0.267196220519,-0.257272747661
0.2408,0.742701875245,0.265637838702,3.81391141872,0.286890159779,0.291022869599,0,0.74344616807,5.35876478361,-0.269161979132,-0.259257442233
0.241,0.743772916546,0.266401324102,3.81742699842,0.286051255531,0.290196327635,0,0.744516233021,5.35032475774,-0.271123817825,-0.261238349613
0.2412,0.744842271766,0.26716550888,3.82092388849,0.285209925793,0.289367313214,0,0.745584603072,5.34185025402,-0.273081709979,-0.263215443255
0.2414,0.745909934019,0.26793038929,3.82440205087,0.284366180112,0.28853583573,0,0.746651271346,5.33334136994,-0.275035628964,-0.2651886966
0.2416,0.746975896438,0.268695961579,3.82786144773,0.283520028062,0.287701904606,0,0.747716230987,5.32479820346,-0.276985548132,-0.267158083073
0.2418,0.748040152174,0.269462221988,3.83130204145,0.28267147925,0.286865529297,0,0.748779475157,5.31622085301,-0.278931440823,-0.269123576085
0.242,0.7491026944,0.270229166747,3.83472379461,0.281820543311,0.286026719288,0,0.749840997041,5.30760941752,-0.280873280362,-0.271085149032
0.2422,0.750163516308,0.270996792081,3.83812667001,0.280967229913,0.285185484093,0,0.75090078984,5.29896399636,-0.282811040058,-0.273042775298
0.2424,0.751222611109,0.271765094207,3.84151063067,0.28011154875,0.284341833257,0,0.751958846778,5.2902846894,-0.284744693209,-0.27499642825
0.2426,0.752279972035,0.272534069335,3.84487563982,0.27925350955,0.283495776355,0,0.753015161097,5.28157159696,-0.286674213095,-0.276946081242
0.2428,0.753335592339,0.273303713667,3.8482216609,0.278393122069,0.282647322994,0,0.754069726061,5.27282481985,-0.288599572984,-0.278891707612
0.243,0.754389465291,0.274074023398,3.85154865756,0.277530396093,0.281796482809,0,0.755122534953,5.26404445935,-0.29052074613,-0.280833280687
0.2432,0.755441584185,0.274844994717,3.85485659367,0.276665341438,0.280943265466,0,0.756173581077,5.25523061719,-0.29243770577,-0.282770773775
0.2434,0.756491942334,0.275616623804,3.85814543333,0.27579796795,0.28008768066,0,0.757222857756,5.24638339562,-0.294350425129,-0.284704160174
0.2436,0.757540533069,0.276388906832,3.86141514083,0.274928285505,0.279229738118,0,0.758270358335,5.23750289732,-0.296258877416,-0.286633413165
0.2438,0.758587349746,0.277161839968,3.8646656807,0.274056304009,0.278369447596,0,0.75931607618,5.22858922546,-0.298163035828,-0.288558506015
0.244,0.759632385738,0.277935419372,3.86789701767,0.273182033398,0.277506818878,0,0.760360004677,5.21964248369,-0.300062873544,-0.290479411978
0.2442,0.760675634442,0.278709641195,3.8711091167,0.272305483636,0.276641861782,0,0.761402137232,5.21066277611,-0.301958363732,-0.292396104291
0.2444,0.761717089272,0.279484501584,3.87430194295,0.271426664719,0.275774586153,0,0.762442467274,5.20165020732,-0.303849479545,-0.294308556179
0.2446,0.762756743666,0.280259996676,3.87747546182,0.270545586671,0.274905001866,0,0.76348098825,5.19260488238,-0.305736194119,-0.296216740852
0.2448,0.763794591082,0.281036122604,3.88062963892,0.269662259546,0.274033118827,0,0.764517693632,5.18352690682,-0.307618480579,-0.298120631506
0.245,0.764830625,0.281812875492,3.88376444008,0.268776693429,0.273158946971,0,0.765552576909,5.17441638665,-0.309496312034,-0.30002020132
0.2452,0.765864838919,0.282590251458,3.88687983134,0.267888898432,0.272282496262,0,0.766585631595,5.16527342835,-0.311369661578,-0.301915423463
0.2454,0.766897226362,0.283368246614,3.88997577897,0.266998884698,0.271403776696,0,0.767616851222,5.15609813887,-0.313238502292,-0.303806271086
0.2456,0.767927780872,0.284146857064,3.89305224947,0.266106662401,0.270522798297,0,0.768646229347,5.14689062564,-0.315102807243,-0.305692717327
0.2458,0.768956496014,0.284926078906,3.89610920954,0.265212241741,0.269639571118,0,0.769673759547,5.13765099656,-0.316962549481,-0.30757473531
0.246,0.769983365373,0.285705908231,3.89914662612,0.264315632951,0.268754105242,0,0.770699435419,5.12837936,-0.318817702045,-0.309452298145
0.2462,0.771008382558,0.286486341124,3.90216446636,0.26341684629,0.267866410784,0,0.771723250584,5.1190758248,-0.320668237957,-0.311325378925
0.2464,0.772031541199,0.287267373664,3.90516269764,0.262515892048,0.266976497885,0,0.772745198684,5.10974050029,-0.322514130226,-0.313193950731
0.2466,0.773052834948,0.288049001921,3.90814128756,0.261612780546,0.266084376718,0,0.773765273383,5.10037349626,-0.324355351845,-0.31505798663
0.2468,0.774072257479,0.288831221962,3.91110020393,0.260707522131,0.265190057483,0,0.774783468368,5.09097492297,-0.326191875796,-0.316917459673
0.247,0.775089802486,0.289614029845,3.91403941482,0.259800127181,0.264293550413,0,0.775799777346,5.08154489116,-0.328023675043,-0.318772342898
0.2472,0.77610546369,0.290397421623,3.91695888848,0.258890606104,0.263394865767,0,0.776814194048,5.07208351204,-0.329850722538,-0.320622609327
0.2474,0.777119234829,0.291181393341,3.91985859343,0.257978969335,0.262494013834,0,0.777826712228,5.06259089729,-0.331672991217,-0.322468231969
0.2476,0.778131109666,0.291965941041,3.92273849837,0.25706522734,0.261591004934,0,0.77883732566,5.05306715908,-0.333490454003,-0.324309183819
0.2478,0.779141081987,0.292751060755,3.92559857226,0.256149390613,0.260685849416,0,0.779846028142,5.04351241002,-0.335303083803,-0.326145437855
0.248,0.7801491456,0.293536748512,3.92843878427,0.255231469678,0.259778557655,0,0.780852813494,5.03392676324,-0.337110853513,-0.327976967045
0.2482,0.781155294335,0.294323000333,3.9312591038,0.254311475087,0.25886914006,0,0.781857675561,5.02431033229,-0.33891373601,-0.329803744339
0.2484,0.782159522044,0.295109812233,3.93405950048,0.253389417421,0.257957607065,0,0.782860608207,5.01466323124,-0.340711704159,-0.331625742673
0.2486,0.783161822605,0.295897180222,3.93683994416,0.252465307292,0.257043969136,0,0.783861605322,5.0049855746,-0.342504730813,-0.33344293497
0.2488,0.784162189916,0.296685100303,3.93960040493,0.251539155337,0.256128236767,0,0.784860660817,4.99527747737,-0.344292788805,-0.335255294139
0.249,0.785160617899,0.297473568474,3.9423408531,0.250610972227,0.255210420481,0,0.785857768628,4.98553905502,-0.34607585096,-0.337062793072
0.2492,0.786157100499,0.298262580725,3.9450612592,0.249680768657,0.25429053083,0,0.786852922713,4.9757704235,-0.347853890083,-0.338865404649
0.2494,0.787151631685,0.299052133044,3.94776159401,0.248748555354,0.253368578396,0,0.787846117053,4.96597169921,-0.349626878968,-0.340663101736
0.2496,0.788144205448,0.29984222141,3.95044182853,0.247814343072,0.252444573787,0,0.788837345653,4.95614299905,-0.351394790394,-0.342455857183
0.2498,0.789134815803,0.300632841797,3.95310193399,0.246878142595,0.251518527644,0,0.789826602541,4.94628444037,-0.353157597126,-0.344243643825
0.25,0.79012345679,0.301423990173,3.95574188184,0.245939964735,0.250590450634,0,0.790813881769,4.93639614102,-0.354915271913,-0.346026434485
0.2502,0.79111012247,0.302215662502,3.95836164378,0.244999820334,0.249660353455,0,0.791799177413,4.92647821929,-0.356667787491,-0.347804201971
0.2504,0.792094806929,0.30300785474,3.96096119173,0.244057720259,0.24872824683,0,0.792782483572,4.91653079398,-0.358415116582,-0.349576919075
0.2506,0.793077504278,0.30380056284,3.96354049785,0.24311367541,0.247794141516,0,0.793763794368,4.90655398433,-0.360157231892,-0.351344558576
0.2508,0.794058208649,0.304593782747,3.96609953452,0.242167696714,0.246858048295,0,0.79474310395,4.89654791008,-0.361894106115,-0.35310709324
0.251,0.7950369142,0.305387510402,3.96863827435,0.241219795126,0.245919977979,0,0.795720406489,4.88651269141,-0.363625711927,-0.354864495815
0.2512,0.796013615113,0.30618174174,3.97115669022,0.240269981628,0.244979941408,0,0.796695696179,4.87644844902,-0.365352021994,-0.356616739037
0.2514,0.796988305595,0.306976472691,3.97365475519,0.239318267235,0.244037949452,0,0.797668967239,4.86635530404,-0.367073008965,-0.358363795629
0.2516,0.797960979874,0.307771699179,3.9761324426,0.238364662986,0.243094013009,0,0.798640213915,4.85623337809,-0.368788645475,-0.360105638296
0.2518,0.798931632206,0.308567417124,3.97858972599,0.237409179951,0.242148143004,0,0.799609430474,4.84608279327,-0.370498904145,-0.361842239732
0.252,0.799900256869,0.30936362244,3.98102657917,0.236451829228,0.241200350394,0,0.800576611208,4.83590367214,-0.372203757582,-0.363573572615
0.2522,0.800866848168,0.310160311035,3.98344297614,0.235492621941,0.240250646161,0,0.801541750436,4.82569613774,-0.373903178377,-0.365299609608
0.2524,0.80183140043,0.310957478814,3.98583889118,0.234531569246,0.239299041317,0,0.802504842498,4.81546031359,-0.375597139108,-0.367020323362
0.2526,0.802793908008,0.311755121673,3.98821429879,0.233568682326,0.238345546903,0,0.803465881763,4.80519632367,-0.37728561234,-0.368735686511
0.2528,0.80375436528,0.312553235508,3.99056917369,0.23260397239,0.237390173987,0,0.804424862622,4.79490429245,-0.37896857062,-0.370445671677
0.253,0.804712766649,0.313351816206,3.99290349086,0.231637450677,0.236432933668,0,0.805381779491,4.78458434484,-0.380645986484,-0.372150251465
0.2532,0.805669106543,0.314150859651,3.9952172255,0.230669128456,0.23547383707,0,0.806336626812,4.77423660627,-0.382317832452,-0.373849398469
0.2534,0.806623379414,0.314950361722,3.99751035307,0.229699017021,0.234512895347,0,0.807289399052,4.7638612026,-0.38398408103,-0.375543085266
0.2536,0.807575579741,0.315750318292,3.99978284926,0.228727127697,0.233550119682,0,0.808240090704,4.75345826019,-0.38564470471,-0.377231284418
0.2538,0.808525702027,0.31655072523,4.00203468997,0.227753471833,0.232585521285,0,0.809188696286,4.74302790586,-0.387299675968,-0.378913968477
0.254,0.8094737408,0.3173515784,4.00426585139,0.226778060811,0.231619111395,0,0.810135210339,4.73257026692,-0.388948967269,-0.380591109975
0.2542,0.810419690616,0.318152873662,4.0064763099,0.225800906038,0.230650901278,0,0.811079627433,4.72208547113,-0.390592551061,-0.382262681434
0.2544,0.811363546053,0.318954606871,4.00866604216,0.22482201895,0.22968090223,0,0.812021942162,4.71157364674,-0.392230399778,-0.383928655359
0.2546,0.812305301719,0.319756773876,4.01083502505,0.22384141101,0.228709125574,0,0.812962149147,4.70103492247,-0.393862485839,-0.385589004243
0.2548,0.813244952243,0.320559370523,4.01298323568,0.22285909371,0.227735582661,0,0.813900243032,4.6904694275,-0.395488781651,-0.387243700562
0.255,0.814182492284,0.321362392653,4.01511065144,0.221875078569,0.226760284871,0,0.814836218491,4.67987729151,-0.397109259605,-0.38889271678
0.2552,0.815117916525,0.322165836103,4.01721724992,0.220889377135,0.22578324361,0,0.81577007022,4.66925864463,-0.398723892078,-0.390536025345
0.2554,0.816051219674,0.322969696705,4.01930300898,0.219902000983,0.224804470315,0,0.816701792943,4.65861361747,-0.400332651431,-0.392173598692
0.2556,0.816982396468,0.323773970286,4.0213679067,0.218912961716,0.223823976449,0,0.817631381411,4.64794234111,-0.401935510014,-0.39380540924
0.2558,0.817911441669,0.32457865267,4.02341192143,0.217922270965,0.222841773502,0,0.818558830401,4.63724494712,-0.403532440161,-0.395431429395
0.256,0.818838350064,0.325383739677,4.02543503173,0.216929940389,0.221857872995,0,0.819484134714,4.62652156752,-0.40512341419,-0.397051631548
0.2562,0.819763116468,0.32618922712,4.02743721644,0.215935981674,0.220872286474,0,0.820407289181,4.61577233482,-0.406708404407,-0.398665988076
0.2564,0.820685735723,0.326995110811,4.02941845462,0.214940406533,0.219885025514,0,0.821328288658,4.60499738199,-0.408287383102,-0.400274471342
0.2566,0.821606202696,0.327801386556,4.03137872559,0.213943226709,0.218896101718,0,0.822247128026,4.59419684249,-0.409860322553,-0.401877053694
0.2568,0.822524512281,0.328608050158,4.03331800889,0.212944453971,0.217905526716,0,0.823163802196,4.58337085023,-0.411427195021,-0.403473707466
0.257,0.8234406594,0.329415097415,4.03523628432,0.211944100116,0.216913312167,0,0.824078306104,4.57251953962,-0.412987972754,-0.405064404977
0.2572,0.824354639001,0.330222524121,4.03713353195,0.210942176967,0.215919469757,0,0.824990634713,4.56164304553,-0.414542627986,-0.406649118532
0.2574,0.82526644606,0.331030326068,4.03900973205,0.209938696378,0.214924011199,0,0.825900783014,4.55074150329,-0.416091132935,-0.408227820423
0.2576,0.826176075579,0.331838499041,4.04086486518,0.208933670228,0.213926948235,0,0.826808746024,4.53981504873,-0.417633459807,-0.409800482925
0.2578,0.827083522588,0.332647038823,4.04269891211,0.207927110423,0.212928292633,0,0.827714518787,4.52886381814,-0.419169580791,-0.411367078302
0.258,0.827988782143,0.333455941194,4.04451185389,0.206919028898,0.211928056191,0,0.828618096377,4.51788794827,-0.420699468064,-0.4129275788
0.2582,0.828891849329,0.334265201928,4.04630367179,0.205909437615,0.210926250733,0,0.829519473892,4.50688757637,-0.422223093788,-0.414481956653
0.2584,0.829792719258,0.335074816798,4.04807434735,0.204898348563,0.209922888109,0,0.83041864646,4.49586284014,-0.42374043011,-0.41603018408
0.2586,0.830691387069,0.33588478157,4.04982386235,0.203885773758,0.2089179802,0,0.831315609236,4.48481387777,-0.425251449163,-0.417572233286
0.2588,0.83158784793,0.33669509201,4.05155219881,0.202871725246,0.207911538912,0,0.832210357401,4.47374082792,-0.426756123066,-0.419108076461
0.259,0.832482097035,0.337505743878,4.05325933901,0.201856215095,0.206903576178,0,0.833102886167,4.4626438297,-0.428254423922,-0.420637685782
0.2592,0.833374129606,0.338316732931,4.05494526549,0.200839255407,0.205894103962,0,0.833993190772,4.45152302274,-0.429746323823,-0.42216103341
0.2594,0.834263940896,0.339128054923,4.05660996101,0.199820858305,0.204883134251,0,0.834881266481,4.44037854709,-0.431231794844,-0.423678091493
0.2596,0.835151526182,0.339939705605,4.05825340862,0.198801035942,0.203870679062,0,0.83576710859,4.42921054332,-0.432710809046,-0.425188832163
0.2598,0.836036880772,0.340751680723,4.05987559158,0.1977798005,0.202856750438,0,0.83665071242,4.41801915244,-0.434183338476,-0.42669322754
0.26,0.83692,0.341563976022,4.06147649343,0.196757164185,0.20184136045,0,0.837532073324,4.40680451596,-0.435649355167,-0.428191249727
0.2602,0.837800879231,0.342376587241,4.06305609796,0.195733139231,0.200824521197,0,0.838411186679,4.39556677583,-0.437108831137,-0.429682870815
0.2604,0.838679513856,0.343189510119,4.0646143892,0.1947077379,0.199806244804,0,0.839288047894,4.38430607451,-0.438561738391,-0.431168062879
0.2606,0.839555899296,0.344002740389,4.06615135143,0.193680972481,0.198786543423,0,0.840162652405,4.37302255491,-0.440008048917,-0.432646797982
0.2608,0.840430031001,0.344816273783,4.06766696921,0.192652855289,0.197765429235,0,0.841034995677,4.36171636041,-0.441447734692,-0.434119048169
0.261,0.841301904447,0.345630106029,4.06916122732,0.191623398666,0.196742914446,0,0.841905073204,4.35038763488,-0.442880767676,-0.435584785473
0.2612,0.842171515142,0.346444232851,4.07063411081,0.190592614982,0.19571901129,0,0.842772880508,4.33903652266,-0.444307119816,-0.437043981914
0.2614,0.843038858622,0.347258649972,4.07208560498,0.189560516634,0.194693732028,0,0.843638413142,4.32766316856,-0.445726763044,-0.438496609494
0.2616,0.843903930451,0.348073353111,4.0735156954,0.188527116044,0.193667088949,0,0.844501666686,4.31626771786,-0.447139669278,-0.439942640204
0.2618,0.844766726223,0.348888337984,4.07492436787,0.187492425664,0.192639094368,0,0.845362636749,4.3048503163,-0.448545810423,-0.441382046019
0.262,0.84562724156,0.349703600306,4.07631160846,0.18645645797,0.191609760627,0,0.846221318971,4.29341111014,-0.449945158366,-0.4428147989
0.2622,0.846485472117,0.350519135787,4.07767740349,0.185419225466,0.190579100096,0,0.84707770902,4.28195024605,-0.451337684984,-0.444240870793
0.2624,0.847341413573,0.351334940135,4.07902173956,0.184380740683,0.18954712517,0,0.847931802594,4.27046787123,-0.452723362137,-0.445660233631
0.2626,0.84819506164,0.352151009055,4.08034460348,0.183341016179,0.188513848273,0,0.848783595421,4.25896413333,-0.454102161671,-0.447072859332
0.2628,0.849046412059,0.352967338252,4.08164598235,0.182300064538,0.187479281854,0,0.849633083257,4.24743918045,-0.455474055418,-0.4484787198
0.263,0.8498954606,0.353783923425,4.08292586353,0.18125789837,0.186443438391,0,0.850480261889,4.2358931612,-0.456839015196,-0.449877786924
0.2632,0.850742203064,0.354600760272,4.08418423462,0.180214530314,0.185406330386,0,0.851325127134,4.22432622465,-0.458197012808,-0.451270032578
0.2634,0.85158663528,0.355417844488,4.08542108349,0.179169973033,0.184367970372,0,0.852167674838,4.21273852035,-0.459548020044,-0.452655428624
0.2636,0.852428753109,0.356235171768,4.08663639825,0.17812423922,0.183328370904,0,0.853007900878,4.2011301983,-0.460892008678,-0.454033946908
0.2638,0.853268552441,0.357052737801,4.08783016731,0.177077341591,0.182287544567,0,0.85384580116,4.18950140899,-0.46222895047,-0.455405559262
0.264,0.854106029195,0.357870538277,4.08900237929,0.176029292891,0.181245503972,0,0.85468137162,4.1778523034,-0.463558817166,-0.456770237504
0.2642,0.854941179323,0.358688568882,4.09015302309,0.174980105889,0.180202261756,0,0.855514608227,4.16618303295,-0.464881580498,-0.458127953436
0.2644,0.855773998805,0.359506825299,4.09128208789,0.173929793385,0.179157830582,0,0.856345506977,4.15449374955,-0.466197212184,-0.459478678849
0.2646,0.856604483653,0.360325303212,4.0923895631,0.172878368201,0.178112223143,0,0.857174063898,4.14278460559,-0.467505683926,-0.460822385516
0.2648,0.857432629907,0.3611439983,4.09347543841,0.171825843187,0.177065452155,0,0.858000275049,4.13105575392,-0.468806967414,-0.462159045198
0.265,0.858258433642,0.361962906241,4.09453970375,0.170772231221,0.176017530361,0,0.858824136518,4.11930734788,-0.47010103432,-0.463488629641
0.2652,0.859081890959,0.36278202271,4.09558234934,0.169717545205,0.174968470533,0,0.859645644427,4.10753954126,-0.471387856307,-0.464811110577
0.2654,0.859902997993,0.363601343384,4.09660336564,0.168661798069,0.173918285468,0,0.860464794924,4.09575248834,-0.472667405018,-0.466126459723
0.2656,0.860721750909,0.364420863932,4.09760274338,0.167605002768,0.172866987988,0,0.861281584193,4.08394634387,-0.473939652087,-0.467434648782
0.2658,0.861538145902,0.365240580027,4.09858047355,0.166547172285,0.171814590944,0,0.862096008446,4.07212126307,-0.475204569129,-0.468735649443
0.266,0.8623521792,0.366060487336,4.09953654741,0.165488319628,0.170761107212,0,0.862908063926,4.06027740165,-0.476462127747,-0.47002943338
0.2662,0.86316384706,0.366880581528,4.10047095648,0.164428457832,0.169706549695,0,0.863717746909,4.04841491576,-0.477712299531,-0.471315972254
0.2664,0.863973145773,0.367700858266,4.10138369253,0.163367599958,0.168650931323,0,0.864525053702,4.03653396206,-0.478955056054,-0.472595237709
0.2666,0.864780071658,0.368521313216,4.10227474762,0.162305759093,0.16759426505,0,0.865329980641,4.02463469765,-0.480190368875,-0.473867201378
0.2668,0.865584621068,0.369341942039,4.10314411404,0.161242948351,0.166536563858,0,0.866132524097,4.01271728014,-0.481418209541,-0.475131834877
0.267,0.866386790388,0.370162740395,4.10399178439,0.16017918087,0.165477840757,0,0.866932680471,4.00078186757,-0.482638549582,-0.47638910981
0.2672,0.867186576032,0.370983703946,4.1048177515,0.159114469818,0.16441810878,0,0.867730446194,3.9888286185,-0.483851360515,-0.477638997764
0.2674,0.867983974448,0.371804828347,4.10562200847,0.158048828385,0.163357380987,0,0.868525817733,3.97685769192,-0.485056613843,-0.478881470315
0.2676,0.868778982115,0.372626109257,4.10640454867,0.156982269789,0.162295670467,0,0.869318791582,3.96486924732,-0.486254281054,-0.48011649902
0.2678,0.869571595544,0.37344754233,4.10716536575,0.155914807276,0.161232990331,0,0.870109364271,3.95286344467,-0.487444333622,-0.481344055427
0.268,0.870361811279,0.374269123221,4.1079044536,0.154846454113,0.16016935372,0,0.87089753236,3.94084044438,-0.488626743006,-0.482564111066
0.2682,0.871149625894,0.375090847582,4.10862180641,0.153777223599,0.159104773799,0,0.871683292442,3.92880040736,-0.489801480651,-0.483776637454
0.2684,0.871935035998,0.375912711066,4.1093174186,0.152707129054,0.158039263759,0,0.872466641141,3.916743495,-0.490968517988,-0.484981606093
0.2686,0.87271803823,0.376734709323,4.10999128488,0.151636183827,0.156972836818,0,0.873247575114,3.90466986913,-0.492127826435,-0.486178988472
0.2688,0.873498629262,0.377556838003,4.11064340024,0.150564401291,0.15590550622,0,0.874026091053,3.89257969209,-0.493279377392,-0.487368756065
0.269,0.8742768058,0.378379092755,4.1112737599,0.149491794847,0.154837285234,0,0.874802185678,3.88047312667,-0.494423142248,-0.48855088033
0.2692,0.87505256458,0.379201469227,4.11188235939,0.148418377921,0.153768187157,0,0.875575855745,3.86835033614,-0.495559092377,-0.489725332714
0.2694,0.875825902374,0.380023963066,4.11246919448,0.147344163963,0.152698225309,0,0.876347098042,3.85621148424,-0.496687199138,-0.490892084647
0.2696,0.876596815983,0.380846569918,4.11303426122,0.146269166451,0.15162741304,0,0.877115909389,3.8440567352,-0.497807433876,-0.492051107545
0.2698,0.877365302243,0.381669285429,4.11357755594,0.145193398889,0.150555763722,0,0.87788228664,3.8318862537,-0.498919767921,-0.493202372811
0.27,0.878131358025,0.382492105244,4.11409907522,0.144116874805,0.149483290756,0,0.878646226681,3.81970020491,-0.500024172589,-0.494345851833
0.2702,0.878894980229,0.383315025007,4.11459881593,0.143039607754,0.148410007565,0,0.879407726432,3.80749875447,-0.501120619184,-0.495481515984
0.2704,0.87965616579,0.384138040362,4.11507677519,0.141961611317,0.147335927603,0,0.880166782846,3.79528206849,-0.502209078992,-0.496609336624
0.2706,0.880414911678,0.384961146953,4.11553295041,0.1408828991,0.146261064346,0,0.880923392908,3.78305031354,-0.503289523286,-0.497729285098
0.2708,0.881171214893,0.38578434042,4.11596733927,0.139803484735,0.145185431297,0,0.88167755364,3.7708036567,-0.504361923327,-0.498841332735
0.271,0.881925072472,0.386607616408,4.1163799397,0.138723381879,0.144109041984,0,0.882429262093,3.75854226549,-0.505426250358,-0.499945450854
0.2712,0.882676481482,0.387430970558,4.11677074994,0.137642604215,0.143031909963,0,0.883178515354,3.74626630791,-0.50648247561,-0.501041610754
0.2714,0.883425439027,0.388254398512,4.11713976847,0.136561165453,0.141954048814,0,0.883925310545,3.73397595246,-0.507530570299,-0.502129783726
0.2716,0.884171942243,0.389077895911,4.11748699405,0.135479079326,0.140875472142,0,0.884669644818,3.72167136806,-0.508570505627,-0.50320994104
0.2718,0.884915988299,0.389901458396,4.11781242572,0.134396359595,0.139796193579,0,0.885411515363,3.70935272416,-0.509602252781,-0.504282053958
0.272,0.8856575744,0.390725081609,4.1181160628,0.133313020044,0.138716226782,0,0.886150919401,3.69702019065,-0.510625782935,-0.505346093722
0.2722,0.886396697784,0.39154876119,4.11839790487,0.132229074486,0.137635585434,0,0.886887854189,3.68467393791,-0.511641067247,-0.506402031565
0.2724,0.887133355723,0.39237249278,4.1186579518,0.131144536755,0.136554283245,0,0.887622317016,3.67231413677,-0.512648076862,-0.507449838701
0.2726,0.887867545523,0.393196272021,4.1188962037,0.130059420714,0.135472333947,0,0.888354305208,3.65994095856,-0.513646782911,-0.508489486334
0.2728,0.888599264526,0.394020094553,4.11911266101,0.128973740251,0.1343897513,0,0.889083816123,3.64755457507,-0.514637156508,-0.509520945649
0.273,0.889328510106,0.394843956018,4.11930732439,0.127887509278,0.13330654909,0,0.889810847155,3.63515515857,-0.515619168755,-0.510544187821
0.2732,0.890055279673,0.395667852057,4.11948019482,0.126800741733,0.132222741128,0,0.890535395731,3.6227428818,-0.516592790741,-0.511559184008
0.2734,0.890779570672,0.396491778311,4.11963127353,0.125713451579,0.131138341249,0,0.891257459315,3.61031791796,-0.517557993537,-0.512565905354
0.2736,0.891501380581,0.397315730424,4.11976056203,0.124625652806,0.130053363315,0,0.891977035403,3.59788044075,-0.518514748202,-0.513564322991
0.2738,0.892220706914,0.398139704036,4.11986806212,0.123537359427,0.128967821213,0,0.892694121528,3.58543062433,-0.519463025782,-0.514554408033
0.274,0.89293754722,0.398963694791,4.11995377586,0.122448585481,0.127881728856,0,0.893408715256,3.57296864332,-0.520402797305,-0.515536131583
0.2742,0.893651899082,0.399787698332,4.1200177056,0.121359345034,0.126795100181,0,0.894120814191,3.56049467284,-0.521334033788,-0.516509464727
0.2744,0.89436376012,0.400611710303,4.12005985396,0.120269652175,0.125707949152,0,0.894830415969,3.54800888846,-0.522256706231,-0.517474378539
0.2746,0.895073127987,0.401435726348,4.12008022384,0.119179521019,0.124620289756,0,0.895537518262,3.53551146625,-0.523170785623,-0.518430844078
0.2748,0.895780000372,0.402259742112,4.12007881842,0.118088965707,0.123532136009,0,0.896242118778,3.52300258272,-0.524076242935,-0.519378832387
0.275,0.896484375,0.40308375324,4.12005564117,0.116998000403,0.122443501948,0,0.896944215261,3.51048241488,-0.524973049127,-0.520318314497
0.2752,0.897186249631,0.403907755379,4.12001069582,0.115906639299,0.121354401639,0,0.897643805489,3.49795114021,-0.525861175142,-0.521249261423
0.2754,0.897885622061,0.404731744176,4.11994398639,0.11481489661,0.120264849171,0,0.898340887277,3.48540893664,-0.52674059191,-0.522171644166
0.2756,0.89858249012,0.40555571528,4.11985551717,0.113722786577,0.119174858659,0,0.899035458473,3.4728559826,-0.527611270347,-0.523085433715
0.2758,0.899276851676,0.406379664338,4.11974529274,0.112630323465,0.118084444243,0,0.899727516965,3.46029245699,-0.528473181354,-0.523990601042
0.276,0.899968704632,0.407203587002,4.11961331797,0.111537521566,0.116993620087,0,0.900417060673,3.44771853918,-0.529326295818,-0.524887117104
0.2762,0.900658046926,0.408027478922,4.11945959798,0.110444395195,0.115902400383,0,0.901104087554,3.43513440899,-0.530170584612,-0.525774952847
0.2764,0.901344876533,0.408851335749,4.11928413821,0.109350958693,0.114810799345,0,0.901788595604,3.42254024677,-0.531006018594,-0.5266540792
0.2766,0.902029191464,0.409675153138,4.11908694435,0.108257226427,0.113718831215,0,0.90247058285,3.40993623328,-0.531832568607,-0.527524467079
0.2768,0.902710989767,0.410498926743,4.11886802239,0.107163212786,0.112626510257,0,0.90315004736,3.39732254979,-0.532650205482,-0.528386087384
0.277,0.903390269523,0.411322652218,4.11862737859,0.106068932187,0.111533850763,0,0.903826987236,3.38469937804,-0.533458900034,-0.529238911004
0.2772,0.904067028855,0.412146325222,4.11836501951,0.10497439907,0.110440867048,0,0.904501400616,3.37206690024,-0.534258623064,-0.53008290881
0.2774,0.904741265917,0.412969941413,4.11808095197,0.103879627902,0.109347573452,0,0.905173285676,3.35942529906,-0.535049345359,-0.530918051661
0.2776,0.905412978902,0.413793496449,4.11777518308,0.102784633171,0.108253984342,0,0.905842640627,3.34677475767,-0.535831037691,-0.5317443104
0.2778,0.906082166041,0.414616985993,4.11744772025,0.101689429394,0.107160114108,0,0.906509463719,3.3341154597,-0.536603670819,-0.532561655859
0.278,0.9067488256,0.415440405707,4.11709857116,0.10059403111,0.106065977165,0,0.907173753237,3.32144758925,-0.537367215486,-0.533370058851
0.2782,0.907412955882,0.416263751256,4.11672774378,0.0994984528847,0.104971587954,0,0.907835507503,3.30877133089,-0.538121642422,-0.534169490178
0.2784,0.908074555227,0.417087018305,4.11633524635,0.0984027093071,0.10387696094,0,0.908494724877,3.29608686968,-0.538866922342,-0.534959920627
0.2786,0.908733622013,0.417910202523,4.11592108742,0.0973068149917,0.102782110614,0,0.909151403755,3.28339439114,-0.539603025947,-0.53574132097
0.2788,0.909390154654,0.418733299578,4.1154852758,0.0962107845776,0.101687051489,0,0.909805542572,3.27069408127,-0.540329923924,-0.536513661965
0.279,0.910044151602,0.419556305142,4.11502782059,0.0951146327285,0.100591798107,0,0.910457139797,3.25798612653,-0.541047586945,-0.537276914357
0.2792,0.910695611347,0.420379214889,4.1145487312,0.0940183741327,0.0994963650312,0,0.91110619394,3.24527071388,-0.541755985668,-0.538031048875
0.2794,0.911344532414,0.421202024492,4.1140480173,0.0929220235035,0.0984007668515,0,0.911752703546,3.23254803072,-0.542455090737,-0.538776036233
0.2796,0.911990913368,0.42202472963,4.11352568885,0.0918255955784,0.0973050181819,0,0.912396667199,3.21981826496,-0.543144872781,-0.539511847134
0.2798,0.912634752811,0.422847325981,4.11298175611,0.0907291051199,0.0962091336612,0,0.91303808352,3.20708160496,-0.543825302416,-0.540238452263
0.28,0.913276049383,0.423669809227,4.11241622962,0.0896325669148,0.095113127953,0,0.913676951168,3.19433823955,-0.544496350241,-0.540955822294
0.2802,0.91391480176,0.424492175051,4.11182912019,0.0885359957746,0.0940170157453,0,0.914313268839,3.18158835805,-0.545157986845,-0.541663927883
0.2804,0.914551008657,0.425314419139,4.11122043896,0.0874394065353,0.0929208117512,0,0.914947035269,3.16883215024,-0.545810182798,-0.542362739676
0.2806,0.915184668829,0.426136537178,4.11059019731,0.0863428140574,0.091824530708,0,0.915578249231,3.15606980638,-0.54645290866,-0.5430522283
0.2808,0.915815781067,0.42695852486,4.10993840694,0.085246233226,0.0907281873779,0,0.916206909534,3.14330151721,-0.547086134973,-0.543732364372
0.281,0.9164443442,0.427780377876,4.10926507982,0.0841496789505,0.0896317965475,0,0.916833015029,3.13052747393,-0.547709832266,-0.544403118492
0.2812,0.917070357096,0.428602091921,4.10857022824,0.083053166165,0.0885353730281,0,0.917456564603,3.11774786822,-0.548323971056,-0.545064461247
0.2814,0.917693818662,0.429423662694,4.10785386473,0.0819567098277,0.0874389316555,0,0.918077557181,3.10496289224,-0.548928521842,-0.545716363209
0.2816,0.918314727842,0.430245085895,4.10711600216,0.0808603249215,0.0863424872899,0,0.918695991729,3.0921727386,-0.549523455111,-0.546358794935
0.2818,0.91893308362,0.431066357225,4.10635665365,0.0797640264536,0.0852460548162,0,0.919311867249,3.07937760042,-0.550108741335,-0.546991726971
0.282,0.919548885017,0.431887472392,4.10557583265,0.0786678294554,0.0841496491437,0,0.919925182783,3.06657767126,-0.550684350972,-0.547615129843
0.2822,0.920162131096,0.432708427102,4.10477355285,0.077571748983,0.0830532852061,0,0.920535937412,3.05377314518,-0.551250254465,-0.548228974069
0.2824,0.920772820955,0.433529217068,4.10394982828,0.0764758001165,0.0819569779615,0,0.921144130255,3.04096421669,-0.551806422245,-0.548833230148
0.2826,0.921380953733,0.434349838003,4.10310467323,0.0753799979605,0.0808607423925,0,0.921749760472,3.02815108079,-0.552352824724,-0.549427868568
0.2828,0.921986528608,0.435170285623,4.10223810229,0.0742843576436,0.0797645935061,0,0.922352827258,3.01533393294,-0.552889432305,-0.550012859799
0.283,0.922589544798,0.435990555649,4.10135013036,0.0731888943191,0.0786685463336,0,0.922953329852,3.0025129691,-0.553416215373,-0.5505881743
0.2832,0.923190001557,0.436810643804,4.1004407726,0.0720936231641,0.0775726159307,0,0.923551267529,2.98968838567,-0.553933144301,-0.551153782515
0.2834,0.923787898182,0.437630545813,4.09951004448,0.0709985593801,0.0764768173774,0,0.924146639605,2.97686037954,-0.554440189446,-0.551709654872
0.2836,0.924383234008,0.438450257405,4.09855796177,0.069903718193,0.0753811657779,0,0.924739445435,2.96402914807,-0.554937321152,-0.552255761787
0.2838,0.924976008409,0.439269774313,4.09758454052,0.0688091148524,0.0742856762609,0,0.925329684413,2.95119488911,-0.555424509748,-0.55279207366
0.284,0.9255662208,0.440089092272,4.09658979708,0.0677147646325,0.0731903639792,0,0.925917355973,2.93835780096,-0.555901725548,-0.553318560878
0.2842,0.926153870634,0.440908207022,4.09557374808,0.0666206828314,0.0720952441099,0,0.926502459589,2.9255180824,-0.556368938854,-0.553835193812
0.2844,0.926738957405,0.441727114304,4.09453641047,0.0655268847714,0.0710003318542,0,0.927084994776,2.9126759327,-0.556826119951,-0.55434194282
0.2846,0.927321480647,0.442545809865,4.09347780147,0.0644333857987,0.0699056424376,0,0.927664961086,2.89983155157,-0.557273239111,-0.554838778246
0.2848,0.927901439933,0.443364289452,4.09239793861,0.0633402012839,0.0688111911098,0,0.928242358114,2.88698513924,-0.557710266593,-0.555325670419
0.285,0.928478834877,0.44418254882,4.09129683971,0.0622473466214,0.0677169931447,0,0.928817185493,2.87413689636,-0.558137172639,-0.555802589654
0.2852,0.929053665133,0.445000583725,4.09017452289,0.0611548372296,0.06662306384,0,0.929389442898,2.8612870241,-0.558553927478,-0.556269506251
0.2854,0.929625930395,0.445818389926,4.08903100654,0.060062688551,0.0655294185179,0,0.929959130043,2.84843572407,-0.558960501326,-0.556726390496
0.2856,0.930195630398,0.446635963188,4.08786630939,0.0589709160522,0.0644360725245,0,0.930526246682,2.83558319838,-0.559356864382,-0.557173212662
0.2858,0.930762764917,0.447453299278,4.08668045043,0.0578795352235,0.0633430412301,0,0.931090792612,2.8227296496,-0.559742986834,-0.557609943006
0.286,0.931327333768,0.448270393968,4.08547344896,0.0567885615794,0.0622503400288,0,0.931652767669,2.80987528078,-0.560118838852,-0.558036551772
0.2862,0.931889336807,0.449087243033,4.08424532458,0.0556980106581,0.0611579843389,0,0.932212171728,2.79702029543,-0.560484390595,-0.558453009188
0.2864,0.932448773931,0.449903842252,4.08299609717,0.0546078980218,0.0600659896027,0,0.932769004707,2.78416489754,-0.560839612205,-0.558859285469
0.2866,0.933005645078,0.45072018741,4.08172578694,0.0535182392566,0.0589743712865,0,0.933323266565,2.77130929159,-0.561184473812,-0.559255350816
0.2868,0.933559950228,0.451536274292,4.08043441437,0.0524290499725,0.0578831448806,0,0.933874957302,2.7584536825,-0.561518945531,-0.559641175416
0.287,0.9341116894,0.452352098692,4.07912200023,0.0513403458032,0.0567923258989,0,0.934424076957,2.7455982757,-0.561842997461,-0.560016729439
0.2872,0.934660862655,0.453167656406,4.07778856563,0.0502521424063,0.0557019298798,0,0.934970625613,2.73274327708,-0.56215659969,-0.560381983043
0.2874,0.935207470097,0.453982943232,4.07643413194,0.0491644554632,0.0546119723851,0,0.935514603391,2.71988889298,-0.562459722288,-0.560736906372
0.2876,0.935751511867,0.454797954976,4.07505872084,0.0480773006791,0.0535224690007,0,0.936056010457,2.70703533026,-0.562752335313,-0.561081469556
0.2878,0.936292988153,0.455612687447,4.07366235432,0.046990693783,0.0524334353364,0,0.936594847016,2.6941827962,-0.56303440881,-0.561415642707
0.288,0.93683189918,0.456427136458,4.07224505464,0.0459046505275,0.0513448870257,0,0.937131113316,2.68133149861,-0.563305912806,-0.561739395928
0.2882,0.937368245217,0.457241297827,4.07080684441,0.0448191866889,0.0502568397261,0,0.937664809645,2.66848164572,-0.563566817316,-0.562052699303
0.2884,0.937902026574,0.458055167376,4.06934774648,0.0437343180675,0.0491693091186,0,0.938195936335,2.65563344628,-0.563817092341,-0.562355522906
0.2886,0.938433243603,0.458868740933,4.06786778405,0.0426500604869,0.0480823109084,0,0.938724493756,2.64278710947,-0.564056707866,-0.562647836793
0.2888,0.938961896698,0.459682014329,4.0663669806,0.0415664297946,0.0469958608241,0,0.939250482325,2.62994284499,-0.564285633864,-0.562929611007
0.289,0.939487986294,0.460494983401,4.0648453599,0.0404834418616,0.0459099746182,0,0.939773902498,2.61710086297,-0.564503840292,-0.563200815579
0.2892,0.940011512869,0.46130764399,4.06330294605,0.0394011125827,0.0448246680669,0,0.940294754773,2.60426137404,-0.564711297094,-0.563461420521
0.2894,0.940532476944,0.462119991943,4.06173976342,0.0383194578761,0.0437399569701,0,0.940813039691,2.5914245893,-0.564907974197,-0.563711395836
0.2896,0.94105087908,0.46293202311,4.0601558367,0.0372384936837,0.0426558571513,0,0.941328757835,2.57859072032,-0.565093841518,-0.563950711508
0.2898,0.941566719883,0.463743733348,4.05855119089,0.0361582359709,0.0415723844578,0,0.941841909831,2.56575997913,-0.565268868956,-0.56417933751
0.29,0.94208,0.464555118519,4.05692585127,0.0350787007266,0.0404895547604,0,0.942352496346,2.55293257827,-0.565433026397,-0.564397243799
0.2902,0.94259072012,0.465366174487,4.05527984344,0.0339999039634,0.0394073839536,0,0.942860518092,2.54010873072,-0.565586283713,-0.564604400319
0.2904,0.943098880977,0.466176897126,4.05361319329,0.0329218617173,0.0383258879556,0,0.943365975822,2.52728864994,-0.565728610761,-0.564800776998
0.2906,0.943604483344,0.466987282311,4.05192592703,0.0318445900476,0.0372450827079,0,0.943868870332,2.51447254987,-0.565859977386,-0.56498634375
0.2908,0.944107528041,0.467797325926,4.05021807116,0.0307681050374,0.0361649841759,0,0.944369202461,2.50166064493,-0.565980353415,-0.565161070477
0.291,0.944608015928,0.468607023856,4.04848965248,0.029692422793,0.0350856083482,0,0.944866973091,2.48885315001,-0.566089708663,-0.565324927065
0.2912,0.94510594791,0.469416371996,4.04674069812,0.0286175594442,0.0340069712372,0,0.945362183147,2.47605028045,-0.566188012931,-0.565477883384
0.2914,0.945601324934,0.470225366243,4.04497123547,0.0275435311442,0.0329290888786,0,0.945854833598,2.46325225209,-0.566275236004,-0.565619909294
0.2916,0.946094147989,0.471034002501,4.04318129228,0.0264703540696,0.0318519773317,0,0.946344925454,2.45045928125,-0.566351347655,-0.565750974636
0.2918,0.946584418111,0.471842276681,4.04137089656,0.0253980444203,0.0307756526793,0,0.946832459771,2.4376715847,-0.566416317641,-0.56587104924
0.292,0.947072136375,0.472650184696,4.03954007664,0.0243266184197,0.0297001310275,0,0.947317437647,2.42488937969,-0.566470115705,-0.56598010292
0.2922,0.947557303904,0.473457722468,4.03768886116,0.0232560923143,0.0286254285059,0,0.947799860224,2.41211288395,-0.566512711576,-0.566078105477
0.2924,0.948039921861,0.474264885924,4.03581727907,0.0221864823741,0.0275515612676,0,0.948279728687,2.39934231569,-0.566544074968,-0.566165026697
0.2926,0.948519991454,0.475071670996,4.03392535962,0.0211178048923,0.0264785454889,0,0.948757044266,2.38657789357,-0.566564175583,-0.566240836351
0.2928,0.948997513935,0.475878073622,4.03201313235,0.0200500761854,0.0254063973696,0,0.949231808233,2.37381983675,-0.566572983105,-0.566305504197
0.293,0.9494724906,0.476684089748,4.03008062713,0.0189833125932,0.0243351331327,0,0.949704021906,2.36106836485,-0.566570467207,-0.566358999979
0.2932,0.949944922789,0.477489715323,4.02812787413,0.0179175304786,0.0232647690248,0,0.950173686646,2.34832369796,-0.566556597547,-0.566401293425
0.2934,0.950414811885,0.478294946303,4.02615490384,0.0168527462279,0.0221953213156,0,0.950640803857,2.33558605666,-0.566531343767,-0.566432354249
0.2936,0.950882159317,0.479099778653,4.02416174702,0.0157889762504,0.0211268062981,0,0.951105374989,2.32285566198,-0.566494675496,-0.566452152153
0.2938,0.951346966557,0.47990420834,4.02214843478,0.0147262369787,0.0200592402885,0,0.951567401536,2.31013273545,-0.566446562349,-0.566460656821
0.294,0.951809235121,0.48070823134,4.02011499851,0.0136645448685,0.0189926396266,0,0.952026885036,2.29741749905,-0.566386973927,-0.566457837927
0.2942,0.952268966571,0.481511843633,4.01806146992,0.0126039163987,0.0179270206749,0,0.952483827071,2.28471017524,-0.566315879814,-0.566443665127
0.2944,0.952726162512,0.48231504121,4.01598788104,0.0115443680712,0.0168623998197,0,0.952938229269,2.27201098698,-0.566233249584,-0.566418108064
0.2946,0.953180824595,0.483117820063,4.01389426418,0.0104859164113,0.01579879347,0,0.9533900933,2.25932015766,-0.566139052794,-0.566381136368
0.2948,0.953632954515,0.483920176193,4.01178065198,0.00942857796693,0.0147362180583,0,0.953839420882,2.24663791117,-0.566033258986,-0.566332719653
0.295,0.954082554012,0.484722105608,4.00964707739,0.00837236930947,0.01367469004,0,0.954286213777,2.23396447187,-0.56591583769,-0.56627282752
0.2952,0.954529624871,0.485523604323,4.00749357366,0.00731730703318,0.0126142258939,0,0.95473047379,2.2213000646,-0.565786758421,-0.566201429554
0.2954,0.954974168921,0.486324668358,4.00532017436,0.00626340775538,0.0115548421217,0,0.955172202773,2.20864491465,-0.565645990678,-0.566118495327
0.2956,0.955416188039,0.487125293741,4.00312691336,0.00521068811639,0.0104965552485,0,0.955611402622,2.19599924782,-0.565493503948,-0.566023994398
0.2958,0.955855684143,0.487925476506,4.00091382485,0.00415916477954,0.00943938182206,0,0.95604807528,2.18336329034,-0.565329267703,-0.565917896308
0.296,0.9562926592,0.488725212694,3.99868094332,0.00310885443112,0.00838333841355,0,0.956482222734,2.17073726896,-0.565153251399,-0.565800170587
0.2962,0.956727115221,0.489524498355,3.99642830359,0.0020597737804,0.00732844161707,0,0.956913847016,2.15812141086,-0.564965424481,-0.565670786749
0.2964,0.957159054262,0.490323329543,3.99415594077,0.00101193955956,0.00627470804973,0,0.957342950205,2.14551594373,-0.564765756378,-0.565529714296
0.2966,0.957588478426,0.491121702321,3.99186389029,-3.4631476283e-05,0.0052221543517,0,0.957769534424,2.13292109571,-0.564554216503,-0.565376922712
0.2968,0.95801538986,0.491919612759,3.9895521879,-0.0010799225491,0.0041707971861,0,0.958193601843,2.12033709542,-0.564330774257,-0.56521238147
0.297,0.958439790758,0.492717056933,3.98722086965,-0.00212391685803,0.00312065323906,0,0.958615154678,2.10776417196,-0.564095399027,-0.565036060028
0.2972,0.95886168336,0.493514030927,3.98486997191,-0.00316659757925,0.00207173921964,0,0.959034195189,2.0952025549,-0.563848060185,-0.564847927828
0.2974,0.959281069951,0.494310530833,3.98249953137,-0.00420794786618,0.00102407185987,0,0.959450725683,2.08265247428,-0.563588727087,-0.564647954299
0.2976,0.959697952862,0.49510655275,3.98010958501,-0.00524795084936,-2.23320853444e-05,0,0.959864748515,2.07011416062,-0.563317369077,-0.564436108857
0.2978,0.960112334472,0.495902092784,3.97770017014,-0.00628658963652,-0.00106745583815,0,0.960276266084,2.05758784491,-0.563033955484,-0.564212360901
0.298,0.960524217205,0.496697147049,3.97527132439,-0.00732384731261,-0.00211128259782,0,0.960685280836,2.0450737586,-0.562738455623,-0.563976679817
0.2982,0.960933603531,0.497491711666,3.97282308568,-0.00835970693979,-0.00315379554078,0,0.961091795263,2.03257213365,-0.562430838794,-0.563729034978
0.2984,0.961340495966,0.498285782765,3.97035549227,-0.00939415155747,-0.00419497782058,0,0.961495811903,2.02008320245,-0.562111074284,-0.563469395742
0.2986,0.961744897075,0.499079356481,3.96786858273,-0.0104271641823,-0.00523481256796,0,0.961897333343,2.0076071979,-0.561779131363,-0.56319773145
0.2988,0.962146809467,0.499872428961,3.96536239592,-0.0114587278082,-0.00627328289083,0,0.962296362214,1.99514435336,-0.561434979291,-0.562914011433
0.299,0.9625462358,0.500664996355,3.96283697104,-0.0124888254064,-0.00731037187431,0,0.962692901194,1.98269490264,-0.56107858731,-0.562618205004
0.2992,0.962943178776,0.501457054824,3.96029234761,-0.0135174399255,-0.00834606258073,0,0.96308695301,1.97025908007,-0.560709924648,-0.562310281465
0.2994,0.963337641147,0.502248600537,3.95772856544,-0.0145445542913,-0.00938033804969,0,0.963478520434,1.95783712042,-0.560328960522,-0.561990210102
0.2996,0.963729625711,0.50303962967,3.95514566468,-0.015570151407,-0.010413181298,0,0.963867606286,1.94542925895,-0.559935664131,-0.561657960186
0.2998,0.964119135311,0.503830138408,3.95254368577,-0.0165942141532,-0.0114445753198,0,0.964254213432,1.93303573137,-0.559530004661,-0.561313500975
0.3,0.96450617284,0.504620122941,3.9499226695,-0.0176167253878,-0.0124745030865,0,0.964638344787,1.9206567739,-0.559111951285,-0.560956801712
0.3002,0.964890741237,0.505409579473,3.94728265694,-0.0186376679461,-0.0135029475467,0,0.965020003312,1.9082926232,-0.55868147316,-0.560587831627
0.3004,0.965272843488,0.506198504211,3.94462368952,-0.019657024641,-0.0145298916266,0,0.965399192015,1.89594351643,-0.55823853943,-0.560206559933
0.3006,0.965652482629,0.506986893373,3.94194580894,-0.0206747782626,-0.0155553182295,0,0.965775913953,1.8836096912,-0.557783119223,-0.559812955833
0.3008,0.966029661741,0.507774743184,3.93924905725,-0.0216909115785,-0.0165792102361,0,0.96615017223,1.87129138562,-0.557315181654,-0.559406988511
0.301,0.966404383953,0.508562049879,3.9365334768,-0.0227054073339,-0.0176015505046,0,0.966521969998,1.85898883824,-0.556834695825,-0.558988627139
0.3012,0.966776652443,0.509348809701,3.93379911028,-0.0237182482512,-0.0186223218705,0,0.966891310456,1.84670228812,-0.55634163082,-0.558557840877
0.3014,0.967146470435,0.510135018902,3.93104600067,-0.0247294170307,-0.0196415071466,0,0.967258196851,1.83443197477,-0.555835955713,-0.558114598865
0.3016,0.967513841203,0.51092067374,3.92827419129,-0.0257388963498,-0.0206590891234,0,0.967622632478,1.82217813818,-0.55531763956,-0.557658870235
0.3018,0.967878768068,0.511705770485,3.92548372576,-0.0267466688636,-0.0216750505687,0,0.967984620682,1.80994101882,-0.554786651406,-0.5571906241
0.302,0.9682412544,0.512490305415,3.92267464804,-0.027752717205,-0.0226893742277,0,0.968344164854,1.79772085762,-0.55424296028,-0.556709829561
0.3022,0.968601303616,0.513274274815,3.9198470024,-0.028757023984,-0.0237020428231,0,0.968701268433,1.78551789599,-0.553686535195,-0.556216455705
0.3024,0.968958919181,0.514057674982,3.91700083342,-0.0297595717885,-0.0247130390553,0,0.969055934908,1.77333237582,-0.553117345154,-0.555710471603
0.3026,0.969314104611,0.514840502219,3.914136186,-0.030760343184,-0.025722345602,0,0.969408167816,1.76116453947,-0.552535359141,-0.555191846313
0.3028,0.969666863469,0.51562275284,3.91125310539,-0.0317593207134,-0.0267299451184,0,0.969757970742,1.74901462977,-0.55194054613,-0.554660548879
0.303,0.970017199365,0.516404423167,3.90835163712,-0.0327564868974,-0.0277358202374,0,0.97010534732,1.73688289002,-0.551332875079,-0.554116548329
0.3032,0.970365115961,0.517185509533,3.90543182707,-0.0337518242344,-0.0287399535694,0,0.970450301233,1.72476956401,-0.550712314929,-0.553559813679
0.3034,0.970710616966,0.517966008277,3.90249372142,-0.0347453152002,-0.0297423277024,0,0.970792836212,1.712674896,-0.550078834612,-0.552990313929
0.3036,0.971053706137,0.51874591575,3.89953736668,-0.0357369422487,-0.030742925202,0,0.971132956038,1.7005991307,-0.549432403041,-0.552408018066
0.3038,0.971394387282,0.519525228312,3.89656280969,-0.036726687811,-0.0317417286113,0,0.971470664541,1.68854251332,-0.548772989118,-0.551812895061
0.304,0.971732664257,0.520303942332,3.89357009759,-0.0377145342964,-0.0327387204512,0,0.971805965599,1.67650528953,-0.548100561729,-0.551204913872
0.3042,0.972068540967,0.521082054187,3.89055927787,-0.0387004640915,-0.0337338832203,0,0.97213886314,1.66448770549,-0.547415089745,-0.550584043443
0.3044,0.972402021368,0.521859560267,3.88753039832,-0.0396844595609,-0.0347271993945,0,0.972469361141,1.65249000781,-0.546716542026,-0.549950252704
0.3046,0.972733109463,0.522636456969,3.88448350705,-0.0406665030471,-0.0357186514278,0,0.97279746363,1.6405124436,-0.546004887414,-0.549303510568
0.3048,0.973061809306,0.523412740699,3.88141865251,-0.0416465768699,-0.0367082217516,0,0.973123174682,1.62855526041,-0.545280094738,-0.548643785937
0.305,0.973388125,0.524188407876,3.87833588346,-0.0426246633274,-0.0376958927753,0,0.973446498423,1.6166187063,-0.544542132815,-0.547971047698
0.3052,0.973712060698,0.524963454926,3.87523524899,-0.0436007446953,-0.0386816468857,0,0.973767439029,1.60470302978,-0.543790970444,-0.547285264721
0.3054,0.974033620604,0.525737878285,3.87211679852,-0.044574803227,-0.0396654664476,0,0.974086000725,1.59280847985,-0.543026576412,-0.546586405866
0.3056,0.974352808968,0.526511674402,3.86898058176,-0.0455468211539,-0.0406473338035,0,0.974402187786,1.58093530596,-0.542248919492,-0.545874439975
0.3058,0.974669630095,0.527284839731,3.86582664879,-0.0465167806853,-0.0416272312736,0,0.974716004538,1.56908375806,-0.541457968441,-0.545149335878
0.306,0.974984088336,0.528057370741,3.86265504997,-0.0474846640083,-0.0426051411559,0,0.975027455355,1.55725408656,-0.540653692003,-0.544411062391
0.3062,0.975296188094,0.528829263909,3.85946583603,-0.0484504532879,-0.0435810457264,0,0.975336544664,1.54544654234,-0.539836058907,-0.543659588313
0.3064,0.975605933823,0.52960051572,3.85625905798,-0.0494141306669,-0.0445549272387,0,0.975643276939,1.53366137676,-0.539005037869,-0.542894882432
0.3066,0.975913330025,0.530371122674,3.85303476719,-0.0503756782663,-0.0455267679243,0,0.975947656707,1.52189884167,-0.538160597589,-0.542116913519
0.3068,0.976218381255,0.531141081277,3.84979301533,-0.0513350781847,-0.0464965499927,0,0.976249688545,1.51015918936,-0.537302706754,-0.541325650333
0.307,0.976521092116,0.531910388048,3.84653385441,-0.052292312499,-0.0474642556311,0,0.97654937708,1.49844267261,-0.536431334036,-0.540521061617
0.3072,0.976821467264,0.532679039515,3.84325733675,-0.0532473632638,-0.0484298670047,0,0.976846726989,1.48674954469,-0.535546448094,-0.539703116101
0.3074,0.977119511405,0.533447032218,3.83996351503,-0.0542002125118,-0.0493933662565,0,0.977141743001,1.47508005931,-0.534648017571,-0.5388717825
0.3076,0.977415229294,0.534214362706,3.83665244221,-0.0551508422537,-0.0503547355076,0,0.977434429895,1.46343447068,-0.533736011096,-0.538027029514
0.3078,0.97770862574,0.534981027541,3.83332417161,-0.0560992344782,-0.0513139568568,0,0.977724792501,1.45181303348,-0.532810397285,-0.53716882583
0.308,0.9779997056,0.535747023292,3.82997875686,-0.0570453711521,-0.0522710123811,0,0.978012835702,1.44021600286,-0.53187114474,-0.536297140121
0.3082,0.978288473785,0.536512346542,3.82661625192,-0.0579892342201,-0.0532258841353,0,0.978298564429,1.42864363444,-0.530918222046,-0.535411941045
0.3084,0.978574935254,0.537276993885,3.82323671108,-0.0589308056051,-0.0541785541523,0,0.978581983666,1.41709618431,-0.529951597776,-0.534513197245
0.3086,0.978859095021,0.538040961922,3.81984018897,-0.0598700672081,-0.0551290044428,0,0.978863098448,1.40557390906,-0.528971240488,-0.533600877351
0.3088,0.979140958148,0.538804247271,3.81642674052,-0.060807000908,-0.0560772169959,0,0.979141913861,1.39407706571,-0.527977118726,-0.532674949978
0.309,0.979420529751,0.539566846555,3.812996421,-0.061741588562,-0.0570231737783,0,0.979418435043,1.3826059118,-0.52696920102,-0.531735383728
0.3092,0.979697814995,0.540328756412,3.80954928601,-0.0626738120054,-0.057966856735,0,0.979692667184,1.37116070531,-0.525947455885,-0.530782147186
0.3094,0.979972819099,0.54108997349,3.80608539148,-0.0636036530516,-0.0589082477891,0,0.979964615525,1.3597417047,-0.524911851822,-0.529815208926
0.3096,0.980245547334,0.541850494449,3.80260479367,-0.0645310934922,-0.0598473288416,0,0.980234285359,1.34834916893,-0.523862357318,-0.528834537505
0.3098,0.980516005019,0.542610315959,3.79910754916,-0.065456115097,-0.0607840817717,0,0.98050168203,1.3369833574,-0.522798940846,-0.527840101468
0.31,0.980784197531,0.543369434702,3.79559371486,-0.0663786996137,-0.0617184884368,0,0.980766810936,1.32564453,-0.521721570863,-0.526831869343
0.3102,0.981050130294,0.544127847371,3.79206334802,-0.0672988287687,-0.0626505306722,0,0.981029677526,1.31433294709,-0.520630215815,-0.525809809647
0.3104,0.981313808785,0.544885550673,3.7885165062,-0.0682164842662,-0.0635801902915,0,0.9812902873,1.3030488695,-0.51952484413,-0.524773890881
0.3106,0.981575238537,0.545642541322,3.78495324732,-0.0691316477888,-0.0645074490864,0,0.981548645811,1.29179255855,-0.518405424224,-0.523724081531
0.3108,0.98183442513,0.546398816048,3.78137362959,-0.0700443009974,-0.0654322888269,0,0.981804758667,1.28056427601,-0.517271924498,-0.522660350069
0.311,0.9820913742,0.54715437159,3.77777771159,-0.070954425531,-0.066354691261,0,0.982058631523,1.26936428415,-0.51612431334,-0.521582664955
0.3112,0.982346091434,0.547909204701,3.7741655522,-0.0718620030071,-0.067274638115,0,0.982310270093,1.25819284569,-0.514962559121,-0.520490994632
0.3114,0.982598582573,0.548663312143,3.77053721065,-0.0727670150214,-0.0681921110934,0,0.982559680137,1.24705022383,-0.513786630201,-0.51938530753
0.3116,0.98284885341,0.549416690692,3.76689274648,-0.0736694431477,-0.069107091879,0,0.982806867474,1.23593668225,-0.512596494924,-0.518265572064
0.3118,0.983096909789,0.550169337136,3.76323221959,-0.0745692689384,-0.0700195621328,0,0.983051837971,1.22485248511,-0.511392121618,-0.517131756636
0.312,0.98334275761,0.550921248274,3.75955569019,-0.0754664739241,-0.0709295034939,0,0.98329459755,1.21379789703,-0.510173478601,-0.515983829633
0.3122,0.983586402824,0.551672420918,3.75586321882,-0.0763610396139,-0.0718368975799,0,0.983535152187,1.2027731831,-0.508940534173,-0.514821759426
0.3124,0.983827851435,0.552422851891,3.75215486637,-0.0772529474951,-0.0727417259867,0,0.983773507909,1.1917786089,-0.507693256622,-0.513645514376
0.3126,0.984067109502,0.55317253803,3.74843069405,-0.0781421790334,-0.0736439702884,0,0.984009670797,1.18081444048,-0.506431614219,-0.512455062825
0.3128,0.984304183136,0.553921476183,3.74469076339,-0.079028715673,-0.0745436120374,0,0.984243646986,1.16988094435,-0.505155575225,-0.511250373104
0.313,0.984539078501,0.55466966321,3.74093513628,-0.0799125388365,-0.0754406327645,0,0.984475442663,1.15897838752,-0.503865107882,-0.510031413528
0.3132,0.984771801815,0.555417095985,3.73716387492,-0.0807936299247,-0.0763350139789,0,0.984705064071,1.14810703744,-0.502560180422,-0.508798152399
0.3134,0.98500235935,0.556163771393,3.73337704185,-0.0816719703172,-0.0772267371681,0,0.984932517503,1.13726716205,-0.501240761059,-0.507550558003
0.3136,0.985230757431,0.556909686333,3.72957469995,-0.0825475413718,-0.0781157837979,0,0.985157809309,1.12645902978,-0.499906817996,-0.506288598614
0.3138,0.985457002437,0.557654837716,3.72575691242,-0.0834203244249,-0.0790021353127,0,0.985380945891,1.11568290952,-0.498558319419,-0.505012242491
0.314,0.9856811008,0.558399222464,3.72192374281,-0.0842903007912,-0.0798857731351,0,0.985601933705,1.10493907061,-0.497195233502,-0.503721457876
0.3142,0.985903059008,0.559142837515,3.71807525499,-0.0851574517642,-0.0807666786663,0,0.985820779262,1.09422778291,-0.495817528402,-0.502416213001
0.3144,0.986122883601,0.559885679818,3.71421151317,-0.0860217586157,-0.0816448332859,0,0.986037489125,1.08354931672,-0.494425172266,-0.501096476082
0.3146,0.986340581175,0.560627746334,3.7103325819,-0.0868832025959,-0.0825202183519,0,0.986252069913,1.07290394282,-0.493018133222,-0.499762215318
0.3148,0.986556158378,0.56136903404,3.70643852604,-0.087741764934,-0.0833928152007,0,0.9864645283,1.06229193248,-0.491596379387,-0.498413398899
0.315,0.986769621914,0.562109539922,3.70252941083,-0.0885974268373,-0.0842626051473,0,0.986674871011,1.05171355742,-0.490159878862,-0.497049994997
0.3152,0.986980978541,0.562849260982,3.69860530179,-0.0894501694918,-0.0851295694853,0,0.986883104829,1.04116908985,-0.488708599735,-0.49567197177
0.3154,0.987190235071,0.563588194235,3.69466626482,-0.0902999740623,-0.0859936894866,0,0.98708923659,1.03065880245,-0.487242510078,-0.494279297363
0.3156,0.987397398372,0.564326336708,3.69071236613,-0.0911468216918,-0.0868549464017,0,0.987293273184,1.02018296837,-0.485761577951,-0.492871939906
0.3158,0.987602475365,0.565063685443,3.68674367228,-0.0919906935023,-0.0877133214598,0,0.987495221556,1.00974186124,-0.484265771399,-0.491449867515
0.316,0.987805473027,0.565800237493,3.68276025016,-0.0928315705943,-0.0885687958683,0,0.987695088707,0.999335755155,-0.482755058451,-0.490013048292
0.3162,0.98800639839,0.566535989926,3.678762167,-0.0936694340468,-0.0894213508135,0,0.987892881692,0.988964924696,-0.481229407123,-0.488561450323
0.3164,0.988205258539,0.567270939824,3.67474949035,-0.0945042649176,-0.0902709674601,0,0.988088607621,0.978629644907,-0.479688785418,-0.487095041683
0.3166,0.988402060617,0.568005084282,3.67072228811,-0.0953360442432,-0.0911176269516,0,0.988282273659,0.968330191312,-0.478133161322,-0.48561379043
0.3168,0.98859681182,0.568738420408,3.66668062853,-0.0961647530386,-0.0919613104099,0,0.988473887027,0.958066839905,-0.47656250281,-0.484117664609
0.317,0.9887895194,0.569470945324,3.66262458018,-0.0969903722977,-0.0928019989357,0,0.988663455,0.947839867156,-0.47497677784,-0.482606632249
0.3172,0.988980190665,0.570202656166,3.65855421196,-0.097812882993,-0.0936396736081,0,0.98885098491,0.937649550008,-0.473375954357,-0.481080661367
0.3174,0.989168832977,0.570933550085,3.65446959312,-0.0986322660757,-0.0944743154851,0,0.989036484144,0.927496165879,-0.471760000291,-0.479539719965
0.3176,0.989355453755,0.571663624243,3.65037079325,-0.099448502476,-0.0953059056032,0,0.989219960142,0.917379992659,-0.470128883559,-0.47798377603
0.3178,0.989540060474,0.57239287582,3.64625788228,-0.100261573102,-0.0961344249777,0,0.989401420404,0.907301308712,-0.468482572062,-0.476412797536
0.318,0.989722660662,0.573121302006,3.64213093045,-0.101071458843,-0.0969598546027,0,0.989580872482,0.897260392878,-0.466821033688,-0.474826752441
0.3182,0.989903261905,0.573848900007,3.63799000839,-0.101878140563,-0.0977821754507,0,0.989758323987,0.887257524469,-0.465144236311,-0.473225608691
0.3184,0.990081871846,0.574575667045,3.63383518701,-0.102681599108,-0.0986013684731,0,0.989933782584,0.87729298327,-0.46345214779,-0.471609334215
0.3186,0.990258498182,0.575301600352,3.62966653761,-0.103481815302,-0.0994174146001,0,0.990107255994,0.867367049541,-0.46174473597,-0.46997789693
0.3188,0.990433148666,0.576026697179,3.62548413179,-0.104278769948,-0.100230294741,0,0.990278751995,0.857480004017,-0.460021968681,-0.468331264738
0.319,0.990605831109,0.576750954787,3.62128804152,-0.105072443828,-0.101039989782,0,0.99044827842,0.847632127904,-0.458283813739,-0.466669405526
0.3192,0.990776553376,0.577474370455,3.61707833908,-0.105862817701,-0.101846480591,0,0.990615843161,0.837823702884,-0.456530238948,-0.464992287169
0.3194,0.990945323392,0.578196941474,3.61285509712,-0.106649872307,-0.102649748013,0,0.990781454163,0.828055011112,-0.454761212094,-0.463299877525
0.3196,0.991112149134,0.578918665152,3.6086183886,-0.107433588364,-0.103449772872,0,0.99094511943,0.818326335216,-0.452976700951,-0.461592144439
0.3198,0.991277038639,0.579639538809,3.60436828685,-0.108213946569,-0.10424653597,0,0.991106847022,0.8086379583,-0.45117667328,-0.459869055741
0.32,0.99144,0.580359559782,3.60010486551,-0.108990927598,-0.10504001809,0,0.991266645055,0.79899016394,-0.449361096823,-0.458130579249
0.3202,0.991601041365,0.581078725422,3.59582819859,-0.109764512107,-0.105830199992,0,0.991424521702,0.789383236187,-0.447529939314,-0.456376682764
0.3204,0.991760170942,0.581797033094,3.59153836043,-0.110534680728,-0.106617062415,0,0.991580485194,0.779817459563,-0.445683168467,-0.454607334074
0.3206,0.991917396992,0.582514480179,3.58723542569,-0.111301414074,-0.107400586077,0,0.991734543818,0.770293119069,-0.443820751986,-0.452822500953
0.3208,0.992072727837,0.583231064073,3.5829194694,-0.112064692738,-0.108180751677,0,0.991886705918,0.760810500174,-0.441942657559,-0.451022151159
0.321,0.992226171854,0.583946782187,3.57859056692,-0.112824497289,-0.108957539889,0,0.992036979895,0.751369888825,-0.440048852858,-0.449206252439
0.3212,0.992377737478,0.584661631945,3.57424879395,-0.113580808278,-0.109730931369,0,0.99218537421,0.741971571441,-0.438139305545,-0.447374772523
0.3214,0.992527433201,0.585375610791,3.56989422654,-0.114333606233,-0.110500906751,0,0.992331897377,0.732615834916,-0.436213983263,-0.445527679127
0.3216,0.992675267572,0.586088716179,3.56552694107,-0.115082871662,-0.111267446647,0,0.99247655797,0.723302966616,-0.434272853644,-0.443664939954
0.3218,0.992821249199,0.586800945582,3.56114701428,-0.115828585051,-0.11203053165,0,0.992619364621,0.714033254382,-0.432315884305,-0.441786522692
0.322,0.992965386746,0.587512296486,3.55675452322,-0.116570726867,-0.112790142331,0,0.992760326018,0.704806986529,-0.430343042849,-0.439892395015
0.3222,0.993107688936,0.588222766396,3.55234954532,-0.117309277553,-0.113546259238,0,0.992899450908,0.695624451846,-0.428354296862,-0.437982524582
0.3224,0.993248164549,0.588932352827,3.54793215834,-0.118044217534,-0.114298862901,0,0.993036748096,0.686485939594,-0.426349613921,-0.436056879038
0.3226,0.993386822423,0.589641053315,3.54350244037,-0.118775527212,-0.115047933827,0,0.993172226444,0.67739173951,-0.424328961583,-0.434115426014
0.3228,0.993523671455,0.590348865409,3.53906046985,-0.11950318697,-0.115793452504,0,0.993305894873,0.668342141803,-0.422292307395,-0.432158133128
0.323,0.9936587206,0.591055786674,3.53460632558,-0.120227177169,-0.116535399398,0,0.99343776236,0.659337437159,-0.420239618887,-0.430184967981
0.3232,0.993791978869,0.591761814692,3.53014008669,-0.120947478149,-0.117273754952,0,0.993567837943,0.650377916733,-0.418170863577,-0.428195898163
0.3234,0.993923455335,0.592466947058,3.52566183264,-0.121664070229,-0.118008499591,0,0.993696130718,0.641463872158,-0.416086008968,-0.426190891246
0.3236,0.994053159125,0.593171181387,3.52117164327,-0.122376933707,-0.118739613719,0,0.993822649837,0.632595595539,-0.413985022547,-0.42416991479
0.3238,0.994181099428,0.593874515307,3.51666959873,-0.123086048862,-0.119467077716,0,0.993947404513,0.623773379455,-0.41186787179,-0.422132936342
0.324,0.994307285491,0.594576946463,3.51215577953,-0.12379139595,-0.120190871946,0,0.994070404016,0.614997516959,-0.409734524155,-0.420079923431
0.3242,0.994431726619,0.595278472516,3.50763026653,-0.124492955207,-0.120910976747,0,0.994191657677,0.606268301577,-0.407584947088,-0.418010843576
0.3244,0.994554432175,0.595979091144,3.50309314092,-0.125190706849,-0.121627372439,0,0.994311174882,0.59758602731,-0.405419108022,-0.415925664278
0.3246,0.994675411583,0.596678800041,3.49854448425,-0.125884631069,-0.122340039321,0,0.99442896508,0.588950988634,-0.403236974372,-0.413824353027
0.3248,0.994794674323,0.597377596917,3.4939843784,-0.126574708041,-0.12304895767,0,0.994545037776,0.580363480494,-0.401038513543,-0.411706877296
0.325,0.994912229938,0.598075479498,3.48941290562,-0.127260917918,-0.123754107744,0,0.994659402536,0.571823798315,-0.398823692921,-0.409573204545
0.3252,0.995028088027,0.598772445527,3.48483014848,-0.127943240832,-0.124455469779,0,0.994772068983,0.563332237992,-0.396592479883,-0.407423302221
0.3254,0.995142258249,0.599468492765,3.48023618991,-0.128621656895,-0.12515302399,0,0.994883046802,0.554889095894,-0.394344841787,-0.405257137753
0.3256,0.995254750324,0.600163618988,3.47563111319,-0.129296146196,-0.125846750571,0,0.994992345736,0.546494668865,-0.39208074598,-0.40307467856
0.3258,0.995365574028,0.600857821988,3.47101500193,-0.129966688807,-0.126536629696,0,0.995099975587,0.538149254223,-0.389800159794,-0.400875892044
0.326,0.9954747392,0.601551099576,3.4663879401,-0.130633264775,-0.127222641518,0,0.995205946217,0.529853149759,-0.387503050545,-0.398660745594
0.3262,0.995582255737,0.602243449579,3.46175001201,-0.13129585413,-0.127904766169,0,0.995310267548,0.521606653737,-0.385189385537,-0.396429206584
0.3264,0.995688133596,0.602934869839,3.45710130233,-0.131954436879,-0.128582983761,0,0.995412949561,0.513410064897,-0.382859132059,-0.394181242375
0.3266,0.995792382794,0.603625358218,3.45244189606,-0.132608993009,-0.129257274385,0,0.995514002297,0.505263682452,-0.380512257384,-0.391916820312
0.3268,0.995895013407,0.604314912594,3.44777187856,-0.133259502487,-0.12992761811,0,0.995613435858,0.497167806088,-0.378148728774,-0.389635907726
0.327,0.995996035573,0.605003530861,3.44309133553,-0.133905945259,-0.130593994985,0,0.995711260406,0.489122735966,-0.375768513475,-0.387338471936
0.3272,0.996095459488,0.605691210932,3.43840035303,-0.134548301249,-0.13125638504,0,0.99580748616,0.481128772719,-0.373371578717,-0.385024480243
0.3274,0.996193295409,0.606377950735,3.43369901745,-0.135186550363,-0.131914768282,0,0.995902123404,0.473186217457,-0.37095789172,-0.382693899938
0.3276,0.996289553654,0.607063748219,3.42898741555,-0.135820672484,-0.132569124698,0,0.995995182478,0.465295371761,-0.368527419685,-0.380346698295
0.3278,0.9963842446,0.607748601345,3.42426563441,-0.136450647476,-0.133219434255,0,0.996086673785,0.457456537686,-0.366080129803,-0.377982842573
0.328,0.996477378686,0.608432508098,3.41953376149,-0.137076455181,-0.133865676899,0,0.996176607789,0.449670017763,-0.363615989248,-0.375602300019
0.3282,0.996568966411,0.609115466475,3.41479188458,-0.137698075422,-0.134507832556,0,0.996264995012,0.441936114995,-0.36113496518,-0.373205037865
0.3284,0.996659018334,0.609797474493,3.41004009183,-0.138315488,-0.135145881129,0,0.996351846039,0.43425513286,-0.358637024745,-0.370791023328
0.3286,0.996747545076,0.610478530187,3.40527847173,-0.138928672696,-0.135779802503,0,0.996437171514,0.426627375308,-0.356122135077,-0.368360223611
0.3288,0.996834557317,0.61115863161,3.40050711311,-0.139537609271,-0.136409576542,0,0.996520982143,0.419053146764,-0.353590263291,-0.365912605904
0.329,0.9969200658,0.611837776831,3.39572610518,-0.140142277465,-0.137035183087,0,0.996603288693,0.411532752129,-0.351041376493,-0.363448137382
0.3292,0.997004081328,0.612515963938,3.39093553748,-0.140742656998,-0.137656601963,0,0.996684101993,0.404066496773,-0.348475441771,-0.360966785204
0.3294,0.997086614766,0.613193191038,3.3861354999,-0.141338727568,-0.13827381297,0,0.99676343293,0.396654686545,-0.345892426199,-0.358468516517
0.3296,0.997167677039,0.613869456255,3.38132608268,-0.141930468854,-0.13888679589,0,0.996841292456,0.389297627764,-0.34329229684,-0.355953298454
0.3298,0.997247279133,0.61454475773,3.37650737642,-0.142517860514,-0.139495530482,0,0.996917691581,0.381995627225,-0.340675020739,-0.353421098131
0.33,0.997325432099,0.615219093625,3.37167947207,-0.143100882186,-0.140099996489,0,0.99699264138,0.374748992195,-0.338040564929,-0.350871882653
0.3302,0.997402147045,0.615892462117,3.36684246091,-0.143679513487,-0.140700173628,0,0.997066152986,0.367558030418,-0.335388896427,-0.348305619108
0.3304,0.997477435142,0.616564861404,3.3619964346,-0.144253734014,-0.1412960416,0,0.997138237596,0.360423050108,-0.332719982238,-0.345722274572
0.3306,0.997551307625,0.617236289701,3.35714148514,-0.144823523342,-0.141887580083,0,0.997208906468,0.353344359956,-0.33003378935,-0.343121816105
0.3308,0.997623775789,0.617906745242,3.35227770487,-0.145388861028,-0.142474768735,0,0.997278170921,0.346322269125,-0.327330284739,-0.340504210754
0.331,0.99769485099,0.618576226279,3.34740518651,-0.145949726608,-0.143057587193,0,0.997346042339,0.339357087252,-0.324609435366,-0.337869425551
0.3312,0.997764544648,0.619244731084,3.34252402309,-0.146506099596,-0.143636015076,0,0.997412532164,0.33244912445,-0.321871208178,-0.335217427514
0.3314,0.997832868243,0.619912257945,3.33763430804,-0.147057959486,-0.14421003198,0,0.997477651902,0.325598691302,-0.319115570107,-0.332548183647
0.3316,0.997899833319,0.620578805172,3.33273613511,-0.147605285755,-0.144779617481,0,0.997541413122,0.318806098869,-0.316342488071,-0.329861660939
0.3318,0.997965451482,0.621244371092,3.3278295984,-0.148148057854,-0.145344751136,0,0.997603827454,0.312071658682,-0.313551928974,-0.327157826365
0.332,0.9980297344,0.621908954051,3.32291479239,-0.148686255219,-0.14590541248,0,0.99766490659,0.305395682749,-0.310743859706,-0.324436646887
0.3322,0.998092693803,0.622572552413,3.3179918119,-0.149219857262,-0.146461581028,0,0.997724662287,0.29877848355,-0.307918247142,-0.321698089451
0.3324,0.998154341484,0.623235164563,3.31306075208,-0.149748843376,-0.147013236274,0,0.997783106362,0.29222037404,-0.305075058144,-0.318942120989
0.3326,0.998214689299,0.623896788905,3.30812170848,-0.150273192935,-0.147560357695,0,0.997840250695,0.285721667648,-0.302214259559,-0.31616870842
0.3328,0.998273749167,0.62455742386,3.30317477696,-0.15079288529,-0.148102924743,0,0.997896107231,0.279282678274,-0.299335818218,-0.313377818648
0.333,0.998331533069,0.625217067871,3.29822005376,-0.151307899773,-0.148640916852,0,0.997950687975,0.272903720296,-0.296439700941,-0.310569418562
0.3332,0.998388053049,0.625875719398,3.29325763545,-0.151818215697,-0.149174313436,0,0.998004004997,0.266585108563,-0.293525874532,-0.307743475038
0.3334,0.998443321215,0.626533376922,3.288287619,-0.152323812352,-0.149703093888,0,0.998056070428,0.260327158399,-0.290594305781,-0.304899954937
0.3336,0.998497349738,0.627190038942,3.28331010167,-0.152824669011,-0.150227237581,0,0.998106896465,0.254130185602,-0.287644961463,-0.302038825106
0.3338,0.99855015085,0.627845703979,3.27832518113,-0.153320764924,-0.150746723867,0,0.998156495367,0.247994506443,-0.284677808339,-0.299160052377
0.334,0.998601736849,0.62850037057,3.27333295538,-0.153812079322,-0.151261532078,0,0.998204879454,0.241920437668,-0.281692813158,-0.296263603569
0.3342,0.998652120097,0.629154037274,3.26833352278,-0.154298591415,-0.151771641527,0,0.998252061113,0.235908296495,-0.278689942651,-0.293349445487
0.3344,0.998701313016,0.629806702671,3.26332698204,-0.154780280395,-0.152277031505,0,0.998298052794,0.229958400619,-0.275669163538,-0.29041754492
0.3346,0.998749328094,0.630458365357,3.25831343222,-0.155257125432,-0.152777681283,0,0.998342867007,0.224071068206,-0.272630442523,-0.287467868644
0.3348,0.998796177884,0.631109023952,3.25329297276,-0.155729105674,-0.153273570113,0,0.998386516331,0.218246617897,-0.269573746296,-0.28450038342
0.335,0.998841875,0.631758677092,3.24826570343,-0.156196200253,-0.153764677225,0,0.998429013405,0.212485368806,-0.266499041533,-0.281515055995
0.3352,0.998886432121,0.632407323437,3.24323172437,-0.156658388278,-0.154250981831,0,0.998470370933,0.206787640523,-0.263406294896,-0.278511853103
0.3354,0.998929861991,0.633054961664,3.23819113608,-0.157115648839,-0.15473246312,0,0.998510601683,0.201153753109,-0.260295473032,-0.275490741461
0.3356,0.998972177416,0.633701590472,3.23314403939,-0.157567961005,-0.155209100264,0,0.998549718489,0.195584027102,-0.257166542574,-0.272451687775
0.3358,0.999013391269,0.634347208579,3.22809053552,-0.158015303824,-0.155680872412,0,0.998587734245,0.190078783511,-0.254019470141,-0.269394658735
0.336,0.999053516484,0.634991814725,3.22303072602,-0.158457656328,-0.156147758695,0,0.998624661914,0.18463834382,-0.250854222338,-0.266319621016
0.3362,0.999092566062,0.635635407667,3.21796471282,-0.158894997524,-0.156609738221,0,0.99866051452,0.179263029988,-0.247670765755,-0.263226541281
0.3364,0.999130553068,0.636277986187,3.21289259819,-0.159327306401,-0.157066790082,0,0.998695305153,0.173953164447,-0.244469066969,-0.260115386175
0.3366,0.99916749063,0.636919549084,3.20781448477,-0.159754561929,-0.157518893346,0,0.998729046967,0.168709070102,-0.241249092541,-0.256986122334
0.3368,0.999203391943,0.637560095179,3.20273047554,-0.160176743056,-0.157966027062,0,0.998761753181,0.163531070332,-0.238010809018,-0.253838716375
0.337,0.999238270264,0.638199623314,3.19764067384,-0.160593828711,-0.158408170261,0,0.998793437079,0.158419488992,-0.234754182936,-0.250673134904
0.3372,0.999272138918,0.63883813235,3.1925451834,-0.161005797803,-0.158845301951,0,0.998824112009,0.153374650408,-0.231479180811,-0.24748934451
0.3374,0.999305011293,0.639475621172,3.18744410827,-0.16141262922,-0.159277401121,0,0.998853791385,0.148396879382,-0.22818576915,-0.244287311771
0.3376,0.999336900841,0.640112088683,3.18233755287,-0.161814301831,-0.159704446741,0,0.998882488685,0.14348650119,-0.224873914444,-0.241067003247
0.3378,0.999367821082,0.640747533807,3.17722562198,-0.162210794485,-0.160126417759,0,0.998910217453,0.138643841579,-0.221543583167,-0.237828385486
0.338,0.9993977856,0.641381955491,3.17210842075,-0.162602086011,-0.160543293104,0,0.998936991299,0.133869226774,-0.218194741784,-0.234571425022
0.3382,0.999426808043,0.642015352702,3.16698605466,-0.162988155216,-0.160955051686,0,0.998962823896,0.12916298347,-0.214827356741,-0.231296088375
0.3384,0.999454902126,0.642647724428,3.16185862958,-0.16336898089,-0.161361672392,0,0.998987728983,0.124525438839,-0.211441394472,-0.228002342048
0.3386,0.999482081629,0.643279069678,3.15672625172,-0.163744541802,-0.161763134091,0,0.999011720367,0.119956920525,-0.208036821396,-0.224690152533
0.3388,0.999508360398,0.643909387484,3.15158902766,-0.164114816699,-0.162159415633,0,0.999034811919,0.115457756647,-0.20461360392,-0.221359486305
0.339,0.999533752343,0.644538676897,3.14644706432,-0.164479784312,-0.162550495847,0,0.999057017574,0.111028275797,-0.201171708433,-0.218010309828
0.3392,0.999558271443,0.64516693699,3.14130046901,-0.164839423348,-0.16293635354,0,0.999078351335,0.10666880704,-0.197711101313,-0.214642589549
0.3394,0.99958193174,0.64579416686,3.13614934938,-0.165193712496,-0.163316967501,0,0.999098827271,0.102379679918,-0.194231748921,-0.211256291902
0.3396,0.999604747343,0.646420365623,3.13099381344,-0.165542630426,-0.1636923165,0,0.999118459516,0.0981612244437,-0.190733617606,-0.207851383306
0.3398,0.999626732427,0.647045532417,3.12583396957,-0.165886155787,-0.164062379285,0,0.99913726227,0.0940137711058,-0.187216673702,-0.204427830166
0.34,0.999647901235,0.647669666402,3.1206699265,-0.166224267208,-0.164427134586,0,0.999155249801,0.0899376508656,-0.183680883529,-0.200985598873
0.3402,0.999668268072,0.648292766761,3.11550179332,-0.166556943298,-0.16478656111,0,0.99917243644,0.085933195159,-0.180126213391,-0.197524655804
0.3404,0.999687847313,0.648914832697,3.11032967949,-0.166884162646,-0.165140637548,0,0.999188836587,0.0820007358955,-0.176552629581,-0.194044967322
0.3406,0.9997066534,0.649535863436,3.10515369483,-0.167205903822,-0.165489342567,0,0.999204464708,0.0781406054585,-0.172960098375,-0.190546499774
0.3408,0.999724700837,0.650155858226,3.09997394952,-0.167522145376,-0.165832654818,0,0.999219335335,0.0743531367053,-0.169348586035,-0.187029219494
0.341,0.9997420042,0.650774816336,3.09479055409,-0.167832865838,-0.16617055293,0,0.999233463068,0.0706386629673,-0.165718058811,-0.183493092802
0.3412,0.999758578128,0.65139273706,3.08960361945,-0.168138043717,-0.166503015511,0,0.999246862571,0.0669975180494,-0.162068482935,-0.179938086004
0.3414,0.99977443733,0.652009619712,3.08441325685,-0.168437657504,-0.166830021152,0,0.999259548579,0.0634300362308,-0.158399824629,-0.17636416539
0.3416,0.999789596578,0.652625463627,3.07921957793,-0.168731685669,-0.167151548423,0,0.999271535889,0.0599365522643,-0.154712050098,-0.172771297238
0.3418,0.999804070714,0.653240268166,3.07402269467,-0.169020106663,-0.167467575872,0,0.999282839369,0.0565174013767,-0.151005125534,-0.16915944781
0.342,0.999817874647,0.65385403271,3.06882271941,-0.169302898917,-0.16777808203,0,0.999293473953,0.0531729192688,-0.147279017113,-0.165528583355
0.3422,0.999831023352,0.654466756663,3.06361976487,-0.169580040841,-0.168083045408,0,0.999303454642,0.0499034421151,-0.143533690998,-0.161878670106
0.3424,0.999843531871,0.655078439452,3.05841394412,-0.169851510827,-0.168382444494,0,0.999312796503,0.0467093065642,-0.139769113338,-0.158209674285
0.3426,0.999855415316,0.655689080526,3.0532053706,-0.170117287246,-0.168676257761,0,0.999321514673,0.0435908497383,-0.135985250268,-0.154521562095
0.3428,0.999866688864,0.656298679358,3.0479941581,-0.17037734845,-0.168964463658,0,0.999329624355,0.0405484092339,-0.132182067908,-0.15081429973
0.343,0.99987736776,0.656907235442,3.0427804208,-0.170631672771,-0.169247040616,0,0.999337140819,0.037582323121,-0.128359532364,-0.147087853366
0.3432,0.999887467318,0.657514748296,3.0375642732,-0.170880238521,-0.169523967047,0,0.999344079405,0.0346929299438,-0.124517609727,-0.143342189165
0.3434,0.999897002918,0.658121217463,3.03234583021,-0.171123023993,-0.169795221342,0,0.999350455519,0.0318805687203,-0.120656266075,-0.139577273278
0.3436,0.999905990009,0.658726642504,3.02712520708,-0.17136000746,-0.170060781872,0,0.999356284635,0.0291455789423,-0.116775467471,-0.135793071837
0.3438,0.999914444108,0.659331023008,3.02190251941,-0.171591167174,-0.17032062699,0,0.999361582295,0.0264883005757,-0.112875179964,-0.131989550964
0.344,0.9999223808,0.659934358584,3.0166778832,-0.171816481369,-0.170574735027,0,0.99936636411,0.0239090740601,-0.108955369589,-0.128166676764
0.3442,0.999929815737,0.660536648867,3.01145141478,-0.172035928259,-0.170823084295,0,0.999370645758,0.021408240309,-0.105016002367,-0.124324415329
0.3444,0.999936764642,0.661137893514,3.00622323087,-0.172249486038,-0.171065653088,0,0.999374442986,0.0189861407101,-0.101057044302,-0.120462732737
0.3446,0.999943243303,0.661738092203,3.00099344854,-0.172457132881,-0.171302419678,0,0.999377771609,0.0166431171247,-0.0970784613887,-0.11658159505
0.3448,0.999949267578,0.66233724464,2.99576218523,-0.172658846941,-0.171533362319,0,0.999380647512,0.0143795118881,-0.0930802196031,-0.112680968318
0.345,0.999954853395,0.662935350552,2.99052955873,-0.172854606355,-0.171758459243,0,0.999383086645,0.0121956678095,-0.0890622849091,-0.108760818575
0.3452,0.999960016749,0.66353240969,2.98529568722,-0.173044389237,-0.171977688665,0,0.999385105031,0.0100919281719,-0.0850246232561,-0.104821111842
0.3454,0.999964773703,0.664128421827,2.98006068923,-0.173228173684,-0.17219102878,0,0.999386718758,0.00806863673255,-0.080967200579,-0.100861814124
0.3456,0.99996914039,0.664723386764,2.97482468366,-0.173405937773,-0.172398457761,0,0.999387943986,0.0061261377222,-0.0768899827986,-0.0968828914154
0.3458,0.999973133013,0.665317304322,2.96958778978,-0.173577659558,-0.172599953763,0,0.999388796941,0.00426477584573,-0.0727929358212,-0.092884309692
0.346,0.999976767842,0.665910174348,2.96435012721,-0.173743317079,-0.172795494922,0,0.99938929392,0.00248489628186,-0.0686760255393,-0.0888660349179
0.3462,0.999980061217,0.666501996711,2.95911181594,-0.173902888351,-0.172985059353,0,0.999389451289,0.000786844683252,-0.0645392178307,-0.0848280330421
0.3464,0.999983029547,0.667092771306,2.95387297635,-0.174056351374,-0.173168625153,0,0.999389285483,-0.000829032823556,-0.0603824785593,-0.0807702699999
0.3466,0.999985689311,0.667682498052,2.94863372916,-0.174203684125,-0.173346170397,0,0.999388813005,-0.0023623896381,-0.0562057735746,-0.0766927117118
0.3468,0.999988057056,0.668271176891,2.94339419546,-0.174344864564,-0.173517673143,0,0.999388050429,-0.003812878686,-0.0520090687119,-0.0725953240843
0.347,0.9999901494,0.66885880779,2.93815449671,-0.17447987063,-0.173683111427,0,0.999387014399,-0.00518015241899,-0.0477923297921,-0.0684780730098
0.3472,0.99999198303,0.669445390741,2.93291475475,-0.174608680241,-0.173842463268,0,0.999385721626,-0.00646386281486,-0.043555522622,-0.0643409243663
0.3474,0.999993574702,0.67003092576,2.92767509176,-0.1747312713,-0.173995706662,0,0.999384188894,-0.00766366137752,-0.0392986129942,-0.0601838440174
0.3476,0.999994941243,0.670615412886,2.92243563031,-0.174847621686,-0.17414281959,0,0.999382433054,-0.00877919913695,-0.0350215666871,-0.0560067978128
0.3478,0.99999609955,0.671198852184,2.91719649334,-0.174957709261,-0.174283780009,0,0.999380471029,-0.00981012664922,-0.0307243494644,-0.0518097515877
0.348,0.999997066588,0.671781243745,2.91195780412,-0.175061511866,-0.174418565859,0,0.99937831981,-0.0107560939965,-0.0264069270763,-0.047592671163
0.3482,0.999997859393,0.672362587682,2.90671968634,-0.175159007324,-0.174547155061,0,0.99937599646,-0.011616750787,-0.0220692652581,-0.0433555223457
0.3484,0.999998495073,0.672942884135,2.90148226402,-0.175250173437,-0.174669525513,0,0.99937351811,-0.0123917461551,-0.0177113297311,-0.0390982709281
0.3486,0.999998990804,0.673522133267,2.89624566156,-0.17533498799,-0.174785655098,0,0.999370901965,-0.0130807287612,-0.0133330862025,-0.0348208826887
0.3488,0.999999363834,0.674100335268,2.89101000373,-0.175413428745,-0.174895521676,0,0.999368165295,-0.0136833467918,-0.008934500365,-0.0305233233915
0.349,0.999999631479,0.674677490351,2.88577541566,-0.175485473447,-0.17499910309,0,0.999365325446,-0.0141992479594,-0.00451553789729,-0.0262055587862
0.3492,0.999999811128,0.675253598756,2.88054202287,-0.175551099821,-0.175096377161,0,0.99936239983,-0.0146280795028,-7.61644635958e-05,-0.0218675546084
0.3494,0.99999992024,0.675828660746,2.87530995122,-0.175610285574,-0.175187321693,0,0.999359405932,-0.0149694881867,0.00438365428593,-0.0175092765794
0.3496,0.999999976344,0.676402676612,2.87007932696,-0.17566300839,-0.175271914469,0,0.999356361308,-0.0152231203019,0.00886395271549,-0.0131306904064
0.3498,0.99999999704,0.676975646667,2.8648502767,-0.175709245937,-0.175350133254,0,0.999353283584,-0.0153886216654,0.0133647652034,-0.008731761782
0.35,1,0.677547571252,2.85962292742,-0.175748975862,-0.17542195579,0,0.999350190456,-0.0154656376201,0.0178861261425,-0.00431245638491
0.3502,1,0.678118450734,2.85439740647,-0.175782194775,-0.175487359804,0,0.999347099694,-0.0154538130351,0.0179377755831,0.000127260120568
0.3504,1,0.678688285502,2.84917384149,-0.175808975333,-0.175546326799,0,0.999344025543,-0.015370753483,0.0179323565369,0.00368936321308
0.3506,1,0.679257075974,2.84395236005,-0.175829409457,-0.175598856505,0,0.999340979389,-0.0152307717933,0.0178811036713,0.00653796187784
0.3508,1,0.679824822592,2.83873308929,-0.17584358914,-0.175644967096,0,0.999337970288,-0.0150455015255,0.0177931515724,0.00880659023654
0.351,1,0.680391525823,2.83351615561,-0.175851606213,-0.175684691505,0,0.999335005409,-0.0148243961745,0.0176759259972,0.0106039025037
0.3512,1,0.68095718616,2.82830168443,-0.175853552147,-0.175718074446,0,0.999332090382,-0.0145751353928,0.0175354622509,0.0120183072024
0.3514,1,0.68152180412,2.82308980002,-0.17584951791,-0.175745169986,0,0.999329229591,-0.0143039555473,0.0173766642623,0.0131217382121
0.3516,1,0.682085380245,2.81788062535,-0.17583959384,-0.175766039571,0,0.999326426407,-0.0140159187055,0.0172035154024,0.0139727234221
0.3518,1,0.682647915101,2.81267428196,-0.175823869548,-0.175780750425,0,0.999323683381,-0.013715131518,0.0170192500356,0.0146188818182
0.352,1,0.683209409279,2.80747088991,-0.175802433849,-0.175789374249,0,0.999321002396,-0.0134049233298,0.0168264931159,0.0150989554617
0.3522,1,0.683769863393,2.80227056765,-0.175775374698,-0.175791986169,0,0.999318384798,-0.013087991116,0.0166273737818,0.0154444629925
0.3524,1,0.684329278079,2.79707343203,-0.175742779147,-0.175788663875,0,0.999315831494,-0.0127665174183,0.0164236177914,0.0156810451504
0.3526,1,0.684887653999,2.79187959823,-0.175704733307,-0.175779486929,0,0.999313343041,-0.0124422663143,0.01621662274,0.0158295596786
0.3528,1,0.685444991835,2.78668917975,-0.175661322331,-0.175764536205,0,0.999310919709,-0.0121166615087,0.0160075192662,0.0159069722908
0.353,1,0.686001292293,2.78150228837,-0.175612630388,-0.17574389343,0,0.999308561539,-0.011790849878,0.0157972208572,0.0159270816859
0.3532,1,0.686556556099,2.77631903419,-0.175558740654,-0.175717640822,0,0.999306268388,-0.0114657531777,0.0155864643761,0.0159011095202
0.3534,1,0.687110784004,2.77113952555,-0.175499735303,-0.175685860788,0,0.999304039966,-0.011142110116,0.0153758430398,0.0158381804914
0.3536,1,0.687663976778,2.76596386912,-0.175435695508,-0.175648635691,0,0.999301875864,-0.0108205105899,0.0151658332533,0.0157457130011
0.3538,1,0.688216135212,2.76079216985,-0.175366701432,-0.175606047655,0,0.999299775579,-0.0105014235425,0.0149568164449,0.0156297370515
0.354,1,0.688767260118,2.75562453098,-0.175292832239,-0.17555817841,0,0.999297738535,-0.0101852196298,0.0147490968336,0.0154951529302
0.3542,1,0.689317352329,2.75046105407,-0.17521416609,-0.175505109176,0,0.999295764098,-0.00987218966377,0.0145429158863,0.0153459417109
0.3544,1,0.689866412697,2.74530183903,-0.175130780155,-0.175446920559,0,0.999293851586,-0.00956255961905,0.0143384640806,0.015185336546
0.3546,1,0.690414442094,2.74014698408,-0.175042750613,-0.175383692478,0,0.999292000285,-0.00925650284222,0.0141358904767,0.0150159620529
0.3548,1,0.690961441411,2.7349965858,-0.174950152667,-0.175315504105,0,0.999290209455,-0.00895414998577,0.0139353105046,0.0148399477376
0.355,1,0.691507411559,2.72985073918,-0.174853060545,-0.175242433817,0,0.999288478336,-0.00865559708995,0.0137368123009,0.014659020291
0.3552,1,0.692052353466,2.72470953755,-0.174751547515,-0.175164559163,0,0.999286806153,-0.00836091215784,0.0135404618636,0.014474578693
0.3554,1,0.692596268081,2.71957307269,-0.174645685891,-0.175081956833,0,0.999285192125,-0.008070140504,0.0133463072462,0.0142877553271
0.3556,1,0.693139156368,2.71444143479,-0.174535547045,-0.174994702645,0,0.999283635463,-0.00778330910548,0.0131543819701,0.0140994657109
0.3558,1,0.69368101931,2.7093147125,-0.174421201415,-0.174902871525,0,0.999282135377,-0.00750043014076,0.0129647077997,0.0139104489628
0.356,1,0.694221857909,2.70419299292,-0.174302718518,-0.174806537503,0,0.999280691076,-0.00722150386808,0.0127772970007,0.0137213007302
0.3562,1,0.694761673181,2.69907636165,-0.174180166958,-0.174705773706,0,0.999279301772,-0.00694652096607,0.0125921541765,0.0135324999843
0.3564,1,0.695300466162,2.69396490279,-0.174053614436,-0.174600652356,0,0.999277966679,-0.00667546443704,0.0124092777613,0.0133444308227
0.3566,1,0.695838237902,2.68885869895,-0.173923127765,-0.174491244772,0,0.999276685017,-0.00640831115416,0.0122286612353,0.0131574002104
0.3568,1,0.696374989468,2.68375783131,-0.173788772876,-0.174377621371,0,0.999275456011,-0.00614503311916,0.0120502941117,0.0129716524154
0.357,1,0.696910721944,2.67866237957,-0.17365061483,-0.174259851672,0,0.999274278891,-0.0058855984842,0.0118741627399,0.0127873807547
0.3572,1,0.697445436428,2.67357242206,-0.17350871783,-0.174138004304,0,0.999273152896,-0.00562997238208,0.0117002509575,0.0126047371517
0.3574,1,0.697979134035,2.66848803567,-0.173363145228,-0.174012147009,0,0.999272077273,-0.00537811760039,0.0115285406211,0.0124238399129
0.3576,1,0.698511815895,2.66340929591,-0.173213959539,-0.173882346653,0,0.999271051274,-0.00512999512874,0.0113590120364,0.0122447800545
0.3578,1,0.69904348315,2.65833627695,-0.17306122245,-0.17374866923,0,0.999270074161,-0.00488556460264,0.0111916443081,0.0120676264509
0.358,1,0.69957413696,2.65326905159,-0.172904994829,-0.173611179874,0,0.999269145204,-0.00464478466344,0.0110264156237,0.0118924300223
0.3582,1,0.700103778499,2.6482076913,-0.172745336738,-0.173469942865,0,0.999268263681,-0.00440761324978,0.0108633034838,0.0117192271426
0.3584,1,0.700632408952,2.64315226625,-0.172582307439,-0.173325021639,0,0.99926742888,-0.00417400783362,0.0107022848885,0.0115480424109
0.3586,1,0.701160029521,2.63810284532,-0.172415965408,-0.173176478799,0,0.999266640095,-0.00394392561079,0.0105433364886,0.0113788909064
0.3588,1,0.70168664142,2.63305949609,-0.172246368343,-0.173024376121,0,0.99926589663,-0.00371732365497,0.010386434708,0.0112117800228
0.359,1,0.702212245877,2.6280222849,-0.172073573171,-0.172868774566,0,0.999265197798,-0.00349415904158,0.0102315558421,0.0110467109599
0.3592,1,0.702736844132,2.62299127684,-0.171897636064,-0.172709734287,0,0.99926454292,-0.00327438894743,0.0100786761379,0.0108836799363
0.3594,1,0.70326043744,2.61796653578,-0.171718612442,-0.172547314642,0,0.999263931326,-0.00305797073052,0.00992777185808,0.0107226791766
0.3596,1,0.703783027064,2.61294812438,-0.171536556988,-0.172381574202,0,0.999263362354,-0.00284486199383,0.00977881933232,0.0105636977129
0.3598,1,0.704304614285,2.60793610409,-0.171351523651,-0.172212570759,0,0.99926283535,-0.0026350206359,0.00963179499871,0.0104067220368
0.36,1,0.704825200392,2.6029305352,-0.171163565661,-0.172040361338,0,0.999262349669,-0.00242840489093,0.00948667543668,0.0102517366292
0.3602,1,0.705344786688,2.59793147683,-0.170972735536,-0.171865002202,0,0.999261904674,-0.00222497336018,0.00934343739307,0.0100987243907
0.3604,1,0.705863374485,2.59293898697,-0.170779085089,-0.171686548869,0,0.999261499737,-0.00202468503634,0.00920205780278,0.00994766699116
0.3606,1,0.70638096511,2.58795312245,-0.17058266544,-0.171505056113,0,0.999261134237,-0.00182749932225,0.00906251380492,0.00979854515348
0.3608,1,0.706897559897,2.58297393902,-0.170383527022,-0.171320577979,0,0.999260807562,-0.00163337604498,0.00892478275529,0.00965133888377
0.361,1,0.707413160196,2.5780014913,-0.170181719592,-0.171133167787,0,0.999260519107,-0.00144227546619,0.00878884223596,0.00950602765807
0.3612,1,0.707927767362,2.57303583284,-0.169977292238,-0.170942878148,0,0.999260268275,-0.00125415828944,0.00865467006239,0.00936259057365
0.3614,1,0.708441382765,2.56807701612,-0.169770293387,-0.170749760966,0,0.999260054478,-0.00106898566504,0.00852224428869,0.0092210064714
0.3616,1,0.708954007784,2.56312509257,-0.169560770815,-0.17055386745,0,0.999259877134,-0.000886719192945,0.00839154321126,0.00908125403486
0.3618,1,0.709465643806,2.55818011255,-0.169348771654,-0.170355248123,0,0.99925973567,-0.000707320924026,0.00826254537115,0.00894331187014
0.362,1,0.709976292232,2.55324212542,-0.169134342401,-0.170153952829,0,0.999259629519,-0.000530753360065,0.00813522955541,0.00880715857034
0.3622,1,0.710485954467,2.54831117953,-0.168917528926,-0.169950030744,0,0.999259558123,-0.000356979452702,0.00800957479763,0.00867277276735
0.3624,1,0.710994631932,2.54338732222,-0.168698376476,-0.16974353038,0,0.999259520931,-0.000185962601562,0.00788556037778,0.00854013317341
0.3626,1,0.711502326052,2.53847059983,-0.168476929691,-0.169534499599,0,0.999259517398,-1.76666517153e-05,0.00776316582152,0.00840921861428
0.3628,1,0.712009038263,2.53356105776,-0.168253232604,-0.169322985618,0,0.999259546986,0.00014794410939,0.00764237089912,0.00828000805573
0.363,1,0.712514770011,2.52865874043,-0.168027328651,-0.169109035015,0,0.999259609167,0.000310904955413,0.00752315562396,0.00815248062441
0.3632,1,0.71301952275,2.52376369131,-0.167799260682,-0.168892693742,0,0.999259703418,0.000471250724926,0.00740550025083,0.00802661562432
0.3634,1,0.71352329794,2.51887595295,-0.167569070963,-0.16867400713,0,0.999259829221,0.000629015825484,0.007289385274,0.00790239254962
0.3636,1,0.714026097054,2.51399556698,-0.167336801185,-0.168453019897,0,0.999259986068,0.000784234237878,0.00717479142507,0.0077797910945
0.3638,1,0.714527921569,2.50912257412,-0.167102492477,-0.168229776155,0,0.999260173455,0.000936939520548,0.0070616996708,0.00765879116061
0.364,1,0.715028772971,2.50425701418,-0.166866185402,-0.168004319419,0,0.999260390888,0.00108716481409,0.00695009121067,0.00753937286265
0.3642,1,0.715528652757,2.49939892612,-0.166627919974,-0.167776692615,0,0.999260637877,0.00123494284585,0.00683994747458,0.00742151653225
0.3644,1,0.716027562426,2.49454834801,-0.166387735662,-0.167546938087,0,0.999260913938,0.00138030593455,0.0067312501203,0.00730520272072
0.3646,1,0.71652550349,2.48970531704,-0.166145671394,-0.167315097602,0,0.999261218595,0.001523285995,0.00662398103098,0.00719041220063
0.3648,1,0.717022477464,2.48486986961,-0.165901765567,-0.167081212361,0,0.999261551378,0.00166391454274,0.00651812231266,0.0070771259667
0.365,1,0.717518485872,2.48004204123,-0.165656056053,-0.166845323002,0,0.999261911823,0.00180222269873,0.00641365629167,0.00696532523589
0.3652,1,0.718013530245,2.47522186661,-0.165408580205,-0.166607469612,0,0.999262299471,0.00193824119405,0.00631056551212,0.00685499144705
0.3654,1,0.718507612121,2.47040937965,-0.165159374865,-0.166367691731,0,0.999262713871,0.00207200037454,0.00620883273333,0.00674610626007
0.3656,1,0.719000733044,2.46560461346,-0.164908476367,-0.166126028358,0,0.999263154577,0.00220353020541,0.00610844092729,0.00663865155472
0.3658,1,0.719492894564,2.46080760033,-0.16465592055,-0.16588251796,0,0.999263621149,0.00233286027587,0.00600937327612,0.00653260942923
0.366,1,0.719984098238,2.4560183718,-0.164401742755,-0.165637198478,0,0.999264113153,0.00246001980368,0.00591161316958,0.00642796219861
0.3662,1,0.72047434563,2.45123695863,-0.164145977842,-0.165390107333,0,0.999264630161,0.00258503763965,0.00581514420257,0.0063246923928
0.3664,1,0.720963638308,2.44646339083,-0.163888660187,-0.165141281435,0,0.999265171749,0.00270794227216,0.0057199501726,0.00622278275476
0.3666,1,0.721451977848,2.44169769765,-0.163629823692,-0.164890757185,0,0.999265737502,0.00282876183157,0.0056260150774,0.00612221623832
0.3668,1,0.721939365829,2.43693990762,-0.163369501791,-0.164638570486,0,0.999266327006,0.00294752409459,0.00553332311245,0.00602297600614
0.367,1,0.722425803839,2.43219004854,-0.163107727459,-0.164384756747,0,0.999266939858,0.00306425648868,0.00544185866858,0.0059250454274
0.3672,1,0.722911293468,2.4274481475,-0.162844533208,-0.16412935089,0,0.999267575655,0.0031789860963,0.00535160632958,0.00582840807564
0.3674,1,0.723395836314,2.42271423086,-0.162579951106,-0.163872387353,0,0.999268234003,0.00329173965917,0.00526255086985,0.00573304772643
0.3676,1,0.723879433979,2.41798832432,-0.162314012771,-0.163613900104,0,0.999268914512,0.00340254358248,0.00517467725206,0.00563894835511
0.3678,1,0.72436208807,2.41327045287,-0.162046749385,-0.163353922637,0,0.999269616796,0.00351142393902,0.00508797062483,0.0055460941345
0.368,1,0.724843800198,2.40856064084,-0.161778191695,-0.163092487987,0,0.999270340478,0.00361840647331,0.0050024163205,0.00545446943257
0.3682,1,0.72532457198,2.40385891188,-0.16150837002,-0.162829628729,0,0.999271085181,0.00372351660563,0.0049179998528,0.00536405881015
0.3684,1,0.725804405038,2.39916528899,-0.161237314256,-0.162565376987,0,0.999271850537,0.00382677943604,0.00483470691469,0.00527484701868
0.3686,1,0.726283300997,2.39447979453,-0.160965053882,-0.162299764441,0,0.999272636181,0.00392821974833,0.00475252337611,0.00518681899788
0.3688,1,0.726761261487,2.38980245021,-0.160691617964,-0.162032822329,0,0.999273441753,0.00402786201395,0.00467143528185,0.00509995987353
0.369,1,0.727238288143,2.38513327711,-0.160417035164,-0.161764581456,0,0.999274266899,0.00412573039585,0.00459142884934,0.00501425495519
0.3692,1,0.727714382602,2.3804722957,-0.160141333739,-0.161495072198,0,0.999275111269,0.00422184875229,0.00451249046661,0.00492968973402
0.3694,1,0.728189546507,2.37581952583,-0.159864541551,-0.161224324506,0,0.999275974517,0.00431624064065,0.00443460669009,0.00484624988054
0.3696,1,0.728663781504,2.37117498676,-0.159586686071,-0.160952367915,0,0.999276856303,0.00440892932112,0.00435776424263,0.00476392124245
0.3698,1,0.729137089244,2.36653869714,-0.159307794382,-0.160679231546,0,0.999277756291,0.00449993776037,0.0042819500114,0.00468268984249
0.37,1,0.729609471379,2.36191067503,-0.159027893188,-0.160404944113,0,0.999278674148,0.00458928863524,0.00420715104589,0.00460254187627
0.3702,1,0.730080929566,2.35729093795,-0.158747008814,-0.160129533928,0,0.999279609549,0.00467700433627,0.00413335455587,0.00452346371019
0.3704,1,0.730551465467,2.35267950281,-0.158465167214,-0.159853028905,0,0.999280562171,0.00476310697125,0.0040605479095,0.00444544187933
0.3706,1,0.731021080744,2.34807638598,-0.158182393974,-0.159575456567,0,0.999281531694,0.00484761836877,0.0039887186313,0.00436846308536
0.3708,1,0.731489777065,2.34348160326,-0.15789871432,-0.159296844048,0,0.999282517806,0.00493056008164,0.00391785440026,0.00429251419455
0.371,1,0.731957556099,2.33889516994,-0.157614153118,-0.159017218103,0,0.999283520197,0.00501195339031,0.00384794304792,0.00421758223569
0.3712,1,0.732424419519,2.33431710074,-0.157328734881,-0.158736605106,0,0.999284538561,0.00509181930624,0.00377897255653,0.00414365439814
0.3714,1,0.732890369001,2.32974740985,-0.157042483774,-0.158455031061,0,0.999285572596,0.00517017857525,0.00371093105716,0.00407071802982
0.3716,1,0.733355406223,2.32518611098,-0.156755423618,-0.158172521604,0,0.999286622007,0.00524705168081,0.00364380682787,0.00399876063529
0.3718,1,0.733819532866,2.32063321727,-0.156467577892,-0.157889102007,0,0.999287686499,0.00532245884728,0.0035775882919,0.0039277698738
0.372,1,0.734282750615,2.3160887414,-0.156178969742,-0.157604797184,0,0.999288765783,0.00539642004312,0.0035122640159,0.00385773355742
0.3722,1,0.734745061154,2.31155269552,-0.155889621982,-0.157319631695,0,0.999289859574,0.00546895498407,0.00344782270815,0.00378863964912
0.3724,1,0.735206466172,2.3070250913,-0.155599557099,-0.157033629753,0,0.99929096759,0.0055400831363,0.00338425321681,0.00372047626092
0.3726,1,0.73566696736,2.30250593995,-0.155308797256,-0.156746815222,0,0.999292089555,0.00560982371946,0.0033215445282,0.0036532316521
0.3728,1,0.736126566411,2.29799525215,-0.155017364299,-0.156459211629,0,0.999293225194,0.00567819570978,0.00325968576512,0.00358689422732
0.373,1,0.736585265018,2.29349303815,-0.154725279759,-0.156170842163,0,0.999294374238,0.00574521784305,0.00319866618514,0.00352145253488
0.3732,1,0.73704306488,2.28899930774,-0.154432564856,-0.155881729682,0,0.999295536419,0.00581090861764,0.00313847517895,0.00345689526493
0.3734,1,0.737499967694,2.28451407022,-0.154139240504,-0.155591896717,0,0.999296711477,0.00587528629743,0.00307910226871,0.00339321124773
0.3736,1,0.737955975161,2.28003733447,-0.153845327315,-0.155301365474,0,0.99929789915,0.00593836891469,0.00302053710647,0.00333038945193
0.3738,1,0.738411088982,2.27556910891,-0.1535508456,-0.155010157842,0,0.999299099185,0.00600017427299,0.00296276947252,0.00326841898284
0.374,1,0.738865310863,2.27110940154,-0.153255815377,-0.154718295394,0,0.999300311329,0.00606071995005,0.00290578927383,0.00320728908077
0.3742,1,0.739318642507,2.26665821991,-0.152960256372,-0.15442579939,0,0.999301535334,0.00612002330046,0.0028495865425,0.00314698911939
0.3744,1,0.739771085621,2.26221557116,-0.152664188025,-0.154132690787,0,0.999302770954,0.00617810145856,0.00279415143421,0.00308750860401
0.3746,1,0.740222641913,2.25778146201,-0.152367629491,-0.153838990234,0,0.999304017949,0.00623497134109,0.00273947422669,0.00302883717005
0.3748,1,0.740673313093,2.25335589877,-0.152070599645,-0.153544718086,0,0.999305276078,0.00629064964991,0.00268554531822,0.00297096458138
0.375,1,0.741123100871,2.24893888735,-0.151773117086,-0.153249894397,0,0.999306545109,0.0063451528747,0.00263235522616,0.00291388072875
0.3752,1,0.741572006957,2.24453043324,-0.15147520014,-0.152954538935,0,0.999307824808,0.00639849729554,0.00257989458545,0.00285757562823
0.3754,1,0.742020033066,2.24013054155,-0.151176866864,-0.152658671176,0,0.999309114948,0.00645069898555,0.00252815414721,0.00280203941967
0.3756,1,0.742467180909,2.23573921702,-0.150878135049,-0.152362310314,0,0.999310415303,0.00650177381347,0.00247712477726,0.00274726236518
0.3758,1,0.742913452202,2.23135646399,-0.150579022223,-0.152065475261,0,0.999311725651,0.00655173744613,0.00242679745472,0.0026932348476
0.376,1,0.743358848659,2.22698228641,-0.150279545656,-0.151768184653,0,0.999313045772,0.00660060535104,0.00237716327064,0.00263994736902
0.3762,1,0.743803371997,2.22261668791,-0.149979722361,-0.151470456854,0,0.99931437545,0.00664839279882,0.00232821342659,0.00258739054935
0.3764,1,0.744247023931,2.21825967169,-0.149679569099,-0.151172309955,0,0.999315714473,0.00669511486564,0.00227993923331,0.00253555512479
0.3766,1,0.744689806179,2.21391124065,-0.149379102382,-0.150873761784,0,0.99931706263,0.00674078643565,0.00223233210936,0.0024844319465
0.3768,1,0.745131720459,2.20957139731,-0.149078338477,-0.150574829903,0,0.999318419715,0.00678542220337,0.00218538357981,0.00243401197907
0.377,1,0.745572768487,2.20524014384,-0.148777293406,-0.150275531618,0,0.999319785522,0.00682903667603,0.00213908527489,0.00238428629922
0.3772,1,0.746012951984,2.20091748208,-0.148475982954,-0.149975883976,0,0.999321159851,0.00687164417591,0.00209342892873,0.00233524609435
0.3774,1,0.746452272666,2.19660341351,-0.148174422668,-0.149675903771,0,0.999322542503,0.00691325884263,0.00204840637807,0.00228688266123
0.3776,1,0.746890732254,2.19229793931,-0.14787262786,-0.149375607551,0,0.999323933282,0.00695389463541,0.00200400956097,0.00223918740459
0.3778,1,0.747328332466,2.18800106032,-0.147570613616,-0.149075011613,0,0.999325331995,0.00699356533535,0.00196023051562,0.00219215183587
0.378,1,0.747765075022,2.18371277704,-0.147268394789,-0.148774132013,0,0.999326738452,0.00703228454759,0.00191706137902,0.00214576757182
0.3782,1,0.74820096164,2.17943308968,-0.146965986012,-0.148472984568,0,0.999328152465,0.00707006570352,0.00187449438585,0.00210002633326
0.3784,1,0.748635994039,2.17516199813,-0.146663401695,-0.148171584857,0,0.999329573849,0.00710692206298,0.0018325218672,0.00205491994378
0.3786,1,0.74907017394,2.17089950197,-0.146360656027,-0.147869948225,0,0.999331002423,0.00714286671631,0.00179113624942,0.00201044032846
0.3788,1,0.74950350306,2.16664560047,-0.146057762985,-0.147568089785,0,0.999332438005,0.00717791258653,0.00175033005294,0.00196657951265
0.379,1,0.749935983118,2.16240029262,-0.145754736331,-0.147266024425,0,0.99933388042,0.00721207243139,0.00171009589108,0.00192332962071
0.3792,1,0.750367615834,2.15816357711,-0.145451589615,-0.146963766806,0,0.999335329491,0.00724535884543,0.00167042646896,0.00188068287479
0.3794,1,0.750798402924,2.15393545234,-0.145148336183,-0.146661331368,0,0.999336785048,0.007277784262,0.00163131458229,0.00183863159362
0.3796,1,0.751228346108,2.14971591642,-0.144844989173,-0.146358732331,0,0.99933824692,0.00730936095527,0.00159275311636,0.00179716819135
0.3798,1,0.751657447101,2.14550496719,-0.144541561523,-0.1460559837,0,0.999339714941,0.00734010104222,0.00155473504483,0.00175628517636
0.38,1,0.752085707621,2.14130260223,-0.144238065969,-0.145753099264,0,0.999341188944,0.00737001648459,0.00151725342869,0.00171597515005
0.3802,1,0.752513129385,2.13710881882,-0.143934515053,-0.145450092605,0,0.999342668768,0.00739911909082,0.0014803014152,0.00167623080578
0.3804,1,0.752939714108,2.13292361398,-0.14363092112,-0.145146977095,0,0.999344154252,0.00742742051792,0.0014438722368,0.00163704492766
0.3806,1,0.753365463505,2.1287469845,-0.143327296325,-0.1448437659,0,0.999345645238,0.0074549322734,0.00140795921004,0.00159841038949
0.3808,1,0.75379037929,2.12457892687,-0.143023652632,-0.144540471985,0,0.999347141571,0.00748166571711,0.00137255573459,0.0015603201536
0.381,1,0.754214463178,2.12041943735,-0.142720001819,-0.144237108114,0,0.999348643098,0.00750763206307,0.0013376552922,0.0015227672698
0.3812,1,0.75463771688,2.11626851195,-0.14241635548,-0.143933686855,0,0.999350149666,0.00753284238132,0.00130325144567,0.00148574487428
0.3814,1,0.755060142109,2.11212614643,-0.142112725027,-0.14363022058,0,0.999351661128,0.00755730759966,0.00126933783784,0.00144924618856
0.3816,1,0.755481740577,2.10799233631,-0.14180912169,-0.143326721469,0,0.999353177336,0.00758103850547,0.00123590819066,0.00141326451841
0.3818,1,0.755902513992,2.10386707688,-0.141505556525,-0.143023201514,0,0.999354698145,0.00760404574742,0.00120295630416,0.00137779325286
0.382,1,0.756322464065,2.09975036318,-0.14120204041,-0.142719672516,0,0.999356223413,0.00762633983724,0.00117047605551,0.00134282586312
0.3822,1,0.756741592503,2.09564219004,-0.140898584053,-0.142416146095,0,0.999357752999,0.00764793115137,0.00113846139805,0.0013083559016
0.3824,1,0.757159901013,2.09154255206,-0.140595197989,-0.142112633686,0,0.999359286765,0.00766882993269,0.00110690636039,0.00127437700089
0.3826,1,0.757577391302,2.08745144359,-0.140291892588,-0.141809146547,0,0.999360824574,0.00768904629219,0.00107580504544,0.00124088287279
0.3828,1,0.757994065074,2.08336885881,-0.13998867805,-0.141505695755,0,0.999362366292,0.00770859021056,0.0010451516295,0.00120786730732
0.383,1,0.758409924032,2.07929479165,-0.139685564415,-0.141202292214,0,0.999363911786,0.00772747153987,0.00101494036139,0.00117532417176
0.3832,1,0.758824969879,2.07522923584,-0.139382561558,-0.140898946654,0,0.999365460926,0.00774570000514,0.000985165561501,0.00114324740968
0.3834,1,0.759239204316,2.07117218491,-0.139079679197,-0.140595669635,0,0.999367013584,0.00776328520594,0.000955821620965,0.00111163104005
0.3836,1,0.759652629042,2.06712363217,-0.138776926891,-0.140292471547,0,0.999368569631,0.00778023661794,0.000926903000745,0.00108046915623
0.3838,1,0.760065245757,2.06308357074,-0.138474314046,-0.139989362616,0,0.999370128944,0.00779656359447,0.000898404230789,0.00104975592513
0.384,1,0.760477056155,2.05905199354,-0.138171849911,-0.139686352902,0,0.999371691399,0.00781227536804,0.000870319909176,0.00101948558626
0.3842,1,0.760888061934,2.05502889329,-0.137869543586,-0.139383452304,0,0.999373256875,0.00782738105184,0.000842644701279,0.000989652450847
0.3844,1,0.761298264786,2.05101426255,-0.137567404022,-0.13908067056,0,0.999374825253,0.00784188964122,0.000815373338927,0.000960250900933
0.3846,1,0.761707666405,2.04700809364,-0.137265440021,-0.138778017252,0,0.999376396415,0.00785581001521,0.000788500619591,0.000931275388532
0.3848,1,0.762116268481,2.04301037875,-0.136963660242,-0.138475501806,0,0.999377970245,0.00786915093789,0.000762021405575,0.000902720434744
0.385,1,0.762524072703,2.03902110986,-0.136662073198,-0.138173133493,0,0.999379546629,0.00788192105991,0.000735930623211,0.00087458062891
0.3852,1,0.762931080759,2.03504027876,-0.136360687262,-0.137870921434,0,0.999381125455,0.00789412891983,0.000710223262071,0.00084685062777
0.3854,1,0.763337294334,2.0310678771,-0.136059510667,-0.1375688746,0,0.999382706612,0.00790578294557,0.000684894374189,0.00081952515463
0.3856,1,0.763742715113,2.02710389634,-0.135758551508,-0.137267001813,0,0.99938428999,0.00791689145577,0.000659939073286,0.000792598998542
0.3858,1,0.764147344779,2.02314832777,-0.135457817744,-0.136965311752,0,0.999385875482,0.00792746266117,0.000635352534013,0.000766067013491
0.386,1,0.764551185011,2.01920116251,-0.135157317199,-0.13666381295,0,0.999387462983,0.00793750466593,0.000611129991196,0.000739924117595
0.3862,1,0.76495423749,2.01526239154,-0.134857057567,-0.1363625138,0,0.999389052388,0.00794702546897,0.000587266739094,0.000714165292316
0.3864,1,0.765356503891,2.01133200565,-0.134557046408,-0.136061422553,0,0.999390643595,0.00795603296532,0.000563758130664,0.000688785581671
0.3866,1,0.76575798589,2.0074099955,-0.134257291156,-0.135760547324,0,0.999392236502,0.00796453494737,0.000540599576841,0.00066378009147
0.3868,1,0.76615868516,2.00349635158,-0.133957799116,-0.135459896091,0,0.99939383101,0.00797253910618,0.000517786545817,0.000639143988544
0.387,1,0.766558603373,1.99959106424,-0.133658577468,-0.135159476696,0,0.99939542702,0.00798005303271,0.000495314562336,0.000614872499999
0.3872,1,0.766957742198,1.99569412366,-0.133359633268,-0.13485929685,0,0.999397024437,0.00798708421914,0.000473179207,0.000590960912466
0.3874,1,0.767356103302,1.9918055199,-0.133060973451,-0.134559364134,0,0.999398623165,0.00799364006004,0.000451376115572,0.000567404571373
0.3876,1,0.76775368835,1.98792524287,-0.132762604829,-0.134259685997,0,0.999400223111,0.00799972785361,0.0004299009783,0.000544198880213
0.3878,1,0.768150499007,1.98405328233,-0.132464534097,-0.133960269763,0,0.999401824182,0.00800535480289,0.000408749539244,0.00052133929983
0.388,1,0.768546536932,1.98018962791,-0.132166767832,-0.13366112263,0,0.999403426287,0.00801052801696,0.000387917595609,0.000498821347713
0.3882,1,0.768941803786,1.9763342691,-0.131869312495,-0.13336225167,0,0.999405029338,0.0080152545121,0.000367400997092,0.000476640597292
0.3884,1,0.769336301225,1.97248719526,-0.131572174433,-0.133063663835,0,0.999406633247,0.00801954121294,0.000347195645232,0.000454792677252
0.3886,1,0.769730030904,1.96864839562,-0.13127535988,-0.132765365955,0,0.999408237926,0.00802339495363,0.00032729749277,0.000433273270848
0.3888,1,0.770122994476,1.96481785929,-0.13097887496,-0.13246736474,0,0.99940984329,0.00802682247896,0.000307702543015,0.000412078115233
0.389,1,0.770515193591,1.96099557524,-0.130682725686,-0.132169666784,0,0.999411449256,0.00802983044549,0.000288406849223,0.000391203000789
0.3892,1,0.770906629898,1.95718153233,-0.130386917962,-0.131872278564,0,0.999413055741,0.00803242542263,0.000269406513979,0.000370643770476
0.3894,1,0.771297305042,1.95337571928,-0.130091457587,-0.131575206444,0,0.999414662664,0.00803461389376,0.000250697688587,0.000350396319176
0.3896,1,0.771687220667,1.94957812471,-0.129796350254,-0.131278456672,0,0.999416269944,0.00803640225728,0.000232276572465,0.000330456593058
0.3898,1,0.772076378414,1.94578873713,-0.129501601551,-0.130982035389,0,0.999417877504,0.00803779682771,0.000214139412561,0.00031082058894
0.39,1,0.772464779923,1.94200754491,-0.129207216966,-0.130685948621,0,0.999419485265,0.00803880383669,0.000196282502752,0.000291484353664
0.3902,1,0.77285242683,1.93823453634,-0.128913201883,-0.13039020229,0,0.99942109315,0.00803942943405,0.000178702183276,0.000272443983482
0.3904,1,0.77323932077,1.93446969958,-0.128619561587,-0.130094802209,0,0.999422701086,0.00803967968886,0.000161394840152,0.000253695623441
0.3906,1,0.773625463375,1.93071302267,-0.128326301267,-0.129799754084,0,0.999424308999,0.00803956059038,0.000144356904618,0.000235235466783
0.3908,1,0.774010856273,1.92696449359,-0.128033426011,-0.129505063521,0,0.999425916814,0.00803907804912,0.000127584852572,0.00021705975435
0.391,1,0.774395501094,1.92322410017,-0.127740940813,-0.129210736019,0,0.999427524462,0.00803823789777,0.000111075204018,0.000199164773994
0.3912,1,0.77477939946,1.91949183017,-0.127448850574,-0.128916776978,0,0.999429131871,0.00803704589223,9.4824522524e-05,0.000181546859999
0.3914,1,0.775162552994,1.91576767124,-0.127157160099,-0.128623191697,0,0.999430738972,0.00803550771254,7.88294146814e-05,0.000164202392504
0.3916,1,0.775544963316,1.91205161093,-0.126865874103,-0.128329985377,0,0.999432345698,0.00803362896385,6.30865295747e-05,0.00014712779694
0.3918,1,0.775926632043,1.9083436367,-0.12657499721,-0.128037163123,0,0.999433951981,0.00803141517735,4.75925582554e-05,0.000130319543467
0.392,1,0.776307560791,1.90464373592,-0.126284533954,-0.12774472994,0,0.999435557756,0.00802887181117,3.23442332244e-05,0.000113774146424
0.3922,1,0.77668775117,1.90095189587,-0.12599448878,-0.127452690743,0,0.999437162956,0.00802600425136,1.73383279193e-05,9.74881637843e-05
0.3924,1,0.77706720479,1.89726810372,-0.125704866047,-0.12716105035,0,0.99943876752,0.00802281781274,2.5716562073e-06,8.14581966113e-05
0.3926,1,0.77744592326,1.89359234659,-0.125415670029,-0.12686981349,0,0.999440371384,0.00801931773982,-1.19589281122e-05,6.56808885305e-05
0.3928,1,0.777823908182,1.88992461149,-0.125126904914,-0.126578984798,0,0.999441974485,0.00801550920768,-2.6256531803e-05,5.0152925202e-05
0.393,1,0.778201161159,1.88626488534,-0.124838574807,-0.126288568821,0,0.999443576765,0.00801139732283,-4.03242226795e-05,3.4871033801e-05
0.3932,1,0.77857768379,1.88261315501,-0.124550683729,-0.125998570018,0,0.999445178162,0.00800698712409,-5.41650300872e-05,1.98319825049e-05
0.3934,1,0.778953477672,1.87896940726,-0.124263235622,-0.12570899276,0,0.999446778619,0.00800228358341,-6.77819453797e-05,5.03257998647e-06
0.3936,1,0.779328544397,1.87533362879,-0.123976234348,-0.125419841333,0,0.999448378077,0.00799729160676,-8.11779223862e-05,-9.53032508676e-06
0.3938,1,0.779702885559,1.87170580622,-0.123689683687,-0.125131119936,0,0.999449976481,0.00799201603491,-9.43558778784e-05,-2.38598445467e-05
0.394,1,0.780076502744,1.86808592608,-0.123403587344,-0.124842832686,0,0.999451573773,0.00798646164426,-0.000107318692026,-3.7959051213e-05
0.3942,1,0.780449397539,1.86447397485,-0.123117948945,-0.124554983617,0,0.9994531699,0.00798063314769,-0.00012006920885,-5.18309793755e-05
0.3944,1,0.780821571527,1.86086993893,-0.122832772042,-0.124267576683,0,0.999454764807,0.00797453519529,-0.000132610236673,-6.54786252705e-05
0.3946,1,0.781193026287,1.85727380465,-0.122548060112,-0.123980615755,0,0.999456358441,0.00796817237523,-0.000144944548554,-7.8904947551e-05
0.3948,1,0.781563763399,1.85368555828,-0.122263816556,-0.123694104626,0,0.999457950751,0.00796154921445,-0.000157074882732,-9.21128677517e-05
0.395,1,0.781933784436,1.850105186,-0.121980044705,-0.123408047012,0,0.999459541685,0.0079546701795,-0.00016900394305,-0.000105105270748
0.3952,1,0.782303090971,1.84653267396,-0.121696747817,-0.123122446551,0,0.999461131193,0.00794753967729,-0.000180734399385,-0.000117885005208
0.3954,1,0.782671684573,1.84296800822,-0.121413929078,-0.122837306804,0,0.999462719225,0.0079401620558,-0.000192268888067,-0.000130454884044
0.3956,1,0.783039566808,1.83941117479,-0.121131591607,-0.122552631259,0,0.999464305734,0.00793254160487,-0.000203610012292,-0.000142817684848
0.3958,1,0.78340673924,1.83586215962,-0.120849738453,-0.122268423329,0,0.99946589067,0.0079246825569,-0.000214760342536,-0.000154976150337
0.396,1,0.783773203429,1.83232094859,-0.120568372596,-0.121984686353,0,0.999467473988,0.00791658908759,-0.000225722416956,-0.000166932988777
0.3962,1,0.784138960935,1.82878752755,-0.12028749695,-0.121701423602,0,0.999469055641,0.00790826531665,-0.00023649874179,-0.000178690874413
0.3964,1,0.784504013311,1.82526188227,-0.120007114364,-0.121418638272,0,0.999470635584,0.0078997153085,-0.000247091791756,-0.000190252447888
0.3966,1,0.784868362111,1.82174399847,-0.11972722762,-0.12113633349,0,0.999472213773,0.00789094307299,-0.000257504010436,-0.000201620316662
0.3968,1,0.785232008883,1.81823386183,-0.119447839438,-0.120854512316,0,0.999473790163,0.00788195256603,-0.000267737810668,-0.000212797055417
0.397,1,0.785594955175,1.81473145795,-0.119168952472,-0.120573177741,0,0.999475364713,0.00787274769037,-0.000277795574919,-0.000223785206467
0.3972,1,0.785957202529,1.81123677243,-0.118890569317,-0.120292332687,0,0.999476937379,0.00786333229615,-0.000287679655669,-0.000234587280157
0.3974,1,0.786318752488,1.80774979076,-0.118612692504,-0.120011980013,0,0.999478508121,0.00785371018167,-0.000297392375774,-0.00024520575526
0.3976,1,0.786679606587,1.80427049844,-0.118335324503,-0.119732122511,0,0.999480076898,0.00784388509397,-0.00030693602884,-0.000255643079362
0.3978,1,0.787039766363,1.80079888088,-0.118058467727,-0.11945276291,0,0.99948164367,0.00783386072953,-0.00031631287958,-0.000265901669258
0.398,1,0.787399233348,1.79733492347,-0.117782124528,-0.119173903873,0,0.999483208399,0.00782364073486,-0.000325525164174,-0.000275983911322
0.3982,1,0.78775800907,1.79387861156,-0.1175062972,-0.118895548004,0,0.999484771044,0.00781322870718,-0.000334575090622,-0.000285892161893
0.3984,1,0.788116095057,1.79042993044,-0.11723098798,-0.118617697843,0,0.99948633157,0.00780262819501,-0.000343464839093,-0.000295628747638
0.3986,1,0.78847349283,1.78698886536,-0.116956199049,-0.118340355871,0,0.999487889938,0.00779184269877,-0.000352196562267,-0.000305195965929
0.3988,1,0.78883020391,1.78355540155,-0.116681932532,-0.118063524506,0,0.999489446114,0.00778087567145,-0.00036077238568,-0.000314596085197
0.399,1,0.789186229815,1.78012952419,-0.116408190498,-0.117787206111,0,0.99949100006,0.00776973051914,-0.000369194408058,-0.000323831345294
0.3992,1,0.789541572058,1.77671121841,-0.116134974963,-0.117511402989,0,0.999492551742,0.00775841060167,-0.000377464701646,-0.000332903957846
0.3994,1,0.789896232152,1.77330046934,-0.115862287891,-0.117236117384,0,0.999494101126,0.00774691923318,-0.000385585312542,-0.000341816106606
0.3996,1,0.790250211605,1.76989726202,-0.11559013119,-0.116961351485,0,0.999495648178,0.00773525968268,-0.000393558261016,-0.000350569947794
0.3998,1,0.790603511921,1.76650158152,-0.11531850672,-0.116687107426,0,0.999497192865,0.00772343517466,-0.000401385541832,-0.000359167610438
0.4,1,0.790956134604,1.76311341282,-0.115047416286,-0.116413387285,0,0.999498735154,0.00771144888962,-0.000409069124562,-0.000367611196717
0.4002,1,0.791308081152,1.75973274091,-0.114776861646,-0.116140193085,0,0.999500275015,0.00769930396465,-0.000416610953902,-0.000375902782286
0.4004,1,0.791659353062,1.75635955073,-0.114506844507,-0.115867526797,0,0.999501812416,0.00768700349393,-0.000424012949978,-0.000384044416609
0.4006,1,0.792009951827,1.7529938272,-0.114237366527,-0.115595390339,0,0.999503347326,0.00767455052937,-0.000431277008648,-0.000392038123283
0.4008,1,0.792359878938,1.74963555519,-0.113968429315,-0.115323785577,0,0.999504879716,0.00766194808105,-0.000438405001806,-0.000399885900356
0.401,1,0.792709135882,1.74628471957,-0.113700034433,-0.115052714324,0,0.999506409555,0.00764919911779,-0.000445398777679,-0.000407589720646
0.4012,1,0.793057724143,1.74294130517,-0.113432183398,-0.114782178346,0,0.999507936817,0.00763630656767,-0.000452260161119,-0.000415151532053
0.4014,1,0.793405645203,1.7396052968,-0.113164877679,-0.114512179357,0,0.999509461471,0.00762327331858,-0.000458990953892,-0.000422573257866
0.4016,1,0.793752900539,1.73627667924,-0.112898118698,-0.114242719021,0,0.999510983492,0.00761010221864,-0.000465592934965,-0.000429856797071
0.4018,1,0.794099491626,1.73295543726,-0.112631907836,-0.113973798956,0,0.999512502851,0.00759679607682,-0.00047206786079,-0.00043700402465
0.402,1,0.794445419937,1.72964155558,-0.112366246426,-0.113705420732,0,0.999514019523,0.00758335766334,-0.000478417465583,-0.000444016791878
0.4022,1,0.794790686941,1.72633501893,-0.112101135759,-0.113437585871,0,0.999515533481,0.00756978971021,-0.000484643461596,-0.000450896926619
0.4024,1,0.795135294103,1.723035812,-0.111836577085,-0.113170295849,0,0.9995170447,0.00755609491171,-0.000490747539393,-0.000457646233614
0.4026,1,0.795479242887,1.71974391947,-0.111572571608,-0.112903552096,0,0.999518553155,0.00754227592486,-0.000496731368119,-0.00046426649477
0.4028,1,0.795822534752,1.716459326,-0.111309120493,-0.112637355998,0,0.999520058822,0.00752833536992,-0.000502596595762,-0.00047075946944
0.403,1,0.796165171156,1.71318201622,-0.111046224863,-0.112371708897,0,0.999521561677,0.00751427583081,-0.000508344849421,-0.000477126894704
0.4032,1,0.796507153551,1.70991197477,-0.110783885801,-0.112106612091,0,0.999523061697,0.00750009985559,-0.00051397773556,-0.000483370485648
0.4034,1,0.796848483388,1.70664918625,-0.110522104348,-0.111842066833,0,0.999524558859,0.00748580995697,-0.000519496840266,-0.00048949193563
0.4036,1,0.797189162115,1.70339363525,-0.110260881509,-0.111578074336,0,0.999526053141,0.00747140861266,-0.000524903729503,-0.000495492916557
0.4038,1,0.797529191176,1.70014530636,-0.110000218249,-0.111314635771,0,0.99952754452,0.00745689826591,-0.000530199949358,-0.000501375079146
0.404,1,0.797868572013,1.69690418413,-0.109740115493,-0.111051752266,0,0.999529032977,0.00744228132589,-0.000535387026293,-0.000507140053189
0.4042,1,0.798207306064,1.69367025312,-0.10948057413,-0.110789424911,0,0.999530518489,0.00742756016814,-0.000540466467383,-0.00051278944781
0.4044,1,0.798545394763,1.69044349787,-0.109221595013,-0.110527654755,0,0.999532001036,0.007412737135,-0.000545439760561,-0.000518324851724
0.4046,1,0.798882839544,1.68722390292,-0.108963178957,-0.110266442807,0,0.999533480599,0.00739781453605,-0.000550308374853,-0.000523747833492
0.4048,1,0.799219641834,1.68401145277,-0.108705326741,-0.110005790037,0,0.999534957158,0.00738279464849,-0.000555073760612,-0.000529059941764
0.405,1,0.799555803061,1.68080613196,-0.108448039109,-0.109745697378,0,0.999536430694,0.00736767971759,-0.000559737349753,-0.000534262705533
0.4052,1,0.799891324646,1.67760792496,-0.108191316771,-0.109486165724,0,0.999537901188,0.00735247195708,-0.000564300555979,-0.000539357634377
0.4054,1,0.800226208009,1.67441681629,-0.107935160401,-0.109227195933,0,0.999539368623,0.00733717354953,-0.000568764775008,-0.000544346218698
0.4056,1,0.800560454567,1.67123279042,-0.107679570641,-0.108968788827,0,0.99954083298,0.0073217866468,-0.000573131384798,-0.00054922992996
0.4058,1,0.800894065733,1.66805583184,-0.107424548097,-0.10871094519,0,0.999542294243,0.00730631337039,-0.000577401745764,-0.000554010220927
0.406,1,0.801227042918,1.66488592503,-0.107170093345,-0.108453665771,0,0.999543752394,0.00729075581185,-0.000581577200998,-0.000558688525895
0.4062,1,0.801559387529,1.66172305445,-0.106916206927,-0.108196951286,0,0.999545207417,0.00727511603315,-0.000585659076485,-0.000563266260916
0.4064,1,0.80189110097,1.65856720457,-0.106662889353,-0.107940802414,0,0.999546659296,0.00725939606705,-0.000589648681313,-0.000567744824029
0.4066,1,0.802222184642,1.65541835985,-0.106410141103,-0.107685219802,0,0.999548108016,0.0072435979175,-0.000593547307885,-0.000572125595486
0.4068,1,0.802552639943,1.65227650475,-0.106157962626,-0.107430204062,0,0.999549553561,0.00722772355999,-0.000597356232126,-0.000576409937966
0.407,1,0.802882468268,1.64914162373,-0.105906354338,-0.107175755775,0,0.999550995916,0.00721177494191,-0.000601076713686,-0.000580599196798
0.4072,1,0.803211671008,1.64601370125,-0.105655316628,-0.106921875488,0,0.999552435067,0.00719575398295,-0.000604709996145,-0.000584694700176
0.4074,1,0.803540249553,1.64289272175,-0.105404849855,-0.106668563716,0,0.999553870999,0.00717966257537,-0.000608257307211,-0.000588697759369
0.4076,1,0.803868205286,1.6397786697,-0.105154954347,-0.106415820944,0,0.9995553037,0.00716350258444,-0.000611719858915,-0.000592609668938
0.4078,1,0.804195539592,1.63667152955,-0.104905630405,-0.106163647624,0,0.999556733155,0.00714727584876,-0.000615098847813,-0.000596431706933
0.408,1,0.80452225385,1.63357128575,-0.104656878302,-0.10591204418,0,0.999558159352,0.00713098418054,-0.000618395455168,-0.000600165135109
0.4082,1,0.804848349434,1.63047792276,-0.104408698283,-0.105661011005,0,0.999559582277,0.00711462936605,-0.000621610847151,-0.000603811199121
0.4084,1,0.805173827719,1.62739142503,-0.104161090566,-0.10541054846,0,0.99956100192,0.00709821316586,-0.00062474617502,-0.000607371128727
0.4086,1,0.805498690074,1.62431177704,-0.10391405534,-0.105160656881,0,0.999562418268,0.0070817373152,-0.000627802575309,-0.000610846137986
0.4088,1,0.805822937867,1.62123896324,-0.10366759277,-0.104911336573,0,0.999563831308,0.0070652035243,-0.000630781170014,-0.00061423742545
0.409,1,0.806146572461,1.61817296811,-0.103421702994,-0.104662587812,0,0.999565241031,0.0070486134787,-0.000633683066765,-0.000617546174363
0.4092,1,0.806469595216,1.61511377611,-0.103176386125,-0.104414410849,0,0.999566647425,0.00703196883956,-0.000636509359017,-0.000620773552843
0.4094,1,0.80679200749,1.61206137173,-0.102931642249,-0.104166805904,0,0.999568050479,0.00701527124397,-0.000639261126216,-0.000623920714078
0.4096,1,0.807113810638,1.60901573944,-0.10268747143,-0.103919773173,0,0.999569450183,0.00699852230529,-0.000641939433978,-0.000626988796506
0.4098,1,0.807435006011,1.60597686374,-0.102443873704,-0.103673312824,0,0.999570846528,0.00698172361343,-0.000644545334258,-0.000629978924
0.41,1,0.807755594957,1.60294472912,-0.102200849087,-0.103427425,0,0.999572239504,0.00696487673514,-0.000647079865526,-0.000632892206052
0.4102,1,0.808075578821,1.59991932009,-0.101958397567,-0.103182109818,0,0.9995736291,0.00694798321434,-0.000649544052926,-0.000635729737947
0.4104,1,0.808394958945,1.59690062115,-0.101716519112,-0.102937367367,0,0.999575015309,0.00693104457239,-0.000651938908452,-0.000638492600943
0.4106,1,0.808713736668,1.59388861682,-0.101475213665,-0.102693197716,0,0.999576398122,0.0069140623084,-0.000654265431103,-0.000641181862444
0.4108,1,0.809031913327,1.59088329163,-0.101234481148,-0.102449600906,0,0.999577777529,0.00689703789949,-0.000656524607049,-0.000643798576176
0.411,1,0.809349490253,1.58788463012,-0.10099432146,-0.102206576954,0,0.999579153524,0.00687997280111,-0.000658717409789,-0.000646343782351
0.4112,1,0.809666468776,1.58489261682,-0.100754734477,-0.101964125855,0,0.999580526097,0.00686286844727,-0.000660844800313,-0.000648818507838
0.4114,1,0.809982850223,1.5819072363,-0.100515720057,-0.10172224758,0,0.999581895243,0.00684572625087,-0.00066290772725,-0.000651223766333
0.4116,1,0.810298635918,1.57892847312,-0.100277278032,-0.101480942075,0,0.999583260952,0.00682854760395,-0.00066490712703,-0.000653560558517
0.4118,1,0.81061382718,1.57595631185,-0.100039408217,-0.101240209267,0,0.999584623219,0.00681133387795,-0.00066684392403,-0.000655829872219
0.412,1,0.810928425328,1.57299073708,-0.099802110404,-0.101000049057,0,0.999585982036,0.00679408642397,-0.000668719030729,-0.000658032682581
0.4122,1,0.811242431674,1.57003173341,-0.0995653843671,-0.100760461326,0,0.999587337398,0.00677680657307,-0.000670533347851,-0.000660169952211
0.4124,1,0.811555847532,1.56707928545,-0.0993292298591,-0.100521445934,0,0.999588689297,0.0067594956365,-0.000672287764515,-0.000662242631339
0.4126,1,0.811868674207,1.56413337783,-0.0990936466136,-0.100283002719,0,0.999590037728,0.00674215490596,-0.000673983158381,-0.000664251657974
0.4128,1,0.812180913006,1.56119399517,-0.0988586343451,-0.100045131498,0,0.999591382685,0.00672478565385,-0.000675620395788,-0.000666197958055
0.413,1,0.812492565231,1.55826112213,-0.0986241927491,-0.0998078320675,0,0.999592724163,0.00670738913355,-0.000677200331899,-0.000668082445602
0.4132,1,0.812803632179,1.55533474338,-0.0983903215027,-0.0995711042038,0,0.999594062156,0.00668996657961,-0.000678723810839,-0.000669906022861
0.4134,1,0.813114115148,1.55241484358,-0.0981570202647,-0.0993349476636,0,0.99959539666,0.00667251920805,-0.000680191665833,-0.000671669580457
0.4136,1,0.813424015429,1.54950140743,-0.0979242886758,-0.0990993621838,0,0.999596727669,0.00665504821658,-0.000681604719342,-0.000673373997532
0.4138,1,0.813733334313,1.54659441963,-0.0976921263594,-0.0988643474822,0,0.99959805518,0.00663755478481,-0.000682963783195,-0.000675020141894
0.414,1,0.814042073086,1.54369386492,-0.0974605329212,-0.0986299032577,0,0.999599379188,0.00662004007454,-0.000684269658726,-0.000676608870154
0.4142,1,0.814350233032,1.54079972801,-0.0972295079501,-0.0983960291904,0,0.999600699689,0.00660250522993,-0.000685523136901,-0.000678141027869
0.4144,1,0.814657815431,1.53791199368,-0.096999051018,-0.0981627249423,0,0.99960201668,0.0065849513778,-0.00068672499845,-0.000679617449675
0.4146,1,0.81496482156,1.53503064668,-0.0967691616805,-0.0979299901575,0,0.999603330156,0.00656737962779,-0.000687876013992,-0.00068103895943
0.4148,1,0.815271252694,1.5321556718,-0.0965398394769,-0.0976978244621,0,0.999604640114,0.0065497910726,-0.000688976944163,-0.000682406370342
0.415,1,0.815577110105,1.52928705385,-0.0963110839307,-0.097466227465,0,0.999605946551,0.00653218678826,-0.000690028539741,-0.000683720485106
0.4152,1,0.815882395061,1.52642477764,-0.0960828945495,-0.0972351987582,0,0.999607249465,0.00651456783427,-0.000691031541769,-0.000684982096033
0.4154,1,0.816187108826,1.52356882802,-0.0958552708256,-0.0970047379164,0,0.999608548852,0.00649693525386,-0.000691986681675,-0.000686191985181
0.4156,1,0.816491252664,1.52071918983,-0.0956282122365,-0.0967748444983,0,0.99960984471,0.00647929007422,-0.000692894681393,-0.000687350924479
0.4158,1,0.816794827834,1.51787584795,-0.0954017182443,-0.0965455180459,0,0.999611137036,0.00646163330666,-0.000693756253481,-0.000688459675862
0.416,1,0.817097835591,1.51503878728,-0.0951757882969,-0.0963167580856,0,0.99961242583,0.00644396594685,-0.00069457210124,-0.000689518991386
0.4162,1,0.81740027719,1.51220799273,-0.0949504218276,-0.0960885641278,0,0.999613711087,0.00642628897501,-0.000695342918828,-0.000690529613357
0.4164,1,0.81770215388,1.50938344922,-0.0947256182559,-0.0958609356678,0,0.999614992808,0.00640860335614,-0.000696069391374,-0.000691492274451
0.4166,1,0.818003466908,1.50656514171,-0.0945013769872,-0.0956338721854,0,0.99961627099,0.00639091004017,-0.000696752195091,-0.000692407697836
0.4168,1,0.818304217519,1.50375305516,-0.0942776974134,-0.0954073731458,0,0.999617545632,0.0063732099622,-0.000697391997389,-0.000693276597287
0.417,1,0.818604406954,1.50094717457,-0.094054578913,-0.0951814379993,0,0.999618816733,0.00635550404267,-0.000697989456982,-0.000694099677307
0.4172,1,0.818904036451,1.49814748494,-0.0938320208514,-0.0949560661821,0,0.999620084292,0.00633779318758,-0.000698545224002,-0.000694877633242
0.4174,1,0.819203107245,1.4953539713,-0.0936100225812,-0.0947312571159,0,0.999621348307,0.00632007828864,-0.000699059940099,-0.000695611151394
0.4176,1,0.819501620569,1.49256661872,-0.0933885834421,-0.094507010209,0,0.999622608779,0.00630236022349,-0.000699534238554,-0.000696300909135
0.4178,1,0.819799577651,1.48978541225,-0.0931677027616,-0.0942833248556,0,0.999623865707,0.00628463985585,-0.000699968744376,-0.000696947575019
0.418,1,0.820096979719,1.48701033699,-0.092947379855,-0.0940602004368,0,0.999625119091,0.00626691803576,-0.000700364074416,-0.00069755180889
0.4182,1,0.820393827994,1.48424137806,-0.0927276140256,-0.0938376363205,0,0.99962636893,0.0062491955997,-0.00070072083746,-0.000698114261996
0.4184,1,0.820690123699,1.4814785206,-0.0925084045647,-0.0936156318615,0,0.999627615225,0.0062314733708,-0.000701039634332,-0.000698635577088
0.4186,1,0.820985868049,1.47872174976,-0.0922897507525,-0.0933941864021,0,0.999628857975,0.006213752159,-0.000701321057997,-0.000699116388537
0.4188,1,0.821281062259,1.47597105072,-0.0920716518574,-0.0931732992722,0,0.999630097182,0.00619603276126,-0.000701565693655,-0.000699557322429
0.419,1,0.82157570754,1.4732264087,-0.0918541071372,-0.0929529697892,0,0.999631332845,0.00617831596167,-0.000701774118842,-0.000699958996674
0.4192,1,0.821869805102,1.47048780891,-0.0916371158383,-0.0927331972588,0,0.999632564965,0.00616060253167,-0.000701946903523,-0.000700322021108
0.4194,1,0.822163356149,1.4677552366,-0.0914206771967,-0.0925139809747,0,0.999633793544,0.0061428932302,-0.000702084610189,-0.000700646997591
0.4196,1,0.822456361885,1.46502867706,-0.0912047904379,-0.0922953202191,0,0.999635018582,0.00612518880386,-0.00070218779395,-0.000700934520111
0.4198,1,0.822748823508,1.46230811556,-0.0909894547769,-0.0920772142629,0,0.99963624008,0.00610748998708,-0.000702257002625,-0.000701185174878
0.42,1,0.823040742216,1.45959353745,-0.0907746694188,-0.0918596623657,0,0.999637458039,0.00608979750228,-0.000702292776837,-0.000701399540428
0.4202,1,0.823332119201,1.45688492805,-0.0905604335586,-0.0916426637763,0,0.999638672462,0.00607211206002,-0.000702295650101,-0.00070157818771
0.4204,1,0.823622955656,1.45418227274,-0.0903467463819,-0.0914262177328,0,0.999639883349,0.00605443435918,-0.000702266148916,-0.000701721680188
0.4206,1,0.823913252767,1.45148555691,-0.0901336070643,-0.0912103234626,0,0.999641090702,0.00603676508709,-0.000702204792846,-0.000701830573933
0.4208,1,0.82420301172,1.44879476597,-0.0899210147726,-0.0909949801829,0,0.999642294523,0.00601910491968,-0.000702112094617,-0.000701905417716
0.421,1,0.824492233697,1.44610988537,-0.0897089686641,-0.0907801871009,0,0.999643494813,0.00600145452167,-0.000701988560193,-0.000701946753096
0.4212,1,0.824780919877,1.44343090057,-0.0894974678871,-0.0905659434135,0,0.999644691576,0.00598381454667,-0.000701834688868,-0.000701955114515
0.4214,1,0.825069071437,1.44075779706,-0.0892865115813,-0.0903522483082,0,0.999645884813,0.00596618563735,-0.000701650973345,-0.000701931029386
0.4216,1,0.825356689549,1.43809056036,-0.0890760988777,-0.0901391009628,0,0.999647074527,0.0059485684256,-0.000701437899823,-0.000701875018178
0.4218,1,0.825643775384,1.43542917602,-0.0888662288988,-0.0899265005458,0,0.99964826072,0.00593096353266,-0.000701195948074,-0.000701787594507
0.422,1,0.82593033011,1.43277362959,-0.0886569007589,-0.0897144462164,0,0.999649443394,0.00591337156923,-0.000700925591525,-0.00070166926522
0.4222,1,0.826216354891,1.43012390667,-0.0884481135641,-0.0895029371249,0,0.999650622553,0.00589579313568,-0.000700627297343,-0.000701520530481
0.4224,1,0.82650185089,1.42747999287,-0.0882398664128,-0.0892919724128,0,0.999651798199,0.00587822882212,-0.000700301526505,-0.000701341883854
0.4226,1,0.826786819265,1.42484187385,-0.0880321583953,-0.0890815512128,0,0.999652970334,0.00586067920858,-0.00069994873388,-0.000701133812384
0.4228,1,0.827071261172,1.42220953528,-0.0878249885946,-0.0888716726493,0,0.999654138963,0.00584314486513,-0.000699569368308,-0.000700896796683
0.423,1,0.827355177764,1.41958296284,-0.087618356086,-0.0886623358383,0,0.999655304089,0.00582562635199,-0.000699163872671,-0.000700631311008
0.4232,1,0.827638570193,1.41696214226,-0.0874122599376,-0.0884535398879,0,0.999656465713,0.00580812421971,-0.000698732683972,-0.00070033782334
0.4234,1,0.827921439605,1.4143470593,-0.0872066992105,-0.0882452838978,0,0.999657623841,0.00579063900927,-0.000698276233406,-0.000700016795467
0.4236,1,0.828203787145,1.41173769972,-0.0870016729586,-0.0880375669604,0,0.999658778476,0.0057731712522,-0.000697794946434,-0.000699668683054
0.4238,1,0.828485613954,1.40913404934,-0.0867971802291,-0.08783038816,0,0.99965992962,0.00575572147073,-0.000697289242856,-0.00069929393573
0.424,1,0.828766921173,1.40653609398,-0.0865932200625,-0.0876237465738,0,0.999661077278,0.00573829017791,-0.000696759536882,-0.000698892997156
0.4242,1,0.829047709937,1.4039438195,-0.0863897914927,-0.0874176412715,0,0.999662221453,0.0057208778777,-0.0006962062372,-0.000698466305101
0.4244,1,0.82932798138,1.40135721178,-0.0861868935473,-0.0872120713158,0,0.99966336215,0.00570348506514,-0.000695629747048,-0.000698014291521
0.4246,1,0.829607736631,1.39877625674,-0.0859845252478,-0.0870070357621,0,0.999664499373,0.00568611222645,-0.000695030464283,-0.000697537382626
0.4248,1,0.829886976819,1.39620094031,-0.0857826856091,-0.0868025336592,0,0.999665633125,0.00566875983914,-0.000694408781444,-0.000697035998958
0.425,1,0.830165703069,1.39363124847,-0.0855813736408,-0.0865985640492,0,0.999666763411,0.00565142837212,-0.000693765085826,-0.000696510555455
0.4252,1,0.830443916502,1.3910671672,-0.0853805883461,-0.0863951259675,0,0.999667890234,0.00563411828587,-0.000693099759541,-0.000695961461529
0.4254,1,0.830721618239,1.38850868253,-0.0851803287228,-0.0861922184432,0,0.9996690136,0.00561683003248,-0.000692413179587,-0.000695389121132
0.4256,1,0.830998809395,1.38595578051,-0.0849805937631,-0.0859898404991,0,0.999670133513,0.0055995640558,-0.000691705717906,-0.000694793932823
0.4258,1,0.831275491084,1.38340844722,-0.0847813824538,-0.0857879911519,0,0.999671249977,0.00558232079157,-0.000690977741454,-0.000694176289839
0.426,1,0.831551664418,1.38086666876,-0.0845826937763,-0.0855866694123,0,0.999672362997,0.00556510066749,-0.000690229612264,-0.000693536580162
0.4262,1,0.831827330504,1.37833043127,-0.084384526707,-0.0853858742851,0,0.999673472578,0.00554790410336,-0.000689461687502,-0.000692875186583
0.4264,1,0.832102490448,1.37579972092,-0.0841868802171,-0.0851856047695,0,0.999674578724,0.00553073151116,-0.000688674319535,-0.000692192486767
0.4266,1,0.832377145353,1.37327452389,-0.0839897532729,-0.084985859859,0,0.999675681441,0.00551358329519,-0.000687867855987,-0.00069148885332
0.4268,1,0.832651296318,1.3707548264,-0.083793144836,-0.0847866385418,0,0.999676780733,0.00549645985213,-0.000687042639803,-0.000690764653854
0.427,1,0.832924944441,1.36824061471,-0.0835970538632,-0.0845879398006,0,0.999677876605,0.0054793615712,-0.000686199009301,-0.000690020251043
0.4272,1,0.833198090816,1.36573187509,-0.083401479307,-0.0843897626131,0,0.999678969063,0.00546228883421,-0.000685337298239,-0.000689256002695
0.4274,1,0.833470736535,1.36322859385,-0.083206420115,-0.0841921059519,0,0.999680058112,0.00544524201567,-0.000684457835869,-0.000688472261804
0.4276,1,0.833742882687,1.36073075732,-0.0830118752311,-0.0839949687845,0,0.999681143756,0.00542822148293,-0.000683560946989,-0.000687669376617
0.4278,1,0.834014530357,1.35823835186,-0.0828178435944,-0.0837983500738,0,0.999682226001,0.00541122759622,-0.000682646952008,-0.000686847690691
0.428,1,0.83428568063,1.35575136387,-0.0826243241402,-0.0836022487779,0,0.999683304853,0.00539426070881,-0.000681716166996,-0.000686007542955
0.4282,1,0.834556334586,1.35326977978,-0.0824313157999,-0.0834066638504,0,0.999684380318,0.00537732116703,-0.000680768903739,-0.000685149267763
0.4284,1,0.834826493303,1.35079358603,-0.0822388175008,-0.0832115942403,0,0.9996854524,0.00536040931043,-0.000679805469794,-0.000684273194958
0.4286,1,0.835096157857,1.3483227691,-0.0820468281666,-0.0830170388924,0,0.999686521105,0.00534352547184,-0.000678826168545,-0.000683379649925
0.4288,1,0.83536532932,1.3458573155,-0.0818553467172,-0.0828229967472,0,0.999687586439,0.00532666997749,-0.00067783129925,-0.000682468953649
0.429,1,0.835634008762,1.34339721178,-0.0816643720691,-0.0826294667412,0,0.999688648407,0.00530984314704,-0.000676821157098,-0.000681541422769
0.4292,1,0.835902197251,1.34094244449,-0.0814739031352,-0.0824364478068,0,0.999689707016,0.00529304529376,-0.00067579603326,-0.000680597369635
0.4294,1,0.836169895851,1.33849300025,-0.0812839388252,-0.0822439388725,0,0.999690762272,0.00527627672454,-0.000674756214938,-0.00067963710236
0.4296,1,0.836437105624,1.33604886567,-0.0810944780454,-0.082051938863,0,0.999691814179,0.00525953774001,-0.000673701985416,-0.000678660924876
0.4298,1,0.83670382763,1.33361002742,-0.0809055196991,-0.0818604466995,0,0.999692862745,0.00524282863462,-0.000672633624109,-0.000677669136984
0.43,1,0.836970062924,1.33117647217,-0.0807170626865,-0.0816694612994,0,0.999693907975,0.00522614969675,-0.000671551406615,-0.000676662034409
0.4302,1,0.837235812561,1.32874818666,-0.0805291059047,-0.0814789815768,0,0.999694949875,0.00520950120876,-0.000670455604758,-0.00067563990885
0.4304,1,0.837501077593,1.32632515762,-0.0803416482481,-0.0812890064424,0,0.999695988452,0.00519288344707,-0.000669346486642,-0.000674603048032
0.4306,1,0.837765859067,1.32390737183,-0.0801546886082,-0.0810995348035,0,0.999697023711,0.00517629668229,-0.000668224316693,-0.000673551735754
0.4308,1,0.838030158031,1.32149481609,-0.079968225874,-0.0809105655645,0,0.999698055659,0.00515974117924,-0.000667089355707,-0.000672486251942
0.431,1,0.838293975526,1.31908747725,-0.0797822589318,-0.0807220976264,0,0.999699084303,0.00514321719708,-0.0006659418609,-0.000671406872695
0.4312,1,0.838557312594,1.31668534217,-0.0795967866655,-0.0805341298875,0,0.999700109648,0.00512672498936,-0.000664782085947,-0.000670313870336
0.4314,1,0.838820170274,1.31428839774,-0.0794118079563,-0.0803466612431,0,0.999701131701,0.00511026480409,-0.00066361028103,-0.000669207513458
0.4316,1,0.8390825496,1.31189663089,-0.0792273216834,-0.0801596905857,0,0.999702150468,0.00509383688387,-0.000662426692886,-0.000668088066972
0.4318,1,0.839344451606,1.30951002857,-0.0790433267236,-0.0799732168052,0,0.999703165956,0.0050774414659,-0.000661231564842,-0.000666955792155
0.432,1,0.839605877321,1.30712857778,-0.0788598219517,-0.0797872387889,0,0.999704178172,0.00506107878208,-0.000660025136869,-0.000665810946693
0.4322,1,0.839866827775,1.30475226552,-0.0786768062402,-0.0796017554215,0,0.999705187122,0.00504474905912,-0.000658807645613,-0.000664653784728
0.4324,1,0.84012730399,1.30238107885,-0.0784942784597,-0.0794167655852,0,0.999706192813,0.00502845251855,-0.00065757932445,-0.000663484556905
0.4326,1,0.840387306991,1.30001500484,-0.0783122374791,-0.0792322681601,0,0.99970719525,0.00501218937683,-0.000656340403515,-0.000662303510414
0.4328,1,0.840646837797,1.2976540306,-0.0781306821651,-0.0790482620239,0,0.999708194442,0.00499595984542,-0.000655091109752,-0.000661110889034
0.433,1,0.840905897426,1.29529814326,-0.0779496113829,-0.0788647460521,0,0.999709190395,0.00497976413085,-0.000653831666953,-0.000659906933178
0.4332,1,0.841164486892,1.29294732999,-0.077769023996,-0.0786817191183,0,0.999710183116,0.00496360243477,-0.000652562295793,-0.000658691879933
0.4334,1,0.841422607208,1.29060157799,-0.0775889188662,-0.0784991800938,0,0.999711172611,0.00494747495405,-0.000651283213877,-0.000657465963105
0.4336,1,0.841680259383,1.28826087449,-0.0774092948538,-0.0783171278483,0,0.999712158887,0.00493138188081,-0.000649994635774,-0.000656229413259
0.4338,1,0.841937444424,1.28592520674,-0.0772301508178,-0.0781355612494,0,0.999713141952,0.00491532340253,-0.000648696773057,-0.000654982457762
0.434,1,0.842194163336,1.28359456203,-0.0770514856156,-0.0779544791631,0,0.999714121812,0.00489929970207,-0.000647389834343,-0.000653725320821
0.4342,1,0.842450417122,1.28126892768,-0.0768732981034,-0.0777738804536,0,0.999715098474,0.00488331095778,-0.000646074025327,-0.000652458223525
0.4344,1,0.84270620678,1.27894829105,-0.0766955871363,-0.0775937639835,0,0.999716071945,0.00486735734353,-0.000644749548823,-0.000651181383886
0.4346,1,0.842961533308,1.2766326395,-0.0765183515679,-0.0774141286141,0,0.999717042233,0.00485143902878,-0.000643416604798,-0.000649895016873
0.4348,1,0.8432163977,1.27432196045,-0.076341590251,-0.0772349732049,0,0.999718009344,0.00483555617868,-0.00064207539041,-0.000648599334458
0.435,1,0.843470800948,1.27201624135,-0.0761653020371,-0.0770562966141,0,0.999718973286,0.00481970895406,-0.000640726100043,-0.000647294545648
0.4352,1,0.843724744042,1.26971546965,-0.0759894857771,-0.0768780976987,0,0.999719934066,0.00480389751155,-0.000639368925343,-0.000645980856527
0.4354,1,0.843978227969,1.26741963286,-0.0758141403207,-0.0767003753144,0,0.99972089169,0.00478812200364,-0.000638004055252,-0.00064465847029
0.4356,1,0.844231253713,1.26512871851,-0.0756392645168,-0.0765231283156,0,0.999721846167,0.00477238257869,-0.000636631676043,-0.000643327587283
0.4358,1,0.844483822255,1.26284271417,-0.0754648572136,-0.0763463555559,0,0.999722797503,0.00475667938105,-0.000635251971356,-0.000641988405035
0.436,1,0.844735934577,1.26056160742,-0.0752909172585,-0.0761700558874,0,0.999723745705,0.00474101255105,-0.000633865122227,-0.000640641118299
0.4362,1,0.844987591654,1.2582853859,-0.0751174434984,-0.0759942281616,0,0.999724690781,0.00472538222514,-0.000632471307128,-0.000639285919085
0.4364,1,0.845238794461,1.25601403724,-0.0749444347794,-0.075818871229,0,0.999725632739,0.00470978853587,-0.000631070701992,-0.000637922996693
0.4366,1,0.845489543971,1.25374754914,-0.0747718899473,-0.0756439839391,0,0.999726571585,0.00469423161199,-0.000629663480252,-0.000636552537753
0.4368,1,0.845739841153,1.25148590931,-0.0745998078472,-0.0754695651407,0,0.999727507328,0.0046787115785,-0.000628249812871,-0.000635174726253
0.437,1,0.845989686974,1.24922910549,-0.0744281873239,-0.075295613682,0,0.999728439974,0.00466322855668,-0.00062682986837,-0.000633789743576
0.4372,1,0.846239082399,1.24697712546,-0.0742570272218,-0.0751221284104,0,0.99972936953,0.00464778266418,-0.000625403812866,-0.000632397768535
0.4374,1,0.846488028391,1.24472995702,-0.0740863263851,-0.0749491081727,0,0.999730296005,0.00463237401503,-0.000623971810097,-0.000630998977401
0.4376,1,0.846736525908,1.24248758801,-0.0739160836576,-0.0747765518152,0,0.999731219405,0.00461700271974,-0.000622534021456,-0.000629593543941
0.4378,1,0.84698457591,1.24025000629,-0.0737462978831,-0.0746044581836,0,0.999732139739,0.00460166888532,-0.000621090606018,-0.000628181639444
0.438,1,0.84723217935,1.23801719976,-0.0735769679049,-0.0744328261235,0,0.999733057014,0.00458637261534,-0.000619641720574,-0.000626763432759
0.4382,1,0.847479337181,1.23578915635,-0.0734080925666,-0.0742616544798,0,0.999733971236,0.00457111400996,-0.000618187519657,-0.000625339090322
0.4384,1,0.847726050354,1.23356586402,-0.0732396707115,-0.0740909420972,0,0.999734882415,0.00455589316603,-0.000616728155569,-0.000623908776189
0.4386,1,0.847972319816,1.23134731074,-0.0730717011831,-0.07392068782,0,0.999735790557,0.00454071017709,-0.000615263778417,-0.000622472652065
0.4388,1,0.848218146513,1.22913348455,-0.0729041828249,-0.0737508904927,0,0.99973669567,0.00452556513344,-0.000613794536134,-0.000621030877335
0.439,1,0.848463531387,1.22692437348,-0.0727371144803,-0.0735815489591,0,0.999737597762,0.00451045812217,-0.000612320574511,-0.000619583609095
0.4392,1,0.848708475381,1.22471996561,-0.0725704949931,-0.0734126620633,0,0.99973849684,0.00449538922726,-0.000610842037222,-0.000618131002178
0.4394,1,0.84895297943,1.22252024906,-0.0724043232074,-0.0732442286493,0,0.999739392911,0.00448035852954,-0.000609359065853,-0.000616673209187
0.4396,1,0.849197044473,1.22032521196,-0.0722385979671,-0.0730762475609,0,0.999740285985,0.00446536610681,-0.000607871799928,-0.00061521038052
0.4398,1,0.849440671441,1.21813484248,-0.072073318117,-0.0729087176421,0,0.999741176067,0.00445041203386,-0.000606380376937,-0.000613742664402
0.44,1,0.849683861267,1.21594912882,-0.0719084825017,-0.0727416377371,0,0.999742063166,0.0044354963825,-0.000604884932359,-0.000612270206909
0.4402,1,0.849926614879,1.21376805921,-0.0717440899665,-0.07257500669,0,0.99974294729,0.00442061922163,-0.000603385599693,-0.000610793151999
0.4404,1,0.850168933203,1.21159162191,-0.0715801393571,-0.0724088233453,0,0.999743828446,0.00440578061727,-0.000601882510477,-0.000609311641538
0.4406,1,0.850410817164,1.2094198052,-0.0714166295195,-0.0722430865477,0,0.999744706642,0.00439098063259,-0.000600375794319,-0.000607825815326
0.4408,1,0.850652267684,1.20725259742,-0.0712535593005,-0.0720777951421,0,0.999745581886,0.00437621932799,-0.00059886557892,-0.000606335811124
0.441,1,0.850893285681,1.2050899869,-0.0710909275472,-0.0719129479737,0,0.999746454186,0.0043614967611,-0.000597351990098,-0.000604841764683
0.4412,1,0.851133872074,1.20293196203,-0.0709287331073,-0.0717485438884,0,0.999747323548,0.00434681298684,-0.000595835151811,-0.000603343809766
0.4414,1,0.851374027776,1.20077851122,-0.0707669748294,-0.0715845817322,0,0.999748189982,0.00433216805749,-0.000594315186184,-0.000601842078175
0.4416,1,0.8516137537,1.1986296229,-0.0706056515626,-0.0714210603516,0,0.999749053494,0.00431756202266,-0.000592792213533,-0.000600336699777
0.4418,1,0.851853050757,1.19648528556,-0.0704447621566,-0.0712579785938,0,0.999749914093,0.00430299492939,-0.000591266352384,-0.000598827802528
0.442,1,0.852091919855,1.19434548768,-0.0702843054621,-0.0710953353064,0,0.999750771787,0.00428846682219,-0.0005897377195,-0.000597315512499
0.4422,1,0.852330361899,1.1922102178,-0.0701242803304,-0.0709331293375,0,0.999751626582,0.00427397774302,-0.000588206429903,-0.0005957999539
0.4424,1,0.852568377791,1.19007946448,-0.0699646856138,-0.0707713595361,0,0.999752478488,0.00425952773139,-0.000586672596897,-0.0005942812491
0.4426,1,0.852805968435,1.1879532163,-0.0698055201653,-0.0706100247516,0,0.999753327511,0.00424511682438,-0.000585136332087,-0.00059275951866
0.4428,1,0.853043134727,1.1858314619,-0.0696467828389,-0.0704491238344,0,0.99975417366,0.00423074505665,-0.000583597745407,-0.000591234881345
0.443,1,0.853279877565,1.18371418991,-0.0694884724896,-0.0702886556353,0,0.999755016943,0.00421641246054,-0.000582056945136,-0.000589707454157
0.4432,1,0.853516197843,1.18160138901,-0.0693305879731,-0.0701286190062,0,0.999755857366,0.00420211906601,-0.000580514037923,-0.000588177352353
0.4434,1,0.853752096452,1.17949304792,-0.0691731281465,-0.0699690127995,0,0.999756694939,0.00418786490078,-0.000578969128806,-0.000586644689467
0.4436,1,0.853987574284,1.17738915538,-0.0690160918675,-0.0698098358689,0,0.999757529669,0.0041736499903,-0.000577422321234,-0.000585109577335
0.4438,1,0.854222632224,1.17528970014,-0.0688594779953,-0.0696510870686,0,0.999758361564,0.00415947435778,-0.000575873717088,-0.000583572126115
0.444,1,0.854457271158,1.17319467102,-0.06870328539,-0.069492765254,0,0.999759190632,0.00414533802428,-0.000574323416701,-0.00058203244431
0.4442,1,0.854691491969,1.17110405683,-0.0685475129127,-0.0693348692812,0,0.99976001688,0.00413124100869,-0.000572771518877,-0.000580490638788
0.4444,1,0.854925295538,1.16901784644,-0.0683921594259,-0.0691773980075,0,0.999760840317,0.00411718332779,-0.000571218120913,-0.000578946814806
0.4446,1,0.855158682744,1.16693602872,-0.0682372237932,-0.0690203502912,0,0.99976166095,0.00410316499627,-0.000569663318616,-0.000577401076027
0.4448,1,0.855391654463,1.16485859261,-0.0680827048794,-0.0688637249916,0,0.999762478787,0.00408918602678,-0.000568107206326,-0.000575853524545
0.445,1,0.855624211568,1.16278552703,-0.0679286015507,-0.0687075209691,0,0.999763293836,0.00407524642995,-0.000566549876932,-0.000574304260901
0.4452,1,0.855856354932,1.16071682097,-0.0677749126743,-0.0685517370854,0,0.999764106105,0.00406134621441,-0.000564991421892,-0.000572753384107
0.4454,1,0.856088085425,1.15865246344,-0.0676216371191,-0.0683963722032,0,0.999764915602,0.00404748538685,-0.000563431931253,-0.000571200991664
0.4456,1,0.856319403914,1.15659244345,-0.0674687737549,-0.0682414251864,0,0.999765722335,0.00403366395202,-0.000561871493666,-0.000569647179582
0.4458,1,0.856550311264,1.15453675009,-0.0673163214533,-0.0680868949001,0,0.999766526312,0.0040198819128,-0.000560310196407,-0.000568092042399
0.446,1,0.856780808338,1.15248537244,-0.067164279087,-0.0679327802107,0,0.999767327539,0.00400613927019,-0.000558748125395,-0.0005665356732
0.4462,1,0.857010895998,1.15043829961,-0.0670126455303,-0.067779079986,0,0.999768126027,0.00399243602336,-0.000557185365209,-0.000564978163639
0.4464,1,0.857240575102,1.14839552077,-0.0668614196587,-0.0676257930949,0,0.999768921781,0.00397877216966,-0.000555621999106,-0.000563419603953
0.4466,1,0.857469846507,1.14635702509,-0.0667106003495,-0.0674729184076,0,0.999769714811,0.0039651477047,-0.000554058109036,-0.000561860082984
0.4468,1,0.857698711068,1.14432280178,-0.0665601864813,-0.067320454796,0,0.999770505123,0.00395156262232,-0.000552493775663,-0.000560299688194
0.447,1,0.857927169636,1.14229284008,-0.0664101769343,-0.0671684011331,0,0.999771292727,0.00393801691463,-0.000550929078379,-0.000558738505688
0.4472,1,0.858155223061,1.14026712925,-0.0662605705901,-0.0670167562933,0,0.999772077629,0.00392451057208,-0.000549364095323,-0.000557176620226
0.4474,1,0.858382872193,1.13824565859,-0.0661113663321,-0.0668655191527,0,0.999772859837,0.00391104358343,-0.000547798903395,-0.000555614115246
0.4476,1,0.858610117877,1.13622841742,-0.0659625630451,-0.0667146885885,0,0.999773639361,0.00389761593582,-0.000546233578271,-0.000554051072875
0.4478,1,0.858836960956,1.1342153951,-0.0658141596156,-0.0665642634799,0,0.999774416206,0.00388422761478,-0.000544668194427,-0.000552487573955
0.448,1,0.859063402272,1.13220658101,-0.0656661549319,-0.066414242707,0,0.999775190382,0.00387087860425,-0.000543102825144,-0.000550923698049
0.4482,1,0.859289442665,1.13020196456,-0.0655185478835,-0.066264625152,0,0.999775961896,0.00385756888662,-0.000541537542531,-0.000549359523468
0.4484,1,0.859515082972,1.12820153518,-0.0653713373622,-0.0661154096983,0,0.999776730755,0.00384429844274,-0.000539972417538,-0.00054779512728
0.4486,1,0.859740324028,1.12620528236,-0.0652245222609,-0.0659665952311,0,0.999777496969,0.00383106725197,-0.000538407519973,-0.000546230585332
0.4488,1,0.859965166667,1.12421319557,-0.0650781014747,-0.065818180637,0,0.999778260544,0.00381787529217,-0.000536842918514,-0.00054466597226
0.449,1,0.86018961172,1.12222526436,-0.0649320739002,-0.0656701648046,0,0.999779021488,0.00380472253977,-0.000535278680725,-0.000543101361511
0.4492,1,0.860413660016,1.12024147827,-0.0647864384357,-0.0655225466237,0,0.99977977981,0.00379160896973,-0.000533714873074,-0.000541536825354
0.4494,1,0.860637312381,1.11826182688,-0.0646411939816,-0.0653753249861,0,0.999780535517,0.00377853455565,-0.000532151560943,-0.000539972434898
0.4496,1,0.860860569641,1.11628629981,-0.0644963394397,-0.0652284987852,0,0.999781288617,0.00376549926972,-0.000530588808643,-0.000538408260107
0.4498,1,0.861083432619,1.11431488669,-0.064351873714,-0.0650820669161,0,0.999782039117,0.00375250308276,-0.000529026679432,-0.000536844369814
0.45,1,0.861305902134,1.1123475772,-0.0642077957101,-0.0649360282757,0,0.999782787027,0.00373954596428,-0.000527465235525,-0.000535280831738
0.4502,1,0.861527979006,1.11038436101,-0.0640641043355,-0.0647903817626,0,0.999783532352,0.00372662788245,-0.000525904538107,-0.000533717712495
0.4504,1,0.861749664052,1.10842522787,-0.0639207984996,-0.0646451262771,0,0.999784275102,0.00371374880417,-0.000524344647351,-0.000532155077617
0.4506,1,0.861970958085,1.10647016752,-0.0637778771136,-0.0645002607216,0,0.999785015284,0.00370090869505,-0.000522785622431,-0.000530592991564
0.4508,1,0.862191861919,1.10451916974,-0.0636353390909,-0.064355784,0,0.999785752905,0.00368810751948,-0.000521227521528,-0.000529031517738
0.451,1,0.862412376364,1.10257222434,-0.0634931833465,-0.0642116950182,0,0.999786487974,0.0036753452406,-0.000519670401854,-0.000527470718496
0.4512,1,0.862632502228,1.10062932115,-0.0633514087974,-0.0640679926839,0,0.999787220499,0.00366262182035,-0.000518114319656,-0.000525910655167
0.4514,1,0.862852240318,1.09869045004,-0.0632100143628,-0.0639246759066,0,0.999787950486,0.0036499372195,-0.000516559330234,-0.000524351388065
0.4516,1,0.863071591439,1.0967556009,-0.0630689989635,-0.0637817435978,0,0.999788677944,0.00363729139764,-0.00051500548795,-0.000522792976499
0.4518,1,0.863290556391,1.09482476364,-0.0629283615226,-0.063639194671,0,0.999789402881,0.00362468431322,-0.000513452846245,-0.000521235478789
0.452,1,0.863509135977,1.09289792822,-0.0627881009651,-0.0634970280413,0,0.999790125304,0.00361211592359,-0.000511901457647,-0.00051967895228
0.4522,1,0.863727330994,1.09097508462,-0.0626482162179,-0.063355242626,0,0.999790845222,0.00359958618497,-0.000510351373786,-0.000518123453354
0.4524,1,0.863945142238,1.08905622282,-0.0625087062101,-0.0632138373444,0,0.999791562641,0.00358709505251,-0.000508802645402,-0.00051656903744
0.4526,1,0.864162570505,1.08714133286,-0.0623695698728,-0.0630728111176,0,0.999792277569,0.00357464248029,-0.000507255322363,-0.000515015759032
0.4528,1,0.864379616586,1.0852304048,-0.0622308061391,-0.0629321628686,0,0.999792990015,0.00356222842137,-0.000505709453672,-0.000513463671699
0.453,1,0.864596281272,1.08332342873,-0.0620924139442,-0.0627918915227,0,0.999793699985,0.00354985282776,-0.000504165087481,-0.000511912828093
0.4532,1,0.864812565351,1.08142039475,-0.0619543922254,-0.062651996007,0,0.999794407489,0.00353751565046,-0.000502622271099,-0.000510363279971
0.4534,1,0.865028469609,1.07952129301,-0.061816739922,-0.0625124752507,0,0.999795112532,0.00352521683951,-0.000501081051008,-0.000508815078196
0.4536,1,0.865243994832,1.07762611367,-0.0616794559757,-0.0623733281849,0,0.999795815123,0.00351295634395,-0.000499541472872,-0.000507268272759
0.4538,1,0.865459141801,1.07573484693,-0.06154253933,-0.0622345537431,0,0.99979651527,0.00350073411189,-0.000498003581545,-0.000505722912781
0.454,1,0.865673911298,1.073847483,-0.0614059889306,-0.0620961508605,0,0.99979721298,0.00348855009049,-0.000496467421086,-0.000504179046534
0.4542,1,0.8658883041,1.07196401214,-0.0612698037255,-0.0619581184745,0,0.999797908261,0.00347640422601,-0.000494933034771,-0.000502636721444
0.4544,1,0.866102320985,1.07008442463,-0.0611339826647,-0.0618204555247,0,0.99979860112,0.00346429646379,-0.000493400465096,-0.00050109598411
0.4546,1,0.866315962728,1.06820871075,-0.0609985247004,-0.0616831609527,0,0.999799291566,0.0034522267483,-0.000491869753797,-0.000499556880307
0.4548,1,0.8665292301,1.06633686085,-0.0608634287871,-0.0615462337022,0,0.999799979605,0.00344019502315,-0.000490340941853,-0.000498019455005
0.455,1,0.866742123873,1.06446886528,-0.0607286938812,-0.0614096727192,0,0.999800665245,0.00342820123109,-0.000488814069499,-0.000496483752375
0.4552,1,0.866954644816,1.06260471442,-0.0605943189416,-0.0612734769516,0,0.999801348494,0.00341624531404,-0.000487289176236,-0.0004949498158
0.4554,1,0.867166793695,1.06074439869,-0.0604603029293,-0.0611376453496,0,0.999802029359,0.00340432721309,-0.000485766300841,-0.000493417687887
0.4556,1,0.867378571277,1.05888790851,-0.0603266448075,-0.0610021768656,0,0.999802707849,0.00339244686856,-0.000484245481377,-0.000491887410478
0.4558,1,0.867589978324,1.05703523436,-0.0601933435416,-0.0608670704539,0,0.99980338397,0.00338060421994,-0.000482726755203,-0.000490359024657
0.456,1,0.867801015597,1.05518636671,-0.0600603980992,-0.0607323250715,0,0.999804057729,0.00336879920599,-0.000481210158981,-0.000488832570767
0.4562,1,0.868011683856,1.0533412961,-0.0599278074504,-0.060597939677,0,0.999804729136,0.0033570317647,-0.000479695728688,-0.00048730808841
0.4564,1,0.868221983859,1.05150001306,-0.0597955705672,-0.0604639132317,0,0.999805398196,0.00334530183331,-0.000478183499625,-0.000485785616465
0.4566,1,0.868431916361,1.04966250816,-0.059663686424,-0.0603302446988,0,0.999806064918,0.00333360934835,-0.000476673506425,-0.000484265193097
0.4568,1,0.868641482115,1.04782877199,-0.0595321539976,-0.0601969330438,0,0.999806729309,0.00332195424563,-0.000475165783064,-0.000482746855763
0.457,1,0.868850681874,1.04599879518,-0.059400972267,-0.0600639772346,0,0.999807391376,0.00331033646026,-0.000473660362868,-0.000481230641223
0.4572,1,0.869059516388,1.04417256838,-0.0592701402133,-0.0599313762411,0,0.999808051127,0.00329875592667,-0.000472157278522,-0.000479716585552
0.4574,1,0.869267986404,1.04235008226,-0.0591396568202,-0.0597991290355,0,0.99980870857,0.00328721257863,-0.000470656562081,-0.000478204724146
0.4576,1,0.86947609267,1.04053132752,-0.0590095210734,-0.0596672345925,0,0.999809363711,0.00327570634925,-0.000469158244977,-0.000476695091733
0.4578,1,0.869683835929,1.03871629488,-0.0588797319612,-0.0595356918887,0,0.999810016558,0.00326423717099,-0.000467662358026,-0.000475187722382
0.458,1,0.869891216924,1.03690497511,-0.058750288474,-0.0594044999032,0,0.999810667119,0.0032528049757,-0.000466168931438,-0.000473682649511
0.4582,1,0.870098236396,1.03509735897,-0.0586211896046,-0.0592736576173,0,0.999811315401,0.00324140969459,-0.000464677994828,-0.000472179905896
0.4584,1,0.870304895083,1.03329343728,-0.058492434348,-0.0591431640148,0,0.999811961412,0.0032300512583,-0.000463189577218,-0.000470679523682
0.4586,1,0.870511193723,1.03149320085,-0.0583640217018,-0.0590130180814,0,0.999812605158,0.00321872959686,-0.000461703707051,-0.000469181534389
0.4588,1,0.870717133051,1.02969664056,-0.0582359506657,-0.0588832188055,0,0.999813246647,0.00320744463972,-0.000460220412196,-0.000467685968922
0.459,1,0.870922713801,1.02790374727,-0.0581082202418,-0.0587537651775,0,0.999813885886,0.00319619631579,-0.000458739719955,-0.000466192857576
0.4592,1,0.871127936703,1.0261145119,-0.0579808294346,-0.0586246561904,0,0.999814522883,0.0031849845534,-0.000457261657075,-0.000464702230052
0.4594,1,0.871332802488,1.02432892537,-0.057853777251,-0.0584958908392,0,0.999815157645,0.00317380928036,-0.000455786249751,-0.000463214115457
0.4596,1,0.871537311884,1.02254697865,-0.0577270627001,-0.0583674681216,0,0.999815790179,0.00316267042394,-0.000454313523636,-0.000461728542316
0.4598,1,0.871741465617,1.02076866273,-0.0576006847935,-0.0582393870373,0,0.999816420492,0.00315156791092,-0.000452843503847,-0.00046024553858
0.46,1,0.87194526441,1.0189939686,-0.0574746425451,-0.0581116465885,0,0.999817048593,0.00314050166754,-0.000451376214975,-0.000458765131633
0.4602,1,0.872148708988,1.0172228873,-0.0573489349712,-0.0579842457798,0,0.999817674487,0.00312947161957,-0.000449911681091,-0.000457287348302
0.4604,1,0.87235180007,1.0154554099,-0.0572235610905,-0.0578571836181,0,0.999818298182,0.0031184776923,-0.000448449925751,-0.000455812214859
0.4606,1,0.872554538375,1.01369152747,-0.057098519924,-0.0577304591126,0,0.999818919686,0.00310751981055,-0.000446990972007,-0.000454339757038
0.4608,1,0.872756924621,1.01193123112,-0.0569738104952,-0.0576040712749,0,0.999819539006,0.00309659789866,-0.00044553484241,-0.000452870000032
0.461,1,0.872958959524,1.010174512,-0.0568494318299,-0.0574780191189,0,0.999820156148,0.00308571188055,-0.000444081559022,-0.000451402968507
0.4612,1,0.873160643796,1.00842136126,-0.0567253829564,-0.0573523016611,0,0.999820771121,0.00307486167969,-0.000442631143418,-0.00044993868661
0.4614,1,0.87336197815,1.00667177009,-0.0566016629052,-0.0572269179202,0,0.99982138393,0.00306404721912,-0.000441183616695,-0.000448477177972
0.4616,1,0.873562963296,1.00492572969,-0.0564782707095,-0.0571018669172,0,0.999821994584,0.00305326842148,-0.000439738999478,-0.000447018465717
0.4618,1,0.873763599942,1.0031832313,-0.0563552054046,-0.0569771476756,0,0.999822603089,0.00304252520897,-0.000438297311927,-0.000445562572469
0.462,1,0.873963888795,1.00144426617,-0.0562324660284,-0.0568527592214,0,0.999823209452,0.00303181750344,-0.000436858573745,-0.000444109520361
0.4622,1,0.874163830561,0.999708825602,-0.0561100516211,-0.0567287005828,0,0.999823813681,0.00302114522632,-0.000435422804181,-0.000442659331038
0.4624,1,0.874363425941,0.997976900891,-0.0559879612255,-0.0566049707905,0,0.999824415783,0.00301050829867,-0.000433990022039,-0.000441212025666
0.4626,1,0.874562675637,0.996248483373,-0.0558661938866,-0.0564815688775,0,0.999825015764,0.00299990664119,-0.000432560245683,-0.000439767624941
0.4628,1,0.87476158035,0.994523564405,-0.0557447486519,-0.0563584938793,0,0.999825613632,0.00298934017422,-0.000431133493045,-0.000438326149089
0.463,1,0.874960140777,0.99280213537,-0.0556236245713,-0.0562357448338,0,0.999826209394,0.00297880881776,-0.00042970978163,-0.00043688761788
0.4632,1,0.875158357615,0.991084187673,-0.0555028206973,-0.0561133207813,0,0.999826803057,0.00296831249146,-0.000428289128518,-0.00043545205063
0.4634,1,0.875356231558,0.989369712745,-0.0553823360844,-0.0559912207645,0,0.999827394627,0.00295785111464,-0.000426871550379,-0.000434019466208
0.4636,1,0.875553763298,0.987658702041,-0.0552621697901,-0.0558694438285,0,0.999827984112,0.00294742460631,-0.000425457063471,-0.000432589883042
0.4638,1,0.875750953527,0.985951147039,-0.0551423208738,-0.0557479890208,0,0.999828571518,0.00293703288516,-0.000424045683648,-0.000431163319128
0.464,1,0.875947802935,0.984247039243,-0.0550227883977,-0.0556268553914,0,0.999829156854,0.00292667586959,-0.000422637426368,-0.000429739792032
0.4642,1,0.876144312209,0.98254637018,-0.0549035714263,-0.0555060419927,0,0.999829740124,0.00291635347769,-0.000421232306696,-0.000428319318899
0.4644,1,0.876340482035,0.9808491314,-0.0547846690264,-0.0553855478794,0,0.999830321337,0.00290606562728,-0.000419830339309,-0.000426901916458
0.4646,1,0.876536313098,0.979155314479,-0.0546660802675,-0.0552653721088,0,0.9998309005,0.00289581223588,-0.000418431538507,-0.000425487601029
0.4648,1,0.876731806081,0.977464911016,-0.0545478042214,-0.0551455137406,0,0.999831477618,0.00288559322077,-0.000417035918209,-0.000424076388524
0.465,1,0.876926961663,0.975777912632,-0.0544298399622,-0.0550259718367,0,0.9998320527,0.00287540849895,-0.000415643491968,-0.000422668294461
0.4652,1,0.877121780525,0.974094310975,-0.0543121865667,-0.0549067454618,0,0.999832625752,0.00286525798717,-0.000414254272969,-0.000421263333962
0.4654,1,0.877316263345,0.972414097715,-0.0541948431139,-0.0547878336828,0,0.99983319678,0.00285514160194,-0.00041286827404,-0.000419861521764
0.4656,1,0.877510410798,0.970737264545,-0.0540778086854,-0.054669235569,0,0.999833765792,0.00284505925953,-0.000411485507653,-0.000418462872219
0.4658,1,0.877704223558,0.969063803183,-0.0539610823653,-0.0545509501923,0,0.999834332794,0.00283501087599,-0.000410105985931,-0.000417067399306
0.466,1,0.877897702299,0.967393705368,-0.0538446632399,-0.0544329766269,0,0.999834897793,0.00282499636713,-0.000408729720652,-0.000415675116631
0.4662,1,0.878090847692,0.965726962866,-0.0537285503982,-0.0543153139495,0,0.999835460797,0.00281501564857,-0.000407356723255,-0.000414286037435
0.4664,1,0.878283660406,0.964063567463,-0.0536127429313,-0.0541979612392,0,0.99983602181,0.00280506863568,-0.000405987004846,-0.000412900174599
0.4666,1,0.878476141108,0.962403510971,-0.0534972399331,-0.0540809175777,0,0.999836580841,0.00279515524369,-0.000404620576198,-0.000411517540648
0.4668,1,0.878668290465,0.960746785224,-0.0533820404999,-0.0539641820487,0,0.999837137896,0.00278527538759,-0.000403257447761,-0.000410138147758
0.467,1,0.878860109141,0.959093382078,-0.0532671437301,-0.053847753739,0,0.999837692982,0.0027754289822,-0.000401897629665,-0.000408762007759
0.4672,1,0.8790515978,0.957443293414,-0.0531525487249,-0.0537316317372,0,0.999838246105,0.00276561594217,-0.000400541131725,-0.00040738913214
0.4674,1,0.879242757102,0.955796511135,-0.0530382545877,-0.0536158151347,0,0.999838797273,0.00275583618196,-0.000399187963443,-0.000406019532057
0.4676,1,0.879433587708,0.954153027168,-0.0529242604247,-0.0535003030253,0,0.999839346491,0.00274608961589,-0.000397838134015,-0.000404653218334
0.4678,1,0.879624090274,0.952512833462,-0.052810565344,-0.0533850945052,0,0.999839893766,0.00273637615809,-0.000396491652338,-0.00040329020147
0.468,1,0.879814265459,0.950875921988,-0.0526971684567,-0.053270188673,0,0.999840439105,0.00272669572256,-0.000395148527009,-0.000401930491644
0.4682,1,0.880004113916,0.949242284742,-0.0525840688758,-0.0531555846297,0,0.999840982515,0.00271704822315,-0.000393808766332,-0.000400574098717
0.4684,1,0.880193636298,0.947611913742,-0.0524712657172,-0.0530412814789,0,0.999841524001,0.00270743357357,-0.000392472378322,-0.00039922103224
0.4686,1,0.880382833259,0.945984801027,-0.052358758099,-0.0529272783266,0,0.999842063572,0.0026978516874,-0.000391139370711,-0.000397871301456
0.4688,1,0.880571705446,0.944360938661,-0.0522465451416,-0.0528135742811,0,0.999842601232,0.00268830247808,-0.000389809750948,-0.000396524915307
0.469,1,0.88076025351,0.942740318729,-0.0521346259683,-0.0527001684532,0,0.999843136989,0.00267878585895,-0.000388483526208,-0.000395181882435
0.4692,1,0.880948478097,0.941122933338,-0.0520229997043,-0.0525870599562,0,0.99984367085,0.00266930174321,-0.000387160703394,-0.00039384221119
0.4694,1,0.881136379852,0.93950877462,-0.0519116654775,-0.0524742479058,0,0.99984420282,0.00265985004397,-0.000385841289139,-0.000392505909631
0.4696,1,0.881323959419,0.937897834727,-0.0518006224183,-0.0523617314201,0,0.999844732906,0.00265043067423,-0.000384525289815,-0.000391172985532
0.4698,1,0.88151121744,0.936290105834,-0.0516898696593,-0.0522495096198,0,0.999845261114,0.0026410435469,-0.000383212711529,-0.000389843446389
0.47,1,0.881698154556,0.934685580138,-0.0515794063358,-0.0521375816277,0,0.999845787452,0.00263168857478,-0.000381903560137,-0.000388517299417
0.4702,1,0.881884771406,0.933084249858,-0.0514692315852,-0.0520259465693,0,0.999846311925,0.00262236567061,-0.000380597841239,-0.000387194551561
0.4704,1,0.882071068627,0.931486107237,-0.0513593445475,-0.0519146035725,0,0.99984683454,0.00261307474701,-0.000379295560187,-0.000385875209496
0.4706,1,0.882257046856,0.929891144537,-0.0512497443653,-0.0518035517675,0,0.999847355303,0.00260381571657,-0.00037799672209,-0.000384559279635
0.4708,1,0.882442706727,0.928299354045,-0.0511404301833,-0.051692790287,0,0.999847874221,0.00259458849178,-0.000376701331813,-0.000383246768126
0.471,1,0.882628048872,0.926710728067,-0.0510314011487,-0.0515823182663,0,0.9998483913,0.00258539298507,-0.000375409393985,-0.000381937680863
0.4712,1,0.882813073924,0.925125258933,-0.0509226564113,-0.0514721348428,0,0.999848906546,0.00257622910881,-0.000374120913001,-0.000380632023488
0.4714,1,0.882997782512,0.923542938995,-0.0508141951231,-0.0513622391565,0,0.999849419965,0.00256709677531,-0.000372835893025,-0.00037932980139
0.4716,1,0.883182175264,0.921963760624,-0.0507060164385,-0.0512526303498,0,0.999849931564,0.00255799589686,-0.000371554337994,-0.000378031019717
0.4718,1,0.883366252807,0.920387716217,-0.0505981195146,-0.0511433075676,0,0.999850441349,0.00254892638565,-0.000370276251622,-0.000376735683373
0.472,1,0.883550015767,0.918814798188,-0.0504905035105,-0.051034269957,0,0.999850949327,0.00253988815388,-0.000369001637401,-0.000375443797022
0.4722,1,0.883733464767,0.917244998975,-0.0503831675881,-0.0509255166677,0,0.999851455503,0.00253088111368,-0.00036773049861,-0.000374155365098
0.4724,1,0.883916600429,0.915678311039,-0.0502761109113,-0.0508170468518,0,0.999851959884,0.00252190517718,-0.000366462838312,-0.000372870391801
0.4726,1,0.884099423374,0.914114726859,-0.0501693326467,-0.0507088596637,0,0.999852462476,0.00251296025645,-0.000365198659359,-0.000371588881103
0.4728,1,0.884281934222,0.912554238938,-0.0500628319632,-0.0506009542603,0,0.999852963286,0.00250404626356,-0.000363937964399,-0.000370310836754
0.473,1,0.88446413359,0.910996839798,-0.049956608032,-0.0504933298008,0,0.999853462318,0.00249516311056,-0.000362680755873,-0.000369036262283
0.4732,1,0.884646022095,0.909442521986,-0.049850660027,-0.0503859854471,0,0.99985395958,0.00248631070947,-0.000361427036023,-0.000367765161001
0.4734,1,0.88482760035,0.907891278065,-0.049744987124,-0.0502789203631,0,0.999854455078,0.00247748897233,-0.000360176806895,-0.000366497536006
0.4736,1,0.88500886897,0.906343100624,-0.0496395885016,-0.0501721337152,0,0.999854948818,0.00246869781114,-0.000358930070338,-0.000365233390183
0.4738,1,0.885189828567,0.90479798227,-0.0495344633406,-0.0500656246725,0,0.999855440805,0.00245993713793,-0.00035768682801,-0.000363972726214
0.474,1,0.88537047975,0.903255915633,-0.0494296108243,-0.0499593924061,0,0.999855931046,0.00245120686471,-0.000356447081382,-0.000362715546573
0.4742,1,0.885550823129,0.901716893362,-0.0493250301381,-0.0498534360898,0,0.999856419548,0.00244250690352,-0.00035521083174,-0.000361461853535
0.4744,1,0.88573085931,0.900180908128,-0.0492207204701,-0.0497477548994,0,0.999856906315,0.0024338371664,-0.000353978080184,-0.000360211649176
0.4746,1,0.885910588901,0.898647952622,-0.0491166810105,-0.0496423480136,0,0.999857391355,0.00242519756539,-0.000352748827639,-0.000358964935378
0.4748,1,0.886090012505,0.897118019559,-0.0490129109522,-0.049537214613,0,0.999857874672,0.00241658801258,-0.000351523074849,-0.00035772171383
0.475,1,0.886269130725,0.895591101669,-0.04890940949,-0.0494323538808,0,0.999858356274,0.00240800842005,-0.000350300822387,-0.000356481986034
0.4752,1,0.886447944163,0.894067191708,-0.0488061758215,-0.0493277650026,0,0.999858836166,0.00239945869993,-0.000349082070654,-0.000355245753305
0.4754,1,0.88662645342,0.89254628245,-0.0487032091464,-0.0492234471664,0,0.999859314354,0.00239093876437,-0.00034786681988,-0.000354013016774
0.4756,1,0.886804659093,0.891028366689,-0.0486005086668,-0.0491193995624,0,0.999859790843,0.00238244852557,-0.000346655070134,-0.000352783777396
0.4758,1,0.886982561781,0.889513437241,-0.0484980735872,-0.0490156213833,0,0.999860265641,0.00237398789573,-0.000345446821316,-0.000351558035943
0.476,1,0.887160162078,0.888001486943,-0.0483959031144,-0.0489121118241,0,0.999860738752,0.00236555678714,-0.00034424207317,-0.000350335793018
0.4762,1,0.88733746058,0.886492508649,-0.0482939964575,-0.0488088700821,0,0.999861210183,0.00235715511208,-0.000343040825281,-0.000349117049048
0.4764,1,0.887514457879,0.884986495236,-0.0481923528281,-0.0487058953572,0,0.99986167994,0.00234878278293,-0.000341843077075,-0.000347901804295
0.4766,1,0.887691154567,0.883483439602,-0.04809097144,-0.0486031868514,0,0.999862148028,0.00234043971208,-0.000340648827832,-0.000346690058851
0.4768,1,0.887867551234,0.881983334663,-0.0479898515094,-0.0485007437691,0,0.999862614453,0.002332125812,-0.000339458076674,-0.000345481812647
0.477,1,0.888043648468,0.880486173356,-0.0478889922546,-0.0483985653172,0,0.999863079221,0.00232384099521,-0.000338270822581,-0.000344277065452
0.4772,1,0.888219446858,0.878991948638,-0.0477883928966,-0.0482966507047,0,0.999863542338,0.00231558517427,-0.000337087064384,-0.000343075816878
0.4774,1,0.888394946989,0.877500653486,-0.0476880526584,-0.048194999143,0,0.99986400381,0.00230735826184,-0.000335906800772,-0.000341878066379
0.4776,1,0.888570149445,0.876012280897,-0.0475879707655,-0.0480936098461,0,0.999864463642,0.00229916017062,-0.000334730030292,-0.000340683813258
0.4778,1,0.88874505481,0.874526823888,-0.0474881464457,-0.04799248203,0,0.99986492184,0.00229099081338,-0.000333556751354,-0.000339493056665
0.478,1,0.888919663665,0.873044275495,-0.047388578929,-0.0478916149131,0,0.99986537841,0.00228285010298,-0.000332386962232,-0.000338305795603
0.4782,1,0.889093976591,0.871564628775,-0.0472892674478,-0.0477910077163,0,0.999865833358,0.00227473795234,-0.000331220661064,-0.000337122028928
0.4784,1,0.889267994166,0.870087876805,-0.0471902112367,-0.0476906596626,0,0.999866286688,0.00226665427446,-0.000330057845858,-0.000335941755356
0.4786,1,0.889441716968,0.868614012679,-0.0470914095326,-0.0475905699774,0,0.999866738408,0.00225859898243,-0.000328898514492,-0.000334764973456
0.4788,1,0.889615145574,0.867143029514,-0.046992861575,-0.0474907378885,0,0.999867188523,0.00225057198941,-0.000327742664717,-0.000333591681663
0.479,1,0.889788280558,0.865674920444,-0.0468945666052,-0.0473911626258,0,0.999867637037,0.00224257320865,-0.000326590294158,-0.000332421878274
0.4792,1,0.889961122494,0.864209678623,-0.0467965238671,-0.0472918434216,0,0.999868083958,0.00223460255349,-0.000325441400316,-0.000331255561451
0.4794,1,0.890133671954,0.862747297226,-0.0466987326068,-0.0471927795107,0,0.99986852929,0.00222665993738,-0.000324295980574,-0.000330092729224
0.4796,1,0.890305929507,0.861287769445,-0.0466011920726,-0.0470939701299,0,0.999868973039,0.00221874527382,-0.000323154032194,-0.000328933379494
0.4798,1,0.890477895725,0.859831088493,-0.0465039015153,-0.0469954145185,0,0.999869415211,0.00221085847646,-0.00032201555232,-0.000327777510034
0.48,1,0.890649571175,0.858377247601,-0.0464068601876,-0.0468971119178,0,0.99986985581,0.002202999459,-0.000320880537984,-0.000326625118491
0.4802,1,0.890820956423,0.856926240021,-0.0463100673449,-0.0467990615718,0,0.999870294844,0.00219516813528,-0.000319748986103,-0.00032547620239
0.4804,1,0.890992052034,0.855478059023,-0.0462135222444,-0.0467012627264,0,0.999870732317,0.00218736441922,-0.000318620893483,-0.000324330759132
0.4806,1,0.891162858574,0.854032697895,-0.0461172241459,-0.04660371463,0,0.999871168235,0.00217958822484,-0.000317496256823,-0.000323188786003
0.4808,1,0.891333376604,0.852590149945,-0.0460211723113,-0.0465064165332,0,0.999871602602,0.00217183946631,-0.000316375072711,-0.000322050280167
0.481,1,0.891503606686,0.851150408502,-0.0459253660047,-0.0464093676888,0,0.999872035426,0.00216411805785,-0.000315257337635,-0.000320915238676
0.4812,1,0.891673549379,0.849713466909,-0.0458298044926,-0.046312567352,0,0.999872466711,0.00215642391385,-0.000314143047974,-0.000319783658467
0.4814,1,0.891843205243,0.848279318534,-0.0457344870436,-0.0462160147801,0,0.999872896462,0.00214875694877,-0.00031303220001,-0.000318655536369
0.4816,1,0.892012574834,0.846847956758,-0.0456394129286,-0.0461197092328,0,0.999873324686,0.00214111707722,-0.00031192478992,-0.000317530869097
0.4818,1,0.892181658709,0.845419374984,-0.0455445814206,-0.046023649972,0,0.999873751386,0.00213350421391,-0.00031082081379,-0.000316409653262
0.482,1,0.892350457423,0.843993566634,-0.0454499917951,-0.0459278362617,0,0.99987417657,0.00212591827367,-0.000309720267603,-0.000315291885367
0.4822,1,0.892518971528,0.842570525147,-0.0453556433294,-0.0458322673684,0,0.999874600242,0.00211835917147,-0.000308623147252,-0.000314177561814
0.4824,1,0.892687201576,0.84115024398,-0.0452615353034,-0.0457369425606,0,0.999875022407,0.00211082682239,-0.000307529448534,-0.000313066678902
0.4826,1,0.89285514812,0.839732716612,-0.045167666999,-0.0456418611091,0,0.999875443072,0.00210332114164,-0.000306439167158,-0.000311959232828
0.4828,1,0.893022811707,0.838317936536,-0.0450740377003,-0.0455470222871,0,0.99987586224,0.00209584204456,-0.00030535229874,-0.000310855219694
0.483,1,0.893190192886,0.836905897267,-0.0449806466938,-0.0454524253698,0,0.999876279918,0.00208838944663,-0.000304268838811,-0.000309754635503
0.4832,1,0.893357292205,0.835496592336,-0.0448874932678,-0.0453580696346,0,0.999876696111,0.00208096326344,-0.000303188782814,-0.000308657476165
0.4834,1,0.893524110208,0.834090015293,-0.0447945767133,-0.0452639543612,0,0.999877110823,0.00207356341073,-0.000302112126109,-0.000307563737495
0.4836,1,0.89369064744,0.832686159707,-0.0447018963229,-0.0451700788316,0,0.999877524061,0.00206618980438,-0.000301038863971,-0.000306473415218
0.4838,1,0.893856904444,0.831285019165,-0.044609451392,-0.0450764423299,0,0.99987793583,0.00205884236039,-0.000299968991594,-0.000305386504968
0.484,1,0.894022881761,0.829886587271,-0.0445172412177,-0.0449830441423,0,0.999878346134,0.00205152099493,-0.000298902504093,-0.000304303002293
0.4842,1,0.894188579933,0.828490857647,-0.0444252650994,-0.0448898835574,0,0.999878754979,0.00204422562428,-0.000297839396503,-0.000303222902653
0.4844,1,0.894353999498,0.827097823935,-0.0443335223387,-0.0447969598658,0,0.99987916237,0.00203695616488,-0.000296779663784,-0.000302146201423
0.4846,1,0.894519140993,0.825707479794,-0.0442420122394,-0.0447042723604,0,0.999879568313,0.0020297125333,-0.000295723300817,-0.000301072893895
0.4848,1,0.894684004957,0.824319818899,-0.0441507341074,-0.0446118203362,0,0.999879972812,0.00202249464628,-0.000294670302414,-0.00030000297528
0.485,1,0.894848591924,0.822934834946,-0.0440596872507,-0.0445196030904,0,0.999880375872,0.00201530242068,-0.000293620663309,-0.000298936440706
0.4852,1,0.895012902429,0.821552521647,-0.0439688709796,-0.0444276199225,0,0.999880777499,0.00200813577352,-0.000292574378169,-0.000297873285227
0.4854,1,0.895176937003,0.820172872731,-0.0438782846063,-0.0443358701339,0,0.999881177698,0.00200099462198,-0.000291531441589,-0.000296813503815
0.4856,1,0.89534069618,0.818795881947,-0.0437879274453,-0.0442443530284,0,0.999881576474,0.00199387888338,-0.000290491848094,-0.00029575709137
0.4858,1,0.895504180488,0.817421543059,-0.0436977988133,-0.0441530679118,0,0.999881973832,0.00198678847519,-0.000289455592145,-0.000294704042715
0.486,1,0.895667390458,0.816049849852,-0.0436078980289,-0.0440620140921,0,0.999882369776,0.00197972331506,-0.000288422668136,-0.000293654352601
0.4862,1,0.895830326617,0.814680796124,-0.0435182244129,-0.0439711908794,0,0.999882764313,0.00197268332075,-0.000287393070395,-0.000292608015708
0.4864,1,0.895992989492,0.813314375695,-0.0434287772884,-0.0438805975861,0,0.999883157447,0.00196566841023,-0.00028636679319,-0.000291565026645
0.4866,1,0.896155379609,0.811950582399,-0.0433395559804,-0.0437902335266,0,0.999883549182,0.00195867850158,-0.000285343830723,-0.000290525379954
0.4868,1,0.896317497491,0.810589410089,-0.043250559816,-0.0437000980174,0,0.999883939525,0.00195171351308,-0.000284324177138,-0.000289489070108
0.487,1,0.896479343661,0.809230852635,-0.0431617881246,-0.0436101903771,0,0.99988432848,0.00194477336314,-0.00028330782652,-0.000288456091514
0.4872,1,0.896640918642,0.807874903925,-0.0430732402374,-0.0435205099266,0,0.999884716051,0.00193785797035,-0.000282294772893,-0.000287426438515
0.4874,1,0.896802222954,0.806521557863,-0.0429849154879,-0.0434310559887,0,0.999885102245,0.00193096725346,-0.000281285010228,-0.000286400105391
0.4876,1,0.896963257116,0.805170808371,-0.0428968132116,-0.0433418278886,0,0.999885487065,0.00192410113138,-0.000280278532436,-0.000285377086358
0.4878,1,0.897124021645,0.803822649387,-0.0428089327461,-0.0432528249532,0,0.999885870517,0.00191725952319,-0.000279275333377,-0.000284357375574
0.488,1,0.89728451706,0.802477074867,-0.0427212734311,-0.0431640465118,0,0.999886252605,0.00191044234814,-0.000278275406854,-0.000283340967134
0.4882,1,0.897444743876,0.801134078784,-0.0426338346084,-0.0430754918956,0,0.999886633335,0.00190364952563,-0.000277278746622,-0.000282327855078
0.4884,1,0.897604702607,0.799793655128,-0.0425466156217,-0.0429871604382,0,0.999887012711,0.00189688097524,-0.000276285346379,-0.000281318033387
0.4886,1,0.897764393767,0.798455797905,-0.042459615817,-0.0428990514749,0,0.999887390739,0.00189013661674,-0.000275295199779,-0.000280311495986
0.4888,1,0.897923817867,0.79712050114,-0.042372834542,-0.0428111643433,0,0.999887767422,0.00188341637003,-0.000274308300424,-0.000279308236744
0.489,1,0.898082975419,0.795787758871,-0.0422862711468,-0.0427234983831,0,0.999888142766,0.00187672015522,-0.000273324641867,-0.00027830824948
0.4892,1,0.898241866932,0.794457565157,-0.0421999249835,-0.0426360529358,0,0.999888516776,0.00187004789257,-0.000272344217616,-0.000277311527958
0.4894,1,0.898400492915,0.793129914071,-0.0421137954059,-0.0425488273453,0,0.999888889456,0.00186339950252,-0.000271367021133,-0.000276318065889
0.4896,1,0.898558853875,0.791804799704,-0.0420278817702,-0.0424618209574,0,0.999889260811,0.00185677490568,-0.000270393045835,-0.000275327856938
0.4898,1,0.898716950318,0.790482216161,-0.0419421834345,-0.04237503312,0,0.999889630845,0.00185017402284,-0.000269422285094,-0.000274340894717
0.49,1,0.898874782749,0.789162157568,-0.0418566997589,-0.0422884631829,0,0.999889999565,0.00184359677497,-0.000268454732243,-0.000273357172793
0.4902,1,0.899032351673,0.787844618064,-0.0417714301056,-0.0422021104981,0,0.999890366973,0.00183704308321,-0.000267490380569,-0.000272376684683
0.4904,1,0.899189657591,0.786529591804,-0.0416863738386,-0.0421159744196,0,0.999890733076,0.00183051286888,-0.000266529223319,-0.00027139942386
0.4906,1,0.899346701006,0.785217072963,-0.0416015303241,-0.0420300543034,0,0.999891097877,0.00182400605349,-0.000265571253703,-0.000270425383752
0.4908,1,0.899503482417,0.783907055729,-0.0415168989303,-0.0419443495075,0,0.999891461382,0.0018175225587,-0.00026461646489,-0.000269454557742
0.491,1,0.899660002324,0.782599534308,-0.0414324790274,-0.0418588593921,0,0.999891823594,0.00181106230638,-0.000263664850011,-0.000268486939172
0.4912,1,0.899816261224,0.781294502921,-0.0413482699873,-0.0417735833192,0,0.999892184519,0.00180462521857,-0.000262716402161,-0.00026752252134
0.4914,1,0.899972259616,0.779991955806,-0.0412642711843,-0.0416885206528,0,0.999892544161,0.00179821121749,-0.000261771114399,-0.000266561297504
0.4916,1,0.900127997993,0.778691887218,-0.0411804819945,-0.0416036707591,0,0.999892902525,0.00179182022554,-0.000260828979746,-0.000265603260883
0.4918,1,0.900283476851,0.777394291425,-0.0410969017959,-0.0415190330062,0,0.999893259616,0.00178545216531,-0.000259889991194,-0.000264648404656
0.492,1,0.900438696684,0.776099162715,-0.0410135299685,-0.0414346067641,0,0.999893615437,0.00177910695957,-0.000258954141696,-0.000263696721963
0.4922,1,0.900593657983,0.774806495389,-0.0409303658944,-0.041350391405,0,0.999893969994,0.00177278453128,-0.000258021424177,-0.00026274820591
0.4924,1,0.90074836124,0.773516283766,-0.0408474089575,-0.0412663863029,0,0.999894323291,0.00176648480357,-0.000257091831527,-0.000261802849563
0.4926,1,0.900902806944,0.772228522179,-0.0407646585437,-0.0411825908338,0,0.999894675333,0.00176020769977,-0.000256165356607,-0.000260860645956
0.4928,1,0.901056995585,0.770943204978,-0.0406821140409,-0.0410990043758,0,0.999895026123,0.00175395314339,-0.000255241992247,-0.000259921588086
0.493,1,0.90121092765,0.769660326529,-0.0405997748388,-0.0410156263088,0,0.999895375668,0.00174772105812,-0.00025432173125,-0.000258985668918
0.4932,1,0.901364603627,0.768379881213,-0.0405176403293,-0.0409324560148,0,0.99989572397,0.00174151136786,-0.000253404566387,-0.000258052881385
0.4934,1,0.901518023999,0.767101863426,-0.0404357099059,-0.0408494928777,0,0.999896071035,0.00173532399667,-0.000252490490405,-0.000257123218385
0.4936,1,0.901671189253,0.765826267583,-0.0403539829643,-0.0407667362833,0,0.999896416866,0.00172915886882,-0.000251579496021,-0.000256196672789
0.4938,1,0.90182409987,0.76455308811,-0.0402724589019,-0.0406841856195,0,0.99989676147,0.00172301590875,-0.000250671575928,-0.000255273237435
0.494,1,0.901976756334,0.763282319451,-0.0401911371182,-0.040601840276,0,0.999897104849,0.0017168950411,-0.000249766722792,-0.000254352905134
0.4942,1,0.902129159126,0.762013956067,-0.0401100170146,-0.0405196996444,0,0.999897447008,0.0017107961907,-0.000248864929257,-0.000253435668665
0.4944,1,0.902281308724,0.760747992431,-0.0400290979943,-0.0404377631185,0,0.999897787952,0.00170471928257,-0.000247966187941,-0.000252521520784
0.4946,1,0.902433205609,0.759484423034,-0.0399483794623,-0.0403560300936,0,0.999898127685,0.00169866424192,-0.000247070491439,-0.000251610454215
0.4948,1,0.902584850257,0.75822324238,-0.0398678608258,-0.0402744999674,0,0.999898466211,0.00169263099414,-0.000246177832325,-0.00025070246166
0.495,1,0.902736243146,0.756964444992,-0.0397875414937,-0.0401931721391,0,0.999898803535,0.00168661946483,-0.00024528820315,-0.000249797535793
0.4952,1,0.902887384751,0.755708025405,-0.0397074208768,-0.04011204601,0,0.999899139661,0.00168062957976,-0.000244401596444,-0.000248895669264
0.4954,1,0.903038275547,0.75445397817,-0.0396274983878,-0.0400311209834,0,0.999899474593,0.00167466126492,-0.000243518004717,-0.0002479968547
0.4956,1,0.903188916006,0.753202297854,-0.0395477734412,-0.0399503964642,0,0.999899808336,0.00166871444647,-0.00024263742046,-0.000247101084704
0.4958,1,0.903339306602,0.751952979038,-0.0394682454534,-0.0398698718596,0,0.999900140893,0.00166278905076,-0.000241759836145,-0.000246208351855
0.496,1,0.903489447806,0.750706016319,-0.0393889138428,-0.0397895465784,0,0.99990047227,0.00165688500436,-0.000240885244223,-0.000245318648713
0.4962,1,0.903639340086,0.749461404309,-0.0393097780295,-0.0397094200313,0,0.999900802471,0.001651002234,-0.000240013637132,-0.000244431967815
0.4964,1,0.903788983914,0.748219137633,-0.0392308374356,-0.0396294916309,0,0.999901131499,0.00164514066663,-0.000239145007288,-0.000243548301678
0.4966,1,0.903938379756,0.746979210935,-0.0391520914847,-0.0395497607919,0,0.999901459359,0.00163930022937,-0.000238279347095,-0.0002426676428
0.4968,1,0.90408752808,0.74574161887,-0.0390735396027,-0.0394702269304,0,0.999901786055,0.00163348084956,-0.000237416648938,-0.000241789983659
0.497,1,0.904236429351,0.744506356109,-0.038995181217,-0.0393908894649,0,0.999902111592,0.00162768245471,-0.000236556905188,-0.000240915316715
0.4972,1,0.904385084035,0.743273417339,-0.0389170157571,-0.0393117478153,0,0.999902435973,0.00162190497255,-0.000235700108202,-0.00024004363441
0.4974,1,0.904533492594,0.742042797261,-0.038839042654,-0.0392328014037,0,0.999902759202,0.00161614833099,-0.000234846250321,-0.000239174929168
0.4976,1,0.904681655492,0.740814490589,-0.0387612613409,-0.0391540496537,0,0.999903081285,0.00161041245812,-0.000233995323875,-0.000238309193399
0.4978,1,0.904829573191,0.739588492055,-0.0386836712524,-0.0390754919912,0,0.999903402224,0.00160469728226,-0.000233147321179,-0.000237446419494
0.498,1,0.90497724615,0.738364796403,-0.0386062718253,-0.0389971278434,0,0.999903722025,0.00159900273189,-0.000232302234537,-0.000236586599831
0.4982,1,0.905124674829,0.737143398392,-0.0385290624979,-0.0389189566398,0,0.999904040691,0.00159332873572,-0.000231460056241,-0.000235729726772
0.4984,1,0.905271859688,0.735924292797,-0.0384520427105,-0.0388409778114,0,0.999904358226,0.00158767522262,-0.000230620778572,-0.000234875792666
0.4986,1,0.905418801183,0.734707474406,-0.0383752119052,-0.0387631907912,0,0.999904674634,0.00158204212169,-0.0002297843938,-0.000234024789847
0.4988,1,0.905565499771,0.733492938021,-0.0382985695256,-0.038685595014,0,0.99990498992,0.0015764293622,-0.000228950894184,-0.000233176710638
0.499,1,0.905711955906,0.73228067846,-0.0382221150175,-0.0386081899163,0,0.999905304087,0.00157083687364,-0.000228120271976,-0.000232331547347
0.4992,1,0.905858170044,0.731070690554,-0.0381458478282,-0.0385309749366,0,0.99990561714,0.00156526458567,-0.000227292519415,-0.000231489292273
0.4994,1,0.906004142638,0.729862969149,-0.0380697674068,-0.0384539495149,0,0.999905929083,0.00155971242816,-0.000226467628735,-0.000230649937701
0.4996,1,0.90614987414,0.728657509106,-0.0379938732043,-0.0383771130933,0,0.999906239919,0.00155418033119,-0.000225645592159,-0.000229813475908
0.4998,1,0.906295365001,0.727454305298,-0.0379181646733,-0.0383004651155,0,0.999906549652,0.00154866822501,-0.000224826401905,-0.000228979899158
0.5,1,0.906440615672,0.726253352614,-0.0378426412683,-0.0382240050271,0,0.999906858288,0.00154317604008,-0.000224010050183,-0.000228149199708
0.5002,1,0.906585626601,0.725054645957,-0.0377673024454,-0.0381477322753,0,0.999907165828,0.00153770370706,-0.000223196529195,-0.000227321369803
0.5004,1,0.906730398237,0.723858180243,-0.0376921476627,-0.0380716463093,0,0.999907472279,0.0015322511568,-0.000222385831139,-0.000226496401681
0.5006,1,0.906874931027,0.722663950404,-0.0376171763797,-0.03799574658,0,0.999907777642,0.00152681832036,-0.000221577948205,-0.000225674287573
0.5008,1,0.907019225417,0.721471951383,-0.0375423880578,-0.0379200325399,0,0.999908081923,0.00152140512897,-0.000220772872579,-0.000224855019699
0.501,1,0.907163281853,0.720282178139,-0.0374677821603,-0.0378445036435,0,0.999908385126,0.00151601151409,-0.000219970596442,-0.000224038590275
0.5012,1,0.907307100778,0.719094625645,-0.037393358152,-0.0377691593469,0,0.999908687253,0.00151063740735,-0.000219171111972,-0.000223224991509
0.5014,1,0.907450682636,0.717909288888,-0.0373191154995,-0.0376939991079,0,0.99990898831,0.00150528274059,-0.00021837441134,-0.000222414215601
0.5016,1,0.907594027868,0.716726162866,-0.0372450536711,-0.0376190223862,0,0.999909288299,0.00149994744585,-0.000217580486715,-0.000221606254749
0.5018,1,0.907737136917,0.715545242596,-0.0371711721368,-0.0375442286432,0,0.999909587225,0.00149463145536,-0.000216789330264,-0.000220801101142
0.502,1,0.907880010221,0.714366523103,-0.0370974703683,-0.0374696173419,0,0.999909885092,0.00148933470155,-0.00021600093415,-0.000219998746966
0.5022,1,0.908022648221,0.713189999431,-0.0370239478391,-0.0373951879472,0,0.999910181904,0.00148405711704,-0.000215215290535,-0.000219199184403
0.5024,1,0.908165051355,0.712015666633,-0.0369506040242,-0.0373209399256,0,0.999910477664,0.00147879863466,-0.000214432391576,-0.000218402405629
0.5026,1,0.908307220059,0.710843519778,-0.0368774384006,-0.0372468727453,0,0.999910772375,0.00147355918742,-0.000213652229432,-0.000217608402819
0.5028,1,0.908449154769,0.709673553948,-0.0368044504466,-0.0371729858763,0,0.999911066043,0.00146833870854,-0.00021287479626,-0.000216817168141
0.503,1,0.908590855922,0.70850576424,-0.0367316396425,-0.0370992787904,0,0.999911358671,0.00146313713144,-0.000212100084215,-0.000216028693765
0.5032,1,0.908732323951,0.707340145762,-0.0366590054701,-0.0370257509608,0,0.999911650261,0.00145795438973,-0.000211328085454,-0.000215242971855
0.5034,1,0.90887355929,0.706176693638,-0.0365865474129,-0.0369524018627,0,0.99991194082,0.0014527904172,-0.00021055879213,-0.000214459994575
0.5036,1,0.909014562371,0.705015403002,-0.0365142649562,-0.0368792309727,0,0.999912230349,0.00144764514787,-0.0002097921964,-0.000213679754086
0.5038,1,0.909155333624,0.703856269005,-0.0364421575867,-0.0368062377694,0,0.999912518852,0.00144251851593,-0.000209028290421,-0.000212902242549
0.504,1,0.909295873482,0.702699286809,-0.0363702247929,-0.0367334217329,0,0.999912806334,0.00143741045578,-0.000208267066351,-0.000212127452123
0.5042,1,0.909436182372,0.70154445159,-0.0362984660651,-0.0366607823449,0,0.999913092799,0.00143232090201,-0.000207508516348,-0.000211355374969
0.5044,1,0.909576260724,0.700391758537,-0.036226880895,-0.0365883190889,0,0.999913378248,0.0014272497894,-0.000206752632575,-0.000210586003245
0.5046,1,0.909716108964,0.699241202853,-0.036155468776,-0.0365160314501,0,0.999913662688,0.00142219705294,-0.000205999407192,-0.000209819329111
0.5048,1,0.90985572752,0.698092779753,-0.0360842292032,-0.0364439189153,0,0.99991394612,0.00141716262782,-0.000205248832367,-0.000209055344727
0.505,1,0.909995116817,0.696946484466,-0.0360131616733,-0.0363719809729,0,0.99991422855,0.0014121464494,-0.000204500900267,-0.000208294042255
0.5052,1,0.91013427728,0.695802312233,-0.0359422656846,-0.036300217113,0,0.999914509979,0.00140714845325,-0.000203755603064,-0.000207535413857
0.5054,1,0.910273209331,0.694660258309,-0.0358715407371,-0.0362286268273,0,0.999914790413,0.00140216857514,-0.000203012932932,-0.000206779451699
0.5056,1,0.910411913395,0.693520317962,-0.0358009863323,-0.0361572096093,0,0.999915069854,0.00139720675104,-0.00020227288205,-0.000206026147945
0.5058,1,0.910550389892,0.692382486472,-0.0357306019733,-0.0360859649539,0,0.999915348307,0.00139226291709,-0.000201535442601,-0.000205275494766
0.506,1,0.910688639244,0.691246759133,-0.035660387165,-0.0360148923578,0,0.999915625774,0.00138733700966,-0.000200800606771,-0.000204527484333
0.5062,1,0.91082666187,0.690113131251,-0.0355903414137,-0.0359439913192,0,0.99991590226,0.00138242896527,-0.000200068366751,-0.000203782108821
0.5064,1,0.91096445819,0.688981598145,-0.0355204642273,-0.0358732613381,0,0.999916177768,0.00137753872069,-0.000199338714739,-0.000203039360407
0.5066,1,0.911102028621,0.687852155148,-0.0354507551155,-0.0358027019159,0,0.999916452301,0.00137266621283,-0.000198611642934,-0.000202299231273
0.5068,1,0.911239373581,0.686724797604,-0.0353812135893,-0.0357323125558,0,0.999916725864,0.00136781137883,-0.000197887143545,-0.000201561713606
0.507,1,0.911376493485,0.68559952087,-0.0353118391614,-0.0356620927625,0,0.999916998458,0.00136297415601,-0.000197165208782,-0.000200826799593
0.5072,1,0.911513388749,0.684476320317,-0.0352426313462,-0.0355920420423,0,0.999917270089,0.00135815448189,-0.000196445830867,-0.000200094481431
0.5074,1,0.911650059787,0.683355191326,-0.0351735896595,-0.0355221599031,0,0.99991754076,0.00135335229417,-0.000195729002022,-0.000199364751318
0.5076,1,0.911786507013,0.682236129295,-0.0351047136188,-0.0354524458544,0,0.999917810473,0.00134856753077,-0.000195014714481,-0.000198637601459
0.5078,1,0.911922730839,0.681119129629,-0.0350360027429,-0.0353828994073,0,0.999918079233,0.00134380012977,-0.00019430296048,-0.000197913024063
0.508,1,0.912058731676,0.68000418775,-0.0349674565525,-0.0353135200744,0,0.999918347043,0.00133905002946,-0.000193593732264,-0.000197191011347
0.5082,1,0.912194509936,0.67889129909,-0.0348990745696,-0.03524430737,0,0.999918613907,0.00133431716833,-0.000192887022088,-0.00019647155553
0.5084,1,0.912330066028,0.677780459094,-0.0348308563179,-0.0351752608099,0,0.999918879827,0.00132960148506,-0.00019218282221,-0.000195754648842
0.5086,1,0.912465400361,0.67667166322,-0.0347628013225,-0.0351063799115,0,0.999919144808,0.00132490291849,-0.000191481124898,-0.000195040283515
0.5088,1,0.912600513342,0.675564906938,-0.0346949091102,-0.0350376641937,0,0.999919408852,0.00132022140771,-0.000190781922428,-0.000194328451792
0.509,1,0.912735405379,0.674460185731,-0.0346271792091,-0.034969113177,0,0.999919671963,0.00131555689194,-0.000190085207084,-0.000193619145919
0.5092,1,0.912870076878,0.673357495092,-0.034559611149,-0.0349007263834,0,0.999919934145,0.00131090931065,-0.000189390971158,-0.000192912358152
0.5094,1,0.913004528244,0.672256830528,-0.0344922044613,-0.0348325033366,0,0.999920195401,0.00130627860345,-0.000188699206952,-0.000192208080753
0.5096,1,0.913138759882,0.671158187558,-0.0344249586787,-0.0347644435615,0,0.999920455734,0.00130166471016,-0.000188009906775,-0.000191506305993
0.5098,1,0.913272772194,0.670061561714,-0.0343578733356,-0.034696546585,0,0.999920715147,0.00129706757081,-0.000187323062946,-0.000190807026149
0.51,1,0.913406565584,0.668966948538,-0.0342909479676,-0.0346288119351,0,0.999920973645,0.0012924871256,-0.000186638667794,-0.000190110233509
0.5102,1,0.913540140453,0.667874343586,-0.0342241821123,-0.0345612391416,0,0.999921231229,0.00128792331492,-0.000185956713657,-0.000189415920366
0.5104,1,0.913673497201,0.666783742425,-0.0341575753083,-0.0344938277357,0,0.999921487905,0.00128337607935,-0.000185277192882,-0.000188724079024
0.5106,1,0.913806636229,0.665695140635,-0.034091127096,-0.0344265772502,0,0.999921743674,0.00127884535967,-0.000184600097827,-0.000188034701796
0.5108,1,0.913939557936,0.664608533806,-0.0340248370172,-0.0343594872194,0,0.99992199854,0.00127433109683,-0.000183925420859,-0.000187347781002
0.511,1,0.914072262719,0.663523917542,-0.0339587046152,-0.034292557179,0,0.999922252506,0.00126983323199,-0.000183253154357,-0.000186663308973
0.5112,1,0.914204750977,0.662441287458,-0.0338927294346,-0.0342257866662,0,0.999922505577,0.00126535170649,-0.00018258329071,-0.00018598127805
0.5114,1,0.914337023105,0.661360639182,-0.0338269110218,-0.0341591752199,0,0.999922757754,0.00126088646186,-0.000181915822315,-0.000185301680582
0.5116,1,0.914469079498,0.660281968351,-0.0337612489245,-0.0340927223803,0,0.999923009042,0.0012564374398,-0.000181250741583,-0.000184624508929
0.5118,1,0.914600920553,0.659205270616,-0.0336957426917,-0.0340264276891,0,0.999923259443,0.00125200458223,-0.000180588040935,-0.000183949755459
0.512,1,0.914732546661,0.65813054164,-0.0336303918741,-0.0339602906896,0,0.99992350896,0.00124758783123,-0.000179927712804,-0.000183277412555
0.5122,1,0.914863958216,0.657057777096,-0.0335651960239,-0.0338943109265,0,0.999923757598,0.00124318712908,-0.000179269749632,-0.000182607472604
0.5124,1,0.914995155611,0.655986972671,-0.0335001546944,-0.033828487946,0,0.999924005358,0.00123880241824,-0.000178614143876,-0.00018193992801
0.5126,1,0.915126139236,0.654918124061,-0.0334352674407,-0.0337628212957,0,0.999924252245,0.00123443364136,-0.000177960888002,-0.000181274771183
0.5128,1,0.915256909481,0.653851226976,-0.0333705338192,-0.0336973105247,0,0.999924498261,0.00123008074129,-0.000177309974489,-0.000180611994547
0.513,1,0.915387466737,0.652786277137,-0.0333059533877,-0.0336319551836,0,0.99992474341,0.00122574366103,-0.000176661395827,-0.000179951590535
0.5132,1,0.915517811391,0.651723270274,-0.0332415257055,-0.0335667548244,0,0.999924987694,0.0012214223438,-0.00017601514452,-0.000179293551594
0.5134,1,0.915647943831,0.650662202132,-0.0331772503333,-0.0335017090006,0,0.999925231117,0.00121711673299,-0.000175371213083,-0.000178637870179
0.5136,1,0.915777864445,0.649603068465,-0.0331131268332,-0.0334368172671,0,0.999925473683,0.00121282677218,-0.000174729594045,-0.00017798453876
0.5138,1,0.915907573618,0.64854586504,-0.0330491547687,-0.0333720791803,0,0.999925715393,0.00120855240512,-0.000174090279945,-0.000177333549817
0.514,1,0.916037071735,0.647490587635,-0.0329853337049,-0.033307494298,0,0.999925956252,0.00120429357576,-0.000173453263337,-0.000176684895843
0.5142,1,0.916166359182,0.646437232039,-0.032921663208,-0.0332430621794,0,0.999926196262,0.00120005022823,-0.000172818536786,-0.000176038569341
0.5144,1,0.91629543634,0.645385794052,-0.0328581428458,-0.0331787823851,0,0.999926435426,0.00119582230683,-0.000172186092873,-0.00017539456283
0.5146,1,0.916424303594,0.644336269486,-0.0327947721875,-0.0331146544772,0,0.999926673748,0.00119160975607,-0.000171555924189,-0.000174752868839
0.5148,1,0.916552961325,0.643288654164,-0.0327315508037,-0.0330506780193,0,0.999926911231,0.00118741252062,-0.000170928023341,-0.000174113479909
0.515,1,0.916681409914,0.64224294392,-0.0326684782662,-0.0329868525762,0,0.999927147877,0.00118323054534,-0.000170302382948,-0.000173476388595
0.5152,1,0.916809649741,0.6411991346,-0.0326055541484,-0.0329231777142,0,0.99992738369,0.00117906377526,-0.000169678995642,-0.000172841587466
0.5154,1,0.916937681185,0.640157222059,-0.0325427780251,-0.032859653001,0,0.999927618672,0.00117491215561,-0.000169057854071,-0.000172209069101
0.5156,1,0.917065504626,0.639117202165,-0.0324801494723,-0.0327962780058,0,0.999927852827,0.0011707756318,-0.000168438950895,-0.000171578826095
0.5158,1,0.91719312044,0.638079070798,-0.0324176680674,-0.0327330522991,0,0.999928086158,0.0011666541494,-0.000167822278787,-0.000170950851055
0.516,1,0.917320529005,0.637042823847,-0.0323553333893,-0.0326699754528,0,0.999928318668,0.00116254765418,-0.000167207830437,-0.000170325136601
0.5162,1,0.917447730696,0.636008457211,-0.0322931450182,-0.0326070470401,0,0.999928550359,0.00115845609208,-0.000166595598547,-0.000169701675369
0.5164,1,0.917574725889,0.634975966804,-0.0322311025357,-0.0325442666357,0,0.999928781235,0.00115437940922,-0.000165985575834,-0.000169080460004
0.5166,1,0.917701514959,0.633945348548,-0.0321692055245,-0.0324816338157,0,0.999929011298,0.00115031755191,-0.000165377755029,-0.00016846148317
0.5168,1,0.917828098279,0.632916598376,-0.0321074535691,-0.0324191481575,0,0.999929240552,0.00114627046663,-0.000164772128878,-0.000167844737542
0.517,1,0.917954476221,0.631889712232,-0.0320458462549,-0.0323568092398,0,0.999929469,0.00114223810003,-0.000164168690141,-0.000167230215809
0.5172,1,0.918080649159,0.630864686072,-0.0319843831689,-0.0322946166428,0,0.999929696644,0.00113822039896,-0.000163567431594,-0.000166617910676
0.5174,1,0.918206617462,0.629841515861,-0.0319230638994,-0.032232569948,0,0.999929923488,0.00113421731042,-0.000162968346026,-0.000166007814859
0.5176,1,0.918332381501,0.628820197577,-0.031861888036,-0.0321706687383,0,0.999930149533,0.00113022878162,-0.000162371426243,-0.000165399921093
0.5178,1,0.918457941647,0.627800727206,-0.0318008551696,-0.0321089125979,0,0.999930374784,0.0011262547599,-0.000161776665063,-0.000164794222123
0.518,1,0.918583298267,0.626783100748,-0.0317399648925,-0.0320473011122,0,0.999930599243,0.00112229519283,-0.000161184055322,-0.000164190710711
0.5182,1,0.91870845173,0.62576731421,-0.0316792167982,-0.0319858338683,0,0.999930822913,0.00111835002813,-0.000160593589871,-0.000163589379633
0.5184,1,0.918833402402,0.624753363612,-0.0316186104816,-0.0319245104542,0,0.999931045797,0.00111441921368,-0.000160005261574,-0.000162990221681
0.5186,1,0.918958150651,0.623741244985,-0.0315581455389,-0.0318633304597,0,0.999931267898,0.00111050269755,-0.000159419063312,-0.000162393229659
0.5188,1,0.919082696842,0.622730954368,-0.0314978215677,-0.0318022934756,0,0.999931489218,0.00110660042801,-0.000158834987981,-0.00016179839639
0.519,1,0.91920704134,0.621722487814,-0.0314376381667,-0.031741399094,0,0.99993170976,0.00110271235346,-0.000158253028494,-0.000161205714708
0.5192,1,0.919331184508,0.620715841383,-0.0313775949361,-0.0316806469085,0,0.999931929528,0.0010988384225,-0.000157673177777,-0.000160615177465
0.5194,1,0.91945512671,0.619711011148,-0.0313176914772,-0.031620036514,0,0.999932148524,0.00109497858389,-0.000157095428774,-0.000160026777528
0.5196,1,0.919578868309,0.618707993191,-0.0312579273927,-0.0315595675067,0,0.99993236675,0.00109113278659,-0.000156519774442,-0.000159440507777
0.5198,1,0.919702409666,0.617706783606,-0.0311983022865,-0.0314992394839,0,0.99993258421,0.00108730097969,-0.000155946207758,-0.00015885636111
0.52,1,0.919825751141,0.616707378495,-0.031138815764,-0.0314390520444,0,0.999932800907,0.0010834831125,-0.000155374721711,-0.000158274330439
0.5202,1,0.919948893096,0.615709773972,-0.0310794674317,-0.0313790047883,0,0.999933016843,0.00107967913445,-0.000154805309308,-0.000157694408694
0.5204,1,0.920071835889,0.614713966161,-0.0310202568972,-0.031319097317,0,0.999933232021,0.0010758889952,-0.000154237963571,-0.000157116588817
0.5206,1,0.92019457988,0.613719951197,-0.0309611837698,-0.031259329233,0,0.999933446443,0.00107211264452,-0.00015367267754,-0.000156540863768
0.5208,1,0.920317125425,0.612727725223,-0.0309022476598,-0.0311997001404,0,0.999933660113,0.00106835003241,-0.000153109444268,-0.000155967226522
0.521,1,0.920439472882,0.611737284395,-0.0308434481786,-0.0311402096443,0,0.999933873033,0.00106460110899,-0.000152548256827,-0.000155395670071
0.5212,1,0.920561622607,0.610748624877,-0.0307847849392,-0.0310808573511,0,0.999934085207,0.00106086582457,-0.000151989108305,-0.000154826187422
0.5214,1,0.920683574955,0.609761742845,-0.0307262575557,-0.0310216428688,0,0.999934296635,0.00105714412965,-0.000151431991804,-0.000154258771599
0.5216,1,0.920805330282,0.608776634483,-0.0306678656433,-0.0309625658061,0,0.999934507323,0.00105343597486,-0.000150876900446,-0.00015369341564
0.5218,1,0.920926888941,0.607793295987,-0.0306096088188,-0.0309036257736,0,0.999934717271,0.00104974131102,-0.000150323827366,-0.000153130112601
0.522,1,0.921048251286,0.606811723562,-0.0305514866997,-0.0308448223826,0,0.999934926483,0.00104606008912,-0.000149772765718,-0.000152568855554
0.5222,1,0.921169417669,0.605831913423,-0.0304934989054,-0.030786155246,0,0.999935134961,0.00104239226032,-0.000149223708672,-0.000152009637587
0.5224,1,0.921290388441,0.604853861795,-0.0304356450559,-0.0307276239779,0,0.999935342709,0.00103873777592,-0.000148676649413,-0.000151452451804
0.5226,1,0.921411163954,0.603877564914,-0.0303779247729,-0.0306692281935,0,0.999935549728,0.00103509658743,-0.000148131581146,-0.000150897291326
0.5228,1,0.921531744558,0.602903019025,-0.030320337679,-0.0306109675094,0,0.999935756022,0.00103146864649,-0.00014758849709,-0.00015034414929
0.523,1,0.921652130602,0.601930220383,-0.0302628833983,-0.0305528415433,0,0.999935961593,0.00102785390493,-0.00014704739048,-0.00014979301885
0.5232,1,0.921772322435,0.600959165252,-0.0302055615558,-0.0304948499143,0,0.999936166443,0.00102425231472,-0.000146508254571,-0.000149243893176
0.5234,1,0.921892320405,0.599989849908,-0.0301483717779,-0.0304369922426,0,0.999936370576,0.00102066382802,-0.000145971082633,-0.000148696765455
0.5236,1,0.922012124859,0.599022270635,-0.0300913136923,-0.0303792681497,0,0.999936573994,0.00101708839715,-0.000145435867954,-0.000148151628891
0.5238,1,0.922131736144,0.598056423728,-0.0300343869276,-0.0303216772582,0,0.999936776699,0.00101352597458,-0.000144902603837,-0.000147608476703
0.524,1,0.922251154605,0.59709230549,-0.029977591114,-0.0302642191921,0,0.999936978694,0.00100997651295,-0.000144371283602,-0.00014706730213
0.5242,1,0.922370380587,0.596129912235,-0.0299209258824,-0.0302068935765,0,0.999937179982,0.00100643996507,-0.000143841900589,-0.000146528098424
0.5244,1,0.922489414435,0.595169240287,-0.0298643908654,-0.0301497000377,0,0.999937380565,0.00100291628392,-0.000143314448152,-0.000145990858857
0.5246,1,0.922608256493,0.594210285979,-0.0298079856964,-0.0300926382032,0,0.999937580446,0.000999405422612,-0.000142788919663,-0.000145455576716
0.5248,1,0.922726907102,0.593253045653,-0.0297517100101,-0.0300357077018,0,0.999937779628,0.000995907334452,-0.000142265308512,-0.000144922245306
0.525,1,0.922845366605,0.592297515662,-0.0296955634426,-0.0299789081635,0,0.999937978112,0.000992421972893,-0.000141743608106,-0.000144390857947
0.5252,1,0.922963635343,0.591343692369,-0.0296395456308,-0.0299222392193,0,0.999938175902,0.000988949291549,-0.000141223811868,-0.000143861407979
0.5254,1,0.923081713658,0.590391572143,-0.029583656213,-0.0298657005016,0,0.999938373,0.000985489244199,-0.000140705913238,-0.000143333888757
0.5256,1,0.923199601888,0.589441151367,-0.0295278948286,-0.0298092916439,0,0.999938569408,0.00098204178478,-0.000140189905676,-0.000142808293653
0.5258,1,0.923317300373,0.58849242643,-0.0294722611183,-0.0297530122808,0,0.99993876513,0.000978606867388,-0.000139675782657,-0.000142284616058
0.526,1,0.923434809452,0.587545393734,-0.0294167547236,-0.0296968620483,0,0.999938960167,0.00097518444628,-0.000139163537673,-0.000141762849377
0.5262,1,0.923552129462,0.586600049686,-0.0293613752876,-0.0296408405834,0,0.999939154522,0.000971774475871,-0.000138653164235,-0.000141242987037
0.5264,1,0.92366926074,0.585656390705,-0.0293061224542,-0.0295849475242,0,0.999939348197,0.000968376910736,-0.000138144655869,-0.000140725022476
0.5266,1,0.923786203623,0.584714413221,-0.0292509958687,-0.0295291825102,0,0.999939541195,0.000964991705607,-0.000137638006121,-0.000140208949155
0.5268,1,0.923902958445,0.583774113669,-0.0291959951773,-0.0294735451819,0,0.999939733519,0.000961618815372,-0.000137133208553,-0.000139694760548
0.527,1,0.924019525543,0.582835488497,-0.0291411200276,-0.029418035181,0,0.999939925171,0.00095825819508,-0.000136630256744,-0.000139182450149
0.5272,1,0.92413590525,0.581898534161,-0.0290863700681,-0.0293626521503,0,0.999940116153,0.000954909799934,-0.000136129144293,-0.000138672011468
0.5274,1,0.924252097899,0.580963247126,-0.0290317449486,-0.0293073957339,0,0.999940306467,0.000951573585293,-0.000135629864812,-0.000138163438033
0.5276,1,0.924368103824,0.580029623866,-0.02897724432,-0.0292522655768,0,0.999940496117,0.000948249506674,-0.000135132411934,-0.000137656723389
0.5278,1,0.924483923356,0.579097660865,-0.0289228678342,-0.0291972613255,0,0.999940685105,0.000944937519748,-0.000134636779308,-0.000137151861098
0.528,1,0.924599556827,0.578167354616,-0.0288686151442,-0.0291423826272,0,0.999940873432,0.000941637580341,-0.000134142960601,-0.00013664884474
0.5282,1,0.924715004568,0.577238701621,-0.0288144859045,-0.0290876291306,0,0.999941061102,0.000938349644435,-0.000133650949498,-0.000136147667912
0.5284,1,0.924830266907,0.57631169839,-0.0287604797702,-0.0290330004854,0,0.999941248117,0.000935073668164,-0.000133160739701,-0.000135648324229
0.5286,1,0.924945344176,0.575386341444,-0.0287065963978,-0.0289784963423,0,0.999941434479,0.000931809607816,-0.000132672324928,-0.000135150807324
0.5288,1,0.925060236701,0.574462627313,-0.0286528354449,-0.0289241163534,0,0.99994162019,0.000928557419835,-0.000132185698918,-0.000134655110845
0.529,1,0.925174944812,0.573540552533,-0.0285991965702,-0.0288698601717,0,0.999941805254,0.000925317060814,-0.000131700855424,-0.000134161228459
0.5292,1,0.925289468834,0.572620113652,-0.0285456794333,-0.0288157274514,0,0.999941989671,0.0009220884875,-0.000131217788219,-0.000133669153852
0.5294,1,0.925403809096,0.571701307227,-0.028492283695,-0.0287617178478,0,0.999942173446,0.000918871656793,-0.000130736491092,-0.000133178880726
0.5296,1,0.925517965922,0.570784129822,-0.0284390090175,-0.0287078310172,0,0.999942356579,0.000915666525743,-0.000130256957852,-0.000132690402799
0.5298,1,0.925631939637,0.569868578012,-0.0283858550635,-0.0286540666173,0,0.999942539074,0.000912473051552,-0.000129779182322,-0.00013220371381
0.53,1,0.925745730567,0.568954648379,-0.0283328214973,-0.0286004243065,0,0.999942720932,0.00090929119157,-0.000129303158345,-0.000131718807512
0.5302,1,0.925859339034,0.568042337515,-0.028279907984,-0.0285469037447,0,0.999942902156,0.000906120903302,-0.00012882887978,-0.000131235677678
0.5304,1,0.925972765363,0.567131642021,-0.0282271141899,-0.0284935045926,0,0.999943082749,0.000902962144398,-0.000128356340507,-0.000130754318099
0.5306,1,0.926086009875,0.566222558505,-0.0281744397823,-0.028440226512,0,0.999943262712,0.00089981487266,-0.000127885534419,-0.00013027472258
0.5308,1,0.926199072891,0.565315083587,-0.0281218844295,-0.0283870691661,0,0.999943442047,0.000896679046037,-0.00012741645543,-0.000129796884948
0.531,1,0.926311954734,0.564409213892,-0.0280694478011,-0.0283340322188,0,0.999943620758,0.000893554622629,-0.000126949097469,-0.000129320799045
0.5312,1,0.926424655723,0.563504946057,-0.0280171295676,-0.0282811153352,0,0.999943798847,0.00089044156068,-0.000126483454486,-0.000128846458729
0.5314,1,0.926537176179,0.562602276726,-0.0279649294005,-0.0282283181817,0,0.999943976315,0.000887339818586,-0.000126019520445,-0.000128373857881
0.5316,1,0.926649516419,0.561701202552,-0.0279128469724,-0.0281756404255,0,0.999944153164,0.000884249354887,-0.00012555728933,-0.000127902990394
0.5318,1,0.926761676763,0.560801720195,-0.0278608819571,-0.0281230817348,0,0.999944329398,0.000881170128271,-0.000125096755142,-0.000127433850181
0.532,1,0.926873657528,0.559903826328,-0.0278090340292,-0.0280706417793,0,0.999944505019,0.00087810209757,-0.000124637911898,-0.000126966431173
0.5322,1,0.926985459032,0.559007517627,-0.0277573028646,-0.0280183202293,0,0.999944680028,0.000875045221765,-0.000124180753635,-0.000126500727318
0.5324,1,0.92709708159,0.558112790782,-0.02770568814,-0.0279661167563,0,0.999944854428,0.000871999459981,-0.000123725274406,-0.000126036732582
0.5326,1,0.927208525519,0.557219642486,-0.0276541895333,-0.0279140310331,0,0.999945028221,0.000868964771486,-0.000123271468282,-0.000125574440947
0.5328,1,0.927319791132,0.556328069446,-0.0276028067233,-0.0278620627331,0,0.999945201409,0.000865941115695,-0.000122819329352,-0.000125113846414
0.533,1,0.927430878746,0.555438068374,-0.02755153939,-0.0278102115311,0,0.999945373995,0.000862928452165,-0.000122368851722,-0.000124654943001
0.5332,1,0.927541788673,0.554549635991,-0.0275003872143,-0.0277584771029,0,0.99994554598,0.000859926740599,-0.000121920029516,-0.000124197724745
0.5334,1,0.927652521227,0.553662769027,-0.0274493498781,-0.0277068591252,0,0.999945717367,0.000856935940841,-0.000121472856875,-0.000123742185699
0.5336,1,0.92776307672,0.55277746422,-0.0273984270645,-0.0276553572758,0,0.999945888158,0.000853956012877,-0.000121027327958,-0.000123288319935
0.5338,1,0.927873455464,0.551893718317,-0.0273476184573,-0.0276039712335,0,0.999946058356,0.000850986916839,-0.000120583436941,-0.000122836121539
0.534,1,0.927983657769,0.551011528072,-0.0272969237416,-0.0275527006783,0,0.999946227962,0.000848028612996,-0.000120141178018,-0.00012238558462
0.5342,1,0.928093683947,0.55013089025,-0.0272463426035,-0.0275015452909,0,0.999946396978,0.000845081061763,-0.0001197005454,-0.000121936703299
0.5344,1,0.928203534308,0.54925180162,-0.0271958747298,-0.0274505047535,0,0.999946565407,0.000842144223691,-0.000119261533317,-0.00012148947172
0.5346,1,0.928313209159,0.548374258964,-0.0271455198087,-0.0273995787487,0,0.99994673325,0.000839218059476,-0.000118824136013,-0.000121043884039
0.5348,1,0.928422708811,0.54749825907,-0.0270952775291,-0.0273487669607,0,0.999946900511,0.000836302529952,-0.000118388347754,-0.000120599934434
0.535,1,0.928532033571,0.546623798733,-0.0270451475811,-0.0272980690744,0,0.99994706719,0.000833397596092,-0.00011795416282,-0.000120157617098
0.5352,1,0.928641183746,0.545750874758,-0.0269951296556,-0.0272474847757,0,0.999947233291,0.000830503219009,-0.000117521575509,-0.000119716926242
0.5354,1,0.928750159643,0.544879483958,-0.0269452234446,-0.0271970137517,0,0.999947398815,0.000827619359956,-0.000117090580139,-0.000119277856096
0.5356,1,0.928858961567,0.544009623154,-0.0268954286411,-0.0271466556903,0,0.999947563764,0.000824745980322,-0.000116661171042,-0.000118840400904
0.5358,1,0.928967589825,0.543141289174,-0.026845744939,-0.0270964102804,0,0.999947728141,0.000821883041635,-0.000116233342569,-0.000118404554932
0.536,1,0.929076044721,0.542274478857,-0.0267961720333,-0.0270462772122,0,0.999947891947,0.000819030505561,-0.000115807089089,-0.000117970312459
0.5362,1,0.929184326559,0.541409189046,-0.0267467096199,-0.0269962561764,0,0.999948055184,0.000816188333902,-0.000115382404986,-0.000117537667785
0.5364,1,0.929292435642,0.540545416595,-0.0266973573955,-0.0269463468651,0,0.999948217856,0.000813356488597,-0.000114959284664,-0.000117106615225
0.5366,1,0.929400372274,0.539683158366,-0.0266481150582,-0.0268965489712,0,0.999948379963,0.000810534931722,-0.000114537722544,-0.000116677149113
0.5368,1,0.929508136756,0.538822411227,-0.0265989823067,-0.0268468621886,0,0.999948541507,0.000807723625487,-0.000114117713061,-0.000116249263799
0.537,1,0.92961572939,0.537963172056,-0.0265499588407,-0.0267972862122,0,0.999948702492,0.000804922532238,-0.000113699250672,-0.000115822953652
0.5372,1,0.929723150478,0.537105437738,-0.0265010443609,-0.0267478207379,0,0.999948862918,0.000802131614458,-0.000113282329848,-0.000115398213056
0.5374,1,0.929830400319,0.536249205166,-0.0264522385692,-0.0266984654625,0,0.999949022788,0.000799350834761,-0.000112866945078,-0.000114975036414
0.5376,1,0.929937479213,0.535394471241,-0.026403541168,-0.0266492200838,0,0.999949182104,0.000796580155897,-0.000112453090868,-0.000114553418147
0.5378,1,0.93004438746,0.534541232873,-0.0263549518609,-0.0266000843007,0,0.999949340868,0.00079381954075,-0.000112040761744,-0.000114133352691
0.538,1,0.930151125357,0.533689486977,-0.0263064703526,-0.0265510578127,0,0.999949499082,0.000791068952335,-0.000111629952245,-0.000113714834502
0.5382,1,0.930257693203,0.532839230478,-0.0262580963484,-0.0265021403207,0,0.999949656748,0.000788328353803,-0.000111220656929,-0.00011329785805
0.5384,1,0.930364091295,0.531990460309,-0.0262098295547,-0.0264533315262,0,0.999949813867,0.000785597708434,-0.000110812870371,-0.000112882417826
0.5386,1,0.93047031993,0.53114317341,-0.026161669679,-0.0264046311319,0,0.999949970443,0.000782876979642,-0.000110406587165,-0.000112468508335
0.5388,1,0.930576379403,0.53029736673,-0.0261136164294,-0.0263560388413,0,0.999950126476,0.000780166130973,-0.000110001801918,-0.000112056124101
0.539,1,0.930682270011,0.529453037222,-0.0260656695152,-0.026307554359,0,0.999950281969,0.000777465126101,-0.000109598509258,-0.000111645259664
0.5392,1,0.930787992047,0.528610181852,-0.0260178286465,-0.0262591773902,0,0.999950436924,0.000774773928833,-0.000109196703828,-0.000111235909583
0.5394,1,0.930893545807,0.52776879759,-0.0259700935343,-0.0262109076415,0,0.999950591342,0.000772092503107,-0.000108796380287,-0.000110828068432
0.5396,1,0.930998931583,0.526928881415,-0.0259224638906,-0.02616274482,0,0.999950745226,0.00076942081299,-0.000108397533315,-0.000110421730803
0.5398,1,0.931104149669,0.526090430314,-0.0258749394284,-0.0261146886341,0,0.999950898578,0.000766758822676,-0.000108000157604,-0.000110016891305
0.54,1,0.931209200357,0.52525344128,-0.0258275198613,-0.026066738793,0,0.999951051399,0.000764106496491,-0.000107604247866,-0.000109613544565
0.5402,1,0.93131408394,0.524417911315,-0.0257802049041,-0.0260188950066,0,0.999951203692,0.000761463798888,-0.00010720979883,-0.000109211685225
0.5404,1,0.931418800707,0.523583837428,-0.0257329942725,-0.0259711569861,0,0.999951355458,0.00075883069445,-0.000106816805241,-0.000108811307946
0.5406,1,0.93152335095,0.522751216637,-0.0256858876829,-0.0259235244434,0,0.9999515067,0.000756207147885,-0.00010642526186,-0.000108412407405
0.5408,1,0.93162773496,0.521920045965,-0.0256388848528,-0.0258759970913,0,0.999951657418,0.000753593124031,-0.000106035163467,-0.000108014978296
0.541,1,0.931731953024,0.521090322445,-0.0255919855004,-0.0258285746436,0,0.999951807616,0.00075098858785,-0.000105646504856,-0.00010761901533
0.5412,1,0.931836005433,0.520262043115,-0.0255451893451,-0.025781256815,0,0.999951957295,0.000748393504432,-0.000105259280841,-0.000107224513235
0.5414,1,0.931939892474,0.519435205023,-0.0254984961068,-0.025734043321,0,0.999952106456,0.000745807838994,-0.000104873486249,-0.000106831466756
0.5416,1,0.932043614435,0.518609805222,-0.0254519055067,-0.0256869338782,0,0.999952255103,0.000743231556878,-0.000104489115928,-0.000106439870655
0.5418,1,0.932147171603,0.517785840775,-0.0254054172665,-0.0256399282039,0,0.999952403236,0.00074066462355,-0.00010410616474,-0.00010604971971
0.542,1,0.932250564265,0.51696330875,-0.0253590311091,-0.0255930260164,0,0.999952550857,0.000738107004601,-0.000103724627563,-0.000105661008716
0.5422,1,0.932353792706,0.516142206224,-0.025312746758,-0.0255462270349,0,0.999952697969,0.000735558665749,-0.000103344499294,-0.000105273732485
0.5424,1,0.932456857212,0.515322530281,-0.0252665639378,-0.0254995309795,0,0.999952844573,0.000733019572832,-0.000102965774845,-0.000104887885847
0.5426,1,0.932559758068,0.514504278011,-0.025220482374,-0.0254529375712,0,0.999952990671,0.000730489691816,-0.000102588449145,-0.000104503463647
0.5428,1,0.932662495557,0.513687446514,-0.0251745017927,-0.0254064465318,0,0.999953136264,0.000727968988786,-0.00010221251714,-0.000104120460746
0.543,1,0.932765069963,0.512872032894,-0.025128621921,-0.0253600575839,0,0.999953281356,0.000725457429952,-0.00010183797379,-0.000103738872025
0.5432,1,0.93286748157,0.512058034265,-0.0250828424871,-0.0253137704514,0,0.999953425947,0.000722954981646,-0.000101464814075,-0.000103358692378
0.5434,1,0.93296973066,0.511245447748,-0.0250371632197,-0.0252675848585,0,0.999953570039,0.000720461610323,-0.000101093032991,-0.000102979916717
0.5436,1,0.933071817514,0.510434270468,-0.0249915838485,-0.0252215005307,0,0.999953713635,0.000717977282557,-0.000100722625547,-0.000102602539972
0.5438,1,0.933173742414,0.509624499562,-0.0249461041042,-0.0251755171943,0,0.999953856735,0.000715501965046,-0.000100353586772,-0.000102226557087
0.544,1,0.93327550564,0.508816132171,-0.0249007237181,-0.0251296345763,0,0.999953999342,0.000713035624607,-9.99859117102e-05,-0.000101851963024
0.5442,1,0.933377107473,0.508009165444,-0.0248554424225,-0.0250838524046,0,0.999954141458,0.000710578228177,-9.96195954214e-05,-0.000101478752761
0.5444,1,0.933478548193,0.507203596536,-0.0248102599506,-0.0250381704082,0,0.999954283084,0.000708129742814,-9.92546329826e-05,-0.000101106921293
0.5446,1,0.933579828077,0.506399422612,-0.0247651760363,-0.0249925883167,0,0.999954424222,0.000705690135696,-9.88910194871e-05,-0.000100736463631
0.5448,1,0.933680947405,0.505596640841,-0.0247201904144,-0.0249471058606,0,0.999954564874,0.000703259374118,-9.85287500435e-05,-0.000100367374802
0.545,1,0.933781906455,0.504795248401,-0.0246753028206,-0.0249017227714,0,0.999954705041,0.000700837425497,-9.81678197772e-05,-9.99996498506e-05
0.5452,1,0.933882705504,0.503995242477,-0.0246305129913,-0.0248564387812,0,0.999954844726,0.000698424257365,-9.78082238298e-05,-9.96332838359e-05
0.5454,1,0.933983344828,0.503196620259,-0.0245858206639,-0.0248112536233,0,0.99995498393,0.000696019837373,-9.7449957359e-05,-9.92682718347e-05
0.5456,1,0.934083824703,0.502399378946,-0.0245412255765,-0.0247661670314,0,0.999955122655,0.000693624133292,-9.70930155382e-05,-9.89046089396e-05
0.5458,1,0.934184145407,0.501603515744,-0.0244967274681,-0.0247211787404,0,0.999955260902,0.000691237113007,-9.67373935577e-05,-9.85422902593e-05
0.546,1,0.934284307212,0.500809027864,-0.0244523260784,-0.0246762884859,0,0.999955398674,0.000688858744521,-9.63830866227e-05,-9.8181310919e-05
0.5462,1,0.934384310395,0.500015912528,-0.0244080211481,-0.0246314960044,0,0.999955535972,0.000686488995953,-9.60300899556e-05,-9.78216660597e-05
0.5464,1,0.934484155228,0.499224166959,-0.0243638124186,-0.0245868010332,0,0.999955672797,0.000684127835539,-9.56783987932e-05,-9.74633508389e-05
0.5466,1,0.934583841986,0.498433788393,-0.0243196996322,-0.0245422033103,0,0.999955809152,0.000681775231629,-9.53280083899e-05,-9.71063604297e-05
0.5468,1,0.934683370941,0.497644774069,-0.024275682532,-0.0244977025747,0,0.999955945039,0.000679431152689,-9.49789140144e-05,-9.67506900218e-05
0.547,1,0.934782742365,0.496857121233,-0.0242317608617,-0.0244532985661,0,0.999956080458,0.000677095567301,-9.46311109529e-05,-9.63963348203e-05
0.5472,1,0.93488195653,0.49607082714,-0.0241879343662,-0.0244089910252,0,0.999956215411,0.00067476844416,-9.42845945058e-05,-9.60432900468e-05
0.5474,1,0.934981013708,0.495285889049,-0.0241442027908,-0.0243647796934,0,0.999956349901,0.000672449752075,-9.39393599905e-05,-9.56915509386e-05
0.5476,1,0.935079914169,0.49450230423,-0.0241005658819,-0.0243206643129,0,0.999956483929,0.000670139459968,-9.35954027399e-05,-9.5341112749e-05
0.5478,1,0.935178658183,0.493720069955,-0.0240570233865,-0.0242766446267,0,0.999956617497,0.000667837536878,-9.3252718102e-05,-9.49919707472e-05
0.548,1,0.93527724602,0.492939183505,-0.0240135750526,-0.0242327203787,0,0.999956750606,0.000665543951951,-9.2911301441e-05,-9.46441202181e-05
0.5482,1,0.935375677948,0.492159642169,-0.0239702206288,-0.0241888913135,0,0.999956883257,0.000663258674451,-9.25711481365e-05,-9.42975564627e-05
0.5484,1,0.935473954237,0.49138144324,-0.0239269598646,-0.0241451571765,0,0.999957015454,0.00066098167375,-9.22322535836e-05,-9.39522747975e-05
0.5486,1,0.935572075153,0.49060458402,-0.0238837925102,-0.0241015177141,0,0.999957147196,0.000658712919335,-9.18946131929e-05,-9.36082705547e-05
0.5488,1,0.935670040966,0.489829061816,-0.0238407183168,-0.0240579726734,0,0.999957278487,0.000656452380801,-9.15582223912e-05,-9.32655390823e-05
0.549,1,0.935767851941,0.489054873943,-0.023797737036,-0.024014521802,0,0.999957409327,0.000654200027858,-9.12230766204e-05,-9.29240757441e-05
0.5492,1,0.935865508344,0.488282017721,-0.0237548484205,-0.0239711648488,0,0.999957539718,0.000651955830323,-9.08891713375e-05,-9.25838759194e-05
0.5494,1,0.935963010442,0.487510490479,-0.0237120522238,-0.0239279015632,0,0.999957669662,0.000649719758125,-9.0556502015e-05,-9.2244935003e-05
0.5496,1,0.9360603585,0.486740289551,-0.0236693481999,-0.0238847316953,0,0.99995779916,0.000647491781302,-9.02250641413e-05,-9.19072484054e-05
0.5498,1,0.936157552783,0.485971412278,-0.0236267361038,-0.0238416549962,0,0.999957928215,0.000645271870002,-8.98948532196e-05,-9.15708115526e-05
0.55,1,0.936254593554,0.485203856006,-0.0235842156912,-0.0237986712177,0,0.999958056827,0.000643059994482,-8.95658647691e-05,-9.1235619886e-05
0.5502,1,0.936351481077,0.48443761809,-0.0235417867185,-0.0237557801124,0,0.999958184998,0.000640856125108,-8.92380943228e-05,-9.09016688626e-05
0.5504,1,0.936448215617,0.48367269589,-0.023499448943,-0.0237129814336,0,0.99995831273,0.000638660232354,-8.89115374309e-05,-9.05689539546e-05
0.5506,1,0.936544797434,0.482909086774,-0.0234572021228,-0.0236702749355,0,0.999958440024,0.000636472286802,-8.85861896569e-05,-9.02374706499e-05
0.5508,1,0.936641226792,0.482146788115,-0.0234150460164,-0.023627660373,0,0.999958566883,0.000634292259141,-8.82620465812e-05,-8.99072144513e-05
0.551,1,0.936737503951,0.481385797292,-0.0233729803835,-0.0235851375017,0,0.999958693307,0.000632120120168,-8.79391037979e-05,-8.95781808773e-05
0.5512,1,0.936833629173,0.480626111692,-0.0233310049844,-0.023542706078,0,0.999958819298,0.000629955840786,-8.76173569167e-05,-8.92503654614e-05
0.5514,1,0.936929602719,0.479867728708,-0.0232891195799,-0.0235003658593,0,0.999958944858,0.000627799392007,-8.72968015624e-05,-8.89237637525e-05
0.5516,1,0.937025424848,0.479110645738,-0.0232473239319,-0.0234581166034,0,0.999959069988,0.000625650744945,-8.6977433375e-05,-8.85983713145e-05
0.5518,1,0.93712109582,0.47835486019,-0.023205617803,-0.0234159580691,0,0.99995919469,0.000623509870824,-8.6659248009e-05,-8.82741837266e-05
0.552,1,0.937216615894,0.477600369473,-0.0231640009562,-0.0233738900159,0,0.999959318965,0.00062137674097,-8.63422411341e-05,-8.79511965831e-05
0.5522,1,0.937311985328,0.476847171007,-0.0231224731558,-0.023331912204,0,0.999959442815,0.000619251326815,-8.60264084346e-05,-8.76294054933e-05
0.5524,1,0.937407204381,0.476095262217,-0.0230810341663,-0.0232900243943,0,0.999959566242,0.000617133599897,-8.57117456096e-05,-8.73088060815e-05
0.5526,1,0.937502273309,0.475344640533,-0.0230396837533,-0.0232482263487,0,0.999959689247,0.000615023531858,-8.53982483742e-05,-8.69893939872e-05
0.5528,1,0.93759719237,0.474595303392,-0.0229984216829,-0.0232065178296,0,0.999959811831,0.000612921094441,-8.50859124564e-05,-8.66711648646e-05
0.553,1,0.937691961819,0.473847248238,-0.0229572477221,-0.0231648986003,0,0.999959933996,0.000610826259497,-8.47747336003e-05,-8.63541143829e-05
0.5532,1,0.937786581914,0.47310047252,-0.0229161616385,-0.0231233684246,0,0.999960055744,0.000608738998977,-8.44647075643e-05,-8.60382382264e-05
0.5534,1,0.937881052909,0.472354973695,-0.0228751632006,-0.0230819270674,0,0.999960177076,0.000606659284935,-8.41558301211e-05,-8.5723532094e-05
0.5536,1,0.937975375058,0.471610749225,-0.0228342521775,-0.0230405742941,0,0.999960297993,0.00060458708953,-8.38480970581e-05,-8.54099916994e-05
0.5538,1,0.938069548618,0.470867796578,-0.0227934283389,-0.0229993098707,0,0.999960418498,0.000602522385021,-8.35415041778e-05,-8.50976127711e-05
0.554,1,0.93816357384,0.470126113229,-0.0227526914555,-0.0229581335644,0,0.999960538591,0.000600465143769,-8.32360472972e-05,-8.47863910525e-05
0.5542,1,0.93825745098,0.469385696658,-0.0227120412985,-0.0229170451426,0,0.999960658274,0.000598415338237,-8.29317222476e-05,-8.44763223014e-05
0.5544,1,0.938351180289,0.468646544353,-0.0226714776399,-0.0228760443738,0,0.999960777549,0.000596372940988,-8.26285248742e-05,-8.41674022906e-05
0.5546,1,0.938444762019,0.467908653806,-0.0226310002524,-0.022835131027,0,0.999960896416,0.000594337924688,-8.23264510369e-05,-8.38596268074e-05
0.5548,1,0.938538196424,0.467172022516,-0.0225906089093,-0.0227943048721,0,0.999961014878,0.0005923102621,-8.20254966106e-05,-8.35529916533e-05
0.555,1,0.938631483753,0.466436647989,-0.0225503033849,-0.0227535656795,0,0.999961132936,0.000590289926089,-8.1725657484e-05,-8.32474926447e-05
0.5552,1,0.938724624259,0.465702527736,-0.0225100834539,-0.0227129132206,0,0.999961250592,0.000588276889622,-8.14269295603e-05,-8.29431256126e-05
0.5554,1,0.938817618191,0.464969659274,-0.0224699488918,-0.0226723472673,0,0.999961367846,0.00058627112576,-8.11293087568e-05,-8.26398864021e-05
0.5556,1,0.938910465799,0.464238040126,-0.0224298994748,-0.0226318675922,0,0.9999614847,0.000584272607667,-8.08327910052e-05,-8.2337770873e-05
0.5558,1,0.939003167332,0.463507667823,-0.0223899349799,-0.0225914739687,0,0.999961601157,0.000582281308604,-8.05373722516e-05,-8.20367748995e-05
0.556,1,0.93909572304,0.462778539899,-0.0223500551846,-0.0225511661709,0,0.999961717216,0.000580297201932,-8.02430484555e-05,-8.17368943699e-05
0.5562,1,0.939188133171,0.462050653895,-0.0223102598673,-0.0225109439737,0,0.99996183288,0.000578320261107,-7.99498155909e-05,-8.1438125187e-05
0.5564,1,0.939280397973,0.46132400736,-0.022270548807,-0.0224708071524,0,0.99996194815,0.000576350459685,-7.96576696458e-05,-8.11404632678e-05
0.5566,1,0.939372517692,0.460598597846,-0.0222309217832,-0.0224307554833,0,0.999962063028,0.000574387771318,-7.93666066225e-05,-8.08439045434e-05
0.5568,1,0.939464492577,0.459874422912,-0.0221913785765,-0.0223907887433,0,0.999962177514,0.000572432169756,-7.90766225375e-05,-8.05484449592e-05
0.557,1,0.939556322873,0.459151480124,-0.0221519189677,-0.0223509067099,0,0.999962291611,0.000570483628845,-7.878771342e-05,-8.02540804749e-05
0.5572,1,0.939648008826,0.458429767053,-0.0221125427387,-0.0223111091615,0,0.999962405319,0.000568542122526,-7.84998753143e-05,-7.99608070639e-05
0.5574,1,0.939739550682,0.457709281275,-0.0220732496719,-0.0222713958769,0,0.999962518641,0.000566607624838,-7.82131042784e-05,-7.9668620714e-05
0.5576,1,0.939830948687,0.456990020374,-0.0220340395502,-0.0222317666359,0,0.999962631577,0.000564680109915,-7.79273963842e-05,-7.93775174269e-05
0.5578,1,0.939922203083,0.456271981937,-0.0219949121575,-0.0221922212188,0,0.999962744129,0.000562759551985,-7.76427477164e-05,-7.90874932183e-05
0.558,1,0.940013314116,0.45555516356,-0.0219558672783,-0.0221527594065,0,0.999962856298,0.000560845925371,-7.73591543749e-05,-7.87985441179e-05
0.5582,1,0.940104282028,0.454839562842,-0.0219169046975,-0.0221133809809,0,0.999962968086,0.000558939204492,-7.70766124724e-05,-7.85106661693e-05
0.5584,1,0.940195107064,0.45412517739,-0.0218780242009,-0.0220740857242,0,0.999963079494,0.000557039363861,-7.67951181358e-05,-7.822385543e-05
0.5586,1,0.940285789465,0.453412004815,-0.021839225575,-0.0220348734195,0,0.999963190523,0.000555146378083,-7.6514667505e-05,-7.79381079711e-05
0.5588,1,0.940376329473,0.452700042735,-0.0218005086069,-0.0219957438506,0,0.999963301175,0.000553260221859,-7.62352567338e-05,-7.76534198779e-05
0.559,1,0.940466727331,0.451989288773,-0.0217618730842,-0.0219566968019,0,0.999963411451,0.000551380869981,-7.5956881989e-05,-7.73697872491e-05
0.5592,1,0.940556983279,0.451279740559,-0.0217233187954,-0.0219177320583,0,0.999963521353,0.000549508297335,-7.56795394519e-05,-7.70872061971e-05
0.5594,1,0.940647097558,0.450571395727,-0.0216848455296,-0.0218788494058,0,0.999963630881,0.0005476424789,-7.54032253175e-05,-7.6805672848e-05
0.5596,1,0.940737070409,0.449864251916,-0.0216464530764,-0.0218400486305,0,0.999963740038,0.000545783389745,-7.51279357925e-05,-7.65251833419e-05
0.5598,1,0.94082690207,0.449158306775,-0.0216081412262,-0.0218013295197,0,0.999963848824,0.000543931005035,-7.48536670989e-05,-7.6245733832e-05
0.56,1,0.940916592782,0.448453557954,-0.02156990977,-0.021762691861,0,0.999963957241,0.000542085300022,-7.45804154707e-05,-7.59673204854e-05
0.5602,1,0.941006142782,0.44775000311,-0.0215317584995,-0.0217241354428,0,0.999964065291,0.000540246250053,-7.43081771558e-05,-7.56899394825e-05
0.5604,1,0.94109555231,0.447047639907,-0.0214936872069,-0.0216856600541,0,0.999964172973,0.000538413830562,-7.40369484158e-05,-7.54135870171e-05
0.5606,1,0.941184821603,0.446346466013,-0.0214556956853,-0.0216472654847,0,0.999964280291,0.000536588017078,-7.37667255248e-05,-7.51382592969e-05
0.5608,1,0.941273950899,0.445646479103,-0.0214177837281,-0.0216089515248,0,0.999964387245,0.000534768785217,-7.34975047701e-05,-7.48639525424e-05
0.561,1,0.941362940435,0.444947676857,-0.0213799511297,-0.0215707179655,0,0.999964493836,0.000532956110686,-7.32292824527e-05,-7.4590662988e-05
0.5612,1,0.941451790446,0.444250056958,-0.0213421976848,-0.0215325645983,0,0.999964600066,0.000531149969282,-7.29620548856e-05,-7.43183868809e-05
0.5614,1,0.941540501169,0.4435536171,-0.021304523189,-0.0214944912156,0,0.999964705936,0.000529350336891,-7.26958183967e-05,-7.40471204818e-05
0.5616,1,0.94162907284,0.442858354978,-0.0212669274383,-0.0214564976103,0,0.999964811447,0.000527557189487,-7.24305693258e-05,-7.37768600648e-05
0.5618,1,0.941717505694,0.442164268293,-0.0212294102295,-0.0214185835759,0,0.999964916602,0.000525770503135,-7.21663040257e-05,-7.3507601917e-05
0.562,1,0.941805799965,0.441471354754,-0.02119197136,-0.0213807489066,0,0.9999650214,0.000523990253987,-7.19030188622e-05,-7.32393423388e-05
0.5622,1,0.941893955887,0.440779612073,-0.0211546106277,-0.0213429933973,0,0.999965125843,0.000522216418281,-7.16407102144e-05,-7.29720776434e-05
0.5624,1,0.941981973695,0.440089037969,-0.0211173278314,-0.0213053168434,0,0.999965229933,0.000520448972347,-7.13793744735e-05,-7.27058041576e-05
0.5626,1,0.942069853621,0.439399630165,-0.0210801227702,-0.021267719041,0,0.99996533367,0.000518687892599,-7.11190080446e-05,-7.24405182208e-05
0.5628,1,0.942157595898,0.438711386392,-0.021042995244,-0.0212301997868,0,0.999965437057,0.00051693315554,-7.0859607345e-05,-7.21762161856e-05
0.563,1,0.942245200759,0.438024304382,-0.0210059450532,-0.0211927588782,0,0.999965540094,0.000515184737758,-7.06011688044e-05,-7.19128944175e-05
0.5632,1,0.942332668436,0.437338381877,-0.020968971999,-0.0211553961132,0,0.999965642782,0.00051344261593,-7.03436888664e-05,-7.16505492949e-05
0.5634,1,0.942419999159,0.436653616622,-0.020932075883,-0.0211181112904,0,0.999965745124,0.000511706766816,-7.0087163986e-05,-7.13891772092e-05
0.5636,1,0.94250719316,0.435970006368,-0.0208952565077,-0.0210809042089,0,0.999965847119,0.000509977167265,-6.98315906311e-05,-7.11287745645e-05
0.5638,1,0.94259425067,0.435287548871,-0.0208585136758,-0.0210437746687,0,0.99996594877,0.000508253794209,-6.95769652828e-05,-7.08693377778e-05
0.564,1,0.942681171918,0.434606241892,-0.0208218471909,-0.0210067224701,0,0.999966050077,0.000506536624667,-6.93232844351e-05,-7.06108632788e-05
0.5642,1,0.942767957135,0.433926083199,-0.0207852568571,-0.0209697474142,0,0.999966151042,0.000504825635742,-6.90705445931e-05,-7.03533475101e-05
0.5644,1,0.942854606549,0.433247070563,-0.0207487424792,-0.0209328493028,0,0.999966251666,0.000503120804622,-6.88187422752e-05,-7.00967869267e-05
0.5646,1,0.942941120389,0.432569201762,-0.0207123038625,-0.0208960279381,0,0.999966351951,0.000501422108579,-6.85678740131e-05,-6.98411779964e-05
0.5648,1,0.943027498884,0.431892474578,-0.0206759408129,-0.020859283123,0,0.999966451897,0.00049972952497,-6.83179363492e-05,-6.95865171997e-05
0.565,1,0.943113742262,0.4312168868,-0.0206396531369,-0.0208226146609,0,0.999966551505,0.000498043031234,-6.80689258394e-05,-6.93328010296e-05
0.5652,1,0.943199850749,0.430542436221,-0.0206034406417,-0.0207860223561,0,0.999966650778,0.000496362604896,-6.78208390518e-05,-6.90800259916e-05
0.5654,1,0.943285824573,0.429869120639,-0.0205673031349,-0.0207495060133,0,0.999966749716,0.000494688223561,-6.75736725667e-05,-6.88281886036e-05
0.5656,1,0.943371663961,0.429196937858,-0.0205312404249,-0.0207130654376,0,0.99996684832,0.000493019864919,-6.73274229763e-05,-6.85772853962e-05
0.5658,1,0.943457369138,0.428525885687,-0.0204952523206,-0.0206767004351,0,0.999966946591,0.000491357506742,-6.70820868859e-05,-6.83273129123e-05
0.566,1,0.94354294033,0.427855961939,-0.0204593386313,-0.0206404108122,0,0.999967044531,0.000489701126883,-6.68376609119e-05,-6.8078267707e-05
0.5662,1,0.943628377763,0.427187164434,-0.0204234991672,-0.020604196376,0,0.999967142141,0.00048805070328,-6.65941416836e-05,-6.7830146348e-05
0.5664,1,0.943713681661,0.426519490997,-0.0203877337389,-0.0205680569342,0,0.999967239423,0.00048640621395,-6.63515258426e-05,-6.75829454151e-05
0.5666,1,0.943798852249,0.425852939456,-0.0203520421576,-0.0205319922952,0,0.999967336376,0.000484767636992,-6.61098100418e-05,-6.73366615006e-05
0.5668,1,0.943883889751,0.425187507647,-0.020316424235,-0.0204960022676,0,0.999967433003,0.000483134950585,-6.5868990946e-05,-6.70912912088e-05
0.567,1,0.943968794389,0.42452319341,-0.0202808797836,-0.0204600866611,0,0.999967529305,0.000481508132992,-6.56290652331e-05,-6.68468311563e-05
0.5672,1,0.944053566388,0.423859994588,-0.0202454086164,-0.0204242452856,0,0.999967625282,0.000479887162553,-6.53900295928e-05,-6.66032779716e-05
0.5674,1,0.94413820597,0.423197909032,-0.0202100105467,-0.0203884779518,0,0.999967720937,0.000478272017689,-6.51518807252e-05,-6.63606282959e-05
0.5676,1,0.944222713357,0.422536934597,-0.0201746853887,-0.0203527844707,0,0.999967816269,0.000476662676903,-6.49146153444e-05,-6.61188787817e-05
0.5678,1,0.944307088771,0.421877069143,-0.020139432957,-0.0203171646543,0,0.999967911281,0.000475059118775,-6.46782301744e-05,-6.58780260943e-05
0.568,1,0.944391332433,0.421218310536,-0.0201042530669,-0.0202816183149,0,0.999968005973,0.000473461321965,-6.44427219522e-05,-6.56380669103e-05
0.5682,1,0.944475444564,0.420560656644,-0.0200691455341,-0.0202461452653,0,0.999968100347,0.000471869265214,-6.42080874265e-05,-6.53989979187e-05
0.5684,1,0.944559425385,0.419904105344,-0.0200341101749,-0.020210745319,0,0.999968194404,0.000470282927338,-6.39743233576e-05,-6.51608158203e-05
0.5686,1,0.944643275116,0.419248654515,-0.0199991468064,-0.0201754182902,0,0.999968288144,0.000468702287235,-6.37414265163e-05,-6.49235173277e-05
0.5688,1,0.944726993977,0.418594302042,-0.0199642552458,-0.0201401639934,0,0.99996838157,0.00046712732388,-6.35093936875e-05,-6.46870991654e-05
0.569,1,0.944810582186,0.417941045816,-0.0199294353113,-0.0201049822439,0,0.999968474681,0.000465558016324,-6.32782216657e-05,-6.44515580699e-05
0.5692,1,0.944894039962,0.417288883731,-0.0198946868213,-0.0200698728574,0,0.99996856748,0.000463994343698,-6.30479072571e-05,-6.4216890789e-05
0.5694,1,0.944977367525,0.416637813688,-0.0198600095951,-0.0200348356502,0,0.999968659967,0.00046243628521,-6.28184472809e-05,-6.39830940826e-05
0.5696,1,0.945060565092,0.415987833591,-0.0198254034523,-0.0199998704392,0,0.999968752144,0.000460883820145,-6.2589838566e-05,-6.37501647223e-05
0.5698,1,0.94514363288,0.41533894135,-0.0197908682131,-0.0199649770418,0,0.999968844011,0.000459336927863,-6.23620779542e-05,-6.3518099491e-05
0.57,1,0.945226571107,0.41469113488,-0.0197564036983,-0.0199301552761,0,0.999968935571,0.000457795587803,-6.21351622976e-05,-6.32868951837e-05
0.5702,1,0.94530937999,0.414044412099,-0.0197220097291,-0.0198954049605,0,0.999969026823,0.000456259779478,-6.19090884608e-05,-6.30565486065e-05
0.5704,1,0.945392059744,0.413398770934,-0.0196876861275,-0.0198607259142,0,0.999969117768,0.000454729482479,-6.16838533189e-05,-6.28270565773e-05
0.5706,1,0.945474610586,0.412754209312,-0.0196534327158,-0.0198261179569,0,0.999969208409,0.000453204676471,-6.14594537589e-05,-6.25984159257e-05
0.5708,1,0.945557032731,0.412110725168,-0.019619249317,-0.0197915809087,0,0.999969298746,0.000451685341195,-6.12358866786e-05,-6.23706234923e-05
0.571,1,0.945639326394,0.411468316442,-0.0195851357546,-0.0197571145903,0,0.999969388781,0.000450171456467,-6.10131489866e-05,-6.21436761296e-05
0.5712,1,0.94572149179,0.410826981075,-0.0195510918525,-0.0197227188232,0,0.999969478513,0.00044866300218,-6.07912376043e-05,-6.1917570701e-05
0.5714,1,0.945803529134,0.410186717018,-0.0195171174353,-0.0196883934291,0,0.999969567945,0.000447159958297,-6.0570149463e-05,-6.16923040816e-05
0.5716,1,0.945885438638,0.409547522223,-0.0194832123281,-0.0196541382303,0,0.999969657078,0.000445662304859,-6.03498815048e-05,-6.14678731579e-05
0.5718,1,0.945967220517,0.408909394649,-0.0194493763564,-0.0196199530498,0,0.999969745912,0.000444170021979,-6.0130430684e-05,-6.12442748273e-05
0.572,1,0.946048874983,0.408272332258,-0.0194156093464,-0.0195858377112,0,0.999969834448,0.000442683089846,-5.99117939652e-05,-6.10215059986e-05
0.5722,1,0.94613040225,0.407636333018,-0.0193819111249,-0.0195517920382,0,0.999969922689,0.00044120148872,-5.96939683248e-05,-6.07995635919e-05
0.5724,1,0.946211802529,0.407001394901,-0.0193482815188,-0.0195178158555,0,0.999970010634,0.000439725198936,-5.94769507495e-05,-6.05784445385e-05
0.5726,1,0.946293076032,0.406367515884,-0.0193147203561,-0.0194839089882,0,0.999970098285,0.000438254200901,-5.92607382366e-05,-6.03581457807e-05
0.5728,1,0.946374222971,0.405734693949,-0.0192812274648,-0.0194500712618,0,0.999970185642,0.000436788475095,-5.90453277952e-05,-6.01386642719e-05
0.573,1,0.946455243556,0.405102927083,-0.0192478026738,-0.0194163025024,0,0.999970272708,0.000435328002071,-5.88307164452e-05,-5.99199969766e-05
0.5732,1,0.946536137999,0.404472213276,-0.0192144458122,-0.0193826025367,0,0.999970359482,0.000433872762452,-5.86169012172e-05,-5.97021408703e-05
0.5734,1,0.946616906509,0.403842550524,-0.01918115671,-0.0193489711918,0,0.999970445967,0.000432422736936,-5.84038791519e-05,-5.94850929397e-05
0.5736,1,0.946697549297,0.403213936828,-0.0191479351974,-0.0193154082954,0,0.999970532163,0.00043097790629,-5.81916473011e-05,-5.92688501821e-05
0.5738,1,0.946778066571,0.402586370192,-0.0191147811051,-0.0192819136758,0,0.99997061807,0.000429538251354,-5.79802027278e-05,-5.90534096059e-05
0.574,1,0.94685845854,0.401959848627,-0.0190816942646,-0.0192484871617,0,0.999970703691,0.000428103753039,-5.77695425058e-05,-5.88387682303e-05
0.5742,1,0.946938725414,0.401334370146,-0.0190486745076,-0.0192151285823,0,0.999970789026,0.000426674392325,-5.75596637193e-05,-5.86249230854e-05
0.5744,1,0.947018867401,0.400709932769,-0.0190157216665,-0.0191818377673,0,0.999970874076,0.000425250150265,-5.73505634622e-05,-5.84118712122e-05
0.5746,1,0.947098884708,0.400086534518,-0.0189828355742,-0.0191486145472,0,0.999970958842,0.000423831007982,-5.71422388407e-05,-5.81996096622e-05
0.5748,1,0.947178777542,0.399464173422,-0.0189500160639,-0.0191154587526,0,0.999971043325,0.000422416946667,-5.69346869699e-05,-5.79881354979e-05
0.575,1,0.947258546112,0.398842847514,-0.0189172629696,-0.0190823702148,0,0.999971127527,0.000421007947583,-5.67279049767e-05,-5.77774457923e-05
0.5752,1,0.947338190623,0.39822255483,-0.0188845761255,-0.0190493487658,0,0.999971211448,0.000419603992062,-5.65218899981e-05,-5.75675376292e-05
0.5754,1,0.947417711282,0.397603293413,-0.0188519553666,-0.0190163942377,0,0.999971295089,0.000418205061505,-5.63166391814e-05,-5.73584081029e-05
0.5756,1,0.947497108294,0.396985061307,-0.0188194005281,-0.0189835064635,0,0.999971378451,0.000416811137382,-5.61121496837e-05,-5.71500543186e-05
0.5758,1,0.947576381865,0.396367856565,-0.018786911446,-0.0189506852764,0,0.999971461536,0.000415422201231,-5.59084186735e-05,-5.69424733916e-05
0.576,1,0.947655532201,0.395751677241,-0.0187544879565,-0.0189179305104,0,0.999971544343,0.000414038234662,-5.57054433296e-05,-5.6735662448e-05
0.5762,1,0.947734559505,0.395136521394,-0.0187221298965,-0.0188852419996,0,0.999971626875,0.000412659219348,-5.55032208407e-05,-5.65296186243e-05
0.5764,1,0.947813463982,0.39452238709,-0.0186898371034,-0.018852619579,0,0.999971709132,0.000411285137035,-5.53017484052e-05,-5.63243390676e-05
0.5766,1,0.947892245837,0.393909272396,-0.0186576094148,-0.0188200630839,0,0.999971791115,0.000409915969535,-5.51010232327e-05,-5.61198209351e-05
0.5768,1,0.947970905272,0.393297175386,-0.0186254466691,-0.01878757235,0,0.999971872826,0.000408551698725,-5.49010425425e-05,-5.59160613946e-05
0.577,1,0.948049442491,0.392686094136,-0.0185933487051,-0.0187551472139,0,0.999971954264,0.000407192306553,-5.47018035647e-05,-5.57130576242e-05
0.5772,1,0.948127857696,0.392076026729,-0.0185613153621,-0.0187227875121,0,0.999972035432,0.000405837775033,-5.45033035389e-05,-5.55108068123e-05
0.5774,1,0.94820615109,0.391466971252,-0.0185293464797,-0.0186904930821,0,0.999972116329,0.000404488086245,-5.4305539715e-05,-5.53093061576e-05
0.5776,1,0.948284322875,0.390858925794,-0.0184974418983,-0.0186582637616,0,0.999972196958,0.000403143222336,-5.41085093524e-05,-5.51085528691e-05
0.5778,1,0.948362373253,0.39025188845,-0.0184656014585,-0.018626099389,0,0.999972277319,0.000401803165519,-5.3912209722e-05,-5.49085441657e-05
0.578,1,0.948440302425,0.389645857321,-0.0184338250015,-0.0185939998029,0,0.999972357412,0.000400467898074,-5.37166381033e-05,-5.4709277277e-05
0.5782,1,0.948518110591,0.38904083051,-0.018402112369,-0.0185619648426,0,0.99997243724,0.000399137402347,-5.35217917862e-05,-5.45107494423e-05
0.5784,1,0.948595797952,0.388436806125,-0.0183704634031,-0.0185299943479,0,0.999972516802,0.000397811660747,-5.33276680703e-05,-5.4312957911e-05
0.5786,1,0.948673364708,0.387833782278,-0.0183388779464,-0.0184980881589,0,0.9999725961,0.000396490655752,-5.31342642656e-05,-5.41158999429e-05
0.5788,1,0.94875081106,0.387231757086,-0.018307355842,-0.0184662461164,0,0.999972675135,0.000395174369902,-5.29415776916e-05,-5.39195728074e-05
0.579,1,0.948828137206,0.386630728671,-0.0182758969335,-0.0184344680616,0,0.999972753907,0.000393862785804,-5.27496056777e-05,-5.37239737843e-05
0.5792,1,0.948905343345,0.386030695157,-0.0182445010648,-0.0184027538359,0,0.999972832419,0.00039255588613,-5.25583455634e-05,-5.3529100163e-05
0.5794,1,0.948982429676,0.385431654674,-0.0182131680804,-0.0183711032817,0,0.999972910669,0.000391253653613,-5.23677946971e-05,-5.3334949243e-05
0.5796,1,0.949059396397,0.384833605357,-0.0181818978253,-0.0183395162414,0,0.999972988661,0.000389956071054,-5.21779504387e-05,-5.31415183339e-05
0.5798,1,0.949136243706,0.384236545342,-0.0181506901449,-0.0183079925582,0,0.999973066393,0.000388663121316,-5.19888101552e-05,-5.29488047548e-05
0.58,1,0.9492129718,0.383640472773,-0.0181195448851,-0.0182765320756,0,0.999973143868,0.000387374787327,-5.18003712255e-05,-5.27568058349e-05
0.5802,1,0.949289580877,0.383045385797,-0.0180884618921,-0.0182451346375,0,0.999973221086,0.000386091052076,-5.16126310369e-05,-5.2565518913e-05
0.5804,1,0.949366071134,0.382451282564,-0.0180574410128,-0.0182138000884,0,0.999973298049,0.000384811898618,-5.14255869869e-05,-5.23749413378e-05
0.5806,1,0.949442442766,0.381858161229,-0.0180264820945,-0.0181825282733,0,0.999973374756,0.00038353731007,-5.12392364827e-05,-5.21850704676e-05
0.5808,1,0.94951869597,0.381266019951,-0.0179955849847,-0.0181513190375,0,0.99997345121,0.00038226726961,-5.105357694e-05,-5.19959036706e-05
0.581,1,0.949594830942,0.380674856895,-0.0179647495318,-0.018120172227,0,0.99997352741,0.000381001760482,-5.08686057852e-05,-5.18074383245e-05
0.5812,1,0.949670847876,0.380084670227,-0.0179339755842,-0.0180890876879,0,0.999973603358,0.000379740765989,-5.06843204532e-05,-5.16196718166e-05
0.5814,1,0.949746746967,0.379495458119,-0.0179032629911,-0.0180580652672,0,0.999973679055,0.000378484269499,-5.05007183888e-05,-5.1432601544e-05
0.5816,1,0.949822528411,0.378907218748,-0.0178726116019,-0.0180271048119,0,0.999973754501,0.000377232254439,-5.03177970461e-05,-5.12462249129e-05
0.5818,1,0.949898192401,0.378319950294,-0.0178420212666,-0.0179962061699,0,0.999973829698,0.0003759847043,-5.0135553889e-05,-5.10605393396e-05
0.582,1,0.949973739131,0.37773365094,-0.0178114918356,-0.0179653691893,0,0.999973904647,0.000374741602632,-4.995398639e-05,-5.08755422494e-05
0.5822,1,0.950049168795,0.377148318875,-0.0177810231598,-0.0179345937185,0,0.999973979347,0.000373502933049,-4.97730920312e-05,-5.06912310776e-05
0.5824,1,0.950124481585,0.376563952291,-0.0177506150905,-0.0179038796068,0,0.999974053801,0.000372268679224,-4.9592868304e-05,-5.05076032683e-05
0.5826,1,0.950199677695,0.375980549386,-0.0177202674793,-0.0178732267035,0,0.999974128009,0.000371038824891,-4.94133127088e-05,-5.03246562754e-05
0.5828,1,0.950274757317,0.375398108359,-0.0176899801784,-0.0178426348587,0,0.999974201972,0.000369813353844,-4.92344227561e-05,-5.01423875621e-05
0.583,1,0.950349720642,0.374816627416,-0.0176597530405,-0.0178121039226,0,0.99997427569,0.00036859224994,-4.90561959646e-05,-4.99607946009e-05
0.5832,1,0.950424567863,0.374236104764,-0.0176295859186,-0.0177816337462,0,0.999974349165,0.000367375497093,-4.88786298624e-05,-4.97798748736e-05
0.5834,1,0.950499299171,0.373656538618,-0.0175994786662,-0.0177512241807,0,0.999974422398,0.000366163079277,-4.87017219866e-05,-4.95996258714e-05
0.5836,1,0.950573914757,0.373077927193,-0.0175694311372,-0.0177208750778,0,0.999974495389,0.000364954980528,-4.85254698837e-05,-4.94200450944e-05
0.5838,1,0.95064841481,0.372500268711,-0.017539443186,-0.0176905862897,0,0.999974568139,0.000363751184938,-4.83498711085e-05,-4.92411300523e-05
0.584,1,0.950722799523,0.371923561396,-0.0175095146673,-0.017660357669,0,0.999974640649,0.000362551676662,-4.81749232259e-05,-4.90628782635e-05
0.5842,1,0.950797069083,0.371347803478,-0.0174796454363,-0.0176301890686,0,0.999974712921,0.000361356439911,-4.80006238092e-05,-4.8885287256e-05
0.5844,1,0.950871223682,0.370772993189,-0.0174498353487,-0.0176000803422,0,0.999974784954,0.000360165458956,-4.7826970441e-05,-4.87083545666e-05
0.5846,1,0.950945263508,0.370199128766,-0.0174200842606,-0.0175700313435,0,0.999974856749,0.000358978718125,-4.76539607117e-05,-4.85320777415e-05
0.5848,1,0.951019188749,0.369626208451,-0.0173903920285,-0.0175400419269,0,0.999974928309,0.000357796201808,-4.74815922218e-05,-4.83564543356e-05
0.585,1,0.951092999595,0.369054230487,-0.0173607585092,-0.0175101119472,0,0.999974999632,0.000356617894448,-4.73098625809e-05,-4.81814819128e-05
0.5852,1,0.951166696234,0.368483193123,-0.0173311835601,-0.0174802412596,0,0.999975070721,0.000355443780551,-4.71387694058e-05,-4.80071580464e-05
0.5854,1,0.951240278853,0.367913094613,-0.017301667039,-0.0174504297197,0,0.999975141576,0.000354273844676,-4.69683103235e-05,-4.78334803183e-05
0.5856,1,0.95131374764,0.367343933212,-0.017272208804,-0.0174206771836,0,0.999975212197,0.000353108071443,-4.67984829695e-05,-4.76604463194e-05
0.5858,1,0.951387102781,0.366775707182,-0.0172428087138,-0.0173909835076,0,0.999975282587,0.000351946445527,-4.6629284987e-05,-4.74880536494e-05
0.586,1,0.951460344464,0.366208414787,-0.0172134666273,-0.0173613485489,0,0.999975352744,0.000350788951661,-4.64607140297e-05,-4.73162999169e-05
0.5862,1,0.951533472875,0.365642054295,-0.0171841824041,-0.0173317721646,0,0.999975422672,0.000349635574636,-4.62927677582e-05,-4.71451827395e-05
0.5864,1,0.9516064882,0.365076623978,-0.0171549559039,-0.0173022542125,0,0.999975492369,0.000348486299296,-4.61254438432e-05,-4.69746997432e-05
0.5866,1,0.951679390624,0.364512122113,-0.0171257869871,-0.0172727945508,0,0.999975561837,0.000347341110545,-4.59587399628e-05,-4.68048485632e-05
0.5868,1,0.951752180334,0.363948546979,-0.0170966755142,-0.017243393038,0,0.999975631077,0.000346199993342,-4.57926538047e-05,-4.66356268431e-05
0.587,1,0.951824857513,0.36338589686,-0.0170676213464,-0.0172140495333,0,0.99997570009,0.000345062932701,-4.56271830647e-05,-4.64670322354e-05
0.5872,1,0.951897422347,0.362824170044,-0.0170386243451,-0.0171847638959,0,0.999975768876,0.000343929913694,-4.54623254466e-05,-4.62990624013e-05
0.5874,1,0.95196987502,0.362263364822,-0.0170096843723,-0.0171555359857,0,0.999975837436,0.000342800921445,-4.5298078664e-05,-4.61317150103e-05
0.5876,1,0.952042215716,0.36170347949,-0.0169808012903,-0.017126365663,0,0.999975905771,0.000341675941138,-4.51344404372e-05,-4.59649877411e-05
0.5878,1,0.952114444618,0.361144512346,-0.0169519749618,-0.0170972527885,0,0.999975973882,0.000340554958007,-4.49714084968e-05,-4.57988782803e-05
0.588,1,0.952186561911,0.360586461694,-0.0169232052498,-0.0170681972232,0,0.99997604177,0.000339437957346,-4.480898058e-05,-4.56333843236e-05
0.5882,1,0.952258567776,0.360029325841,-0.016894492018,-0.0170391988285,0,0.999976109435,0.0003383249245,-4.46471544341e-05,-4.54685035749e-05
0.5884,1,0.952330462396,0.359473103096,-0.0168658351302,-0.0170102574664,0,0.999976176878,0.00033721584487,-4.44859278128e-05,-4.53042337467e-05
0.5886,1,0.952402245955,0.358917791774,-0.0168372344507,-0.0169813729992,0,0.9999762441,0.000336110703912,-4.43252984797e-05,-4.51405725599e-05
0.5888,1,0.952473918633,0.358363390193,-0.0168086898443,-0.0169525452895,0,0.999976311102,0.000335009487135,-4.41652642068e-05,-4.49775177439e-05
0.589,1,0.952545480612,0.357809896675,-0.0167802011761,-0.0169237742004,0,0.999976377884,0.000333912180102,-4.40058227728e-05,-4.48150670365e-05
0.5892,1,0.952616932074,0.357257309545,-0.0167517683115,-0.0168950595956,0,0.999976444448,0.00033281876843,-4.3846971966e-05,-4.46532181837e-05
0.5894,1,0.952688273199,0.356705627133,-0.0167233911165,-0.0168664013388,0,0.999976510794,0.00033172923779,-4.36887095821e-05,-4.44919689402e-05
0.5896,1,0.952759504169,0.356154847771,-0.0166950694574,-0.0168377992943,0,0.999976576922,0.000330643573906,-4.35310334249e-05,-4.43313170686e-05
0.5898,1,0.952830625163,0.355604969795,-0.0166668032008,-0.0168092533269,0,0.999976642835,0.000329561762555,-4.33739413071e-05,-4.41712603398e-05
0.59,1,0.952901636361,0.355055991548,-0.0166385922138,-0.0167807633017,0,0.999976708532,0.000328483789567,-4.32174310496e-05,-4.40117965333e-05
0.5902,1,0.952972537944,0.354507911371,-0.016610436364,-0.0167523290841,0,0.999976774014,0.000327409640825,-4.30615004807e-05,-4.38529234366e-05
0.5904,1,0.953043330089,0.353960727613,-0.0165823355191,-0.0167239505401,0,0.999976839281,0.000326339302263,-4.29061474363e-05,-4.36946388454e-05
0.5906,1,0.953114012977,0.353414438626,-0.0165542895473,-0.0166956275359,0,0.999976904336,0.000325272759871,-4.27513697612e-05,-4.35369405636e-05
0.5908,1,0.953184586785,0.352869042764,-0.0165262983174,-0.0166673599382,0,0.999976969178,0.000324209999687,-4.25971653085e-05,-4.33798264031e-05
0.591,1,0.953255051693,0.352324538386,-0.0164983616983,-0.016639147614,0,0.999977033808,0.000323151007803,-4.24435319377e-05,-4.32232941842e-05
0.5912,1,0.953325407878,0.351780923854,-0.0164704795594,-0.0166109904309,0,0.999977098227,0.000322095770364,-4.22904675182e-05,-4.30673417349e-05
0.5914,1,0.953395655517,0.351238197535,-0.0164426517704,-0.0165828882566,0,0.999977162436,0.000321044273564,-4.21379699253e-05,-4.29119668915e-05
0.5916,1,0.953465794789,0.350696357797,-0.0164148782016,-0.0165548409593,0,0.999977226435,0.00031999650365,-4.19860370441e-05,-4.27571674983e-05
0.5918,1,0.953535825869,0.350155403014,-0.0163871587234,-0.0165268484078,0,0.999977290226,0.000318952446919,-4.18346667658e-05,-4.26029414074e-05
0.592,1,0.953605748936,0.349615331563,-0.0163594932067,-0.0164989104709,0,0.999977353808,0.000317912089721,-4.16838569914e-05,-4.24492864791e-05
0.5922,1,0.953675564164,0.349076141824,-0.0163318815229,-0.0164710270181,0,0.999977417183,0.000316875418456,-4.15336056279e-05,-4.22962005816e-05
0.5924,1,0.953745271731,0.34853783218,-0.0163043235436,-0.016443197919,0,0.999977480352,0.000315842419573,-4.13839105902e-05,-4.21436815908e-05
0.5926,1,0.953814871811,0.34800040102,-0.0162768191408,-0.0164154230439,0,0.999977543315,0.000314813079574,-4.1234769802e-05,-4.19917273907e-05
0.5928,1,0.95388436458,0.347463846734,-0.0162493681869,-0.0163877022633,0,0.999977606072,0.000313787385008,-4.10861811942e-05,-4.1840335873e-05
0.593,1,0.953953750214,0.346928167717,-0.0162219705548,-0.016360035448,0,0.999977668625,0.000312765322479,-4.09381427053e-05,-4.16895049372e-05
0.5932,1,0.954023028886,0.346393362367,-0.0161946261174,-0.0163324224694,0,0.999977730974,0.000311746878635,-4.07906522817e-05,-4.15392324908e-05
0.5934,1,0.954092200772,0.345859429086,-0.0161673347485,-0.016304863199,0,0.999977793121,0.000310732040179,-4.06437078764e-05,-4.1389516449e-05
0.5936,1,0.954161266045,0.345326366278,-0.0161400963217,-0.0162773575089,0,0.999977855065,0.00030972079386,-4.04973074517e-05,-4.12403547345e-05
0.5938,1,0.95423022488,0.344794172353,-0.0161129107114,-0.0162499052715,0,0.999977916808,0.000308713126478,-4.03514489763e-05,-4.10917452779e-05
0.594,1,0.954299077449,0.344262845723,-0.0160857777923,-0.0162225063595,0,0.999977978349,0.000307709024882,-4.02061304264e-05,-4.09436860176e-05
0.5942,1,0.954367823926,0.343732384802,-0.0160586974392,-0.016195160646,0,0.999978039691,0.000306708475969,-4.00613497859e-05,-4.07961748994e-05
0.5944,1,0.954436464483,0.343202788011,-0.0160316695275,-0.0161678680046,0,0.999978100833,0.000305711466686,-3.99171050469e-05,-4.06492098767e-05
0.5946,1,0.954504999294,0.342674053772,-0.0160046939328,-0.0161406283092,0,0.999978161777,0.000304717984028,-3.97733942083e-05,-4.05027889107e-05
0.5948,1,0.95457342853,0.342146180511,-0.0159777705314,-0.0161134414339,0,0.999978222523,0.000303728015038,-3.96302152761e-05,-4.03569099702e-05
0.595,1,0.954641752364,0.341619166658,-0.0159508991995,-0.0160863072534,0,0.999978283071,0.000302741546809,-3.94875662645e-05,-4.02115710314e-05
0.5952,1,0.954709970966,0.341093010645,-0.015924079814,-0.0160592256426,0,0.999978343423,0.000301758566479,-3.93454451945e-05,-4.0066770078e-05
0.5954,1,0.954778084508,0.340567710909,-0.015897312252,-0.0160321964769,0,0.999978403578,0.000300779061237,-3.92038500945e-05,-3.99225051013e-05
0.5956,1,0.954846093161,0.34004326589,-0.0158705963909,-0.0160052196319,0,0.999978463539,0.000299803018318,-3.90627790011e-05,-3.97787741e-05
0.5958,1,0.954913997096,0.339519674031,-0.0158439321087,-0.0159782949837,0,0.999978523305,0.000298830425006,-3.89222299566e-05,-3.96355750802e-05
0.596,1,0.954981796483,0.338996933778,-0.0158173192834,-0.0159514224087,0,0.999978582877,0.00029786126863,-3.87822010118e-05,-3.94929060555e-05
0.5962,1,0.955049491491,0.338475043582,-0.0157907577937,-0.0159246017836,0,0.999978642257,0.000296895536567,-3.86426902245e-05,-3.93507650467e-05
0.5964,1,0.955117082292,0.337954001896,-0.0157642475185,-0.0158978329857,0,0.999978701443,0.000295933216244,-3.85036956598e-05,-3.92091500823e-05
0.5966,1,0.955184569053,0.337433807177,-0.0157377883369,-0.0158711158922,0,0.999978760438,0.00029497429513,-3.83652153895e-05,-3.90680591978e-05
0.5968,1,0.955251951945,0.336914457885,-0.0157113801287,-0.0158444503812,0,0.999978819242,0.000294018760744,-3.82272474934e-05,-3.89274904361e-05
0.597,1,0.955319231135,0.336395952484,-0.0156850227737,-0.0158178363307,0,0.999978877855,0.000293066600651,-3.8089790057e-05,-3.87874418476e-05
0.5972,1,0.955386406793,0.33587828944,-0.0156587161522,-0.0157912736193,0,0.999978936279,0.000292117802461,-3.79528411751e-05,-3.86479114895e-05
0.5974,1,0.955453479087,0.335361467224,-0.0156324601449,-0.0157647621259,0,0.999978994513,0.000291172353831,-3.78163989475e-05,-3.85088974266e-05
0.5976,1,0.955520448183,0.334845484309,-0.0156062546327,-0.0157383017297,0,0.999979052559,0.000290230242464,-3.76804614821e-05,-3.83703977308e-05
0.5978,1,0.955587314251,0.334330339172,-0.0155800994969,-0.0157118923103,0,0.999979110417,0.000289291456109,-3.75450268938e-05,-3.82324104811e-05
0.598,1,0.955654077457,0.333816030294,-0.0155539946193,-0.0156855337476,0,0.999979168089,0.00028835598256,-3.74100933037e-05,-3.80949337636e-05
0.5982,1,0.955720737969,0.333302556157,-0.0155279398818,-0.0156592259219,0,0.999979225573,0.000287423809657,-3.72756588414e-05,-3.79579656716e-05
0.5984,1,0.955787295952,0.332789915249,-0.0155019351668,-0.0156329687139,0,0.999979282872,0.000286494925285,-3.71417216426e-05,-3.78215043056e-05
0.5986,1,0.955853751573,0.33227810606,-0.0154759803568,-0.0156067620045,0,0.999979339986,0.000285569317374,-3.70082798497e-05,-3.7685547773e-05
0.5988,1,0.955920104998,0.331767127083,-0.0154500753351,-0.015580605675,0,0.999979396916,0.0002846469739,-3.68753316118e-05,-3.75500941883e-05
0.599,1,0.955986356394,0.331256976815,-0.0154242199848,-0.015554499607,0,0.999979453661,0.000283727882882,-3.6742875086e-05,-3.7415141673e-05
0.5992,1,0.956052505924,0.330747653755,-0.0153984141898,-0.0155284436826,0,0.999979510224,0.000282812032385,-3.66109084352e-05,-3.72806883556e-05
0.5994,1,0.956118553756,0.330239156407,-0.0153726578339,-0.015502437784,0,0.999979566604,0.000281899410519,-3.64794298302e-05,-3.71467323715e-05
0.5996,1,0.956184500052,0.329731483277,-0.0153469508017,-0.015476481794,0,0.999979622802,0.000280990005435,-3.63484374481e-05,-3.70132718633e-05
0.5998,1,0.956250344979,0.329224632875,-0.0153212929776,-0.0154505755955,0,0.999979678818,0.000280083805332,-3.62179294723e-05,-3.68803049802e-05
0.6,1,0.9563160887,0.328718603714,-0.0152956842469,-0.0154247190719,0.2,0.999979734654,0.000279180798451,-3.6087904093e-05,-3.67478298787e-05
0.6002,1,0.956380931378,0.32421339431,-0.0120650044947,-0.0153989121069,0.2,0.999978990311,-0.00372171902692,0.00316916164049,-3.66158447215e-05
0.6004,1,0.956444876223,0.319724223661,-0.00883343667304,-0.0147321305845,0.2,0.999977448832,-0.00770739520246,0.00637534763986,0.000604539652321
0.6006,1,0.956507928491,0.315261341291,-0.00560923176059,-0.0135523918022,0.2,0.999975115312,-0.0116675967403,0.0095742190031,0.00175870124983
0.6008,1,0.956570095073,0.310832909291,-0.00239900182241,-0.0119637597939,0.2,0.99997199648,-0.0155941600863,0.0127591635532,0.00332180480048
0.601,1,0.956631384152,0.306445393381,0.000791973461962,-0.0100508081996,0.2,0.999968100357,-0.0194806180592,0.0159249014992,0.00520927655104
0.6012,1,0.956691804928,0.302103881108,0.00395949737965,-0.00788225186727,0.2,0.99996343598,-0.0233218816576,0.0190672360168,0.00735240154067
0.6014,1,0.956751367396,0.297812340739,0.00710025323766,-0.00551390201789,0.2,0.999958013184,-0.0271139811599,0.0221828503022,0.0096953684359
0.6016,1,0.956810082163,0.293573831915,0.010211639232,-0.00299107096678,0.2,0.999951842413,-0.030853855475,0.0252691424406,0.0121928648091
0.6018,1,0.956867960298,0.289390677037,0.0132916340891,-0.000350528927021,0.2,0.999944934577,-0.034539180755,0.0283240910483,0.0148081203354
0.602,1,0.956925013218,0.285264600704,0.0163386877475,0.00237790367621,0.2,0.999937300931,-0.038168230957,0.0313461459538,0.017511314478
0.6022,1,0.956981252587,0.281196843154,0.0193516324159,0.00517006049047,0.2,0.999928952978,-0.0417397644029,0.0343341392561,0.0202782807732
0.6024,1,0.957036690237,0.277188252545,0.0223296102116,0.00800637487556,0.2,0.999919902391,-0.0452529314949,0.0372872129631,0.0230894524698
0.6026,1,0.957091338109,0.273239360033,0.025272014292,0.0108710219428,0.2,0.999910160952,-0.0487071996446,0.0402047601232,0.0259290045684
0.6028,1,0.957145208198,0.269350440825,0.0281784409642,0.0137512204126,0.2,0.999899740493,-0.0521022922113,0.0430863769346,0.0287841556794
0.603,1,0.95719831251,0.265521563851,0.0310486507289,0.0166366645229,0.2,0.999888652865,-0.0554381388373,0.0459318237897,0.0316445999304
0.6032,1,0.957250663037,0.261752632148,0.0338825365943,0.0195190617641,0.2,0.999876909898,-0.05871483506,0.0487409935885,0.0345020447023
0.6034,1,0.95730227172,0.258043415703,0.036680098305,0.0223917567302,0.2,0.999864523376,-0.0619326094693,0.0515138859679,0.0373498344795
0.6036,1,0.957353150436,0.254393578155,0.0394414213849,0.0252494250451,0.2,0.999851505017,-0.0650917970081,0.054250586344,0.0401826447772
0.6038,1,0.957403310975,0.250802698494,0.042166660096,0.0280878243131,0.2,0.999837866454,-0.0681928172681,0.0569512488718,0.0429962330905
0.604,1,0.957452765033,0.247270288704,0.0448560235857,0.0309035914697,0.2,0.999823619222,-0.0712361568528,0.0596160825916,0.0457872362468
0.6042,1,0.957501524195,0.243795808089,0.0475097646257,0.0336940778929,0.2,0.999808774751,-0.0742223550484,0.0622453401687,0.0485530055158
0.6044,1,0.95754959993,0.240378674909,0.0501281704626,0.0364572152394,0.2,0.999793344353,-0.0771519921864,0.0648393087432,0.0512914724463
0.6046,1,0.957597003585,0.23701827583,0.0527115553842,0.0391914062841,0.2,0.999777339217,-0.080025680197,0.067398302497,0.0540010397057
0.6048,1,0.957643746379,0.233713973586,0.0552602546837,0.0418954361041,0.2,0.999760770406,-0.0828440549436,0.0699226566176,0.056680492264
0.605,1,0.957689839402,0.230465113199,0.0577746197598,0.04456839982,0.2,0.999743648852,-0.0856077700079,0.0724127223981,0.0593289251347
0.6052,1,0.957735293608,0.227271027007,0.0602550141418,0.047209643808,0.2,0.999725985353,-0.0883174916542,0.0748688632628,0.0619456845874
0.6054,1,0.957780119815,0.224131038748,0.0627018102674,0.0498187178747,0.2,0.999707790574,-0.0909738947527,0.0772914515445,0.0645303203225
0.6056,1,0.957824328709,0.221044466852,0.0651153868723,0.0523953363533,0.2,0.999689075043,-0.0935776594846,0.0796808658745,0.0670825465669
0.6058,1,0.957867930834,0.218010627101,0.0674961268773,0.0549393464571,0.2,0.999669849149,-0.0961294686803,0.0820374890692,0.0696022104284
0.606,1,0.957910936601,0.215028834775,0.0698444156816,0.0574507025411,0.2,0.999650123148,-0.098630005676,0.084361706424,0.0720892661566
0.6062,1,0.957953356282,0.212098406378,0.0721606397843,0.0599294451692,0.2,0.999629907157,-0.101079952588,0.0866539043342,0.0745437542101
0.6064,1,0.957995200014,0.209218661016,0.0744451856745,0.0623756840922,0.2,0.999609211159,-0.103479988932,0.0889144691857,0.0769657842349
0.6066,1,0.958036477799,0.206388921508,0.0766984389394,0.0647895844087,0.2,0.999588045001,-0.105830790514,0.0911437864626,0.0793555212251
0.6068,1,0.958077199502,0.203608515261,0.0789207835494,0.0671713553148,0.2,0.999566418396,-0.108133028554,0.0933422400324,0.0817131742726
0.607,1,0.958117374857,0.200876774971,0.0811126012868,0.0695212409618,0.2,0.999544340922,-0.110387368989,0.095510211575,0.0840389874245
0.6072,1,0.958157013465,0.198193039167,0.0832742712926,0.0718395130268,0.2,0.999521822027,-0.112594471922,0.0976480801291,0.0863332322546
0.6074,1,0.958196124795,0.195556652637,0.0854061697074,0.0741264646799,0.2,0.999498871029,-0.114754991203,0.0997562217334,0.0885962018295
0.6076,1,0.958234718189,0.192966966759,0.0875086693902,0.0763824056854,0.2,0.999475497114,-0.116869574092,0.101835009145,0.0908282058103
0.6078,1,0.958272802856,0.190423339747,0.0895821397,0.0786076584264,0.2,0.999451709342,-0.118938861018,0.103884811623,0.0930295664773
0.608,1,0.958310387884,0.187925136837,0.0916269463279,0.0808025546811,0.2,0.999427516645,-0.120963485391,0.105905994755,0.0952006155064
0.6082,1,0.95834748223,0.185471730415,0.0936434511706,0.0829674330105,0.2,0.99940292783,-0.122944073473,0.107898920339,0.0973416913561
0.6084,1,0.95838409473,0.18306250011,0.0956320122383,0.0851026366425,0.2,0.999377951581,-0.124881244285,0.109863946284,0.0994531371527
0.6086,1,0.958420234097,0.180696832845,0.0975929835882,0.0872085117617,0.2,0.99935259646,-0.126775609559,0.111801426546,0.101535298979
0.6088,1,0.958455908921,0.178374122868,0.0995267152815,0.089285406127,0.2,0.999326870905,-0.128627773704,0.113711711088,0.103588524492
0.609,1,0.958491127675,0.176093771753,0.101433553357,0.0913336679579,0.2,0.999300783238,-0.130438333803,0.115595145848,0.105613161811
0.6092,1,0.958525898713,0.173855188391,0.103313839819,0.0933536450377,0.2,0.999274341662,-0.132207879631,0.117452072731,0.107609558619
0.6094,1,0.958560230271,0.171657788958,0.10516791264,0.095345683994,0.2,0.999247554263,-0.133936993674,0.119282829611,0.109578061441
0.6096,1,0.95859413047,0.169500996879,0.106996105765,0.0973101297231,0.2,0.999220429013,-0.135626251176,0.121087750333,0.111519015075
0.6098,1,0.958627607319,0.167384242779,0.108798749132,0.0992473249314,0.2,0.999192973769,-0.137276220183,0.122867164738,0.113432762127
0.61,1,0.958660668712,0.165306964429,0.110576168695,0.101157609772,0.2,0.999165196277,-0.138887461598,0.124621398681,0.115319642649
0.6102,1,0.958693322433,0.163268606682,0.112328686448,0.103041321556,0.2,0.999137104171,-0.140460529244,0.126350774058,0.117179993855
0.6104,1,0.958725576157,0.161268621408,0.114056620459,0.104898794535,0.2,0.999108704977,-0.141995969928,0.128055608839,0.119014149896
0.6106,1,0.958757437451,0.15930646743,0.115760284902,0.10673035972,0.2,0.999080006112,-0.143494323513,0.129736217101,0.120822441685
0.6108,1,0.958788913773,0.157381610444,0.117439990095,0.108536344756,0.2,0.999051014888,-0.144956122983,0.131392909064,0.122605196768
0.611,1,0.958820012478,0.155493522955,0.119096042536,0.110317073824,0.2,0.999021738509,-0.146381894525,0.13302599113,0.124362739227
0.6112,1,0.958850740814,0.153641684192,0.120728744945,0.112072867566,0.2,0.998992184077,-0.147772157596,0.134635765922,0.126095389608
0.6114,1,0.95888110593,0.151825580043,0.122338396301,0.113804043042,0.2,0.998962358592,-0.149127425004,0.136222532322,0.12780346487
0.6116,1,0.958911114871,0.150044702968,0.123925291886,0.115510913694,0.2,0.998932268952,-0.150448202982,0.137786585517,0.129487278361
0.6118,1,0.958940774581,0.148298551933,0.125489723323,0.117193789332,0.2,0.998901921953,-0.151734991264,0.139328217034,0.131147139792
0.612,1,0.958970091908,0.146586632325,0.127031978624,0.11885297613,0.2,0.998871324297,-0.152988283165,0.140847714788,0.13278335524
0.6122,1,0.958999073599,0.144908455878,0.128552342222,0.120488776629,0.2,0.998840482584,-0.154208565652,0.142345363119,0.13439622715
0.6124,1,0.959027726307,0.143263540599,0.130051095024,0.122101489748,0.2,0.99880940332,-0.155396319426,0.143821442837,0.135986054344
0.6126,1,0.959056056589,0.141651410691,0.131528514443,0.123691410803,0.2,0.998778092916,-0.156552018993,0.145276231261,0.137553132042
0.6128,1,0.959084070909,0.140071596475,0.132984874445,0.125258831531,0.2,0.998746557689,-0.157676132744,0.146710002263,0.139097751886
0.613,1,0.959111775635,0.13852363432,0.13442044559,0.126804040114,0.2,0.998714803865,-0.158769123025,0.148123026308,0.140620201962
0.6132,1,0.959139177049,0.137007066563,0.135835495071,0.128327321209,0.2,0.998682837576,-0.159831446215,0.149515570495,0.142120766831
0.6134,1,0.959166281337,0.135521441443,0.137230286757,0.129828955981,0.2,0.998650664865,-0.160863552796,0.150887898599,0.143599727564
0.6136,1,0.9591930946,0.134066313021,0.138605081229,0.131309222136,0.2,0.998618291687,-0.161865887429,0.152240271109,0.145057361771
0.6138,1,0.959219622848,0.132641241112,0.139960135828,0.132768393955,0.2,0.99858572391,-0.162838889023,0.15357294527,0.146493943638
0.614,1,0.959245872006,0.131245791214,0.141295704686,0.13420674233,0.2,0.998552967312,-0.163782990811,0.154886175124,0.147909743965
0.6142,1,0.959271847913,0.129879534435,0.14261203877,0.135624534801,0.2,0.998520027587,-0.164698620412,0.156180211544,0.149305030197
0.6144,1,0.959297556322,0.128542047427,0.143909385921,0.137022035595,0.2,0.998486910347,-0.165586199911,0.157455302278,0.150680066466
0.6146,1,0.959323002905,0.127232912311,0.14518799089,0.13839950566,0.2,0.998453621118,-0.166446145918,0.158711691985,0.152035113628
0.6148,1,0.959348193248,0.125951716618,0.146448095376,0.139757202706,0.2,0.998420165344,-0.167278869645,0.159949622273,0.1533704293
0.615,1,0.959373132859,0.124698053213,0.147689938067,0.14109538124,0.2,0.998386548389,-0.168084776965,0.161169331738,0.154686267894
0.6152,1,0.959397827163,0.123471520233,0.148913754672,0.142414292605,0.2,0.998352775535,-0.168864268485,0.162371055998,0.155982880663
0.6154,1,0.959422281507,0.122271721021,0.150119777964,0.143714185019,0.2,0.998318851987,-0.16961773961,0.163555027732,0.15726051573
0.6156,1,0.95944650116,0.121098264061,0.151308237808,0.144995303608,0.2,0.998284782871,-0.170345580603,0.164721476718,0.15851941813
0.6158,1,0.959470491313,0.119950762911,0.152479361204,0.146257890448,0.2,0.998250573236,-0.171048176658,0.165870629863,0.159759829848
0.616,1,0.95949425708,0.118828836146,0.15363337232,0.147502184599,0.2,0.998216228054,-0.171725907955,0.167002711244,0.160981989851
0.6162,1,0.959517803501,0.117732107287,0.154770492524,0.148728422143,0.2,0.998181752224,-0.172379149728,0.168117942141,0.162186134129
0.6164,1,0.959541135542,0.116660204747,0.155890940423,0.149936836219,0.2,0.99814715057,-0.173008272323,0.16921654107,0.163372495732
0.6166,1,0.959564258095,0.115612761765,0.156994931896,0.15112765706,0.2,0.998112427842,-0.173613641264,0.170298723819,0.164541304799
0.6168,1,0.959587175978,0.114589416349,0.158082680123,0.152301112027,0.2,0.998077588718,-0.174195617307,0.17136470348,0.165692788603
0.617,1,0.95960989394,0.113589811212,0.159154395626,0.153457425646,0.2,0.998042637807,-0.174754556505,0.172414690486,0.166827171579
0.6172,1,0.959632416659,0.112613593718,0.160210286295,0.154596819642,0.2,0.998007579645,-0.175290810264,0.173448892639,0.16794467536
0.6174,1,0.959654748742,0.111660415821,0.161250557426,0.155719512973,0.2,0.9979724187,-0.175804725401,0.174467515143,0.169045518816
0.6176,1,0.959676894729,0.110729934009,0.162275411749,0.156825721864,0.2,0.997937159371,-0.176296644205,0.175470760642,0.170129918081
0.6178,1,0.959698859091,0.109821809245,0.163285049461,0.157915659841,0.2,0.99790180599,-0.176766904486,0.176458829244,0.171198086593
0.618,1,0.959720646232,0.108935706915,0.164279668256,0.158989537765,0.2,0.997866362822,-0.177215839641,0.177431918555,0.172250235123
0.6182,1,0.959742260491,0.108071296768,0.16525946336,0.160047563863,0.2,0.997830834066,-0.177643778701,0.178390223714,0.17328657181
0.6184,1,0.959763706142,0.107228252865,0.166224627557,0.161089943762,0.2,0.997795223857,-0.17805104639,0.179333937417,0.174307302191
0.6186,1,0.959784987393,0.106406253524,0.167175351222,0.162116880521,0.2,0.997759536264,-0.178437963178,0.180263249951,0.175312629236
0.6188,1,0.959806108389,0.105604981265,0.168111822348,0.163128574661,0.2,0.997723775295,-0.178804845332,0.181178349223,0.176302753379
0.619,1,0.959827073213,0.10482412276,0.169034226577,0.164125224199,0.2,0.997687944894,-0.179152004974,0.182079420788,0.177277872548
0.6192,1,0.959847885887,0.10406336878,0.169942747233,0.165107024674,0.2,0.997652048944,-0.179479750127,0.182966647883,0.178238182196
0.6194,1,0.95986855037,0.103322414143,0.170837565341,0.166074169186,0.2,0.997616091267,-0.17978838477,0.183840211447,0.179183875333
0.6196,1,0.959889070562,0.102600957662,0.171718859665,0.167026848417,0.2,0.997580075626,-0.180078208888,0.184700290158,0.180115142556
0.6198,1,0.959909450302,0.101898702101,0.172586806731,0.167965250667,0.2,0.997544005722,-0.180349518521,0.185547060456,0.181032172076
0.62,1,0.959929693373,0.101215354118,0.173441580856,0.168889561879,0.2,0.997507885201,-0.180602605815,0.186380696572,0.181935149752
0.6202,1,0.959949803498,0.100550624219,0.174283354174,0.169799965675,0.2,0.997471717649,-0.180837759069,0.187201370555,0.182824259116
0.6204,1,0.959969784343,0.0999042267115,0.175112296665,0.170696643374,0.2,0.997435506596,-0.181055262786,0.188009252301,0.183699681404
0.6206,1,0.959989639519,0.0992758796561,0.17592857618,0.171579774032,0.2,0.997399255517,-0.181255397717,0.188804509574,0.184561595583
0.6208,1,0.96000937258,0.0986653048176,0.176732358469,0.172449534462,0.2,0.997362967829,-0.18143844091,0.189587308041,0.185410178382
0.621,1,0.960028987025,0.0980722276199,0.177523807205,0.173306099263,0.2,0.997326646895,-0.181604665759,0.190357811289,0.186245604313
0.6212,1,0.960048486301,0.0974963771004,0.17830308401,0.174149640852,0.2,0.997290296027,-0.181754342046,0.191116180857,0.187068045709
0.6214,1,0.960067873798,0.0969374858638,0.179070348483,0.174980329483,0.2,0.99725391848,-0.181887735986,0.191862576259,0.187877672738
0.6216,1,0.960087152856,0.0963952900379,0.17982575822,0.175798333283,0.2,0.997217517458,-0.182005110275,0.192597155008,0.188674653442
0.6218,1,0.960106326762,0.0958695292293,0.180569468843,0.176603818271,0.2,0.997181096113,-0.182106724134,0.193320072643,0.189459153755
0.622,1,0.960125398751,0.0953599464795,0.181301634025,0.177396948385,0.2,0.997144657546,-0.182192833349,0.194031482752,0.190231337533
0.6222,1,0.960144372009,0.0948662882219,0.182022405509,0.178177885513,0.2,0.997108204808,-0.182263690317,0.194731536996,0.190991366577
0.6224,1,0.96016324967,0.0943883042392,0.182731933137,0.178946789512,0.2,0.997071740899,-0.18231954409,0.195420385135,0.191739400661
0.6226,1,0.960182034819,0.0939257476214,0.183430364871,0.179703818237,0.2,0.997035268771,-0.182360640412,0.196098175046,0.192475597555
0.6228,1,0.960200730494,0.0934783747241,0.184117846817,0.180449127564,0.2,0.996998791327,-0.182387221767,0.196765052754,0.193200113054
0.623,1,0.960219339683,0.0930459451276,0.184794523247,0.181182871415,0.2,0.996962311422,-0.182399527414,0.197421162449,0.193913100994
0.6232,1,0.960237865327,0.0926282215961,0.185460536624,0.181905201781,0.2,0.996925831863,-0.182397793432,0.198066646511,0.194614713285
0.6234,1,0.960256310321,0.0922249700381,0.18611602762,0.18261626875,0.2,0.996889355412,-0.182382252757,0.198701645532,0.19530509993
0.6236,1,0.960274677513,0.0918359594666,0.186761135144,0.183316220524,0.2,0.996852884785,-0.182353135225,0.199326298338,0.19598440905
0.6238,1,0.960292969706,0.0914609619599,0.187395996359,0.184005203448,0.2,0.996816422652,-0.182310667605,0.199940742011,0.196652786908
0.624,1,0.960311189656,0.0910997526233,0.188020746705,0.18468336203,0.2,0.996779971637,-0.182255073646,0.200545111911,0.197310377929
0.6242,1,0.960329340078,0.090752109551,0.188635519923,0.185350838965,0.2,0.996743534322,-0.182186574108,0.201139541696,0.197957324725
0.6244,1,0.960347423641,0.0904178137884,0.189240448071,0.186007775157,0.2,0.996707113245,-0.182105386801,0.201724163344,0.198593768119
0.6246,1,0.960365442971,0.0900966492949,0.189835661549,0.18665430974,0.2,0.996670710899,-0.182011726625,0.202299107176,0.199219847164
0.6248,1,0.960383400651,0.0897884029074,0.190421289117,0.187290580102,0.2,0.996634329738,-0.181905805606,0.20286450187,0.199835699166
0.625,1,0.960401299224,0.0894928643037,0.190997457918,0.187916721905,0.2,0.996597972172,-0.181787832929,0.20342047449,0.200441459707
0.6252,1,0.960419141189,0.0892098259673,0.191564293494,0.188532869107,0.2,0.996561640569,-0.181658014976,0.203967150498,0.201037262664
0.6254,1,0.960436929006,0.0889390831514,0.192121919809,0.189139153985,0.2,0.996525337258,-0.181516555362,0.204504653779,0.201623240231
0.6256,1,0.960454665093,0.0886804338445,0.192670459269,0.189735707149,0.2,0.996489064527,-0.18136365497,0.205033106658,0.20219952294
0.6258,1,0.960472351829,0.0884336787357,0.193210032738,0.190322657573,0.2,0.996452824624,-0.181199511983,0.205552629921,0.202766239684
0.626,1,0.960489991553,0.0881986211806,0.19374075956,0.190900132606,0.2,0.99641661976,-0.181024321922,0.206063342834,0.203323517731
0.6262,1,0.960507586566,0.0879750671678,0.194262757577,0.191468257997,0.2,0.996380452104,-0.180838277673,0.206565363159,0.203871482752
0.6264,1,0.960525139131,0.0877628252858,0.194776143147,0.192027157913,0.2,0.99634432379,-0.18064156953,0.207058807175,0.204410258833
0.6266,1,0.960542651473,0.0875617066898,0.195281031162,0.19257695496,0.2,0.996308236913,-0.180434385218,0.207543789697,0.204939968501
0.6268,1,0.960560125778,0.0873715250698,0.195777535069,0.1931177702,0.2,0.996272193531,-0.180216909932,0.208020424093,0.205460732741
0.627,1,0.960577564197,0.0871920966182,0.196265766884,0.193649723174,0.2,0.996236195666,-0.179989326366,0.208488822301,0.205972671011
0.6272,1,0.960594968845,0.0870232399986,0.196745837213,0.194172931916,0.2,0.996200245303,-0.179751814745,0.208949094849,0.206475901269
0.6274,1,0.9606123418,0.0868647763141,0.197217855265,0.194687512975,0.2,0.996164344393,-0.179504552856,0.20940135087,0.206970539985
0.6276,1,0.960629685106,0.086716529077,0.197681928876,0.195193581433,0.2,0.996128494849,-0.179247716081,0.209845698122,0.207456702162
0.6278,1,0.960647000771,0.0865783241779,0.19813816452,0.195691250922,0.2,0.996092698554,-0.178981477425,0.210282243003,0.207934501354
0.628,1,0.960664290769,0.0864499898563,0.19858666733,0.196180633642,0.2,0.996056957352,-0.178706007545,0.210711090566,0.208404049684
0.6282,1,0.96068155704,0.0863313566699,0.199027541111,0.196661840379,0.2,0.996021273058,-0.178421474783,0.211132344542,0.20886545786
0.6284,1,0.960698801492,0.0862222574665,0.199460888358,0.197134980526,0.2,0.995985647448,-0.178128045194,0.211546107349,0.209318835196
0.6286,1,0.960716025997,0.0861225273538,0.199886810274,0.197600162092,0.2,0.995950082272,-0.177825882574,0.211952480114,0.209764289627
0.6288,1,0.960733232398,0.086032003672,0.200305406784,0.198057491728,0.2,0.995914579242,-0.17751514849,0.212351562686,0.210201927725
0.629,1,0.960750422503,0.0859505259646,0.200716776551,0.19850707474,0.2,0.995879140042,-0.177196002307,0.212743453651,0.210631854717
0.6292,1,0.96076759809,0.085877935951,0.201121016992,0.198949015102,0.2,0.995843766322,-0.176868601216,0.213128250352,0.211054174504
0.6294,1,0.960784760906,0.085814077499,0.201518224293,0.19938341548,0.2,0.995808459701,-0.176533100261,0.213506048898,0.211468989673
0.6296,1,0.960801912665,0.0857587965974,0.201908493425,0.199810377243,0.2,0.995773221771,-0.176189652371,0.213876944186,0.211876401518
0.6298,1,0.960819055053,0.085711941329,0.202291918159,0.200230000479,0.2,0.995738054089,-0.175838408378,0.214241029911,0.212276510052
0.63,1,0.960836189726,0.0856733618445,0.20266859108,0.200642384015,0.2,0.995702958186,-0.175479517053,0.214598398584,0.212669414024
0.6302,1,0.960853318308,0.085642910336,0.203038603602,0.201047625428,0.2,0.995667935561,-0.175113125124,0.214949141544,0.213055210936
0.6304,1,0.960870442396,0.085620441011,0.203402045984,0.201445821063,0.2,0.995632987685,-0.174739377308,0.215293348975,0.213433997057
0.6306,1,0.960887563558,0.0856058100674,0.203759007342,0.201837066047,0.2,0.995598116002,-0.174358416332,0.21563110992,0.213805867441
0.6308,1,0.960904683333,0.0855988756675,0.204109575664,0.202221454306,0.2,0.995563321926,-0.173970382964,0.215962512292,0.214170915937
0.631,1,0.960921803233,0.0855994979136,0.204453837825,0.202599078578,0.2,0.995528606842,-0.17357541603,0.216287642892,0.214529235208
0.6312,1,0.96093892474,0.0856075388234,0.2047918796,0.202970030427,0.2,0.995493972112,-0.173173652445,0.216606587422,0.214880916745
0.6314,1,0.960956049313,0.0856228623054,0.205123785677,0.203334400262,0.2,0.995459419066,-0.172765227236,0.216919430497,0.21522605088
0.6316,1,0.96097317838,0.0856453341349,0.205449639672,0.203692277345,0.2,0.995424949012,-0.172350273564,0.217226255659,0.215564726803
0.6318,1,0.960990313344,0.0856748219306,0.205769524141,0.20404374981,0.2,0.995390563227,-0.171928922748,0.21752714539,0.215897032574
0.632,1,0.961007455583,0.085711195131,0.206083520594,0.204388904677,0.2,0.995356262966,-0.171501304292,0.217822181128,0.216223055138
0.6322,1,0.961024606448,0.0857543249711,0.206391709506,0.20472782786,0.2,0.995322049457,-0.171067545903,0.218111443277,0.216542880336
0.6324,1,0.961041767265,0.0858040844599,0.206694170334,0.205060604189,0.2,0.995287923902,-0.170627773517,0.218395011219,0.216856592924
0.6326,1,0.961058939335,0.0858603483576,0.206990981525,0.205387317418,0.2,0.99525388748,-0.170182111321,0.218672963329,0.217164276583
0.6328,1,0.961076123933,0.0859229931534,0.207282220531,0.20570805024,0.2,0.995219941344,-0.169730681775,0.218945376988,0.217466013932
0.633,1,0.961093322313,0.0859918970434,0.207567963821,0.206022884298,0.2,0.995186086623,-0.169273605636,0.219212328594,0.217761886543
0.6332,1,0.961110535701,0.0860669399092,0.207848286894,0.206331900202,0.2,0.995152324422,-0.168811001973,0.219473893572,0.218051974953
0.6334,1,0.961127765301,0.0861480032961,0.20812326429,0.206635177541,0.2,0.995118655825,-0.168342988198,0.21973014639,0.218336358677
0.6336,1,0.961145012295,0.086234970392,0.2083929696,0.206932794891,0.2,0.995085081889,-0.167869680081,0.21998116057,0.21861511622
0.6338,1,0.961162277841,0.0863277260064,0.208657475481,0.207224829832,0.2,0.99505160365,-0.167391191771,0.220227008697,0.21888832509
0.634,1,0.961179563072,0.08642615655,0.208916853668,0.207511358962,0.2,0.995018222123,-0.16690763582,0.220467762435,0.219156061811
0.6342,1,0.961196869102,0.0865301500141,0.209171174983,0.207792457903,0.2,0.994984938298,-0.1664191232,0.220703492534,0.219418401936
0.6344,1,0.961214197021,0.0866395959505,0.209420509345,0.208068201319,0.2,0.994951753146,-0.165925763325,0.220934268845,0.219675420056
0.6346,1,0.961231547898,0.0867543854514,0.209664925787,0.208338662925,0.2,0.994918667613,-0.16542766407,0.221160160328,0.219927189814
0.6348,1,0.96124892278,0.0868744111301,0.20990449246,0.208603915497,0.2,0.994885682627,-0.164924931794,0.221381235066,0.220173783916
0.635,1,0.961266322694,0.0869995671012,0.210139276651,0.20886403089,0.2,0.994852799092,-0.164417671352,0.221597560273,0.220415274146
0.6352,1,0.961283748644,0.0871297489618,0.210369344787,0.209119080042,0.2,0.994820017895,-0.163905986121,0.221809202308,0.220651731372
0.6354,1,0.961301201614,0.0872648537723,0.210594762449,0.209369132991,0.2,0.9947873399,-0.163389978019,0.222016226684,0.220883225559
0.6356,1,0.96131868257,0.0874047800376,0.210815594385,0.209614258883,0.2,0.99475476595,-0.162869747516,0.222218698076,0.221109825784
0.6358,1,0.961336192456,0.0875494276893,0.211031904515,0.209854525983,0.2,0.994722296871,-0.162345393663,0.222416680337,0.221331600242
0.636,1,0.961353732196,0.0876986980665,0.211243755945,0.210090001689,0.2,0.994689933468,-0.161817014101,0.222610236503,0.221548616261
0.6362,1,0.961371302694,0.0878524938984,0.211451210976,0.210320752541,0.2,0.994657676527,-0.161284705087,0.222799428807,0.22176094031
0.6364,1,0.961388904838,0.0880107192866,0.211654331114,0.210546844228,0.2,0.994625526815,-0.160748561503,0.222984318685,0.221968638009
0.6366,1,0.961406539494,0.0881732796872,0.211853177079,0.210768341605,0.2,0.99459348508,-0.160208676884,0.223164966789,0.222171774144
0.6368,1,0.961424207511,0.0883400818933,0.212047808818,0.2109853087,0.2,0.994561552051,-0.159665143424,0.223341432998,0.222370412673
0.637,1,0.961441909717,0.0885110340187,0.212238285511,0.211197808724,0.2,0.994529728441,-0.159118052003,0.223513776422,0.222564616738
0.6372,1,0.961459646926,0.0886860454799,0.21242466558,0.211405904081,0.2,0.994498014942,-0.158567492199,0.223682055417,0.222754448675
0.6374,1,0.961477419932,0.0888650269802,0.212607006703,0.211609656381,0.2,0.994466412232,-0.158013552303,0.223846327593,0.222939970023
0.6376,1,0.96149522951,0.0890478904929,0.212785365821,0.211809126445,0.2,0.994434920968,-0.157456319341,0.22400664982,0.223121241537
0.6378,1,0.96151307642,0.089234549245,0.212959799143,0.21200437432,0.2,0.994403541792,-0.156895879085,0.224163078245,0.223298323194
0.638,1,0.961530961403,0.0894249177012,0.213130362162,0.212195459285,0.2,0.994372275329,-0.156332316074,0.224315668289,0.223471274204
0.6382,1,0.961548885186,0.0896189115478,0.21329710966,0.21238243986,0.2,0.994341122186,-0.155765713624,0.22446447467,0.223640153021
0.6384,1,0.961566848475,0.0898164476773,0.213460095717,0.21256537382,0.2,0.994310082955,-0.155196153848,0.224609551399,0.223805017351
0.6386,1,0.961584851964,0.0900174441726,0.213619373721,0.2127443182,0.2,0.994279158212,-0.154623717673,0.224750951797,0.22396592416
0.6388,1,0.961602896328,0.0902218202922,0.213774996376,0.212919329304,0.2,0.994248348515,-0.154048484848,0.224888728502,0.224122929688
0.639,1,0.961620982227,0.0904294964544,0.213927015709,0.213090462718,0.2,0.994217654408,-0.153470533969,0.225022933475,0.224276089451
0.6392,1,0.961639110306,0.0906403942229,0.214075483081,0.213257773317,0.2,0.99418707642,-0.152889942483,0.225153618011,0.224425458256
0.6394,1,0.961657281193,0.0908544362917,0.214220449194,0.213421315269,0.2,0.994156615062,-0.152306786713,0.225280832744,0.224571090207
0.6396,1,0.961675495503,0.091071546471,0.2143619641,0.213581142054,0.2,0.994126270834,-0.151721141867,0.225404627661,0.224713038714
0.6398,1,0.961693753833,0.0912916496724,0.214500077206,0.213737306463,0.2,0.994096044217,-0.151133082052,0.225525052105,0.224851356504
0.64,1,0.961712056767,0.0915146718949,0.214634837287,0.213889860612,0.2,0.994065935681,-0.15054268029,0.225642154783,0.224986095624
0.6402,1,0.961730404875,0.0917405402107,0.214766292491,0.214038855947,0.2,0.99403594568,-0.149950008533,0.225755983777,0.225117307456
0.6404,1,0.961748798712,0.0919691827516,0.214894490346,0.214184343256,0.2,0.994006074652,-0.149355137673,0.225866586552,0.22524504272
0.6406,1,0.961767238817,0.0922005286955,0.215019477769,0.214326372674,0.2,0.993976323025,-0.148758137561,0.225974009959,0.225369351486
0.6408,1,0.961785725719,0.0924345082521,0.215141301075,0.214464993693,0.2,0.993946691209,-0.148159077015,0.226078300248,0.225490283181
0.641,1,0.96180425993,0.0926710526506,0.215260005981,0.214600255169,0.2,0.993917179605,-0.147558023837,0.22617950307,0.225607886594
0.6412,1,0.961822841948,0.0929100941256,0.215375637616,0.214732205332,0.2,0.993887788596,-0.146955044825,0.226277663492,0.225722209889
0.6414,1,0.961841472262,0.0931515659049,0.215488240529,0.214860891789,0.2,0.993858518554,-0.146350205786,0.226372825996,0.22583330061
0.6416,1,0.961860151342,0.0933954021961,0.215597858693,0.214986361537,0.2,0.99382936984,-0.145743571548,0.226465034493,0.225941205687
0.6418,1,0.96187887965,0.0936415381741,0.215704535516,0.215108660968,0.2,0.993800342799,-0.145135205977,0.226554332325,0.226045971448
0.642,1,0.961897657632,0.0938899099688,0.215808313845,0.215227835878,0.2,0.993771437764,-0.14452517198,0.226640762275,0.226147643624
0.6422,1,0.961916485723,0.0941404546522,0.215909235974,0.215343931471,0.2,0.993742655058,-0.14391353153,0.226724366575,0.226246267354
0.6424,1,0.961935364345,0.0943931102268,0.216007343652,0.215456992372,0.2,0.993713994989,-0.143300345667,0.226805186909,0.226341887198
0.6426,1,0.961954293908,0.0946478156133,0.216102678089,0.215567062628,0.2,0.993685457854,-0.142685674517,0.226883264424,0.22643454714
0.6428,1,0.96197327481,0.0949045106383,0.216195279962,0.21567418572,0.2,0.993657043939,-0.1420695773,0.226958639733,0.226524290597
0.643,1,0.961992307437,0.0951631360233,0.216285189422,0.215778404568,0.2,0.993628753516,-0.141452112346,0.227031352924,0.226611160424
0.6432,1,0.962011392164,0.0954236333724,0.2163724461,0.215879761539,0.2,0.993600586849,-0.1408333371,0.227101443568,0.226695198924
0.6434,1,0.962030529353,0.0956859451614,0.216457089118,0.215978298451,0.2,0.993572544187,-0.14021330814,0.227168950719,0.226776447853
0.6436,1,0.962049719356,0.095950014726,0.216539157088,0.216074056585,0.2,0.993544625771,-0.139592081187,0.22723391293,0.226854948426
0.6438,1,0.962068962513,0.0962157862509,0.216618688122,0.216167076685,0.2,0.993516831829,-0.138969711112,0.22729636825,0.226930741327
0.644,1,0.962088259154,0.0964832047586,0.216695719841,0.216257398973,0.2,0.993489162578,-0.138346251951,0.227356354237,0.227003866711
0.6442,1,0.962107609597,0.0967522160987,0.216770289377,0.216345063146,0.2,0.993461618227,-0.137721756915,0.22741390796,0.227074364216
0.6444,1,0.962127014151,0.0970227669369,0.216842433379,0.216430108392,0.2,0.993434198971,-0.137096278402,0.227469066007,0.227142272965
0.6446,1,0.962146473112,0.0972948047445,0.216912188022,0.21651257339,0.2,0.993406904998,-0.136469868003,0.227521864493,0.227207631574
0.6448,1,0.962165986767,0.097568277788,0.216979589012,0.216592496316,0.2,0.993379736482,-0.135842576519,0.22757233906,0.227270478157
0.645,1,0.962185555394,0.0978431351184,0.217044671591,0.216669914855,0.2,0.993352693592,-0.135214453967,0.227620524888,0.227330850338
0.6452,1,0.962205179259,0.0981193265614,0.217107470542,0.216744866203,0.2,0.993325776482,-0.134585549589,0.2276664567,0.227388785248
0.6454,1,0.96222485862,0.0983968027069,0.217168020197,0.216817387071,0.2,0.993298985299,-0.133955911869,0.227710168766,0.227444319538
0.6456,1,0.962244593723,0.0986755148992,0.217226354441,0.216887513696,0.2,0.993272320182,-0.133325588534,0.227751694911,0.227497489384
0.6458,1,0.962264384806,0.0989554152271,0.217282506718,0.216955281845,0.2,0.993245781256,-0.132694626571,0.227791068517,0.227548330489
0.646,1,0.962284232097,0.0992364565144,0.217336510036,0.217020726819,0.2,0.993219368642,-0.132063072233,0.227828322532,0.227596878095
0.6462,1,0.962304135816,0.0995185923097,0.217388396975,0.217083883463,0.2,0.993193082448,-0.13143097105,0.227863489475,0.227643166982
0.6464,1,0.962324096171,0.0998017768776,0.217438199689,0.217144786165,0.2,0.993166922774,-0.130798367838,0.227896601439,0.227687231481
0.6466,1,0.962344113364,0.100085965189,0.217485949912,0.21720346887,0.2,0.993140889713,-0.130165306708,0.227927690098,0.227729105472
0.6468,1,0.962364187587,0.100371112911,0.217531678965,0.217259965078,0.2,0.993114983346,-0.129531831076,0.227956786715,0.227768822397
0.647,1,0.962384319022,0.100657176401,0.217575417761,0.217314307856,0.2,0.99308920375,-0.128897983672,0.227983922139,0.227806415261
0.6472,1,0.962404507845,0.100944112692,0.217617196807,0.217366529837,0.2,0.993063550988,-0.128263806549,0.228009126821,0.227841916637
0.6474,1,0.96242475422,0.101231879489,0.217657046212,0.217416663231,0.2,0.99303802512,-0.127629341092,0.228032430808,0.227875358673
0.6476,1,0.962445058307,0.101520435157,0.217694995694,0.217464739827,0.2,0.993012626195,-0.126994628025,0.228053863759,0.2279067731
0.6478,1,0.962465420255,0.101809738716,0.217731074578,0.217510791,0.2,0.992987354253,-0.126359707424,0.228073454941,0.227936191232
0.648,1,0.962485840205,0.102099749827,0.217765311808,0.217554847716,0.2,0.992962209329,-0.12572461872,0.228091233236,0.227963643974
0.6482,1,0.962506318291,0.102390428788,0.217797735947,0.217596940534,0.2,0.992937191449,-0.125089400712,0.228107227151,0.227989161826
0.6484,1,0.962526854638,0.102681736523,0.217828375186,0.217637099617,0.2,0.992912300631,-0.124454091574,0.228121464816,0.228012774891
0.6486,1,0.962547449365,0.102973634576,0.217857257345,0.217675354731,0.2,0.992887536885,-0.123818728861,0.228133973992,0.228034512876
0.6488,1,0.962568102582,0.1032660851,0.217884409877,0.217711735254,0.2,0.992862900215,-0.123183349522,0.228144782075,0.228054405099
0.649,1,0.962588814392,0.103559050853,0.217909859879,0.217746270178,0.2,0.992838390617,-0.122547989902,0.228153916102,0.228072480495
0.6492,1,0.962609584891,0.103852495185,0.217933634087,0.217778988118,0.2,0.99281400808,-0.121912685756,0.228161402753,0.228088767616
0.6494,1,0.962630414168,0.104146382034,0.21795575889,0.217809917312,0.2,0.992789752586,-0.121277472252,0.228167268356,0.228103294644
0.6496,1,0.962651302303,0.104440675917,0.217976260328,0.217839085628,0.2,0.992765624109,-0.120642383981,0.228171538894,0.228116089386
0.6498,1,0.962672249371,0.104735341923,0.217995164097,0.217866520568,0.2,0.992741622618,-0.120007454965,0.228174240006,0.228127179288
0.65,1,0.962693255441,0.105030345703,0.218012495556,0.217892249274,0.2,0.992717748074,-0.119372718663,0.228175396992,0.228136591431
0.6502,1,0.962714320571,0.105325653466,0.218028279731,0.21791629853,0.2,0.992694000433,-0.118738207981,0.228175034821,0.228144352544
0.6504,1,0.962735444818,0.10562123197,0.218042541315,0.21793869477,0.2,0.992670379641,-0.118103955276,0.228173178129,0.228150488999
0.6506,1,0.962756628227,0.105917048512,0.218055304678,0.217959464079,0.2,0.992646885643,-0.117469992366,0.228169851228,0.228155026825
0.6508,1,0.962777870842,0.106213070927,0.218066593867,0.217978632199,0.2,0.992623518373,-0.116836350537,0.228165078107,0.228157991706
0.651,1,0.962799172695,0.106509267575,0.21807643261,0.217996224533,0.2,0.992600277761,-0.116203060547,0.22815888244,0.228159408986
0.6512,1,0.962820533816,0.106805607338,0.218084844325,0.218012266148,0.2,0.99257716373,-0.115570152637,0.228151287584,0.228159303677
0.6514,1,0.962841954228,0.107102059609,0.218091852116,0.218026781783,0.2,0.992554176199,-0.114937656536,0.22814231659,0.228157700458
0.6516,1,0.962863433947,0.10739859429,0.218097478783,0.21803979585,0.2,0.992531315079,-0.114305601469,0.228131992199,0.228154623685
0.6518,1,0.962884972984,0.107695181782,0.218101746825,0.218051332437,0.2,0.992508580275,-0.11367401616,0.228120336855,0.228150097388
0.652,1,0.962906571342,0.107991792979,0.218104678441,0.218061415314,0.2,0.99248597169,-0.113042928845,0.228107372699,0.228144145281
0.6522,1,0.962928229022,0.108288399262,0.218106295536,0.21807006794,0.2,0.992463489216,-0.112412367272,0.228093121582,0.228136790765
0.6524,1,0.962949946017,0.108584972492,0.218106619725,0.218077313459,0.2,0.992441132744,-0.111782358713,0.228077605061,0.228128056928
0.6526,1,0.962971722314,0.108881485003,0.218105672334,0.218083174712,0.2,0.992418902158,-0.111152929967,0.228060844408,0.228117966555
0.6528,1,0.962993557895,0.109177909597,0.218103474408,0.218087674236,0.2,0.992396797337,-0.110524107366,0.22804286061,0.228106542125
0.653,1,0.963015452739,0.109474219536,0.21810004671,0.218090834271,0.2,0.992374818154,-0.109895916785,0.228023674377,0.228093805822
0.6532,1,0.963037406817,0.10977038854,0.218095409727,0.218092676759,0.2,0.992352964477,-0.109268383645,0.228003306138,0.228079779533
0.6534,1,0.963059420095,0.110066390774,0.218089583673,0.218093223352,0.2,0.99233123617,-0.108641532917,0.227981776054,0.228064484854
0.6536,1,0.963081492535,0.110362200847,0.218082588494,0.218092495416,0.2,0.992309633093,-0.108015389136,0.227959104014,0.228047943094
0.6538,1,0.963103624094,0.110657793808,0.218074443867,0.218090514032,0.2,0.992288155097,-0.107389976397,0.227935309641,0.228030175278
0.654,1,0.963125814723,0.110953145131,0.21806516921,0.218087299999,0.2,0.992266802034,-0.106765318368,0.227910412297,0.228011202151
0.6542,1,0.963148064369,0.111248230721,0.218054783677,0.218082873841,0.2,0.992245573746,-0.106141438293,0.227884431083,0.22799104418
0.6544,1,0.963170372975,0.111543026899,0.218043306169,0.218077255808,0.2,0.992224470074,-0.105518358999,0.227857384843,0.227969721561
0.6546,1,0.963192740477,0.1118375104,0.218030755333,0.21807046588,0.2,0.992203490854,-0.104896102899,0.227829292172,0.227947254217
0.6548,1,0.963215166808,0.112131658369,0.218017149566,0.218062523771,0.2,0.992182635915,-0.104274692001,0.227800171412,0.227923661808
0.655,1,0.963237651898,0.112425448353,0.21800250702,0.21805344893,0.2,0.992161905086,-0.103654147912,0.227770040659,0.227898963729
0.6552,1,0.96326019567,0.112718858295,0.217986845601,0.218043260548,0.2,0.992141298187,-0.103034491841,0.227738917766,0.227873179115
0.6554,1,0.963282798043,0.113011866531,0.217970182975,0.218031977558,0.2,0.992120815038,-0.102415744609,0.227706820346,0.227846326845
0.6556,1,0.963305458933,0.113304451784,0.217952536573,0.218019618642,0.2,0.992100455453,-0.101797926651,0.227673765775,0.227818425545
0.6558,1,0.963328178252,0.113596593158,0.217933923588,0.218006202228,0.2,0.992080219241,-0.101181058023,0.227639771193,0.227789493591
0.656,1,0.963350955906,0.113888270132,0.217914360985,0.2179917465,0.2,0.99206010621,-0.100565158406,0.22760485351,0.227759549111
0.6562,1,0.963373791799,0.114179462557,0.217893865497,0.217976269397,0.2,0.99204011616,-0.0999502471113,0.227569029408,0.227728609991
0.6564,1,0.963396685829,0.114470150652,0.217872453635,0.217959788617,0.2,0.992020248892,-0.0993363430855,0.227532315342,0.227696693874
0.6566,1,0.963419637892,0.114760314994,0.217850141683,0.217942321621,0.2,0.992000504199,-0.0987234649163,0.227494727546,0.227663818168
0.6568,1,0.963442647879,0.115049936518,0.217826945709,0.217923885633,0.2,0.991980881872,-0.0981116308365,0.227456282032,0.227630000043
0.657,1,0.963465715678,0.115338996509,0.217802881562,0.217904497648,0.2,0.991961381701,-0.0975008587292,0.227416994597,0.227595256441
0.6572,1,0.963488841174,0.1156274766,0.217777964875,0.217884174431,0.2,0.991942003467,-0.0968911661325,0.227376880822,0.227559604072
0.6574,1,0.963512024245,0.115915358764,0.217752211073,0.21786293252,0.2,0.991922746953,-0.0962825702443,0.227335956079,0.227523059422
0.6576,1,0.963535264771,0.116202625314,0.217725635367,0.217840788231,0.2,0.991903611936,-0.0956750879271,0.227294235527,0.227485638754
0.6578,1,0.963558562622,0.116489258892,0.217698252767,0.217817757658,0.2,0.991884598189,-0.0950687357122,0.227251734121,0.227447358108
0.658,1,0.963581917671,0.11677524247,0.217670078074,0.21779385668,0.2,0.991865705483,-0.0944635298046,0.227208466614,0.227408233311
0.6582,1,0.963605329783,0.117060559343,0.217641125891,0.217769100959,0.2,0.991846933586,-0.0938594860872,0.227164447554,0.227368279971
0.6584,1,0.963628798821,0.117345193127,0.217611410622,0.217743505945,0.2,0.991828282261,-0.0932566201258,0.227119691293,0.227327513488
0.6586,1,0.963652324647,0.117629127748,0.217580946474,0.217717086881,0.2,0.991809751272,-0.0926549471728,0.227074211987,0.227285949049
0.6588,1,0.963675907116,0.117912347448,0.21754974746,0.217689858799,0.2,0.991791340376,-0.0920544821717,0.227028023598,0.227243601637
0.659,1,0.963699546084,0.11819483677,0.217517827402,0.217661836531,0.2,0.991773049328,-0.0914552397619,0.226981139895,0.227200486029
0.6592,1,0.9637232414,0.118476580562,0.217485199935,0.217633034706,0.2,0.991754877881,-0.090857234282,0.226933574461,0.227156616802
0.6594,1,0.963746992913,0.118757563969,0.217451878504,0.217603467751,0.2,0.991736825785,-0.0902604797747,0.226885340692,0.227112008334
0.6596,1,0.963770800467,0.119037772428,0.217417876373,0.217573149902,0.2,0.991718892787,-0.0896649899907,0.226836451799,0.227066674806
0.6598,1,0.963794663905,0.119317191669,0.217383206623,0.217542095196,0.2,0.991701078631,-0.0890707783927,0.226786920812,0.227020630204
0.66,1,0.963818583067,0.119595807703,0.217347882156,0.217510317482,0.2,0.99168338306,-0.0884778581591,0.226736760583,0.226973888326
0.6602,1,0.963842557788,0.119873606827,0.217311915695,0.217477830416,0.2,0.991665805811,-0.0878862421887,0.226685983784,0.226926462777
0.6604,1,0.963866587903,0.120150575613,0.217275319792,0.217444647472,0.2,0.991648346622,-0.0872959431038,0.226634602914,0.226878366979
0.6606,1,0.963890673244,0.120426700906,0.217238106823,0.217410781936,0.2,0.991631005228,-0.0867069732546,0.226582630301,0.226829614166
0.6608,1,0.963914813638,0.120701969824,0.217200288993,0.217376246913,0.2,0.991613781359,-0.0861193447228,0.2265300781,0.226780217393
0.661,1,0.963939008912,0.120976369748,0.217161878342,0.217341055329,0.2,0.991596674745,-0.0855330693253,0.226476958298,0.226730189534
0.6612,1,0.963963258889,0.121249888325,0.217122886742,0.217305219932,0.2,0.991579685113,-0.0849481586179,0.226423282718,0.226679543287
0.6614,1,0.963987563392,0.121522513458,0.217083325899,0.217268753294,0.2,0.991562812189,-0.0843646238993,0.226369063017,0.226628291173
0.6616,1,0.964011922239,0.121794233306,0.217043207361,0.217231667815,0.2,0.991546055693,-0.0837824762141,0.226314310691,0.226576445542
0.6618,1,0.964036335246,0.122065036281,0.217002542513,0.217193975724,0.2,0.991529415348,-0.083201726357,0.226259037077,0.226524018572
0.662,1,0.964060802228,0.122334911041,0.216961342582,0.217155689082,0.2,0.991512890871,-0.0826223848757,0.226203253351,0.226471022273
0.6622,1,0.964085322997,0.12260384649,0.216919618642,0.217116819782,0.2,0.991496481979,-0.082044462075,0.226146970538,0.226417468489
0.6624,1,0.964109897364,0.122871831773,0.216877381609,0.217077379554,0.2,0.991480188385,-0.0814679680198,0.226090199506,0.226363368898
0.6626,1,0.964134525135,0.123138856273,0.216834642252,0.217037379965,0.2,0.991464009803,-0.0808929125386,0.22603295097,0.22630873502
0.6628,1,0.964159206117,0.123404909608,0.216791411185,0.216996832422,0.2,0.991447945941,-0.0803193052268,0.2259752355,0.22625357821
0.663,1,0.964183940113,0.123669981625,0.216747698877,0.216955748175,0.2,0.99143199651,-0.0797471554503,0.225917063513,0.226197909668
0.6632,1,0.964208726926,0.123934062403,0.216703515651,0.216914138315,0.2,0.991416161216,-0.0791764723483,0.225858445283,0.226141740437
0.6634,1,0.964233566354,0.124197142241,0.216658871682,0.216872013782,0.2,0.991400439763,-0.0786072648368,0.225799390938,0.226085081406
0.6636,1,0.964258458196,0.124459211663,0.216613777008,0.216829385362,0.2,0.991384831855,-0.0780395416116,0.225739910465,0.226027943313
0.6638,1,0.964283402249,0.12472026141,0.216568241521,0.216786263692,0.2,0.991369337192,-0.0774733111518,0.225680013709,0.225970336743
0.664,1,0.964308398305,0.124980282438,0.216522274978,0.216742659257,0.2,0.991353955476,-0.0769085817224,0.225619710377,0.225912272136
0.6642,1,0.964333446158,0.125239265917,0.216475886997,0.216698582402,0.2,0.991338686404,-0.0763453613777,0.225559010039,0.225853759784
0.6644,1,0.964358545599,0.125497203223,0.216429087061,0.216654043321,0.2,0.991323529672,-0.0757836579642,0.225497922131,0.225794809835
0.6646,1,0.964383696416,0.125754085943,0.21638188452,0.216609052069,0.2,0.991308484976,-0.0752234791235,0.225436455953,0.225735432294
0.6648,1,0.964408898397,0.126009905863,0.21633428859,0.216563618559,0.2,0.99129355201,-0.0746648322955,0.225374620675,0.225675637026
0.665,1,0.964434151328,0.12626465497,0.216286308359,0.216517752565,0.2,0.991278730465,-0.074107724721,0.225312425335,0.225615433756
0.6652,1,0.964459454993,0.126518325452,0.216237952786,0.216471463724,0.2,0.991264020032,-0.0735521634447,0.225249878845,0.225554832072
0.6654,1,0.964484809175,0.126770909687,0.216189230703,0.216424761536,0.2,0.991249420401,-0.0729981553181,0.225186989989,0.225493841426
0.6656,1,0.964510213655,0.127022400249,0.216140150815,0.21637765537,0.2,0.99123493126,-0.0724457070022,0.225123767426,0.225432471139
0.6658,1,0.964535668213,0.127272789898,0.216090721706,0.216330154459,0.2,0.991220552295,-0.07189482497,0.22506021969,0.225370730396
0.666,1,0.964561172628,0.127522071582,0.216040951835,0.216282267908,0.2,0.991206283192,-0.07134551551,0.224996355195,0.225308628255
0.6662,1,0.964586726675,0.127770238433,0.215990849544,0.216234004694,0.2,0.991192123635,-0.0707977847278,0.224932182233,0.225246173643
0.6664,1,0.964612330132,0.128017283763,0.215940423053,0.216185373664,0.2,0.991178073307,-0.0702516385497,0.22486770898,0.225183375361
0.6666,1,0.964637982772,0.128263201064,0.215889680466,0.216136383542,0.2,0.99116413189,-0.0697070827249,0.22480294349,0.225120242085
0.6668,1,0.964663684369,0.128507984002,0.215838629769,0.216087042926,0.2,0.991150299066,-0.069164122828,0.224737893705,0.225056782366
0.667,1,0.964689434694,0.128751626417,0.215787278837,0.216037360295,0.2,0.991136574513,-0.0686227642616,0.22467256745,0.224993004634
0.6672,1,0.964715233519,0.128994122321,0.215735635429,0.215987344004,0.2,0.991122957911,-0.0680830122591,0.22460697244,0.224928917197
0.6674,1,0.964741080612,0.129235465894,0.215683707194,0.215937002289,0.2,0.991109448936,-0.0675448718868,0.224541116277,0.224864528246
0.6676,1,0.964766975742,0.12947565148,0.21563150167,0.21588634327,0.2,0.991096047267,-0.0670083480467,0.224475006451,0.224799845852
0.6678,1,0.964792918677,0.129714673588,0.215579026287,0.21583537495,0.2,0.991082752578,-0.0664734454784,0.224408650346,0.224734877972
0.668,1,0.964818909183,0.129952526888,0.215526288366,0.215784105217,0.2,0.991069564544,-0.0659401687622,0.224342055239,0.224669632446
0.6682,1,0.964844947024,0.130189206209,0.215473295125,0.215732541847,0.2,0.991056482839,-0.0654085223208,0.224275228299,0.224604117005
0.6684,1,0.964871031965,0.130424706535,0.215420053674,0.215680692503,0.2,0.991043507137,-0.0648785104222,0.224208176593,0.224538339264
0.6686,1,0.96489716377,0.130659023006,0.215366571024,0.215628564737,0.2,0.99103063711,-0.0643501371813,0.224140907082,0.22447230673
0.6688,1,0.9649233422,0.130892150912,0.21531285408,0.215576165994,0.2,0.991017872428,-0.063823406563,0.224073426629,0.2244060268
0.669,1,0.964949567017,0.131124085694,0.215258909647,0.215523503611,0.2,0.991005212764,-0.0632983223838,0.224005741992,0.224339506766
0.6692,1,0.964975837982,0.131354822939,0.215204744434,0.215470584819,0.2,0.990992657786,-0.0627748883141,0.223937859834,0.224272753811
0.6694,1,0.965002154853,0.13158435838,0.215150365049,0.215417416742,0.2,0.990980207165,-0.0622531078808,0.223869786718,0.224205775016
0.6696,1,0.965028517391,0.131812687893,0.215095778004,0.215364006403,0.2,0.990967860568,-0.0617329844689,0.223801529109,0.224138577356
0.6698,1,0.965054925352,0.132039807494,0.215040989715,0.215310360723,0.2,0.990955617664,-0.0612145213241,0.223733093381,0.224071167707
0.67,1,0.965081378495,0.13226571334,0.214986006505,0.215256486522,0.2,0.990943478119,-0.0606977215545,0.223664485809,0.224003552842
0.6702,1,0.965107876575,0.132490401723,0.214930834602,0.215202390518,0.2,0.990931441602,-0.0601825881329,0.223595712577,0.223935739435
0.6704,1,0.965134419349,0.132713869068,0.214875480144,0.215148079335,0.2,0.990919507777,-0.0596691238987,0.223526779779,0.223867734063
0.6706,1,0.965161006572,0.132936111937,0.214819949178,0.215093559497,0.2,0.990907676311,-0.0591573315602,0.223457693416,0.223799543207
0.6708,1,0.965187637997,0.133157127018,0.214764247662,0.215038837433,0.2,0.990895946868,-0.0586472136963,0.223388459401,0.223731173249
0.671,1,0.965214313379,0.133376911132,0.214708381463,0.214983919479,0.2,0.990884319113,-0.0581387727585,0.223319083557,0.223662630479
0.6712,1,0.965241032471,0.133595461223,0.214652356363,0.214928811876,0.2,0.990872792711,-0.057632011073,0.223249571623,0.223593921095
0.6714,1,0.965267795026,0.133812774361,0.214596178059,0.214873520773,0.2,0.990861367325,-0.0571269308423,0.223179929248,0.2235250512
0.6716,1,0.965294600796,0.134028847741,0.214539852161,0.21481805223,0.2,0.990850042618,-0.0566235341476,0.223110162001,0.22345602681
0.6718,1,0.965321449532,0.134243678677,0.214483384195,0.214762412216,0.2,0.990838818253,-0.0561218229502,0.223040275363,0.223386853848
0.672,1,0.965348340985,0.134457264602,0.214426779607,0.214706606612,0.2,0.990827693894,-0.0556217990934,0.222970274734,0.223317538151
0.6722,1,0.965375274905,0.134669603068,0.214370043758,0.214650641211,0.2,0.990816669201,-0.0551234643046,0.222900165433,0.223248085468
0.6724,1,0.965402251043,0.13488069174,0.21431318193,0.21459452172,0.2,0.990805743837,-0.0546268201968,0.222829952698,0.223178501461
0.6726,1,0.965429269149,0.1350905284,0.214256199325,0.214538253762,0.2,0.990794917463,-0.0541318682705,0.222759641687,0.223108791708
0.6728,1,0.965456328971,0.135299110941,0.214199101067,0.214481842875,0.2,0.990784189741,-0.0536386099155,0.222689237481,0.223038961704
0.673,1,0.965483430259,0.135506437364,0.214141892203,0.214425294513,0.2,0.990773560332,-0.0531470464123,0.222618745082,0.222969016859
0.6732,1,0.96551057276,0.135712505783,0.214084577702,0.214368614051,0.2,0.990763028896,-0.0526571789344,0.222548169416,0.222898962504
0.6734,1,0.965537756223,0.135917314415,0.214027162458,0.214311806781,0.2,0.990752595094,-0.0521690085493,0.222477515335,0.222828803886
0.6736,1,0.965564980395,0.136120861585,0.213969651291,0.214254877917,0.2,0.990742258587,-0.0516825362207,0.222406787614,0.222758546176
0.6738,1,0.965592245024,0.13632314572,0.213912048947,0.214197832592,0.2,0.990732019035,-0.0511977628097,0.222335990956,0.222688194464
0.674,1,0.965619549857,0.13652416535,0.2138543601,0.214140675863,0.2,0.990721876097,-0.0507146890767,0.222265129993,0.222617753762
0.6742,1,0.965646894641,0.136723919105,0.213796589351,0.21408341271,0.2,0.990711829434,-0.0502333156831,0.222194209283,0.222547229008
0.6744,1,0.965674279122,0.136922405714,0.213738741232,0.214026048038,0.2,0.990701878705,-0.0497536431925,0.222123233314,0.222476625063
0.6746,1,0.965701703047,0.137119624004,0.213680820203,0.213968586677,0.2,0.990692023571,-0.0492756720723,0.222052206505,0.222405946713
0.6748,1,0.965729166162,0.137315572897,0.213622830659,0.213911033382,0.2,0.99068226369,-0.0487994026956,0.221981133206,0.222335198672
0.675,1,0.965756668212,0.13751025141,0.213564776922,0.213853392838,0.2,0.990672598723,-0.0483248353424,0.221910017699,0.222264385579
0.6752,1,0.965784208944,0.137703658653,0.213506663251,0.213795669655,0.2,0.990663028329,-0.0478519702011,0.221838864199,0.222193512003
0.6754,1,0.965811788102,0.137895793825,0.213448493837,0.213737868374,0.2,0.990653552167,-0.0473808073702,0.221767676855,0.222122582442
0.6756,1,0.965839405434,0.138086656218,0.213390272805,0.213679993466,0.2,0.990644169898,-0.0469113468593,0.22169645975,0.222051601325
0.6758,1,0.965867060683,0.138276245211,0.213332004218,0.213622049334,0.2,0.99063488118,-0.046443588591,0.221625216905,0.22198057301
0.676,1,0.965894753595,0.13846456027,0.213273692072,0.213564040311,0.2,0.990625685674,-0.045977532402,0.221553952273,0.221909501789
0.6762,1,0.965922483915,0.138651600947,0.213215340303,0.213505970663,0.2,0.990616583038,-0.0455131780449,0.221482669749,0.221838391886
0.6764,1,0.965950251388,0.138837366878,0.213156952784,0.213447844591,0.2,0.990607572933,-0.0450505251889,0.221411373164,0.221767247458
0.6766,1,0.96597805576,0.139021857783,0.213098533326,0.21338966623,0.2,0.990598655019,-0.0445895734218,0.221340066288,0.2216960726
0.6768,1,0.966005896775,0.139205073461,0.213040085682,0.213331439649,0.2,0.990589828954,-0.044130322251,0.22126875283,0.221624871337
0.677,1,0.966033774177,0.139387013794,0.212981613542,0.213273168855,0.2,0.9905810944,-0.0436727711049,0.221197436442,0.221553647636
0.6772,1,0.966061687713,0.139567678742,0.212923120541,0.213214857793,0.2,0.990572451016,-0.0432169193343,0.221126120714,0.221482405397
0.6774,1,0.966089637127,0.139747068341,0.212864610253,0.213156510342,0.2,0.990563898463,-0.0427627662135,0.22105480918,0.22141114846
0.6776,1,0.966117622163,0.139925182707,0.212806086196,0.213098130325,0.2,0.990555436401,-0.0423103109417,0.220983505318,0.221339880604
0.6778,1,0.966145642568,0.140102022027,0.212747551832,0.213039721499,0.2,0.99054706449,-0.0418595526442,0.220912212547,0.221268605547
0.678,1,0.966173698085,0.140277586565,0.212689010565,0.212981287565,0.2,0.990538782392,-0.0414104903736,0.220840934232,0.221197326947
0.6782,1,0.96620178846,0.140451876657,0.212630465747,0.212922832165,0.2,0.990530589767,-0.0409631231113,0.220769673682,0.221126048404
0.6784,1,0.966229913439,0.140624892708,0.212571920675,0.212864358882,0.2,0.990522486277,-0.0405174497683,0.220698434153,0.22105477346
0.6786,1,0.966258072766,0.140796635197,0.21251337859,0.21280587124,0.2,0.990514471584,-0.0400734691864,0.220627218847,0.220983505598
0.6788,1,0.966286266187,0.14096710467,0.212454842683,0.21274737271,0.2,0.990506545348,-0.03963118014,0.220556030914,0.220912248248
0.679,1,0.966314493447,0.141136301742,0.212396316091,0.212688866705,0.2,0.990498707231,-0.0391905813363,0.220484873449,0.220841004781
0.6792,1,0.966342754293,0.141304227092,0.212337801901,0.212630356582,0.2,0.990490956897,-0.0387516714172,0.220413749501,0.220769778515
0.6794,1,0.966371048469,0.141470881469,0.212279303149,0.212571845646,0.2,0.990483294007,-0.0383144489601,0.220342662062,0.220698572712
0.6796,1,0.966399375722,0.141636265683,0.212220822819,0.212513337147,0.2,0.990475718225,-0.0378789124791,0.220271614079,0.220627390582
0.6798,1,0.966427735798,0.141800380609,0.212162363848,0.212454834281,0.2,0.990468229213,-0.0374450604259,0.220200608447,0.220556235281
0.68,1,0.966456128444,0.141963227185,0.212103929123,0.212396340195,0.2,0.990460826634,-0.0370128911914,0.220129648014,0.220485109915
0.6802,1,0.966484553405,0.142124806408,0.212045521483,0.21233785798,0.2,0.990453510154,-0.036582403106,0.220058735578,0.220414017534
0.6804,1,0.966513010429,0.142285119338,0.211987143719,0.212279390681,0.2,0.990446279435,-0.0361535944413,0.219987873891,0.220342961143
0.6806,1,0.966541499262,0.142444167092,0.211928798576,0.212220941288,0.2,0.990439134142,-0.0357264634107,0.219917065657,0.220271943693
0.6808,1,0.966570019652,0.142601950847,0.211870488753,0.212162512746,0.2,0.990432073941,-0.035301008171,0.219846313536,0.220200968085
0.681,1,0.966598571347,0.142758471835,0.211812216902,0.212104107947,0.2,0.990425098495,-0.0348772268226,0.219775620141,0.220130037176
0.6812,1,0.966627154093,0.142913731347,0.211753985631,0.212045729738,0.2,0.990418207472,-0.0344551174111,0.21970498804,0.220059153769
0.6814,1,0.966655767639,0.143067730726,0.211695797504,0.211987380917,0.2,0.990411400536,-0.0340346779282,0.219634419757,0.219988320623
0.6816,1,0.966684411733,0.143220471373,0.21163765504,0.211929064234,0.2,0.990404677355,-0.0336159063124,0.219563917772,0.21991754045
0.6818,1,0.966713086124,0.143371954738,0.211579560716,0.211870782395,0.2,0.990398037595,-0.0331988004504,0.219493484521,0.219846815914
0.682,1,0.966741790561,0.143522182326,0.211521516964,0.211812538059,0.2,0.990391480923,-0.0327833581774,0.219423122401,0.219776149636
0.6822,1,0.966770524792,0.143671155693,0.211463526177,0.21175433384,0.2,0.990385007008,-0.0323695772787,0.219352833762,0.219705544189
0.6824,1,0.966799288567,0.143818876446,0.211405590705,0.211696172308,0.2,0.990378615517,-0.0319574554903,0.219282620917,0.219635002103
0.6826,1,0.966828081637,0.14396534624,0.211347712857,0.211638055987,0.2,0.990372306118,-0.0315469904997,0.219212486135,0.219564525866
0.6828,1,0.96685690375,0.144110566779,0.211289894901,0.211579987361,0.2,0.990366078482,-0.031138179947,0.219142431647,0.21949411792
0.683,1,0.966885754658,0.144254539817,0.211232139067,0.211521968869,0.2,0.990359932278,-0.0307310214257,0.219072459641,0.219423780665
0.6832,1,0.966914634111,0.144397267151,0.211174447543,0.211464002909,0.2,0.990353867176,-0.0303255124836,0.21900257227,0.21935351646
0.6834,1,0.966943541861,0.144538750628,0.211116822481,0.211406091836,0.2,0.990347882846,-0.0299216506237,0.218932771645,0.219283327622
0.6836,1,0.96697247766,0.144678992136,0.211059265993,0.211348237965,0.2,0.990341978959,-0.0295194333048,0.21886305984,0.219213216427
0.6838,1,0.967001441259,0.144817993613,0.211001780153,0.21129044357,0.2,0.990336155187,-0.0291188579426,0.218793438892,0.21914318511
0.684,1,0.96703043241,0.144955757034,0.210944367,0.211232710887,0.2,0.990330411203,-0.0287199219105,0.218723910799,0.219073235866
0.6842,1,0.967059450867,0.145092284422,0.210887028533,0.21117504211,0.2,0.990324746678,-0.0283226225403,0.218654477524,0.219003370853
0.6844,1,0.967088496382,0.145227577839,0.210829766717,0.211117439394,0.2,0.990319161287,-0.027926957123,0.218585140994,0.218933592187
0.6846,1,0.96711756871,0.14536163939,0.21077258348,0.211059904859,0.2,0.990313654702,-0.0275329229098,0.218515903098,0.218863901948
0.6848,1,0.967146667605,0.145494471218,0.210715480716,0.211002440583,0.2,0.990308226599,-0.0271405171125,0.218446765693,0.218794302178
0.685,1,0.96717579282,0.145626075507,0.210658460284,0.21094504861,0.2,0.990302876652,-0.0267497369046,0.218377730598,0.218724794881
0.6852,1,0.967204944111,0.145756454481,0.210601524007,0.210887730945,0.2,0.990297604536,-0.026360579422,0.218308799601,0.218655382025
0.6854,1,0.967234121233,0.145885610399,0.210544673676,0.210830489557,0.2,0.990292409927,-0.0259730417635,0.218239974454,0.21858606554
0.6856,1,0.967263323942,0.146013545561,0.210487911049,0.210773326381,0.2,0.990287292503,-0.025587120992,0.218171256877,0.218516847323
0.6858,1,0.967292551994,0.1461402623,0.210431237847,0.210716243314,0.2,0.99028225194,-0.0252028141347,0.218102648555,0.218447729234
0.686,1,0.967321805147,0.146265762987,0.210374655765,0.210659242221,0.2,0.990277287917,-0.0248201181843,0.218034151143,0.218378713098
0.6862,1,0.967351083157,0.146390050028,0.21031816646,0.21060232493,0.2,0.990272400111,-0.0244390300992,0.217965766263,0.218309800707
0.6864,1,0.967380385782,0.146513125862,0.21026177156,0.210545493236,0.2,0.990267588201,-0.0240595468048,0.217897495506,0.218240993818
0.6866,1,0.967409712781,0.146634992965,0.210205472663,0.210488748901,0.2,0.990262851868,-0.0236816651936,0.217829340431,0.218172294156
0.6868,1,0.967439063911,0.146755653842,0.210149271334,0.210432093653,0.2,0.990258190792,-0.0233053821263,0.217761302567,0.218103703411
0.687,1,0.967468438934,0.146875111033,0.210093169108,0.210375529189,0.2,0.990253604653,-0.0229306944322,0.217693383412,0.218035223242
0.6872,1,0.967497837607,0.14699336711,0.210037167492,0.210319057173,0.2,0.990249093133,-0.02255759891,0.217625584435,0.217966855276
0.6874,1,0.967527259692,0.147110424675,0.209981267961,0.210262679237,0.2,0.990244655915,-0.0221860923285,0.217557907076,0.217898601108
0.6876,1,0.967556704949,0.14722628636,0.209925471962,0.210206396982,0.2,0.99024029268,-0.0218161714271,0.217490352744,0.217830462301
0.6878,1,0.96758617314,0.147340954827,0.209869780914,0.210150211978,0.2,0.990236003114,-0.0214478329164,0.217422922822,0.21776244039
0.688,1,0.967615664027,0.14745443277,0.209814196206,0.210094125765,0.2,0.990231786899,-0.0210810734791,0.217355618662,0.217694536876
0.6882,1,0.967645177371,0.147566722907,0.209758719201,0.210038139853,0.2,0.990227643721,-0.0207158897704,0.21728844159,0.217626753233
0.6884,1,0.967674712937,0.147677827988,0.209703351233,0.209982255723,0.2,0.990223573266,-0.0203522784184,0.217221392905,0.217559090905
0.6886,1,0.967704270487,0.147787750788,0.209648093609,0.209926474825,0.2,0.990219575218,-0.0199902360253,0.217154473877,0.217491551305
0.6888,1,0.967733849786,0.147896494109,0.20959294761,0.209870798581,0.2,0.990215649266,-0.0196297591673,0.217087685751,0.217424135819
0.689,1,0.967763450598,0.14800406078,0.209537914491,0.209815228387,0.2,0.990211795098,-0.0192708443957,0.217021029745,0.217356845806
0.6892,1,0.967793072689,0.148110453656,0.209482995478,0.209759765608,0.2,0.9902080124,-0.0189134882372,0.21695450705,0.217289682594
0.6894,1,0.967822715824,0.148215675615,0.209428191775,0.209704411582,0.2,0.990204300863,-0.0185576871945,0.216888118834,0.217222647485
0.6896,1,0.96785237977,0.148319729562,0.20937350456,0.209649167621,0.2,0.990200660175,-0.0182034377471,0.216821866237,0.217155741755
0.6898,1,0.967882064293,0.148422618425,0.209318934983,0.209594035008,0.2,0.990197090028,-0.0178507363514,0.216755750375,0.217088966651
0.69,1,0.967911769163,0.148524345154,0.209264484172,0.209539015003,0.2,0.990193590112,-0.0174995794417,0.216689772342,0.217022323396
0.6902,1,0.967941494145,0.148624912723,0.209210153231,0.209484108837,0.2,0.990190160119,-0.0171499634303,0.216623933203,0.216955813185
0.6904,1,0.96797123901,0.14872432413,0.209155943239,0.209429317716,0.2,0.990186799742,-0.0168018847085,0.216558234003,0.216889437189
0.6906,1,0.968001003526,0.148822582392,0.209101855252,0.209374642821,0.2,0.990183508674,-0.0164553396467,0.216492675762,0.216823196551
0.6908,1,0.968030787464,0.148919690549,0.209047890301,0.209320085307,0.2,0.990180286609,-0.016110324595,0.216427259476,0.216757092393
0.691,1,0.968060590595,0.14901565166,0.208994049397,0.209265646306,0.2,0.990177133242,-0.015766835884,0.216361986121,0.21669112581
0.6912,1,0.968090412689,0.149110468808,0.208940333526,0.209211326924,0.2,0.990174048268,-0.0154248698251,0.216296856647,0.216625297872
0.6914,1,0.968120253518,0.149204145091,0.208886743653,0.209157128244,0.2,0.990171031384,-0.0150844227106,0.216231871984,0.216559609627
0.6916,1,0.968150112854,0.149296683631,0.20883328072,0.209103051326,0.2,0.990168082285,-0.014745490815,0.216167033039,0.216494062098
0.6918,1,0.968179990472,0.149388087565,0.208779945648,0.209049097205,0.2,0.990165200671,-0.0144080703948,0.216102340698,0.216428656287
0.692,1,0.968209886144,0.14947836005,0.208726739336,0.208995266893,0.2,0.99016238624,-0.0140721576892,0.216037795825,0.216363393169
0.6922,1,0.968239799645,0.149567504262,0.208673662663,0.208941561382,0.2,0.99015963869,-0.0137377489206,0.215973399264,0.2162982737
0.6924,1,0.968269730749,0.149655523392,0.208620716486,0.208887981638,0.2,0.990156957722,-0.013404840295,0.215909151838,0.216233298813
0.6926,1,0.968299679233,0.14974242065,0.208567901642,0.208834528608,0.2,0.990154343036,-0.0130734280024,0.215845054349,0.216168469418
0.6928,1,0.968329644873,0.149828199262,0.208515218949,0.208781203215,0.2,0.990151794335,-0.0127435082175,0.215781107579,0.216103786404
0.693,1,0.968359627446,0.14991286247,0.208462669202,0.208728006361,0.2,0.990149311319,-0.0124150770998,0.215717312291,0.216039250639
0.6932,1,0.968389626729,0.149996413531,0.20841025318,0.20867493893,0.2,0.990146893693,-0.0120881307942,0.215653669227,0.21597486297
0.6934,1,0.9684196425,0.150078855718,0.20835797164,0.20862200178,0.2,0.99014454116,-0.0117626654313,0.215590179111,0.215910624221
0.6936,1,0.968449674538,0.15016019232,0.208305825321,0.208569195752,0.2,0.990142253425,-0.011438677128,0.215526842647,0.215846535199
0.6938,1,0.968479722623,0.150240426638,0.208253814943,0.208516521665,0.2,0.990140030192,-0.011116161988,0.215463660522,0.215782596689
0.694,1,0.968509786536,0.150319561988,0.208201941208,0.208463980321,0.2,0.990137871169,-0.0107951161017,0.215400633402,0.215718809455
0.6942,1,0.968539866056,0.150397601701,0.208150204799,0.208411572498,0.2,0.990135776062,-0.0104755355471,0.215337761938,0.215655174245
0.6944,1,0.968569960966,0.150474549119,0.208098606382,0.208359298959,0.2,0.990133744579,-0.0101574163901,0.215275046759,0.215591691783
0.6946,1,0.968600071048,0.150550407599,0.208047146603,0.208307160443,0.2,0.990131776428,-0.00984075468474,0.21521248848,0.215528362779
0.6948,1,0.968630196084,0.150625180507,0.207995826092,0.208255157675,0.2,0.990129871318,-0.00952554647355,0.215150087698,0.215465187919
0.695,1,0.968660335858,0.150698871226,0.207944645464,0.208203291359,0.2,0.990128028961,-0.00921178778818,0.215087844989,0.215402167875
0.6952,1,0.968690490155,0.150771483147,0.207893605313,0.20815156218,0.2,0.990126249066,-0.00889947464955,0.215025760918,0.215339303298
0.6954,1,0.968720658758,0.150843019673,0.207842706218,0.208099970806,0.2,0.990124531345,-0.00858860306833,0.214963836029,0.215276594822
0.6956,1,0.968750841455,0.150913484219,0.207791948742,0.208048517888,0.2,0.990122875512,-0.00827916904522,0.214902070852,0.215214043063
0.6958,1,0.968781038031,0.15098288021,0.207741333431,0.207997204059,0.2,0.990121281278,-0.00797116857137,0.214840465899,0.215151648621
0.696,1,0.968811248274,0.151051211081,0.207690860815,0.207946029933,0.2,0.990119748358,-0.0076645976287,0.214779021666,0.215089412077
0.6962,1,0.96884147197,0.151118480276,0.207640531409,0.20789499611,0.2,0.990118276468,-0.00735945219023,0.214717738636,0.215027333994
0.6964,1,0.968871708908,0.151184691251,0.207590345712,0.20784410317,0.2,0.990116865322,-0.00705572822046,0.214656617273,0.214965414923
0.6966,1,0.968901958877,0.15124984747,0.207540304207,0.207793351678,0.2,0.990115514638,-0.00675342167568,0.214595658028,0.214903655393
0.6968,1,0.968932221668,0.151313952405,0.207490407363,0.207742742184,0.2,0.990114224132,-0.00645252850427,0.214534861337,0.21484205592
0.697,1,0.96896249707,0.151377009538,0.207440655633,0.20769227522,0.2,0.990112993523,-0.00615304464711,0.214474227619,0.214780617003
0.6972,1,0.968992784874,0.151439022359,0.207391049456,0.207641951303,0.2,0.99011182253,-0.00585496603779,0.214413757281,0.214719339126
0.6974,1,0.969023084873,0.151499994364,0.207341589256,0.207591770933,0.2,0.990110710872,-0.00555828860303,0.214353450714,0.214658222757
0.6976,1,0.969053396859,0.151559929059,0.207292275444,0.207541734598,0.2,0.990109658271,-0.00526300826289,0.214293308296,0.214597268349
0.6978,1,0.969083720625,0.151618829957,0.207243108416,0.207491842767,0.2,0.990108664446,-0.00496912093117,0.214233330389,0.214536476338
0.698,1,0.969114055965,0.151676700577,0.207194088553,0.207442095897,0.2,0.990107729122,-0.00467662251565,0.214173517345,0.214475847148
0.6982,1,0.969144402674,0.151733544445,0.207145216225,0.207392494428,0.2,0.99010685202,-0.00438550891839,0.214113869497,0.214415381188
0.6984,1,0.969174760547,0.151789365094,0.207096491787,0.207343038788,0.2,0.990106032865,-0.00409577603605,0.21405438717,0.214355078849
0.6986,1,0.96920512938,0.151844166063,0.20704791558,0.207293729387,0.2,0.990105271381,-0.00380741976015,0.213995070673,0.214294940514
0.6988,1,0.96923550897,0.151897950896,0.206999487935,0.207244566626,0.2,0.990104567294,-0.00352043597739,0.213935920302,0.214234966546
0.699,1,0.969265899115,0.151950723143,0.206951209166,0.207195550888,0.2,0.99010392033,-0.00323482056986,0.213876936342,0.214175157297
0.6992,1,0.969296299612,0.15200248636,0.206903079578,0.207146682543,0.2,0.990103330216,-0.00295056941541,0.213818119063,0.214115513106
0.6994,1,0.969326710261,0.152053244107,0.206855099461,0.20709796195,0.2,0.99010279668,-0.00266767838781,0.213759468725,0.214056034297
0.6996,1,0.969357130861,0.15210299995,0.206807269095,0.207049389452,0.2,0.990102319451,-0.00238614335712,0.213700985573,0.213996721183
0.6998,1,0.969387561213,0.152151757458,0.206759588745,0.207000965381,0.2,0.990101898259,-0.00210596018989,0.213642669844,0.213937574061
0.7,1,0.969418001117,0.152199520204,0.206712058668,0.206952690054,0.2,0.990101532835,-0.00182712474943,0.21358452176,0.213878593218
0.7002,1,0.969448450375,0.152246291768,0.206664679105,0.206904563777,0.2,0.990101222908,-0.00154963289606,0.213526541531,0.213819778926
0.7004,1,0.96947890879,0.152292075729,0.206617450289,0.206856586842,0.2,0.990100968212,-0.00127348048738,0.213468729359,0.213761131447
0.7006,1,0.969509376165,0.152336875675,0.20657037244,0.206808759532,0.2,0.990100768479,-0.000998663378498,0.21341108543,0.213702651029
0.7008,1,0.969539852304,0.152380695191,0.206523445767,0.206761082113,0.2,0.990100623444,-0.00072517742228,0.213353609923,0.21364433791
0.701,1,0.969570337012,0.152423537871,0.206476670467,0.206713554844,0.2,0.99010053284,-0.00045301846958,0.213296303005,0.213586192312
0.7012,1,0.969600830093,0.152465407308,0.206430046729,0.206666177969,0.2,0.990100496404,-0.000182182369482,0.21323916483,0.213528214451
0.7014,1,0.969631331355,0.152506307098,0.206383574728,0.206618951721,0.2,0.990100513871,8.73350304708e-05,0.213182195543,0.213470404527
0.7016,1,0.969661840603,0.15254624084,0.20633725463,0.206571876322,0.2,0.990100584978,0.000355537884049,0.21312539528,0.21341276273
0.7018,1,0.969692357645,0.152585212135,0.206291086591,0.206524951984,0.2,0.990100709464,0.000622430346115,0.213068764164,0.21335528924
0.702,1,0.96972288229,0.152623224586,0.206245070756,0.206478178905,0.2,0.990100887067,0.0008880165724,0.213012302309,0.213297984225
0.7022,1,0.969753414347,0.152660281797,0.206199207261,0.206431557275,0.2,0.990101117528,0.00115230071929,0.212956009821,0.213240847842
0.7024,1,0.969783953624,0.152696387373,0.206153496231,0.206385087272,0.2,0.990101400585,0.0014152869436,0.212899886792,0.213183880237
0.7026,1,0.969814499933,0.152731544922,0.206107937782,0.206338769064,0.2,0.990101735981,0.00167697940241,0.212843933308,0.213127081548
0.7028,1,0.969845053085,0.152765758051,0.206062532019,0.206292602808,0.2,0.990102123457,0.00193738225277,0.212788149444,0.2130704519
0.703,1,0.969875612891,0.152799030369,0.20601727904,0.20624658865,0.2,0.990102562757,0.0021964996516,0.212732535266,0.213013991409
0.7032,1,0.969906179164,0.152831365486,0.205972178932,0.206200726728,0.2,0.990103053624,0.00245433575542,0.212677090829,0.21295770018
0.7034,1,0.969936751717,0.15286276701,0.205927231774,0.206155017169,0.2,0.990103595803,0.00271089472017,0.212621816183,0.21290157831
0.7036,1,0.969967330365,0.152893238551,0.205882437634,0.20610946009,0.2,0.990104189039,0.00296618070103,0.212566711365,0.212845625885
0.7038,1,0.969997914922,0.15292278372,0.205837796572,0.206064055599,0.2,0.990104833079,0.00322019785223,0.212511776404,0.212789842981
0.704,1,0.970028505203,0.152951406126,0.205793308642,0.206018803793,0.2,0.990105527669,0.00347295032682,0.212457011323,0.212734229665
0.7042,1,0.970059101025,0.152979109378,0.205748973885,0.205973704763,0.2,0.990106272558,0.00372444227657,0.212402416134,0.212678785997
0.7044,1,0.970089702204,0.153005897084,0.205704792337,0.205928758587,0.2,0.990107067493,0.00397467785169,0.212347990841,0.212623512024
0.7046,1,0.970120308559,0.153031772852,0.205660764023,0.205883965337,0.2,0.990107912225,0.00422366120073,0.21229373544,0.212568407788
0.7048,1,0.970150919907,0.15305674029,0.205616888963,0.205839325075,0.2,0.990108806505,0.00447139647038,0.212239649918,0.212513473318
0.705,1,0.970181536067,0.153080803003,0.205573167166,0.205794837852,0.2,0.990109750082,0.00471788780526,0.212185734257,0.212458708638
0.7052,1,0.97021215686,0.153103964595,0.205529598634,0.205750503715,0.2,0.99011074271,0.00496313934781,0.212131988428,0.212404113762
0.7054,1,0.970242782106,0.15312622867,0.205486183362,0.205706322699,0.2,0.990111784141,0.00520715523811,0.212078412395,0.212349688695
0.7056,1,0.970273411626,0.15314759883,0.205442921337,0.205662294831,0.2,0.990112874129,0.00544993961367,0.212025006115,0.212295433435
0.7058,1,0.970304045242,0.153168078673,0.205399812538,0.205618420132,0.2,0.990114012428,0.00569149660932,0.211971769537,0.212241347971
0.706,1,0.970334682776,0.153187671798,0.205356856937,0.205574698614,0.2,0.990115198794,0.00593183035704,0.211918702604,0.212187432284
0.7062,1,0.970365324052,0.153206381801,0.205314054498,0.205531130278,0.2,0.990116432983,0.00617094498579,0.21186580525,0.212133686348
0.7064,1,0.970395968895,0.153224212274,0.205271405179,0.205487715122,0.2,0.990117714752,0.00640884462138,0.211813077403,0.212080110129
0.7066,1,0.970426617128,0.153241166809,0.205228908931,0.205444453134,0.2,0.990119043859,0.00664553338628,0.211760518983,0.212026703584
0.7068,1,0.970457268578,0.153257248995,0.205186565696,0.205401344293,0.2,0.990120420062,0.00688101539951,0.211708129904,0.211973466664
0.707,1,0.97048792307,0.153272462417,0.205144375411,0.205358388573,0.2,0.990121843121,0.00711529477651,0.211655910074,0.211920399312
0.7072,1,0.970518580433,0.153286810659,0.205102338006,0.205315585941,0.2,0.990123312796,0.00734837562892,0.211603859391,0.211867501464
0.7074,1,0.970549240492,0.153300297299,0.205060453405,0.205272936354,0.2,0.990124828849,0.00758026206453,0.211551977751,0.21181477305
0.7076,1,0.970579903077,0.153312925916,0.205018721524,0.205230439764,0.2,0.99012639104,0.00781095818709,0.211500265041,0.21176221399
0.7078,1,0.970610568017,0.153324700083,0.204977142273,0.205188096116,0.2,0.990127999134,0.00804046809618,0.211448721142,0.2117098242
0.708,1,0.970641235142,0.15333562337,0.204935715557,0.205145905347,0.2,0.990129652893,0.0082687958871,0.211397345928,0.211657603588
0.7082,1,0.970671904282,0.153345699344,0.204894441274,0.205103867389,0.2,0.990131352082,0.00849594565069,0.211346139269,0.211605552056
0.7084,1,0.970702575268,0.153354931567,0.204853319315,0.205061982166,0.2,0.990133096467,0.00872192147328,0.211295101026,0.211553669499
0.7086,1,0.970733247933,0.1533633236,0.204812349567,0.205020249596,0.2,0.990134885812,0.00894672743648,0.211244231058,0.211501955804
0.7088,1,0.970763922109,0.153370878998,0.20477153191,0.20497866959,0.2,0.990136719886,0.00917036761712,0.211193529215,0.211450410855
0.709,1,0.970794597629,0.153377601312,0.204730866218,0.204937242054,0.2,0.990138598455,0.00939284608709,0.211142995343,0.211399034527
0.7092,1,0.970825274328,0.153383494089,0.204690352359,0.204895966887,0.2,0.990140521288,0.00961416691325,0.211092629281,0.21134782669
0.7094,1,0.97085595204,0.153388560872,0.204649990197,0.204854843981,0.2,0.990142488155,0.00983433415727,0.211042430864,0.211296787208
0.7096,1,0.970886630601,0.1533928052,0.20460977959,0.204813873224,0.2,0.990144498825,0.0100533518756,0.21099239992,0.211245915939
0.7098,1,0.970917309847,0.153396230607,0.204569720389,0.204773054498,0.2,0.99014655307,0.0102712241192,0.210942536273,0.211195212736
0.71,1,0.970947989615,0.153398840622,0.204529812442,0.204732387676,0.2,0.990148650661,0.0104879549335,0.210892839742,0.211144677443
0.7102,1,0.970978669743,0.15340063877,0.204490055591,0.204691872629,0.2,0.990150791371,0.0107035483586,0.210843310139,0.211094309903
0.7104,1,0.971009350069,0.153401628571,0.204450449672,0.204651509221,0.2,0.990152974973,0.0109180084286,0.210793947274,0.21104410995
0.7106,1,0.971040030431,0.15340181354,0.204410994517,0.204611297312,0.2,0.99015520124,0.0111313391719,0.210744750949,0.210994077415
0.7108,1,0.971070710671,0.153401197187,0.204371689953,0.204571236753,0.2,0.990157469949,0.0113435446108,0.210695720962,0.210944212122
0.711,1,0.971101390627,0.153399783017,0.204332535802,0.204531327393,0.2,0.990159780875,0.0115546287618,0.210646857108,0.21089451389
0.7112,1,0.971132070142,0.153397574528,0.204293531881,0.204491569075,0.2,0.990162133794,0.0117645956352,0.210598159176,0.210844982534
0.7114,1,0.971162749057,0.153394575216,0.204254678003,0.204451961636,0.2,0.990164528484,0.0119734492351,0.210549626949,0.210795617862
0.7116,1,0.971193427215,0.15339078857,0.204215973976,0.204412504909,0.2,0.990166964723,0.0121811935591,0.210501260208,0.210746419679
0.7118,1,0.971224104459,0.153386218071,0.204177419603,0.204373198723,0.2,0.990169442289,0.0123878325987,0.210453058728,0.210697387785
0.712,1,0.971254780632,0.153380867198,0.204139014684,0.204334042899,0.2,0.990171960963,0.0125933703386,0.21040502228,0.210648521974
0.7122,1,0.97128545558,0.153374739423,0.204100759013,0.204295037256,0.2,0.990174520525,0.0127978107571,0.210357150631,0.210599822035
0.7124,1,0.971316129148,0.153367838211,0.204062652382,0.204256181607,0.2,0.990177120757,0.0130011578257,0.210309443544,0.210551287754
0.7126,1,0.971346801181,0.153360167024,0.204024694575,0.204217475762,0.2,0.99017976144,0.0132034155093,0.210261900778,0.210502918912
0.7128,1,0.971377471527,0.153351729314,0.203986885376,0.204178919525,0.2,0.990182442358,0.0134045877657,0.210214522086,0.210454715285
0.713,1,0.971408140033,0.15334252853,0.203949224564,0.204140512695,0.2,0.990185163293,0.0136046785459,0.21016730722,0.210406676645
0.7132,1,0.971438806546,0.153332568114,0.203911711912,0.204102255069,0.2,0.990187924032,0.013803691794,0.210120255927,0.21035880276
0.7134,1,0.971469470916,0.153321851502,0.20387434719,0.204064146437,0.2,0.990190724358,0.0140016314468,0.210073367948,0.210311093394
0.7136,1,0.971500132993,0.153310382123,0.203837130167,0.204026186588,0.2,0.990193564058,0.014198501434,0.210026643024,0.210263548305
0.7138,1,0.971530792626,0.1532981634,0.203800060604,0.203988375304,0.2,0.990196442919,0.0143943056782,0.209980080889,0.210216167248
0.714,1,0.971561449665,0.153285198749,0.203763138262,0.203950712364,0.2,0.990199360729,0.0145890480943,0.209933681277,0.210168949977
0.7142,1,0.971592103964,0.153271491581,0.203726362895,0.203913197543,0.2,0.990202317276,0.0147827325902,0.209887443915,0.210121896237
0.7144,1,0.971622755373,0.153257045298,0.203689734257,0.203875830614,0.2,0.990205312348,0.014975363066,0.209841368528,0.210075005772
0.7146,1,0.971653403745,0.153241863298,0.203653252095,0.203838611342,0.2,0.990208345737,0.0151669434147,0.209795454837,0.210028278323
0.7148,1,0.971684048935,0.15322594897,0.203616916157,0.203801539493,0.2,0.990211417232,0.0153574775211,0.209749702562,0.209981713626
0.715,1,0.971714690796,0.153209305697,0.203580726183,0.203764614826,0.2,0.990214526626,0.0155469692629,0.209704111418,0.209935311413
0.7152,1,0.971745329184,0.153191936855,0.203544681913,0.203727837097,0.2,0.990217673711,0.0157354225096,0.209658681115,0.209889071414
0.7154,1,0.971775963953,0.153173845814,0.203508783082,0.20369120606,0.2,0.990220858279,0.0159228411232,0.209613411363,0.209842993354
0.7156,1,0.97180659496,0.153155035936,0.203473029424,0.203654721464,0.2,0.990224080125,0.0161092289577,0.209568301868,0.209797076956
0.7158,1,0.971837222062,0.153135510576,0.203437420667,0.203618383056,0.2,0.990227339043,0.016294589859,0.209523352332,0.209751321938
0.716,1,0.971867845117,0.153115273081,0.203401956539,0.203582190579,0.2,0.990230634828,0.0164789276655,0.209478562455,0.209705728017
0.7162,1,0.971898463982,0.153094326793,0.203366636764,0.203546143771,0.2,0.990233967277,0.016662246207,0.209433931934,0.209660294905
0.7164,1,0.971929078517,0.153072675044,0.203331461061,0.203510242369,0.2,0.990237336187,0.0168445493054,0.209389460463,0.20961502231
0.7166,1,0.971959688581,0.153050321161,0.20329642915,0.203474486108,0.2,0.990240741356,0.0170258407747,0.209345147734,0.209569909941
0.7168,1,0.971990294035,0.153027268463,0.203261540746,0.203438874716,0.2,0.99024418258,0.0172061244202,0.209300993435,0.209524957499
0.717,1,0.972020894739,0.15300352026,0.20322679556,0.203403407922,0.2,0.990247659661,0.0173854040393,0.209256997252,0.209480164687
0.7172,1,0.972051490555,0.152979079857,0.203192193304,0.20336808545,0.2,0.990251172398,0.0175636834209,0.20921315887,0.2094355312
0.7174,1,0.972082081345,0.152953950549,0.203157733685,0.203332907021,0.2,0.990254720591,0.0177409663455,0.209169477968,0.209391056734
0.7176,1,0.972112666972,0.152928135626,0.203123416407,0.203297872354,0.2,0.990258304042,0.0179172565853,0.209125954225,0.20934674098
0.7178,1,0.9721432473,0.152901638368,0.203089241174,0.203262981164,0.2,0.990261922554,0.0180925579039,0.209082587318,0.209302583629
0.718,1,0.972173822192,0.152874462048,0.203055207685,0.203228233166,0.2,0.990265575929,0.0182668740565,0.209039376921,0.209258584367
0.7182,1,0.972204391514,0.152846609932,0.203021315638,0.20319362807,0.2,0.990269263971,0.0184402087896,0.208996322704,0.209214742878
0.7184,1,0.972234955131,0.152818085278,0.202987564728,0.203159165583,0.2,0.990272986484,0.0186125658412,0.208953424338,0.209171058843
0.7186,1,0.97226551291,0.152788891335,0.202953954648,0.203124845412,0.2,0.990276743274,0.0187839489406,0.208910681488,0.209127531942
0.7188,1,0.972296064716,0.152759031346,0.202920485091,0.20309066726,0.2,0.990280534146,0.0189543618082,0.20886809382,0.209084161851
0.719,1,0.972326610418,0.152728508543,0.202887155744,0.203056630826,0.2,0.990284358908,0.019123808156,0.208825660998,0.209040948245
0.7192,1,0.972357149883,0.152697326154,0.202853966293,0.203022735809,0.2,0.990288217366,0.0192922916871,0.208783382681,0.208997890796
0.7194,1,0.97238768298,0.152665487397,0.202820916425,0.202988981906,0.2,0.990292109329,0.0194598160955,0.208741258528,0.208954989173
0.7196,1,0.972418209579,0.152632995481,0.202788005822,0.20295536881,0.2,0.990296034606,0.0196263850667,0.208699288197,0.208912243044
0.7198,1,0.97244872955,0.152599853608,0.202755234163,0.202921896212,0.2,0.990299993007,0.0197920022772,0.208657471342,0.208869652074
0.72,1,0.972479242763,0.152566064971,0.202722601129,0.202888563802,0.2,0.990303984341,0.0199566713944,0.208615807616,0.208827215928
0.7202,1,0.97250974909,0.152531632758,0.202690106396,0.202855371268,0.2,0.99030800842,0.0201203960768,0.208574296671,0.208784934266
0.7204,1,0.972540248402,0.152496560144,0.202657749639,0.202822318293,0.2,0.990312065056,0.0202831799741,0.208532938156,0.208742806747
0.7206,1,0.972570740572,0.152460850299,0.202625530532,0.202789404562,0.2,0.990316154061,0.0204450267267,0.208491731719,0.208700833028
0.7208,1,0.972601225473,0.152424506384,0.202593448746,0.202756629756,0.2,0.990320275249,0.020605939966,0.208450677006,0.208659012766
0.721,1,0.972631702979,0.152387531551,0.202561503951,0.202723993554,0.2,0.990324428434,0.0207659233143,0.208409773661,0.208617345614
0.7212,1,0.972662172965,0.152349928945,0.202529695816,0.202691495634,0.2,0.99032861343,0.0209249803848,0.208369021328,0.208575831224
0.7214,1,0.972692635306,0.152311701701,0.202498024008,0.20265913567,0.2,0.990332830053,0.0210831147815,0.208328419648,0.208534469245
0.7216,1,0.972723089876,0.152272852947,0.202466488191,0.202626913338,0.2,0.990337078119,0.0212403300991,0.208287968261,0.208493259325
0.7218,1,0.972753536553,0.152233385801,0.20243508803,0.202594828308,0.2,0.990341357445,0.0213966299233,0.208247666806,0.208452201113
0.722,1,0.972783975214,0.152193303375,0.202403823186,0.202562880253,0.2,0.990345667849,0.0215520178304,0.208207514918,0.208411294251
0.7222,1,0.972814405736,0.15215260877,0.202372693321,0.202531068839,0.2,0.990350009148,0.0217064973873,0.208167512235,0.208370538385
0.7224,1,0.972844827997,0.152111305079,0.202341698094,0.202499393736,0.2,0.990354381163,0.021860072152,0.208127658389,0.208329933155
0.7226,1,0.972875241876,0.152069395388,0.202310837162,0.202467854607,0.2,0.990358783712,0.0220127456727,0.208087953016,0.208289478202
0.7228,1,0.972905647252,0.152026882773,0.202280110184,0.202436451118,0.2,0.990363216616,0.0221645214886,0.208048395745,0.208249173164
0.723,1,0.972936044006,0.151983770302,0.202249516813,0.202405182931,0.2,0.990367679697,0.0223154031293,0.208008986207,0.20820901768
0.7232,1,0.972966432019,0.151940061034,0.202219056704,0.202374049708,0.2,0.990372172775,0.0224653941152,0.207969724033,0.208169011386
0.7234,1,0.97299681117,0.15189575802,0.202188729511,0.202343051107,0.2,0.990376695675,0.022614497957,0.207930608849,0.208129153915
0.7236,1,0.973027181343,0.151850864301,0.202158534885,0.202312186788,0.2,0.990381248219,0.0227627181563,0.207891640284,0.208089444902
0.7238,1,0.97305754242,0.15180538291,0.202128472478,0.202281456407,0.2,0.99038583023,0.022910058205,0.207852817962,0.208049883978
0.724,1,0.973087894283,0.151759316873,0.202098541937,0.202250859621,0.2,0.990390441535,0.0230565215855,0.20781414151,0.208010470775
0.7242,1,0.973118236817,0.151712669205,0.202068742913,0.202220396085,0.2,0.990395081957,0.023202111771,0.207775610551,0.207971204922
0.7244,1,0.973148569905,0.151665442912,0.202039075053,0.20219006545,0.2,0.990399751323,0.0233468322249,0.207737224708,0.207932086048
0.7246,1,0.973178893434,0.151617640994,0.202009538003,0.202159867371,0.2,0.990404449461,0.0234906864012,0.207698983603,0.20789311378
0.7248,1,0.973209207287,0.151569266439,0.201980131408,0.202129801497,0.2,0.990409176196,0.0236336777442,0.207660886857,0.207854287744
0.725,1,0.973239511351,0.151520322229,0.201950854915,0.202099867479,0.2,0.990413931358,0.0237758096889,0.20762293409,0.207815607567
0.7252,1,0.973269805514,0.151470811335,0.201921708165,0.202070064967,0.2,0.990418714775,0.0239170856605,0.207585124922,0.207777072871
0.7254,1,0.973300089661,0.15142073672,0.201892690803,0.202040393606,0.2,0.990423526277,0.0240575090748,0.207547458971,0.207738683282
0.7256,1,0.973330363681,0.151370101339,0.20186380247,0.202010853046,0.2,0.990428365694,0.0241970833377,0.207509935855,0.207700438419
0.7258,1,0.973360627463,0.151318908137,0.201835042808,0.201981442931,0.2,0.990433232856,0.0243358118459,0.207472555192,0.207662337907
0.726,1,0.973390880895,0.15126716005,0.201806411457,0.201952162906,0.2,0.990438127596,0.024473697986,0.207435316597,0.207624381364
0.7262,1,0.973421123867,0.151214860006,0.201777908057,0.201923012616,0.2,0.990443049745,0.0246107451354,0.207398219686,0.20758656841
0.7264,1,0.973451356269,0.151162010924,0.201749532246,0.201893991704,0.2,0.990447999136,0.0247469566617,0.207361264074,0.207548898666
0.7266,1,0.973481577992,0.151108615714,0.201721283664,0.201865099813,0.2,0.990452975603,0.0248823359226,0.207324449376,0.207511371747
0.7268,1,0.973511788928,0.151054677276,0.201693161948,0.201836336583,0.2,0.990457978981,0.0250168862665,0.207287775205,0.207473987273
0.727,1,0.973541988967,0.151000198503,0.201665166735,0.201807701656,0.2,0.990463009103,0.0251506110319,0.207251241175,0.20743674486
0.7272,1,0.973572178004,0.150945182277,0.201637297662,0.201779194672,0.2,0.990468065806,0.0252835135478,0.207214846897,0.207399644123
0.7274,1,0.97360235593,0.150889631473,0.201609554364,0.20175081527,0.2,0.990473148925,0.0254155971332,0.207178591984,0.207362684677
0.7276,1,0.97363252264,0.150833548956,0.201581936478,0.201722563089,0.2,0.990478258298,0.0255468650977,0.207142476048,0.207325866139
0.7278,1,0.973662678027,0.150776937582,0.201554443637,0.201694437767,0.2,0.990483393762,0.025677320741,0.2071064987,0.207289188121
0.728,1,0.973692821987,0.150719800199,0.201527075476,0.201666438941,0.2,0.990488555156,0.0258069673533,0.20707065955,0.207252650236
0.7282,1,0.973722954415,0.150662139643,0.201499831629,0.201638566248,0.2,0.990493742317,0.0259358082149,0.207034958209,0.207216252099
0.7284,1,0.973753075207,0.150603958746,0.20147271173,0.201610819324,0.2,0.990498955087,0.0260638465964,0.206999394287,0.207179993321
0.7286,1,0.973783184259,0.150545260327,0.201445715411,0.201583197805,0.2,0.990504193304,0.0261910857587,0.206963967393,0.207143873514
0.7288,1,0.973813281469,0.150486047197,0.201418842306,0.201555701326,0.2,0.990509456809,0.0263175289531,0.206928677136,0.20710789229
0.729,1,0.973843366733,0.150426322159,0.201392092046,0.201528329522,0.2,0.990514745445,0.0264431794209,0.206893523125,0.207072049259
0.7292,1,0.973873439951,0.150366088007,0.201365464263,0.201501082027,0.2,0.990520059053,0.0265680403939,0.206858504969,0.207036344032
0.7294,1,0.97390350102,0.150305347523,0.20133895859,0.201473958474,0.2,0.990525397476,0.026692115094,0.206823622276,0.20700077622
0.7296,1,0.973933549841,0.150244103485,0.201312574657,0.201446958497,0.2,0.990530760558,0.0268154067336,0.206788874654,0.206965345431
0.7298,1,0.973963586313,0.150182358657,0.201286312095,0.201420081729,0.2,0.990536148142,0.0269379185151,0.206754261711,0.206930051275
0.73,1,0.973993610336,0.150120115798,0.201260170536,0.201393327802,0.2,0.990541560072,0.0270596536312,0.206719783054,0.206894893363
0.7302,1,0.974023621811,0.150057377656,0.20123414961,0.201366696349,0.2,0.990546996195,0.027180615265,0.206685438291,0.206859871301
0.7304,1,0.974053620641,0.149994146969,0.201208248946,0.201340187001,0.2,0.990552456357,0.0273008065899,0.206651227029,0.206824984699
0.7306,1,0.974083606726,0.149930426469,0.201182468177,0.20131379939,0.2,0.990557940403,0.0274202307692,0.206617148875,0.206790233165
0.7308,1,0.97411357997,0.149866218876,0.20115680693,0.201287533148,0.2,0.990563448181,0.0275388909569,0.206583203436,0.206755616307
0.731,1,0.974143540275,0.149801526903,0.201131264837,0.201261387904,0.2,0.990568979539,0.027656790297,0.20654939032,0.206721133733
0.7312,1,0.974173487546,0.149736353252,0.201105841527,0.201235363291,0.2,0.990574534325,0.0277739319238,0.206515709132,0.20668678505
0.7314,1,0.974203421686,0.149670700619,0.20108053663,0.201209458938,0.2,0.990580112389,0.027890318962,0.206482159481,0.206652569867
0.7316,1,0.9742333426,0.149604571688,0.201055349774,0.201183674476,0.2,0.99058571358,0.0280059545264,0.206448740971,0.206618487789
0.7318,1,0.974263250194,0.149537969136,0.201030280591,0.201158009536,0.2,0.990591337748,0.0281208417222,0.206415453211,0.206584538426
0.732,1,0.974293144373,0.149470895629,0.201005328708,0.201132463747,0.2,0.990596984745,0.0282349836448,0.206382295806,0.206550721383
0.7322,1,0.974323025044,0.149403353827,0.200980493756,0.201107036739,0.2,0.990602654422,0.02834838338,0.206349268364,0.206517036267
0.7324,1,0.974352892113,0.149335346377,0.200955775364,0.201081728143,0.2,0.990608346631,0.0284610440037,0.206316370491,0.206483482687
0.7326,1,0.974382745488,0.149266875921,0.200931173161,0.201056537587,0.2,0.990614061224,0.0285729685822,0.206283601795,0.206450060248
0.7328,1,0.974412585077,0.14919794509,0.200906686777,0.201031464702,0.2,0.990619798056,0.0286841601722,0.206250961881,0.206416768557
0.733,1,0.974442410789,0.149128556505,0.200882315841,0.201006509117,0.2,0.990625556981,0.0287946218205,0.206218450357,0.206383607222
0.7332,1,0.974472222531,0.14905871278,0.200858059983,0.200981670462,0.2,0.990631337852,0.0289043565644,0.20618606683,0.206350575849
0.7334,1,0.974502020215,0.14898841652,0.200833918832,0.200956948366,0.2,0.990637140526,0.0290133674314,0.206153810907,0.206317674045
0.7336,1,0.974531803749,0.148917670319,0.200809892018,0.200932342459,0.2,0.990642964857,0.0291216574393,0.206121682196,0.206284901418
0.7338,1,0.974561573044,0.148846476764,0.200785979171,0.200907852371,0.2,0.990648810703,0.0292292295963,0.206089680304,0.206252257573
0.734,1,0.974591328012,0.148774838433,0.200762179921,0.200883477731,0.2,0.99065467792,0.0293360869009,0.206057804839,0.206219742119
0.7342,1,0.974621068563,0.148702757893,0.200738493897,0.200859218169,0.2,0.990660566367,0.029442232342,0.206026055408,0.206187354663
0.7344,1,0.974650794611,0.148630237705,0.200714920731,0.200835073314,0.2,0.990666475901,0.0295476688989,0.20599443162,0.206155094812
0.7346,1,0.974680506067,0.148557280418,0.200691460052,0.200811042798,0.2,0.990672406381,0.029652399541,0.205962933082,0.206122962174
0.7348,1,0.974710202845,0.148483888575,0.200668111491,0.200787126249,0.2,0.990678357666,0.0297564272284,0.205931559405,0.206090956356
0.735,1,0.974739884858,0.148410064708,0.20064487468,0.200763323297,0.2,0.990684329617,0.0298597549114,0.205900310195,0.206059076965
0.7352,1,0.97476955202,0.14833581134,0.200621749248,0.200739633574,0.2,0.990690322094,0.0299623855306,0.205869185062,0.206027323611
0.7354,1,0.974799204246,0.148261130988,0.200598734827,0.200716056708,0.2,0.990696334958,0.0300643220174,0.205838183616,0.205995695901
0.7356,1,0.974828841451,0.148186026156,0.200575831049,0.200692592332,0.2,0.990702368072,0.030165567293,0.205807305466,0.205964193444
0.7358,1,0.974858463551,0.148110499342,0.200553037546,0.200669240076,0.2,0.990708421297,0.0302661242696,0.205776550222,0.205932815849
0.736,1,0.974888070462,0.148034553033,0.200530353949,0.20064599957,0.2,0.990714494496,0.0303659958495,0.205745917494,0.205901562723
0.7362,1,0.9749176621,0.14795818971,0.200507779891,0.200622870446,0.2,0.990720587533,0.0304651849256,0.205715406893,0.205870433677
0.7364,1,0.974947238382,0.147881411843,0.200485315005,0.200599852335,0.2,0.990726700272,0.030563694381,0.205685018029,0.205839428321
0.7366,1,0.974976799226,0.147804221894,0.200462958923,0.200576944869,0.2,0.990732832577,0.0306615270896,0.205654750515,0.205808546262
0.7368,1,0.975006344551,0.147726622314,0.200440711278,0.20055414768,0.2,0.990738984314,0.0307586859156,0.20562460396,0.205777787113
0.737,1,0.975035874274,0.147648615549,0.200418571705,0.200531460399,0.2,0.990745155349,0.0308551737137,0.205594577979,0.205747150482
0.7372,1,0.975065388315,0.147570204033,0.200396539838,0.200508882661,0.2,0.990751345548,0.0309509933291,0.205564672182,0.205716635982
0.7374,1,0.975094886593,0.147491390192,0.20037461531,0.200486414096,0.2,0.990757554777,0.0310461475976,0.205534886183,0.205686243222
0.7376,1,0.975124369028,0.147412176445,0.200352797756,0.200464054339,0.2,0.990763782905,0.0311406393453,0.205505219595,0.205655971814
0.7378,1,0.975153835541,0.147332565199,0.200331086811,0.200441803022,0.2,0.990770029799,0.0312344713891,0.205475672031,0.20562582137
0.738,1,0.975183286053,0.147252558856,0.200309482112,0.20041965978,0.2,0.990776295329,0.0313276465363,0.205446243106,0.205595791502
0.7382,1,0.975212720485,0.147172159805,0.200287983293,0.200397624246,0.2,0.990782579362,0.0314201675849,0.205416932435,0.205565881823
0.7384,1,0.975242138759,0.147091370431,0.200266589991,0.200375696056,0.2,0.99078888177,0.0315120373232,0.205387739631,0.205536091945
0.7386,1,0.975271540798,0.147010193105,0.200245301843,0.200353874843,0.2,0.990795202421,0.0316032585305,0.205358664311,0.205506421483
0.7388,1,0.975300926524,0.146928630194,0.200224118487,0.200332160243,0.2,0.990801541188,0.0316938339763,0.205329706091,0.205476870048
0.739,1,0.975330295861,0.146846684054,0.200203039558,0.200310551892,0.2,0.990807897942,0.0317837664211,0.205300864588,0.205447437257
0.7392,1,0.975359648732,0.146764357032,0.200182064697,0.200289049425,0.2,0.990814272553,0.0318730586157,0.205272139417,0.205418122723
0.7394,1,0.975388985062,0.146681651467,0.200161193541,0.200267652479,0.2,0.990820664896,0.0319617133017,0.205243530197,0.205388926062
0.7396,1,0.975418304776,0.14659856969,0.20014042573,0.200246360692,0.2,0.990827074843,0.0320497332115,0.205215036546,0.205359846889
0.7398,1,0.975447607799,0.146515114022,0.200119760902,0.200225173699,0.2,0.990833502267,0.032137121068,0.205186658082,0.20533088482
0.74,1,0.975476894056,0.146431286777,0.200099198699,0.20020409114,0.2,0.990839947043,0.0322238795848,0.205158394424,0.205302039473
0.7402,1,0.975506163474,0.146347090258,0.20007873876,0.200183112652,0.2,0.990846409045,0.0323100114663,0.205130245192,0.205273310463
0.7404,1,0.97553541598,0.146262526761,0.200058380727,0.200162237873,0.2,0.990852888149,0.0323955194076,0.205102210007,0.205244697409
0.7406,1,0.975564651499,0.146177598574,0.200038124241,0.200141466444,0.2,0.99085938423,0.0324804060946,0.205074288488,0.205216199928
0.7408,1,0.975593869961,0.146092307975,0.200017968945,0.200120798003,0.2,0.990865897165,0.0325646742037,0.205046480258,0.20518781764
0.741,1,0.975623071292,0.146006657234,0.199997914481,0.200100232192,0.2,0.99087242683,0.0326483264025,0.205018784938,0.205159550164
0.7412,1,0.975652255422,0.145920648613,0.199977960493,0.20007976865,0.2,0.990878973103,0.032731365349,0.204991202151,0.205131397119
0.7414,1,0.975681422279,0.145834284364,0.199958106624,0.200059407018,0.2,0.990885535862,0.0328137936923,0.20496373152,0.205103358125
0.7416,1,0.975710571792,0.145747566732,0.199938352519,0.20003914694,0.2,0.990892114985,0.0328956140722,0.204936372669,0.205075432804
0.7418,1,0.975739703892,0.145660497953,0.199918697823,0.200018988055,0.2,0.990898710351,0.0329768291193,0.204909125222,0.205047620777
0.742,1,0.975768818508,0.145573080254,0.199899142181,0.199998930009,0.2,0.990905321839,0.0330574414551,0.204881988805,0.205019921666
0.7422,1,0.975797915571,0.145485315855,0.199879685239,0.199978972443,0.2,0.99091194933,0.0331374536921,0.204854963042,0.204992335094
0.7424,1,0.975826995013,0.145397206966,0.199860326645,0.199959115002,0.2,0.990918592703,0.0332168684336,0.204828047561,0.204964860684
0.7426,1,0.975856056764,0.145308755788,0.199841066045,0.199939357331,0.2,0.990925251841,0.0332956882737,0.204801241987,0.204937498059
0.7428,1,0.975885100757,0.145219964516,0.199821903089,0.199919699074,0.2,0.990931926624,0.0333739157976,0.20477454595,0.204910246845
0.743,1,0.975914126924,0.145130835335,0.199802837423,0.199900139877,0.2,0.990938616935,0.0334515535815,0.204747959077,0.204883106666
0.7432,1,0.975943135198,0.145041370421,0.199783868698,0.199880679386,0.2,0.990945322656,0.0335286041923,0.204721480997,0.204856077148
0.7434,1,0.975972125512,0.144951571944,0.199764996564,0.199861317249,0.2,0.99095204367,0.0336050701881,0.204695111339,0.204829157918
0.7436,1,0.976001097801,0.144861442063,0.199746220671,0.199842053112,0.2,0.990958779861,0.033680954118,0.204668849735,0.204802348602
0.7438,1,0.976030051997,0.14477098293,0.19972754067,0.199822886624,0.2,0.990965531112,0.0337562585221,0.204642695815,0.204775648829
0.744,1,0.976058988037,0.144680196689,0.199708956213,0.199803817433,0.2,0.99097229731,0.0338309859316,0.204616649211,0.204749058226
0.7442,1,0.976087905854,0.144589085475,0.199690466953,0.199784845189,0.2,0.990979078337,0.0339051388684,0.204590709554,0.204722576423
0.7444,1,0.976116805384,0.144497651415,0.199672072543,0.199765969542,0.2,0.990985874081,0.0339787198461,0.20456487648,0.204696203049
0.7446,1,0.976145686563,0.144405896627,0.199653772637,0.199747190142,0.2,0.990992684428,0.0340517313689,0.20453914962,0.204669937735
0.7448,1,0.976174549328,0.144313823222,0.199635566889,0.199728506641,0.2,0.990999509263,0.0341241759323,0.204513528611,0.204643780112
0.745,1,0.976203393615,0.144221433301,0.199617454955,0.199709918691,0.2,0.991006348474,0.034196056023,0.204488013087,0.204617729812
0.7452,1,0.97623221936,0.14412872896,0.19959943649,0.199691425944,0.2,0.991013201949,0.0342673741187,0.204462602683,0.204591786467
0.7454,1,0.976261026503,0.144035712284,0.199581511152,0.199673028053,0.2,0.991020069575,0.0343381326885,0.204437297038,0.20456594971
0.7456,1,0.97628981498,0.14394238535,0.199563678597,0.199654724673,0.2,0.991026951242,0.0344083341924,0.204412095789,0.204540219176
0.7458,1,0.97631858473,0.143848750228,0.199545938484,0.199636515458,0.2,0.991033846838,0.0344779810818,0.204386998573,0.204514594498
0.746,1,0.976347335692,0.143754808979,0.199528290472,0.199618400063,0.2,0.991040756253,0.0345470757994,0.204362005031,0.204489075313
0.7462,1,0.976376067804,0.143660563657,0.199510734219,0.199600378145,0.2,0.991047679378,0.0346156207791,0.204337114801,0.204463661257
0.7464,1,0.976404781008,0.143566016306,0.199493269387,0.19958244936,0.2,0.991054616101,0.034683618446,0.204312327524,0.204438351966
0.7466,1,0.976433475242,0.143471168963,0.199475895636,0.199564613365,0.2,0.991061566316,0.0347510712164,0.204287642842,0.204413147077
0.7468,1,0.976462150446,0.143376023658,0.199458612628,0.199546869819,0.2,0.991068529912,0.0348179814983,0.204263060397,0.20438804623
0.747,1,0.976490806563,0.143280582412,0.199441420025,0.199529218381,0.2,0.991075506782,0.0348843516907,0.204238579831,0.204363049064
0.7472,1,0.976519443532,0.143184847236,0.199424317491,0.19951165871,0.2,0.991082496819,0.034950184184,0.204214200789,0.204338155217
0.7474,1,0.976548061296,0.143088820137,0.19940730469,0.199494190466,0.2,0.991089499915,0.0350154813601,0.204189922914,0.204313364331
0.7476,1,0.976576659797,0.142992503111,0.199390381285,0.199476813311,0.2,0.991096515964,0.0350802455923,0.204165745853,0.204288676048
0.7478,1,0.976605238976,0.142895898148,0.199373546944,0.199459526906,0.2,0.99110354486,0.0351444792451,0.20414166925,0.204264090009
0.748,1,0.976633798778,0.142799007227,0.199356801331,0.199442330913,0.2,0.991110586497,0.0352081846747,0.204117692754,0.204239605857
0.7482,1,0.976662339144,0.142701832323,0.199340144114,0.199425224997,0.2,0.99111764077,0.0352713642286,0.204093816011,0.204215223237
0.7484,1,0.976690860019,0.1426043754,0.199323574961,0.19940820882,0.2,0.991124707574,0.0353340202459,0.204070038671,0.204190941792
0.7486,1,0.976719361347,0.142506638415,0.19930709354,0.199391282048,0.2,0.991131786805,0.0353961550571,0.204046360382,0.204166761167
0.7488,1,0.976747843072,0.142408623319,0.199290699521,0.199374444347,0.2,0.991138878359,0.0354577709843,0.204022780794,0.20414268101
0.749,1,0.976776305138,0.142310332053,0.199274392573,0.199357695382,0.2,0.991145982133,0.035518870341,0.203999299559,0.204118700967
0.7492,1,0.976804747492,0.14221176655,0.199258172368,0.19934103482,0.2,0.991153098024,0.0355794554325,0.203975916328,0.204094820685
0.7494,1,0.976833170077,0.142112928737,0.199242038577,0.19932446233,0.2,0.99116022593,0.0356395285555,0.203952630754,0.204071039814
0.7496,1,0.976861572841,0.142013820531,0.199225990872,0.199307977579,0.2,0.991167365749,0.0356990919985,0.20392944249,0.204047358002
0.7498,1,0.97688995573,0.141914443844,0.199210028928,0.199291580238,0.2,0.991174517378,0.0357581480412,0.20390635119,0.2040237749
0.75,1,0.97691831869,0.141814800577,0.199194152417,0.199275269976,0.2,0.991181680718,0.0358166989556,0.20388335651,0.204000290158
0.7502,1,0.976946661669,0.141714892626,0.199178361015,0.199259046464,0.2,0.991188855667,0.0358747470048,0.203860458105,0.203976903428
0.7504,1,0.976974984613,0.141614721878,0.199162654398,0.199242909374,0.2,0.991196042126,0.0359322944438,0.203837655632,0.203953614363
0.7506,1,0.977003287471,0.141514290212,0.199147032241,0.199226858379,0.2,0.991203239995,0.0359893435195,0.203814948749,0.203930422617
0.7508,1,0.977031570191,0.141413599501,0.199131494223,0.199210893151,0.2,0.991210449174,0.0360458964703,0.203792337114,0.203907327844
0.751,1,0.977059832721,0.141312651609,0.199116040021,0.199195013366,0.2,0.991217669565,0.0361019555263,0.203769820386,0.203884329698
0.7512,1,0.977088075011,0.141211448392,0.199100669313,0.199179218697,0.2,0.99122490107,0.0361575229097,0.203747398226,0.203861427835
0.7514,1,0.977116297009,0.141109991699,0.199085381781,0.19916350882,0.2,0.99123214359,0.0362126008342,0.203725070294,0.203838621913
0.7516,1,0.977144498666,0.141008283372,0.199070177104,0.199147883412,0.2,0.991239397028,0.0362671915055,0.203702836253,0.20381591159
0.7518,1,0.977172679931,0.140906325245,0.199055054964,0.199132342151,0.2,0.991246661288,0.0363212971211,0.203680695765,0.203793296522
0.752,1,0.977200840755,0.140804119144,0.199040015043,0.199116884713,0.2,0.991253936272,0.0363749198702,0.203658648493,0.203770776371
0.7522,1,0.977228981088,0.140701666888,0.199025057024,0.199101510779,0.2,0.991261221884,0.0364280619342,0.203636694103,0.203748350795
0.7524,1,0.977257100882,0.140598970289,0.19901018059,0.199086220028,0.2,0.991268518029,0.0364807254862,0.203614832259,0.203726019457
0.7526,1,0.977285200089,0.140496031149,0.198995385427,0.199071012141,0.2,0.991275824612,0.0365329126912,0.203593062627,0.203703782017
0.7528,1,0.977313278659,0.140392851267,0.19898067122,0.199055886798,0.2,0.991283141537,0.0365846257064,0.203571384875,0.203681638139
0.753,1,0.977341336545,0.14028943243,0.198966037655,0.199040843682,0.2,0.99129046871,0.0366358666807,0.20354979867,0.203659587486
0.7532,1,0.977369373701,0.14018577642,0.19895148442,0.199025882477,0.2,0.991297806038,0.0366866377552,0.203528303681,0.203637629723
0.7534,1,0.977397390078,0.140081885011,0.198937011202,0.199011002866,0.2,0.991305153426,0.0367369410628,0.203506899578,0.203615764515
0.7536,1,0.97742538563,0.139977759971,0.19892261769,0.198996204533,0.2,0.991312510782,0.0367867787287,0.203485586032,0.203593991527
0.7538,1,0.97745336031,0.139873403058,0.198908303574,0.198981487164,0.2,0.991319878012,0.03683615287,0.203464362713,0.203572310428
0.754,1,0.977481314073,0.139768816025,0.198894068545,0.198966850446,0.2,0.991327255026,0.036885065596,0.203443229295,0.203550720885
0.7542,1,0.977509246874,0.139664000617,0.198879912294,0.198952294066,0.2,0.991334641729,0.036933519008,0.203422185449,0.203529222567
0.7544,1,0.977537158665,0.139558958571,0.198865834512,0.198937817711,0.2,0.991342038032,0.0369815151995,0.203401230851,0.203507815144
0.7546,1,0.977565049404,0.139453691617,0.198851834894,0.198923421072,0.2,0.991349443844,0.0370290562561,0.203380365175,0.203486498285
0.7548,1,0.977592919044,0.139348201479,0.198837913133,0.198909103836,0.2,0.991356859072,0.0370761442556,0.203359588096,0.203465271663
0.755,1,0.977620767542,0.139242489872,0.198824068924,0.198894865696,0.2,0.991364283629,0.037122781268,0.203338899293,0.20344413495
0.7552,1,0.977648594854,0.139136558505,0.198810301962,0.198880706341,0.2,0.991371717423,0.0371689693556,0.203318298441,0.203423087818
0.7554,1,0.977676400935,0.139030409079,0.198796611945,0.198866625465,0.2,0.991379160365,0.0372147105728,0.20329778522,0.203402129943
0.7556,1,0.977704185744,0.138924043289,0.198782998568,0.198852622761,0.2,0.991386612366,0.0372600069665,0.20327735931,0.203381260998
0.7558,1,0.977731949237,0.138817462821,0.198769461532,0.198838697923,0.2,0.991394073338,0.0373048605755,0.203257020389,0.203360480661
0.756,1,0.977759691371,0.138710669356,0.198756000533,0.198824850645,0.2,0.991401543193,0.0373492734313,0.20323676814,0.203339788606
0.7562,1,0.977787412103,0.138603664567,0.198742615273,0.198811080622,0.2,0.991409021842,0.0373932475575,0.203216602244,0.203319184513
0.7564,1,0.977815111393,0.13849645012,0.198729305452,0.198797387552,0.2,0.991416509199,0.0374367849701,0.203196522385,0.203298668059
0.7566,1,0.977842789199,0.138389027672,0.198716070772,0.198783771132,0.2,0.991424005177,0.0374798876776,0.203176528245,0.203278238924
0.7568,1,0.977870445479,0.138281398877,0.198702910936,0.19877023106,0.2,0.991431509688,0.0375225576808,0.203156619511,0.203257896789
0.757,1,0.977898080192,0.138173565378,0.198689825645,0.198756767036,0.2,0.991439022648,0.0375647969729,0.203136795867,0.203237641333
0.7572,1,0.977925693298,0.138065528814,0.198676814606,0.198743378757,0.2,0.991446543969,0.0376066075395,0.203117056999,0.20321747224
0.7574,1,0.977953284756,0.137957290815,0.198663877522,0.198730065927,0.2,0.991454073568,0.0376479913588,0.203097402596,0.203197389192
0.7576,1,0.977980854526,0.137848853006,0.1986510141,0.198716828246,0.2,0.991461611358,0.0376889504014,0.203077832346,0.203177391873
0.7578,1,0.97800840257,0.137740217002,0.198638224047,0.198703665417,0.2,0.991469157255,0.0377294866305,0.203058345937,0.203157479967
0.758,1,0.978035928847,0.137631384415,0.19862550707,0.198690577143,0.2,0.991476711175,0.0377696020018,0.20303894306,0.203137653161
0.7582,1,0.978063433318,0.137522356847,0.198612862877,0.198677563128,0.2,0.991484273035,0.0378092984634,0.203019623406,0.203117911141
0.7584,1,0.978090915945,0.137413135894,0.198600291178,0.198664623078,0.2,0.991491842751,0.0378485779562,0.203000386667,0.203098253594
0.7586,1,0.97811837669,0.137303723147,0.198587791684,0.198651756698,0.2,0.991499420239,0.0378874424136,0.202981232535,0.203078680209
0.7588,1,0.978145815514,0.137194120187,0.198575364105,0.198638963695,0.2,0.991507005418,0.0379258937616,0.202962160703,0.203059190674
0.759,1,0.97817323238,0.13708432859,0.198563008153,0.198626243777,0.2,0.991514598205,0.0379639339189,0.202943170868,0.20303978468
0.7592,1,0.97820062725,0.136974349926,0.198550723541,0.198613596652,0.2,0.991522198518,0.0380015647969,0.202924262724,0.203020461917
0.7594,1,0.978228000087,0.136864185757,0.198538509983,0.19860102203,0.2,0.991529806275,0.0380387882996,0.202905435966,0.203001222079
0.7596,1,0.978255350854,0.136753837638,0.198526367193,0.198588519621,0.2,0.991537421397,0.0380756063238,0.202886690294,0.202982064856
0.7598,1,0.978282679516,0.136643307118,0.198514294887,0.198576089135,0.2,0.991545043801,0.0381120207589,0.202868025404,0.202962989944
0.76,1,0.978309986035,0.136532595739,0.198502292781,0.198563730285,0.2,0.991552673408,0.0381480334871,0.202849440997,0.202943997036
0.7602,1,0.978337270376,0.136421705037,0.198490360592,0.198551442784,0.2,0.991560310137,0.0381836463836,0.202830936771,0.202925085828
0.7604,1,0.978364532503,0.136310636541,0.198478498038,0.198539226346,0.2,0.991567953909,0.0382188613161,0.202812512427,0.202906256017
0.7606,1,0.978391772381,0.136199391773,0.198466704838,0.198527080684,0.2,0.991575604645,0.0382536801453,0.202794167668,0.202887507299
0.7608,1,0.978418989976,0.136087972248,0.198454980711,0.198515005515,0.2,0.991583262266,0.0382881047246,0.202775902196,0.202868839373
0.761,1,0.978446185252,0.135976379476,0.198443325379,0.198503000554,0.2,0.991590926693,0.0383221369005,0.202757715714,0.202850251937
0.7612,1,0.978473358175,0.135864614959,0.198431738563,0.198491065519,0.2,0.991598597849,0.0383557785123,0.202739607927,0.202831744693
0.7614,1,0.978500508711,0.135752680192,0.198420219985,0.198479200128,0.2,0.991606275655,0.0383890313919,0.202721578541,0.20281331734
0.7616,1,0.978527636826,0.135640576666,0.198408769368,0.198467404099,0.2,0.991613960035,0.0384218973647,0.202703627261,0.20279496958
0.7618,1,0.978554742487,0.135528305863,0.198397386436,0.198455677153,0.2,0.991621650911,0.0384543782486,0.202685753794,0.202776701116
0.762,1,0.978581825661,0.13541586926,0.198386070914,0.19844401901,0.2,0.991629348206,0.0384864758547,0.202667957849,0.202758511652
0.7622,1,0.978608886315,0.135303268326,0.198374822529,0.198432429391,0.2,0.991637051844,0.038518191987,0.202650239135,0.202740400891
0.7624,1,0.978635924416,0.135190504526,0.198363641006,0.198420908018,0.2,0.99164476175,0.0385495284426,0.20263259736,0.20272236854
0.7626,1,0.978662939932,0.135077579315,0.198352526073,0.198409454616,0.2,0.991652477847,0.0385804870116,0.202615032237,0.202704414304
0.7628,1,0.97868993283,0.134964494146,0.198341477459,0.198398068907,0.2,0.991660200061,0.0386110694772,0.202597543476,0.202686537891
0.763,1,0.978716903081,0.134851250462,0.198330494892,0.198386750617,0.2,0.991667928317,0.0386412776157,0.20258013079,0.202668739008
0.7632,1,0.978743850651,0.134737849701,0.198319578103,0.198375499472,0.2,0.991675662539,0.0386711131964,0.202562793892,0.202651017364
0.7634,1,0.978770775509,0.134624293295,0.198308726822,0.198364315198,0.2,0.991683402655,0.0387005779819,0.202545532497,0.20263337267
0.7636,1,0.978797677626,0.134510582669,0.198297940782,0.198353197523,0.2,0.99169114859,0.0387296737278,0.202528346319,0.202615804635
0.7638,1,0.97882455697,0.134396719243,0.198287219715,0.198342146175,0.2,0.99169890027,0.038758402183,0.202511235075,0.202598312972
0.764,1,0.97885141351,0.134282704429,0.198276563354,0.198331160883,0.2,0.991706657623,0.0387867650895,0.202494198482,0.202580897393
0.7642,1,0.978878247218,0.134168539634,0.198265971435,0.198320241377,0.2,0.991714420576,0.0388147641827,0.202477236257,0.20256355761
0.7644,1,0.978905058064,0.134054226258,0.198255443691,0.198309387389,0.2,0.991722189056,0.038842401191,0.20246034812,0.20254629334
0.7646,1,0.978931846017,0.133939765695,0.19824497986,0.198298598649,0.2,0.991729962992,0.0388696778362,0.202443533789,0.202529104296
0.7648,1,0.978958611049,0.133825159334,0.198234579677,0.198287874891,0.2,0.991737742311,0.0388965958334,0.202426792985,0.202511990194
0.765,1,0.97898535313,0.133710408555,0.198224242882,0.198277215848,0.2,0.991745526942,0.0389231568909,0.202410125429,0.202494950752
0.7652,1,0.979012072233,0.133595514735,0.198213969212,0.198266621255,0.2,0.991753316815,0.0389493627105,0.202393530844,0.202477985688
0.7654,1,0.979038768329,0.133480479243,0.198203758407,0.198256090846,0.2,0.991761111858,0.0389752149873,0.202377008953,0.202461094719
0.7656,1,0.97906544139,0.133365303443,0.198193610207,0.198245624358,0.2,0.991768912001,0.0390007154096,0.20236055948,0.202444277566
0.7658,1,0.979092091388,0.133249988691,0.198183524353,0.198235221528,0.2,0.991776717174,0.0390258656593,0.202344182149,0.202427533949
0.766,1,0.979118718295,0.13313453634,0.198173500588,0.198224882093,0.2,0.991784527307,0.0390506674117,0.202327876687,0.202410863589
0.7662,1,0.979145322084,0.133018947734,0.198163538655,0.198214605792,0.2,0.991792342332,0.0390751223354,0.20231164282,0.202394266208
0.7664,1,0.979171902729,0.132903224213,0.198153638296,0.198204392365,0.2,0.991800162178,0.0390992320926,0.202295480275,0.202377741531
0.7666,1,0.979198460203,0.132787367109,0.198143799257,0.198194241551,0.2,0.991807986778,0.039122998339,0.202279388781,0.202361289279
0.7668,1,0.979224994478,0.132671377751,0.198134021282,0.198184153092,0.2,0.991815816063,0.0391464227236,0.202263368067,0.20234490918
0.767,1,0.97925150553,0.132555257459,0.198124304119,0.19817412673,0.2,0.991823649964,0.0391695068891,0.202247417863,0.202328600957
0.7672,1,0.979277993331,0.132439007548,0.198114647515,0.198164162208,0.2,0.991831488414,0.0391922524717,0.202231537901,0.202312364338
0.7674,1,0.979304457857,0.132322629329,0.198105051216,0.198154259269,0.2,0.991839331347,0.0392146611012,0.202215727911,0.202296199051
0.7676,1,0.979330899082,0.132206124105,0.198095514972,0.198144417659,0.2,0.991847178694,0.039236734401,0.202199987628,0.202280104823
0.7678,1,0.979357316981,0.132089493173,0.198086038533,0.198134637121,0.2,0.991855030388,0.0392584739881,0.202184316784,0.202264081384
0.768,1,0.979383711528,0.131972737825,0.198076621649,0.198124917404,0.2,0.991862886365,0.039279881473,0.202168715113,0.202248128464
0.7682,1,0.9794100827,0.131855859347,0.198067264071,0.198115258253,0.2,0.991870746556,0.03930095846,0.202153182352,0.202232245794
0.7684,1,0.979436430472,0.13173885902,0.198057965551,0.198105659416,0.2,0.991878610898,0.039321706547,0.202137718236,0.202216433105
0.7686,1,0.979462754819,0.131621738118,0.198048725843,0.198096120643,0.2,0.991886479323,0.0393421273257,0.202122322503,0.202200690132
0.7688,1,0.979489055719,0.131504497908,0.1980395447,0.198086641683,0.2,0.991894351768,0.0393622223814,0.20210699489,0.202185016606
0.769,1,0.979515333147,0.131387139655,0.198030421876,0.198077222287,0.2,0.991902228166,0.0393819932932,0.202091735136,0.202169412263
0.7692,1,0.97954158708,0.131269664616,0.198021357127,0.198067862204,0.2,0.991910108455,0.039401441634,0.202076542981,0.202153876837
0.7694,1,0.979567817495,0.131152074041,0.19801235021,0.198058561189,0.2,0.991917992568,0.0394205689703,0.202061418165,0.202138410066
0.7696,1,0.979594024368,0.131034369176,0.198003400881,0.198049318993,0.2,0.991925880444,0.0394393768627,0.202046360429,0.202123011686
0.7698,1,0.979620207679,0.130916551262,0.197994508899,0.198040135371,0.2,0.991933772017,0.0394578668652,0.202031369517,0.202107681434
0.77,1,0.979646367403,0.130798621533,0.197985674021,0.198031010076,0.2,0.991941667225,0.0394760405261,0.20201644517,0.202092419051
0.7702,1,0.979672503519,0.130680581217,0.197976896008,0.198021942865,0.2,0.991949566005,0.0394938993873,0.202001587134,0.202077224275
0.7704,1,0.979698616006,0.130562431538,0.19796817462,0.198012933494,0.2,0.991957468294,0.0395114449846,0.201986795151,0.202062096847
0.7706,1,0.97972470484,0.130444173714,0.197959509618,0.198003981719,0.2,0.99196537403,0.0395286788478,0.201972068969,0.202047036508
0.7708,1,0.979750770002,0.130325808956,0.197950900764,0.197995087299,0.2,0.99197328315,0.0395456025005,0.201957408334,0.202032043
0.771,1,0.97977681147,0.13020733847,0.197942347822,0.197986249992,0.2,0.991981195594,0.0395622174603,0.201942812992,0.202017116067
0.7712,1,0.979802829222,0.130088763458,0.197933850554,0.197977469558,0.2,0.991989111299,0.0395785252389,0.201928282692,0.202002255452
0.7714,1,0.97982882324,0.129970085115,0.197925408724,0.197968745757,0.2,0.991997030204,0.0395945273417,0.201913817184,0.2019874609
0.7716,1,0.9798547935,0.129851304631,0.1979170221,0.197960078351,0.2,0.992004952249,0.0396102252684,0.201899416216,0.201972732157
0.7718,1,0.979880739985,0.12973242319,0.197908690445,0.1979514671,0.2,0.992012877373,0.0396256205127,0.20188507954,0.201958068969
0.772,1,0.979906662673,0.129613441972,0.197900413528,0.197942911769,0.2,0.992020805516,0.039640714562,0.201870806907,0.201943471083
0.7722,1,0.979932561546,0.129494362149,0.197892191116,0.197934412121,0.2,0.992028736618,0.0396555088982,0.201856598069,0.201928938248
0.7724,1,0.979958436583,0.12937518489,0.197884022978,0.19792596792,0.2,0.992036670619,0.0396700049971,0.20184245278,0.201914470212
0.7726,1,0.979984287765,0.129255911358,0.197875908882,0.197917578932,0.2,0.99204460746,0.0396842043286,0.201828370793,0.201900066726
0.7728,1,0.980010115074,0.129136542709,0.197867848599,0.197909244922,0.2,0.992052547082,0.0396981083568,0.201814351864,0.201885727539
0.773,1,0.98003591849,0.129017080097,0.1978598419,0.197900965657,0.2,0.992060489425,0.0397117185399,0.201800395748,0.201871452404
0.7732,1,0.980061697995,0.128897524667,0.197851888556,0.197892740906,0.2,0.992068434433,0.0397250363302,0.201786502201,0.201857241073
0.7734,1,0.98008745357,0.128777877561,0.19784398834,0.197884570436,0.2,0.992076382045,0.0397380631744,0.201772670981,0.201843093299
0.7736,1,0.980113185198,0.128658139915,0.197836141026,0.197876454017,0.2,0.992084332205,0.0397508005132,0.201758901847,0.201829008835
0.7738,1,0.980138892861,0.128538312859,0.197828346387,0.197868391419,0.2,0.992092284855,0.0397632497816,0.201745194556,0.201814987437
0.774,1,0.98016457654,0.12841839752,0.197820604198,0.197860382412,0.2,0.992100239938,0.039775412409,0.201731548869,0.201801028861
0.7742,1,0.980190236219,0.128298395017,0.197812914236,0.19785242677,0.2,0.992108197396,0.0397872898188,0.201717964546,0.201787132863
0.7744,1,0.980215871881,0.128178306465,0.197805276275,0.197844524263,0.2,0.992116157173,0.0397988834289,0.201704441349,0.201773299199
0.7746,1,0.980241483507,0.128058132974,0.197797690094,0.197836674665,0.2,0.992124119211,0.0398101946514,0.201690979041,0.201759527629
0.7748,1,0.980267071082,0.127937875649,0.197790155471,0.197828877751,0.2,0.992132083456,0.0398212248929,0.201677577383,0.201745817912
0.775,1,0.980292634589,0.12781753559,0.197782672185,0.197821133295,0.2,0.992140049852,0.039831975554,0.20166423614,0.201732169806
0.7752,1,0.980318174012,0.12769711389,0.197775240014,0.197813441073,0.2,0.992148018341,0.0398424480302,0.201650955077,0.201718583073
0.7754,1,0.980343689334,0.127576611639,0.19776785874,0.197805800861,0.2,0.99215598887,0.0398526437108,0.201637733959,0.201705057474
0.7756,1,0.98036918054,0.127456029921,0.197760528144,0.197798212437,0.2,0.992163961383,0.03986256398,0.201624572552,0.201691592771
0.7758,1,0.980394647614,0.127335369814,0.197753248007,0.197790675578,0.2,0.992171935825,0.0398722102162,0.201611470624,0.201678188727
0.776,1,0.980420090541,0.127214632394,0.197746018113,0.197783190064,0.2,0.992179912141,0.0398815837922,0.201598427943,0.201664845107
0.7762,1,0.980445509305,0.127093818728,0.197738838244,0.197775755674,0.2,0.992187890279,0.0398906860754,0.201585444276,0.201651561674
0.7764,1,0.980470903891,0.12697292988,0.197731708186,0.197768372188,0.2,0.992195870182,0.0398995184276,0.201572519394,0.201638338194
0.7766,1,0.980496274284,0.12685196691,0.197724627722,0.197761039387,0.2,0.992203851799,0.0399080822052,0.201559653067,0.201625174434
0.7768,1,0.98052162047,0.126730930871,0.197717596639,0.197753757054,0.2,0.992211835075,0.0399163787591,0.201546845066,0.201612070161
0.777,1,0.980546942435,0.126609822812,0.197710614724,0.197746524971,0.2,0.992219819956,0.0399244094347,0.201534095163,0.201599025142
0.7772,1,0.980572240163,0.126488643777,0.197703681764,0.197739342922,0.2,0.992227806392,0.039932175572,0.20152140313,0.201586039146
0.7774,1,0.980597513642,0.126367394804,0.197696797546,0.19773221069,0.2,0.992235794327,0.0399396785055,0.201508768741,0.201573111943
0.7776,1,0.980622762858,0.126246076929,0.19768996186,0.197725128061,0.2,0.992243783711,0.0399469195644,0.201496191771,0.201560243302
0.7778,1,0.980647987796,0.126124691179,0.197683174496,0.197718094821,0.2,0.992251774491,0.0399539000726,0.201483671994,0.201547432996
0.778,1,0.980673188444,0.126003238579,0.197676435243,0.197711110756,0.2,0.992259766615,0.0399606213485,0.201471209186,0.201534680796
0.7782,1,0.980698364788,0.125881720149,0.197669743893,0.197704175654,0.2,0.992267760032,0.0399670847051,0.201458803123,0.201521986474
0.7784,1,0.980723516815,0.125760136903,0.197663100238,0.197697289301,0.2,0.992275754691,0.0399732914504,0.201446453584,0.201509349804
0.7786,1,0.980748644513,0.125638489851,0.19765650407,0.197690451489,0.2,0.992283750539,0.0399792428867,0.201434160346,0.20149677056
0.7788,1,0.980773747869,0.125516779997,0.197649955183,0.197683662005,0.2,0.992291747527,0.0399849403113,0.201421923189,0.201484248517
0.779,1,0.980798826871,0.125395008342,0.19764345337,0.19767692064,0.2,0.992299745604,0.0399903850162,0.201409741891,0.201471783451
0.7792,1,0.980823881506,0.125273175881,0.197636998427,0.197670227186,0.2,0.99230774472,0.0399955782879,0.201397616233,0.201459375139
0.7794,1,0.980848911763,0.125151283604,0.19763059015,0.197663581435,0.2,0.992315744824,0.0400005214081,0.201385545998,0.201447023358
0.7796,1,0.980873917629,0.125029332497,0.197624228334,0.197656983178,0.2,0.992323745867,0.040005215653,0.201373530966,0.201434727886
0.7798,1,0.980898899094,0.124907323542,0.197617912777,0.197650432209,0.2,0.9923317478,0.0400096622936,0.20136157092,0.201422488502
0.78,1,0.980923856145,0.124785257714,0.197611643277,0.197643928323,0.2,0.992339750572,0.040013862596,0.201349665645,0.201410304986
0.7802,1,0.980948788773,0.124663135986,0.197605419632,0.197637471314,0.2,0.992347754136,0.0400178178208,0.201337814924,0.201398177118
0.7804,1,0.980973696965,0.124540959324,0.197599241641,0.197631060977,0.2,0.992355758442,0.0400215292237,0.201326018543,0.201386104679
0.7806,1,0.98099858071,0.12441872869,0.197593109105,0.19762469711,0.2,0.992363763441,0.0400249980552,0.201314276286,0.201374087452
0.7808,1,0.981023439999,0.124296445043,0.197587021824,0.197618379509,0.2,0.992371769087,0.0400282255607,0.201302587942,0.201362125219
0.781,1,0.981048274821,0.124174109336,0.1975809796,0.197612107972,0.2,0.992379775329,0.0400312129806,0.201290953297,0.201350217763
0.7812,1,0.981073085166,0.124051722516,0.197574982236,0.197605882298,0.2,0.992387782121,0.0400339615502,0.201279372139,0.20133836487
0.7814,1,0.981097871023,0.123929285528,0.197569029533,0.197599702285,0.2,0.992395789416,0.0400364724998,0.201267844258,0.201326566324
0.7816,1,0.981122632383,0.123806799312,0.197563121295,0.197593567735,0.2,0.992403797165,0.0400387470545,0.201256369442,0.201314821911
0.7818,1,0.981147369236,0.123684264801,0.197557257328,0.197587478447,0.2,0.992411805323,0.0400407864346,0.201244947483,0.201303131417
0.782,1,0.981172081572,0.123561682927,0.197551437436,0.197581434223,0.2,0.992419813841,0.0400425918553,0.20123357817,0.20129149463
0.7822,1,0.981196769383,0.123439054614,0.197545661425,0.197575434866,0.2,0.992427822674,0.040044164527,0.201222261297,0.201279911338
0.7824,1,0.981221432659,0.123316380785,0.197539929102,0.197569480178,0.2,0.992435831775,0.0400455056549,0.201210996656,0.20126838133
0.7826,1,0.981246071392,0.123193662356,0.197534240273,0.197563569963,0.2,0.992443841098,0.0400466164394,0.20119978404,0.201256904395
0.7828,1,0.981270685572,0.123070900239,0.197528594748,0.197557704025,0.2,0.992451850598,0.040047498076,0.201188623242,0.201245480324
0.783,1,0.981295275191,0.122948095342,0.197522992333,0.197551882169,0.2,0.992459860228,0.0400481517553,0.201177514059,0.201234108908
0.7832,1,0.981319840241,0.122825248569,0.19751743284,0.197546104202,0.2,0.992467869944,0.040048578663,0.201166456285,0.201222789938
0.7834,1,0.981344380713,0.122702360818,0.197511916078,0.19754036993,0.2,0.9924758797,0.04004877998,0.201155449717,0.201211523207
0.7836,1,0.981368896599,0.122579432985,0.197506441857,0.197534679159,0.2,0.992483889451,0.0400487568822,0.201144494151,0.201200308509
0.7838,1,0.981393387893,0.122456465959,0.19750100999,0.197529031699,0.2,0.992491899154,0.0400485105408,0.201133589385,0.201189145637
0.784,1,0.981417854585,0.122333460627,0.197495620288,0.197523427357,0.2,0.992499908762,0.0400480421222,0.201122735219,0.201178034387
0.7842,1,0.981442296668,0.122210417869,0.197490272564,0.197517865943,0.2,0.992507918232,0.040047352788,0.20111193145,0.201166974553
0.7844,1,0.981466714136,0.122087338564,0.197484966633,0.197512347267,0.2,0.992515927521,0.040046443695,0.201101177879,0.201155965933
0.7846,1,0.981491106981,0.121964223583,0.197479702308,0.19750687114,0.2,0.992523936584,0.0400453159952,0.201090474307,0.201145008322
0.7848,1,0.981515475195,0.121841073797,0.197474479404,0.197501437374,0.2,0.992531945379,0.040043970836,0.201079820534,0.201134101519
0.785,1,0.981539818773,0.121717890068,0.197469297737,0.19749604578,0.2,0.99253995386,0.0400424093599,0.201069216363,0.201123245322
0.7852,1,0.981564137708,0.121594673258,0.197464157123,0.197490696171,0.2,0.992547961987,0.0400406327049,0.201058661597,0.20111243953
0.7854,1,0.981588431993,0.121471424221,0.197459057379,0.197485388361,0.2,0.992555969715,0.0400386420042,0.201048156039,0.201101683944
0.7856,1,0.981612701622,0.12134814381,0.197453998324,0.197480122165,0.2,0.992563977003,0.0400364383862,0.201037699493,0.201090978363
0.7858,1,0.981636946588,0.121224832871,0.197448979775,0.197474897397,0.2,0.992571983808,0.040034022975,0.201027291763,0.201080322589
0.786,1,0.981661166887,0.121101492249,0.197444001551,0.197469713872,0.2,0.992579990087,0.0400313968896,0.201016932657,0.201069716424
0.7862,1,0.981685362511,0.120978122782,0.197439063473,0.197464571408,0.2,0.992587995799,0.0400285612449,0.201006621979,0.20105915967
0.7864,1,0.981709533456,0.120854725304,0.197434165361,0.197459469821,0.2,0.992596000903,0.0400255171508,0.200996359537,0.201048652132
0.7866,1,0.981733679716,0.120731300648,0.197429307036,0.197454408929,0.2,0.992604005356,0.0400222657128,0.200986145139,0.201038193613
0.7868,1,0.981757801286,0.120607849639,0.197424488319,0.19744938855,0.2,0.992612009117,0.0400188080317,0.200975978592,0.201027783918
0.787,1,0.981781898161,0.120484373099,0.197419709033,0.197444408504,0.2,0.992620012147,0.040015145204,0.200965859706,0.201017422853
0.7872,1,0.981805970335,0.120360871847,0.197414969002,0.19743946861,0.2,0.992628014402,0.0400112783213,0.200955788292,0.201007110224
0.7874,1,0.981830017805,0.120237346698,0.197410268048,0.197434568688,0.2,0.992636015844,0.0400072084711,0.200945764158,0.200996845837
0.7876,1,0.981854040564,0.120113798461,0.197405605997,0.19742970856,0.2,0.992644016431,0.040002936736,0.200935787116,0.200986629501
0.7878,1,0.98187803861,0.119990227943,0.197400982674,0.197424888048,0.2,0.992652016124,0.0399984641944,0.200925856979,0.200976461024
0.788,1,0.981902011937,0.119866635946,0.197396397904,0.197420106973,0.2,0.992660014882,0.0399937919202,0.200915973558,0.200966340215
0.7882,1,0.981925960542,0.119743023267,0.197391851515,0.197415365159,0.2,0.992668012667,0.0399889209828,0.200906136668,0.200956266884
0.7884,1,0.98194988442,0.119619390702,0.197387343331,0.19741066243,0.2,0.992676009437,0.039983852447,0.20089634612,0.200946240841
0.7886,1,0.981973783568,0.11949573904,0.197382873183,0.197405998611,0.2,0.992684005155,0.0399785873734,0.200886601732,0.200936261897
0.7888,1,0.981997657982,0.119372069067,0.197378440898,0.197401373525,0.2,0.99269199978,0.0399731268183,0.200876903316,0.200926329864
0.789,1,0.982021507658,0.119248381565,0.197374046305,0.197396787,0.2,0.992699993274,0.0399674718333,0.20086725069,0.200916444554
0.7892,1,0.982045332593,0.119124677314,0.197369689234,0.197392238861,0.2,0.992707985599,0.0399616234658,0.20085764367,0.200906605781
0.7894,1,0.982069132785,0.119000957086,0.197365369515,0.197387728935,0.2,0.992715976716,0.0399555827589,0.200848082073,0.200896813359
0.7896,1,0.982092908229,0.118877221653,0.197361086979,0.197383257051,0.2,0.992723966586,0.0399493507513,0.200838565717,0.200887067102
0.7898,1,0.982116658923,0.11875347178,0.197356841458,0.197378823037,0.2,0.992731955171,0.0399429284773,0.200829094421,0.200877366825
0.79,1,0.982140384865,0.118629708232,0.197352632784,0.197374426721,0.2,0.992739942435,0.0399363169671,0.200819668004,0.200867712344
0.7902,1,0.982164086051,0.118505931765,0.19734846079,0.197370067933,0.2,0.992747928338,0.0399295172465,0.200810286285,0.200858103476
0.7904,1,0.98218776248,0.118382143136,0.197344325309,0.197365746505,0.2,0.992755912844,0.0399225303369,0.200800949086,0.200848540038
0.7906,1,0.982211414149,0.118258343096,0.197340226177,0.197361462266,0.2,0.992763895916,0.0399153572556,0.200791656228,0.200839021848
0.7908,1,0.982235041055,0.118134532391,0.197336163227,0.197357215048,0.2,0.992771877516,0.0399079990157,0.200782407532,0.200829548724
0.791,1,0.982258643198,0.118010711765,0.197332136294,0.197353004684,0.2,0.992779857607,0.039900456626,0.200773202821,0.200820120485
0.7912,1,0.982282220574,0.117886881958,0.197328145216,0.197348831006,0.2,0.992787836153,0.0398927310911,0.200764041918,0.200810736952
0.7914,1,0.982305773183,0.117763043706,0.197324189829,0.197344693848,0.2,0.992795813118,0.0398848234114,0.200754924647,0.200801397945
0.7916,1,0.982329301022,0.117639197741,0.19732026997,0.197340593044,0.2,0.992803788465,0.039876734583,0.200745850833,0.200792103286
0.7918,1,0.982352804091,0.117515344791,0.197316385477,0.197336528429,0.2,0.992811762158,0.0398684655982,0.2007368203,0.200782852795
0.792,1,0.982376282388,0.117391485581,0.197312536188,0.197332499839,0.2,0.992819734161,0.0398600174448,0.200727832875,0.200773646296
0.7922,1,0.982399735912,0.117267620831,0.197308721944,0.197328507109,0.2,0.99282770444,0.0398513911065,0.200718888383,0.200764483612
0.7924,1,0.982423164663,0.11714375126,0.197304942583,0.197324550076,0.2,0.992835672957,0.0398425875632,0.200709986653,0.200755364566
0.7926,1,0.982446568638,0.117019877581,0.197301197946,0.197320628577,0.2,0.992843639679,0.0398336077903,0.200701127511,0.200746288984
0.7928,1,0.982469947838,0.116896000504,0.197297487874,0.197316742451,0.2,0.992851604569,0.0398244527594,0.200692310785,0.200737256689
0.793,1,0.982493302262,0.116772120734,0.197293812208,0.197312891535,0.2,0.992859567594,0.0398151234379,0.200683536306,0.200728267508
0.7932,1,0.98251663191,0.116648238975,0.197290170792,0.19730907567,0.2,0.992867528718,0.0398056207892,0.200674803902,0.200719321268
0.7934,1,0.982539936781,0.116524355926,0.197286563467,0.197305294694,0.2,0.992875487907,0.0397959457726,0.200666113403,0.200710417795
0.7936,1,0.982563216876,0.116400472281,0.197282990078,0.197301548449,0.2,0.992883445127,0.0397860993435,0.200657464642,0.200701556916
0.7938,1,0.982586472194,0.116276588733,0.197279450468,0.197297836775,0.2,0.992891400344,0.0397760824531,0.200648857448,0.200692738461
0.794,1,0.982609702735,0.11615270597,0.197275944483,0.197294159514,0.2,0.992899353523,0.0397658960488,0.200640291654,0.200683962259
0.7942,1,0.9826329085,0.116028824677,0.197272471966,0.197290516507,0.2,0.992907304631,0.039755541074,0.200631767093,0.200675228138
0.7944,1,0.982656089489,0.115904945534,0.197269032765,0.197286907599,0.2,0.992915253635,0.0397450184679,0.200623283598,0.200666535929
0.7946,1,0.982679245703,0.115781069219,0.197265626725,0.197283332632,0.2,0.992923200501,0.039734329166,0.200614841003,0.200657885462
0.7948,1,0.982702377142,0.115657196407,0.197262253694,0.197279791451,0.2,0.992931145195,0.0397234741,0.200606439142,0.20064927657
0.795,1,0.982725483808,0.115533327767,0.197258913519,0.197276283899,0.2,0.992939087686,0.0397124541972,0.200598077852,0.200640709085
0.7952,1,0.9827485657,0.115409463967,0.197255606049,0.197272809823,0.2,0.99294702794,0.0397012703814,0.200589756967,0.200632182838
0.7954,1,0.982771622821,0.11528560567,0.197252331132,0.197269369068,0.2,0.992954965925,0.0396899235725,0.200581476324,0.200623697664
0.7956,1,0.982794655172,0.115161753536,0.197249088618,0.197265961481,0.2,0.992962901608,0.0396784146863,0.20057323576,0.200615253396
0.7958,1,0.982817662754,0.115037908222,0.197245878357,0.197262586909,0.2,0.992970834957,0.0396667446348,0.200565035113,0.200606849869
0.796,1,0.982840645568,0.114914070381,0.197242700199,0.197259245198,0.2,0.99297876594,0.0396549143264,0.200556874221,0.200598486918
0.7962,1,0.982863603616,0.114790240663,0.197239553996,0.197255936198,0.2,0.992986694525,0.0396429246654,0.200548752923,0.200590164378
0.7964,1,0.9828865369,0.114666419713,0.197236439599,0.197252659758,0.2,0.99299462068,0.0396307765523,0.200540671057,0.200581882087
0.7966,1,0.982909445422,0.114542608176,0.19723335686,0.197249415726,0.2,0.993002544374,0.039618470884,0.200532628465,0.200573639881
0.7968,1,0.982932329183,0.11441880669,0.197230305633,0.197246203953,0.2,0.993010465576,0.0396060085534,0.200524624987,0.200565437598
0.797,1,0.982955188186,0.114295015892,0.197227285771,0.197243024289,0.2,0.993018384254,0.0395933904498,0.200516660464,0.200557275076
0.7972,1,0.982978022433,0.114171236414,0.197224297128,0.197239876585,0.2,0.993026300377,0.0395806174586,0.200508734738,0.200549152153
0.7974,1,0.983000831927,0.114047468886,0.197221339559,0.197236760694,0.2,0.993034213915,0.0395676904616,0.20050084765,0.20054106867
0.7976,1,0.98302361667,0.113923713934,0.197218412918,0.197233676467,0.2,0.993042124838,0.0395546103366,0.200492999046,0.200533024466
0.7978,1,0.983046376664,0.113799972181,0.197215517061,0.197230623757,0.2,0.993050033113,0.0395413779581,0.200485188767,0.200525019382
0.798,1,0.983069111913,0.113676244246,0.197212651846,0.197227602418,0.2,0.993057938712,0.0395279941965,0.200477416658,0.200517053259
0.7982,1,0.983091822419,0.113552530746,0.197209817128,0.197224612303,0.2,0.993065841604,0.0395144599187,0.200469682563,0.200509125939
0.7984,1,0.983114508186,0.113428832293,0.197207012765,0.197221653268,0.2,0.993073741759,0.039500775988,0.200461986329,0.200501237264
0.7986,1,0.983137169216,0.113305149496,0.197204238614,0.197218725168,0.2,0.993081639148,0.039486943264,0.200454327801,0.200493387077
0.7988,1,0.983159805512,0.113181482964,0.197201494536,0.197215827857,0.2,0.99308953374,0.0394729626025,0.200446706825,0.200485575222
0.799,1,0.983182417079,0.113057833298,0.197198780388,0.197212961193,0.2,0.993097425507,0.0394588348557,0.200439123249,0.200477801542
0.7992,1,0.983205003919,0.112934201099,0.19719609603,0.197210125032,0.2,0.993105314419,0.0394445608725,0.20043157692,0.200470065884
0.7994,1,0.983227566037,0.112810586963,0.197193441323,0.197207319231,0.2,0.993113200448,0.0394301414978,0.200424067686,0.200462368091
0.7996,1,0.983250103435,0.112686991483,0.197190816126,0.19720454365,0.2,0.993121083563,0.0394155775731,0.200416595396,0.20045470801
0.7998,1,0.983272616118,0.112563415251,0.197188220303,0.197201798145,0.2,0.993128963737,0.0394008699363,0.2004091599,0.200447085487
0.8,1,0.98329510409,0.112439858854,0.197185653713,0.197199082577,0.2,0.993136840941,0.0393860194217,0.200401761047,0.20043950037
0.8002,1,0.983317567354,0.112316322875,0.19718311622,0.197196396804,0.2,0.993144715147,0.0393710268602,0.200394398688,0.200431952505
0.8004,1,0.983340005916,0.112192807895,0.197180607686,0.197193740687,0.2,0.993152586325,0.0393558930789,0.200387072674,0.200424441742
0.8006,1,0.983362419779,0.112069314492,0.197178127976,0.197191114087,0.2,0.993160454449,0.0393406189016,0.200379782856,0.200416967928
0.8008,1,0.983384808947,0.11194584324,0.197175676952,0.197188516865,0.2,0.99316831949,0.0393252051485,0.200372529087,0.200409530914
0.801,1,0.983407173426,0.111822394712,0.19717325448,0.197185948882,0.2,0.99317618142,0.0393096526364,0.200365311219,0.200402130548
0.8012,1,0.98342951322,0.111698969475,0.197170860424,0.197183410002,0.2,0.993184040213,0.0392939621785,0.200358129106,0.200394766682
0.8014,1,0.983451828334,0.111575568095,0.19716849465,0.197180900086,0.2,0.99319189584,0.0392781345845,0.200350982601,0.200387439167
0.8016,1,0.983474118772,0.111452191134,0.197166157025,0.197178418999,0.2,0.993199748274,0.0392621706608,0.200343871559,0.200380147854
0.8018,1,0.98349638454,0.111328839152,0.197163847414,0.197175966604,0.2,0.993207597488,0.0392460712103,0.200336795834,0.200372892595
0.802,1,0.983518625643,0.111205512704,0.197161565686,0.197173542766,0.2,0.993215443456,0.0392298370324,0.200329755283,0.200365673243
0.8022,1,0.983540842085,0.111082212343,0.197159311707,0.19717114735,0.2,0.993223286149,0.0392134689232,0.200322749761,0.200358489651
0.8024,1,0.983563033873,0.11095893862,0.197157085346,0.197168780221,0.2,0.993231125543,0.0391969676753,0.200315779124,0.200351341673
0.8026,1,0.983585201011,0.110835692082,0.197154886471,0.197166441246,0.2,0.99323896161,0.039180334078,0.200308843231,0.200344229163
0.8028,1,0.983607343506,0.110712473272,0.197152714952,0.197164130291,0.2,0.993246794324,0.0391635689171,0.200301941937,0.200337151977
0.803,1,0.983629461362,0.110589282733,0.19715057066,0.197161847223,0.2,0.993254623658,0.0391466729751,0.200295075102,0.200330109969
0.8032,1,0.983651554587,0.110466121001,0.197148453463,0.197159591911,0.2,0.993262449588,0.0391296470312,0.200288242585,0.200323102995
0.8034,1,0.983673623184,0.110342988613,0.197146363232,0.197157364221,0.2,0.993270272086,0.0391124918613,0.200281444244,0.200316130913
0.8036,1,0.983695667161,0.1102198861,0.19714429984,0.197155164023,0.2,0.993278091128,0.0390952082378,0.200274679939,0.200309193579
0.8038,1,0.983717686524,0.110096813993,0.197142263158,0.197152991187,0.2,0.993285906687,0.0390777969298,0.200267949531,0.200302290851
0.804,1,0.983739681279,0.109973772816,0.197140253058,0.197150845581,0.2,0.993293718739,0.0390602587034,0.20026125288,0.200295422587
0.8042,1,0.983761651431,0.109850763094,0.197138269412,0.197148727076,0.2,0.993301527258,0.0390425943211,0.200254589848,0.200288588646
0.8044,1,0.983783596989,0.109727785347,0.197136312096,0.197146635543,0.2,0.993309332218,0.0390248045422,0.200247960296,0.200281788886
0.8046,1,0.983805517957,0.109604840092,0.197134380981,0.197144570854,0.2,0.993317133596,0.0390068901229,0.200241364088,0.200275023168
0.8048,1,0.983827414342,0.109481927846,0.197132475943,0.197142532879,0.2,0.993324931367,0.0389888518158,0.200234801085,0.200268291352
0.805,1,0.983849286152,0.109359049119,0.197130596857,0.197140521492,0.2,0.993332725505,0.0389706903707,0.200228271152,0.200261593299
0.8052,1,0.983871133393,0.109236204421,0.197128743597,0.197138536565,0.2,0.993340515986,0.0389524065339,0.200221774152,0.200254928869
0.8054,1,0.983892956072,0.109113394258,0.19712691604,0.197136577971,0.2,0.993348302786,0.0389340010485,0.20021530995,0.200248297926
0.8056,1,0.983914754195,0.108990619133,0.197125114061,0.197134645585,0.2,0.993356085881,0.0389154746545,0.200208878411,0.200241700331
0.8058,1,0.983936527771,0.108867879547,0.197123337539,0.19713273928,0.2,0.993363865247,0.0388968280886,0.200202479401,0.200235135947
0.806,1,0.983958276807,0.108745175998,0.197121586349,0.197130858932,0.2,0.993371640859,0.0388780620845,0.200196112784,0.200228604638
0.8062,1,0.983980001308,0.108622508981,0.197119860371,0.197129004416,0.2,0.993379412695,0.0388591773726,0.200189778429,0.200222106267
0.8064,1,0.984001701284,0.108499878987,0.197118159481,0.197127175607,0.2,0.99338718073,0.0388401746802,0.200183476202,0.200215640699
0.8066,1,0.984023376742,0.108377286508,0.19711648356,0.197125372382,0.2,0.993394944941,0.0388210547314,0.200177205969,0.2002092078
0.8068,1,0.984045027688,0.108254732028,0.197114832486,0.197123594617,0.2,0.993402705304,0.0388018182472,0.200170967601,0.200202807434
0.807,1,0.984066654131,0.108132216033,0.197113206139,0.197121842191,0.2,0.993410461798,0.0387824659456,0.200164760964,0.200196439467
0.8072,1,0.984088256079,0.108009739003,0.197111604398,0.19712011498,0.2,0.993418214397,0.0387629985414,0.200158585929,0.200190103767
0.8074,1,0.984109833539,0.107887301417,0.197110027146,0.197118412864,0.2,0.993425963081,0.0387434167462,0.200152442364,0.200183800199
0.8076,1,0.98413138652,0.10776490375,0.197108474263,0.197116735721,0.2,0.993433707825,0.0387237212688,0.20014633014,0.200177528632
0.8078,1,0.984152915029,0.107642546476,0.197106945631,0.197115083429,0.2,0.993441448607,0.0387039128147,0.200140249127,0.200171288934
0.808,1,0.984174419075,0.107520230066,0.197105441131,0.197113455869,0.2,0.993449185406,0.0386839920865,0.200134199197,0.200165080972
0.8082,1,0.984195898666,0.107397954986,0.197103960647,0.197111852922,0.2,0.993456918198,0.0386639597836,0.20012818022,0.200158904617
0.8084,1,0.984217353811,0.107275721703,0.197102504062,0.197110274467,0.2,0.993464646961,0.0386438166025,0.200122192069,0.200152759738
0.8086,1,0.984238784517,0.107153530677,0.197101071258,0.197108720386,0.2,0.993472371674,0.0386235632366,0.200116234616,0.200146646204
0.8088,1,0.984260190793,0.10703138237,0.197099662121,0.19710719056,0.2,0.993480092314,0.0386032003764,0.200110307734,0.200140563886
0.809,1,0.984281572649,0.106909277238,0.197098276534,0.197105684872,0.2,0.99348780886,0.0385827287093,0.200104411298,0.200134512656
0.8092,1,0.984302930092,0.106787215736,0.197096914383,0.197104203205,0.2,0.993495521289,0.0385621489197,0.200098545179,0.200128492384
0.8094,1,0.984324263131,0.106665198315,0.197095575553,0.197102745441,0.2,0.993503229582,0.0385414616892,0.200092709254,0.200122502943
0.8096,1,0.984345571777,0.106543225426,0.197094259929,0.197101311463,0.2,0.993510933715,0.0385206676963,0.200086903397,0.200116544206
0.8098,1,0.984366856036,0.106421297513,0.197092967399,0.197099901156,0.2,0.993518633669,0.0384997676166,0.200081127484,0.200110616044
0.81,1,0.984388115919,0.106299415023,0.197091697848,0.197098514405,0.2,0.993526329421,0.0384787621227,0.200075381389,0.200104718332
0.8102,1,0.984409351435,0.106177578396,0.197090451165,0.197097151094,0.2,0.993534020952,0.0384576518843,0.200069664991,0.200098850943
0.8104,1,0.984430562592,0.106055788071,0.197089227237,0.197095811108,0.2,0.993541708239,0.0384364375682,0.200063978165,0.200093013753
0.8106,1,0.984451749401,0.105934044485,0.197088025951,0.197094494334,0.2,0.993549391263,0.0384151198383,0.200058320788,0.200087206635
0.8108,1,0.984472911871,0.105812348071,0.197086847197,0.197093200657,0.2,0.993557070003,0.0383936993558,0.200052692739,0.200081429466
0.811,1,0.984494050011,0.105690699262,0.197085690863,0.197091929965,0.2,0.993564744438,0.0383721767786,0.200047093896,0.20007568212
0.8112,1,0.98451516383,0.105569098485,0.19708455684,0.197090682145,0.2,0.993572414549,0.038350552762,0.200041524137,0.200069964475
0.8114,1,0.98453625334,0.105447546168,0.197083445016,0.197089457084,0.2,0.993580080314,0.0383288279585,0.200035983342,0.200064276408
0.8116,1,0.984557318548,0.105326042733,0.197082355283,0.19708825467,0.2,0.993587741715,0.0383070030176,0.20003047139,0.200058617795
0.8118,1,0.984578359466,0.105204588604,0.197081287532,0.197087074793,0.2,0.993595398731,0.0382850785861,0.200024988161,0.200052988514
0.812,1,0.984599376103,0.105083184197,0.197080241652,0.197085917341,0.2,0.993603051342,0.0382630553078,0.200019533536,0.200047388443
0.8122,1,0.984620368469,0.104961829931,0.197079217537,0.197084782203,0.2,0.993610699529,0.0382409338238,0.200014107395,0.200041817461
0.8124,1,0.984641336574,0.104840526218,0.197078215078,0.19708366927,0.2,0.993618343272,0.0382187147725,0.200008709621,0.200036275448
0.8126,1,0.984662280429,0.104719273471,0.197077234168,0.197082578431,0.2,0.993625982551,0.0381963987893,0.200003340096,0.200030762283
0.8128,1,0.984683200043,0.104598072099,0.1970762747,0.197081509579,0.2,0.993633617349,0.0381739865069,0.1999979987,0.200025277845
0.813,1,0.984704095428,0.104476922507,0.197075336567,0.197080462603,0.2,0.993641247644,0.0381514785554,0.199992685319,0.200019822016
0.8132,1,0.984724966593,0.104355825102,0.197074419664,0.197079437396,0.2,0.993648873419,0.0381288755618,0.199987399833,0.200014394677
0.8134,1,0.984745813549,0.104234780284,0.197073523884,0.19707843385,0.2,0.993656494655,0.0381061781506,0.199982142128,0.200008995708
0.8136,1,0.984766636306,0.104113788453,0.197072649122,0.197077451856,0.2,0.993664111332,0.0380833869435,0.199976912088,0.200003624992
0.8138,1,0.984787434876,0.103992850006,0.197071795274,0.19707649131,0.2,0.993671723433,0.0380605025596,0.199971709597,0.199998282411
0.814,1,0.984808209269,0.103871965338,0.197070962235,0.197075552102,0.2,0.993679330938,0.038037525615,0.199966534539,0.199992967848
0.8142,1,0.984828959496,0.103751134841,0.1970701499,0.197074634129,0.2,0.993686933829,0.0380144567234,0.199961386802,0.199987681187
0.8144,1,0.984849685568,0.103630358906,0.197069358167,0.197073737283,0.2,0.993694532089,0.0379912964956,0.19995626627,0.19998242231
0.8146,1,0.984870387496,0.10350963792,0.197068586933,0.19707286146,0.2,0.993702125698,0.0379680455397,0.19995117283,0.199977191102
0.8148,1,0.98489106529,0.103388972268,0.197067836094,0.197072006555,0.2,0.993709714639,0.0379447044613,0.199946106369,0.199971987447
0.815,1,0.984911718963,0.103268362334,0.197067105548,0.197071172462,0.2,0.993717298894,0.0379212738633,0.199941066773,0.199966811232
0.8152,1,0.984932348524,0.103147808498,0.197066395194,0.19707035908,0.2,0.993724878444,0.0378977543458,0.199936053932,0.19996166234
0.8154,1,0.984952953987,0.103027311139,0.19706570493,0.197069566302,0.2,0.993732453274,0.0378741465063,0.199931067732,0.199956540658
0.8156,1,0.984973535361,0.102906870633,0.197065034654,0.197068794028,0.2,0.993740023364,0.0378504509399,0.199926108063,0.199951446073
0.8158,1,0.984994092658,0.102786487354,0.197064384267,0.197068042153,0.2,0.993747588698,0.0378266682387,0.199921174813,0.199946378471
0.816,1,0.985014625891,0.102666161673,0.197063753667,0.197067310576,0.2,0.993755149257,0.0378027989926,0.199916267871,0.199941337739
0.8162,1,0.985035135069,0.10254589396,0.197063142756,0.197066599194,0.2,0.993762705026,0.0377788437885,0.199911387128,0.199936323766
0.8164,1,0.985055620206,0.102425684582,0.197062551433,0.197065907906,0.2,0.993770255987,0.037754803211,0.199906532474,0.199931336438
0.8166,1,0.985076081313,0.102305533903,0.1970619796,0.197065236612,0.2,0.993777802122,0.037730677842,0.199901703799,0.199926375645
0.8168,1,0.985096518401,0.102185442287,0.197061427158,0.197064585209,0.2,0.993785343416,0.0377064682608,0.199896900995,0.199921441276
0.817,1,0.985116931484,0.102065410093,0.197060894009,0.197063953599,0.2,0.993792879851,0.0376821750442,0.199892123953,0.19991653322
0.8172,1,0.985137320571,0.101945437681,0.197060380055,0.197063341681,0.2,0.993800411411,0.0376577987665,0.199887372565,0.199911651367
0.8174,1,0.985157685676,0.101825525406,0.197059885198,0.197062749356,0.2,0.993807938079,0.0376333399994,0.199882646724,0.199906795606
0.8176,1,0.985178026811,0.101705673621,0.197059409342,0.197062176524,0.2,0.993815459839,0.037608799312,0.199877946321,0.19990196583
0.8178,1,0.985198343987,0.101585882678,0.19705895239,0.197061623088,0.2,0.993822976674,0.037584177271,0.199873271251,0.199897161928
0.818,1,0.985218637218,0.101466152928,0.197058514245,0.197061088948,0.2,0.993830488569,0.0375594744405,0.199868621407,0.199892383793
0.8182,1,0.985238906515,0.101346484716,0.197058094813,0.197060574008,0.2,0.993837995507,0.0375346913821,0.199863996683,0.199887631316
0.8184,1,0.985259151891,0.101226878389,0.197057693997,0.197060078169,0.2,0.993845497473,0.0375098286551,0.199859396973,0.199882904389
0.8186,1,0.985279373357,0.101107334288,0.197057311702,0.197059601334,0.2,0.99385299445,0.037484886816,0.199854822172,0.199878202906
0.8188,1,0.985299570928,0.100987852756,0.197056947834,0.197059143408,0.2,0.993860486424,0.0374598664191,0.199850272176,0.199873526759
0.819,1,0.985319744615,0.10086843413,0.197056602299,0.197058704293,0.2,0.993867973377,0.0374347680161,0.19984574688,0.199868875842
0.8192,1,0.985339894431,0.100749078748,0.197056275002,0.197058283894,0.2,0.993875455296,0.0374095921563,0.199841246179,0.19986425005
0.8194,1,0.985360020388,0.100629786943,0.19705596585,0.197057882116,0.2,0.993882932163,0.0373843393865,0.199836769972,0.199859649276
0.8196,1,0.9853801225,0.100510559048,0.197055674751,0.197057498863,0.2,0.993890403966,0.0373590102512,0.199832318153,0.199855073415
0.8198,1,0.985400200779,0.100391395393,0.19705540161,0.19705713404,0.2,0.993897870687,0.0373336052923,0.199827890622,0.199850522363
0.82,1,0.985420255238,0.100272296307,0.197055146337,0.197056787554,0.2,0.993905332312,0.0373081250494,0.199823487275,0.199845996014
0.8202,1,0.985440285891,0.100153262115,0.197054908838,0.197056459311,0.2,0.993912788826,0.0372825700597,0.19981910801,0.199841494266
0.8204,1,0.985460292749,0.100034293142,0.197054689023,0.197056149216,0.2,0.993920240214,0.0372569408579,0.199814752725,0.199837017015
0.8206,1,0.985480275827,0.0999153897101,0.197054486799,0.197055857177,0.2,0.993927686461,0.0372312379766,0.199810421321,0.199832564157
0.8208,1,0.985500235138,0.0997965521383,0.197054302077,0.197055583102,0.2,0.993935127554,0.0372054619456,0.199806113695,0.19982813559
0.821,1,0.985520170694,0.0996777807449,0.197054134766,0.197055326897,0.2,0.993942563476,0.0371796132926,0.199801829747,0.199823731211
0.8212,1,0.985540082509,0.0995590758459,0.197053984776,0.197055088471,0.2,0.993949994215,0.037153692543,0.199797569378,0.199819350918
0.8214,1,0.985559970596,0.099440437755,0.197053852016,0.197054867732,0.2,0.993957419755,0.0371277002197,0.199793332488,0.19981499461
0.8216,1,0.98557983497,0.0993218667841,0.197053736398,0.197054664589,0.2,0.993964840082,0.0371016368433,0.199789118978,0.199810662186
0.8218,1,0.985599675642,0.0992033632431,0.197053637833,0.197054478951,0.2,0.993972255183,0.0370755029321,0.199784928748,0.199806353544
0.822,1,0.985619492628,0.0990849274397,0.197053556232,0.197054310727,0.2,0.993979665043,0.037049299002,0.1997807617,0.199802068585
0.8222,1,0.98563928594,0.0989665596798,0.197053491507,0.197054159828,0.2,0.993987069648,0.0370230255668,0.199776617737,0.199797807208
0.8224,1,0.985659055592,0.0988482602673,0.197053443569,0.197054026164,0.2,0.993994468984,0.0369966831377,0.199772496761,0.199793569314
0.8226,1,0.985678801598,0.098730029504,0.197053412332,0.197053909645,0.2,0.994001863039,0.0369702722239,0.199768398673,0.199789354803
0.8228,1,0.985698523971,0.0986118676899,0.197053397708,0.197053810182,0.2,0.994009251798,0.0369437933321,0.199764323378,0.199785163577
0.823,1,0.985718222726,0.0984937751231,0.19705339961,0.197053727687,0.2,0.994016635247,0.0369172469668,0.199760270779,0.199780995537
0.8232,1,0.985737897877,0.0983757520994,0.197053417953,0.197053662072,0.2,0.994024013374,0.0368906336304,0.199756240779,0.199776850586
0.8234,1,0.985757549437,0.0982577989131,0.197053452649,0.197053613248,0.2,0.994031386164,0.0368639538227,0.199752233283,0.199772728624
0.8236,1,0.98577717742,0.0981399158564,0.197053503613,0.197053581128,0.2,0.994038753606,0.0368372080415,0.199748248195,0.199768629556
0.8238,1,0.98579678184,0.0980221032194,0.19705357076,0.197053565625,0.2,0.994046115685,0.0368103967824,0.199744285421,0.199764553284
0.824,1,0.985816362713,0.0979043612905,0.197053654005,0.197053566652,0.2,0.99405347239,0.0367835205385,0.199740344865,0.199760499711
0.8242,1,0.985835920051,0.0977866903562,0.197053753263,0.197053584123,0.2,0.994060823706,0.036756579801,0.199736426434,0.199756468742
0.8244,1,0.985855453869,0.097669090701,0.19705386845,0.197053617951,0.2,0.994068169621,0.0367295750588,0.199732530033,0.19975246028
0.8246,1,0.985874964181,0.0975515626076,0.197053999481,0.197053668051,0.2,0.994075510122,0.0367025067983,0.199728655568,0.199748474231
0.8248,1,0.985894451003,0.0974341063567,0.197054146273,0.197053734337,0.2,0.994082845197,0.0366753755042,0.199724802947,0.199744510498
0.825,1,0.985913914347,0.0973167222274,0.197054308743,0.197053816724,0.2,0.994090174833,0.0366481816587,0.199720972077,0.199740568988
0.8252,1,0.985933354229,0.0971994104966,0.197054486809,0.197053915128,0.2,0.994097499018,0.0366209257418,0.199717162865,0.199736649606
0.8254,1,0.985952770663,0.0970821714396,0.197054680386,0.197054029464,0.2,0.99410481774,0.0365936082315,0.199713375219,0.199732752258
0.8256,1,0.985972163665,0.0969650053297,0.197054889394,0.197054159648,0.2,0.994112130986,0.0365662296036,0.199709609047,0.19972887685
0.8258,1,0.985991533247,0.0968479124385,0.19705511375,0.197054305598,0.2,0.994119438744,0.0365387903316,0.199705864258,0.199725023289
0.826,1,0.986010879426,0.0967308930355,0.197055353372,0.197054467228,0.2,0.994126741002,0.0365112908871,0.199702140761,0.199721191483
0.8262,1,0.986030202215,0.0966139473889,0.19705560818,0.197054644457,0.2,0.994134037749,0.0364837317393,0.199698438465,0.199717381339
0.8264,1,0.98604950163,0.0964970757645,0.197055878092,0.197054837201,0.2,0.994141328971,0.0364561133556,0.199694757279,0.199713592764
0.8266,1,0.986068777686,0.0963802784266,0.197056163028,0.197055045379,0.2,0.994148614659,0.0364284362009,0.199691097114,0.199709825667
0.8268,1,0.986088030397,0.0962635556377,0.197056462908,0.197055268909,0.2,0.994155894799,0.0364007007383,0.19968745788,0.199706079956
0.827,1,0.986107259779,0.0961469076585,0.197056777652,0.197055507709,0.2,0.99416316938,0.0363729074287,0.199683839488,0.199702355541
0.8272,1,0.986126465846,0.0960303347479,0.197057107181,0.197055761698,0.2,0.994170438392,0.0363450567308,0.199680241849,0.199698652331
0.8274,1,0.986145648613,0.0959138371629,0.197057451414,0.197056030794,0.2,0.994177701821,0.0363171491015,0.199676664874,0.199694970234
0.8276,1,0.986164808096,0.095797415159,0.197057810274,0.197056314918,0.2,0.994184959658,0.0362891849952,0.199673108475,0.199691309162
0.8278,1,0.98618394431,0.0956810689897,0.197058183681,0.197056613989,0.2,0.994192211891,0.0362611648647,0.199669572564,0.199687669025
0.828,1,0.98620305727,0.0955647989068,0.197058571558,0.197056927928,0.2,0.994199458509,0.0362330891605,0.199666057053,0.199684049732
0.8282,1,0.986222146991,0.0954486051606,0.197058973826,0.197057256654,0.2,0.994206699501,0.0362049583309,0.199662561855,0.199680451197
0.8284,1,0.986241213488,0.0953324879992,0.197059390408,0.197057600088,0.2,0.994213934855,0.0361767728225,0.199659086884,0.199676873328
0.8286,1,0.986260256778,0.0952164476695,0.197059821227,0.197057958152,0.2,0.994221164562,0.0361485330796,0.199655632053,0.199673316039
0.8288,1,0.986279276875,0.0951004844162,0.197060266206,0.197058330767,0.2,0.99422838861,0.0361202395446,0.199652197275,0.199669779242
0.829,1,0.986298273794,0.0949845984827,0.197060725268,0.197058717855,0.2,0.994235606988,0.0360918926578,0.199648782465,0.199666262849
0.8292,1,0.986317247552,0.0948687901103,0.197061198337,0.197059119337,0.2,0.994242819687,0.0360634928577,0.199645387537,0.199662766772
0.8294,1,0.986336198164,0.094753059539,0.197061685337,0.197059535137,0.2,0.994250026695,0.0360350405804,0.199642012406,0.199659290925
0.8296,1,0.986355125646,0.0946374070068,0.197062186192,0.197059965177,0.2,0.994257228002,0.0360065362605,0.199638656988,0.199655835221
0.8298,1,0.986374030012,0.0945218327502,0.197062700827,0.19706040938,0.2,0.994264423598,0.0359779803303,0.199635321196,0.199652399575
0.83,1,0.98639291128,0.0944063370039,0.197063229167,0.197060867669,0.2,0.994271613473,0.03594937322,0.199632004949,0.199648983899
0.8302,1,0.986411769464,0.0942909200011,0.197063771137,0.197061339969,0.2,0.994278797616,0.0359207153583,0.19962870816,0.199645588109
0.8304,1,0.98643060458,0.0941755819732,0.197064326663,0.197061826202,0.2,0.994285976018,0.0358920071715,0.199625430748,0.199642212119
0.8306,1,0.986449416645,0.0940603231499,0.197064895671,0.197062326294,0.2,0.994293148667,0.0358632490841,0.199622172629,0.199638855845
0.8308,1,0.986468205673,0.0939451437594,0.197065478086,0.19706284017,0.2,0.994300315556,0.0358344415186,0.199618933719,0.199635519202
0.831,1,0.986486971682,0.0938300440282,0.197066073837,0.197063367753,0.2,0.994307476673,0.0358055848958,0.199615713937,0.199632202105
0.8312,1,0.986505714687,0.0937150241812,0.197066682848,0.19706390897,0.2,0.994314632009,0.0357766796343,0.199612513199,0.199628904471
0.8314,1,0.986524434704,0.0936000844416,0.197067305049,0.197064463745,0.2,0.994321781554,0.0357477261509,0.199609331425,0.199625626217
0.8316,1,0.986543131749,0.093485225031,0.197067940365,0.197065032006,0.2,0.994328925299,0.0357187248604,0.199606168533,0.199622367259
0.8318,1,0.986561805838,0.0933704461696,0.197068588725,0.197065613678,0.2,0.994336063234,0.0356896761757,0.19960302444,0.199619127513
0.832,1,0.986580456988,0.0932557480756,0.197069250057,0.197066208687,0.2,0.99434319535,0.035660580508,0.199599899067,0.199615906899
0.8322,1,0.986599085214,0.093141130966,0.197069924289,0.197066816961,0.2,0.994350321638,0.0356314382663,0.199596792333,0.199612705332
0.8324,1,0.986617690533,0.0930265950559,0.19707061135,0.197067438427,0.2,0.994357442088,0.035602249858,0.199593704157,0.199609522733
0.8326,1,0.986636272961,0.0929121405591,0.197071311169,0.197068073011,0.2,0.994364556691,0.0355730156885,0.19959063446,0.199606359018
0.8328,1,0.986654832515,0.0927977676876,0.197072023675,0.197068720643,0.2,0.994371665438,0.0355437361612,0.199587583161,0.199603214106
0.833,1,0.98667336921,0.092683476652,0.197072748798,0.197069381249,0.2,0.99437876832,0.0355144116778,0.199584550181,0.199600087917
0.8332,1,0.986691883063,0.0925692676612,0.197073486467,0.197070054759,0.2,0.994385865329,0.0354850426382,0.199581535442,0.19959698037
0.8334,1,0.986710374092,0.0924551409226,0.197074236613,0.1970707411,0.2,0.994392956455,0.0354556294403,0.199578538864,0.199593891384
0.8336,1,0.986728842311,0.0923410966421,0.197074999166,0.197071440203,0.2,0.994400041689,0.0354261724802,0.199575560369,0.19959082088
0.8338,1,0.986747287738,0.092227135024,0.197075774058,0.197072151996,0.2,0.994407121024,0.0353966721523,0.199572599879,0.199587768778
0.834,1,0.986765710389,0.0921132562712,0.197076561218,0.197072876408,0.2,0.99441419445,0.035367128849,0.199569657316,0.199584734998
0.8342,1,0.986784110281,0.0919994605848,0.197077360579,0.19707361337,0.2,0.994421261958,0.0353375429609,0.199566732603,0.199581719462
0.8344,1,0.986802487431,0.0918857481647,0.197078172072,0.197074362812,0.2,0.994428323541,0.0353079148769,0.199563825661,0.19957872209
0.8346,1,0.986820841855,0.0917721192091,0.197078995628,0.197075124664,0.2,0.99443537919,0.0352782449841,0.199560936416,0.199575742804
0.8348,1,0.98683917357,0.0916585739147,0.197079831181,0.197075898857,0.2,0.994442428897,0.0352485336676,0.199558064789,0.199572781526
0.835,1,0.986857482592,0.0915451124768,0.197080678663,0.197076685322,0.2,0.994449472653,0.035218781311,0.199555210704,0.199569838179
0.8352,1,0.986875768939,0.0914317350891,0.197081538005,0.19707748399,0.2,0.994456510451,0.0351889882959,0.199552374086,0.199566912684
0.8354,1,0.986894032628,0.0913184419439,0.197082409143,0.197078294793,0.2,0.994463542282,0.0351591550022,0.199549554859,0.199564004964
0.8356,1,0.986912273674,0.091205233232,0.197083292008,0.197079117663,0.2,0.994470568138,0.0351292818081,0.199546752947,0.199561114943
0.8358,1,0.986930492096,0.0910921091427,0.197084186534,0.197079952532,0.2,0.994477588012,0.0350993690899,0.199543968275,0.199558242544
0.836,1,0.98694868791,0.0909790698639,0.197085092656,0.197080799332,0.2,0.994484601895,0.0350694172222,0.199541200769,0.19955538769
0.8362,1,0.986966861133,0.0908661155819,0.197086010307,0.197081657997,0.2,0.994491609781,0.035039426578,0.199538450354,0.199552550306
0.8364,1,0.986985011782,0.0907532464817,0.197086939423,0.197082528459,0.2,0.99449861166,0.0350093975284,0.199535716955,0.199549730316
0.8366,1,0.987003139875,0.0906404627469,0.197087879937,0.197083410652,0.2,0.994505607526,0.0349793304427,0.199533000499,0.199546927644
0.8368,1,0.987021245428,0.0905277645594,0.197088831785,0.197084304509,0.2,0.994512597371,0.0349492256887,0.199530300912,0.199544142215
0.837,1,0.987039328458,0.0904151520999,0.197089794902,0.197085209964,0.2,0.994519581188,0.0349190836324,0.199527618121,0.199541373954
0.8372,1,0.987057388983,0.0903026255477,0.197090769223,0.197086126952,0.2,0.994526558969,0.034888904638,0.199524952052,0.199538622787
0.8374,1,0.98707542702,0.0901901850805,0.197091754685,0.197087055406,0.2,0.994533530707,0.034858689068,0.199522302633,0.19953588864
0.8376,1,0.987093442587,0.0900778308747,0.197092751224,0.197087995262,0.2,0.994540496394,0.0348284372833,0.199519669792,0.199533171439
0.8378,1,0.987111435699,0.0899655631052,0.197093758776,0.197088946454,0.2,0.994547456024,0.0347981496432,0.199517053455,0.199530471109
0.838,1,0.987129406376,0.0898533819458,0.197094777277,0.197089908918,0.2,0.99455440959,0.0347678265049,0.199514453552,0.199527787579
0.8382,1,0.987147354633,0.0897412875684,0.197095806665,0.19709088259,0.2,0.994561357083,0.0347374682245,0.199511870011,0.199525120773
0.8384,1,0.987165280489,0.0896292801439,0.197096846876,0.197091867405,0.2,0.994568298498,0.034707075156,0.19950930276,0.199522470621
0.8386,1,0.987183183961,0.0895173598418,0.197097897849,0.197092863299,0.2,0.994575233828,0.0346766476519,0.199506751728,0.199519837049
0.8388,1,0.987201065066,0.0894055268301,0.197098959521,0.197093870209,0.2,0.994582163065,0.034646186063,0.199504216844,0.199517219984
0.839,1,0.987218923823,0.0892937812755,0.19710003183,0.197094888072,0.2,0.994589086203,0.0346156907385,0.199501698038,0.199514619356
0.8392,1,0.987236760247,0.0891821233432,0.197101114715,0.197095916823,0.2,0.994596003236,0.0345851620259,0.19949919524,0.199512035093
0.8394,1,0.987254574358,0.0890705531972,0.197102208113,0.197096956402,0.2,0.994602914156,0.0345546002711,0.19949670838,0.199509467122
0.8396,1,0.987272366172,0.0889590710002,0.197103311963,0.197098006744,0.2,0.994609818957,0.0345240058184,0.199494237388,0.199506915374
0.8398,1,0.987290135708,0.0888476769133,0.197104426206,0.197099067788,0.2,0.994616717633,0.0344933790105,0.199491782194,0.199504379777
0.84,1,0.987307882982,0.0887363710966,0.197105550779,0.197100139471,0.2,0.994623610177,0.0344627201883,0.19948934273,0.19950186026
0.8402,1,0.987325608013,0.0886251537086,0.197106685622,0.197101221733,0.2,0.994630496583,0.0344320296912,0.199486918926,0.199499356754
0.8404,1,0.987343310818,0.0885140249066,0.197107830677,0.197102314511,0.2,0.994637376844,0.0344013078572,0.199484510715,0.199496869189
0.8406,1,0.987360991415,0.0884029848465,0.197108985881,0.197103417744,0.2,0.994644250955,0.0343705550223,0.199482118027,0.199494397494
0.8408,1,0.987378649821,0.088292033683,0.197110151176,0.197104531371,0.2,0.994651118909,0.0343397715213,0.199479740795,0.1994919416
0.841,1,0.987396286056,0.0881811715695,0.197111326503,0.197105655332,0.2,0.994657980701,0.0343089576872,0.199477378951,0.199489501439
0.8412,1,0.987413900135,0.0880703986579,0.197112511802,0.197106789567,0.2,0.994664836324,0.0342781138514,0.199475032427,0.199487076942
0.8414,1,0.987431492078,0.0879597150989,0.197113707015,0.197107934014,0.2,0.994671685772,0.0342472403439,0.199472701157,0.199484668039
0.8416,1,0.987449061903,0.0878491210422,0.197114912082,0.197109088614,0.2,0.994678529039,0.0342163374929,0.199470385072,0.199482274662
0.8418,1,0.987466609626,0.0877386166357,0.197116126945,0.197110253307,0.2,0.99468536612,0.0341854056253,0.199468084108,0.199479896744
0.842,1,0.987484135266,0.0876282020264,0.197117351546,0.197111428035,0.2,0.994692197009,0.0341544450663,0.199465798196,0.199477534217
0.8422,1,0.987501638842,0.0875178773599,0.197118585828,0.197112612737,0.2,0.994699021701,0.0341234561395,0.199463527271,0.199475187013
0.8424,1,0.98751912037,0.0874076427806,0.197119829733,0.197113807355,0.2,0.994705840189,0.0340924391671,0.199461271268,0.199472855064
0.8426,1,0.98753657987,0.0872974984316,0.197121083203,0.197115011831,0.2,0.994712652467,0.0340613944697,0.199459030119,0.199470538305
0.8428,1,0.987554017359,0.0871874444546,0.19712234618,0.197116226105,0.2,0.994719458532,0.0340303223664,0.199456803761,0.199468236668
0.843,1,0.987571432855,0.0870774809903,0.19712361861,0.19711745012,0.2,0.994726258377,0.0339992231747,0.199454592127,0.199465950086
0.8432,1,0.987588826377,0.0869676081781,0.197124900433,0.197118683818,0.2,0.994733051996,0.0339680972107,0.199452395154,0.199463678495
0.8434,1,0.987606197942,0.086857826156,0.197126191595,0.197119927141,0.2,0.994739839385,0.0339369447889,0.199450212775,0.199461421826
0.8436,1,0.987623547569,0.086748135061,0.197127492039,0.197121180032,0.2,0.994746620538,0.0339057662223,0.199448044928,0.199459180016
0.8438,1,0.987640875276,0.0866385350286,0.197128801709,0.197122442433,0.2,0.994753395451,0.0338745618226,0.199445891548,0.199456952999
0.844,1,0.987658181081,0.0865290261934,0.197130120549,0.197123714288,0.2,0.994760164117,0.0338433318996,0.19944375257,0.199454740708
0.8442,1,0.987675465003,0.0864196086884,0.197131448504,0.19712499554,0.2,0.994766926532,0.0338120767621,0.199441627932,0.199452543081
0.8444,1,0.987692727059,0.0863102826459,0.197132785519,0.197126286133,0.2,0.994773682692,0.0337807967171,0.199439517571,0.199450360051
0.8446,1,0.987709967269,0.0862010481965,0.197134131538,0.19712758601,0.2,0.99478043259,0.0337494920702,0.199437421422,0.199448191555
0.8448,1,0.98772718565,0.0860919054699,0.197135486508,0.197128895116,0.2,0.994787176223,0.0337181631255,0.199435339423,0.199446037528
0.845,1,0.987744382221,0.0859828545945,0.197136850373,0.197130213394,0.2,0.994793913585,0.0336868101858,0.199433271512,0.199443897907
0.8452,1,0.987761557,0.0858738956976,0.197138223079,0.19713154079,0.2,0.994800644671,0.0336554335522,0.199431217626,0.199441772628
0.8454,1,0.987778710006,0.0857650289051,0.197139604573,0.197132877248,0.2,0.994807369478,0.0336240335246,0.199429177704,0.199439661628
0.8456,1,0.987795841257,0.085656254342,0.1971409948,0.197134222713,0.2,0.994814088,0.0335926104014,0.199427151682,0.199437564843
0.8458,1,0.987812950771,0.085547572132,0.197142393707,0.19713557713,0.2,0.994820800233,0.0335611644794,0.1994251395,0.199435482211
0.846,1,0.987830038568,0.0854389823977,0.19714380124,0.197136940446,0.2,0.994827506172,0.033529696054,0.199423141097,0.199433413669
0.8462,1,0.987847104665,0.0853304852603,0.197145217347,0.197138312605,0.2,0.994834205813,0.0334982054195,0.199421156411,0.199431359154
0.8464,1,0.987864149081,0.0852220808402,0.197146641975,0.197139693553,0.2,0.994840899152,0.0334666928684,0.199419185381,0.199429318606
0.8466,1,0.987881171835,0.0851137692565,0.19714807507,0.197141083237,0.2,0.994847586184,0.0334351586919,0.199417227947,0.199427291961
0.8468,1,0.987898172945,0.085005550627,0.197149516581,0.197142481604,0.2,0.994854266904,0.0334036031798,0.199415284048,0.199425279158
0.847,1,0.98791515243,0.0848974250686,0.197150966455,0.197143888599,0.2,0.99486094131,0.0333720266206,0.199413353625,0.199423280136
0.8472,1,0.987932110309,0.084789392697,0.197152424641,0.19714530417,0.2,0.994867609396,0.0333404293013,0.199411436616,0.199421294834
0.8474,1,0.987949046599,0.0846814536266,0.197153891086,0.197146728264,0.2,0.994874271158,0.0333088115075,0.199409532964,0.19941932319
0.8476,1,0.987965961321,0.084573607971,0.197155365739,0.197148160829,0.2,0.994880926593,0.0332771735235,0.199407642607,0.199417365145
0.8478,1,0.987982854492,0.0844658558425,0.19715684855,0.197149601811,0.2,0.994887575696,0.0332455156322,0.199405765488,0.199415420637
0.848,1,0.987999726132,0.0843581973521,0.197158339466,0.197151051159,0.2,0.994894218463,0.033213838115,0.199403901547,0.199413489608
0.8482,1,0.988016576258,0.0842506326101,0.197159838437,0.19715250882,0.2,0.994900854892,0.033182141252,0.199402050724,0.199411571995
0.8484,1,0.98803340489,0.0841431617254,0.197161345412,0.197153974743,0.2,0.994907484977,0.0331504253221,0.199400212963,0.199409667741
0.8486,1,0.988050212047,0.0840357848059,0.197162860342,0.197155448877,0.2,0.994914108715,0.0331186906026,0.199398388205,0.199407776786
0.8488,1,0.988066997748,0.0839285019585,0.197164383175,0.19715693117,0.2,0.994920726102,0.0330869373696,0.19939657639,0.199405899069
0.849,1,0.98808376201,0.0838213132887,0.197165913862,0.197158421571,0.2,0.994927337135,0.0330551658979,0.199394777463,0.199404034534
0.8492,1,0.988100504854,0.0837142189013,0.197167452353,0.197159920029,0.2,0.994933941811,0.0330233764607,0.199392991365,0.199402183119
0.8494,1,0.988117226298,0.0836072188998,0.197168998598,0.197161426494,0.2,0.994940540125,0.0329915693302,0.199391218039,0.199400344769
0.8496,1,0.988133926361,0.0835003133868,0.197170552549,0.197162940915,0.2,0.994947132073,0.0329597447771,0.199389457427,0.199398519423
0.8498,1,0.988150605061,0.0833935024636,0.197172114156,0.197164463242,0.2,0.994953717654,0.0329279030707,0.199387709474,0.199396707024
0.85,1,0.988167262418,0.0832867862306,0.19717368337,0.197165993424,0.2,0.994960296863,0.0328960444791,0.199385974121,0.199394907514
0.8502,1,0.988183898451,0.0831801647871,0.197175260143,0.197167531413,0.2,0.994966869697,0.0328641692691,0.199384251314,0.199393120835
0.8504,1,0.988200513179,0.0830736382315,0.197176844425,0.197169077159,0.2,0.994973436152,0.0328322777062,0.199382540995,0.199391346931
0.8506,1,0.98821710662,0.0829672066608,0.19717843617,0.197170630613,0.2,0.994979996226,0.0328003700544,0.199380843109,0.199389585744
0.8508,1,0.988233678794,0.0828608701713,0.197180035329,0.197172191724,0.2,0.994986549916,0.0327684465767,0.1993791576,0.199387837217
0.851,1,0.98825022972,0.082754628858,0.197181641853,0.197173760445,0.2,0.994993097217,0.0327365075346,0.199377484412,0.199386101293
0.8512,1,0.988266759417,0.0826484828153,0.197183255696,0.197175336727,0.2,0.994999638128,0.0327045531885,0.19937582349,0.199384377917
0.8514,1,0.988283267903,0.082542432136,0.19718487681,0.197176920521,0.2,0.995006172645,0.0326725837972,0.19937417478,0.199382667032
0.8516,1,0.988299755198,0.0824364769123,0.197186505148,0.197178511778,0.2,0.995012700765,0.0326405996185,0.199372538225,0.199380968581
0.8518,1,0.988316221322,0.0823306172352,0.197188140663,0.197180110452,0.2,0.995019222485,0.032608600909,0.199370913772,0.19937928251
0.852,1,0.988332666293,0.0822248531947,0.197189783307,0.197181716494,0.2,0.995025737802,0.0325765879237,0.199369301366,0.199377608763
0.8522,1,0.98834909013,0.0821191848799,0.197191433035,0.197183329857,0.2,0.995032246715,0.0325445609166,0.199367700953,0.199375947283
0.8524,1,0.988365492852,0.0820136123789,0.197193089801,0.197184950493,0.2,0.995038749219,0.0325125201404,0.199366112479,0.199374298017
0.8526,1,0.988381874479,0.0819081357785,0.197194753557,0.197186578354,0.2,0.995045245312,0.0324804658465,0.19936453589,0.19937266091
0.8528,1,0.98839823503,0.0818027551649,0.197196424258,0.197188213395,0.2,0.995051734991,0.0324483982851,0.199362971133,0.199371035906
0.853,1,0.988414574524,0.0816974706232,0.197198101858,0.197189855567,0.2,0.995058218255,0.0324163177052,0.199361418154,0.199369422951
0.8532,1,0.988430892981,0.0815922822373,0.197199786312,0.197191504825,0.2,0.9950646951,0.0323842243544,0.1993598769,0.199367821992
0.8534,1,0.988447190419,0.0814871900904,0.197201477574,0.197193161123,0.2,0.995071165523,0.0323521184793,0.199358347318,0.199366232973
0.8536,1,0.988463466858,0.0813821942646,0.197203175599,0.197194824413,0.2,0.995077629524,0.032320000325,0.199356829356,0.199364655842
0.8538,1,0.988479722317,0.0812772948411,0.197204880342,0.19719649465,0.2,0.995084087098,0.0322878701357,0.19935532296,0.199363090545
0.854,1,0.988495956815,0.0811724918999,0.197206591758,0.197198171788,0.2,0.995090538243,0.0322557281542,0.19935382808,0.199361537028
0.8542,1,0.988512170372,0.0810677855205,0.197208309804,0.197199855782,0.2,0.995096982958,0.0322235746221,0.199352344662,0.199359995238
0.8544,1,0.988528363007,0.0809631757809,0.197210034433,0.197201546587,0.2,0.99510342124,0.0321914097798,0.199350872654,0.199358465123
0.8546,1,0.98854453474,0.0808586627585,0.197211765603,0.197203244156,0.2,0.995109853087,0.0321592338665,0.199349412006,0.199356946629
0.8548,1,0.988560685589,0.0807542465298,0.197213503269,0.197204948445,0.2,0.995116278496,0.0321270471203,0.199347962666,0.199355439705
0.855,1,0.988576815575,0.0806499271701,0.197215247388,0.19720665941,0.2,0.995122697466,0.0320948497779,0.199346524582,0.199353944297
0.8552,1,0.988592924716,0.0805457047539,0.197216997915,0.197208377006,0.2,0.995129109995,0.0320626420751,0.199345097703,0.199352460354
0.8554,1,0.988609013031,0.0804415793548,0.197218754808,0.197210101188,0.2,0.995135516079,0.0320304242464,0.199343681979,0.199350987824
0.8556,1,0.988625080542,0.0803375510454,0.197220518023,0.197211831912,0.2,0.995141915719,0.0319981965249,0.199342277359,0.199349526655
0.8558,1,0.988641127266,0.0802336198975,0.197222287517,0.197213569134,0.2,0.995148308911,0.0319659591429,0.199340883792,0.199348076796
0.856,1,0.988657153223,0.0801297859817,0.197224063248,0.197215312811,0.2,0.995154695653,0.0319337123313,0.199339501229,0.199346638195
0.8562,1,0.988673158433,0.0800260493681,0.197225845172,0.197217062898,0.2,0.995161075944,0.03190145632,0.199338129619,0.199345210802
0.8564,1,0.988689142915,0.0799224101255,0.197227633247,0.197218819353,0.2,0.995167449783,0.0318691913375,0.199336768912,0.199343794565
0.8566,1,0.988705106688,0.0798188683221,0.197229427432,0.197220582132,0.2,0.995173817166,0.0318369176114,0.199335419059,0.199342389435
0.8568,1,0.988721049773,0.0797154240249,0.197231227683,0.197222351192,0.2,0.995180178093,0.031804635368,0.199334080011,0.199340995359
0.857,1,0.988736972189,0.0796120773003,0.197233033959,0.19722412649,0.2,0.995186532562,0.0317723448325,0.199332751718,0.19933961229
0.8572,1,0.988752873954,0.0795088282136,0.197234846219,0.197225907984,0.2,0.995192880571,0.0317400462292,0.19933143413,0.199338240175
0.8574,1,0.98876875509,0.0794056768293,0.19723666442,0.197227695631,0.2,0.995199222119,0.0317077397807,0.199330127201,0.199336878966
0.8576,1,0.988784615614,0.079302623211,0.197238488522,0.197229489389,0.2,0.995205557205,0.0316754257091,0.19932883088,0.199335528613
0.8578,1,0.988800455548,0.0791996674214,0.197240318483,0.197231289215,0.2,0.995211885825,0.031643104235,0.199327545119,0.199334189066
0.858,1,0.98881627491,0.0790968095223,0.197242154263,0.197233095069,0.2,0.99521820798,0.031610775578,0.19932626987,0.199332860277
0.8582,1,0.98883207372,0.0789940495747,0.19724399582,0.197234906908,0.2,0.995224523668,0.0315784399566,0.199325005085,0.199331542195
0.8584,1,0.988847851997,0.0788913876388,0.197245843114,0.19723672469,0.2,0.995230832888,0.0315460975881,0.199323750716,0.199330234773
0.8586,1,0.988863609762,0.0787888237737,0.197247696104,0.197238548375,0.2,0.995237135638,0.0315137486888,0.199322506716,0.199328937962
0.8588,1,0.988879347033,0.0786863580378,0.197249554751,0.197240377921,0.2,0.995243431916,0.0314813934738,0.199321273037,0.199327651713
0.859,1,0.988895063832,0.0785839904887,0.197251419014,0.197242213287,0.2,0.995249721723,0.0314490321573,0.199320049631,0.199326375978
0.8592,1,0.988910760176,0.0784817211831,0.197253288853,0.197244054432,0.2,0.995256005056,0.0314166649522,0.199318836452,0.199325110708
0.8594,1,0.988926436086,0.0783795501767,0.197255164228,0.197245901316,0.2,0.995262281914,0.0313842920703,0.199317633453,0.199323855857
0.8596,1,0.988942091581,0.0782774775246,0.197257045101,0.197247753899,0.2,0.995268552297,0.0313519137226,0.199316440587,0.199322611376
0.8598,1,0.988957726682,0.0781755032808,0.197258931432,0.197249612139,0.2,0.995274816203,0.0313195301188,0.199315257807,0.199321377218
0.86,1,0.988973341407,0.0780736274988,0.19726082318,0.197251475998,0.2,0.995281073631,0.0312871414674,0.199314085068,0.199320153336
0.8602,1,0.988988935778,0.077971850231,0.197262720309,0.197253345434,0.2,0.995287324581,0.0312547479762,0.199312922322,0.199318939683
0.8604,1,0.989004509812,0.0778701715291,0.197264622778,0.197255220409,0.2,0.995293569051,0.0312223498516,0.199311769525,0.199317736211
0.8606,1,0.98902006353,0.0777685914438,0.197266530549,0.197257100883,0.2,0.99529980704,0.0311899472992,0.19931062663,0.199316542873
0.8608,1,0.989035596952,0.0776671100253,0.197268443584,0.197258986816,0.2,0.995306038548,0.0311575405233,0.199309493591,0.199315359625
0.861,1,0.989051110098,0.0775657273226,0.197270361844,0.19726087817,0.2,0.995312263574,0.0311251297273,0.199308370364,0.199314186418
0.8612,1,0.989066602986,0.0774644433843,0.197272285291,0.197262774904,0.2,0.995318482117,0.0310927151136,0.199307256903,0.199313023207
0.8614,1,0.989082075638,0.0773632582579,0.197274213887,0.197264676982,0.2,0.995324694177,0.0310602968835,0.199306153163,0.199311869947
0.8616,1,0.989097528072,0.0772621719902,0.197276147594,0.197266584363,0.2,0.995330899752,0.0310278752372,0.199305059099,0.19931072659
0.8618,1,0.989112960309,0.0771611846272,0.197278086375,0.197268497009,0.2,0.995337098842,0.0309954503739,0.199303974667,0.199309593092
0.862,1,0.989128372368,0.0770602962141,0.197280030192,0.197270414882,0.2,0.995343291446,0.0309630224918,0.199302899822,0.199308469407
0.8622,1,0.98914376427,0.0769595067952,0.197281979008,0.197272337944,0.2,0.995349477565,0.0309305917881,0.199301834519,0.19930735549
0.8624,1,0.989159136033,0.0768588164143,0.197283932786,0.197274266157,0.2,0.995355657196,0.0308981584589,0.199300778715,0.199306251296
0.8626,1,0.989174487678,0.0767582251141,0.197285891488,0.197276199483,0.2,0.995361830341,0.0308657226994,0.199299732366,0.19930515678
0.8628,1,0.989189819225,0.0766577329367,0.197287855079,0.197278137884,0.2,0.995367996998,0.0308332847037,0.199298695427,0.199304071897
0.863,1,0.989205130693,0.0765573399234,0.197289823521,0.197280081323,0.2,0.995374157167,0.030800844665,0.199297667855,0.199302996603
0.8632,1,0.989220422102,0.0764570461147,0.197291796778,0.197282029763,0.2,0.995380310847,0.0307684027752,0.199296649607,0.199301930853
0.8634,1,0.989235693472,0.0763568515503,0.197293774814,0.197283983166,0.2,0.995386458039,0.0307359592257,0.19929564064,0.199300874604
0.8636,1,0.989250944824,0.0762567562693,0.197295757592,0.197285941495,0.2,0.995392598742,0.0307035142064,0.19929464091,0.199299827811
0.8638,1,0.989266176176,0.0761567603098,0.197297745077,0.197287904715,0.2,0.995398732956,0.0306710679065,0.199293650375,0.199298790431
0.864,1,0.989281387548,0.0760568637094,0.197299737232,0.197289872787,0.2,0.99540486068,0.0306386205141,0.199292668992,0.19929776242
0.8642,1,0.989296578962,0.0759570665047,0.197301734022,0.197291845676,0.2,0.995410981914,0.0306061722165,0.199291696717,0.199296743734
0.8644,1,0.989311750435,0.0758573687317,0.197303735413,0.197293823345,0.2,0.995417096659,0.0305737231998,0.19929073351,0.199295734331
0.8646,1,0.989326901989,0.0757577704256,0.197305741367,0.197295805759,0.2,0.995423204914,0.0305412736492,0.199289779327,0.199294734167
0.8648,1,0.989342033644,0.075658271621,0.19730775185,0.19729779288,0.2,0.995429306678,0.030508823749,0.199288834127,0.199293743199
0.865,1,0.989357145418,0.0755588723515,0.197309766828,0.197299784674,0.2,0.995435401953,0.0304763736824,0.199287897868,0.199292761384
0.8652,1,0.989372237333,0.0754595726502,0.197311786264,0.197301781105,0.2,0.995441490738,0.0304439236318,0.199286970507,0.199291788681
0.8654,1,0.989387309407,0.0753603725493,0.197313810125,0.197303782137,0.2,0.995447573033,0.0304114737786,0.199286052004,0.199290825046
0.8656,1,0.989402361662,0.0752612720805,0.197315838377,0.197305787735,0.2,0.995453648837,0.0303790243031,0.199285142318,0.199289870438
0.8658,1,0.989417394116,0.0751622712745,0.197317870983,0.197307797863,0.2,0.995459718153,0.0303465753848,0.199284241406,0.199288924814
0.866,1,0.98943240679,0.0750633701615,0.197319907912,0.197309812487,0.2,0.995465780978,0.0303141272022,0.199283349228,0.199287988132
0.8662,1,0.989447399704,0.0749645687708,0.197321949127,0.197311831572,0.2,0.995471837314,0.0302816799329,0.199282465743,0.199287060351
0.8664,1,0.989462372877,0.0748658671312,0.197323994596,0.197313855083,0.2,0.995477887161,0.0302492337535,0.19928159091,0.19928614143
0.8666,1,0.98947732633,0.0747672652707,0.197326044285,0.197315882986,0.2,0.995483930518,0.0302167888398,0.199280724689,0.199285231326
0.8668,1,0.989492260083,0.0746687632164,0.197328098159,0.197317915245,0.2,0.995489967388,0.0301843453665,0.19927986704,0.199284329999
0.867,1,0.989507174155,0.074570360995,0.197330156187,0.197319951828,0.2,0.995495997768,0.0301519035074,0.199279017922,0.199283437407
0.8672,1,0.989522068567,0.0744720586324,0.197332218333,0.1973219927,0.2,0.995502021661,0.0301194634355,0.199278177295,0.19928255351
0.8674,1,0.989536943338,0.0743738561538,0.197334284566,0.197324037827,0.2,0.995508039066,0.0300870253227,0.199277345119,0.199281678267
0.8676,1,0.989551798489,0.0742757535836,0.197336354852,0.197326087174,0.2,0.995514049984,0.0300545893403,0.199276521355,0.199280811637
0.8678,1,0.989566634039,0.0741777509456,0.197338429158,0.19732814071,0.2,0.995520054415,0.0300221556583,0.199275705963,0.199279953581
0.868,1,0.989581450009,0.0740798482631,0.197340507452,0.1973301984,0.2,0.99552605236,0.0299897244461,0.199274898904,0.199279104057
0.8682,1,0.989596246418,0.0739820455583,0.197342589701,0.19733226021,0.2,0.995532043819,0.0299572958719,0.199274100138,0.199278263027
0.8684,1,0.989611023286,0.0738843428531,0.197344675872,0.197334326108,0.2,0.995538028793,0.0299248701034,0.199273309626,0.199277430449
0.8686,1,0.989625780634,0.0737867401686,0.197346765934,0.197336396061,0.2,0.995544007283,0.029892447307,0.19927252733,0.199276606284
0.8688,1,0.989640518482,0.0736892375252,0.197348859854,0.197338470035,0.2,0.995549979288,0.0298600276485,0.19927175321,0.199275790493
0.869,1,0.989655236849,0.0735918349427,0.197350957601,0.197340547999,0.2,0.99555594481,0.0298276112926,0.199270987228,0.199274983037
0.8692,1,0.989669935755,0.0734945324401,0.197353059142,0.19734262992,0.2,0.99556190385,0.0297951984033,0.199270229346,0.199274183875
0.8694,1,0.989684615221,0.073397330036,0.197355164446,0.197344715764,0.2,0.995567856408,0.0297627891437,0.199269479525,0.199273392969
0.8696,1,0.989699275267,0.0733002277479,0.197357273481,0.1973468055,0.2,0.995573802485,0.0297303836758,0.199268737728,0.19927261028
0.8698,1,0.989713915912,0.0732032255932,0.197359386216,0.197348899096,0.2,0.995579742081,0.029697982161,0.199268003915,0.19927183577
0.87,1,0.989728537177,0.0731063235883,0.19736150262,0.19735099652,0.2,0.995585675198,0.0296655847597,0.19926727805,0.199271069399
0.8702,1,0.989743139081,0.0730095217489,0.197363622662,0.19735309774,0.2,0.995591601836,0.0296331916314,0.199266560095,0.199270311129
0.8704,1,0.989757721645,0.0729128200904,0.19736574631,0.197355202725,0.2,0.995597521997,0.0296008029349,0.199265850012,0.199269560922
0.8706,1,0.989772284889,0.0728162186272,0.197367873534,0.197357311442,0.2,0.995603435681,0.0295684188279,0.199265147763,0.19926881874
0.8708,1,0.989786828832,0.0727197173732,0.197370004304,0.19735942386,0.2,0.995609342889,0.0295360394675,0.199264453313,0.199268084545
0.871,1,0.989801353495,0.0726233163417,0.197372138588,0.197361539949,0.2,0.995615243622,0.0295036650098,0.199263766622,0.199267358298
0.8712,1,0.989815858899,0.0725270155455,0.197374276357,0.197363659677,0.2,0.995621137881,0.0294712956101,0.199263087656,0.199266639963
0.8714,1,0.989830345062,0.0724308149964,0.197376417579,0.197365783013,0.2,0.995627025667,0.0294389314227,0.199262416376,0.199265929502
0.8716,1,0.989844812005,0.0723347147059,0.197378562226,0.197367909926,0.2,0.995632906981,0.0294065726014,0.199261752747,0.199265226877
0.8718,1,0.989859259747,0.0722387146848,0.197380710266,0.197370040386,0.2,0.995638781825,0.0293742192988,0.199261096731,0.199264532051
0.872,1,0.98987368831,0.0721428149432,0.197382861671,0.197372174362,0.2,0.9956446502,0.029341871667,0.199260448293,0.199263844987
0.8722,1,0.989888097714,0.0720470154908,0.19738501641,0.197374311824,0.2,0.995650512106,0.029309529857,0.199259807396,0.199263165648
0.8724,1,0.989902487977,0.0719513163363,0.197387174455,0.197376452741,0.2,0.995656367544,0.029277194019,0.199259174005,0.199262493998
0.8726,1,0.98991685912,0.0718557174882,0.197389335775,0.197378597084,0.2,0.995662216517,0.0292448643026,0.199258548083,0.199261829999
0.8728,1,0.989931211164,0.0717602189541,0.197391500341,0.197380744822,0.2,0.995668059025,0.0292125408563,0.199257929595,0.199261173616
0.873,1,0.989945544128,0.0716648207413,0.197393668124,0.197382895926,0.2,0.99567389507,0.029180223828,0.199257318505,0.199260524812
0.8732,1,0.989959858033,0.0715695228561,0.197395839095,0.197385050365,0.2,0.995679724653,0.0291479133647,0.199256714778,0.19925988355
0.8734,1,0.989974152898,0.0714743253046,0.197398013226,0.197387208111,0.2,0.995685547775,0.0291156096126,0.199256118378,0.199259249796
0.8736,1,0.989988428744,0.0713792280921,0.197400190487,0.197389369134,0.2,0.995691364437,0.0290833127171,0.19925552927,0.199258623512
0.8738,1,0.99000268559,0.0712842312234,0.19740237085,0.197391533405,0.2,0.995697174642,0.0290510228228,0.19925494742,0.199258004664
0.874,1,0.990016923457,0.0711893347025,0.197404554286,0.197393700894,0.2,0.99570297839,0.0290187400734,0.199254372793,0.199257393215
0.8742,1,0.990031142364,0.0710945385331,0.197406740768,0.197395871572,0.2,0.995708775683,0.0289864646119,0.199253805353,0.199256789131
0.8744,1,0.990045342333,0.0709998427182,0.197408930266,0.197398045411,0.2,0.995714566522,0.0289541965807,0.199253245066,0.199256192375
0.8746,1,0.990059523382,0.0709052472602,0.197411122753,0.197400222382,0.2,0.995720350909,0.028921936121,0.199252691898,0.199255602913
0.8748,1,0.990073685533,0.070810752161,0.197413318201,0.197402402456,0.2,0.995726128846,0.0288896833735,0.199252145814,0.19925502071
0.875,1,0.990087828804,0.0707163574218,0.197415516582,0.197404585605,0.2,0.995731900334,0.0288574384781,0.199251606781,0.199254445731
0.8752,1,0.990101953217,0.0706220630434,0.197417717868,0.197406771801,0.2,0.995737665374,0.0288252015738,0.199251074764,0.199253877941
0.8754,1,0.990116058791,0.0705278690258,0.197419922032,0.197408961014,0.2,0.995743423969,0.028792972799,0.19925054973,0.199253317306
0.8756,1,0.990130145546,0.0704337753688,0.197422129047,0.197411153218,0.2,0.995749176119,0.0287607522911,0.199250031644,0.19925276379
0.8758,1,0.990144213502,0.0703397820712,0.197424338884,0.197413348384,0.2,0.995754921827,0.028728540187,0.199249520473,0.199252217361
0.876,1,0.99015826268,0.0702458891317,0.197426551518,0.197415546484,0.2,0.995760661094,0.0286963366226,0.199249016184,0.199251677984
0.8762,1,0.990172293099,0.070152096548,0.19742876692,0.197417747491,0.2,0.995766393923,0.0286641417331,0.199248518744,0.199251145624
0.8764,1,0.99018630478,0.0700584043176,0.197430985064,0.197419951377,0.2,0.995772120314,0.028631955653,0.199248028118,0.199250620248
0.8766,1,0.990200297743,0.0699648124373,0.197433205923,0.197422158114,0.2,0.99577784027,0.028599778516,0.199247544275,0.199250101822
0.8768,1,0.990214272007,0.0698713209034,0.197435429471,0.197424367676,0.2,0.995783553792,0.0285676104552,0.199247067181,0.199249590313
0.877,1,0.990228227593,0.0697779297115,0.197437655681,0.197426580035,0.2,0.995789260882,0.0285354516026,0.199246596804,0.199249085686
0.8772,1,0.990242164521,0.069684638857,0.197439884526,0.197428795164,0.2,0.995794961542,0.0285033020898,0.19924613311,0.19924858791
0.8774,1,0.99025608281,0.0695914483344,0.19744211598,0.197431013036,0.2,0.995800655775,0.0284711620476,0.199245676067,0.19924809695
0.8776,1,0.990269982482,0.0694983581379,0.197444350017,0.197433233625,0.2,0.995806343581,0.0284390316058,0.199245225644,0.199247612773
0.8778,1,0.990283863556,0.0694053682611,0.197446586611,0.197435456903,0.2,0.995812024963,0.0284069108938,0.199244781807,0.199247135347
0.878,1,0.990297726051,0.069312478697,0.197448825736,0.197437682845,0.2,0.995817699923,0.0283748000401,0.199244344525,0.199246664639
0.8782,1,0.990311569989,0.0692196894382,0.197451067366,0.197439911423,0.2,0.995823368463,0.0283426991724,0.199243913765,0.199246200616
0.8784,1,0.990325395389,0.0691270004768,0.197453311476,0.197442142612,0.2,0.995829030585,0.0283106084178,0.199243489496,0.199245743246
0.8786,1,0.990339202272,0.0690344118042,0.19745555804,0.197444376385,0.2,0.995834686291,0.0282785279027,0.199243071686,0.199245292496
0.8788,1,0.990352990656,0.0689419234115,0.197457807032,0.197446612716,0.2,0.995840335582,0.0282464577526,0.199242660304,0.199244848334
0.879,1,0.990366760563,0.068849535289,0.197460058428,0.197448851579,0.2,0.995845978462,0.0282143980925,0.199242255318,0.199244410728
0.8792,1,0.990380512013,0.0687572474268,0.197462312201,0.197451092949,0.2,0.995851614931,0.0281823490466,0.199241856696,0.199243979646
0.8794,1,0.990394245025,0.0686650598143,0.197464568328,0.197453336799,0.2,0.995857244994,0.0281503107383,0.199241464408,0.199243555056
0.8796,1,0.990407959619,0.0685729724405,0.197466826782,0.197455583105,0.2,0.99586286865,0.0281182832904,0.199241078422,0.199243136926
0.8798,1,0.990421655816,0.0684809852939,0.197469087539,0.19745783184,0.2,0.995868485904,0.0280862668249,0.199240698708,0.199242725226
0.88,1,0.990435333636,0.0683890983623,0.197471350575,0.19746008298,0.2,0.995874096756,0.0280542614632,0.199240325235,0.199242319922
0.8802,1,0.990448993098,0.0682973116333,0.197473615864,0.197462336499,0.2,0.995879701209,0.0280222673261,0.199239957971,0.199241920985
0.8804,1,0.990462634223,0.0682056250937,0.197475883383,0.197464592372,0.2,0.995885299266,0.0279902845333,0.199239596887,0.199241528382
0.8806,1,0.990476257031,0.0681140387302,0.197478153107,0.197466850574,0.2,0.995890890929,0.0279583132042,0.199239241952,0.199241142083
0.8808,1,0.990489861542,0.0680225525285,0.197480425011,0.197469111081,0.2,0.9958964762,0.0279263534575,0.199238893136,0.199240762057
0.881,1,0.990503447775,0.0679311664743,0.197482699071,0.197471373867,0.2,0.995902055081,0.0278944054108,0.199238550408,0.199240388273
0.8812,1,0.990517015751,0.0678398805526,0.197484975264,0.197473638908,0.2,0.995907627575,0.0278624691816,0.199238213739,0.1992400207
0.8814,1,0.99053056549,0.0677486947479,0.197487253566,0.197475906179,0.2,0.995913193684,0.0278305448862,0.199237883098,0.199239659308
0.8816,1,0.990544097012,0.0676576090441,0.197489533952,0.197478175656,0.2,0.99591875341,0.0277986326406,0.199237558456,0.199239304066
0.8818,1,0.990557610336,0.067566623425,0.197491816399,0.197480447315,0.2,0.995924306757,0.0277667325599,0.199237239783,0.199238954944
0.882,1,0.990571105484,0.0674757378736,0.197494100883,0.197482721132,0.2,0.995929853726,0.0277348447586,0.19923692705,0.199238611912
0.8822,1,0.990584582475,0.0673849523725,0.197496387381,0.197484997082,0.2,0.995935394319,0.0277029693505,0.199236620226,0.199238274939
0.8824,1,0.990598041328,0.0672942669039,0.19749867587,0.197487275142,0.2,0.995940928541,0.0276711064489,0.199236319284,0.199237943997
0.8826,1,0.990611482064,0.0672036814495,0.197500966326,0.197489555288,0.2,0.995946456392,0.0276392561661,0.199236024193,0.199237619054
0.8828,1,0.990624904703,0.0671131959906,0.197503258727,0.197491837495,0.2,0.995951977876,0.027607418614,0.199235734924,0.199237300082
0.883,1,0.990638309266,0.0670228105078,0.197505553048,0.197494121742,0.2,0.995957492994,0.0275755939039,0.199235451448,0.19923698705
0.8832,1,0.990651695771,0.0669325249816,0.197507849268,0.197496408003,0.2,0.995963001751,0.0275437821461,0.199235173738,0.19923667993
0.8834,1,0.990665064238,0.0668423393917,0.197510147363,0.197498696256,0.2,0.995968504148,0.0275119834507,0.199234901763,0.199236378691
0.8836,1,0.990678414689,0.0667522537176,0.197512447311,0.197500986477,0.2,0.995974000187,0.0274801979267,0.199234635496,0.199236083306
0.8838,1,0.990691747143,0.0666622679383,0.197514749089,0.197503278644,0.2,0.995979489872,0.0274484256828,0.199234374907,0.199235793744
0.884,1,0.990705061619,0.0665723820322,0.197517052675,0.197505572733,0.2,0.995984973206,0.0274166668269,0.199234119969,0.199235509976
0.8842,1,0.990718358138,0.0664825959774,0.197519358046,0.197507868722,0.2,0.99599045019,0.0273849214663,0.199233870653,0.199235231975
0.8844,1,0.99073163672,0.0663929097515,0.19752166518,0.197510166586,0.2,0.995995920828,0.0273531897077,0.199233626931,0.19923495971
0.8846,1,0.990744897385,0.0663033233318,0.197523974055,0.197512466305,0.2,0.996001385122,0.0273214716569,0.199233388775,0.199234693155
0.8848,1,0.990758140152,0.0662138366949,0.197526284649,0.197514767855,0.2,0.996006843076,0.0272897674195,0.199233156158,0.199234432279
0.885,1,0.990771365042,0.0661244498172,0.197528596939,0.197517071214,0.2,0.996012294691,0.0272580771002,0.19923292905,0.199234177054
0.8852,1,0.990784572075,0.0660351626744,0.197530910905,0.197519376359,0.2,0.996017739971,0.027226400803,0.199232707426,0.199233927454
0.8854,1,0.99079776127,0.0659459752422,0.197533226524,0.197521683268,0.2,0.996023178919,0.0271947386315,0.199232491256,0.199233683448
0.8856,1,0.990810932647,0.0658568874954,0.197535543774,0.197523991919,0.2,0.996028611537,0.0271630906885,0.199232280515,0.19923344501
0.8858,1,0.990824086227,0.0657678994087,0.197537862635,0.19752630229,0.2,0.996034037829,0.0271314570763,0.199232075173,0.199233212111
0.886,1,0.990837222029,0.0656790109563,0.197540183085,0.197528614359,0.2,0.996039457796,0.0270998378965,0.199231875205,0.199232984723
0.8862,1,0.990850340074,0.0655902221118,0.197542505102,0.197530928104,0.2,0.996044871443,0.0270682332501,0.199231680583,0.19923276282
0.8864,1,0.99086344038,0.0655015328486,0.197544828665,0.197533243504,0.2,0.996050278771,0.0270366432376,0.19923149128,0.199232546372
0.8866,1,0.990876522969,0.0654129431396,0.197547153753,0.197535560536,0.2,0.996055679785,0.0270050679588,0.19923130727,0.199232335354
0.8868,1,0.99088958786,0.0653244529573,0.197549480345,0.197537879179,0.2,0.996061074487,0.0269735075128,0.199231128524,0.199232129737
0.887,1,0.990902635072,0.0652360622738,0.197551808421,0.197540199413,0.2,0.996066462879,0.0269419619981,0.199230955018,0.199231929495
0.8872,1,0.990915664626,0.0651477710607,0.197554137958,0.197542521214,0.2,0.996071844965,0.0269104315129,0.199230786724,0.199231734599
0.8874,1,0.990928676542,0.0650595792893,0.197556468938,0.197544844563,0.2,0.996077220748,0.0268789161545,0.199230623615,0.199231545024
0.8876,1,0.99094167084,0.0649714869305,0.197558801338,0.197547169438,0.2,0.996082590232,0.0268474160197,0.199230465666,0.199231360742
0.8878,1,0.990954647538,0.0648834939547,0.197561135139,0.197549495818,0.2,0.996087953418,0.0268159312046,0.199230312851,0.199231181727
0.888,1,0.990967606658,0.064795600332,0.197563470321,0.197551823682,0.2,0.99609331031,0.0267844618049,0.199230165142,0.199231007952
0.8882,1,0.99098054822,0.064707806032,0.197565806862,0.19755415301,0.2,0.996098660912,0.0267530079156,0.199230022515,0.19923083939
0.8884,1,0.990993472242,0.064620111024,0.197568144743,0.19755648378,0.2,0.996104005226,0.0267215696312,0.199229884943,0.199230676015
0.8886,1,0.991006378745,0.0645325152768,0.197570483943,0.197558815973,0.2,0.996109343255,0.0266901470454,0.199229752401,0.199230517801
0.8888,1,0.991019267749,0.064445018759,0.197572824443,0.197561149567,0.2,0.996114675003,0.0266587402516,0.199229624862,0.199230364721
0.889,1,0.991032139273,0.0643576214386,0.197575166222,0.197563484542,0.2,0.996120000473,0.0266273493424,0.199229502302,0.199230216749
0.8892,1,0.991044993338,0.0642703232833,0.197577509261,0.197565820878,0.2,0.996125319668,0.02659597441,0.199229384694,0.199230073859
0.8894,1,0.991057829962,0.0641831242604,0.19757985354,0.197568158555,0.2,0.996130632591,0.0265646155459,0.199229272014,0.199229936026
0.8896,1,0.991070649167,0.0640960243369,0.19758219904,0.197570497552,0.2,0.996135939246,0.026533272841,0.199229164236,0.199229803224
0.8898,1,0.991083450972,0.0640090234793,0.197584545741,0.197572837849,0.2,0.996141239635,0.0265019463859,0.199229061335,0.199229675426
0.89,1,0.991096235396,0.0639221216537,0.197586893623,0.197575179428,0.2,0.996146533762,0.0264706362702,0.199228963286,0.199229552608
0.8902,1,0.99110900246,0.0638353188261,0.197589242667,0.197577522267,0.2,0.996151821631,0.0264393425833,0.199228870065,0.199229434744
0.8904,1,0.991121752183,0.0637486149617,0.197591592855,0.197579866347,0.2,0.996157103244,0.0264080654139,0.199228781645,0.199229321808
0.8906,1,0.991134484585,0.0636620100257,0.197593944166,0.197582211648,0.2,0.996162378605,0.0263768048502,0.199228698003,0.199229213775
0.8908,1,0.991147199686,0.0635755039827,0.197596296582,0.197584558152,0.2,0.996167647717,0.0263455609797,0.199228619114,0.199229110621
0.891,1,0.991159897505,0.0634890967971,0.197598650083,0.197586905838,0.2,0.996172910584,0.0263143338895,0.199228544953,0.19922901232
0.8912,1,0.991172578063,0.0634027884328,0.197601004652,0.197589254687,0.2,0.996178167208,0.0262831236661,0.199228475497,0.199228918846
0.8914,1,0.991185241379,0.0633165788533,0.197603360269,0.19759160468,0.2,0.996183417595,0.0262519303954,0.19922841072,0.199228830176
0.8916,1,0.991197887472,0.063230468022,0.197605716915,0.197593955798,0.2,0.996188661745,0.0262207541629,0.199228350598,0.199228746285
0.8918,1,0.991210516363,0.0631444559016,0.197608074572,0.197596308021,0.2,0.996193899664,0.0261895950533,0.199228295108,0.199228667148
0.892,1,0.991223128072,0.0630585424547,0.197610433222,0.197598661331,0.2,0.996199131355,0.0261584531511,0.199228244225,0.19922859274
0.8922,1,0.991235722617,0.0629727276434,0.197612792845,0.197601015709,0.2,0.996204356821,0.0261273285399,0.199228197925,0.199228523037
0.8924,1,0.99124830002,0.0628870114295,0.197615153425,0.197603371137,0.2,0.996209576065,0.0260962213031,0.199228156185,0.199228458014
0.8926,1,0.991260860299,0.0628013937745,0.197617514941,0.197605727594,0.2,0.996214789091,0.0260651315233,0.199228118981,0.199228397649
0.8928,1,0.991273403473,0.0627158746396,0.197619877378,0.197608085064,0.2,0.996219995903,0.0260340592827,0.199228086289,0.199228341915
0.893,1,0.991285929564,0.0626304539853,0.197622240715,0.197610443526,0.2,0.996225196504,0.0260030046629,0.199228058086,0.19922829079
0.8932,1,0.991298438591,0.0625451317722,0.197624604936,0.197612802964,0.2,0.996230390898,0.0259719677451,0.199228034348,0.199228244249
0.8934,1,0.991310930572,0.0624599079603,0.197626970022,0.197615163358,0.2,0.996235579087,0.0259409486098,0.199228015052,0.199228202269
0.8936,1,0.991323405529,0.0623747825093,0.197629335956,0.197617524691,0.2,0.996240761077,0.0259099473372,0.199228000175,0.199228164826
0.8938,1,0.99133586348,0.0622897553787,0.19763170272,0.197619886944,0.2,0.99624593687,0.0258789640067,0.199227989694,0.199228131896
0.894,1,0.991348304445,0.0622048265275,0.197634070297,0.197622250099,0.2,0.996251106469,0.0258479986974,0.199227983585,0.199228103455
0.8942,1,0.991360728444,0.0621199959143,0.197636438669,0.197624614139,0.2,0.99625626988,0.0258170514878,0.199227981826,0.199228079481
0.8944,1,0.991373135497,0.0620352634977,0.197638807818,0.197626979045,0.2,0.996261427104,0.0257861224559,0.199227984394,0.19922805995
0.8946,1,0.991385525623,0.0619506292356,0.197641177727,0.197629344799,0.2,0.996266578146,0.0257552116792,0.199227991265,0.199228044839
0.8948,1,0.991397898841,0.0618660930857,0.197643548379,0.197631711385,0.2,0.99627172301,0.0257243192347,0.199228002419,0.199228034124
0.895,1,0.991410255172,0.0617816550056,0.197645919757,0.197634078784,0.2,0.996276861699,0.0256934451988,0.199228017831,0.199228027783
0.8952,1,0.991422594635,0.0616973149521,0.197648291844,0.197636446978,0.2,0.996281994217,0.0256625896475,0.19922803748,0.199228025793
0.8954,1,0.99143491725,0.0616130728822,0.197650664623,0.197638815952,0.2,0.996287120568,0.0256317526563,0.199228061342,0.19922802813
0.8956,1,0.991447223036,0.0615289287522,0.197653038076,0.197641185686,0.2,0.996292240755,0.0256009343002,0.199228089397,0.199228034773
0.8958,1,0.991459512012,0.0614448825182,0.197655412188,0.197643556164,0.2,0.996297354782,0.0255701346536,0.199228121621,0.199228045697
0.896,1,0.991471784199,0.0613609341361,0.19765778694,0.197645927369,0.2,0.996302462652,0.0255393537904,0.199228157993,0.199228060882
0.8962,1,0.991484039616,0.0612770835612,0.197660162318,0.197648299283,0.2,0.996307564371,0.0255085917842,0.199228198491,0.199228080304
0.8964,1,0.991496278282,0.0611933307489,0.197662538303,0.19765067189,0.2,0.99631265994,0.025477848708,0.199228243092,0.199228103942
0.8966,1,0.991508500217,0.0611096756539,0.197664914881,0.197653045173,0.2,0.996317749365,0.0254471246342,0.199228291775,0.199228131772
0.8968,1,0.991520705441,0.0610261182308,0.197667292033,0.197655419114,0.2,0.996322832649,0.0254164196349,0.199228344518,0.199228163772
0.897,1,0.991532893972,0.0609426584338,0.197669669744,0.197657793698,0.2,0.996327909796,0.0253857337815,0.1992284013,0.199228199921
0.8972,1,0.991545065832,0.0608592962169,0.197672047998,0.197660168907,0.2,0.99633298081,0.0253550671452,0.199228462099,0.199228240197
0.8974,1,0.991557221038,0.0607760315337,0.197674426779,0.197662544725,0.2,0.996338045693,0.0253244197964,0.199228526893,0.199228284577
0.8976,1,0.991569359611,0.0606928643375,0.19767680607,0.197664921136,0.2,0.996343104452,0.0252937918054,0.199228595662,0.199228333041
0.8978,1,0.99158148157,0.0606097945813,0.197679185855,0.197667298123,0.2,0.996348157088,0.0252631832416,0.199228668383,0.199228385565
0.898,1,0.991593586934,0.060526822218,0.197681566119,0.197669675669,0.2,0.996353203607,0.0252325941742,0.199228745037,0.199228442128
0.8982,1,0.991605675724,0.0604439471998,0.197683946846,0.197672053759,0.2,0.996358244012,0.0252020246719,0.199228825601,0.19922850271
0.8984,1,0.991617747957,0.060361169479,0.197686328019,0.197674432376,0.2,0.996363278307,0.0251714748029,0.199228910055,0.199228567288
0.8986,1,0.991629803655,0.0602784890075,0.197688709624,0.197676811505,0.2,0.996368306496,0.0251409446348,0.199228998378,0.199228635842
0.8988,1,0.991641842836,0.0601959057366,0.197691091645,0.197679191129,0.2,0.996373328583,0.025110434235,0.199229090548,0.199228708349
0.899,1,0.99165386552,0.0601134196178,0.197693474066,0.197681571232,0.2,0.996378344572,0.0250799436702,0.199229186547,0.199228784789
0.8992,1,0.991665871726,0.060031030602,0.197695856872,0.197683951799,0.2,0.996383354466,0.0250494730069,0.199229286351,0.19922886514
0.8994,1,0.991677861474,0.05994873864,0.197698240048,0.197686332814,0.2,0.996388358271,0.0250190223107,0.199229389942,0.199228949383
0.8996,1,0.991689834783,0.059866543682,0.197700623577,0.19768871426,0.2,0.996393355989,0.0249885916472,0.199229497299,0.199229037494
0.8998,1,0.991701791672,0.0597844456782,0.197703007446,0.197691096124,0.2,0.996398347625,0.0249581810813,0.199229608401,0.199229129455
0.9,1,0.991713732161,0.0597024445786,0.197705391638,0.197693478388,0.2,0.996403333183,0.0249277906776,0.199229723227,0.199229225244
0.9002,1,0.991725656269,0.0596205403326,0.19770777614,0.197695861038,0.2,0.996408312668,0.0248974205,0.199229841759,0.199229324841
0.9004,1,0.991737564016,0.0595387328896,0.197710160935,0.197698244059,0.2,0.996413286082,0.0248670706122,0.199229963975,0.199229428225
0.9006,1,0.99174945542,0.0594570221985,0.19771254601,0.197700627434,0.2,0.99641825343,0.0248367410773,0.199230089856,0.199229535375
0.9008,1,0.991761330502,0.0593754082082,0.197714931348,0.197703011149,0.2,0.996423214716,0.0248064319581,0.199230219381,0.199229646271
0.901,1,0.99177318928,0.0592938908671,0.197717316936,0.197705395189,0.2,0.996428169945,0.0247761433167,0.199230352532,0.199229760893
0.9012,1,0.991785031774,0.0592124701233,0.197719702759,0.197707779538,0.2,0.99643311912,0.0247458752152,0.199230489287,0.199229879221
0.9014,1,0.991796858003,0.0591311459249,0.197722088803,0.197710164183,0.2,0.996438062246,0.0247156277147,0.199230629627,0.199230001234
0.9016,1,0.991808667987,0.0590499182195,0.197724475052,0.197712549107,0.2,0.996442999326,0.0246854008763,0.199230773534,0.199230126913
0.9018,1,0.991820461744,0.0589687869544,0.197726861492,0.197714934296,0.2,0.996447930365,0.0246551947606,0.199230920986,0.199230256237
0.902,1,0.991832239295,0.058887752077,0.19772924811,0.197717319735,0.2,0.996452855367,0.0246250094274,0.199231071965,0.199230389187
0.9022,1,0.991844000657,0.0588068135339,0.19773163489,0.19771970541,0.2,0.996457774336,0.0245948449366,0.199231226451,0.199230525742
0.9024,1,0.991855745852,0.0587259712719,0.197734021819,0.197722091306,0.2,0.996462687276,0.0245647013473,0.199231384426,0.199230665884
0.9026,1,0.991867474897,0.0586452252373,0.197736408882,0.197724477409,0.2,0.996467594192,0.0245345787184,0.199231545869,0.199230809592
0.9028,1,0.991879187812,0.0585645753763,0.197738796066,0.197726863703,0.2,0.996472495087,0.0245044771081,0.199231710762,0.199230956848
0.903,1,0.991890884616,0.0584840216345,0.197741183356,0.197729250176,0.2,0.996477389966,0.0244743965745,0.199231879086,0.199231107631
0.9032,1,0.991902565329,0.0584035639578,0.197743570738,0.197731636812,0.2,0.996482278834,0.0244443371749,0.199232050821,0.199231261922
0.9034,1,0.991914229969,0.0583232022914,0.197745958199,0.197734023597,0.2,0.996487161694,0.0244142989667,0.19923222595,0.199231419702
0.9036,1,0.991925878557,0.0582429365803,0.197748345725,0.197736410517,0.2,0.99649203855,0.0243842820063,0.199232404452,0.199231580951
0.9038,1,0.99193751111,0.0581627667696,0.197750733302,0.197738797559,0.2,0.996496909407,0.0243542863501,0.199232586309,0.199231745651
0.904,1,0.991949127648,0.0580826928037,0.197753120917,0.197741184708,0.2,0.99650177427,0.024324312054,0.199232771504,0.199231913783
0.9042,1,0.991960728191,0.058002714627,0.197755508555,0.197743571949,0.2,0.996506633141,0.0242943591733,0.199232960016,0.199232085327
0.9044,1,0.991972312758,0.0579228321836,0.197757896205,0.197745959271,0.2,0.996511486027,0.0242644277631,0.199233151828,0.199232260265
0.9046,1,0.991983881367,0.0578430454174,0.197760283851,0.197748346657,0.2,0.996516332931,0.024234517878,0.199233346921,0.199232438578
0.9048,1,0.991995434038,0.0577633542721,0.197762671481,0.197750734096,0.2,0.996521173856,0.0242046295722,0.199233545278,0.199232620246
0.905,1,0.992006970789,0.057683758691,0.197765059082,0.197753121573,0.2,0.996526008809,0.0241747628995,0.199233746878,0.199232805253
0.9052,1,0.992018491641,0.0576042586173,0.197767446639,0.197755509075,0.2,0.996530837793,0.0241449179133,0.199233951706,0.199232993578
0.9054,1,0.992029996612,0.0575248539939,0.197769834142,0.197757896588,0.2,0.996535660812,0.0241150946666,0.199234159741,0.199233185203
0.9056,1,0.992041485721,0.0574455447634,0.197772221575,0.197760284098,0.2,0.99654047787,0.024085293212,0.199234370967,0.199233380111
0.9058,1,0.992052958987,0.0573663308684,0.197774608926,0.197762671594,0.2,0.996545288973,0.0240555136018,0.199234585366,0.199233578282
0.906,1,0.99206441643,0.0572872122511,0.197776996183,0.19776505906,0.2,0.996550094124,0.0240257558876,0.199234802919,0.199233779699
0.9062,1,0.992075858067,0.0572081888535,0.197779383332,0.197767446485,0.2,0.996554893328,0.0239960201209,0.199235023609,0.199233984343
0.9064,1,0.992087283919,0.0571292606172,0.197781770361,0.197769833854,0.2,0.996559686589,0.0239663063528,0.199235247418,0.199234192196
0.9066,1,0.992098694005,0.057050427484,0.197784157256,0.197772221155,0.2,0.996564473912,0.0239366146337,0.199235474328,0.19923440324
0.9068,1,0.992110088343,0.056971689395,0.197786544006,0.197774608376,0.2,0.996569255301,0.0239069450141,0.199235704322,0.199234617458
0.907,1,0.992121466952,0.0568930462914,0.197788930597,0.197776995502,0.2,0.996574030761,0.0238772975437,0.199235937383,0.199234834831
0.9072,1,0.992132829852,0.056814498114,0.197791317018,0.197779382521,0.2,0.996578800295,0.023847672272,0.199236173492,0.199235055341
0.9074,1,0.992144177061,0.0567360448036,0.197793703255,0.19778176942,0.2,0.996583563909,0.0238180692481,0.199236412634,0.199235278971
0.9076,1,0.992155508598,0.0566576863004,0.197796089296,0.197784156187,0.2,0.996588321607,0.0237884885206,0.199236654789,0.199235505704
0.9078,1,0.992166824482,0.0565794225448,0.19779847513,0.197786542809,0.2,0.996593073393,0.0237589301379,0.199236899942,0.199235735521
0.908,1,0.992178124733,0.0565012534768,0.197800860743,0.197788929273,0.2,0.996597819272,0.0237293941479,0.199237148075,0.199235968405
0.9082,1,0.992189409369,0.056423179036,0.197803246124,0.197791315567,0.2,0.996602559248,0.0236998805982,0.199237399171,0.199236204339
0.9084,1,0.992200678409,0.0563451991622,0.19780563126,0.197793701678,0.2,0.996607293326,0.023670389536,0.199237653213,0.199236443305
0.9086,1,0.992211931872,0.0562673137946,0.197808016139,0.197796087595,0.2,0.99661202151,0.023640921008,0.199237910184,0.199236685287
0.9088,1,0.992223169776,0.0561895228723,0.19781040075,0.197798473304,0.2,0.996616743805,0.0236114750607,0.199238170068,0.199236930266
0.909,1,0.992234392141,0.0561118263345,0.197812785081,0.197800858793,0.2,0.996621460215,0.0235820517402,0.199238432847,0.199237178227
0.9092,1,0.992245598986,0.0560342241197,0.197815169119,0.19780324405,0.2,0.996626170746,0.0235526510922,0.199238698505,0.199237429151
0.9094,1,0.992256790329,0.0559567161665,0.197817552853,0.197805629064,0.2,0.9966308754,0.023523273162,0.199238967025,0.199237683021
0.9096,1,0.99226796619,0.0558793024132,0.19781993627,0.197808013822,0.2,0.996635574184,0.0234939179945,0.199239238392,0.199237939822
0.9098,1,0.992279126587,0.055801982798,0.197822319361,0.197810398312,0.2,0.996640267101,0.0234645856344,0.199239512587,0.199238199536
0.91,1,0.992290271538,0.0557247572588,0.197824702112,0.197812782521,0.2,0.996644954156,0.023435276126,0.199239789596,0.199238462146
0.9102,1,0.992301401063,0.0556476257332,0.197827084512,0.19781516644,0.2,0.996649635354,0.023405989513,0.199240069401,0.199238727636
0.9104,1,0.992312515181,0.0555705881588,0.197829466551,0.197817550054,0.2,0.996654310699,0.0233767258391,0.199240351986,0.199238995989
0.9106,1,0.99232361391,0.055493644473,0.197831848215,0.197819933353,0.2,0.996658980196,0.0233474851474,0.199240637335,0.199239267188
0.9108,1,0.992334697269,0.0554167946128,0.197834229495,0.197822316326,0.2,0.99666364385,0.0233182674806,0.199240925433,0.199239541218
0.911,1,0.992345765276,0.0553400385153,0.197836610378,0.197824698959,0.2,0.996668301664,0.0232890728814,0.199241216263,0.199239818061
0.9112,1,0.992356817951,0.055263376117,0.197838990854,0.197827081243,0.2,0.996672953645,0.0232599013916,0.199241509808,0.199240097701
0.9114,1,0.992367855313,0.0551868073547,0.197841370911,0.197829463165,0.2,0.996677599795,0.0232307530533,0.199241806054,0.199240380123
0.9116,1,0.992378877379,0.0551103321645,0.197843750538,0.197831844714,0.2,0.996682240121,0.0232016279076,0.199242104984,0.199240665309
0.9118,1,0.992389884169,0.0550339504828,0.197846129724,0.197834225879,0.2,0.996686874626,0.0231725259957,0.199242406582,0.199240953244
0.912,1,0.992400875702,0.0549576622455,0.197848508459,0.197836606648,0.2,0.996691503315,0.0231434473584,0.199242710834,0.199241243912
0.9122,1,0.992411851995,0.0548814673883,0.19785088673,0.19783898701,0.2,0.996696126194,0.0231143920359,0.199243017722,0.199241537296
0.9124,1,0.992422813069,0.054805365847,0.197853264528,0.197841366954,0.2,0.996700743266,0.0230853600683,0.199243327232,0.199241833381
0.9126,1,0.99243375894,0.0547293575569,0.197855641842,0.197843746469,0.2,0.996705354536,0.0230563514953,0.199243639348,0.199242132151
0.9128,1,0.992444689629,0.0546534424532,0.197858018661,0.197846125544,0.2,0.996709960009,0.0230273663562,0.199243954055,0.199242433591
0.913,1,0.992455605153,0.0545776204711,0.197860394973,0.197848504167,0.2,0.99671455969,0.02299840469,0.199244271337,0.199242737684
0.9132,1,0.992466505531,0.0545018915453,0.197862770769,0.197850882328,0.2,0.996719153584,0.0229694665355,0.199244591179,0.199243044414
0.9134,1,0.992477390782,0.0544262556107,0.197865146038,0.197853260016,0.2,0.996723741694,0.0229405519309,0.199244913566,0.199243353767
0.9136,1,0.992488260925,0.0543507126018,0.197867520769,0.197855637221,0.2,0.996728324026,0.0229116609143,0.199245238482,0.199243665727
0.9138,1,0.992499115977,0.0542752624528,0.197869894953,0.19785801393,0.2,0.996732900585,0.0228827935233,0.199245565913,0.199243980278
0.914,1,0.992509955958,0.0541999050981,0.197872268577,0.197860390135,0.2,0.996737471375,0.0228539497953,0.199245895843,0.199244297405
0.9142,1,0.992520780886,0.0541246404715,0.197874641633,0.197862765823,0.2,0.996742036401,0.0228251297673,0.199246228258,0.199244617093
0.9144,1,0.99253159078,0.0540494685069,0.19787701411,0.197865140985,0.2,0.996746595668,0.0227963334759,0.199246563142,0.199244939326
0.9146,1,0.992542385658,0.053974389138,0.197879385998,0.19786751561,0.2,0.99675114918,0.0227675609576,0.199246900481,0.199245264089
0.9148,1,0.992553165538,0.0538994022983,0.197881757286,0.197869889688,0.2,0.996755696942,0.0227388122484,0.19924724026,0.199245591367
0.915,1,0.99256393044,0.053824507921,0.197884127964,0.197872263207,0.2,0.99676023896,0.022710087384,0.199247582464,0.199245921146
0.9152,1,0.992574680381,0.0537497059395,0.197886498023,0.197874636159,0.2,0.996764775237,0.0226813863997,0.199247927079,0.19924625341
0.9154,1,0.99258541538,0.0536749962865,0.197888867452,0.197877008531,0.2,0.996769305779,0.0226527093308,0.19924827409,0.199246588144
0.9156,1,0.992596135456,0.0536003788951,0.197891236242,0.197879380316,0.2,0.99677383059,0.0226240562118,0.199248623482,0.199246925333
0.9158,1,0.992606840627,0.0535258536977,0.197893604382,0.197881751501,0.2,0.996778349675,0.0225954270774,0.199248975241,0.199247264963
0.916,1,0.992617530911,0.0534514206271,0.197895971862,0.197884122077,0.2,0.99678286304,0.0225668219615,0.199249329352,0.199247607018
0.9162,1,0.992628206327,0.0533770796154,0.197898338674,0.197886492034,0.2,0.996787370688,0.022538240898,0.199249685802,0.199247951485
0.9164,1,0.992638866893,0.0533028305948,0.197900704807,0.197888861362,0.2,0.996791872625,0.0225096839204,0.199250044576,0.199248298348
0.9166,1,0.992649512628,0.0532286734975,0.197903070251,0.197891230051,0.2,0.996796368855,0.022481151062,0.19925040566,0.199248647594
0.9168,1,0.992660143549,0.0531546082552,0.197905434997,0.197893598091,0.2,0.996800859384,0.0224526423555,0.199250769039,0.199248999207
0.917,1,0.992670759676,0.0530806347997,0.197907799036,0.197895965472,0.2,0.996805344215,0.0224241578335,0.1992511347,0.199249353173
0.9172,1,0.992681361027,0.0530067530625,0.197910162357,0.197898332185,0.2,0.996809823355,0.0223956975284,0.199251502628,0.199249709479
0.9174,1,0.992691947619,0.0529329629751,0.197912524952,0.197900698219,0.2,0.996814296807,0.022367261472,0.199251872809,0.199250068108
0.9176,1,0.992702519472,0.0528592644686,0.197914886811,0.197903063566,0.2,0.996818764577,0.0223388496961,0.199252245231,0.199250429049
0.9178,1,0.992713076604,0.0527856574742,0.197917247924,0.197905428215,0.2,0.996823226669,0.022310462232,0.199252619878,0.199250792285
0.918,1,0.992723619032,0.0527121419229,0.197919608283,0.197907792157,0.2,0.996827683089,0.0222820991107,0.199252996737,0.199251157804
0.9182,1,0.992734146776,0.0526387177454,0.197921967878,0.197910155382,0.2,0.996832133841,0.0222537603631,0.199253375794,0.19925152559
0.9184,1,0.992744659853,0.0525653848723,0.1979243267,0.197912517881,0.2,0.99683657893,0.0222254460195,0.199253757036,0.199251895631
0.9186,1,0.992755158281,0.0524921432343,0.19792668474,0.197914879645,0.2,0.996841018362,0.0221971561101,0.199254140448,0.199252267912
0.9188,1,0.99276564208,0.0524189927617,0.197929041988,0.197917240664,0.2,0.99684545214,0.0221688906648,0.199254526019,0.199252642419
0.919,1,0.992776111267,0.0523459333846,0.197931398436,0.197919600929,0.2,0.99684988027,0.0221406497132,0.199254913733,0.199253019139
0.9192,1,0.99278656586,0.0522729650331,0.197933754075,0.19792196043,0.2,0.996854302756,0.0221124332845,0.199255303577,0.199253398058
0.9194,1,0.992797005877,0.0522000876373,0.197936108896,0.197924319159,0.2,0.996858719605,0.0220842414078,0.199255695539,0.199253779162
0.9196,1,0.992807431337,0.0521273011269,0.197938462889,0.197926677106,0.2,0.996863130819,0.0220560741117,0.199256089604,0.199254162437
0.9198,1,0.992817842258,0.0520546054314,0.197940816047,0.197929034263,0.2,0.996867536406,0.0220279314246,0.199256485761,0.199254547871
0.92,1,0.992828238659,0.0519820004806,0.19794316836,0.19793139062,0.2,0.996871936368,0.0219998133747,0.199256883994,0.199254935449
0.9202,1,0.992838620556,0.0519094862036,0.19794551982,0.197933746168,0.2,0.996876330712,0.0219717199899,0.199257284292,0.199255325158
0.9204,1,0.992848987968,0.0518370625299,0.197947870417,0.197936100898,0.2,0.996880719443,0.0219436512976,0.19925768664,0.199255716984
0.9206,1,0.992859340914,0.0517647293884,0.197950220144,0.197938454802,0.2,0.996885102564,0.0219156073251,0.199258091027,0.199256110916
0.9208,1,0.992869679412,0.0516924867082,0.197952568992,0.197940807871,0.2,0.996889480082,0.0218875880995,0.199258497439,0.199256506938
0.921,1,0.992880003478,0.0516203344181,0.197954916952,0.197943160095,0.2,0.996893852,0.0218595936474,0.199258905864,0.199256905038
0.9212,1,0.992890313133,0.0515482724467,0.197957264016,0.197945511466,0.2,0.996898218325,0.0218316239953,0.199259316287,0.199257305203
0.9214,1,0.992900608393,0.0514763007228,0.197959610175,0.197947861976,0.2,0.996902579061,0.0218036791693,0.199259728698,0.19925770742
0.9216,1,0.992910889277,0.0514044191747,0.197961955422,0.197950211616,0.2,0.996906934213,0.0217757591953,0.199260143082,0.199258111676
0.9218,1,0.992921155802,0.0513326277307,0.197964299746,0.197952560377,0.2,0.996911283786,0.0217478640989,0.199260559427,0.199258517957
0.922,1,0.992931407988,0.0512609263191,0.197966643142,0.197954908251,0.2,0.996915627785,0.0217199939055,0.199260977721,0.199258926251
0.9222,1,0.992941645851,0.0511893148679,0.197968985599,0.197957255229,0.2,0.996919966214,0.02169214864,0.199261397951,0.199259336545
0.9224,1,0.992951869409,0.051117793305,0.197971327111,0.197959601303,0.2,0.99692429908,0.0216643283273,0.199261820104,0.199259748826
0.9226,1,0.992962078682,0.0510463615583,0.197973667668,0.197961946465,0.2,0.996928626387,0.021636532992,0.199262244168,0.199260163082
0.9228,1,0.992972273686,0.0509750195555,0.197976007263,0.197964290705,0.2,0.996932948139,0.0216087626582,0.199262670131,0.199260579299
0.923,1,0.992982454439,0.0509037672241,0.197978345888,0.197966634017,0.2,0.996937264343,0.0215810173499,0.199263097979,0.199260997465
0.9232,1,0.99299262096,0.0508326044916,0.197980683535,0.197968976391,0.2,0.996941575002,0.0215532970908,0.199263527702,0.199261417568
0.9234,1,0.993002773266,0.0507615312853,0.197983020196,0.19797131782,0.2,0.996945880122,0.0215256019045,0.199263959287,0.199261839595
0.9236,1,0.993012911376,0.0506905475325,0.197985355862,0.197973658295,0.2,0.996950179709,0.021497931814,0.199264392721,0.199262263533
0.9238,1,0.993023035306,0.0506196531601,0.197987690527,0.197975997809,0.2,0.996954473766,0.0214702868423,0.199264827992,0.199262689371
0.924,1,0.993033145076,0.0505488480953,0.197990024182,0.197978336352,0.2,0.996958762299,0.0214426670121,0.199265265088,0.199263117095
0.9242,1,0.993043240702,0.0504781322648,0.19799235682,0.197980673918,0.2,0.996963045314,0.0214150723458,0.199265703998,0.199263546694
0.9244,1,0.993053322203,0.0504075055954,0.197994688433,0.197983010499,0.2,0.996967322814,0.0213875028655,0.199266144709,0.199263978154
0.9246,1,0.993063389597,0.0503369680137,0.197997019012,0.197985346085,0.2,0.996971594806,0.021359958593,0.199266587209,0.199264411465
0.9248,1,0.993073442901,0.0502665194463,0.197999348552,0.197987680671,0.2,0.996975861294,0.0213324395502,0.199267031486,0.199264846614
0.925,1,0.993083482133,0.0501961598196,0.198001677043,0.197990014247,0.2,0.996980122283,0.0213049457582,0.19926747753,0.199265283589
0.9252,1,0.993093507311,0.0501258890598,0.198004004479,0.197992346806,0.2,0.996984377779,0.0212774772383,0.199267925327,0.199265722377
0.9254,1,0.993103518452,0.0500557070932,0.198006330852,0.197994678341,0.2,0.996988627786,0.0212500340113,0.199268374866,0.199266162967
0.9256,1,0.993113515575,0.0499856138458,0.198008656155,0.197997008843,0.2,0.996992872309,0.0212226160978,0.199268826135,0.199266605347
0.9258,1,0.993123498697,0.0499156092436,0.19801098038,0.197999338306,0.2,0.996997111353,0.0211952235182,0.199269279124,0.199267049504
0.926,1,0.993133467835,0.0498456932125,0.19801330352,0.198001666721,0.2,0.997001344925,0.0211678562927,0.19926973382,0.199267495428
0.9262,1,0.993143423009,0.0497758656782,0.198015625568,0.19800399408,0.2,0.997005573028,0.021140514441,0.199270190211,0.199267943106
0.9264,1,0.993153364234,0.0497061265663,0.198017946516,0.198006320378,0.2,0.997009795667,0.0211131979829,0.199270648287,0.199268392527
0.9266,1,0.993163291529,0.0496364758025,0.198020266357,0.198008645605,0.2,0.997014012849,0.0210859069377,0.199271108035,0.199268843679
0.9268,1,0.993173204912,0.0495669133121,0.198022585084,0.198010969756,0.2,0.997018224577,0.0210586413246,0.199271569446,0.19926929655
0.927,1,0.9931831044,0.0494974390206,0.19802490269,0.198013292821,0.2,0.997022430857,0.0210314011624,0.199272032506,0.19926975113
0.9272,1,0.99319299001,0.0494280528531,0.198027219168,0.198015614795,0.2,0.997026631694,0.0210041864698,0.199272497205,0.199270207405
0.9274,1,0.993202861761,0.0493587547348,0.198029534511,0.19801793567,0.2,0.997030827094,0.0209769972652,0.199272963532,0.199270665365
0.9276,1,0.99321271967,0.0492895445907,0.198031848711,0.198020255438,0.2,0.997035017061,0.0209498335668,0.199273431476,0.199271124998
0.9278,1,0.993222563754,0.0492204223458,0.198034161763,0.198022574093,0.2,0.9970392016,0.0209226953925,0.199273901025,0.199271586294
0.928,1,0.993232394032,0.0491513879249,0.198036473658,0.198024891627,0.2,0.997043380716,0.0208955827601,0.199274372169,0.19927204924
0.9282,1,0.99324221052,0.0490824412528,0.198038784391,0.198027208033,0.2,0.997047554415,0.020868495687,0.199274844896,0.199272513826
0.9284,1,0.993252013237,0.0490135822541,0.198041093954,0.198029523305,0.2,0.997051722702,0.0208414341903,0.199275319196,0.19927298004
0.9286,1,0.993261802199,0.0489448108535,0.19804340234,0.198031837434,0.2,0.997055885582,0.0208143982873,0.199275795057,0.199273447871
0.9288,1,0.993271577424,0.0488761269753,0.198045709543,0.198034150415,0.2,0.997060043059,0.0207873879944,0.199276272468,0.199273917308
0.929,1,0.99328133893,0.0488075305439,0.198048015556,0.198036462241,0.2,0.99706419514,0.0207604033285,0.19927675142,0.19927438834
0.9292,1,0.993291086735,0.0487390214837,0.198050320373,0.198038772904,0.2,0.997068341829,0.0207334443056,0.199277231901,0.199274860956
0.9294,1,0.993300820855,0.0486705997187,0.198052623987,0.198041082398,0.2,0.997072483131,0.0207065109419,0.1992777139,0.199275335145
0.9296,1,0.993310541308,0.0486022651732,0.19805492639,0.198043390716,0.2,0.997076619052,0.0206796032532,0.199278197406,0.199275810896
0.9298,1,0.993320248111,0.0485340177711,0.198057227578,0.198045697851,0.2,0.997080749596,0.0206527212553,0.19927868241,0.199276288198
0.93,1,0.993329941283,0.0484658574364,0.198059527543,0.198048003796,0.2,0.997084874769,0.0206258649633,0.199279168901,0.199276767041
0.9302,1,0.99333962084,0.0483977840928,0.198061826279,0.198050308545,0.2,0.997088994576,0.0205990343926,0.199279656867,0.199277247413
0.9304,1,0.993349286799,0.0483297976642,0.198064123779,0.198052612092,0.2,0.997093109022,0.020572229558,0.199280146299,0.199277729303
0.9306,1,0.993358939179,0.0482618980742,0.198066420038,0.19805491443,0.2,0.997097218112,0.0205454504743,0.199280637186,0.199278212703
0.9308,1,0.993368577996,0.0481940852464,0.198068715048,0.198057215551,0.2,0.997101321851,0.020518697156,0.199281129517,0.199278697599
0.931,1,0.993378203268,0.0481263591042,0.198071008803,0.19805951545,0.2,0.997105420245,0.0204919696174,0.199281623283,0.199279183983
0.9312,1,0.993387815011,0.0480587195712,0.198073301298,0.198061814121,0.2,0.997109513299,0.0204652678725,0.199282118473,0.199279671843
0.9314,1,0.993397413245,0.0479911665706,0.198075592526,0.198064111556,0.2,0.997113601017,0.0204385919351,0.199282615077,0.199280161169
0.9316,1,0.993406997985,0.0479237000257,0.198077882481,0.19806640775,0.2,0.997117683406,0.020411941819,0.199283113084,0.19928065195
0.9318,1,0.993416569249,0.0478563198596,0.198080171157,0.198068702697,0.2,0.997121760469,0.0203853175374,0.199283612485,0.199281144177
0.932,1,0.993426127054,0.0477890259954,0.198082458547,0.198070996389,0.2,0.997125832213,0.0203587191037,0.199284113269,0.199281637839
0.9322,1,0.993435671418,0.0477218183562,0.198084744646,0.19807328882,0.2,0.997129898642,0.0203321465307,0.199284615426,0.199282132925
0.9324,1,0.993445202357,0.0476546968649,0.198087029448,0.198075579985,0.2,0.997133959762,0.0203055998313,0.199285118946,0.199282629425
0.9326,1,0.993454719889,0.0475876614444,0.198089312946,0.198077869878,0.2,0.997138015578,0.020279079018,0.19928562382,0.199283127329
0.9328,1,0.993464224032,0.0475207120173,0.198091595135,0.198080158491,0.2,0.997142066095,0.0202525841031,0.199286130037,0.199283626627
0.933,1,0.993473714801,0.0474538485065,0.198093876009,0.19808244582,0.2,0.997146111318,0.0202261150988,0.199286637587,0.199284127309
0.9332,1,0.993483192216,0.0473870708346,0.198096155562,0.198084731858,0.2,0.997150151252,0.0201996720171,0.199287146461,0.199284629365
0.9334,1,0.993492656291,0.0473203789241,0.198098433788,0.198087016599,0.2,0.997154185903,0.0201732548695,0.199287656649,0.199285132784
0.9336,1,0.993502107046,0.0472537726974,0.198100710682,0.198089300037,0.2,0.997158215276,0.0201468636678,0.199288168141,0.199285637557
0.9338,1,0.993511544496,0.0471872520771,0.198102986238,0.198091582166,0.2,0.997162239376,0.020120498423,0.199288680927,0.199286143674
0.934,1,0.99352096866,0.0471208169855,0.198105260449,0.19809386298,0.2,0.997166258207,0.0200941591465,0.199289194997,0.199286651124
0.9342,1,0.993530379553,0.0470544673448,0.198107533311,0.198096142474,0.2,0.997170271777,0.020067845849,0.199289710343,0.199287159899
0.9344,1,0.993539777194,0.0469882030772,0.198109804818,0.198098420641,0.2,0.997174280088,0.0200415585412,0.199290226954,0.199287669988
0.9346,1,0.993549161599,0.0469220241049,0.198112074963,0.198100697477,0.2,0.997178283148,0.0200152972337,0.199290744821,0.199288181381
0.9348,1,0.993558532785,0.0468559303499,0.198114343743,0.198102972974,0.2,0.99718228096,0.0199890619367,0.199291263935,0.199288694069
0.935,1,0.993567890769,0.0467899217342,0.19811661115,0.198105247128,0.2,0.997186273531,0.0199628526604,0.199291784285,0.199289208042
0.9352,1,0.993577235569,0.0467239981798,0.19811887718,0.198107519932,0.2,0.997190260865,0.0199366694146,0.199292305863,0.199289723291
0.9354,1,0.993586567201,0.0466581596086,0.198121141827,0.198109791382,0.2,0.997194242967,0.0199105122091,0.199292828659,0.199290239805
0.9356,1,0.993595885682,0.0465924059422,0.198123405086,0.198112061471,0.2,0.997198219843,0.0198843810533,0.199293352664,0.199290757576
0.9358,1,0.993605191029,0.0465267371025,0.198125666952,0.198114330194,0.2,0.997202191498,0.0198582759565,0.199293877869,0.199291276594
0.936,1,0.99361448326,0.0464611530112,0.198127927419,0.198116597546,0.2,0.997206157938,0.0198321969279,0.199294404264,0.199291796849
0.9362,1,0.99362376239,0.0463956535898,0.198130186481,0.19811886352,0.2,0.997210119167,0.0198061439764,0.19929493184,0.199292318332
0.9364,1,0.993633028438,0.0463302387599,0.198132444134,0.198121128112,0.2,0.99721407519,0.0197801171107,0.199295460588,0.199292841033
0.9366,1,0.99364228142,0.046264908443,0.198134700372,0.198123391317,0.2,0.997218026013,0.0197541163393,0.199295990499,0.199293364944
0.9368,1,0.993651521352,0.0461996625604,0.19813695519,0.198125653128,0.2,0.997221971642,0.0197281416706,0.199296521563,0.199293890055
0.937,1,0.993660748253,0.0461345010337,0.198139208584,0.19812791354,0.2,0.99722591208,0.0197021931127,0.199297053773,0.199294416357
0.9372,1,0.993669962137,0.0460694237841,0.198141460547,0.198130172549,0.2,0.997229847334,0.0196762706737,0.199297587118,0.19929494384
0.9374,1,0.993679163024,0.0460044307328,0.198143711075,0.198132430148,0.2,0.997233777409,0.0196503743612,0.19929812159,0.199295472496
0.9376,1,0.993688350928,0.045939521801,0.198145960162,0.198134686334,0.2,0.99723770231,0.0196245041828,0.19929865718,0.199296002315
0.9378,1,0.993697525867,0.0458746969099,0.198148207805,0.198136941099,0.2,0.997241622042,0.0195986601461,0.19929919388,0.199296533288
0.938,1,0.993706687858,0.0458099559806,0.198150453997,0.19813919444,0.2,0.997245536611,0.0195728422581,0.199299731679,0.199297065406
0.9382,1,0.993715836918,0.045745298934,0.198152698734,0.198141446352,0.2,0.997249446021,0.019547050526,0.19930027057,0.199297598661
0.9384,1,0.993724973063,0.0456807256912,0.198154942011,0.198143696828,0.2,0.997253350278,0.0195212849565,0.199300810543,0.199298133042
0.9386,1,0.993734096311,0.0456162361731,0.198157183822,0.198145945865,0.2,0.997257249387,0.0194955455564,0.19930135159,0.199298668543
0.9388,1,0.993743206677,0.0455518303005,0.198159424164,0.198148193456,0.2,0.997261143353,0.0194698323321,0.199301893703,0.199299205152
0.939,1,0.993752304178,0.0454875079943,0.198161663032,0.198150439598,0.2,0.997265032182,0.01944414529,0.199302436873,0.199299742862
0.9392,1,0.993761388832,0.0454232691752,0.19816390042,0.198152684285,0.2,0.997268915879,0.0194184844361,0.19930298109,0.199300281664
0.9394,1,0.993770460655,0.0453591137639,0.198166136323,0.198154927512,0.2,0.997272794449,0.0193928497764,0.199303526347,0.19930082155
0.9396,1,0.993779519663,0.0452950416811,0.198168370738,0.198157169274,0.2,0.997276667897,0.0193672413167,0.199304072635,0.199301362509
0.9398,1,0.993788565874,0.0452310528475,0.198170603659,0.198159409567,0.2,0.997280536229,0.0193416590626,0.199304619946,0.199301904534
0.94,1,0.993797599303,0.0451671471835,0.198172835083,0.198161648385,0.2,0.99728439945,0.0193161030195,0.199305168271,0.199302447617
0.9402,1,0.993806619968,0.0451033246097,0.198175065003,0.198163885725,0.2,0.997288257564,0.0192905731926,0.199305717601,0.199302991748
0.9404,1,0.993815627885,0.0450395850465,0.198177293416,0.19816612158,0.2,0.997292110578,0.0192650695871,0.199306267929,0.199303536918
0.9406,1,0.993824623071,0.0449759284144,0.198179520317,0.198168355947,0.2,0.997295958497,0.0192395922078,0.199306819246,0.199304083121
0.9408,1,0.993833605542,0.0449123546338,0.198181745702,0.198170588821,0.2,0.997299801325,0.0192141410593,0.199307371544,0.199304630346
0.941,1,0.993842575314,0.044848863625,0.198183969565,0.198172820197,0.2,0.997303639068,0.0191887161464,0.199307924815,0.199305178585
0.9412,1,0.993851532406,0.0447854553082,0.198186191904,0.198175050071,0.2,0.997307471732,0.0191633174734,0.199308479049,0.199305727831
0.9414,1,0.993860476831,0.0447221296038,0.198188412712,0.198177278437,0.2,0.997311299321,0.0191379450444,0.19930903424,0.199306278075
0.9416,1,0.993869408609,0.0446588864319,0.198190631986,0.198179505292,0.2,0.997315121841,0.0191125988635,0.199309590379,0.199306829308
0.9418,1,0.993878327754,0.0445957257126,0.198192849722,0.198181730631,0.2,0.997318939296,0.0190872789346,0.199310147458,0.199307381522
0.942,1,0.993887234283,0.0445326473662,0.198195065915,0.198183954449,0.2,0.997322751693,0.0190619852614,0.199310705469,0.199307934709
0.9422,1,0.993896128214,0.0444696513126,0.198197280561,0.198186176743,0.2,0.997326559037,0.0190367178475,0.199311264403,0.199308488861
0.9424,1,0.993905009561,0.044406737472,0.198199493656,0.198188397506,0.2,0.997330361332,0.0190114766962,0.199311824254,0.19930904397
0.9426,1,0.993913878342,0.0443439057642,0.198201705195,0.198190616736,0.2,0.997334158585,0.0189862618107,0.199312385013,0.199309600027
0.9428,1,0.993922734574,0.0442811561093,0.198203915174,0.198192834428,0.2,0.997337950799,0.0189610731941,0.199312946671,0.199310157024
0.943,1,0.993931578271,0.0442184884272,0.198206123589,0.198195050577,0.2,0.997341737981,0.0189359108493,0.199313509222,0.199310714953
0.9432,1,0.993940409452,0.0441559026377,0.198208330436,0.198197265179,0.2,0.997345520136,0.0189107747789,0.199314072657,0.199311273807
0.9434,1,0.993949228131,0.0440933986607,0.198210535711,0.198199478231,0.2,0.997349297269,0.0188856649856,0.199314636969,0.199311833577
0.9436,1,0.993958034327,0.0440309764161,0.198212739409,0.198201689727,0.2,0.997353069386,0.0188605814717,0.19931520215,0.199312394255
0.9438,1,0.993966828054,0.0439686358235,0.198214941527,0.198203899663,0.2,0.997356836491,0.0188355242395,0.199315768191,0.199312955834
0.944,1,0.993975609329,0.0439063768027,0.198217142061,0.198206108036,0.2,0.997360598589,0.018810493291,0.199316335086,0.199313518306
0.9442,1,0.993984378169,0.0438441992735,0.198219341007,0.198208314841,0.2,0.997364355687,0.0187854886283,0.199316902827,0.199314081662
0.9444,1,0.99399313459,0.0437821031554,0.19822153836,0.198210520074,0.2,0.997368107789,0.018760510253,0.199317471406,0.199314645895
0.9446,1,0.994001878607,0.0437200883681,0.198223734117,0.198212723731,0.2,0.997371854901,0.0187355581668,0.199318040815,0.199315210997
0.9448,1,0.994010610238,0.0436581548313,0.198225928274,0.198214925808,0.2,0.997375597027,0.0187106323711,0.199318611047,0.199315776961
0.945,1,0.994019329499,0.0435963024644,0.198228120826,0.198217126301,0.2,0.997379334174,0.0186857328673,0.199319182095,0.199316343778
0.9452,1,0.994028036405,0.043534531187,0.198230311772,0.198219325206,0.2,0.997383066346,0.0186608596564,0.199319753951,0.199316911441
0.9454,1,0.994036730973,0.0434728409187,0.198232501105,0.198221522519,0.2,0.997386793548,0.0186360127394,0.199320326608,0.199317479943
0.9456,1,0.99404541322,0.0434112315789,0.198234688823,0.198223718237,0.2,0.997390515787,0.0186111921173,0.199320900057,0.199318049276
0.9458,1,0.99405408316,0.043349703087,0.198236874922,0.198225912354,0.2,0.997394233066,0.0185863977907,0.199321474292,0.199318619432
0.946,1,0.994062740811,0.0432882553625,0.198239059398,0.198228104867,0.2,0.997397945392,0.0185616297601,0.199322049306,0.199319190404
0.9462,1,0.994071386189,0.0432268883248,0.198241242247,0.198230295774,0.2,0.99740165277,0.018536888026,0.199322625091,0.199319762185
0.9464,1,0.994080019309,0.0431656018931,0.198243423466,0.198232485068,0.2,0.997405355204,0.0185121725885,0.19932320164,0.199320334766
0.9466,1,0.994088640189,0.043104395987,0.198245603052,0.198234672748,0.2,0.997409052701,0.0184874834477,0.199323778945,0.199320908141
0.9468,1,0.994097248843,0.0430432705255,0.198247781,0.198236858809,0.2,0.997412745265,0.0184628206037,0.199324357,0.199321482302
0.947,1,0.994105845288,0.0429822254282,0.198249957307,0.198239043247,0.2,0.997416432902,0.0184381840561,0.199324935797,0.199322057241
0.9472,1,0.99411442954,0.0429212606141,0.198252131969,0.198241226059,0.2,0.997420115617,0.0184135738048,0.199325515329,0.199322632952
0.9474,1,0.994123001615,0.0428603760025,0.198254304983,0.198243407241,0.2,0.997423793415,0.018388989849,0.199326095589,0.199323209428
0.9476,1,0.994131561529,0.0427995715127,0.198256476345,0.198245586789,0.2,0.997427466301,0.0183644321883,0.19932667657,0.19932378666
0.9478,1,0.994140109299,0.0427388470638,0.198258646053,0.1982477647,0.2,0.997431134281,0.0183399008218,0.199327258265,0.199324364642
0.948,1,0.994148644939,0.042678202575,0.198260814102,0.198249940971,0.2,0.99743479736,0.0183153957487,0.199327840667,0.199324943367
0.9482,1,0.994157168467,0.0426176379654,0.198262980488,0.198252115597,0.2,0.997438455544,0.0182909169678,0.199328423769,0.199325522827
0.9484,1,0.994165679898,0.0425571531541,0.19826514521,0.198254288575,0.2,0.997442108837,0.0182664644779,0.199329007563,0.199326103015
0.9486,1,0.994174179247,0.0424967480603,0.198267308263,0.198256459902,0.2,0.997445757244,0.0182420382777,0.199329592044,0.199326683925
0.9488,1,0.994182666532,0.0424364226029,0.198269469644,0.198258629574,0.2,0.997449400772,0.0182176383657,0.199330177204,0.199327265549
0.949,1,0.994191141767,0.0423761767011,0.198271629349,0.198260797588,0.2,0.997453039425,0.0181932647403,0.199330763037,0.19932784788
0.9492,1,0.994199604969,0.0423160102739,0.198273787376,0.19826296394,0.2,0.997456673208,0.0181689173996,0.199331349534,0.199328430911
0.9494,1,0.994208056154,0.0422559232403,0.198275943721,0.198265128628,0.2,0.997460302128,0.0181445963419,0.199331936691,0.199329014636
0.9496,1,0.994216495337,0.0421959155193,0.198278098381,0.198267291646,0.2,0.997463926188,0.0181203015651,0.1993325245,0.199329599047
0.9498,1,0.994224922534,0.0421359870298,0.198280251353,0.198269452993,0.2,0.997467545395,0.0180960330669,0.199333112954,0.199330184137
0.95,1,0.994233337762,0.0420761376909,0.198282402633,0.198271612665,0.2,0.997471159753,0.018071790845,0.199333702047,0.199330769901
0.9502,1,0.994241741035,0.0420163674215,0.198284552219,0.198273770659,0.2,0.997474769268,0.0180475748971,0.199334291772,0.19933135633
0.9504,1,0.99425013237,0.0419566761405,0.198286700107,0.198275926971,0.2,0.997478373945,0.0180233852206,0.199334882122,0.199331943418
0.9506,1,0.994258511783,0.0418970637667,0.198288846294,0.198278081598,0.2,0.997481973789,0.0179992218126,0.199335473091,0.199332531159
0.9508,1,0.994266879289,0.0418375302192,0.198290990777,0.198280234537,0.2,0.997485568806,0.0179750846704,0.199336064672,0.199333119545
0.951,1,0.994275234904,0.0417780754168,0.198293133554,0.198282385785,0.2,0.997489159001,0.017950973791,0.199336656858,0.199333708571
0.9512,1,0.994283578644,0.0417186992783,0.19829527462,0.198284535339,0.2,0.997492744379,0.0179268891713,0.199337249644,0.199334298228
0.9514,1,0.994291910525,0.0416594017227,0.198297413974,0.198286683195,0.2,0.997496324945,0.017902830808,0.199337843023,0.199334888511
0.9516,1,0.994300230561,0.0416001826687,0.198299551611,0.198288829351,0.2,0.997499900705,0.0178787986978,0.199338436988,0.199335479414
0.9518,1,0.994308538769,0.0415410420351,0.19830168753,0.198290973803,0.2,0.997503471663,0.0178547928372,0.199339031533,0.199336070929
0.952,1,0.994316835165,0.0414819797409,0.198303821727,0.198293116548,0.2,0.997507037826,0.0178308132225,0.199339626652,0.19933666305
0.9522,1,0.994325119765,0.0414229957047,0.198305954199,0.198295257584,0.2,0.997510599198,0.0178068598499,0.199340222338,0.19933725577
0.9524,1,0.994333392583,0.0413640898454,0.198308084944,0.198297396907,0.2,0.997514155784,0.0177829327157,0.199340818584,0.199337849084
0.9526,1,0.994341653635,0.0413052620818,0.198310213958,0.198299534514,0.2,0.997517707591,0.0177590318158,0.199341415386,0.199338442984
0.9528,1,0.994349902937,0.0412465123326,0.19831234124,0.198301670403,0.2,0.997521254622,0.0177351571459,0.199342012735,0.199339037464
0.953,1,0.994358140506,0.0411878405166,0.198314466785,0.198303804571,0.2,0.997524796884,0.017711308702,0.199342610627,0.199339632518
0.9532,1,0.994366366355,0.0411292465526,0.198316590591,0.198305937013,0.2,0.997528334381,0.0176874864796,0.199343209055,0.19934022814
0.9534,1,0.994374580501,0.0410707303592,0.198318712656,0.198308067729,0.2,0.997531867119,0.0176636904742,0.199343808012,0.199340824323
0.9536,1,0.994382782959,0.0410122918553,0.198320832977,0.198310196714,0.2,0.997535395103,0.0176399206811,0.199344407493,0.199341421061
0.9538,1,0.994390973745,0.0409539309595,0.198322951551,0.198312323967,0.2,0.997538918339,0.0176161770957,0.199345007492,0.199342018347
0.954,1,0.994399152875,0.0408956475906,0.198325068376,0.198314449484,0.2,0.997542436831,0.0175924597129,0.199345608002,0.199342616176
0.9542,1,0.994407320363,0.0408374416673,0.198327183448,0.198316573262,0.2,0.997545950584,0.0175687685279,0.199346209018,0.199343214541
0.9544,1,0.994415476226,0.0407793131083,0.198329296765,0.198318695299,0.2,0.997549459605,0.0175451035355,0.199346810533,0.199343813437
0.9546,1,0.994423620478,0.0407212618323,0.198331408325,0.198320815592,0.2,0.997552963898,0.0175214647305,0.199347412541,0.199344412856
0.9548,1,0.994431753136,0.040663287758,0.198333518125,0.198322934139,0.2,0.997556463468,0.0174978521076,0.199348015037,0.199345012793
0.955,1,0.994439874214,0.040605390804,0.198335626162,0.198325050936,0.2,0.997559958322,0.0174742656611,0.199348618014,0.199345613242
0.9552,1,0.994447983728,0.0405475708892,0.198337732434,0.198327165981,0.2,0.997563448463,0.0174507053856,0.199349221467,0.199346214196
0.9554,1,0.994456081694,0.0404898279321,0.198339836938,0.198329279272,0.2,0.997566933897,0.0174271712754,0.19934982539,0.19934681565
0.9556,1,0.994464168126,0.0404321618514,0.198341939673,0.198331390805,0.2,0.99757041463,0.0174036633246,0.199350429777,0.199347417598
0.9558,1,0.994472243041,0.0403745725659,0.198344040635,0.198333500579,0.2,0.997573890666,0.0173801815273,0.199351034622,0.199348020034
0.956,1,0.994480306453,0.0403170599941,0.198346139821,0.19833560859,0.2,0.997577362011,0.0173567258774,0.199351639919,0.199348622952
0.9562,1,0.994488358377,0.0402596240549,0.198348237231,0.198337714836,0.2,0.99758082867,0.0173332963688,0.199352245662,0.199349226345
0.9564,1,0.99449639883,0.0402022646667,0.19835033286,0.198339819315,0.2,0.997584290649,0.0173098929951,0.199352851847,0.199349830208
0.9566,1,0.994504427827,0.0401449817484,0.198352426708,0.198341922024,0.2,0.997587747952,0.0172865157501,0.199353458466,0.199350434536
0.9568,1,0.994512445382,0.0400877752186,0.198354518771,0.198344022961,0.2,0.997591200585,0.0172631646271,0.199354065515,0.199351039322
0.957,1,0.994520451511,0.0400306449959,0.198356609047,0.198346122123,0.2,0.997594648553,0.0172398396195,0.199354672988,0.199351644561
0.9572,1,0.994528446229,0.0399735909991,0.198358697534,0.198348219508,0.2,0.997598091861,0.0172165407207,0.199355280879,0.199352250246
0.9574,1,0.994536429552,0.0399166131467,0.198360784229,0.198350315113,0.2,0.997601530515,0.0171932679237,0.199355889182,0.199352856373
0.9576,1,0.994544401494,0.0398597113576,0.198362869131,0.198352408936,0.2,0.997604964519,0.0171700212216,0.199356497893,0.199353462935
0.9578,1,0.994552362071,0.0398028855502,0.198364952236,0.198354500975,0.2,0.997608393879,0.0171468006074,0.199357107004,0.199354069926
0.958,1,0.994560311298,0.0397461356435,0.198367033544,0.198356591227,0.2,0.9976118186,0.0171236060739,0.199357716512,0.199354677342
0.9582,1,0.99456824919,0.0396894615559,0.198369113051,0.198358679691,0.2,0.997615238688,0.0171004376137,0.19935832641,0.199355285176
0.9584,1,0.994576175763,0.0396328632062,0.198371190756,0.198360766363,0.2,0.997618654147,0.0170772952196,0.199358936694,0.199355893423
0.9586,1,0.994584091031,0.0395763405131,0.198373266656,0.198362851241,0.2,0.997622064983,0.017054178884,0.199359547356,0.199356502077
0.9588,1,0.99459199501,0.0395198933953,0.198375340749,0.198364934324,0.2,0.9976254712,0.0170310885994,0.199360158393,0.199357111133
0.959,1,0.994599887714,0.0394635217714,0.198377413033,0.198367015609,0.2,0.997628872805,0.0170080243579,0.199360769799,0.199357720585
0.9592,1,0.994607769159,0.0394072255602,0.198379483507,0.198369095094,0.2,0.997632269802,0.0169849861518,0.199361381568,0.199358330428
0.9594,1,0.99461563936,0.0393510046804,0.198381552167,0.198371172776,0.2,0.997635662197,0.0169619739733,0.199361993695,0.199358940656
0.9596,1,0.994623498332,0.0392948590507,0.198383619012,0.198373248655,0.2,0.997639049995,0.0169389878141,0.199362606174,0.199359551263
0.9598,1,0.99463134609,0.0392387885898,0.19838568404,0.198375322726,0.2,0.9976424332,0.0169160276664,0.199363219002,0.199360162246
0.96,1,0.994639182648,0.0391827932164,0.198387747248,0.198377394989,0.2,0.997645811819,0.0168930935217,0.199363832171,0.199360773597
0.9602,1,0.994647008023,0.0391268728493,0.198389808636,0.198379465441,0.2,0.997649185856,0.0168701853718,0.199364445678,0.199361385312
0.9604,1,0.994654822229,0.0390710274072,0.198391868201,0.19838153408,0.2,0.997652555317,0.0168473032083,0.199365059516,0.199361997385
0.9606,1,0.99466262528,0.0390152568088,0.19839392594,0.198383600904,0.2,0.997655920206,0.0168244470226,0.199365673681,0.199362609811
0.9608,1,0.994670417192,0.038959560973,0.198395981853,0.198385665911,0.2,0.997659280529,0.0168016168061,0.199366288167,0.199363222585
0.961,1,0.99467819798,0.0389039398184,0.198398035936,0.198387729099,0.2,0.997662636292,0.01677881255,0.19936690297,0.199363835702
0.9612,1,0.994685967659,0.0388483932638,0.198400088189,0.198389790467,0.2,0.997665987499,0.0167560342456,0.199367518084,0.199364449155
0.9614,1,0.994693726243,0.0387929212281,0.19840213861,0.198391850011,0.2,0.997669334155,0.0167332818839,0.199368133504,0.199365062941
0.9616,1,0.994701473748,0.03873752363,0.198404187196,0.198393907731,0.2,0.997672676266,0.0167105554558,0.199368749225,0.199365677054
0.9618,1,0.994709210188,0.0386822003883,0.198406233945,0.198395963624,0.2,0.997676013837,0.0166878549523,0.199369365242,0.199366291488
0.962,1,0.994716935578,0.0386269514218,0.198408278857,0.198398017688,0.2,0.997679346873,0.0166651803641,0.199369981551,0.199366906239
0.9622,1,0.994724649933,0.0385717766494,0.198410321929,0.198400069922,0.2,0.99768267538,0.0166425316819,0.199370598145,0.199367521301
0.9624,1,0.994732353269,0.0385166759899,0.198412363159,0.198402120323,0.2,0.997685999361,0.0166199088963,0.199371215021,0.19936813667
0.9626,1,0.994740045598,0.0384616493621,0.198414402545,0.19840416889,0.2,0.997689318824,0.0165973119978,0.199371832173,0.19936875234
0.9628,1,0.994747726938,0.0384066966849,0.198416440087,0.198406215621,0.2,0.997692633772,0.0165747409767,0.199372449596,0.199369368307
0.963,1,0.994755397301,0.0383518178772,0.198418475782,0.198408260514,0.2,0.997695944211,0.0165521958234,0.199373067286,0.199369984565
0.9632,1,0.994763056704,0.0382970128578,0.198420509628,0.198410303568,0.2,0.997699250147,0.0165296765281,0.199373685237,0.199370601109
0.9634,1,0.99477070516,0.0382422815457,0.198422541625,0.19841234478,0.2,0.997702551583,0.0165071830809,0.199374303445,0.199371217935
0.9636,1,0.994778342685,0.0381876238597,0.198424571769,0.198414384149,0.2,0.997705848526,0.0164847154718,0.199374921905,0.199371835037
0.9638,1,0.994785969293,0.0381330397189,0.198426600061,0.198416421673,0.2,0.997709140981,0.0164622736907,0.199375540612,0.19937245241
0.964,1,0.994793584999,0.0380785290421,0.198428626497,0.198418457351,0.2,0.997712428953,0.0164398577275,0.199376159562,0.199373070051
0.9642,1,0.994801189817,0.0380240917482,0.198430651076,0.19842049118,0.2,0.997715712446,0.0164174675719,0.199376778749,0.199373687953
0.9644,1,0.994808783763,0.0379697277564,0.198432673798,0.198422523159,0.2,0.997718991467,0.0163951032136,0.199377398169,0.199374306112
0.9646,1,0.99481636685,0.0379154369855,0.198434694659,0.198424553287,0.2,0.99772226602,0.0163727646422,0.199378017818,0.199374924524
0.9648,1,0.994823939094,0.0378612193545,0.19843671366,0.198426581561,0.2,0.99772553611,0.016350451847,0.19937863769,0.199375543182
0.965,1,0.994831500509,0.0378070747825,0.198438730797,0.198428607981,0.2,0.997728801743,0.0163281648176,0.199379257781,0.199376162084
0.9652,1,0.994839051109,0.0377530031885,0.198440746071,0.198430632544,0.2,0.997732062924,0.0163059035432,0.199379878087,0.199376781223
0.9654,1,0.99484659091,0.0376990044916,0.198442759478,0.19843265525,0.2,0.997735319657,0.016283668013,0.199380498602,0.199377400596
0.9656,1,0.994854119926,0.0376450786108,0.198444771019,0.198434676095,0.2,0.997738571949,0.0162614582161,0.199381119322,0.199378020197
0.9658,1,0.994861638171,0.0375912254652,0.198446780691,0.19843669508,0.2,0.997741819804,0.0162392741416,0.199381740243,0.199378640022
0.966,1,0.99486914566,0.037537444974,0.198448788493,0.198438712202,0.2,0.997745063227,0.0162171157785,0.199382361361,0.199379260067
0.9662,1,0.994876642408,0.0374837370562,0.198450794423,0.19844072746,0.2,0.997748302224,0.0161949831155,0.199382982669,0.199379880325
0.9664,1,0.994884128428,0.0374301016311,0.19845279848,0.198442740853,0.2,0.997751536799,0.0161728761415,0.199383604165,0.199380500794
0.9666,1,0.994891603736,0.0373765386176,0.198454800663,0.198444752378,0.2,0.997754766958,0.0161507948452,0.199384225844,0.199381121468
0.9668,1,0.994899068345,0.0373230479352,0.198456800971,0.198446762035,0.2,0.997757992706,0.0161287392152,0.199384847701,0.199381742343
0.967,1,0.994906522271,0.0372696295029,0.198458799402,0.198448769822,0.2,0.997761214047,0.0161067092399,0.199385469731,0.199382363415
0.9672,1,0.994913965528,0.0372162832399,0.198460795954,0.198450775738,0.2,0.997764430988,0.0160847049079,0.199386091931,0.199382984678
0.9674,1,0.99492139813,0.0371630090656,0.198462790627,0.198452779781,0.2,0.997767643534,0.0160627262076,0.199386714297,0.199383606129
0.9676,1,0.994928820091,0.0371098068992,0.198464783419,0.198454781951,0.2,0.997770851688,0.0160407731271,0.199387336822,0.199384227762
0.9678,1,0.994936231426,0.0370566766599,0.198466774329,0.198456782244,0.2,0.997774055457,0.0160188456547,0.199387959505,0.199384849574
0.968,1,0.99494363215,0.0370036182672,0.198468763356,0.198458780661,0.2,0.997777254846,0.0159969437785,0.199388582339,0.19938547156
0.9682,1,0.994951022276,0.0369506316402,0.198470750498,0.1984607772,0.2,0.99778044986,0.0159750674866,0.199389205321,0.199386093716
0.9684,1,0.99495840182,0.0368977166984,0.198472735754,0.19846277186,0.2,0.997783640503,0.0159532167668,0.199389828447,0.199386716037
0.9686,1,0.994965770794,0.0368448733612,0.198474719124,0.198464764639,0.2,0.997786826781,0.0159313916072,0.199390451711,0.199387338519
0.9688,1,0.994973129215,0.0367921015479,0.198476700605,0.198466755536,0.2,0.9977900087,0.0159095919953,0.199391075111,0.199387961157
0.969,1,0.994980477095,0.0367394011779,0.198478680197,0.19846874455,0.2,0.997793186263,0.0158878179191,0.199391698642,0.199388583948
0.9692,1,0.994987814449,0.0366867721708,0.198480657898,0.198470731679,0.2,0.997796359477,0.0158660693661,0.1993923223,0.199389206887
0.9694,1,0.994995141292,0.036634214446,0.198482633708,0.198472716923,0.2,0.997799528346,0.0158443463239,0.19939294608,0.19938982997
0.9696,1,0.995002457638,0.0365817279229,0.198484607625,0.19847470028,0.2,0.997802692876,0.0158226487799,0.199393569979,0.199390453192
0.9698,1,0.9950097635,0.0365293125211,0.198486579649,0.198476681749,0.2,0.997805853072,0.0158009767216,0.199394193991,0.199391076549
0.97,1,0.995017058894,0.0364769681602,0.198488549777,0.198478661329,0.2,0.997809008938,0.0157793301363,0.199394818114,0.199391700038
0.9702,1,0.995024343833,0.0364246947597,0.19849051801,0.198480639019,0.2,0.997812160479,0.0157577090113,0.199395442344,0.199392323653
0.9704,1,0.995031618331,0.0363724922391,0.198492484345,0.198482614817,0.2,0.997815307702,0.0157361133337,0.199396066675,0.199392947391
0.9706,1,0.995038882403,0.0363203605182,0.198494448783,0.198484588722,0.2,0.997818450611,0.0157145430907,0.199396691104,0.199393571248
0.9708,1,0.995046136063,0.0362682995166,0.198496411321,0.198486560735,0.2,0.99782158921,0.0156929982692,0.199397315628,0.199394195219
0.971,1,0.995053379325,0.036216309154,0.198498371959,0.198488530852,0.2,0.997824723506,0.0156714788563,0.199397940241,0.199394819301
0.9712,1,0.995060612203,0.0361643893499,0.198500330697,0.198490499073,0.2,0.997827853503,0.0156499848387,0.199398564941,0.199395443489
0.9714,1,0.995067834711,0.0361125400243,0.198502287532,0.198492465398,0.2,0.997830979206,0.0156285162034,0.199399189723,0.199396067779
0.9716,1,0.995075046863,0.0360607610968,0.198504242465,0.198494429825,0.2,0.997834100621,0.0156070729371,0.199399814583,0.199396692168
0.9718,1,0.995082248674,0.0360090524872,0.198506195493,0.198496392353,0.2,0.997837217752,0.0155856550263,0.199400439517,0.199397316651
0.972,1,0.995089440157,0.0359574141153,0.198508146617,0.198498352981,0.2,0.997840330604,0.0155642624578,0.199401064522,0.199397941224
0.9722,1,0.995096621326,0.035905845901,0.198510095835,0.198500311708,0.2,0.997843439183,0.015542895218,0.199401689593,0.199398565884
0.9724,1,0.995103792195,0.0358543477641,0.198512043146,0.198502268533,0.2,0.997846543494,0.0155215532934,0.199402314727,0.199399190626
0.9726,1,0.995110952779,0.0358029196246,0.19851398855,0.198504223456,0.2,0.997849643541,0.0155002366703,0.19940293992,0.199399815446
0.9728,1,0.995118103091,0.0357515614023,0.198515932045,0.198506176475,0.2,0.99785273933,0.0154789453351,0.199403565168,0.199400440341
0.973,1,0.995125243146,0.0357002730172,0.198517873632,0.198508127589,0.2,0.997855830866,0.0154576792741,0.199404190468,0.199401065306
0.9732,1,0.995132372957,0.0356490543894,0.198519813308,0.198510076797,0.2,0.997858918154,0.0154364384733,0.199404815815,0.199401690339
0.9734,1,0.995139492538,0.0355979054387,0.198521751073,0.198512024099,0.2,0.997862001199,0.0154152229189,0.199405441206,0.199402315434
0.9736,1,0.995146601903,0.0355468260853,0.198523686927,0.198513969494,0.2,0.997865080005,0.0153940325969,0.199406066637,0.199402940588
0.9738,1,0.995153701067,0.0354958162493,0.198525620869,0.198515912981,0.2,0.997868154579,0.0153728674933,0.199406692104,0.199403565798
0.974,1,0.995160790042,0.0354448758507,0.198527552897,0.198517854558,0.2,0.997871224924,0.015351727594,0.199407317604,0.199404191059
0.9742,1,0.995167868843,0.0353940048097,0.198529483011,0.198519794226,0.2,0.997874291047,0.0153306128848,0.199407943133,0.199404816368
0.9744,1,0.995174937483,0.0353432030465,0.198531411211,0.198521731983,0.2,0.997877352951,0.0153095233514,0.199408568687,0.199405441721
0.9746,1,0.995181995977,0.0352924704813,0.198533337495,0.198523667829,0.2,0.997880410643,0.0152884589797,0.199409194263,0.199406067114
0.9748,1,0.995189044339,0.0352418070342,0.198535261863,0.198525601762,0.2,0.997883464127,0.0152674197552,0.199409819857,0.199406692544
0.975,1,0.995196082581,0.0351912126256,0.198537184314,0.198527533782,0.2,0.997886513408,0.0152464056635,0.199410445465,0.199407318006
0.9752,1,0.995203110719,0.0351406871758,0.198539104848,0.198529463889,0.2,0.997889558492,0.01522541669,0.199411071085,0.199407943498
0.9754,1,0.995210128765,0.0350902306051,0.198541023463,0.19853139208,0.2,0.997892599382,0.0152044528203,0.199411696712,0.199408569016
0.9756,1,0.995217136733,0.0350398428339,0.19854294016,0.198533318357,0.2,0.997895636085,0.0151835140397,0.199412322343,0.199409194555
0.9758,1,0.995224134638,0.0349895237825,0.198544854937,0.198535242718,0.2,0.997898668605,0.0151626003336,0.199412947974,0.199409820112
0.976,1,0.995231122493,0.0349392733715,0.198546767794,0.198537165162,0.2,0.997901696947,0.0151417116871,0.199413573602,0.199410445685
0.9762,1,0.995238100311,0.0348890915212,0.198548678731,0.198539085688,0.2,0.997904721117,0.0151208480854,0.199414199223,0.199411071268
0.9764,1,0.995245068107,0.0348389781523,0.198550587746,0.198541004297,0.2,0.997907741119,0.0151000095137,0.199414824834,0.199411696859
0.9766,1,0.995252025893,0.0347889331851,0.198552494839,0.198542920987,0.2,0.997910756958,0.0150791959571,0.199415450431,0.199412322454
0.9768,1,0.995258973685,0.0347389565403,0.19855440001,0.198544835757,0.2,0.99791376864,0.0150584074005,0.199416076012,0.199412948049
0.977,1,0.995265911494,0.0346890481386,0.198556303258,0.198546748608,0.2,0.997916776168,0.0150376438289,0.199416701572,0.199413573642
0.9772,1,0.995272839336,0.0346392079004,0.198558204582,0.198548659538,0.2,0.997919779549,0.0150169052272,0.199417327108,0.199414199228
0.9774,1,0.995279757223,0.0345894357466,0.198560103982,0.198550568547,0.2,0.997922778788,0.0149961915801,0.199417952618,0.199414824804
0.9776,1,0.995286665169,0.0345397315979,0.198562001458,0.198552475634,0.2,0.997925773888,0.0149755028725,0.199418578096,0.199415450367
0.9778,1,0.995293563188,0.0344900953749,0.198563897008,0.198554380798,0.2,0.997928764856,0.014954839089,0.199419203541,0.199416075913
0.978,1,0.995300451294,0.0344405269985,0.198565790633,0.19855628404,0.2,0.997931751696,0.0149342002144,0.199419828949,0.199416701438
0.9782,1,0.995307329499,0.0343910263894,0.198567682332,0.198558185359,0.2,0.997934734413,0.014913586233,0.199420454316,0.19941732694
0.9784,1,0.995314197818,0.0343415934687,0.198569572104,0.198560084753,0.2,0.997937713013,0.0148929971296,0.199421079639,0.199417952416
0.9786,1,0.995321056263,0.0342922281571,0.198571459949,0.198561982223,0.2,0.997940687499,0.0148724328885,0.199421704915,0.19941857786
0.9788,1,0.99532790485,0.0342429303755,0.198573345867,0.198563877769,0.2,0.997943657878,0.0148518934942,0.199422330141,0.199419203271
0.979,1,0.99533474359,0.0341937000451,0.198575229857,0.198565771388,0.2,0.997946624154,0.014831378931,0.199422955314,0.199419828645
0.9792,1,0.995341572497,0.0341445370867,0.198577111919,0.198567663082,0.2,0.997949586332,0.0148108891833,0.19942358043,0.199420453979
0.9794,1,0.995348391585,0.0340954414214,0.198578992052,0.198569552849,0.2,0.997952544417,0.0147904242351,0.199424205485,0.199421079269
0.9796,1,0.995355200868,0.0340464129704,0.198580870256,0.19857144069,0.2,0.997955498413,0.0147699840708,0.199424830478,0.199421704512
0.9798,1,0.995362000358,0.0339974516546,0.19858274653,0.198573326603,0.2,0.997958448327,0.0147495686745,0.199425455405,0.199422329706
0.98,1,0.99536879007,0.0339485573954,0.198584620875,0.198575210588,0.2,0.997961394163,0.0147291780302,0.199426080262,0.199422954845
0.9802,1,0.995375570016,0.0338997301139,0.19858649329,0.198577092646,0.2,0.997964335925,0.014708812122,0.199426705046,0.199423579929
0.9804,1,0.99538234021,0.0338509697313,0.198588363774,0.198578972775,0.2,0.997967273619,0.0146884709337,0.199427329755,0.199424204952
0.9806,1,0.995389100665,0.033802276169,0.198590232328,0.198580850974,0.2,0.99797020725,0.0146681544494,0.199427954385,0.199424829913
0.9808,1,0.995395851395,0.0337536493482,0.19859209895,0.198582727245,0.2,0.997973136823,0.0146478626529,0.199428578933,0.199425454807
0.981,1,0.995402592413,0.0337050891903,0.198593963641,0.198584601586,0.2,0.997976062342,0.014627595528,0.199429203396,0.199426079632
0.9812,1,0.995409323732,0.0336565956167,0.198595826401,0.198586473997,0.2,0.997978983812,0.0146073530583,0.199429827771,0.199426704385
0.9814,1,0.995416045365,0.0336081685489,0.198597687228,0.198588344478,0.2,0.99798190124,0.0145871352277,0.199430452056,0.199427329062
0.9816,1,0.995422757327,0.0335598079083,0.198599546124,0.198590213028,0.2,0.997984814628,0.0145669420198,0.199431076246,0.199427953661
0.9818,1,0.99542945963,0.0335115136165,0.198601403087,0.198592079647,0.2,0.997987723983,0.0145467734182,0.199431700339,0.199428578178
0.982,1,0.995436152287,0.0334632855951,0.198603258117,0.198593944335,0.2,0.997990629308,0.0145266294063,0.199432324332,0.19942920261
0.9822,1,0.995442835312,0.0334151237655,0.198605111215,0.198595807092,0.2,0.99799353061,0.0145065099678,0.199432948223,0.199429826955
0.9824,1,0.995449508717,0.0333670280496,0.198606962379,0.198597667916,0.2,0.997996427893,0.014486415086,0.199433572007,0.199430451208
0.9826,1,0.995456172517,0.0333189983689,0.19860881161,0.198599526809,0.2,0.997999321162,0.0144663447443,0.199434195683,0.199431075368
0.9828,1,0.995462826724,0.0332710346453,0.198610658907,0.198601383769,0.2,0.998002210422,0.014446298926,0.199434819247,0.199431699431
0.983,1,0.995469471351,0.0332231368004,0.198612504271,0.198603238797,0.2,0.998005095678,0.0144262776146,0.199435442696,0.199432323394
0.9832,1,0.995476106412,0.0331753047562,0.198614347701,0.198605091892,0.2,0.998007976934,0.0144062807931,0.199436066028,0.199432947254
0.9834,1,0.99548273192,0.0331275384344,0.198616189198,0.198606943054,0.2,0.998010854196,0.0143863084448,0.199436689239,0.199433571009
0.9836,1,0.995489347887,0.033079837757,0.19861802876,0.198608792282,0.2,0.998013727468,0.0143663605528,0.199437312327,0.199434194655
0.9838,1,0.995495954328,0.0330322026459,0.198619866387,0.198610639578,0.2,0.998016596755,0.0143464371003,0.199437935289,0.199434818189
0.984,1,0.995502551254,0.0329846330231,0.198621702081,0.19861248494,0.2,0.998019462063,0.0143265380702,0.199438558122,0.199435441609
0.9842,1,0.99550913868,0.0329371288107,0.19862353584,0.198614328368,0.2,0.998022323395,0.0143066634456,0.199439180823,0.199436064912
0.9844,1,0.995515716618,0.0328896899306,0.198625367664,0.198616169862,0.2,0.998025180758,0.0142868132094,0.19943980339,0.199436688094
0.9846,1,0.995522285082,0.0328423163051,0.198627197554,0.198618009423,0.2,0.998028034156,0.0142669873445,0.19944042582,0.199437311153
0.9848,1,0.995528844083,0.0327950078563,0.198629025509,0.198619847049,0.2,0.998030883593,0.0142471858339,0.199441048109,0.199437934087
0.985,1,0.995535393636,0.0327477645064,0.198630851529,0.198621682741,0.2,0.998033729074,0.0142274086602,0.199441670256,0.199438556891
0.9852,1,0.995541933753,0.0327005861777,0.198632675615,0.198623516499,0.2,0.998036570606,0.0142076558063,0.199442292257,0.199439179564
0.9854,1,0.995548464448,0.0326534727924,0.198634497765,0.198625348322,0.2,0.998039408191,0.0141879272548,0.19944291411,0.199439802103
0.9856,1,0.995554985733,0.0326064242729,0.198636317981,0.198627178211,0.2,0.998042241836,0.0141682229886,0.199443535812,0.199440424504
0.9858,1,0.995561497621,0.0325594405417,0.198638136262,0.198629006165,0.2,0.998045071544,0.0141485429901,0.19944415736,0.199441046766
0.986,1,0.995568000125,0.032512521521,0.198639952608,0.198630832184,0.2,0.998047897322,0.014128887242,0.199444778752,0.199441668885
0.9862,1,0.995574493258,0.0324656671335,0.198641767019,0.198632656269,0.2,0.998050719173,0.0141092557268,0.199445399986,0.199442290858
0.9864,1,0.995580977034,0.0324188773016,0.198643579495,0.198634478419,0.2,0.998053537103,0.014089648427,0.199446021057,0.199442912684
0.9866,1,0.995587451464,0.0323721519479,0.198645390037,0.198636298634,0.2,0.998056351116,0.0140700653252,0.199446641965,0.199443534358
0.9868,1,0.995593916563,0.032325490995,0.198647198643,0.198638116915,0.2,0.998059161217,0.0140505064035,0.199447262705,0.19944415588
0.987,1,0.995600372341,0.0322788943656,0.198649005315,0.19863993326,0.2,0.998061967411,0.0140309716446,0.199447883276,0.199444777245
0.9872,1,0.995606818814,0.0322323619824,0.198650810052,0.198641747671,0.2,0.998064769703,0.0140114610306,0.199448503676,0.199445398451
0.9874,1,0.995613255993,0.0321858937682,0.198652612854,0.198643560147,0.2,0.998067568098,0.0139919745439,0.1994491239,0.199446019496
0.9876,1,0.99561968389,0.0321394896457,0.198654413722,0.198645370689,0.2,0.998070362601,0.0139725121667,0.199449743948,0.199446640377
0.9878,1,0.99562610252,0.0320931495378,0.198656212655,0.198647179295,0.2,0.998073153216,0.0139530738813,0.199450363816,0.199447261091
0.988,1,0.995632511895,0.0320468733675,0.198658009654,0.198648985967,0.2,0.998075939947,0.0139336596697,0.199450983501,0.199447881636
0.9882,1,0.995638912027,0.0320006610575,0.198659804719,0.198650790705,0.2,0.998078722801,0.013914269514,0.199451603002,0.199448502009
0.9884,1,0.99564530293,0.0319545125311,0.19866159785,0.198652593508,0.2,0.998081501782,0.0138949033965,0.199452222316,0.199449122208
0.9886,1,0.995651684615,0.0319084277111,0.198663389046,0.198654394376,0.2,0.998084276894,0.013875561299,0.19945284144,0.199449742229
0.9888,1,0.995658057097,0.0318624065206,0.198665178309,0.19865619331,0.2,0.998087048143,0.0138562432037,0.199453460372,0.199450362072
0.989,1,0.995664420386,0.0318164488829,0.198666965638,0.19865799031,0.2,0.998089815533,0.0138369490924,0.19945407911,0.199450981732
0.9892,1,0.995670774497,0.0317705547211,0.198668751034,0.198659785376,0.2,0.998092579069,0.0138176789471,0.19945469765,0.199451601207
0.9894,1,0.995677119442,0.0317247239584,0.198670534496,0.198661578507,0.2,0.998095338755,0.0137984327496,0.199455315991,0.199452220496
0.9896,1,0.995683455233,0.0316789565181,0.198672316024,0.198663369705,0.2,0.998098094597,0.0137792104819,0.199455934131,0.199452839595
0.9898,1,0.995689781884,0.0316332523236,0.19867409562,0.198665158969,0.2,0.9981008466,0.0137600121257,0.199456552066,0.199453458502
0.99,1,0.995696099406,0.0315876112982,0.198675873283,0.198666946299,0.2,0.998103594767,0.0137408376627,0.199457169794,0.199454077215
0.9902,1,0.995702407813,0.0315420333653,0.198677649014,0.198668731696,0.2,0.998106339105,0.0137216870747,0.199457787313,0.199454695731
0.9904,1,0.995708707117,0.0314965184485,0.198679422812,0.19867051516,0.2,0.998109079617,0.0137025603434,0.199458404621,0.199455314047
0.9906,1,0.99571499733,0.0314510664712,0.198681194678,0.19867229669,0.2,0.998111816308,0.0136834574504,0.199459021716,0.199455932162
0.9908,1,0.995721278465,0.0314056773571,0.198682964612,0.198674076288,0.2,0.998114549184,0.0136643783774,0.199459638594,0.199456550073
0.991,1,0.995727550535,0.0313603510297,0.198684732614,0.198675853953,0.2,0.998117278248,0.0136453231059,0.199460255254,0.199457167777
0.9912,1,0.995733813553,0.0313150874128,0.198686498686,0.198677629685,0.2,0.998120003507,0.0136262916175,0.199460871693,0.199457785272
0.9914,1,0.99574006753,0.0312698864301,0.198688262825,0.198679403485,0.2,0.998122724964,0.0136072838937,0.199461487909,0.199458402556
0.9916,1,0.99574631248,0.0312247480053,0.198690025034,0.198681175353,0.2,0.998125442624,0.0135882999159,0.199462103901,0.199459019627
0.9918,1,0.995752548414,0.0311796720623,0.198691785313,0.198682945289,0.2,0.998128156491,0.0135693396656,0.199462719664,0.199459636482
0.992,1,0.995758775346,0.0311346585249,0.198693543661,0.198684713294,0.2,0.998130866572,0.0135504031241,0.199463335198,0.199460253118
0.9922,1,0.995764993287,0.0310897073171,0.198695300079,0.198686479368,0.2,0.99813357287,0.0135314902729,0.1994639505,0.199460869534
0.9924,1,0.995771202251,0.0310448183629,0.198697054568,0.19868824351,0.2,0.99813627539,0.0135126010933,0.199464565568,0.199461485727
0.9926,1,0.995777402249,0.0309999915864,0.198698807127,0.198690005722,0.2,0.998138974137,0.0134937355666,0.199465180399,0.199462101696
0.9928,1,0.995783593295,0.0309552269115,0.198700557758,0.198691766003,0.2,0.998141669116,0.013474893674,0.199465794992,0.199462717436
0.993,1,0.9957897754,0.0309105242624,0.198702306459,0.198693524354,0.2,0.998144360331,0.0134560753967,0.199466409344,0.199463332947
0.9932,1,0.995795948576,0.0308658835633,0.198704053233,0.198695280775,0.2,0.998147047787,0.013437280716,0.199467023453,0.199463948227
0.9934,1,0.995802112837,0.0308213047385,0.198705798078,0.198697035266,0.2,0.998149731489,0.013418509613,0.199467637318,0.199464563272
0.9936,1,0.995808268195,0.0307767877122,0.198707540996,0.198698787829,0.2,0.998152411442,0.0133997620689,0.199468250934,0.199465178081
0.9938,1,0.995814414661,0.0307323324089,0.198709281987,0.198700538462,0.2,0.998155087649,0.0133810380647,0.199468864302,0.199465792652
0.994,1,0.995820552249,0.0306879387528,0.198711021051,0.198702287167,0.2,0.998157760117,0.0133623375815,0.199469477418,0.199466406982
0.9942,1,0.99582668097,0.0306436066684,0.198712758188,0.198704033944,0.2,0.998160428849,0.0133436606003,0.19947009028,0.199467021069
0.9944,1,0.995832800838,0.0305993360802,0.198714493399,0.198705778793,0.2,0.99816309385,0.0133250071022,0.199470702887,0.199467634911
0.9946,1,0.995838911863,0.0305551269129,0.198716226685,0.198707521714,0.2,0.998165755126,0.013306377068,0.199471315236,0.199468248506
0.9948,1,0.995845014059,0.0305109790909,0.198717958046,0.198709262708,0.2,0.99816841268,0.0132877704788,0.199471927325,0.199468861852
0.995,1,0.995851107437,0.0304668925389,0.198719687482,0.198711001776,0.2,0.998171066517,0.0132691873155,0.199472539152,0.199469474947
0.9952,1,0.995857192011,0.0304228671818,0.198721414994,0.198712738917,0.2,0.998173716643,0.0132506275588,0.199473150715,0.199470087788
0.9954,1,0.995863267791,0.0303789029441,0.198723140582,0.198714474132,0.2,0.998176363061,0.0132320911898,0.199473762012,0.199470700373
0.9956,1,0.995869334791,0.0303349997508,0.198724864246,0.198716207422,0.2,0.998179005777,0.0132135781891,0.199474373041,0.199471312701
0.9958,1,0.995875393023,0.0302911575267,0.198726585987,0.198717938787,0.2,0.998181644794,0.0131950885375,0.1994749838,0.199471924769
0.996,1,0.995881442498,0.0302473761967,0.198728305807,0.198719668227,0.2,0.998184280119,0.0131766222159,0.199475594287,0.199472536575
0.9962,1,0.995887483229,0.0302036556858,0.198730023704,0.198721395743,0.2,0.998186911755,0.0131581792049,0.1994762045,0.199473148118
0.9964,1,0.995893515228,0.0301599959191,0.198731739679,0.198723121335,0.2,0.998189539707,0.0131397594853,0.199476814437,0.199473759394
0.9966,1,0.995899538508,0.0301163968217,0.198733453734,0.198724845004,0.2,0.998192163979,0.0131213630376,0.199477424096,0.199474370403
0.9968,1,0.995905553079,0.0300728583186,0.198735165868,0.19872656675,0.2,0.998194784577,0.0131029898427,0.199478033476,0.199474981141
0.997,1,0.995911558955,0.030029380335,0.198736876082,0.198728286573,0.2,0.998197401505,0.0130846398809,0.199478642573,0.199475591608
0.9972,1,0.995917556148,0.0299859627963,0.198738584376,0.198730004475,0.2,0.998200014768,0.013066313133,0.199479251387,0.199476201801
0.9974,1,0.995923544669,0.0299426056278,0.198740290752,0.198731720455,0.2,0.99820262437,0.0130480095795,0.199479859915,0.199476811718
0.9976,1,0.995929524531,0.0298993087547,0.198741995209,0.198733434515,0.2,0.998205230316,0.0130297292009,0.199480468155,0.199477421358
0.9978,1,0.995935495745,0.0298560721025,0.198743697749,0.198735146654,0.2,0.99820783261,0.0130114719777,0.199481076106,0.199478030717
0.998,1,0.995941458324,0.0298128955967,0.198745398371,0.198736856873,0.2,0.998210431258,0.0129932378904,0.199481683766,0.199478639795
0.9982,1,0.99594741228,0.0297697791628,0.198747097076,0.198738565172,0.2,0.998213026263,0.0129750269195,0.199482291132,0.199479248589
0.9984,1,0.995953357625,0.0297267227264,0.198748793866,0.198740271553,0.2,0.998215617631,0.0129568390453,0.199482898204,0.199479857098
0.9986,1,0.99595929437,0.029683726213,0.198750488739,0.198741976016,0.2,0.998218205366,0.0129386742482,0.199483504978,0.199480465319
0.9988,1,0.995965222528,0.0296407895485,0.198752181698,0.19874367856,0.2,0.998220789472,0.0129205325087,0.199484111454,0.199481073251
0.999,1,0.995971142111,0.0295979126585,0.198753872742,0.198745379188,0.2,0.998223369955,0.012902413807,0.199484717629,0.199481680891
0.9992,1,0.99597705313,0.0295550954689,0.198755561873,0.198747077899,0.2,0.998225946819,0.0128843181235,0.199485323501,0.199482288239
0.9994,1,0.995982955597,0.0295123379055,0.19875724909,0.198748774694,0.2,0.998228520068,0.0128662454385,0.19948592907,0.199482895291
0.9996,1,0.995988849525,0.0294696398942,0.198758934394,0.198750469573,0.2,0.998231089707,0.0128481957322,0.199486534333,0.199483502047
0.9998,1,0.995994734925,0.029427001361,0.198760617787,0.198752162537,0.2,0.998233655741,0.0128301689848,0.199487139287,0.199484108504
1,1,0.99600061181,0.029384422232,0.198762299268,0.198753853587,0.2,0.998236218174,0.0128121651766,0.199487743933,0.199484714661
1.0002,1,0.99600648019,0.0293419024331,0.198763978839,0.198755542723,0.2,0.99823877701,0.0127941842878,0.199488348267,0.199485320515
1.0004,1,0.996012340079,0.0292994418906,0.198765656499,0.198757229946,0.2,0.998241332256,0.0127762262986,0.199488952288,0.199485926065
1.0006,1,0.996018191487,0.0292570405306,0.19876733225,0.198758915257,0.2,0.998243883914,0.012758291189,0.199489555994,0.19948653131
1.0008,1,0.996024034427,0.0292146982794,0.198769006093,0.198760598656,0.2,0.99824643199,0.0127403789392,0.199490159384,0.199487136247
1.001,1,0.99602986891,0.0291724150632,0.198770678027,0.198762280143,0.2,0.998248976488,0.0127224895293,0.199490762455,0.199487740874
1.0012,1,0.996035694948,0.0291301908086,0.198772348054,0.19876395972,0.2,0.998251517412,0.0127046229394,0.199491365207,0.19948834519
1.0014,1,0.996041512553,0.0290880254419,0.198774016174,0.198765637387,0.2,0.998254054768,0.0126867791495,0.199491967637,0.199488949194
1.0016,1,0.996047321737,0.0290459188895,0.198775682388,0.198767313144,0.2,0.99825658856,0.0126689581397,0.199492569744,0.199489552882
1.0018,1,0.996053122511,0.029003871078,0.198777346696,0.198768986993,0.2,0.998259118792,0.0126511598899,0.199493171526,0.199490156255
1.002,1,0.996058914887,0.028961881934,0.1987790091,0.198770658934,0.2,0.998261645469,0.0126333843801,0.199493772981,0.199490759309
1.0022,1,0.996064698877,0.0289199513842,0.1987806696,0.198772328967,0.2,0.998264168595,0.0126156315904,0.199494374108,0.199491362043
1.0024,1,0.996070474493,0.0288780793552,0.198782328197,0.198773997094,0.2,0.998266688175,0.0125979015005,0.199494974906,0.199491964456
1.0026,1,0.996076241746,0.0288362657739,0.198783984892,0.198775663314,0.2,0.998269204214,0.0125801940906,0.199495575371,0.199492566546
1.0028,1,0.996082000649,0.028794510567,0.198785639684,0.19877732763,0.2,0.998271716716,0.0125625093403,0.199496175504,0.199493168311
1.003,1,0.996087751211,0.0287528136615,0.198787292575,0.198778990041,0.2,0.998274225685,0.0125448472297,0.199496775302,0.19949376975
1.0032,1,0.996093493446,0.0287111749843,0.198788943567,0.198780650548,0.2,0.998276731127,0.0125272077386,0.199497374763,0.19949437086
1.0034,1,0.996099227365,0.0286695944623,0.198790592658,0.198782309151,0.2,0.998279233045,0.0125095908468,0.199497973887,0.199494971641
1.0036,1,0.99610495298,0.0286280720227,0.198792239851,0.198783965853,0.2,0.998281731444,0.0124919965341,0.199498572671,0.19949557209
1.0038,1,0.996110670301,0.0285866075925,0.198793885146,0.198785620652,0.2,0.998284226329,0.0124744247803,0.199499171114,0.199496172206
1.004,1,0.996116379341,0.028545201099,0.198795528543,0.198787273551,0.2,0.998286717704,0.0124568755652,0.199499769215,0.199496771988
1.0042,1,0.996122080112,0.0285038524693,0.198797170044,0.198788924549,0.2,0.998289205574,0.0124393488685,0.199500366971,0.199497371433
1.0044,1,0.996127772624,0.0284625616308,0.198798809649,0.198790573648,0.2,0.998291689943,0.01242184467,0.199500964382,0.199497970541
1.0046,1,0.99613345689,0.0284213285108,0.198800447359,0.198792220848,0.2,0.998294170816,0.0124043629494,0.199501561446,0.199498569309
1.0048,1,0.99613913292,0.0283801530367,0.198802083175,0.198793866151,0.2,0.998296648196,0.0123869036863,0.19950215816,0.199499167736
1.005,1,0.996144800728,0.028339035136,0.198803717098,0.198795509556,0.2,0.99829912209,0.0123694668605,0.199502754525,0.199499765821
1.0052,1,0.996150460322,0.0282979747362,0.198805349129,0.198797151064,0.2,0.9983015925,0.0123520524517,0.199503350538,0.199500363562
1.0054,1,0.996156111717,0.0282569717649,0.198806979267,0.198798790677,0.2,0.998304059432,0.0123346604393,0.199503946197,0.199500960957
1.0056,1,0.996161754922,0.0282160261497,0.198808607515,0.198800428395,0.2,0.998306522891,0.0123172908032,0.199504541502,0.199501558005
1.0058,1,0.99616738995,0.0281751378184,0.198810233872,0.198802064219,0.2,0.998308982879,0.0122999435228,0.199505136451,0.199502154705
1.006,1,0.996173016811,0.0281343066987,0.198811858341,0.19880369815,0.2,0.998311439403,0.0122826185778,0.199505731042,0.199502751054
1.0062,1,0.996178635517,0.0280935327185,0.198813480921,0.198805330188,0.2,0.998313892466,0.0122653159476,0.199506325274,0.199503347051
1.0064,1,0.996184246081,0.0280528158055,0.198815101613,0.198806960334,0.2,0.998316342073,0.012248035612,0.199506919146,0.199503942696
1.0066,1,0.996189848512,0.0280121558878,0.198816720419,0.19880858859,0.2,0.998318788229,0.0122307775503,0.199507512655,0.199504537986
1.0068,1,0.996195442822,0.0279715528934,0.198818337339,0.198810214956,0.2,0.998321230937,0.0122135417422,0.199508105802,0.19950513292
1.007,1,0.996201029024,0.0279310067503,0.198819952373,0.198811839432,0.2,0.998323670203,0.0121963281671,0.199508698583,0.199505727496
1.0072,1,0.996206607127,0.0278905173867,0.198821565524,0.198813462021,0.2,0.99832610603,0.0121791368045,0.199509290999,0.199506321714
1.0074,1,0.996212177144,0.0278500847307,0.198823176792,0.198815082721,0.2,0.998328538424,0.0121619676338,0.199509883047,0.199506915571
1.0076,1,0.996217739086,0.0278097087105,0.198824786177,0.198816701535,0.2,0.998330967388,0.0121448206345,0.199510474726,0.199507509066
1.0078,1,0.996223292964,0.0277693892546,0.198826393681,0.198818318464,0.2,0.998333392927,0.0121276957861,0.199511066034,0.199508102198
1.008,1,0.996228838789,0.0277291262912,0.198827999304,0.198819933507,0.2,0.998335815046,0.0121105930679,0.199511656971,0.199508694965
1.0082,1,0.996234376573,0.0276889197487,0.198829603047,0.198821546666,0.2,0.998338233748,0.0120935124594,0.199512247535,0.199509287366
1.0084,1,0.996239906327,0.0276487695557,0.198831204912,0.198823157943,0.2,0.998340649039,0.0120764539399,0.199512837725,0.1995098794
1.0086,1,0.996245428062,0.0276086756407,0.198832804899,0.198824767337,0.2,0.998343060922,0.0120594174889,0.199513427539,0.199510471065
1.0088,1,0.99625094179,0.0275686379323,0.198834403009,0.198826374849,0.2,0.998345469403,0.0120424030856,0.199514016976,0.19951106236
1.009,1,0.996256447521,0.0275286563592,0.198835999243,0.198827980481,0.2,0.998347874485,0.0120254107094,0.199514606034,0.199511653283
1.0092,1,0.996261945267,0.02748873085,0.198837593601,0.198829584233,0.2,0.998350276173,0.0120084403396,0.199515194713,0.199512243833
1.0094,1,0.996267435039,0.0274488613337,0.198839186086,0.198831186107,0.2,0.998352674472,0.0119914919556,0.199515783011,0.199512834009
1.0096,1,0.996272916849,0.0274090477389,0.198840776697,0.198832786103,0.2,0.998355069385,0.0119745655366,0.199516370927,0.19951342381
1.0098,1,0.996278390707,0.0273692899947,0.198842365437,0.198834384222,0.2,0.998357460917,0.011957661062,0.19951695846,0.199514013233
1.01,1,0.996283856624,0.02732958803,0.198843952304,0.198835980465,0.2,0.998359849073,0.0119407785109,0.199517545607,0.199514602278
1.0102,1,0.996289314613,0.0272899417738,0.198845537302,0.198837574833,0.2,0.998362233856,0.0119239178627,0.199518132369,0.199515190944
1.0104,1,0.996294764683,0.0272503511553,0.19884712043,0.198839167326,0.2,0.998364615272,0.0119070790965,0.199518718743,0.199515779229
1.0106,1,0.996300206846,0.0272108161036,0.198848701689,0.198840757947,0.2,0.998366993324,0.0118902621917,0.199519304729,0.199516367132
1.0108,1,0.996305641114,0.0271713365478,0.198850281081,0.198842346696,0.2,0.998369368018,0.0118734671274,0.199519890325,0.199516954651
1.011,1,0.996311067496,0.0271319124173,0.198851858607,0.198843933573,0.2,0.998371739357,0.0118566938829,0.19952047553,0.199517541786
1.0112,1,0.996316486005,0.0270925436415,0.198853434267,0.19884551858,0.2,0.998374107345,0.0118399424372,0.199521060342,0.199518128535
1.0114,1,0.996321896651,0.0270532301496,0.198855008063,0.198847101717,0.2,0.998376471988,0.0118232127697,0.199521644762,0.199518714896
1.0116,1,0.996327299445,0.0270139718713,0.198856579994,0.198848682986,0.2,0.998378833289,0.0118065048594,0.199522228786,0.199519300869
1.0118,1,0.996332694399,0.0269747687359,0.198858150064,0.198850262388,0.2,0.998381191252,0.0117898186856,0.199522812415,0.199519886453
1.012,1,0.996338081523,0.0269356206731,0.198859718272,0.198851839923,0.2,0.998383545883,0.0117731542273,0.199523395647,0.199520471645
1.0122,1,0.996343460829,0.0268965276126,0.198861284619,0.198853415593,0.2,0.998385897185,0.0117565114636,0.199523978481,0.199521056445
1.0124,1,0.996348832326,0.026857489484,0.198862849107,0.198854989398,0.2,0.998388245164,0.0117398903738,0.199524560915,0.199521640852
1.0126,1,0.996354196028,0.0268185062171,0.198864411736,0.19885656134,0.2,0.998390589822,0.0117232909369,0.199525142949,0.199522224865
1.0128,1,0.996359551943,0.0267795777417,0.198865972508,0.198858131419,0.2,0.998392931164,0.0117067131319,0.199525724581,0.199522808482
1.013,1,0.996364900084,0.0267407039878,0.198867531424,0.198859699637,0.2,0.998395269196,0.0116901569381,0.19952630581,0.199523391701
1.0132,1,0.996370240461,0.0267018848853,0.198869088484,0.198861265994,0.2,0.99839760392,0.0116736223344,0.199526886635,0.199523974523
1.0134,1,0.996375573085,0.0266631203642,0.198870643689,0.198862830492,0.2,0.998399935342,0.0116571092999,0.199527467056,0.199524556946
1.0136,1,0.996380897967,0.0266244103546,0.198872197042,0.198864393132,0.2,0.998402263466,0.0116406178137,0.19952804707,0.199525138968
1.0138,1,0.996386215118,0.0265857547867,0.198873748542,0.198865953914,0.2,0.998404588295,0.0116241478548,0.199528626677,0.199525720588
1.014,1,0.996391524549,0.0265471535906,0.198875298191,0.198867512839,0.2,0.998406909835,0.0116076994022,0.199529205875,0.199526301806
1.0142,1,0.99639682627,0.0265086066967,0.198876845989,0.19886906991,0.2,0.99840922809,0.0115912724349,0.199529784664,0.19952688262
1.0144,1,0.996402120293,0.0264701140351,0.198878391939,0.198870625126,0.2,0.998411543063,0.011574866932,0.199530363042,0.199527463028
1.0146,1,0.996407406628,0.0264316755365,0.19887993604,0.198872178488,0.2,0.99841385476,0.0115584828725,0.199530941009,0.199528043031
1.0148,1,0.996412685286,0.0263932911311,0.198881478295,0.198873729999,0.2,0.998416163184,0.0115421202353,0.199531518563,0.199528622627
1.015,1,0.996417956279,0.0263549607496,0.198883018703,0.198875279658,0.2,0.998418468339,0.0115257789994,0.199532095703,0.199529201814
1.0152,1,0.996423219615,0.0263166843225,0.198884557267,0.198876827467,0.2,0.998420770231,0.0115094591439,0.199532672428,0.199529780592
1.0154,1,0.996428475308,0.0262784617805,0.198886093987,0.198878373427,0.2,0.998423068863,0.0114931606476,0.199533248738,0.199530358959
1.0156,1,0.996433723366,0.0262402930542,0.198887628865,0.198879917539,0.2,0.99842536424,0.0114768834895,0.19953382463,0.199530936915
1.0158,1,0.996438963802,0.0262021780744,0.198889161901,0.198881459804,0.2,0.998427656366,0.0114606276485,0.199534400105,0.199531514458
1.016,1,0.996444196625,0.026164116772,0.198890693096,0.198883000223,0.2,0.998429945244,0.0114443931037,0.19953497516,0.199532091587
1.0162,1,0.996449421847,0.0261261090779,0.198892222452,0.198884538798,0.2,0.99843223088,0.0114281798339,0.199535549796,0.199532668302
1.0164,1,0.996454639478,0.0260881549231,0.19889374997,0.198886075529,0.2,0.998434513278,0.011411987818,0.19953612401,0.199533244601
1.0166,1,0.996459849529,0.0260502542385,0.198895275651,0.198887610417,0.2,0.998436792441,0.0113958170349,0.199536697803,0.199533820483
1.0168,1,0.99646505201,0.0260124069552,0.198896799496,0.198889143464,0.2,0.998439068375,0.0113796674637,0.199537271173,0.199534395947
1.017,1,0.996470246933,0.0259746130044,0.198898321505,0.19889067467,0.2,0.998441341082,0.011363539083,0.199537844118,0.199534970992
1.0172,1,0.996475434307,0.0259368723174,0.198899841682,0.198892204037,0.2,0.998443610569,0.0113474318719,0.199538416639,0.199535545617
1.0174,1,0.996480614144,0.0258991848253,0.198901360025,0.198893731566,0.2,0.998445876838,0.0113313458092,0.199538988733,0.199536119821
1.0176,1,0.996485786454,0.0258615504596,0.198902876537,0.198895257258,0.2,0.998448139894,0.0113152808738,0.199539560401,0.199536693604
1.0178,1,0.996490951248,0.0258239691516,0.198904391219,0.198896781114,0.2,0.998450399742,0.0112992370446,0.199540131641,0.199537266963
1.018,1,0.996496108536,0.0257864408328,0.198905904071,0.198898303135,0.2,0.998452656384,0.0112832143003,0.199540702452,0.199537839899
1.0182,1,0.99650125833,0.0257489654347,0.198907415096,0.198899823322,0.2,0.998454909827,0.0112672126199,0.199541272834,0.19953841241
1.0184,1,0.996506400638,0.025711542889,0.198908924293,0.198901341677,0.2,0.998457160073,0.0112512319822,0.199541842784,0.199538984494
1.0186,1,0.996511535473,0.0256741731273,0.198910431665,0.1989028582,0.2,0.998459407128,0.0112352723661,0.199542412304,0.199539556152
1.0188,1,0.996516662844,0.0256368560812,0.198911937212,0.198904372893,0.2,0.998461650995,0.0112193337503,0.19954298139,0.199540127383
1.019,1,0.996521782762,0.0255995916827,0.198913440936,0.198905885757,0.2,0.998463891678,0.0112034161138,0.199543550043,0.199540698184
1.0192,1,0.996526895238,0.0255623798636,0.198914942838,0.198907396793,0.2,0.998466129182,0.0111875194352,0.199544118262,0.199541268556
1.0194,1,0.996532000282,0.0255252205557,0.198916442918,0.198908906002,0.2,0.99846836351,0.0111716436935,0.199544686046,0.199541838497
1.0196,1,0.996537097905,0.0254881136911,0.198917941179,0.198910413385,0.2,0.998470594668,0.0111557888674,0.199545253394,0.199542408007
1.0198,1,0.996542188117,0.0254510592017,0.198919437621,0.198911918944,0.2,0.998472822659,0.0111399549358,0.199545820304,0.199542977084
1.02,1,0.996547270928,0.0254140570198,0.198920932245,0.198913422679,0.2,0.998475047488,0.0111241418774,0.199546386777,0.199543545728
1.0202,1,0.99655234635,0.0253771070774,0.198922425053,0.198914924592,0.2,0.998477269157,0.011108349671,0.199546952811,0.199544113938
1.0204,1,0.996557414392,0.0253402093069,0.198923916046,0.198916424684,0.2,0.998479487673,0.0110925782955,0.199547518405,0.199544681713
1.0206,1,0.996562475064,0.0253033636404,0.198925405224,0.198917922957,0.2,0.998481703039,0.0110768277295,0.199548083559,0.199545249051
1.0208,1,0.996567528378,0.0252665700104,0.19892689259,0.19891941941,0.2,0.998483915258,0.0110610979519,0.199548648272,0.199545815953
1.021,1,0.996572574344,0.0252298283493,0.198928378145,0.198920914046,0.2,0.998486124336,0.0110453889415,0.199549212542,0.199546382416
1.0212,1,0.996577612972,0.0251931385897,0.198929861889,0.198922406866,0.2,0.998488330276,0.0110297006769,0.19954977637,0.199546948442
1.0214,1,0.996582644272,0.0251565006639,0.198931343824,0.198923897871,0.2,0.998490533083,0.0110140331371,0.199550339753,0.199547514027
1.0216,1,0.996587668255,0.0251199145047,0.198932823951,0.198925387061,0.2,0.99849273276,0.0109983863006,0.199550902692,0.199548079172
1.0218,1,0.996592684931,0.0250833800448,0.198934302272,0.198926874439,0.2,0.998494929312,0.0109827601464,0.199551465186,0.199548643876
1.022,1,0.99659769431,0.0250468972169,0.198935778786,0.198928360006,0.2,0.998497122743,0.0109671546531,0.199552027233,0.199549208138
1.0222,1,0.996602696403,0.0250104659538,0.198937253497,0.198929843762,0.2,0.998499313057,0.0109515697994,0.199552588834,0.199549771957
1.0224,1,0.996607691221,0.0249740861884,0.198938726405,0.198931325709,0.2,0.998501500258,0.0109360055642,0.199553149986,0.199550335333
1.0226,1,0.996612678772,0.0249377578537,0.198940197511,0.198932805848,0.2,0.99850368435,0.0109204619261,0.19955371069,0.199550898263
1.0228,1,0.996617659068,0.0249014808826,0.198941666816,0.198934284181,0.2,0.998505865338,0.010904938864,0.199554270945,0.199551460749
1.023,1,0.996622632119,0.0248652552082,0.198943134322,0.198935760708,0.2,0.998508043226,0.0108894363564,0.199554830749,0.199552022788
1.0232,1,0.996627597936,0.0248290807637,0.19894460003,0.198937235431,0.2,0.998510218016,0.0108739543822,0.199555390103,0.19955258438
1.0234,1,0.996632556527,0.0247929574822,0.198946063941,0.19893870835,0.2,0.998512389715,0.0108584929201,0.199555949004,0.199553145525
1.0236,1,0.996637507904,0.0247568852971,0.198947526056,0.198940179468,0.2,0.998514558325,0.0108430519487,0.199556507454,0.199553706221
1.0238,1,0.996642452077,0.0247208641417,0.198948986378,0.198941648786,0.2,0.998516723852,0.0108276314469,0.19955706545,0.199554266467
1.024,1,0.996647389056,0.0246848939493,0.198950444906,0.198943116304,0.2,0.998518886298,0.0108122313933,0.199557622992,0.199554826264
1.0242,1,0.996652318851,0.0246489746534,0.198951901642,0.198944582025,0.2,0.998521045668,0.0107968517666,0.199558180079,0.199555385609
1.0244,1,0.996657241472,0.0246131061875,0.198953356588,0.198946045948,0.2,0.998523201967,0.0107814925457,0.199558736712,0.199555944503
1.0246,1,0.99666215693,0.0245772884854,0.198954809744,0.198947508076,0.2,0.998525355198,0.010766153709,0.199559292888,0.199556502945
1.0248,1,0.996667065234,0.0245415214805,0.198956261113,0.19894896841,0.2,0.998527505365,0.0107508352355,0.199559848607,0.199557060934
1.025,1,0.996671966395,0.0245058051066,0.198957710695,0.19895042695,0.2,0.998529652472,0.0107355371037,0.199560403868,0.199557618468
1.0252,1,0.996676860423,0.0244701392975,0.198959158491,0.198951883699,0.2,0.998531796524,0.0107202592924,0.199560958672,0.199558175548
1.0254,1,0.996681747328,0.0244345239871,0.198960604504,0.198953338658,0.2,0.998533937524,0.0107050017803,0.199561513016,0.199558732173
1.0256,1,0.996686627119,0.0243989591092,0.198962048733,0.198954791827,0.2,0.998536075477,0.0106897645461,0.199562066901,0.199559288342
1.0258,1,0.996691499808,0.0243634445979,0.198963491181,0.198956243208,0.2,0.998538210387,0.0106745475684,0.199562620326,0.199559844053
1.026,1,0.996696365404,0.0243279803872,0.198964931848,0.198957692803,0.2,0.998540342257,0.010659350826,0.199563173289,0.199560399308
1.0262,1,0.996701223918,0.0242925664112,0.198966370737,0.198959140612,0.2,0.998542471092,0.0106441742976,0.199563725791,0.199560954104
1.0264,1,0.996706075358,0.0242572026041,0.198967807848,0.198960586637,0.2,0.998544596895,0.0106290179618,0.19956427783,0.199561508441
1.0266,1,0.996710919736,0.0242218889001,0.198969243182,0.198962030879,0.2,0.998546719672,0.0106138817975,0.199564829407,0.199562062319
1.0268,1,0.996715757061,0.0241866252336,0.198970676742,0.19896347334,0.2,0.998548839425,0.0105987657831,0.19956538052,0.199562615737
1.027,1,0.996720587343,0.0241514115388,0.198972108527,0.19896491402,0.2,0.998550956159,0.0105836698975,0.199565931169,0.199563168693
1.0272,1,0.996725410593,0.0241162477504,0.19897353854,0.198966352921,0.2,0.998553069878,0.0105685941193,0.199566481352,0.199563721188
1.0274,1,0.99673022682,0.0240811338026,0.198974966782,0.198967790045,0.2,0.998555180585,0.0105535384273,0.199567031071,0.199564273221
1.0276,1,0.996735036034,0.0240460696302,0.198976393254,0.198969225393,0.2,0.998557288286,0.0105385028001,0.199567580322,0.199564824791
1.0278,1,0.996739838245,0.0240110551677,0.198977817958,0.198970658965,0.2,0.998559392983,0.0105234872163,0.199568129108,0.199565375897
1.028,1,0.996744633463,0.0239760903499,0.198979240894,0.198972090764,0.2,0.998561494682,0.0105084916548,0.199568677425,0.199565926539
1.0282,1,0.996749421698,0.0239411751115,0.198980662065,0.19897352079,0.2,0.998563593385,0.0104935160941,0.199569225275,0.199566476717
1.0284,1,0.99675420296,0.0239063093873,0.198982081471,0.198974949045,0.2,0.998565689097,0.010478560513,0.199569772656,0.199567026428
1.0286,1,0.996758977258,0.0238714931122,0.198983499113,0.19897637553,0.2,0.998567781822,0.0104636248902,0.199570319568,0.199567575674
1.0288,1,0.996763744604,0.0238367262213,0.198984914994,0.198977800247,0.2,0.998569871564,0.0104487092043,0.19957086601,0.199568124453
1.029,1,0.996768505005,0.0238020086495,0.198986329114,0.198979223196,0.2,0.998571958326,0.0104338134341,0.199571411982,0.199568672764
1.0292,1,0.996773258473,0.0237673403319,0.198987741476,0.19898064438,0.2,0.998574042114,0.0104189375582,0.199571957482,0.199569220608
1.0294,1,0.996778005018,0.0237327212037,0.198989152079,0.198982063799,0.2,0.99857612293,0.0104040815553,0.199572502511,0.199569767983
1.0296,1,0.996782744648,0.0236981512001,0.198990560925,0.198983481455,0.2,0.998578200779,0.0103892454041,0.199573047068,0.199570314888
1.0298,1,0.996787477374,0.0236636302563,0.198991968017,0.198984897349,0.2,0.998580275665,0.0103744290834,0.199573591152,0.199570861324
1.03,1,0.996792203205,0.0236291583078,0.198993373355,0.198986311483,0.2,0.998582347592,0.0103596325717,0.199574134763,0.19957140729
1.0302,1,0.996796922153,0.02359473529,0.19899477694,0.198987723857,0.2,0.998584416563,0.0103448558479,0.1995746779,0.199571952784
1.0304,1,0.996801634225,0.0235603611383,0.198996178774,0.198989134474,0.2,0.998586482583,0.0103300988905,0.199575220562,0.199572497807
1.0306,1,0.996806339432,0.0235260357883,0.198997578858,0.198990543334,0.2,0.998588545655,0.0103153616783,0.19957576275,0.199573042358
1.0308,1,0.996811037784,0.0234917591756,0.198998977194,0.198991950439,0.2,0.998590605784,0.0103006441901,0.199576304462,0.199573586437
1.031,1,0.99681572929,0.0234575312359,0.199000373783,0.19899335579,0.2,0.998592662973,0.0102859464044,0.199576845699,0.199574130042
1.0312,1,0.99682041396,0.0234233519049,0.199001768626,0.198994759388,0.2,0.998594717227,0.0102712683,0.199577386458,0.199574673173
1.0314,1,0.996825091805,0.0233892211185,0.199003161725,0.198996161236,0.2,0.998596768549,0.0102566098556,0.199577926741,0.19957521583
1.0316,1,0.996829762832,0.0233551388125,0.199004553081,0.198997561334,0.2,0.998598816943,0.01024197105,0.199578466546,0.199575758012
1.0318,1,0.996834427053,0.0233211049228,0.199005942696,0.198998959683,0.2,0.998600862413,0.0102273518617,0.199579005873,0.199576299719
1.032,1,0.996839084477,0.0232871193856,0.19900733057,0.199000356286,0.2,0.998602904964,0.0102127522696,0.199579544722,0.19957684095
1.0322,1,0.996843735114,0.0232531821368,0.199008716705,0.199001751143,0.2,0.998604944598,0.0101981722523,0.199580083091,0.199577381704
1.0324,1,0.996848378972,0.0232192931126,0.199010101103,0.199003144255,0.2,0.998606981321,0.0101836117886,0.199580620981,0.199577921982
1.0326,1,0.996853016063,0.0231854522493,0.199011483766,0.199004535625,0.2,0.998609015135,0.0101690708572,0.19958115839,0.199578461781
1.0328,1,0.996857646395,0.023151659483,0.199012864693,0.199005925253,0.2,0.998611046045,0.0101545494367,0.19958169532,0.199579001103
1.033,1,0.996862269978,0.0231179147501,0.199014243887,0.199007313141,0.2,0.998613074054,0.010140047506,0.199582231768,0.199579539947
1.0332,1,0.996866886821,0.0230842179871,0.199015621349,0.19900869929,0.2,0.998615099167,0.0101255650437,0.199582767735,0.199580078311
1.0334,1,0.996871496935,0.0230505691303,0.199016997081,0.199010083702,0.2,0.998617121388,0.0101111020286,0.199583303219,0.199580616196
1.0336,1,0.996876100329,0.0230169681164,0.199018371084,0.199011466378,0.2,0.998619140719,0.0100966584394,0.199583838222,0.1995811536
1.0338,1,0.996880697012,0.0229834148819,0.199019743359,0.199012847319,0.2,0.998621157166,0.0100822342548,0.199584372741,0.199581690525
1.034,1,0.996885286993,0.0229499093635,0.199021113908,0.199014226527,0.2,0.998623170732,0.0100678294536,0.199584906777,0.199582226968
1.0342,1,0.996889870284,0.022916451498,0.199022482732,0.199015604003,0.2,0.998625181421,0.0100534440145,0.199585440329,0.19958276293
1.0344,1,0.996894446892,0.022883041222,0.199023849832,0.199016979749,0.2,0.998627189236,0.0100390779163,0.199585973398,0.19958329841
1.0346,1,0.996899016828,0.0228496784726,0.19902521521,0.199018353765,0.2,0.998629194183,0.0100247311377,0.199586505981,0.199583833407
1.0348,1,0.9969035801,0.0228163631866,0.199026578868,0.199019726054,0.2,0.998631196263,0.0100104036575,0.199587038079,0.199584367922
1.035,1,0.996908136719,0.022783095301,0.199027940807,0.199021096617,0.2,0.998633195482,0.00999609545434,0.199587569692,0.199584901953
1.0352,1,0.996912686694,0.022749874753,0.199029301027,0.199022465455,0.2,0.998635191844,0.00998180650709,0.199588100819,0.199585435501
1.0354,1,0.996917230035,0.0227167014795,0.199030659532,0.19902383257,0.2,0.998637185351,0.00996753679448,0.199588631459,0.199585968565
1.0356,1,0.99692176675,0.0226835754179,0.199032016321,0.199025197962,0.2,0.998639176008,0.00995328629527,0.199589161613,0.199586501144
1.0358,1,0.996926296849,0.0226504965053,0.199033371397,0.199026561634,0.2,0.998641163819,0.00993905498825,0.19958969128,0.199587033238
1.036,1,0.996930820342,0.0226174646791,0.19903472476,0.199027923586,0.2,0.998643148788,0.00992484285217,0.199590220458,0.199587564846
1.0362,1,0.996935337238,0.0225844798767,0.199036076413,0.199029283821,0.2,0.998645130918,0.00991064986583,0.199590749149,0.199588095968
1.0364,1,0.996939847546,0.0225515420356,0.199037426356,0.199030642339,0.2,0.998647110213,0.009896476008,0.199591277352,0.199588626605
1.0366,1,0.996944351277,0.0225186510932,0.199038774592,0.199031999143,0.2,0.998649086677,0.00988232125748,0.199591805066,0.199589156754
1.0368,1,0.996948848438,0.0224858069872,0.199040121121,0.199033354233,0.2,0.998651060314,0.00986818559305,0.19959233229,0.199589686416
1.037,1,0.99695333904,0.0224530096552,0.199041465946,0.19903470761,0.2,0.998653031128,0.00985406899352,0.199592859025,0.199590215591
1.0372,1,0.996957823092,0.022420259035,0.199042809066,0.199036059277,0.2,0.998654999123,0.00983997143769,0.199593385271,0.199590744278
1.0374,1,0.996962300603,0.0223875550643,0.199044150485,0.199037409235,0.2,0.998656964301,0.00982589290436,0.199593911026,0.199591272477
1.0376,1,0.996966771582,0.0223548976809,0.199045490203,0.199038757485,0.2,0.998658926668,0.00981183337234,0.19959443629,0.199591800186
1.0378,1,0.99697123604,0.0223222868229,0.199046828221,0.199040104029,0.2,0.998660886226,0.00979779282046,0.199594961063,0.199592327407
1.038,1,0.996975693984,0.0222897224281,0.199048164542,0.199041448867,0.2,0.998662842981,0.00978377122753,0.199595485345,0.199592854138
1.0382,1,0.996980145425,0.0222572044347,0.199049499167,0.199042792002,0.2,0.998664796934,0.00976976857239,0.199596009135,0.19959338038
1.0384,1,0.996984590372,0.0222247327808,0.199050832096,0.199044133435,0.2,0.998666748091,0.00975578483386,0.199596532433,0.199593906131
1.0386,1,0.996989028833,0.0221923074045,0.199052163332,0.199045473167,0.2,0.998668696455,0.00974181999079,0.199597055239,0.199594431391
1.0388,1,0.996993460819,0.022159928244,0.199053492876,0.1990468112,0.2,0.99867064203,0.00972787402201,0.199597577552,0.199594956161
1.039,1,0.996997886338,0.0221275952378,0.19905482073,0.199048147535,0.2,0.998672584819,0.00971394690638,0.199598099372,0.199595480439
1.0392,1,0.997002305399,0.0220953083241,0.199056146894,0.199049482174,0.2,0.998674524827,0.00970003862275,0.199598620699,0.199596004226
1.0394,1,0.997006718013,0.0220630674415,0.199057471371,0.199050815118,0.2,0.998676462057,0.00968614914998,0.199599141531,0.19959652752
1.0396,1,0.997011124187,0.0220308725284,0.199058794161,0.199052146369,0.2,0.998678396513,0.00967227846694,0.19959966187,0.199597050323
1.0398,1,0.997015523932,0.0219987235234,0.199060115267,0.199053475927,0.2,0.998680328198,0.0096584265525,0.199600181715,0.199597572632
1.04,1,0.997019917256,0.0219666203652,0.19906143469,0.199054803795,0.2,0.998682257117,0.00964459338554,0.199600701064,0.199598094449
1.0402,1,0.997024304169,0.0219345629925,0.199062752431,0.199056129974,0.2,0.998684183272,0.00963077894494,0.199601219919,0.199598615772
1.0404,1,0.997028684679,0.021902551344,0.199064068491,0.199057454465,0.2,0.998686106669,0.0096169832096,0.199601738279,0.199599136601
1.0406,1,0.997033058796,0.0218705853586,0.199065382872,0.199058777271,0.2,0.99868802731,0.00960320615841,0.199602256143,0.199599656937
1.0408,1,0.997037426529,0.0218386649752,0.199066695577,0.199060098391,0.2,0.9986899452,0.00958944777027,0.199602773511,0.199600176778
1.041,1,0.997041787887,0.0218067901328,0.199068006605,0.199061417828,0.2,0.998691860342,0.0095757080241,0.199603290383,0.199600696124
1.0412,1,0.997046142879,0.0217749607704,0.199069315958,0.199062735583,0.2,0.998693772739,0.00956198689881,0.199603806758,0.199601214976
1.0414,1,0.997050491515,0.0217431768271,0.199070623639,0.199064051658,0.2,0.998695682396,0.00954828437332,0.199604322637,0.199601733333
1.0416,1,0.997054833802,0.0217114382421,0.199071929648,0.199065366055,0.2,0.998697589316,0.00953460042656,0.199604838019,0.199602251193
1.0418,1,0.997059169751,0.0216797449546,0.199073233987,0.199066678773,0.2,0.998699493503,0.00952093503747,0.199605352903,0.199602768558
1.042,1,0.997063499371,0.0216480969039,0.199074536658,0.199067989816,0.2,0.99870139496,0.009507288185,0.19960586729,0.199603285427
1.0422,1,0.997067822669,0.0216164940295,0.199075837661,0.199069299184,0.2,0.998703293692,0.00949365984809,0.199606381179,0.1996038018
1.0424,1,0.997072139657,0.0215849362707,0.199077136999,0.19907060688,0.2,0.998705189702,0.0094800500057,0.199606894571,0.199604317676
1.0426,1,0.997076450341,0.021553423567,0.199078434673,0.199071912904,0.2,0.998707082994,0.00946645863679,0.199607407463,0.199604833055
1.0428,1,0.997080754733,0.021521955858,0.199079730684,0.199073217258,0.2,0.998708973571,0.00945288572034,0.199607919858,0.199605347936
1.043,1,0.997085052839,0.0214905330833,0.199081025034,0.199074519943,0.2,0.998710861438,0.00943933123532,0.199608431753,0.199605862321
1.0432,1,0.99708934467,0.0214591551827,0.199082317724,0.199075820961,0.2,0.998712746597,0.00942579516072,0.199608943149,0.199606376207
1.0434,1,0.997093630235,0.0214278220959,0.199083608756,0.199077120314,0.2,0.998714629052,0.00941227747554,0.199609454047,0.199606889596
1.0436,1,0.997097909541,0.0213965337627,0.199084898132,0.199078418002,0.2,0.998716508808,0.00939877815877,0.199609964444,0.199607402486
1.0438,1,0.997102182599,0.021365290123,0.199086185852,0.199079714028,0.2,0.998718385867,0.00938529718942,0.199610474342,0.199607914877
1.044,1,0.997106449418,0.0213340911167,0.199087471918,0.199081008393,0.2,0.998720260234,0.00937183454652,0.19961098374,0.19960842677
1.0442,1,0.997110710005,0.021302936684,0.199088756333,0.199082301098,0.2,0.998722131912,0.00935839020907,0.199611492637,0.199608938164
1.0444,1,0.99711496437,0.0212718267649,0.199090039096,0.199083592145,0.2,0.998724000905,0.00934496415613,0.199612001035,0.199609449059
1.0446,1,0.997119212523,0.0212407612996,0.199091320211,0.199084881535,0.2,0.998725867216,0.00933155636671,0.199612508931,0.199609959454
1.0448,1,0.997123454471,0.0212097402282,0.199092599677,0.19908616927,0.2,0.99872773085,0.00931816681988,0.199613016327,0.19961046935
1.045,1,0.997127690223,0.0211787634911,0.199093877498,0.199087455352,0.2,0.998729591809,0.00930479549469,0.199613523222,0.199610978745
1.0452,1,0.99713191979,0.0211478310286,0.199095153673,0.199088739781,0.2,0.998731450097,0.0092914423702,0.199614029615,0.19961148764
1.0454,1,0.997136143178,0.0211169427812,0.199096428206,0.199090022559,0.2,0.998733305719,0.00927810742549,0.199614535507,0.199611996035
1.0456,1,0.997140360398,0.0210860986893,0.199097701097,0.199091303689,0.2,0.998735158677,0.00926479063963,0.199615040897,0.19961250393
1.0458,1,0.997144571458,0.0210552986935,0.199098972347,0.19909258317,0.2,0.998737008975,0.00925149199171,0.199615545786,0.199613011323
1.046,1,0.997148776366,0.0210245427344,0.199100241959,0.199093861006,0.2,0.998738856617,0.00923821146083,0.199616050172,0.199613518216
1.0462,1,0.997152975132,0.0209938307527,0.199101509934,0.199095137196,0.2,0.998740701607,0.00922494902609,0.199616554057,0.199614024607
1.0464,1,0.997157167765,0.0209631626891,0.199102776273,0.199096411744,0.2,0.998742543948,0.00921170466662,0.199617057438,0.199614530497
1.0466,1,0.997161354273,0.0209325384845,0.199104040978,0.19909768465,0.2,0.998744383644,0.00919847836152,0.199617560318,0.199615035885
1.0468,1,0.997165534664,0.0209019580797,0.19910530405,0.199098955915,0.2,0.998746220698,0.00918527008994,0.199618062694,0.199615540772
1.047,1,0.997169708948,0.0208714214157,0.199106565491,0.199100225542,0.2,0.998748055114,0.00917207983101,0.199618564568,0.199616045156
1.0472,1,0.997173877134,0.0208409284335,0.199107825302,0.199101493532,0.2,0.998749886895,0.00915890756388,0.199619065938,0.199616549039
1.0474,1,0.99717803923,0.0208104790741,0.199109083485,0.199102759886,0.2,0.998751716046,0.00914575326772,0.199619566806,0.199617052419
1.0476,1,0.997182195245,0.0207800732788,0.199110340042,0.199104024606,0.2,0.998753542569,0.00913261692168,0.19962006717,0.199617555296
1.0478,1,0.997186345187,0.0207497109887,0.199111594974,0.199105287693,0.2,0.998755366469,0.00911949850494,0.19962056703,0.199618057671
1.048,1,0.997190489065,0.0207193921451,0.199112848282,0.199106549149,0.2,0.998757187749,0.00910639799668,0.199621066387,0.199618559543
1.0482,1,0.997194626889,0.0206891166893,0.199114099968,0.199107808976,0.2,0.998759006412,0.00909331537611,0.199621565239,0.199619060911
1.0484,1,0.997198758666,0.0206588845628,0.199115350033,0.199109067174,0.2,0.998760822462,0.00908025062243,0.199622063588,0.199619561777
1.0486,1,0.997202884405,0.020628695707,0.199116598479,0.199110323746,0.2,0.998762635903,0.00906720371484,0.199622561433,0.199620062139
1.0488,1,0.997207004115,0.0205985500634,0.199117845308,0.199111578693,0.2,0.998764446738,0.00905417463257,0.199623058773,0.199620561998
1.049,1,0.997211117804,0.0205684475737,0.199119090521,0.199112832016,0.2,0.99876625497,0.00904116335485,0.199623555609,0.199621061353
1.0492,1,0.997215225482,0.0205383881795,0.19912033412,0.199114083717,0.2,0.998768060604,0.00902816986092,0.199624051941,0.199621560204
1.0494,1,0.997219327156,0.0205083718225,0.199121576105,0.199115333797,0.2,0.998769863643,0.00901519413003,0.199624547768,0.199622058552
1.0496,1,0.997223422836,0.0204783984446,0.199122816479,0.199116582259,0.2,0.99877166409,0.00900223614145,0.19962504309,0.199622556395
1.0498,1,0.997227512529,0.0204484679876,0.199124055244,0.199117829103,0.2,0.998773461949,0.00898929587444,0.199625537907,0.199623053734
1.05,1,0.997231596246,0.0204185803934,0.1991252924,0.199119074331,0.2,0.998775257224,0.00897637330829,0.199626032219,0.199623550568
1.0502,1,0.997235673993,0.0203887356041,0.199126527949,0.199120317945,0.2,0.998777049918,0.00896346842227,0.199626526026,0.199624046898
1.0504,1,0.997239745779,0.0203589335616,0.199127761893,0.199121559946,0.2,0.998778840034,0.0089505811957,0.199627019328,0.199624542724
1.0506,1,0.997243811614,0.0203291742082,0.199128994233,0.199122800335,0.2,0.998780627576,0.00893771160787,0.199627512124,0.199625038045
1.0508,1,0.997247871506,0.020299457486,0.199130224971,0.199124039115,0.2,0.998782412548,0.00892485963812,0.199628004415,0.199625532861
1.051,1,0.997251925462,0.0202697833372,0.199131454108,0.199125276286,0.2,0.998784194953,0.00891202526577,0.199628496201,0.199626027172
1.0512,1,0.997255973493,0.0202401517042,0.199132681646,0.19912651185,0.2,0.998785974795,0.00889920847016,0.199628987481,0.199626520977
1.0514,1,0.997260015605,0.0202105625294,0.199133907587,0.19912774581,0.2,0.998787752077,0.00888640923064,0.199629478255,0.199627014278
1.0516,1,0.997264051808,0.0201810157551,0.199135131931,0.199128978165,0.2,0.998789526802,0.00887362752657,0.199629968523,0.199627507073
1.0518,1,0.997268082111,0.0201515113241,0.199136354681,0.199130208918,0.2,0.998791298975,0.00886086333732,0.199630458286,0.199627999363
1.052,1,0.99727210652,0.0201220491787,0.199137575838,0.199131438071,0.2,0.998793068598,0.00884811664228,0.199630947542,0.199628491148
1.0522,1,0.997276125046,0.0200926292617,0.199138795404,0.199132665624,0.2,0.998794835676,0.00883538742082,0.199631436292,0.199628982427
1.0524,1,0.997280137697,0.0200632515157,0.199140013379,0.19913389158,0.2,0.998796600211,0.00882267565237,0.199631924537,0.1996294732
1.0526,1,0.99728414448,0.0200339158836,0.199141229766,0.19913511594,0.2,0.998798362207,0.00880998131632,0.199632412275,0.199629963467
1.0528,1,0.997288145404,0.0200046223082,0.199142444567,0.199136338705,0.2,0.998800121668,0.0087973043921,0.199632899507,0.199630453229
1.053,1,0.997292140478,0.0199753707323,0.199143657782,0.199137559878,0.2,0.998801878597,0.00878464485915,0.199633386232,0.199630942484
1.0532,1,0.997296129711,0.0199461610991,0.199144869413,0.199138779458,0.2,0.998803632998,0.00877200269692,0.199633872451,0.199631431234
1.0534,1,0.997300113109,0.0199169933514,0.199146079462,0.199139997449,0.2,0.998805384873,0.00875937788484,0.199634358164,0.199631919477
1.0536,1,0.997304090683,0.0198878674324,0.199147287931,0.199141213852,0.2,0.998807134227,0.0087467704024,0.19963484337,0.199632407215
1.0538,1,0.997308062439,0.0198587832853,0.19914849482,0.199142428668,0.2,0.998808881063,0.00873418022908,0.199635328069,0.199632894446
1.054,1,0.997312028388,0.0198297408533,0.199149700132,0.199143641898,0.2,0.998810625385,0.00872160734435,0.199635812262,0.19963338117
1.0542,1,0.997315988536,0.0198007400797,0.199150903867,0.199144853545,0.2,0.998812367195,0.00870905172771,0.199636295949,0.199633867389
1.0544,1,0.997319942892,0.0197717809078,0.199152106028,0.199146063609,0.2,0.998814106498,0.00869651335869,0.199636779128,0.199634353101
1.0546,1,0.997323891464,0.0197428632811,0.199153306617,0.199147272093,0.2,0.998815843296,0.0086839922168,0.199637261801,0.199634838306
1.0548,1,0.997327834262,0.0197139871431,0.199154505634,0.199148478998,0.2,0.998817577594,0.00867148828157,0.199637743967,0.199635323005
1.055,1,0.997331771292,0.0196851524373,0.199155703081,0.199149684325,0.2,0.998819309394,0.00865900153255,0.199638225626,0.199635807197
1.0552,1,0.997335702564,0.0196563591074,0.199156898959,0.199150888076,0.2,0.998821038701,0.00864653194929,0.199638706778,0.199636290883
1.0554,1,0.997339628086,0.019627607097,0.199158093271,0.199152090253,0.2,0.998822765517,0.00863407951137,0.199639187424,0.199636774062
1.0556,1,0.997343547865,0.0195988963499,0.199159286018,0.199153290856,0.2,0.998824489845,0.00862164419835,0.199639667562,0.199637256735
1.0558,1,0.99734746191,0.0195702268098,0.199160477201,0.199154489889,0.2,0.998826211691,0.00860922598984,0.199640147194,0.1996377389
1.056,1,0.99735137023,0.0195415984208,0.199161666822,0.199155687351,0.2,0.998827931056,0.00859682486542,0.199640626319,0.199638220559
1.0562,1,0.997355272832,0.0195130111266,0.199162854883,0.199156883246,0.2,0.998829647944,0.00858444080472,0.199641104936,0.199638701711
1.0564,1,0.997359169725,0.0194844648714,0.199164041385,0.199158077573,0.2,0.998831362358,0.00857207378735,0.199641583047,0.199639182356
1.0566,1,0.997363060917,0.0194559595992,0.199165226329,0.199159270335,0.2,0.998833074303,0.00855972379296,0.199642060651,0.199639662494
1.0568,1,0.997366946416,0.0194274952541,0.199166409717,0.199160461534,0.2,0.998834783781,0.0085473908012,0.199642537748,0.199640142126
1.057,1,0.99737082623,0.0193990717804,0.199167591551,0.199161651171,0.2,0.998836490796,0.00853507479172,0.199643014337,0.19964062125
1.0572,1,0.997374700368,0.0193706891222,0.199168771832,0.199162839247,0.2,0.998838195351,0.00852277574419,0.19964349042,0.199641099867
1.0574,1,0.997378568838,0.019342347224,0.199169950562,0.199164025764,0.2,0.99883989745,0.0085104936383,0.199643965996,0.199641577978
1.0576,1,0.997382431647,0.0193140460302,0.199171127742,0.199165210723,0.2,0.998841597096,0.00849822845375,0.199644441065,0.199642055582
1.0578,1,0.997386288804,0.0192857854851,0.199172303375,0.199166394127,0.2,0.998843294292,0.00848598017024,0.199644915626,0.199642532678
1.058,1,0.997390140317,0.0192575655333,0.19917347746,0.199167575977,0.2,0.998844989042,0.0084737487675,0.199645389681,0.199643009268
1.0582,1,0.997393986194,0.0192293861195,0.199174650001,0.199168756273,0.2,0.998846681349,0.00846153422524,0.199645863229,0.19964348535
1.0584,1,0.997397826444,0.0192012471882,0.199175820998,0.199169935019,0.2,0.998848371216,0.00844933652323,0.19964633627,0.199643960926
1.0586,1,0.997401661074,0.0191731486842,0.199176990454,0.199171112215,0.2,0.998850058647,0.00843715564122,0.199646808804,0.199644435995
1.0588,1,0.997405490092,0.0191450905522,0.199178158369,0.199172287863,0.2,0.998851743645,0.00842499155896,0.199647280831,0.199644910557
1.059,1,0.997409313506,0.0191170727372,0.199179324745,0.199173461964,0.2,0.998853426214,0.00841284425626,0.199647752351,0.199645384611
1.0592,1,0.997413131325,0.0190890951839,0.199180489584,0.19917463452,0.2,0.998855106357,0.00840071371289,0.199648223364,0.199645858159
1.0594,1,0.997416943557,0.0190611578375,0.199181652888,0.199175805533,0.2,0.998856784077,0.00838859990866,0.19964869387,0.1996463312
1.0596,1,0.997420750209,0.0190332606429,0.199182814657,0.199176975004,0.2,0.998858459377,0.0083765028234,0.19964916387,0.199646803734
1.0598,1,0.99742455129,0.0190054035452,0.199183974894,0.199178142935,0.2,0.998860132262,0.00836442243693,0.199649633363,0.199647275761
1.06,1,0.997428346807,0.0189775864896,0.1991851336,0.199179309327,0.2,0.998861802734,0.0083523587291,0.199650102349,0.199647747282
1.0602,1,0.997432136769,0.0189498094213,0.199186290777,0.199180474181,0.2,0.998863470796,0.00834031167976,0.199650570828,0.199648218295
1.0604,1,0.997435921183,0.0189220722857,0.199187446426,0.199181637501,0.2,0.998865136452,0.00832828126879,0.199651038801,0.199648688802
1.0606,1,0.997439700058,0.018894375028,0.199188600549,0.199182799286,0.2,0.998866799706,0.00831626747605,0.199651506267,0.199649158801
1.0608,1,0.997443473402,0.0188667175937,0.199189753146,0.199183959538,0.2,0.99886846056,0.00830427028146,0.199651973226,0.199649628294
1.061,1,0.997447241222,0.0188390999284,0.199190904221,0.19918511826,0.2,0.998870119018,0.0082922896649,0.199652439679,0.199650097281
1.0612,1,0.997451003526,0.0188115219775,0.199192053774,0.199186275452,0.2,0.998871775083,0.00828032560631,0.199652905626,0.19965056576
1.0614,1,0.997454760323,0.0187839836866,0.199193201808,0.199187431117,0.2,0.998873428758,0.00826837808562,0.199653371066,0.199651033733
1.0616,1,0.99745851162,0.0187564850015,0.199194348322,0.199188585255,0.2,0.998875080048,0.00825644708276,0.199653835999,0.1996515012
1.0618,1,0.997462257425,0.0187290258679,0.19919549332,0.199189737868,0.2,0.998876728954,0.00824453257771,0.199654300427,0.19965196816
1.062,1,0.997465997746,0.0187016062315,0.199196636803,0.199190888959,0.2,0.998878375481,0.00823263455042,0.199654764348,0.199652434613
1.0622,1,0.997469732592,0.0186742260383,0.199197778772,0.199192038527,0.2,0.998880019632,0.00822075298089,0.199655227763,0.19965290056
1.0624,1,0.997473461969,0.0186468852342,0.199198919228,0.199193186576,0.2,0.998881661409,0.00820888784912,0.199655690672,0.199653366001
1.0626,1,0.997477185885,0.0186195837652,0.199200058174,0.199194333107,0.2,0.998883300817,0.00819703913511,0.199656153075,0.199653830935
1.0628,1,0.99748090435,0.0185923215774,0.199201195611,0.19919547812,0.2,0.998884937859,0.00818520681888,0.199656614972,0.199654295363
1.063,1,0.997484617369,0.0185650986168,0.199202331541,0.199196621618,0.2,0.998886572537,0.00817339088048,0.199657076363,0.199654759285
1.0632,1,0.997488324952,0.0185379148297,0.199203465964,0.199197763603,0.2,0.998888204855,0.00816159129996,0.199657537248,0.1996552227
1.0634,1,0.997492027106,0.0185107701623,0.199204598883,0.199198904075,0.2,0.998889834817,0.00814980805737,0.199657997627,0.19965568561
1.0636,1,0.997495723839,0.0184836645609,0.1992057303,0.199200043037,0.2,0.998891462425,0.0081380411328,0.199658457501,0.199656148013
1.0638,1,0.997499415159,0.018456597972,0.199206860215,0.199201180489,0.2,0.998893087683,0.00812629050634,0.199658916869,0.199656609911
1.064,1,0.997503101073,0.0184295703419,0.199207988631,0.199202316435,0.2,0.998894710594,0.00811455615808,0.199659375732,0.199657071302
1.0642,1,0.997506781589,0.0184025816172,0.199209115548,0.199203450874,0.2,0.998896331162,0.00810283806816,0.19965983409,0.199657532188
1.0644,1,0.997510456716,0.0183756317444,0.199210240969,0.199204583809,0.2,0.998897949389,0.00809113621669,0.199660291942,0.199657992569
1.0646,1,0.99751412646,0.0183487206701,0.199211364895,0.199205715241,0.2,0.998899565279,0.00807945058382,0.199660749288,0.199658452443
1.0648,1,0.997517790829,0.0183218483412,0.199212487328,0.199206845172,0.2,0.998901178835,0.00806778114972,0.19966120613,0.199658911812
1.065,1,0.997521449832,0.0182950147042,0.199213608268,0.199207973603,0.2,0.998902790061,0.00805612789454,0.199661662467,0.199659370676
1.0652,1,0.997525103476,0.0182682197061,0.199214727719,0.199209100536,0.2,0.998904398959,0.00804449079849,0.199662118299,0.199659829034
1.0654,1,0.997528751769,0.0182414632937,0.199215845681,0.199210225973,0.2,0.998906005533,0.00803286984175,0.199662573626,0.199660286887
1.0656,1,0.997532394718,0.018214745414,0.199216962156,0.199211349914,0.2,0.998907609786,0.00802126500454,0.199663028448,0.199660744235
1.0658,1,0.997536032331,0.018188066014,0.199218077145,0.199212472362,0.2,0.998909211721,0.00800967626709,0.199663482766,0.199661201078
1.066,1,0.997539664616,0.0181614250408,0.19921919065,0.199213593319,0.2,0.998910811342,0.00799810360964,0.199663936579,0.199661657415
1.0662,1,0.997543291581,0.0181348224415,0.199220302673,0.199214712785,0.2,0.998912408652,0.00798654701243,0.199664389888,0.199662113248
1.0664,1,0.997546913232,0.0181082581633,0.199221413215,0.199215830763,0.2,0.998914003653,0.00797500645574,0.199664842693,0.199662568576
1.0666,1,0.997550529579,0.0180817321534,0.199222522277,0.199216947253,0.2,0.998915596349,0.00796348191986,0.199665294993,0.199663023399
1.0668,1,0.997554140628,0.0180552443593,0.199223629862,0.199218062258,0.2,0.998917186744,0.00795197338507,0.19966574679,0.199663477718
1.067,1,0.997557746387,0.0180287947283,0.199224735971,0.199219175779,0.2,0.99891877484,0.00794048083169,0.199666198082,0.199663931533
1.0672,1,0.997561346863,0.0180023832078,0.199225840605,0.199220287817,0.2,0.998920360641,0.00792900424004,0.199666648871,0.199664384842
1.0674,1,0.997564942065,0.0179760097453,0.199226943767,0.199221398375,0.2,0.99892194415,0.00791754359046,0.199667099156,0.199664837648
1.0676,1,0.997568532,0.0179496742886,0.199228045456,0.199222507453,0.2,0.998923525369,0.0079060988633,0.199667548938,0.19966528995
1.0678,1,0.997572116675,0.0179233767851,0.199229145676,0.199223615054,0.2,0.998925104303,0.00789467003893,0.199667998216,0.199665741747
1.068,1,0.997575696099,0.0178971171826,0.199230244428,0.199224721178,0.2,0.998926680955,0.00788325709773,0.199668446991,0.199666193041
1.0682,1,0.997579270278,0.0178708954288,0.199231341713,0.199225825828,0.2,0.998928255327,0.0078718600201,0.199668895263,0.199666643831
1.0684,1,0.99758283922,0.0178447114717,0.199232437533,0.199226929005,0.2,0.998929827423,0.00786047878644,0.199669343032,0.199667094117
1.0686,1,0.997586402933,0.017818565259,0.199233531889,0.199228030711,0.2,0.998931397245,0.00784911337717,0.199669790298,0.1996675439
1.0688,1,0.997589961425,0.0177924567388,0.199234624783,0.199229130946,0.2,0.998932964798,0.00783776377274,0.199670237061,0.19966799318
1.069,1,0.997593514702,0.017766385859,0.199235716216,0.199230229714,0.2,0.998934530084,0.0078264299536,0.199670683322,0.199668441956
1.0692,1,0.997597062772,0.0177403525678,0.199236806191,0.199231327014,0.2,0.998936093106,0.00781511190021,0.19967112908,0.199668890229
1.0694,1,0.997600605644,0.0177143568132,0.199237894709,0.19923242285,0.2,0.998937653868,0.00780380959305,0.199671574336,0.199669337999
1.0696,1,0.997604143323,0.0176883985436,0.19923898177,0.199233517221,0.2,0.998939212373,0.00779252301262,0.199672019089,0.199669785267
1.0698,1,0.997607675819,0.0176624777071,0.199240067378,0.199234610131,0.2,0.998940768623,0.00778125213944,0.199672463341,0.199670232031
1.07,1,0.997611203138,0.017636594252,0.199241151533,0.199235701581,0.2,0.998942322623,0.00776999695402,0.199672907091,0.199670678293
1.0702,1,0.997614725287,0.0176107481269,0.199242234236,0.199236791571,0.2,0.998943874374,0.0077587574369,0.19967335034,0.199671124053
1.0704,1,0.997618242275,0.0175849392801,0.199243315491,0.199237880104,0.2,0.998945423881,0.00774753356864,0.199673793086,0.19967156931
1.0706,1,0.997621754109,0.0175591676602,0.199244395297,0.199238967181,0.2,0.998946971146,0.00773632532981,0.199674235332,0.199672014065
1.0708,1,0.997625260795,0.0175334332157,0.199245473657,0.199240052805,0.2,0.998948516173,0.00772513270098,0.199674677076,0.199672458319
1.071,1,0.997628762343,0.0175077358952,0.199246550572,0.199241136975,0.2,0.998950058964,0.00771395566276,0.199675118319,0.19967290207
1.0712,1,0.997632258758,0.0174820756476,0.199247626044,0.199242219695,0.2,0.998951599523,0.00770279419577,0.199675559061,0.19967334532
1.0714,1,0.997635750048,0.0174564524215,0.199248700075,0.199243300965,0.2,0.998953137852,0.00769164828061,0.199675999303,0.199673788068
1.0716,1,0.997639236222,0.0174308661658,0.199249772665,0.199244380787,0.2,0.998954673956,0.00768051789795,0.199676439044,0.199674230315
1.0718,1,0.997642717285,0.0174053168293,0.199250843817,0.199245459162,0.2,0.998956207836,0.00766940302843,0.199676878285,0.199674672061
1.072,1,0.997646193246,0.0173798043611,0.199251913532,0.199246536093,0.2,0.998957739497,0.00765830365272,0.199677317025,0.199675113306
1.0722,1,0.997649664111,0.0173543287101,0.199252981811,0.199247611581,0.2,0.998959268941,0.00764721975152,0.199677755266,0.19967555405
1.0724,1,0.997653129889,0.0173288898254,0.199254048657,0.199248685627,0.2,0.998960796171,0.00763615130553,0.199678193006,0.199675994293
1.0726,1,0.997656590587,0.0173034876562,0.19925511407,0.199249758233,0.2,0.998962321191,0.00762509829545,0.199678630247,0.199676434035
1.0728,1,0.997660046211,0.0172781221516,0.199256178052,0.1992508294,0.2,0.998963844003,0.00761406070203,0.199679066988,0.199676873278
1.073,1,0.99766349677,0.0172527932609,0.199257240606,0.199251899131,0.2,0.998965364611,0.00760303850601,0.19967950323,0.19967731202
1.0732,1,0.99766694227,0.0172275009334,0.199258301732,0.199252967426,0.2,0.998966883017,0.00759203168814,0.199679938973,0.199677750262
1.0734,1,0.997670382719,0.0172022451186,0.199259361432,0.199254034287,0.2,0.998968399225,0.00758104022922,0.199680374217,0.199678188004
1.0736,1,0.997673818124,0.0171770257659,0.199260419707,0.199255099716,0.2,0.998969913238,0.00757006411002,0.199680808963,0.199678625247
1.0738,1,0.997677248493,0.0171518428247,0.19926147656,0.199256163714,0.2,0.998971425059,0.00755910331135,0.199681243209,0.19967906199
1.074,1,0.997680673832,0.0171266962447,0.199262531991,0.199257226283,0.2,0.99897293469,0.00754815781404,0.199681676958,0.199679498234
1.0742,1,0.997684094149,0.0171015859754,0.199263586003,0.199258287425,0.2,0.998974442136,0.00753722759893,0.199682110208,0.199679933979
1.0744,1,0.997687509452,0.0170765119666,0.199264638596,0.19925934714,0.2,0.998975947398,0.00752631264686,0.19968254296,0.199680369224
1.0746,1,0.997690919747,0.0170514741681,0.199265689773,0.199260405432,0.2,0.998977450481,0.0075154129387,0.199682975214,0.199680803972
1.0748,1,0.997694325041,0.0170264725296,0.199266739534,0.1992614623,0.2,0.998978951387,0.00750452845534,0.199683406971,0.19968123822
1.075,1,0.997697725343,0.017001507001,0.199267787883,0.199262517747,0.2,0.998980450118,0.00749365917767,0.19968383823,0.19968167197
1.0752,1,0.997701120658,0.0169765775323,0.199268834819,0.199263571774,0.2,0.998981946679,0.0074828050866,0.199684268992,0.199682105222
1.0754,1,0.997704510995,0.0169516840734,0.199269880345,0.199264624383,0.2,0.998983441073,0.00747196616308,0.199684699257,0.199682537976
1.0756,1,0.99770789636,0.0169268265745,0.199270924462,0.199265675575,0.2,0.998984933301,0.00746114238803,0.199685129026,0.199682970232
1.0758,1,0.997711276761,0.0169020049856,0.199271967172,0.199266725353,0.2,0.998986423368,0.00745033374241,0.199685558297,0.199683401991
1.076,1,0.997714652205,0.0168772192569,0.199273008476,0.199267773716,0.2,0.998987911276,0.00743954020721,0.199685987073,0.199683833252
1.0762,1,0.997718022699,0.0168524693387,0.199274048376,0.199268820668,0.2,0.998989397028,0.00742876176341,0.199686415352,0.199684264016
1.0764,1,0.99772138825,0.0168277551813,0.199275086873,0.19926986621,0.2,0.998990880628,0.00741799839202,0.199686843135,0.199684694283
1.0766,1,0.997724748865,0.0168030767351,0.19927612397,0.199270910343,0.2,0.998992362078,0.00740725007406,0.199687270422,0.199685124054
1.0768,1,0.997728104552,0.0167784339504,0.199277159667,0.199271953068,0.2,0.998993841381,0.00739651679057,0.199687697214,0.199685553327
1.077,1,0.997731455317,0.0167538267778,0.199278193966,0.199272994388,0.2,0.998995318541,0.00738579852259,0.199688123511,0.199685982105
1.0772,1,0.997734801168,0.0167292551678,0.199279226868,0.199274034303,0.2,0.99899679356,0.0073750952512,0.199688549312,0.199686410386
1.0774,1,0.997738142112,0.016704719071,0.199280258376,0.199275072816,0.2,0.998998266441,0.00736440695747,0.199688974619,0.199686838171
1.0776,1,0.997741478156,0.0166802184381,0.199281288491,0.199276109928,0.2,0.998999737188,0.00735373362251,0.199689399431,0.199687265461
1.0778,1,0.997744809307,0.0166557532199,0.199282317214,0.199277145641,0.2,0.999001205803,0.00734307522744,0.199689823748,0.199687692255
1.078,1,0.997748135571,0.0166313233671,0.199283344547,0.199278179956,0.2,0.99900267229,0.00733243175337,0.199690247572,0.199688118554
1.0782,1,0.997751456957,0.0166069288305,0.199284370492,0.199279212874,0.2,0.99900413665,0.00732180318146,0.199690670901,0.199688544357
1.0784,1,0.997754773471,0.0165825695612,0.199285395049,0.199280244398,0.2,0.999005598888,0.00731118949287,0.199691093737,0.199688969666
1.0786,1,0.99775808512,0.01655824551,0.199286418221,0.199281274528,0.2,0.999007059006,0.00730059066878,0.199691516079,0.19968939448
1.0788,1,0.997761391911,0.016533956628,0.199287440009,0.199282303267,0.2,0.999008517008,0.00729000669037,0.199691937927,0.1996898188
1.079,1,0.997764693852,0.0165097028664,0.199288460415,0.199283330615,0.2,0.999009972895,0.00727943753887,0.199692359283,0.199690242625
1.0792,1,0.997767990949,0.0164854841761,0.19928947944,0.199284356575,0.2,0.999011426672,0.00726888319548,0.199692780146,0.199690665957
1.0794,1,0.997771283209,0.0164613005086,0.199290497086,0.199285381148,0.2,0.99901287834,0.00725834364145,0.199693200516,0.199691088795
1.0796,1,0.997774570639,0.016437151815,0.199291513354,0.199286404336,0.2,0.999014327904,0.00724781885805,0.199693620394,0.199691511139
1.0798,1,0.997777853247,0.0164130380467,0.199292528246,0.19928742614,0.2,0.999015775366,0.00723730882653,0.19969403978,0.19969193299
1.08,1,0.997781131039,0.0163889591551,0.199293541764,0.199288446561,0.2,0.999017220729,0.00722681352819,0.199694458673,0.199692354348
1.0802,1,0.997784404022,0.0163649150916,0.199294553909,0.199289465602,0.2,0.999018663995,0.00721633294433,0.199694877076,0.199692775213
1.0804,1,0.997787672203,0.0163409058078,0.199295564682,0.199290483263,0.2,0.999020105169,0.00720586705628,0.199695294986,0.199693195586
1.0806,1,0.997790935589,0.0163169312553,0.199296574085,0.199291499547,0.2,0.999021544252,0.00719541584536,0.199695712406,0.199693615466
1.0808,1,0.997794194187,0.0162929913856,0.19929758212,0.199292514454,0.2,0.999022981248,0.00718497929293,0.199696129335,0.199694034854
1.081,1,0.997797448005,0.0162690861505,0.199298588788,0.199293527987,0.2,0.999024416159,0.00717455738035,0.199696545773,0.19969445375
1.0812,1,0.997800697048,0.0162452155018,0.19929959409,0.199294540147,0.2,0.999025848989,0.00716415008901,0.199696961721,0.199694872155
1.0814,1,0.997803941324,0.0162213793912,0.199300598029,0.199295550936,0.2,0.999027279741,0.00715375740032,0.199697377178,0.199695290068
1.0816,1,0.997807180839,0.0161975777707,0.199301600606,0.199296560355,0.2,0.999028708417,0.00714337929567,0.199697792146,0.19969570749
1.0818,1,0.997810415601,0.0161738105921,0.199302601823,0.199297568405,0.2,0.99903013502,0.00713301575651,0.199698206623,0.199696124421
1.082,1,0.997813645617,0.0161500778075,0.19930360168,0.199298575089,0.2,0.999031559553,0.00712266676429,0.199698620612,0.199696540861
1.0822,1,0.997816870893,0.016126379369,0.19930460018,0.199299580407,0.2,0.99903298202,0.00711233230046,0.199699034111,0.199696956812
1.0824,1,0.997820091436,0.0161027152286,0.199305597324,0.199300584361,0.2,0.999034402422,0.00710201234651,0.199699447122,0.199697372272
1.0826,1,0.997823307253,0.0160790853385,0.199306593113,0.199301586954,0.2,0.999035820763,0.00709170688394,0.199699859644,0.199697787242
1.0828,1,0.997826518351,0.016055489651,0.199307587549,0.199302588186,0.2,0.999037237047,0.00708141589425,0.199700271677,0.199698201722
1.083,1,0.997829724736,0.0160319281184,0.199308580635,0.199303588058,0.2,0.999038651274,0.00707113935897,0.199700683222,0.199698615713
1.0832,1,0.997832926417,0.016008400693,0.19930957237,0.199304586574,0.2,0.99904006345,0.00706087725965,0.19970109428,0.199699029215
1.0834,1,0.997836123398,0.0159849073273,0.199310562757,0.199305583733,0.2,0.999041473576,0.00705062957785,0.19970150485,0.199699442228
1.0836,1,0.997839315688,0.0159614479736,0.199311551798,0.199306579538,0.2,0.999042881655,0.00704039629515,0.199701914932,0.199699854752
1.0838,1,0.997842503292,0.0159380225846,0.199312539493,0.19930757399,0.2,0.999044287691,0.00703017739314,0.199702324528,0.199700266788
1.084,1,0.997845686218,0.0159146311129,0.199313525845,0.19930856709,0.2,0.999045691685,0.00701997285342,0.199702733636,0.199700678336
1.0842,1,0.997848864473,0.015891273511,0.199314510854,0.199309558841,0.2,0.999047093642,0.00700978265763,0.199703142258,0.199701089396
1.0844,1,0.997852038063,0.0158679497318,0.199315494524,0.199310549244,0.2,0.999048493563,0.00699960678741,0.199703550394,0.199701499969
1.0846,1,0.997855206995,0.015844659728,0.199316476854,0.1993115383,0.2,0.999049891452,0.00698944522441,0.199703958044,0.199701910054
1.0848,1,0.997858371276,0.0158214034523,0.199317457846,0.199312526011,0.2,0.999051287312,0.00697929795031,0.199704365209,0.199702319652
1.085,1,0.997861530912,0.0157981808578,0.199318437503,0.199313512378,0.2,0.999052681145,0.00696916494681,0.199704771887,0.199702728763
1.0852,1,0.99786468591,0.0157749918974,0.199319415826,0.199314497403,0.2,0.999054072954,0.0069590461956,0.199705178081,0.199703137388
1.0854,1,0.997867836277,0.015751836524,0.199320392815,0.199315481087,0.2,0.999055462742,0.00694894167841,0.19970558379,0.199703545527
1.0856,1,0.99787098202,0.0157287146907,0.199321368474,0.199316463433,0.2,0.999056850512,0.00693885137699,0.199705989014,0.199703953179
1.0858,1,0.997874123146,0.0157056263507,0.199322342802,0.199317444441,0.2,0.999058236268,0.00692877527309,0.199706393754,0.199704360346
1.086,1,0.99787725966,0.0156825714572,0.199323315802,0.199318424113,0.2,0.99905962001,0.00691871334848,0.199706798009,0.199704767028
1.0862,1,0.99788039157,0.0156595499633,0.199324287476,0.199319402451,0.2,0.999061001743,0.00690866558495,0.199707201781,0.199705173224
1.0864,1,0.997883518882,0.0156365618225,0.199325257825,0.199320379456,0.2,0.99906238147,0.00689863196431,0.19970760507,0.199705578935
1.0866,1,0.997886641604,0.015613606988,0.199326226849,0.19932135513,0.2,0.999063759192,0.00688861246838,0.199708007875,0.199705984162
1.0868,1,0.997889759741,0.0155906854133,0.199327194552,0.199322329474,0.2,0.999065134914,0.00687860707899,0.199708410198,0.199706388905
1.087,1,0.9978928733,0.0155677970518,0.199328160935,0.199323302489,0.2,0.999066508637,0.00686861577802,0.199708812038,0.199706793164
1.0872,1,0.997895982289,0.0155449418571,0.199329125998,0.199324274178,0.2,0.999067880365,0.00685863854732,0.199709213395,0.199707196938
1.0874,1,0.997899086713,0.0155221197829,0.199330089744,0.199325244542,0.2,0.9990692501,0.00684867536878,0.19970961427,0.19970760023
1.0876,1,0.997902186579,0.0154993307827,0.199331052173,0.199326213583,0.2,0.999070617845,0.00683872622432,0.199710014664,0.199708003038
1.0878,1,0.997905281894,0.0154765748102,0.199332013289,0.199327181301,0.2,0.999071983603,0.00682879109585,0.199710414576,0.199708405363
1.088,1,0.997908372664,0.0154538518193,0.199332973091,0.199328147698,0.2,0.999073347377,0.0068188699653,0.199710814007,0.199708807206
1.0882,1,0.997911458896,0.0154311617637,0.199333931582,0.199329112777,0.2,0.99907470917,0.00680896281465,0.199711212958,0.199709208566
1.0884,1,0.997914540597,0.0154085045974,0.199334888764,0.199330076538,0.2,0.999076068984,0.00679906962584,0.199711611427,0.199709609444
1.0886,1,0.997917617773,0.0153858802743,0.199335844637,0.199331038983,0.2,0.999077426822,0.00678919038089,0.199712009416,0.199710009841
1.0888,1,0.997920690431,0.0153632887485,0.199336799203,0.199332000114,0.2,0.999078782687,0.00677932506178,0.199712406926,0.199710409756
1.089,1,0.997923758577,0.0153407299738,0.199337752464,0.199332959932,0.2,0.999080136581,0.00676947365054,0.199712803955,0.19971080919
1.0892,1,0.997926822218,0.0153182039046,0.199338704421,0.199333918438,0.2,0.999081488509,0.00675963612921,0.199713200506,0.199711208143
1.0894,1,0.99792988136,0.015295710495,0.199339655076,0.199334875635,0.2,0.999082838471,0.00674981247984,0.199713596577,0.199711606616
1.0896,1,0.99793293601,0.0152732496991,0.19934060443,0.199335831523,0.2,0.999084186472,0.00674000268451,0.199713992169,0.199712004608
1.0898,1,0.997935986174,0.0152508214714,0.199341552485,0.199336786104,0.2,0.999085532513,0.0067302067253,0.199714387283,0.19971240212
1.09,1,0.997939031859,0.0152284257661,0.199342499243,0.199337739381,0.2,0.999086876598,0.00672042458432,0.199714781919,0.199712799153
1.0902,1,0.997942073072,0.0152060625377,0.199343444704,0.199338691353,0.2,0.999088218729,0.00671065624368,0.199715176076,0.199713195706
1.0904,1,0.997945109818,0.0151837317407,0.199344388871,0.199339642023,0.2,0.999089558909,0.00670090168553,0.199715569756,0.19971359178
1.0906,1,0.997948142105,0.0151614333295,0.199345331745,0.199340591393,0.2,0.999090897142,0.00669116089203,0.199715962959,0.199713987375
1.0908,1,0.997951169938,0.0151391672587,0.199346273327,0.199341539463,0.2,0.999092233428,0.00668143384533,0.199716355685,0.199714382492
1.091,1,0.997954193325,0.0151169334831,0.199347213619,0.199342486236,0.2,0.999093567772,0.00667172052764,0.199716747935,0.199714777131
1.0912,1,0.997957212271,0.0150947319573,0.199348152623,0.199343431713,0.2,0.999094900177,0.00666202092115,0.199717139708,0.199715171292
1.0914,1,0.997960226784,0.015072562636,0.199349090339,0.199344375895,0.2,0.999096230644,0.0066523350081,0.199717531005,0.199715564975
1.0916,1,0.997963236869,0.0150504254741,0.19935002677,0.199345318784,0.2,0.999097559176,0.00664266277071,0.199717921826,0.199715958181
1.0918,1,0.997966242533,0.0150283204264,0.199350961917,0.199346260381,0.2,0.999098885777,0.00663300419124,0.199718312172,0.19971635091
1.092,1,0.997969243783,0.0150062474479,0.199351895782,0.199347200688,0.2,0.999100210449,0.00662335925197,0.199718702043,0.199716743162
1.0922,1,0.997972240624,0.0149842064936,0.199352828366,0.199348139707,0.2,0.999101533195,0.00661372793518,0.199719091439,0.199717134938
1.0924,1,0.997975233063,0.0149621975185,0.19935375967,0.199349077439,0.2,0.999102854017,0.00660411022319,0.19971948036,0.199717526238
1.0926,1,0.997978221108,0.0149402204777,0.199354689697,0.199350013885,0.2,0.999104172918,0.00659450609831,0.199719868807,0.199717917063
1.0928,1,0.997981204763,0.0149182753263,0.199355618447,0.199350949047,0.2,0.999105489901,0.00658491554288,0.199720256781,0.199718307412
1.093,1,0.997984184035,0.0148963620197,0.199356545922,0.199351882927,0.2,0.999106804969,0.00657533853927,0.199720644281,0.199718697286
1.0932,1,0.997987158931,0.014874480513,0.199357472123,0.199352815526,0.2,0.999108118124,0.00656577506984,0.199721031308,0.199719086685
1.0934,1,0.997990129457,0.0148526307616,0.199358397053,0.199353746846,0.2,0.999109429369,0.00655622511698,0.199721417862,0.199719475609
1.0936,1,0.99799309562,0.0148308127209,0.199359320713,0.199354676887,0.2,0.999110738706,0.00654668866311,0.199721803943,0.19971986406
1.0938,1,0.997996057425,0.0148090263463,0.199360243103,0.199355605652,0.2,0.99911204614,0.00653716569064,0.199722189553,0.199720252037
1.094,1,0.997999014879,0.0147872715933,0.199361164226,0.199356533142,0.2,0.999113351671,0.00652765618202,0.19972257469,0.19972063954
1.0942,1,0.998001967989,0.0147655484175,0.199362084084,0.199357459359,0.2,0.999114655303,0.00651816011971,0.199722959356,0.19972102657
1.0944,1,0.99800491676,0.0147438567746,0.199363002677,0.199358384304,0.2,0.999115957038,0.00650867748618,0.19972334355,0.199721413127
1.0946,1,0.9980078612,0.0147221966201,0.199363920007,0.199359307979,0.2,0.99911725688,0.00649920826392,0.199723727274,0.199721799212
1.0948,1,0.998010801313,0.0147005679098,0.199364836076,0.199360230384,0.2,0.99911855483,0.00648975243545,0.199724110527,0.199722184824
1.095,1,0.998013737107,0.0146789705995,0.199365750885,0.199361151523,0.2,0.999119850892,0.00648030998328,0.19972449331,0.199722569965
1.0952,1,0.998016668588,0.0146574046451,0.199366664436,0.199362071395,0.2,0.999121145069,0.00647088088997,0.199724875623,0.199722954634
1.0954,1,0.998019595762,0.0146358700023,0.19936757673,0.199362990003,0.2,0.999122437362,0.00646146513807,0.199725257466,0.199723338832
1.0956,1,0.998022518636,0.0146143666273,0.199368487768,0.199363907349,0.2,0.999123727774,0.00645206271016,0.19972563884,0.199723722559
1.0958,1,0.998025437215,0.014592894476,0.199369397553,0.199364823432,0.2,0.999125016309,0.00644267358883,0.199726019745,0.199724105815
1.096,1,0.998028351505,0.0145714535044,0.199370306085,0.199365738256,0.2,0.999126302968,0.00643329775669,0.199726400182,0.199724488601
1.0962,1,0.998031261514,0.0145500436688,0.199371213367,0.199366651822,0.2,0.999127587755,0.00642393519638,0.19972678015,0.199724870917
1.0964,1,0.998034167247,0.0145286649252,0.199372119399,0.199367564131,0.2,0.999128870673,0.00641458589053,0.19972715965,0.199725252764
1.0966,1,0.99803706871,0.0145073172299,0.199373024183,0.199368475185,0.2,0.999130151723,0.00640524982182,0.199727538683,0.199725634141
1.0968,1,0.998039965911,0.0144860005393,0.199373927721,0.199369384984,0.2,0.999131430908,0.00639592697291,0.199727917248,0.199726015049
1.097,1,0.998042858854,0.0144647148096,0.199374830014,0.199370293532,0.2,0.999132708231,0.0063866173265,0.199728295347,0.199726395489
1.0972,1,0.998045747546,0.0144434599973,0.199375731064,0.199371200828,0.2,0.999133983696,0.00637732086532,0.199728672978,0.199726775461
1.0974,1,0.998048631993,0.0144222360588,0.199376630872,0.199372106875,0.2,0.999135257303,0.00636803757208,0.199729050144,0.199727154964
1.0976,1,0.998051512201,0.0144010429506,0.19937752944,0.199373011675,0.2,0.999136529057,0.00635876742954,0.199729426844,0.199727534
1.0978,1,0.998054388177,0.0143798806294,0.199378426768,0.199373915228,0.2,0.999137798959,0.00634951042046,0.199729803078,0.199727912569
1.098,1,0.998057259927,0.0143587490518,0.19937932286,0.199374817536,0.2,0.999139067012,0.00634026652762,0.199730178847,0.199728290671
1.0982,1,0.998060127457,0.0143376481743,0.199380217715,0.199375718601,0.2,0.999140333219,0.00633103573382,0.199730554151,0.199728668306
1.0984,1,0.998062990773,0.0143165779539,0.199381111336,0.199376618423,0.2,0.999141597583,0.00632181802188,0.19973092899,0.199729045475
1.0986,1,0.99806584988,0.0142955383472,0.199382003724,0.199377517006,0.2,0.999142860105,0.00631261337463,0.199731303366,0.199729422178
1.0988,1,0.998068704786,0.0142745293112,0.19938289488,0.199378414349,0.2,0.99914412079,0.00630342177492,0.199731677277,0.199729798416
1.099,1,0.998071555496,0.0142535508028,0.199383784807,0.199379310456,0.2,0.999145379638,0.00629424320561,0.199732050725,0.199730174188
1.0992,1,0.998074402017,0.0142326027788,0.199384673505,0.199380205326,0.2,0.999146636654,0.0062850776496,0.19973242371,0.199730549495
1.0994,1,0.998077244354,0.0142116851964,0.199385560976,0.199381098962,0.2,0.999147891839,0.00627592508977,0.199732796232,0.199730924338
1.0996,1,0.998080082513,0.0141907980125,0.199386447221,0.199381991365,0.2,0.999149145196,0.00626678550906,0.199733168292,0.199731298717
1.0998,1,0.998082916502,0.0141699411844,0.199387332243,0.199382882536,0.2,0.999150396728,0.00625765889039,0.199733539889,0.199731672632
1.1,1,0.998085746325,0.0141491146693,0.199388216042,0.199383772477,0.2,0.999151646437,0.00624854521673,0.199733911025,0.199732046083
1.1002,1,0.998088571988,0.0141283184243,0.19938909862,0.19938466119,0.2,0.999152894326,0.00623944447103,0.199734281699,0.199732419072
1.1004,1,0.998091393499,0.0141075524067,0.199389979978,0.199385548676,0.2,0.999154140397,0.00623035663629,0.199734651912,0.199732791597
1.1006,1,0.998094210862,0.014086816574,0.199390860118,0.199386434937,0.2,0.999155384653,0.0062212816955,0.199735021664,0.19973316366
1.1008,1,0.998097024084,0.0140661108836,0.199391739042,0.199387319973,0.2,0.999156627097,0.0062122196317,0.199735390956,0.199733535261
1.101,1,0.998099833171,0.0140454352928,0.19939261675,0.199388203787,0.2,0.999157867731,0.00620317042792,0.199735759788,0.1997339064
1.1012,1,0.998102638129,0.0140247897592,0.199393493245,0.199389086379,0.2,0.999159106558,0.00619413406722,0.199736128161,0.199734277078
1.1014,1,0.998105438964,0.0140041742404,0.199394368527,0.199389967752,0.2,0.99916034358,0.00618511053267,0.199736496074,0.199734647294
1.1016,1,0.998108235682,0.013983588694,0.199395242599,0.199390847907,0.2,0.9991615788,0.00617609980735,0.199736863528,0.19973501705
1.1018,1,0.998111028288,0.0139630330777,0.199396115461,0.199391726846,0.2,0.999162812221,0.00616710187438,0.199737230524,0.199735386346
1.102,1,0.99811381679,0.0139425073492,0.199396987116,0.199392604569,0.2,0.999164043844,0.00615811671689,0.199737597061,0.199735755181
1.1022,1,0.998116601192,0.0139220114663,0.199397857564,0.199393481078,0.2,0.999165273673,0.006149144318,0.19973796314,0.199736123557
1.1024,1,0.998119381501,0.013901545387,0.199398726808,0.199394356375,0.2,0.99916650171,0.00614018466089,0.199738328762,0.199736491474
1.1026,1,0.998122157723,0.013881109069,0.199399594848,0.199395230462,0.2,0.999167727957,0.00613123772872,0.199738693927,0.199736858932
1.1028,1,0.998124929864,0.0138607024703,0.199400461686,0.199396103339,0.2,0.999168952418,0.0061223035047,0.199739058635,0.199737225931
1.103,1,0.998127697929,0.013840325549,0.199401327323,0.199396975008,0.2,0.999170175095,0.00611338197203,0.199739422887,0.199737592472
1.1032,1,0.998130461924,0.0138199782631,0.199402191762,0.199397845471,0.2,0.999171395989,0.00610447311394,0.199739786682,0.199737958555
1.1034,1,0.998133221856,0.0137996605707,0.199403055003,0.199398714729,0.2,0.999172615105,0.00609557691367,0.199740150022,0.19973832418
1.1036,1,0.998135977731,0.0137793724301,0.199403917048,0.199399582784,0.2,0.999173832443,0.00608669335449,0.199740512906,0.199738689348
1.1038,1,0.998138729554,0.0137591137994,0.199404777898,0.199400449637,0.2,0.999175048008,0.00607782241967,0.199740875335,0.19973905406
1.104,1,0.998141477331,0.0137388846369,0.199405637555,0.199401315289,0.2,0.9991762618,0.00606896409252,0.19974123731,0.199739418315
1.1042,1,0.998144221068,0.0137186849009,0.199406496021,0.199402179742,0.2,0.999177473824,0.00606011835635,0.199741598831,0.199739782114
1.1044,1,0.998146960771,0.0136985145499,0.199407353296,0.199403042998,0.2,0.999178684081,0.00605128519448,0.199741959897,0.199740145457
1.1046,1,0.998149696445,0.0136783735424,0.199408209383,0.199403905058,0.2,0.999179892574,0.00604246459027,0.19974232051,0.199740508345
1.1048,1,0.998152428098,0.0136582618367,0.199409064282,0.199404765923,0.2,0.999181099305,0.00603365652708,0.19974268067,0.199740870778
1.105,1,0.998155155733,0.0136381793915,0.199409917995,0.199405625595,0.2,0.999182304278,0.0060248609883,0.199743040377,0.199741232757
1.1052,1,0.998157879359,0.0136181261653,0.199410770524,0.199406484075,0.2,0.999183507493,0.00601607795732,0.199743399632,0.199741594281
1.1054,1,0.998160598979,0.0135981021169,0.19941162187,0.199407341365,0.2,0.999184708955,0.00600730741756,0.199743758434,0.199741955351
1.1056,1,0.998163314601,0.013578107205,0.199412472034,0.199408197466,0.2,0.999185908665,0.00599854935246,0.199744116785,0.199742315967
1.1058,1,0.998166026229,0.0135581413882,0.199413321019,0.199409052379,0.2,0.999187106625,0.00598980374547,0.199744474684,0.199742676131
1.106,1,0.99816873387,0.0135382046256,0.199414168825,0.199409906107,0.2,0.999188302839,0.00598107058005,0.199744832133,0.199743035842
1.1062,1,0.998171437529,0.0135182968758,0.199415015453,0.199410758651,0.2,0.999189497309,0.0059723498397,0.199745189131,0.1997433951
1.1064,1,0.998174137213,0.0134984180979,0.199415860906,0.199411610011,0.2,0.999190690038,0.00596364150792,0.199745545678,0.199743753906
1.1066,1,0.998176832926,0.0134785682508,0.199416705185,0.19941246019,0.2,0.999191881027,0.00595494556822,0.199745901776,0.199744112261
1.1068,1,0.998179524676,0.0134587472937,0.199417548291,0.199413309189,0.2,0.999193070279,0.00594626200415,0.199746257425,0.199744470164
1.107,1,0.998182212467,0.0134389551855,0.199418390225,0.19941415701,0.2,0.999194257797,0.00593759079927,0.199746612624,0.199744827616
1.1072,1,0.998184896305,0.0134191918854,0.19941923099,0.199415003653,0.2,0.999195443584,0.00592893193714,0.199746967374,0.199745184617
1.1074,1,0.998187576197,0.0133994573527,0.199420070586,0.19941584912,0.2,0.999196627641,0.00592028540135,0.199747321676,0.199745541169
1.1076,1,0.998190252147,0.0133797515466,0.199420909015,0.199416693413,0.2,0.999197809971,0.00591165117551,0.19974767553,0.19974589727
1.1078,1,0.998192924162,0.0133600744263,0.199421746279,0.199417536534,0.2,0.999198990577,0.00590302924325,0.199748028937,0.199746252922
1.108,1,0.998195592247,0.0133404259513,0.199422582378,0.199418378483,0.2,0.999200169461,0.00589441958821,0.199748381896,0.199746608125
1.1082,1,0.998198256408,0.013320806081,0.199423417315,0.199419219262,0.2,0.999201346625,0.00588582219405,0.199748734408,0.199746962879
1.1084,1,0.998200916651,0.0133012147748,0.19942425109,0.199420058872,0.2,0.999202522073,0.00587723704443,0.199749086474,0.199747317185
1.1086,1,0.998203572982,0.0132816519922,0.199425083705,0.199420897316,0.2,0.999203695806,0.00586866412307,0.199749438094,0.199747671043
1.1088,1,0.998206225405,0.0132621176929,0.199425915163,0.199421734594,0.2,0.999204867826,0.00586010341366,0.199749789268,0.199748024453
1.109,1,0.998208873928,0.0132426118364,0.199426745463,0.199422570707,0.2,0.999206038137,0.00585155489994,0.199750139997,0.199748377416
1.1092,1,0.998211518555,0.0132231343825,0.199427574607,0.199423405659,0.2,0.999207206741,0.00584301856564,0.19975049028,0.199748729932
1.1094,1,0.998214159292,0.0132036852908,0.199428402598,0.199424239448,0.2,0.99920837364,0.00583449439454,0.19975084012,0.199749082002
1.1096,1,0.998216796144,0.0131842645212,0.199429229436,0.199425072078,0.2,0.999209538836,0.00582598237042,0.199751189514,0.199749433626
1.1098,1,0.998219429119,0.0131648720335,0.199430055122,0.19942590355,0.2,0.999210702333,0.00581748247706,0.199751538465,0.199749784803
1.11,1,0.99822205822,0.0131455077876,0.199430879659,0.199426733864,0.2,0.999211864132,0.00580899469829,0.199751886973,0.199750135536
1.1102,1,0.998224683455,0.0131261717434,0.199431703048,0.199427563023,0.2,0.999213024235,0.00580051901793,0.199752235037,0.199750485823
1.1104,1,0.998227304828,0.0131068638609,0.199432525289,0.199428391028,0.2,0.999214182647,0.00579205541984,0.199752582659,0.199750835666
1.1106,1,0.998229922344,0.0130875841002,0.199433346385,0.19942921788,0.2,0.999215339367,0.00578360388788,0.199752929839,0.199751185065
1.1108,1,0.998232536011,0.0130683324213,0.199434166337,0.199430043581,0.2,0.9992164944,0.00577516440594,0.199753276576,0.199751534019
1.111,1,0.998235145833,0.0130491087845,0.199434985146,0.199430868132,0.2,0.999217647748,0.00576673695791,0.199753622872,0.199751882531
1.1112,1,0.998237751815,0.0130299131499,0.199435802814,0.199431691535,0.2,0.999218799412,0.00575832152771,0.199753968727,0.199752230599
1.1114,1,0.998240353964,0.0130107454779,0.199436619342,0.199432513791,0.2,0.999219949396,0.00574991809929,0.199754314141,0.199752578224
1.1116,1,0.998242952285,0.0129916057286,0.199437434732,0.199433334901,0.2,0.999221097701,0.00574152665658,0.199754659114,0.199752925408
1.1118,1,0.998245546784,0.0129724938625,0.199438248984,0.199434154867,0.2,0.99922224433,0.00573314718356,0.199755003648,0.199753272149
1.112,1,0.998248137466,0.01295340984,0.199439062102,0.199434973691,0.2,0.999223389286,0.00572477966423,0.199755347741,0.199753618449
1.1122,1,0.998250724337,0.0129343536216,0.199439874085,0.199435791373,0.2,0.999224532571,0.00571642408257,0.199755691396,0.199753964307
1.1124,1,0.998253307402,0.0129153251677,0.199440684935,0.199436607915,0.2,0.999225674187,0.00570808042262,0.199756034612,0.199754309725
1.1126,1,0.998255886667,0.012896324439,0.199441494654,0.199437423319,0.2,0.999226814137,0.00569974866842,0.199756377389,0.199754654702
1.1128,1,0.998258462137,0.012877351396,0.199442303243,0.199438237586,0.2,0.999227952423,0.00569142880401,0.199756719728,0.19975499924
1.113,1,0.998261033818,0.0128584059995,0.199443110703,0.199439050717,0.2,0.999229089047,0.00568312081347,0.199757061629,0.199755343337
1.1132,1,0.998263601716,0.0128394882102,0.199443917037,0.199439862715,0.2,0.999230224012,0.0056748246809,0.199757403094,0.199755686996
1.1134,1,0.998266165836,0.0128205979889,0.199444722245,0.199440673579,0.2,0.99923135732,0.0056665403904,0.199757744121,0.199756030215
1.1136,1,0.998268726183,0.0128017352963,0.199445526328,0.199441483312,0.2,0.999232488973,0.00565826792609,0.199758084711,0.199756372996
1.1138,1,0.998271282763,0.0127829000935,0.199446329289,0.199442291915,0.2,0.999233618975,0.00565000727212,0.199758424866,0.199756715339
1.114,1,0.998273835581,0.0127640923412,0.199447131128,0.19944309939,0.2,0.999234747327,0.00564175841265,0.199758764584,0.199757057245
1.1142,1,0.998276384644,0.0127453120006,0.199447931847,0.199443905738,0.2,0.999235874031,0.00563352133185,0.199759103868,0.199757398713
1.1144,1,0.998278929955,0.0127265590325,0.199448731448,0.199444710959,0.2,0.99923699909,0.00562529601393,0.199759442716,0.199757739744
1.1146,1,0.998281471522,0.0127078333983,0.199449529931,0.199445515057,0.2,0.999238122507,0.00561708244308,0.19975978113,0.199758080338
1.1148,1,0.998284009349,0.0126891350589,0.199450327298,0.199446318032,0.2,0.999239244283,0.00560888060354,0.199760119109,0.199758420496
1.115,1,0.998286543442,0.0126704639755,0.199451123552,0.199447119885,0.2,0.999240364421,0.00560069047956,0.199760456655,0.199758760219
1.1152,1,0.998289073806,0.0126518201095,0.199451918692,0.199447920618,0.2,0.999241482923,0.00559251205539,0.199760793767,0.199759099506
1.1154,1,0.998291600447,0.0126332034221,0.19945271272,0.199448720233,0.2,0.999242599792,0.00558434531533,0.199761130446,0.199759438358
1.1156,1,0.998294123369,0.0126146138747,0.199453505638,0.19944951873,0.2,0.99924371503,0.00557619024365,0.199761466693,0.199759776776
1.1158,1,0.99829664258,0.0125960514286,0.199454297448,0.199450316112,0.2,0.99924482864,0.00556804682469,0.199761802507,0.199760114759
1.116,1,0.998299158083,0.0125775160453,0.19945508815,0.199451112379,0.2,0.999245940623,0.00555991504277,0.199762137889,0.199760452309
1.1162,1,0.998301669884,0.0125590076864,0.199455877745,0.199451907533,0.2,0.999247050982,0.00555179488225,0.19976247284,0.199760789425
1.1164,1,0.99830417799,0.0125405263133,0.199456666237,0.199452701576,0.2,0.999248159719,0.00554368632748,0.19976280736,0.199761126108
1.1166,1,0.998306682404,0.0125220718876,0.199457453625,0.199453494508,0.2,0.999249266837,0.00553558936285,0.199763141449,0.199761462358
1.1168,1,0.998309183133,0.0125036443711,0.199458239911,0.199454286331,0.2,0.999250372338,0.00552750397276,0.199763475108,0.199761798177
1.117,1,0.998311680182,0.0124852437254,0.199459025097,0.199455077047,0.2,0.999251476224,0.00551943014163,0.199763808337,0.199762133563
1.1172,1,0.998314173556,0.0124668699123,0.199459809183,0.199455866657,0.2,0.999252578497,0.0055113678539,0.199764141137,0.199762468518
1.1174,1,0.99831666326,0.0124485228936,0.199460592172,0.199456655162,0.2,0.999253679161,0.00550331709402,0.199764473507,0.199762803041
1.1176,1,0.998319149301,0.0124302026312,0.199461374065,0.199457442564,0.2,0.999254778216,0.00549527784646,0.199764805449,0.199763137135
1.1178,1,0.998321631683,0.0124119090869,0.199462154863,0.199458228864,0.2,0.999255875666,0.0054872500957,0.199765136962,0.199763470797
1.118,1,0.998324110411,0.0123936422227,0.199462934567,0.199459014064,0.2,0.999256971513,0.00547923382625,0.199765468047,0.19976380403
1.1182,1,0.998326585491,0.0123754020007,0.199463713179,0.199459798165,0.2,0.999258065759,0.00547122902262,0.199765798705,0.199764136834
1.1184,1,0.998329056929,0.0123571883828,0.1994644907,0.199460581167,0.2,0.999259158406,0.00546323566937,0.199766128936,0.199764469208
1.1186,1,0.998331524729,0.0123390013313,0.199465267132,0.199461363074,0.2,0.999260249457,0.00545525375104,0.19976645874,0.199764801154
1.1188,1,0.998333988897,0.0123208408082,0.199466042476,0.199462143886,0.2,0.999261338913,0.00544728325221,0.199766788118,0.199765132671
1.119,1,0.998336449439,0.0123027067758,0.199466816733,0.199462923604,0.2,0.999262426778,0.00543932415746,0.199767117069,0.19976546376
1.1192,1,0.998338906359,0.0122845991963,0.199467589905,0.19946370223,0.2,0.999263513053,0.00543137645141,0.199767445596,0.199765794422
1.1194,1,0.998341359662,0.0122665180321,0.199468361993,0.199464479765,0.2,0.999264597741,0.00542344011868,0.199767773697,0.199766124657
1.1196,1,0.998343809355,0.0122484632455,0.199469132999,0.19946525621,0.2,0.999265680844,0.0054155151439,0.199768101373,0.199766454465
1.1198,1,0.998346255442,0.0122304347989,0.199469902924,0.199466031568,0.2,0.999266762365,0.00540760151174,0.199768428625,0.199766783846
1.12,1,0.998348697928,0.0122124326548,0.199470671768,0.199466805839,0.2,0.999267842305,0.00539969920688,0.199768755453,0.199767112802
1.1202,1,0.99835113682,0.0121944567757,0.199471439535,0.199467579025,0.2,0.999268920666,0.005391808214,0.199769081858,0.199767441332
1.1204,1,0.998353572121,0.0121765071242,0.199472206224,0.199468351127,0.2,0.999269997452,0.00538392851783,0.199769407839,0.199767769437
1.1206,1,0.998356003838,0.0121585836628,0.199472971838,0.199469122147,0.2,0.999271072664,0.00537606010307,0.199769733398,0.199768097118
1.1208,1,0.998358431975,0.0121406863543,0.199473736378,0.199469892085,0.2,0.999272146305,0.00536820295448,0.199770058534,0.199768424374
1.121,1,0.998360856538,0.0121228151614,0.199474499844,0.199470660943,0.2,0.999273218376,0.00536035705682,0.199770383248,0.199768751206
1.1212,1,0.998363277532,0.0121049700468,0.199475262239,0.199471428724,0.2,0.99927428888,0.00535252239488,0.199770707541,0.199769077614
1.1214,1,0.998365694962,0.0120871509733,0.199476023564,0.199472195427,0.2,0.99927535782,0.00534469895343,0.199771031413,0.1997694036
1.1216,1,0.998368108834,0.0120693579038,0.19947678382,0.199472961054,0.2,0.999276425198,0.0053368867173,0.199771354863,0.199769729162
1.1218,1,0.998370519152,0.0120515908012,0.199477543009,0.199473725608,0.2,0.999277491015,0.00532908567132,0.199771677894,0.199770054302
1.122,1,0.998372925922,0.0120338496285,0.199478301132,0.199474489088,0.2,0.999278555274,0.00532129580033,0.199772000505,0.199770379021
1.1222,1,0.998375329149,0.0120161343486,0.19947905819,0.199475251497,0.2,0.999279617977,0.0053135170892,0.199772322696,0.199770703318
1.1224,1,0.998377728838,0.0119984449247,0.199479814184,0.199476012835,0.2,0.999280679127,0.00530574952281,0.199772644468,0.199771027193
1.1226,1,0.998380124994,0.0119807813199,0.199480569117,0.199476773105,0.2,0.999281738726,0.00529799308606,0.199772965821,0.199771350648
1.1228,1,0.998382517623,0.0119631434972,0.199481322989,0.199477532307,0.2,0.999282796775,0.00529024776386,0.199773286756,0.199771673683
1.123,1,0.998384906729,0.01194553142,0.199482075801,0.199478290444,0.2,0.999283853278,0.00528251354114,0.199773607272,0.199771996297
1.1232,1,0.998387292318,0.0119279450514,0.199482827556,0.199479047515,0.2,0.999284908236,0.00527479040286,0.199773927372,0.199772318492
1.1234,1,0.998389674395,0.0119103843549,0.199483578254,0.199479803523,0.2,0.999285961652,0.00526707833398,0.199774247054,0.199772640268
1.1236,1,0.998392052965,0.0118928492937,0.199484327897,0.199480558469,0.2,0.999287013527,0.00525937731949,0.19977456632,0.199772961625
1.1238,1,0.998394428033,0.0118753398312,0.199485076486,0.199481312355,0.2,0.999288063865,0.00525168734438,0.199774885169,0.199773282564
1.124,1,0.998396799604,0.0118578559309,0.199485824022,0.199482065181,0.2,0.999289112666,0.00524400839368,0.199775203602,0.199773603085
1.1242,1,0.998399167684,0.0118403975563,0.199486570508,0.199482816949,0.2,0.999290159934,0.00523634045241,0.19977552162,0.199773923189
1.1244,1,0.998401532277,0.011822964671,0.199487315943,0.199483567661,0.2,0.999291205671,0.00522868350563,0.199775839223,0.199774242875
1.1246,1,0.998403893388,0.0118055572386,0.19948806033,0.199484317317,0.2,0.999292249879,0.00522103753842,0.199776156411,0.199774562144
1.1248,1,0.998406251023,0.0117881752226,0.19948880367,0.19948506592,0.2,0.999293292559,0.00521340253585,0.199776473184,0.199774880998
1.125,1,0.998408605187,0.0117708185869,0.199489545964,0.19948581347,0.2,0.999294333715,0.00520577848302,0.199776789544,0.199775199435
1.1252,1,0.998410955884,0.0117534872951,0.199490287213,0.199486559969,0.2,0.999295373348,0.00519816536507,0.19977710549,0.199775517457
1.1254,1,0.99841330312,0.0117361813111,0.19949102742,0.199487305418,0.2,0.999296411461,0.00519056316712,0.199777421024,0.199775835063
1.1256,1,0.998415646901,0.0117189005986,0.199491766584,0.199488049818,0.2,0.999297448055,0.00518297187433,0.199777736144,0.199776152255
1.1258,1,0.99841798723,0.0117016451217,0.199492504708,0.199488793171,0.2,0.999298483133,0.00517539147186,0.199778050852,0.199776469033
1.126,1,0.998420324113,0.0116844148442,0.199493241793,0.199489535479,0.2,0.999299516698,0.00516782194492,0.199778365149,0.199776785397
1.1262,1,0.998422657555,0.0116672097301,0.199493977841,0.199490276742,0.2,0.99930054875,0.0051602632787,0.199778679034,0.199777101347
1.1264,1,0.99842498756,0.0116500297435,0.199494712852,0.199491016961,0.2,0.999301579293,0.00515271545843,0.199778992507,0.199777416885
1.1266,1,0.998427314135,0.0116328748485,0.199495446827,0.199491756139,0.2,0.999302608329,0.00514517846933,0.199779305571,0.199777732009
1.1268,1,0.998429637284,0.0116157450091,0.199496179769,0.199492494277,0.2,0.99930363586,0.00513765229668,0.199779618224,0.199778046721
1.127,1,0.998431957012,0.0115986401896,0.199496911679,0.199493231376,0.2,0.999304661887,0.00513013692574,0.199779930467,0.199778361022
1.1272,1,0.998434273325,0.0115815603542,0.199497642558,0.199493967436,0.2,0.999305686413,0.0051226323418,0.199780242301,0.199778674911
1.1274,1,0.998436586226,0.0115645054672,0.199498372406,0.199494702461,0.2,0.999306709441,0.00511513853018,0.199780553725,0.199778988389
1.1276,1,0.998438895721,0.0115474754929,0.199499101227,0.19949543645,0.2,0.999307730972,0.00510765547618,0.199780864741,0.199779301456
1.1278,1,0.998441201815,0.0115304703957,0.19949982902,0.199496169405,0.2,0.999308751009,0.00510018316516,0.199781175349,0.199779614113
1.128,1,0.998443504513,0.0115134901401,0.199500555787,0.199496901328,0.2,0.999309769553,0.00509272158246,0.199781485549,0.19977992636
1.1282,1,0.99844580382,0.0114965346904,0.19950128153,0.19949763222,0.2,0.999310786607,0.00508527071348,0.199781795342,0.199780238198
1.1284,1,0.998448099741,0.0114796040112,0.19950200625,0.199498362082,0.2,0.999311802173,0.00507783054359,0.199782104728,0.199780549627
1.1286,1,0.99845039228,0.0114626980671,0.199502729947,0.199499090915,0.2,0.999312816254,0.0050704010582,0.199782413707,0.199780860647
1.1288,1,0.998452681444,0.0114458168227,0.199503452625,0.199499818722,0.2,0.99931382885,0.00506298224274,0.19978272228,0.199781171259
1.129,1,0.998454967236,0.0114289602426,0.199504174283,0.199500545502,0.2,0.999314839965,0.00505557408266,0.199783030447,0.199781481463
1.1292,1,0.998457249661,0.0114121282917,0.199504894923,0.199501271258,0.2,0.9993158496,0.0050481765634,0.199783338208,0.19978179126
1.1294,1,0.998459528725,0.0113953209345,0.199505614547,0.199501995991,0.2,0.999316857758,0.00504078967046,0.199783645565,0.19978210065
1.1296,1,0.998461804433,0.011378538136,0.199506333156,0.199502719703,0.2,0.999317864441,0.00503341338931,0.199783952518,0.199782409633
1.1298,1,0.998464076789,0.011361779861,0.19950705075,0.199503442393,0.2,0.99931886965,0.00502604770547,0.199784259066,0.19978271821
1.13,1,0.998466345798,0.0113450460744,0.199507767332,0.199504164065,0.2,0.999319873389,0.00501869260446,0.19978456521,0.199783026381
1.1302,1,0.998468611466,0.0113283367411,0.199508482903,0.199504884718,0.2,0.999320875658,0.00501134807184,0.199784870951,0.199783334147
1.1304,1,0.998470873796,0.0113116518261,0.199509197464,0.199505604355,0.2,0.999321876461,0.00500401409315,0.19978517629,0.199783641508
1.1306,1,0.998473132794,0.0112949912946,0.199509911016,0.199506322977,0.2,0.999322875799,0.00499669065397,0.199785481225,0.199783948464
1.1308,1,0.998475388465,0.0112783551115,0.19951062356,0.199507040584,0.2,0.999323873675,0.00498937773991,0.199785785759,0.199784255016
1.131,1,0.998477640814,0.011261743242,0.199511335099,0.19950775718,0.2,0.99932487009,0.00498207533656,0.199786089891,0.199784561165
1.1312,1,0.998479889845,0.0112451556513,0.199512045633,0.199508472763,0.2,0.999325865047,0.00497478342956,0.199786393622,0.19978486691
1.1314,1,0.998482135564,0.0112285923047,0.199512755163,0.199509187337,0.2,0.999326858547,0.00496750200455,0.199786696952,0.199785172252
1.1316,1,0.998484377974,0.0112120531674,0.199513463691,0.199509900902,0.2,0.999327850593,0.0049602310472,0.199786999881,0.199785477192
1.1318,1,0.998486617082,0.0111955382047,0.199514171218,0.19951061346,0.2,0.999328841187,0.00495297054317,0.19978730241,0.19978578173
1.132,1,0.998488852891,0.011179047382,0.199514877746,0.199511325012,0.2,0.999329830332,0.00494572047816,0.19978760454,0.199786085866
1.1322,1,0.998491085407,0.0111625806647,0.199515583276,0.199512035559,0.2,0.999330818028,0.00493848083789,0.19978790627,0.199786389601
1.1324,1,0.998493314635,0.0111461380184,0.199516287808,0.199512745102,0.2,0.999331804278,0.00493125160808,0.199788207602,0.199786692935
1.1326,1,0.998495540579,0.0111297194084,0.199516991345,0.199513453643,0.2,0.999332789085,0.00492403277448,0.199788508535,0.199786995868
1.1328,1,0.998497763244,0.0111133248004,0.199517693888,0.199514161184,0.2,0.999333772449,0.00491682432285,0.199788809071,0.199787298402
1.133,1,0.998499982635,0.0110969541601,0.199518395437,0.199514867724,0.2,0.999334754375,0.00490962623897,0.199789109208,0.199787600535
1.1332,1,0.998502198756,0.0110806074529,0.199519095995,0.199515573267,0.2,0.999335734862,0.00490243850862,0.199789408949,0.19978790227
1.1334,1,0.998504411613,0.0110642846447,0.199519795562,0.199516277813,0.2,0.999336713915,0.00489526111763,0.199789708293,0.199788203606
1.1336,1,0.99850662121,0.0110479857011,0.19952049414,0.199516981363,0.2,0.999337691533,0.00488809405183,0.19979000724,0.199788504543
1.1338,1,0.998508827552,0.0110317105881,0.19952119173,0.199517683918,0.2,0.999338667721,0.00488093729705,0.199790305791,0.199788805083
1.134,1,0.998511030644,0.0110154592713,0.199521888334,0.199518385481,0.2,0.999339642479,0.00487379083915,0.199790603947,0.199789105224
1.1342,1,0.998513230491,0.0109992317168,0.199522583952,0.199519086051,0.2,0.99934061581,0.00486665466403,0.199790901708,0.199789404969
1.1344,1,0.998515427096,0.0109830278904,0.199523278586,0.199519785631,0.2,0.999341587716,0.00485952875757,0.199791199074,0.199789704317
1.1346,1,0.998517620466,0.0109668477581,0.199523972238,0.199520484222,0.2,0.999342558198,0.00485241310568,0.199791496046,0.199790003268
1.1348,1,0.998519810604,0.010950691286,0.199524664907,0.199521181825,0.2,0.99934352726,0.00484530769429,0.199791792624,0.199790301824
1.135,1,0.998521997516,0.01093455844,0.199525356597,0.199521878442,0.2,0.999344494902,0.00483821250935,0.199792088808,0.199790599984
1.1352,1,0.998524181205,0.0109184491864,0.199526047308,0.199522574073,0.2,0.999345461128,0.00483112753681,0.1997923846,0.199790897749
1.1354,1,0.998526361678,0.0109023634913,0.199526737041,0.19952326872,0.2,0.999346425938,0.00482405276267,0.199792679998,0.199791195119
1.1356,1,0.998528538938,0.0108863013209,0.199527425798,0.199523962384,0.2,0.999347389336,0.00481698817291,0.199792975005,0.199791492095
1.1358,1,0.998530712991,0.0108702626414,0.19952811358,0.199524655067,0.2,0.999348351323,0.00480993375354,0.199793269619,0.199791788677
1.136,1,0.99853288384,0.0108542474192,0.199528800388,0.199525346769,0.2,0.999349311901,0.00480288949059,0.199793563842,0.199792084865
1.1362,1,0.998535051492,0.0108382556206,0.199529486223,0.199526037493,0.2,0.999350271072,0.00479585537011,0.199793857674,0.199792380661
1.1364,1,0.998537215949,0.0108222872121,0.199530171087,0.199526727239,0.2,0.999351228838,0.00478883137815,0.199794151116,0.199792676063
1.1366,1,0.998539377217,0.0108063421599,0.199530854981,0.199527416009,0.2,0.999352185202,0.0047818175008,0.199794444167,0.199792971074
1.1368,1,0.998541535302,0.0107904204307,0.199531537907,0.199528103803,0.2,0.999353140164,0.00477481372415,0.199794736829,0.199793265693
1.137,1,0.998543690206,0.0107745219909,0.199532219865,0.199528790624,0.2,0.999354093728,0.00476782003432,0.199795029101,0.19979355992
1.1372,1,0.998545841935,0.0107586468071,0.199532900856,0.199529476472,0.2,0.999355045896,0.00476083641742,0.199795320984,0.199793853756
1.1374,1,0.998547990494,0.010742794846,0.199533580883,0.199530161349,0.2,0.999355996668,0.0047538628596,0.199795612479,0.199794147202
1.1376,1,0.998550135887,0.0107269660742,0.199534259947,0.199530845256,0.2,0.999356946048,0.00474689934703,0.199795903585,0.199794440257
1.1378,1,0.99855227812,0.0107111604585,0.199534938048,0.199531528194,0.2,0.999357894037,0.00473994586587,0.199796194304,0.199794732923
1.138,1,0.998554417195,0.0106953779655,0.199535615187,0.199532210165,0.2,0.999358840638,0.00473300240233,0.199796484635,0.199795025199
1.1382,1,0.998556553119,0.0106796185621,0.199536291367,0.199532891169,0.2,0.999359785852,0.00472606894261,0.19979677458,0.199795317086
1.1384,1,0.998558685895,0.0106638822151,0.199536966588,0.199533571209,0.2,0.999360729681,0.00471914547295,0.199797064138,0.199795608585
1.1386,1,0.998560815529,0.0106481688915,0.199537640852,0.199534250285,0.2,0.999361672127,0.00471223197958,0.19979735331,0.199795899696
1.1388,1,0.998562942025,0.0106324785581,0.19953831416,0.199534928398,0.2,0.999362613193,0.00470532844876,0.199797642096,0.199796190418
1.139,1,0.998565065387,0.010616811182,0.199538986513,0.199535605551,0.2,0.99936355288,0.00469843486677,0.199797930497,0.199796480754
1.1392,1,0.99856718562,0.0106011667302,0.199539657913,0.199536281743,0.2,0.99936449119,0.0046915512199,0.199798218513,0.199796770703
1.1394,1,0.998569302729,0.0105855451697,0.19954032836,0.199536956977,0.2,0.999365428125,0.00468467749446,0.199798506145,0.199797060265
1.1396,1,0.998571416719,0.0105699464676,0.199540997856,0.199537631254,0.2,0.999366363688,0.00467781367678,0.199798793393,0.199797349441
1.1398,1,0.998573527593,0.0105543705912,0.199541666403,0.199538304574,0.2,0.99936729788,0.0046709597532,0.199799080257,0.199797638231
1.14,1,0.998575635356,0.0105388175077,0.199542334,0.19953897694,0.2,0.999368230703,0.00466411571007,0.199799366737,0.199797926636
1.1402,1,0.998577740014,0.0105232871842,0.199543000651,0.199539648352,0.2,0.99936916216,0.00465728153377,0.199799652835,0.199798214656
1.1404,1,0.99857984157,0.0105077795882,0.199543666355,0.199540318812,0.2,0.999370092251,0.0046504572107,0.199799938551,0.199798502292
1.1406,1,0.998581940029,0.0104922946868,0.199544331115,0.19954098832,0.2,0.99937102098,0.00464364272725,0.199800223885,0.199798789544
1.1408,1,0.998584035395,0.0104768324476,0.199544994931,0.199541656879,0.2,0.999371948347,0.00463683806986,0.199800508837,0.199799076412
1.141,1,0.998586127674,0.0104613928379,0.199545657804,0.19954232449,0.2,0.999372874356,0.00463004322495,0.199800793408,0.199799362897
1.1412,1,0.998588216869,0.0104459758253,0.199546319737,0.199542991153,0.2,0.999373799007,0.004623258179,0.199801077598,0.199799648999
1.1414,1,0.998590302985,0.0104305813772,0.19954698073,0.199543656869,0.2,0.999374722304,0.00461648291847,0.199801361408,0.199799934719
1.1416,1,0.998592386027,0.0104152094612,0.199547640784,0.199544321642,0.2,0.999375644248,0.00460971742985,0.199801644837,0.199800220057
1.1418,1,0.998594465999,0.0103998600449,0.199548299901,0.19954498547,0.2,0.99937656484,0.00460296169965,0.199801927888,0.199800505013
1.142,1,0.998596542906,0.010384533096,0.199548958082,0.199545648356,0.2,0.999377484083,0.00459621571439,0.199802210559,0.199800789588
1.1422,1,0.998598616751,0.0103692285821,0.199549615327,0.199546310301,0.2,0.999378401979,0.0045894794606,0.199802492852,0.199801073782
1.1424,1,0.998600687541,0.0103539464711,0.199550271639,0.199546971306,0.2,0.999379318529,0.00458275292484,0.199802774766,0.199801357596
1.1426,1,0.998602755278,0.0103386867307,0.199550927019,0.199547631373,0.2,0.999380233737,0.00457603609368,0.199803056302,0.19980164103
1.1428,1,0.998604819968,0.0103234493287,0.199551581468,0.199548290502,0.2,0.999381147602,0.00456932895371,0.199803337461,0.199801924084
1.143,1,0.998606881615,0.010308234233,0.199552234986,0.199548948695,0.2,0.999382060129,0.00456263149154,0.199803618243,0.19980220676
1.1432,1,0.998608940223,0.0102930414116,0.199552887576,0.199549605954,0.2,0.999382971318,0.00455594369377,0.199803898648,0.199802489056
1.1434,1,0.998610995797,0.0102778708323,0.199553539239,0.199550262278,0.2,0.999383881171,0.00454926554705,0.199804178677,0.199802770975
1.1436,1,0.998613048342,0.0102627224632,0.199554189975,0.19955091767,0.2,0.99938478969,0.00454259703803,0.199804458331,0.199803052515
1.1438,1,0.998615097861,0.0102475962723,0.199554839786,0.199551572131,0.2,0.999385696878,0.00453593815338,0.199804737608,0.199803333678
1.144,1,0.998617144359,0.0102324922278,0.199555488673,0.199552225662,0.2,0.999386602735,0.00452928887977,0.199805016511,0.199803614464
1.1442,1,0.998619187841,0.0102174102977,0.199556136638,0.199552878264,0.2,0.999387507265,0.00452264920392,0.199805295039,0.199803894874
1.1444,1,0.998621228311,0.0102023504503,0.199556783681,0.199553529939,0.2,0.999388410469,0.00451601911253,0.199805573193,0.199804174907
1.1446,1,0.998623265774,0.0101873126538,0.199557429804,0.199554180687,0.2,0.999389312349,0.00450939859235,0.199805850973,0.199804454564
1.1448,1,0.998625300233,0.0101722968764,0.199558075008,0.199554830511,0.2,0.999390212906,0.00450278763011,0.19980612838,0.199804733846
1.145,1,0.998627331694,0.0101573030865,0.199558719295,0.19955547941,0.2,0.999391112144,0.00449618621259,0.199806405414,0.199805012753
1.1452,1,0.99862936016,0.0101423312524,0.199559362665,0.199556127387,0.2,0.999392010062,0.00448959432656,0.199806682076,0.199805291285
1.1454,1,0.998631385637,0.0101273813425,0.19956000512,0.199556774443,0.2,0.999392906665,0.00448301195883,0.199806958365,0.199805569443
1.1456,1,0.998633408127,0.0101124533253,0.19956064666,0.199557420578,0.2,0.999393801953,0.00447643909621,0.199807234282,0.199805847228
1.1458,1,0.998635427637,0.0100975471692,0.199561287288,0.199558065794,0.2,0.999394695928,0.00446987572552,0.199807509829,0.199806124638
1.146,1,0.998637444169,0.0100826628427,0.199561927004,0.199558710093,0.2,0.999395588592,0.00446332183361,0.199807785004,0.199806401676
1.1462,1,0.998639457729,0.0100678003145,0.19956256581,0.199559353475,0.2,0.999396479948,0.00445677740735,0.199808059809,0.199806678342
1.1464,1,0.998641468321,0.0100529595532,0.199563203707,0.199559995942,0.2,0.999397369996,0.00445024243361,0.199808334243,0.199806954635
1.1466,1,0.998643475949,0.0100381405274,0.199563840695,0.199560637495,0.2,0.99939825874,0.00444371689929,0.199808608308,0.199807230557
1.1468,1,0.998645480618,0.0100233432057,0.199564476777,0.199561278135,0.2,0.99939914618,0.0044372007913,0.199808882004,0.199807506107
1.147,1,0.998647482331,0.0100085675571,0.199565111953,0.199561917863,0.2,0.999400032319,0.00443069409655,0.199809155331,0.199807781287
1.1472,1,0.998649481094,0.00999381355018,0.199565746225,0.199562556681,0.2,0.999400917158,0.004424196802,0.199809428289,0.199808056095
1.1474,1,0.99865147691,0.00997908115385,0.199566379593,0.19956319459,0.2,0.9994018007,0.00441770889461,0.19980970088,0.199808330534
1.1476,1,0.998653469784,0.00996437033697,0.19956701206,0.199563831591,0.2,0.999402682946,0.00441123036134,0.199809973103,0.199808604603
1.1478,1,0.998655459721,0.00994968106846,0.199567643626,0.199564467685,0.2,0.999403563898,0.00440476118918,0.199810244958,0.199808878303
1.148,1,0.998657446723,0.00993501331728,0.199568274292,0.199565102873,0.2,0.999404443558,0.00439830136515,0.199810516447,0.199809151634
1.1482,1,0.998659430797,0.00992036705242,0.19956890406,0.199565737157,0.2,0.999405321928,0.00439185087627,0.199810787569,0.199809424597
1.1484,1,0.998661411945,0.00990574224293,0.19956953293,0.199566370537,0.2,0.99940619901,0.00438540970956,0.199811058325,0.199809697191
1.1486,1,0.998663390173,0.0098911388579,0.199570160905,0.199567003016,0.2,0.999407074806,0.0043789778521,0.199811328716,0.199809969418
1.1488,1,0.998665365484,0.00987655686646,0.199570787985,0.199567634594,0.2,0.999407949317,0.00437255529094,0.199811598742,0.199810241278
1.149,1,0.998667337884,0.00986199623778,0.199571414171,0.199568265272,0.2,0.999408822545,0.00436614201318,0.199811868403,0.19981051277
1.1492,1,0.998669307375,0.00984745694108,0.199572039465,0.199568895052,0.2,0.999409694493,0.00435973800591,0.199812137699,0.199810783897
1.1494,1,0.998671273963,0.0098329389456,0.199572663868,0.199569523935,0.2,0.999410565162,0.00435334325625,0.199812406631,0.199811054657
1.1496,1,0.998673237651,0.00981844222066,0.19957328738,0.199570151921,0.2,0.999411434553,0.00434695775134,0.1998126752,0.199811325052
1.1498,1,0.998675198445,0.00980396673559,0.199573910004,0.199570779013,0.2,0.999412302669,0.00434058147832,0.199812943406,0.199811595082
1.15,1,0.998677156347,0.00978951245977,0.19957453174,0.199571405211,0.2,0.999413169512,0.00433421442437,0.199813211249,0.199811864747
1.1502,1,0.998679111363,0.00977507936264,0.19957515259,0.199572030517,0.2,0.999414035084,0.00432785657666,0.19981347873,0.199812134047
1.1504,1,0.998681063496,0.00976066741365,0.199575772554,0.199572654932,0.2,0.999414899385,0.00432150792239,0.199813745849,0.199812402984
1.1506,1,0.998683012752,0.00974627658233,0.199576391635,0.199573278456,0.2,0.999415762419,0.00431516844877,0.199814012606,0.199812671557
1.1508,1,0.998684959133,0.00973190683822,0.199577009832,0.199573901092,0.2,0.999416624187,0.00430883814303,0.199814279002,0.199812939767
1.151,1,0.998686902645,0.00971755815091,0.199577627148,0.19957452284,0.2,0.99941748469,0.00430251699241,0.199814545038,0.199813207614
1.1512,1,0.998688843291,0.00970323049005,0.199578243583,0.199575143701,0.2,0.999418343931,0.00429620498419,0.199814810713,0.199813475098
1.1514,1,0.998690781076,0.00968892382531,0.199578859138,0.199575763678,0.2,0.999419201911,0.00428990210562,0.199815076028,0.199813742221
1.1516,1,0.998692716003,0.00967463812641,0.199579473816,0.19957638277,0.2,0.999420058633,0.00428360834401,0.199815340984,0.199814008983
1.1518,1,0.998694648078,0.00966037336311,0.199580087616,0.199577000979,0.2,0.999420914098,0.00427732368666,0.199815605581,0.199814275383
1.152,1,0.998696577304,0.00964612950522,0.199580700541,0.199577618306,0.2,0.999421768307,0.0042710481209,0.199815869819,0.199814541422
1.1522,1,0.998698503685,0.00963190652259,0.199581312591,0.199578234753,0.2,0.999422621264,0.00426478163406,0.199816133698,0.199814807102
1.1524,1,0.998700427226,0.00961770438509,0.199581923767,0.199578850321,0.2,0.999423472969,0.0042585242135,0.19981639722,0.199815072421
1.1526,1,0.998702347931,0.00960352306266,0.199582534071,0.19957946501,0.2,0.999424323424,0.00425227584659,0.199816660385,0.199815337381
1.1528,1,0.998704265803,0.00958936252526,0.199583143504,0.199580078822,0.2,0.999425172631,0.00424603652071,0.199816923192,0.199815601982
1.153,1,0.998706180848,0.00957522274292,0.199583752067,0.199580691759,0.2,0.999426020592,0.00423980622328,0.199817185643,0.199815866224
1.1532,1,0.998708093068,0.00956110368568,0.199584359761,0.19958130382,0.2,0.999426867309,0.0042335849417,0.199817447738,0.199816130108
1.1534,1,0.998710002469,0.00954700532363,0.199584966587,0.199581915008,0.2,0.999427712784,0.00422737266341,0.199817709477,0.199816393634
1.1536,1,0.998711909055,0.00953292762692,0.199585572547,0.199582525324,0.2,0.999428557018,0.00422116937586,0.19981797086,0.199816656802
1.1538,1,0.998713812829,0.00951887056572,0.199586177642,0.199583134769,0.2,0.999429400013,0.00421497506651,0.199818231888,0.199816919614
1.154,1,0.998715713796,0.00950483411024,0.199586781872,0.199583743343,0.2,0.999430241771,0.00420878972285,0.199818492562,0.199817182069
1.1542,1,0.99871761196,0.00949081823076,0.199587385239,0.199584351049,0.2,0.999431082293,0.00420261333236,0.199818752882,0.199817444167
1.1544,1,0.998719507324,0.00947682289756,0.199587987745,0.199584957887,0.2,0.999431921583,0.00419644588257,0.199819012847,0.19981770591
1.1546,1,0.998721399894,0.00946284808099,0.199588589389,0.199585563859,0.2,0.99943275964,0.00419028736099,0.19981927246,0.199817967298
1.1548,1,0.998723289672,0.00944889375143,0.199589190174,0.199586168965,0.2,0.999433596468,0.00418413775518,0.199819531719,0.19981822833
1.155,1,0.998725176664,0.00943495987932,0.199589790101,0.199586773207,0.2,0.999434432067,0.00417799705268,0.199819790626,0.199818489008
1.1552,1,0.998727060874,0.0094210464351,0.199590389171,0.199587376586,0.2,0.99943526644,0.00417186524108,0.199820049181,0.199818749332
1.1554,1,0.998728942304,0.00940715338929,0.199590987384,0.199587979103,0.2,0.999436099588,0.00416574230797,0.199820307383,0.199819009301
1.1556,1,0.998730820961,0.00939328071244,0.199591584743,0.199588580759,0.2,0.999436931514,0.00415962824094,0.199820565235,0.199819268918
1.1558,1,0.998732696846,0.00937942837512,0.199592181248,0.199589181556,0.2,0.999437762219,0.00415352302761,0.199820822735,0.199819528181
1.156,1,0.998734569965,0.00936559634798,0.1995927769,0.199589781494,0.2,0.999438591704,0.00414742665564,0.199821079885,0.199819787092
1.1562,1,0.998736440322,0.00935178460167,0.1995933717,0.199590380575,0.2,0.999439419972,0.00414133911266,0.199821336685,0.199820045651
1.1564,1,0.998738307921,0.00933799310692,0.199593965651,0.1995909788,0.2,0.999440247024,0.00413526038634,0.199821593135,0.199820303857
1.1566,1,0.998740172765,0.00932422183446,0.199594558752,0.19959157617,0.2,0.999441072862,0.00412919046437,0.199821849236,0.199820561713
1.1568,1,0.99874203486,0.00931047075509,0.199595151005,0.199592172687,0.2,0.999441897488,0.00412312933444,0.199822104987,0.199820819217
1.157,1,0.998743894208,0.00929673983964,0.199595742411,0.19959276835,0.2,0.999442720903,0.00411707698427,0.19982236039,0.199821076371
1.1572,1,0.998745750813,0.00928302905898,0.199596332971,0.199593363162,0.2,0.99944354311,0.00411103340158,0.199822615445,0.199821333175
1.1574,1,0.998747604681,0.00926933838402,0.199596922687,0.199593957124,0.2,0.99944436411,0.00410499857412,0.199822870153,0.199821589629
1.1576,1,0.998749455815,0.00925566778573,0.199597511559,0.199594550237,0.2,0.999445183904,0.00409897248966,0.199823124512,0.199821845734
1.1578,1,0.998751304218,0.00924201723507,0.199598099589,0.199595142501,0.2,0.999446002495,0.00409295513595,0.199823378525,0.19982210149
1.158,1,0.998753149895,0.0092283867031,0.199598686777,0.199595733919,0.2,0.999446819885,0.00408694650081,0.199823632192,0.199822356897
1.1582,1,0.998754992851,0.00921477616089,0.199599273126,0.19959632449,0.2,0.999447636074,0.00408094657202,0.199823885512,0.199822611956
1.1584,1,0.998756833088,0.00920118557954,0.199599858636,0.199596914217,0.2,0.999448451065,0.00407495533742,0.199824138487,0.199822866667
1.1586,1,0.998758670611,0.00918761493022,0.199600443307,0.199597503101,0.2,0.999449264859,0.00406897278483,0.199824391116,0.199823121031
1.1588,1,0.998760505424,0.00917406418411,0.199601027142,0.199598091142,0.2,0.999450077459,0.00406299890212,0.1998246434,0.199823375048
1.159,1,0.99876233753,0.00916053331244,0.199601610142,0.199598678342,0.2,0.999450888866,0.00405703367714,0.19982489534,0.199823628718
1.1592,1,0.998764166935,0.0091470222865,0.199602192307,0.199599264702,0.2,0.999451699081,0.00405107709779,0.199825146935,0.199823882043
1.1594,1,0.998765993641,0.0091335310776,0.199602773639,0.199599850223,0.2,0.999452508107,0.00404512915195,0.199825398187,0.199824135021
1.1596,1,0.998767817653,0.00912005965708,0.199603354139,0.199600434906,0.2,0.999453315945,0.00403918982755,0.199825649096,0.199824387654
1.1598,1,0.998769638974,0.00910660799634,0.199603933807,0.199601018753,0.2,0.999454122597,0.0040332591125,0.199825899661,0.199824639943
1.16,1,0.99877145761,0.00909317606682,0.199604512646,0.199601601764,0.2,0.999454928064,0.00402733699476,0.199826149884,0.199824891886
1.1602,1,0.998773273562,0.00907976383998,0.199605090656,0.19960218394,0.2,0.999455732349,0.00402142346229,0.199826399765,0.199825143486
1.1604,1,0.998775086837,0.00906637128734,0.199605667838,0.199602765283,0.2,0.999456535453,0.00401551850304,0.199826649304,0.199825394742
1.1606,1,0.998776897436,0.00905299838045,0.199606244194,0.199603345794,0.2,0.999457337377,0.00400962210503,0.199826898502,0.199825645654
1.1608,1,0.998778705365,0.00903964509091,0.199606819724,0.199603925474,0.2,0.999458138124,0.00400373425624,0.199827147359,0.199825896224
1.161,1,0.998780510628,0.00902631139033,0.19960739443,0.199604504324,0.2,0.999458937695,0.00399785494471,0.199827395876,0.199826146451
1.1612,1,0.998782313227,0.0090129972504,0.199607968312,0.199605082345,0.2,0.999459736092,0.00399198415846,0.199827644052,0.199826396336
1.1614,1,0.998784113168,0.00899970264282,0.199608541373,0.199605659539,0.2,0.999460533316,0.00398612188555,0.199827891888,0.199826645879
1.1616,1,0.998785910453,0.00898642753934,0.199609113612,0.199606235905,0.2,0.99946132937,0.00398026811404,0.199828139386,0.199826895081
1.1618,1,0.998787705087,0.00897317191176,0.199609685032,0.199606811447,0.2,0.999462124254,0.00397442283201,0.199828386544,0.199827143942
1.162,1,0.998789497075,0.00895993573189,0.199610255633,0.199607386164,0.2,0.999462917972,0.00396858602756,0.199828633364,0.199827392462
1.1622,1,0.998791286418,0.0089467189716,0.199610825416,0.199607960058,0.2,0.999463710523,0.00396275768879,0.199828879845,0.199827640643
1.1624,1,0.998793073123,0.0089335216028,0.199611394383,0.199608533129,0.2,0.999464501911,0.00395693780384,0.199829125989,0.199827888483
1.1626,1,0.998794857191,0.00892034359744,0.199611962534,0.19960910538,0.2,0.999465292136,0.00395112636084,0.199829371795,0.199828135984
1.1628,1,0.998796638628,0.0089071849275,0.199612529871,0.199609676811,0.2,0.999466081201,0.00394532334796,0.199829617265,0.199828383147
1.163,1,0.998798417438,0.00889404556501,0.199613096395,0.199610247423,0.2,0.999466869106,0.00393952875335,0.199829862398,0.19982862997
1.1632,1,0.998800193623,0.00888092548202,0.199613662107,0.199610817217,0.2,0.999467655855,0.00393374256522,0.199830107195,0.199828876456
1.1634,1,0.998801967188,0.00886782465063,0.199614227007,0.199611386195,0.2,0.999468441448,0.00392796477175,0.199830351656,0.199829122604
1.1636,1,0.998803738136,0.008854743043,0.199614791098,0.199611954358,0.2,0.999469225887,0.00392219536117,0.199830595782,0.199829368414
1.1638,1,0.998805506472,0.00884168063129,0.19961535438,0.199612521706,0.2,0.999470009174,0.0039164343217,0.199830839572,0.199829613888
1.164,1,0.9988072722,0.00882863738772,0.199615916854,0.199613088241,0.2,0.99947079131,0.0039106816416,0.199831083028,0.199829859024
1.1642,1,0.998809035322,0.00881561328455,0.199616478522,0.199613653963,0.2,0.999471572298,0.00390493730912,0.19983132615,0.199830103825
1.1644,1,0.998810795844,0.00880260829408,0.199617039384,0.199614218875,0.2,0.999472352138,0.00389920131254,0.199831568939,0.19983034829
1.1646,1,0.998812553769,0.00878962238864,0.199617599441,0.199614782977,0.2,0.999473130833,0.00389347364015,0.199831811393,0.19983059242
1.1648,1,0.9988143091,0.0087766555406,0.199618158696,0.19961534627,0.2,0.999473908384,0.00388775428026,0.199832053515,0.199830836215
1.165,1,0.998816061841,0.00876370772237,0.199618717148,0.199615908755,0.2,0.999474684792,0.00388204322119,0.199832295304,0.199831079675
1.1652,1,0.998817811997,0.00875077890641,0.199619274798,0.199616470433,0.2,0.99947546006,0.00387634045127,0.199832536762,0.199831322801
1.1654,1,0.998819559571,0.00873786906519,0.199619831649,0.199617031306,0.2,0.999476234189,0.00387064595885,0.199832777887,0.199831565593
1.1656,1,0.998821304566,0.00872497817125,0.199620387701,0.199617591375,0.2,0.999477007181,0.00386495973231,0.199833018681,0.199831808052
1.1658,1,0.998823046988,0.00871210619715,0.199620942955,0.19961815064,0.2,0.999477779038,0.00385928176002,0.199833259143,0.199832050177
1.166,1,0.998824786838,0.0086992531155,0.199621497412,0.199618709103,0.2,0.99947854976,0.00385361203038,0.199833499276,0.199832291971
1.1662,1,0.998826524122,0.00868641889893,0.199622051074,0.199619266765,0.2,0.99947931935,0.00384795053179,0.199833739078,0.199832533432
1.1664,1,0.998828258843,0.00867360352012,0.19962260394,0.199619823627,0.2,0.99948008781,0.00384229725269,0.19983397855,0.199832774561
1.1666,1,0.998829991004,0.0086608069518,0.199623156014,0.199620379689,0.2,0.99948085514,0.00383665218151,0.199834217692,0.199833015359
1.1668,1,0.99883172061,0.00864802916672,0.199623707294,0.199620934954,0.2,0.999481621343,0.00383101530671,0.199834456506,0.199833255825
1.167,1,0.998833447664,0.00863527013766,0.199624257784,0.199621489422,0.2,0.999482386421,0.00382538661675,0.199834694991,0.199833495961
1.1672,1,0.99883517217,0.00862252983747,0.199624807483,0.199622043095,0.2,0.999483150374,0.00381976610013,0.199834933148,0.199833735767
1.1674,1,0.998836894132,0.00860980823901,0.199625356393,0.199622595972,0.2,0.999483913204,0.00381415374534,0.199835170977,0.199833975243
1.1676,1,0.998838613553,0.0085971053152,0.199625904514,0.199623148056,0.2,0.999484674914,0.0038085495409,0.199835408478,0.19983421439
1.1678,1,0.998840330437,0.00858442103897,0.199626451849,0.199623699348,0.2,0.999485435505,0.00380295347533,0.199835645652,0.199834453208
1.168,1,0.998842044788,0.0085717553833,0.199626998397,0.199624249848,0.2,0.999486194978,0.00379736553717,0.1998358825,0.199834691697
1.1682,1,0.99884375661,0.00855910832123,0.199627544161,0.199624799558,0.2,0.999486953335,0.003791785715,0.199836119021,0.199834929857
1.1684,1,0.998845465906,0.00854647982581,0.199628089141,0.199625348479,0.2,0.999487710578,0.00378621399737,0.199836355217,0.19983516769
1.1686,1,0.99884717268,0.00853386987014,0.199628633338,0.199625896611,0.2,0.999488466708,0.00378065037288,0.199836591086,0.199835405195
1.1688,1,0.998848876935,0.00852127842734,0.199629176753,0.199626443956,0.2,0.999489221727,0.00377509483012,0.199836826631,0.199835642374
1.169,1,0.998850578676,0.0085087054706,0.199629719388,0.199626990516,0.2,0.999489975637,0.00376954735773,0.199837061851,0.199835879225
1.1692,1,0.998852277907,0.00849615097312,0.199630261243,0.19962753629,0.2,0.999490728438,0.00376400794432,0.199837296747,0.19983611575
1.1694,1,0.99885397463,0.00848361490815,0.199630802319,0.199628081281,0.2,0.999491480134,0.00375847657855,0.199837531319,0.19983635195
1.1696,1,0.998855668849,0.00847109724897,0.199631342618,0.199628625488,0.2,0.999492230724,0.00375295324907,0.199837765567,0.199836587823
1.1698,1,0.998857360569,0.00845859796891,0.199631882141,0.199629168914,0.2,0.999492980212,0.00374743794456,0.199837999492,0.199836823372
1.17,1,0.998859049792,0.00844611704132,0.199632420888,0.19962971156,0.2,0.999493728598,0.00374193065371,0.199838233094,0.199837058596
1.1702,1,0.998860736523,0.0084336544396,0.199632958861,0.199630253425,0.2,0.999494475884,0.00373643136523,0.199838466374,0.199837293496
1.1704,1,0.998862420765,0.00842121013718,0.19963349606,0.199630794512,0.2,0.999495222072,0.00373094006783,0.199838699331,0.199837528071
1.1706,1,0.998864102522,0.00840878410753,0.199634032488,0.199631334822,0.2,0.999495967164,0.00372545675026,0.199838931967,0.199837762323
1.1708,1,0.998865781797,0.00839637632417,0.199634568144,0.199631874355,0.2,0.99949671116,0.00371998140125,0.199839164282,0.199837996252
1.171,1,0.998867458594,0.00838398676064,0.199635103031,0.199632413113,0.2,0.999497454063,0.00371451400957,0.199839396276,0.199838229858
1.1712,1,0.998869132917,0.00837161539051,0.199635637148,0.199632951097,0.2,0.999498195874,0.003709054564,0.19983962795,0.199838463142
1.1714,1,0.99887080477,0.00835926218742,0.199636170498,0.199633488307,0.2,0.999498936594,0.00370360305333,0.199839859304,0.199838696103
1.1716,1,0.998872474155,0.008346927125,0.19963670308,0.199634024745,0.2,0.999499676226,0.00369815946636,0.199840090337,0.199838928743
1.1718,1,0.998874141077,0.00833461017697,0.199637234897,0.199634560412,0.2,0.999500414771,0.00369272379193,0.199840321052,0.199839161062
1.172,1,0.99887580554,0.00832231131704,0.199637765949,0.199635095309,0.2,0.99950115223,0.00368729601886,0.199840551448,0.19983939306
1.1722,1,0.998877467546,0.00831003051899,0.199638296237,0.199635629437,0.2,0.999501888605,0.003681876136,0.199840781525,0.199839624738
1.1724,1,0.998879127099,0.00829776775662,0.199638825762,0.199636162797,0.2,0.999502623898,0.00367646413222,0.199841011284,0.199839856095
1.1726,1,0.998880784204,0.00828552300376,0.199639354526,0.19963669539,0.2,0.99950335811,0.00367105999639,0.199841240725,0.199840087133
1.1728,1,0.998882438863,0.0082732962343,0.199639882529,0.199637227217,0.2,0.999504091243,0.00366566371742,0.199841469849,0.199840317851
1.173,1,0.998884091081,0.00826108742215,0.199640409773,0.19963775828,0.2,0.999504823298,0.0036602752842,0.199841698656,0.199840548251
1.1732,1,0.99888574086,0.00824889654126,0.199640936258,0.199638288578,0.2,0.999505554277,0.00365489468566,0.199841927146,0.199840778332
1.1734,1,0.998887388205,0.00823672356562,0.199641461985,0.199638818114,0.2,0.999506284181,0.00364952191074,0.19984215532,0.199841008095
1.1736,1,0.998889033118,0.00822456846924,0.199641986956,0.199639346888,0.2,0.999507013013,0.00364415694839,0.199842383178,0.19984123754
1.1738,1,0.998890675605,0.0082124312262,0.199642511172,0.199639874902,0.2,0.999507740773,0.00363879978757,0.199842610721,0.199841466667
1.174,1,0.998892315667,0.00820031181058,0.199643034633,0.199640402156,0.2,0.999508467463,0.00363345041726,0.199842837949,0.199841695478
1.1742,1,0.998893953309,0.00818821019651,0.199643557341,0.199640928651,0.2,0.999509193084,0.00362810882645,0.199843064862,0.199841923972
1.1744,1,0.998895588534,0.00817612635818,0.199644079297,0.199641454389,0.2,0.999509917639,0.00362277500416,0.199843291461,0.19984215215
1.1746,1,0.998897221346,0.00816406026978,0.199644600501,0.199641979371,0.2,0.999510641129,0.0036174489394,0.199843517746,0.199842380012
1.1748,1,0.998898851749,0.00815201190555,0.199645120955,0.199642503597,0.2,0.999511363555,0.00361213062122,0.199843743717,0.199842607559
1.175,1,0.998900479745,0.00813998123977,0.19964564066,0.199643027068,0.2,0.999512084919,0.00360682003866,0.199843969375,0.199842834791
1.1752,1,0.998902105339,0.00812796824676,0.199646159616,0.199643549787,0.2,0.999512805223,0.00360151718079,0.199844194721,0.199843061708
1.1754,1,0.998903728533,0.00811597290086,0.199646677826,0.199644071753,0.2,0.999513524467,0.00359622203669,0.199844419754,0.19984328831
1.1756,1,0.998905349332,0.00810399517647,0.199647195289,0.199644592967,0.2,0.999514242654,0.00359093459544,0.199844644475,0.199843514599
1.1758,1,0.998906967739,0.00809203504799,0.199647712007,0.199645113432,0.2,0.999514959785,0.00358565484617,0.199844868885,0.199843740574
1.176,1,0.998908583758,0.0080800924899,0.199648227982,0.199645633147,0.2,0.999515675862,0.00358038277799,0.199845092983,0.199843966236
1.1762,1,0.998910197391,0.00806816747668,0.199648743213,0.199646152114,0.2,0.999516390885,0.00357511838004,0.199845316771,0.199844191586
1.1764,1,0.998911808643,0.00805625998287,0.199649257702,0.199646670334,0.2,0.999517104858,0.00356986164147,0.199845540248,0.199844416623
1.1766,1,0.998913417517,0.00804436998302,0.19964977145,0.199647187807,0.2,0.99951781778,0.00356461255144,0.199845763415,0.199844641348
1.1768,1,0.998915024017,0.00803249745175,0.199650284458,0.199647704536,0.2,0.999518529654,0.00355937109913,0.199845986272,0.199844865761
1.177,1,0.998916628145,0.00802064236368,0.199650796727,0.19964822052,0.2,0.999519240482,0.00355413727373,0.19984620882,0.199845089863
1.1772,1,0.998918229906,0.00800880469349,0.199651308258,0.199648735762,0.2,0.999519950264,0.00354891106446,0.199846431059,0.199845313655
1.1774,1,0.998919829303,0.00799698441589,0.199651819052,0.199649250261,0.2,0.999520659002,0.00354369246053,0.199846652989,0.199845537135
1.1776,1,0.998921426339,0.00798518150562,0.19965232911,0.199649764019,0.2,0.999521366699,0.00353848145118,0.199846874612,0.199845760306
1.1778,1,0.998923021018,0.00797339593747,0.199652838434,0.199650277037,0.2,0.999522073354,0.00353327802565,0.199847095926,0.199845983167
1.178,1,0.998924613344,0.00796162768624,0.199653347023,0.199650789317,0.2,0.999522778971,0.00352808217321,0.199847316933,0.199846205719
1.1782,1,0.998926203319,0.00794987672678,0.19965385488,0.199651300858,0.2,0.99952348355,0.00352289388315,0.199847537633,0.199846427962
1.1784,1,0.998927790948,0.00793814303399,0.199654362004,0.199651811662,0.2,0.999524187092,0.00351771314474,0.199847758026,0.199846649896
1.1786,1,0.998929376233,0.00792642658279,0.199654868398,0.199652321731,0.2,0.9995248896,0.00351253994729,0.199847978113,0.199846871522
1.1788,1,0.998930959179,0.00791472734812,0.199655374062,0.199652831064,0.2,0.999525591075,0.00350737428013,0.199848197895,0.19984709284
1.179,1,0.998932539788,0.00790304530498,0.199655878997,0.199653339664,0.2,0.999526291518,0.00350221613259,0.19984841737,0.199847313851
1.1792,1,0.998934118064,0.0078913804284,0.199656383204,0.19965384753,0.2,0.999526990931,0.00349706549401,0.199848636541,0.199847534555
1.1794,1,0.99893569401,0.00787973269344,0.199656886684,0.199654354665,0.2,0.999527689316,0.00349192235376,0.199848855406,0.199847754952
1.1796,1,0.998937267631,0.0078681020752,0.199657389438,0.199654861069,0.2,0.999528386673,0.0034867867012,0.199849073968,0.199847975043
1.1798,1,0.998938838929,0.00785648854881,0.199657891468,0.199655366743,0.2,0.999529083005,0.00348165852574,0.199849292225,0.199848194828
1.18,1,0.998940407907,0.00784489208943,0.199658392774,0.199655871688,0.2,0.999529778312,0.00347653781677,0.199849510179,0.199848414307
1.1802,1,0.99894197457,0.00783331267227,0.199658893356,0.199656375905,0.2,0.999530472597,0.00347142456372,0.199849727829,0.199848633482
1.1804,1,0.99894353892,0.00782175027257,0.199659393217,0.199656879395,0.2,0.999531165861,0.003466318756,0.199849945176,0.199848852351
1.1806,1,0.998945100961,0.0078102048656,0.199659892357,0.19965738216,0.2,0.999531858105,0.00346122038307,0.199850162221,0.199849070916
1.1808,1,0.998946660696,0.00779867642666,0.199660390778,0.199657884199,0.2,0.999532549331,0.00345612943438,0.199850378964,0.199849289177
1.181,1,0.998948218129,0.00778716493111,0.199660888479,0.199658385515,0.2,0.99953323954,0.00345104589942,0.199850595405,0.199849507135
1.1812,1,0.998949773263,0.0077756703543,0.199661385462,0.199658886108,0.2,0.999533928734,0.00344596976765,0.199850811545,0.199849724789
1.1814,1,0.998951326101,0.00776419267166,0.199661881729,0.199659385979,0.2,0.999534616914,0.00344090102859,0.199851027384,0.19984994214
1.1816,1,0.998952876648,0.00775273185863,0.19966237728,0.199659885129,0.2,0.999535304082,0.00343583967175,0.199851242922,0.199850159189
1.1818,1,0.998954424905,0.00774128789069,0.199662872115,0.199660383559,0.2,0.99953599024,0.00343078568665,0.199851458159,0.199850375935
1.182,1,0.998955970878,0.00772986074336,0.199663366237,0.19966088127,0.2,0.999536675387,0.00342573906284,0.199851673097,0.19985059238
1.1822,1,0.998957514568,0.00771845039219,0.199663859646,0.199661378264,0.2,0.999537359527,0.00342069978987,0.199851887736,0.199850808524
1.1824,1,0.998959055979,0.00770705681276,0.199664352343,0.19966187454,0.2,0.999538042661,0.00341566785732,0.199852102075,0.199851024366
1.1826,1,0.998960595115,0.00769567998069,0.199664844329,0.199662370101,0.2,0.99953872479,0.00341064325476,0.199852316115,0.199851239908
1.1828,1,0.998962131979,0.00768431987163,0.199665335605,0.199662864946,0.2,0.999539405915,0.00340562597179,0.199852529857,0.199851455149
1.183,1,0.998963666574,0.00767297646127,0.199665826172,0.199663359078,0.2,0.999540086038,0.00340061599802,0.199852743301,0.199851670091
1.1832,1,0.998965198904,0.00766164972533,0.199666316031,0.199663852497,0.2,0.999540765161,0.00339561332308,0.199852956447,0.199851884733
1.1834,1,0.998966728972,0.00765033963957,0.199666805183,0.199664345204,0.2,0.999541443284,0.0033906179366,0.199853169296,0.199852099076
1.1836,1,0.998968256781,0.00763904617978,0.199667293629,0.1996648372,0.2,0.99954212041,0.00338562982823,0.199853381848,0.19985231312
1.1838,1,0.998969782335,0.00762776932179,0.19966778137,0.199665328486,0.2,0.99954279654,0.00338064898765,0.199853594104,0.199852526866
1.184,1,0.998971305637,0.00761650904144,0.199668268407,0.199665819062,0.2,0.999543471675,0.00337567540452,0.199853806063,0.199852740313
1.1842,1,0.99897282669,0.00760526531464,0.19966875474,0.199666308931,0.2,0.999544145817,0.00337070906854,0.199854017727,0.199852953463
1.1844,1,0.998974345498,0.00759403811731,0.199669240371,0.199666798093,0.2,0.999544818967,0.00336574996942,0.199854229095,0.199853166316
1.1846,1,0.998975862063,0.00758282742542,0.199669725302,0.199667286549,0.2,0.999545491126,0.00336079809688,0.199854440168,0.199853378872
1.1848,1,0.99897737639,0.00757163321495,0.199670209532,0.199667774299,0.2,0.999546162297,0.00335585344064,0.199854650946,0.199853591131
1.185,1,0.998978888481,0.00756045546193,0.199670693062,0.199668261346,0.2,0.99954683248,0.00335091599046,0.199854861431,0.199853803094
1.1852,1,0.99898039834,0.00754929414244,0.199671175895,0.199668747689,0.2,0.999547501677,0.00334598573609,0.199855071621,0.199854014761
1.1854,1,0.99898190597,0.00753814923256,0.19967165803,0.19966923333,0.2,0.99954816989,0.00334106266732,0.199855281517,0.199854226133
1.1856,1,0.998983411374,0.00752702070842,0.199672139469,0.19966971827,0.2,0.999548837119,0.00333614677392,0.19985549112,0.19985443721
1.1858,1,0.998984914555,0.0075159085462,0.199672620212,0.19967020251,0.2,0.999549503367,0.00333123804569,0.199855700431,0.199854647992
1.186,1,0.998986415518,0.00750481272208,0.199673100261,0.19967068605,0.2,0.999550168634,0.00332633647246,0.199855909449,0.19985485848
1.1862,1,0.998987914265,0.0074937332123,0.199673579617,0.199671168893,0.2,0.999550832923,0.00332144204405,0.199856118175,0.199855068674
1.1864,1,0.998989410799,0.00748266999312,0.19967405828,0.199671651038,0.2,0.999551496234,0.0033165547503,0.199856326609,0.199855278574
1.1866,1,0.998990905123,0.00747162304085,0.199674536252,0.199672132486,0.2,0.999552158569,0.00331167458107,0.199856534751,0.199855488181
1.1868,1,0.998992397242,0.00746059233181,0.199675013533,0.199672613239,0.2,0.999552819929,0.00330680152622,0.199856742603,0.199855697495
1.187,1,0.998993887157,0.00744957784236,0.199675490124,0.199673093298,0.2,0.999553480316,0.00330193557563,0.199856950164,0.199855906517
1.1872,1,0.998995374873,0.00743857954892,0.199675966027,0.199673572663,0.2,0.999554139731,0.0032970767192,0.199857157435,0.199856115246
1.1874,1,0.998996860393,0.00742759742791,0.199676441242,0.199674051336,0.2,0.999554798176,0.00329222494685,0.199857364416,0.199856323684
1.1876,1,0.998998343719,0.00741663145579,0.19967691577,0.199674529317,0.2,0.999555455652,0.00328738024848,0.199857571107,0.19985653183
1.1878,1,0.998999824855,0.00740568160907,0.199677389613,0.199675006608,0.2,0.999556112161,0.00328254261404,0.199857777509,0.199856739685
1.188,1,0.999001303805,0.00739474786428,0.19967786277,0.199675483209,0.2,0.999556767703,0.00327771203348,0.199857983622,0.19985694725
1.1882,1,0.999002780571,0.00738383019798,0.199678335244,0.199675959121,0.2,0.999557422281,0.00327288849675,0.199858189447,0.199857154525
1.1884,1,0.999004255157,0.00737292858677,0.199678807035,0.199676434346,0.2,0.999558075895,0.00326807199383,0.199858394984,0.199857361509
1.1886,1,0.999005727565,0.00736204300729,0.199679278144,0.199676908883,0.2,0.999558728548,0.00326326251471,0.199858600233,0.199857568204
1.1888,1,0.9990071978,0.00735117343619,0.199679748572,0.199677382735,0.2,0.99955938024,0.0032584600494,0.199858805194,0.19985777461
1.189,1,0.999008665864,0.00734031985018,0.199680218319,0.199677855903,0.2,0.999560030973,0.0032536645879,0.199859009869,0.199857980727
1.1892,1,0.99901013176,0.00732948222599,0.199680687388,0.199678328386,0.2,0.999560680748,0.00324887612024,0.199859214257,0.199858186555
1.1894,1,0.999011595492,0.00731866054039,0.199681155778,0.199678800186,0.2,0.999561329567,0.00324409463648,0.199859418358,0.199858392095
1.1896,1,0.999013057063,0.00730785477016,0.199681623491,0.199679271305,0.2,0.999561977431,0.00323932012666,0.199859622174,0.199858597348
1.1898,1,0.999014516476,0.00729706489214,0.199682090528,0.199679741742,0.2,0.999562624341,0.00323455258084,0.199859825704,0.199858802313
1.19,1,0.999015973735,0.00728629088319,0.19968255689,0.199680211499,0.2,0.9995632703,0.00322979198912,0.199860028949,0.199859006991
1.1902,1,0.999017428841,0.0072755327202,0.199683022577,0.199680680577,0.2,0.999563915308,0.00322503834159,0.19986023191,0.199859211383
1.1904,1,0.999018881799,0.00726479038012,0.19968348759,0.199681148977,0.2,0.999564559366,0.00322029162835,0.199860434585,0.199859415488
1.1906,1,0.999020332612,0.00725406383988,0.199683951931,0.1996816167,0.2,0.999565202476,0.00321555183953,0.199860636977,0.199859619308
1.1908,1,0.999021781283,0.0072433530765,0.1996844156,0.199682083746,0.2,0.99956584464,0.00321081896525,0.199860839085,0.199859822842
1.191,1,0.999023227814,0.00723265806699,0.199684878599,0.199682550117,0.2,0.999566485859,0.00320609299568,0.199861040909,0.19986002609
1.1912,1,0.99902467221,0.00722197878842,0.199685340928,0.199683015813,0.2,0.999567126133,0.00320137392096,0.199861242451,0.199860229054
1.1914,1,0.999026114473,0.00721131521787,0.199685802588,0.199683480836,0.2,0.999567765466,0.00319666173127,0.199861443709,0.199860431733
1.1916,1,0.999027554606,0.00720066733246,0.19968626358,0.199683945186,0.2,0.999568403857,0.0031919564168,0.199861644686,0.199860634128
1.1918,1,0.999028992613,0.00719003510937,0.199686723905,0.199684408865,0.2,0.999569041309,0.00318725796775,0.19986184538,0.19986083624
1.192,1,0.999030428497,0.00717941852577,0.199687183564,0.199684871873,0.2,0.999569677822,0.00318256637433,0.199862045793,0.199861038068
1.1922,1,0.999031862261,0.00716881755888,0.199687642558,0.199685334211,0.2,0.999570313398,0.00317788162676,0.199862245925,0.199861239613
1.1924,1,0.999033293907,0.00715823218596,0.199688100888,0.199685795881,0.2,0.999570948039,0.00317320371529,0.199862445776,0.199861440875
1.1926,1,0.99903472344,0.00714766238429,0.199688558555,0.199686256882,0.2,0.999571581746,0.00316853263017,0.199862645346,0.199861641855
1.1928,1,0.999036150861,0.00713710813119,0.199689015559,0.199686717217,0.2,0.999572214519,0.00316386836167,0.199862844636,0.199861842554
1.193,1,0.999037576175,0.00712656940402,0.199689471902,0.199687176885,0.2,0.999572846361,0.00315921090005,0.199863043646,0.19986204297
1.1932,1,0.999038999384,0.00711604618014,0.199689927584,0.199687635888,0.2,0.999573477273,0.00315456023561,0.199863242377,0.199862243105
1.1934,1,0.999040420492,0.00710553843699,0.199690382607,0.199688094228,0.2,0.999574107257,0.00314991635866,0.199863440829,0.19986244296
1.1936,1,0.999041839501,0.007095046152,0.199690836971,0.199688551903,0.2,0.999574736313,0.00314527925952,0.199863639002,0.199862642533
1.1938,1,0.999043256415,0.00708456930264,0.199691290678,0.199689008917,0.2,0.999575364442,0.00314064892851,0.199863836897,0.199862841827
1.194,1,0.999044671237,0.00707410786645,0.199691743727,0.199689465269,0.2,0.999575991647,0.00313602535597,0.199864034513,0.199863040841
1.1942,1,0.999046083969,0.00706366182094,0.199692196121,0.199689920961,0.2,0.999576617929,0.00313140853227,0.199864231852,0.199863239576
1.1944,1,0.999047494615,0.00705323114371,0.19969264786,0.199690375993,0.2,0.999577243289,0.00312679844777,0.199864428914,0.199863438031
1.1946,1,0.999048903178,0.00704281581234,0.199693098945,0.199690830366,0.2,0.999577867728,0.00312219509285,0.199864625699,0.199863636207
1.1948,1,0.999050309662,0.00703241580449,0.199693549376,0.199691284082,0.2,0.999578491247,0.00311759845791,0.199864822207,0.199863834106
1.195,1,0.999051714068,0.00702203109783,0.199693999155,0.199691737141,0.2,0.999579113849,0.00311300853335,0.199865018439,0.199864031726
1.1952,1,0.9990531164,0.00701166167004,0.199694448283,0.199692189544,0.2,0.999579735534,0.0031084253096,0.199865214394,0.199864229068
1.1954,1,0.999054516662,0.00700130749887,0.199694896761,0.199692641292,0.2,0.999580356304,0.00310384877709,0.199865410075,0.199864426134
1.1956,1,0.999055914855,0.00699096856208,0.199695344589,0.199693092386,0.2,0.99958097616,0.00309927892626,0.19986560548,0.199864622922
1.1958,1,0.999057310984,0.00698064483747,0.199695791769,0.199693542826,0.2,0.999581595103,0.00309471574757,0.199865800611,0.199864819434
1.196,1,0.999058705052,0.00697033630286,0.1996962383,0.199693992615,0.2,0.999582213135,0.0030901592315,0.199865995466,0.199865015669
1.1962,1,0.99906009706,0.00696004293612,0.199696684185,0.199694441752,0.2,0.999582830257,0.00308560936853,0.199866190048,0.199865211628
1.1964,1,0.999061487013,0.00694976471512,0.199697129425,0.199694890239,0.2,0.99958344647,0.00308106614916,0.199866384356,0.199865407312
1.1966,1,0.999062874913,0.00693950161781,0.199697574019,0.199695338076,0.2,0.999584061776,0.00307652956389,0.199866578391,0.199865602721
1.1968,1,0.999064260764,0.00692925362213,0.199698017969,0.199695785264,0.2,0.999584676176,0.00307199960325,0.199866772152,0.199865797855
1.197,1,0.999065644568,0.00691902070606,0.199698461276,0.199696231805,0.2,0.999585289671,0.00306747625778,0.199866965641,0.199865992714
1.1972,1,0.999067026329,0.00690880284762,0.19969890394,0.199696677699,0.2,0.999585902263,0.00306295951802,0.199867158857,0.1998661873
1.1974,1,0.999068406049,0.00689860002486,0.199699345963,0.199697122947,0.2,0.999586513953,0.00305844937454,0.199867351802,0.199866381611
1.1976,1,0.999069783731,0.00688841221586,0.199699787346,0.199697567551,0.2,0.999587124742,0.0030539458179,0.199867544474,0.199866575649
1.1978,1,0.999071159379,0.00687823939873,0.199700228089,0.19969801151,0.2,0.999587734632,0.0030494488387,0.199867736876,0.199866769414
1.198,1,0.999072532995,0.0068680815516,0.199700668194,0.199698454826,0.2,0.999588343623,0.00304495842752,0.199867929006,0.199866962907
1.1982,1,0.999073904583,0.00685793865266,0.19970110766,0.199698897499,0.2,0.999588951718,0.003040474575,0.199868120866,0.199867156126
1.1984,1,0.999075274145,0.00684781068009,0.19970154649,0.199699339532,0.2,0.999589558918,0.00303599727174,0.199868312455,0.199867349074
1.1986,1,0.999076641685,0.00683769761215,0.199701984684,0.199699780923,0.2,0.999590165223,0.00303152650839,0.199868503775,0.199867541751
1.1988,1,0.999078007205,0.00682759942709,0.199702422242,0.199700221675,0.2,0.999590770636,0.00302706227559,0.199868694825,0.199867734155
1.199,1,0.999079370708,0.00681751610321,0.199702859167,0.199700661789,0.2,0.999591375156,0.00302260456401,0.199868885605,0.199867926289
1.1992,1,0.999080732197,0.00680744761884,0.199703295458,0.199701101264,0.2,0.999591978787,0.00301815336432,0.199869076117,0.199868118152
1.1994,1,0.999082091676,0.00679739395233,0.199703731116,0.199701540103,0.2,0.999592581529,0.00301370866721,0.19986926636,0.199868309745
1.1996,1,0.999083449147,0.00678735508207,0.199704166143,0.199701978306,0.2,0.999593183383,0.00300927046338,0.199869456336,0.199868501068
1.1998,1,0.999084804614,0.00677733098649,0.19970460054,0.199702415873,0.2,0.999593784351,0.00300483874354,0.199869646043,0.199868692122
1.2,1,0.999086158078,0.00676732164403,0.199705034306,0.199702852807,0.2,0.999594384433,0.00300041349841,0.199869835483,0.199868882906
