time_s,voltage_V,true_current_A,measured_current_A,fitted_model_current_A
0,-2,0,0.002,0
5e-05,-1.97942837637,-0.246900879717,-0.24399069946,-0.246907982647
0.0001,-1.95889159045,-0.485166179007,-0.482448855878,-0.48517947508
0.00015,-1.93842442096,-0.715013411843,-0.713197103383,-0.715032036988
0.0002,-1.91806152871,-0.936659015203,-0.935857833136,-0.936682149483
0.00025,-1.89783739793,-1.15031836111,-1.15018939136,-1.15034522717
0.0003,-1.87778627786,-1.35620576114,-1.35630523012,-1.35623562271
0.00035,-1.85794212474,-1.55453446355,-1.5546672815,-1.55456662397
0.0004,-1.83833854433,-1.74551664342,-1.74587090992,-1.74555044421
0.00045,-1.81900873497,-1.92936338584,-1.93035264297,-1.92939820533
0.0005,-1.79998543138,-2.10628466256,-2.10819344543,-2.10631991448
0.00055,-1.78130084922,-2.27648930219,-2.27913780018,-2.27652443442
0.0006,-1.76298663051,-2.4401849544,-2.44283005196,-2.44021944764
0.00065,-1.7450737901,-2.59757804821,-2.59914722327,-2.59761141473
0.0007,-1.72759266309,-2.74887374466,-2.74844710016,-2.74890552706
0.00075,-1.71057285348,-2.89427588424,-2.89158540357,-2.89430565431
0.0008,-1.69404318405,-3.03398692921,-3.02967036919,-3.03401428673
0.00085,-1.67803164751,-3.16820790124,-3.16365927476,-3.16823247284
0.0009,-1.66256535916,-3.29713831442,-3.29398915816,-3.29715975252
0.00095,-1.64767051089,-3.42097610427,-3.42042659773,-3.42099408596
0.001,2.36662767311,-3.53991755261,-3.54222032756,-3.53993177864
0.00105,2.3803049791,-3.1603554496,-3.16469302514,-3.16035143747
0.0011,2.39333824477,-2.78847629886,-2.79329331794,-2.78845546703
0.00115,2.40570539852,-2.42416991469,-2.42781063007,-2.4241336283
0.0012,2.41738549676,-2.06733155662,-2.0686939907,-2.06728112918
0.00125,2.42835875943,-1.71786165574,-1.71677963598,-1.71779835076
0.0013,2.4386066035,-1.37566554335,-1.37286651571,-1.37559057592
0.00135,2.44811167441,-1.04065318222,-1.03734391383,-1.04056772051
0.0014,2.45685787547,-0.712738900577,-0.710041379876,-0.712644067317
0.00145,2.46483039513,-0.391841129025,-0.390354818601,-0.391738002901
0.0015,2.47201573207,-0.0778821406225,-0.0775641211404,-0.0777717576385
0.00155,2.47840171803,0.229212205742,0.228832612732,0.229328850955
0.0016,2.48397753844,0.529512718454,0.528940981086,0.529634671373
0.00165,2.48873375075,0.823087122572,0.822529953359,0.823213467565
0.0017,2.49266230038,1.11000030533,1.10928035524,1.11013016448
0.00175,2.49575653441,1.39031455754,1.38907213967,1.39044708951
0.0018,2.49801121279,1.66408981076,1.662141714,1.6642242097
0.00185,2.49942251727,1.93138386993,1.92901356033,1.93151936442
0.0019,2.49998805783,2.19225264142,2.19023609497,2.19238849347
0.00195,2.49970687672,2.44675035623,2.44606331979,2.44688586025
0.002,-1.50142054987,2.69492978814,2.69626141007,2.69506427005
0.00205,-1.50339231266,2.4430407073,2.44635958194,2.4431593177
0.0021,-1.50620507252,2.19712737504,2.20154179063,2.19723117355
0.00215,-1.50985406606,1.95693842814,1.96095976584,1.95702842921
0.0022,-1.51433311379,1.72222929762,1.72434990277,1.72230647234
0.00225,-1.51963463051,1.49276221576,1.49209580884,1.49282749363
0.0023,-1.52574963818,1.26830622178,1.2649942213,1.26836049237
0.00235,-1.53266778114,1.04863716564,1.04382409826,1.04868128026
0.0024,-1.54037734363,0.833537710031,0.8289168497,0.833572483287
0.00245,-1.54886526962,0.622797330025,0.619927833018,0.622823541355
0.0025,-1.55811718496,0.416212310342,0.415913626895,0.416230705501
0.00255,-1.56811742167,0.213585739951,0.215673424787,0.213597032434
0.0026,-1.57884904451,0.0147275037879,0.0181885640337,0.0147323762116
0.00265,-1.59029387966,-0.180545728591,-0.177047182366,-0.180546623157
0.0027,-1.60243254548,-0.372410517618,-0.369953291769,-0.372416554366
0.00275,-1.61524448533,-0.561036671759,-0.560060437098,-0.561047252903
0.0028,-1.62870800239,-0.746587269171,-0.74686338894,-0.746601822752
0.00285,-1.64280029643,-0.929218683113,-0.93014191819,-0.929236661847
0.0029,-1.65749750236,-1.10908061128,-1.1100903885,-1.10910149145
0.00295,-1.67277473072,-1.28631610915,-1.28720480953,-1.28633938953
0.003,2.31139389024,-1.46106162754,-1.46200683323,-1.4610868284
0.00305,2.29503517071,-1.13964529499,-1.14096721651,-1.13965775119
0.0031,2.2781768139,-0.828184251087,-0.829988964871,-0.828185196364
0.00315,2.26084736918,-0.526494379319,-0.528431878259,-0.526484992048
0.0032,2.24307618367,-0.2343925846,-0.235698575456,-0.234373989559
0.00325,2.22489335258,0.0483033304433,0.048470374339,0.0483300603633
0.0033,2.20632966826,0.32177477998,0.323861009736,0.321808622112
0.00335,2.18741656799,0.586202500374,0.589902689193,0.586242480661
0.0034,2.16818608081,0.841766646543,0.845997774387,0.841811837962
0.00345,2.14867077323,1.08864687936,1.09190861573,1.08869640039
0.0035,2.12890369411,1.3270224442,1.32800631324,1.32707545735
0.00355,2.10891831867,1.55707224077,1.55524543965,1.55712795109
0.0036,2.08874849183,1.77897488423,1.77486024906,1.77903253795
0.00365,2.06842837086,1.99290875791,1.98791570751,1.99296764103
0.0037,2.04799236756,2.19905205756,2.19492150273,2.19911149451
0.00375,2.02747508996,2.3975828274,2.39569056385,2.39764217978
0.0038,2.00691128374,2.58867898813,2.58950784361,2.58873765337
0.00385,1.98633577337,2.77251835692,2.7755272528,2.7725757671
0.0039,1.96578340315,2.94927865971,2.95320781812,2.94933428032
0.00395,1.94528897818,3.11913753594,3.12258669649,3.11919086471
0.004,-2.07511279456,3.28227253579,3.28427191427,3.28232310156
0.00405,-2.095387365,2.94505935089,2.94537576518,2.94509250659
0.0041,-2.11550039849,2.61366908455,2.61273601651,2.61368609134
0.00415,-2.13541783393,2.28797791021,2.28653070526,2.28797998305
0.0042,-2.15510594147,1.96786926345,1.96650661878,1.96785757276
0.00425,-2.17453137961,1.6532336218,1.65214491157,1.65320929495
0.0043,-2.19366125169,1.34396828294,1.34295832292,1.34393240573
0.00435,-2.21246316159,1.03997714138,1.03874653666,1.03993075947
0.0044,-2.23090526857,0.741170463804,0.739664662166,0.741114584061
0.00445,-2.24895634123,0.447464663163,0.446065954797,0.447400254993
0.0045,-2.26658581037,0.158782071718,0.158206842848,0.158710068313
0.00455,-2.28376382076,-0.124949286868,-0.124017681511,-0.125027987318
0.0046,-2.30046128173,-0.403795926189,-0.40115047912,-0.403880459331
0.00465,-2.3166499164,-0.677819126355,-0.67399914186,-0.677908660558
0.0047,-2.33230230957,-0.947075163674,-0.943285252552,-0.947168898952
0.00475,-2.34739195418,-1.21161554057,-1.20928839734,-1.21171270755
0.0048,-2.36189329615,-1.47148721555,-1.47167118565,-1.47158707451
0.00485,-2.3757817777,-1.72673283305,-1.72958905422,-1.72683467294
0.0049,-2.38903387891,-1.97739095297,-1.98204960831,-1.97749409049
0.00495,-2.40162715756,-2.22349627957,-2.22836029186,-2.22360005836
0.005,1.58645971286,-2.4650798898,-2.46845438976,-2.46518367953
0.00505,1.57524690705,-2.20836770109,-2.20913784195,-2.20845669085
0.0051,1.5647534137,-1.95937798472,-1.95743331582,-1.95945326739
0.00515,1.55499700338,-1.71783127271,-1.71405431489,-1.71789389097
0.0052,1.54599419841,-1.48345280343,-1.47929396795,-1.48350375163
0.00525,1.5377602449,-1.25597255939,-1.2528228029,-1.25601278548
0.0053,1.53030908691,-1.03512530778,-1.03378034787,-1.03515571508
0.00535,1.52365334285,-0.820650642975,-0.821098999333,-0.820672091947
0.0054,1.51780428413,-0.612293031039,-0.613889664395,-0.612306341013
0.00545,1.51277181602,-0.409801855744,-0.411698235409,-0.409807806565
0.0055,1.50856446093,-0.212931465782,-0.214517788395,-0.212930799425
0.00555,1.50518934396,-0.0214412229027,-0.0225723323978,-0.0214346450359
0.0056,1.50265218079,0.164904449358,0.16399452053,0.164916267859
0.00565,1.50095726808,0.346336016669,0.345348811076,0.346352438249
0.0057,1.50010747614,0.523078784903,0.521987496264,0.523099203905
0.00575,1.50010424407,0.695352851452,0.694543597919,0.695376692734
0.0058,1.50094757735,0.863373057143,0.863488401981,0.863399774742
0.00585,1.50263604781,1.02734893904,1.02890396152,1.02737801487
0.0059,1.50516679605,1.18748468441,1.19046548568,1.18751562702
0.00595,1.50853553628,1.34397908611,1.34766246417,1.34401142947
0.006,-2.48726343639,1.49702549974,1.50015710425,1.49705880203
0.00605,-2.48223723635,1.15301004319,1.15429576222,1.15302967986
0.0061,-2.47639437537,0.818108845133,0.816803786952,0.818116092928
0.00615,-2.46974474825,0.492197690874,0.488508609819,0.492193773519
0.0062,-2.46229961603,0.175154211077,0.170244137251,0.175140300858
0.00625,-2.45407158691,-0.133142332465,-0.137576106834,-0.133165113135
0.0063,-2.44507459493,-0.432811253412,-0.435211159519,-0.432841830485
0.00635,-2.43532387635,-0.723970639721,-0.723546179311,-0.724007986048
0.0064,-2.42483594385,-1.00673754467,-1.00376531892,-1.00678067858
0.00645,-2.41362855858,-1.28122816998,-1.27689594823,-1.28127615391
0.0065,-2.40172070006,-1.54755804096,-1.54343619601,-1.54760998011
0.00655,-2.38913253405,-1.80584217363,-1.80323424698,-1.80589721466
0.0066,-2.37588537841,-2.05619523371,-2.05566334981,-2.05625256349
0.00665,-2.36200166699,-2.29873168752,-2.29999378443,-2.2987905319
0.0067,-2.34750491162,-2.53356594467,-2.53577314042,-2.53362556729
0.00675,-2.33241966232,-2.76081249252,-2.76303261045,-2.76087219367
0.0068,-2.31677146572,-2.98058602245,-2.98223380578,-2.98064513793
0.00685,-2.30058682179,-3.19300154785,-3.19400640278,-3.19305944785
0.0069,-2.28389313896,-3.39817451382,-3.39883143918,-3.39823060192
0.00695,-2.2667186877,-3.59622089872,-3.59684536476,-3.59627461081
0.007,1.75090744733,-3.7872573074,-3.78786742547,-3.78730811067
0.00705,1.76895541655,-3.47759929679,-3.47782558725,-3.4776324829
0.0071,1.78739465602,-3.17335873995,-3.17264713136,-3.17337550927
0.00715,1.80619393919,-2.87435357701,-2.87235430924,-2.87435508434
0.0072,1.82532142978,-2.58041009807,-2.57732804766,-2.58039745442
0.00725,1.8447447357,-2.29136281236,-2.288048703,-2.29133708656
0.0073,1.86443096388,-2.0070543139,-2.00474308614,-2.00701653424
0.00735,1.88434677602,-1.72733514375,-1.727123861,-1.7272862995
0.0074,1.90445844502,-1.45206364875,-1.45437004988,-1.45200469164
0.00745,1.9247319121,-1.18110583679,-1.18538011477,-1.18103768244
0.0075,1.94513284445,-0.914335228616,-0.919190529572,-0.914258757902
0.00755,1.96562669345,-0.651632706156,-0.655363665443,-0.651548766541
0.0076,1.98617875308,-0.392886357412,-0.394155875451,-0.392795764206
0.00765,2.00675421877,-0.137991317979,-0.136378337512,-0.137894855555
0.0077,2.0273182463,0.113150390796,0.116989996915,0.113251967832
0.00775,2.04783601083,0.360630026932,0.365258788949,0.36073599262
0.0078,2.06827276584,0.604532296136,0.608341074425,0.604641952088
0.00785,2.08859390204,0.844935523253,0.846785715098,0.845048197619
0.0079,2.1087650059,1.08191182675,1.08152432543,1.08202687323
0.00795,2.12875191798,1.3155272961,1.31346539127,1.31564409301
0.008,-1.85147920921,1.54584217206,1.54313549248,1.54596012139
0.00805,-1.83196185395,1.27910927007,1.2767324595,1.27921359082
0.0081,-1.81272906857,1.02137145299,1.01984329892,1.02146326545
0.00815,-1.79381342347,0.772371501108,0.771656400782,0.772451872817
0.0082,-1.77524695199,0.531854524648,0.531576739324,0.531924472247
0.00825,-1.75706109614,0.299567972567,0.299381917275,0.299628463633
0.0083,-1.73928665339,0.0752616477935,0.0751458535254,0.0753136026162
0.00835,-1.72195372446,-0.141312271312,-0.141016186676,-0.141267978007
0.0084,-1.70509166238,-0.350399203602,-0.349229228096,-0.350361740967
0.00845,-1.68872902278,-0.552242132159,-0.549999620845,-0.552210711589
0.0085,-1.67289351553,-0.747081565998,-0.744124161109,-0.747055439538
0.00855,-1.6576119578,-0.935155496741,-0.932403299566,-0.935133955535
0.0086,-1.64291022867,-1.11669935056,-1.11530582664,-1.11668172335
0.00865,-1.62881322526,-1.29194593574,-1.29276815274,-1.29193158738
0.0087,-1.61534482063,-1.46112538604,-1.4642504568,-1.4611137161
0.00875,-1.60252782331,-1.62446510035,-1.62904380018,-1.6244555417
0.0088,-1.59038393866,-1.78218967878,-1.7866916706,-1.78218169627
0.00885,-1.57893373216,-1.9345208556,-1.9373237785,-1.93451394469
0.0089,-1.56819659455,-2.08167742924,-2.08173460052,-2.08167111477
0.00895,-1.558190709,-2.22387518976,-2.22115884235,-2.22386902472
0.009,2.45106697968,-2.3613268441,-2.35684199354,-2.36132040836
0.00905,2.45956079376,-2.00044017983,-1.99580209937,-2.00041887317
0.0091,2.4672763491,-1.64741527396,-1.64418501957,-1.64738040008
0.00915,2.47420057952,-1.30215409537,-1.3012336014,-1.30210690747
0.0092,2.48032175897,-0.964562646359,-0.965912766801,-0.964504348731
0.00925,2.4856295213,-0.634550697632,-0.63733357446,-0.634482447118
0.0093,2.49011487793,-0.312031527355,-0.315075026672,-0.311954434826
0.00935,2.49377023297,0.00307833548382,0.000740586530336,0.00316320373707
0.0094,2.49658939614,0.310859363276,0.309634647602,0.31095098419
0.00945,2.49856759322,0.611389277348,0.611106313866,0.611486669784
0.0095,2.49970147418,0.904743290705,0.904931292434,0.904845514185
0.00955,2.4999891188,1.19099434577,1.19127177006,1.19110049926
0.0096,2.49943003997,1.47021334695,1.47055175325,1.4703225677
0.00965,2.49802518447,1.74246938791,1.7431807896,1.74258085028
0.0097,2.49577693141,2.00782997323,2.00929068428,2.00794288763
0.00975,2.49268908816,2.26636123453,2.26864160088,2.26647484633
0.0098,2.48876688393,2.51812814064,2.52076043307,2.51824172916
0.00985,2.48401696093,2.76319470185,2.76524508602,2.76330757937
0.0099,2.47844736306,3.00162416802,3.00207201287,3.0017356788
0.00995,2.47206752234,3.23347922039,3.23173306937,3.23358873975
0.01,-1.53511175706,3.45882215698,3.45510956377,3.4589290904
0.01005,-1.54307831715,3.183913312,3.1793239442,3.18400288838
0.0101,-1.55181866669,2.91480851525,2.9109301944,2.91488187125
0.01015,-1.56131800405,2.6512689396,2.64955663271,2.65132716552
0.0102,-1.57156024225,2.39306348189,2.39422096601,2.3931076235
0.01025,-1.58252803622,2.13996873083,2.14362942142,2.13999979116
0.0103,-1.59420281218,1.89176893245,1.89662955209,1.89178787348
0.01035,-1.6065647991,1.6482559527,1.65260749475,1.64826369705
0.0104,-1.61959306214,1.40922923711,1.41164582785,1.40922666963
0.01045,-1.63326553816,1.17449576736,1.17437306611,1.17448373665
0.0105,-1.64755907303,0.943870014455,0.941583203781,0.943849334364
0.01055,-1.66244946089,0.717173888507,0.713810587919,0.717145339603
0.0106,-1.67791148511,0.494236684919,0.491059609735,0.494201015842
0.01065,-1.693918961,0.27489502681,0.27280504236,0.274852955614
0.0107,-1.71044478016,0.0589928035947,0.058241246117,0.0589450190357
0.01075,-1.72746095639,-0.15361889438,-0.153362815703,-0.153671731608
0.0108,-1.74493867306,-0.363081845269,-0.362390086953,-0.363139101339
0.01085,-1.76284833195,-0.569530769283,-0.568817755239,-0.569591836096
0.0109,-1.78115960334,-0.77309340647,-0.772389246399,-0.773157700547
0.01095,-1.79984147739,-0.973890598745,-0.972905921178,-0.973957560172
0.011,2.18113768335,-1.17203637625,-1.17046632734,-1.17210546766
0.01105,2.16181009037,-0.873836288609,-0.871710588942,-0.873892788361
0.0111,2.14220847462,-0.585384787224,-0.583238002289,-0.585429873625
0.01115,2.12236603114,-0.30647500687,-0.305205340513,-0.306509803995
0.0112,2.10231636276,-0.0369010919051,-0.0373583080691,-0.0369266713722
0.01125,2.08209342328,0.223541879004,0.221039716205,0.223524496311
0.0113,2.06173145993,0.475057959277,0.471019765243,0.475047801522
0.01135,2.04126495535,0.717850392069,0.713536330352,0.717846534834
0.0114,2.02072856924,0.952121659344,0.949090913733,0.952123224031
0.01145,2.00015707963,1.17807352252,1.17754104856,1.17807967481
0.0115,1.97958532401,1.39590705488,1.39820175042,1.39591700319
0.01155,1.95904814031,1.60582266588,1.61020536394,1.60583565995
0.0116,1.93858030793,1.80802011762,1.8129579215,1.80803544703
0.01165,1.91821648879,2.00269853357,2.00647987669,2.00271552637
0.0117,1.8979911687,2.19005639988,2.19147236363,2.19007442121
0.01175,1.87793859892,2.37029155933,2.36908107611,2.37031001012
0.0118,1.85809273813,2.54360119828,2.54047365934,2.54361951393
0.01185,1.83848719499,2.71018182675,2.70643212265,2.7101994759
0.0119,1.81915517116,2.87022925192,2.86714770643,2.8702457352
0.01195,1.80012940511,3.02393854524,3.02230061351,3.02395339409
0.012,-2.21855788333,3.1715040034,3.17136518216,3.17151677889
0.01205,-2.23687504754,2.81931734401,2.82017238639,2.81931342984
0.0121,-2.2547910677,2.47356494224,2.47474483807,2.47354562883
0.01215,-2.27227560333,2.13413745711,2.13520763269,2.1341039872
0.0122,-2.28929904464,1.80093199284,1.80187435842,1.80088556307
0.01225,-2.30583256271,1.47385184948,1.474947109,1.47379361192
0.0123,-2.32184815831,1.15280627355,1.15430721975,1.15273733716
0.01235,-2.33731870927,0.837710208818,0.839517250071,0.837631640826
0.0124,-2.35221801648,0.528484047318,0.53003595846,0.528396874624
0.01245,-2.36652084819,0.225053380921,0.225527652501,0.224958591365
0.0125,-2.3802029828,-0.0726512464959,-0.0739102708923,-0.0727527028711
0.01255,-2.39324124983,-0.364694586007,-0.367740837438,-0.364801795752
0.0126,-2.40561356918,-0.651136929574,-0.655227594502,-0.651249014671
0.01265,-2.41729898854,-0.932034354746,-0.935814748168,-0.932150471496
0.0127,-2.42827771884,-1.20743896794,-1.20945940471,-1.20755830589
0.01275,-2.43853116777,-1.47739914609,-1.47674131849,-1.477520927
0.0128,-2.44804197128,-1.74195977647,-1.73867945167,-1.74208325333
0.01285,-2.456794023,-2.00116249449,-1.99632828245,-2.00128695056
0.0129,-2.46477250145,-2.25504591924,-2.25033811565,-2.25517066713
0.01295,-2.47196389521,-2.50364588657,-2.50068596174,-2.50377026737
0.013,1.52164397422,-2.74699567956,-2.74670449606,-2.74711906198
0.01305,1.51606193182,-2.49132449665,-2.49359295115,-2.49143207036
0.0131,1.51129943067,-2.24265496332,-2.24646175676,-2.24274782334
0.01315,1.50736453601,-2.00071303551,-2.00461439277,-2.00079222814
0.0132,1.50426391151,-1.76523043966,-1.76797880392,-1.76529696443
0.01325,1.50200280803,-1.53594470328,-1.5369482713,-1.53599951474
0.0133,1.50058505471,-1.31259918611,-1.31202976675,-1.3126431957
0.01335,1.5000130525,-1.09494311169,-1.09348380225,-1.09497718941
0.0134,1.50028777006,-0.882731598812,-0.881132950175,-0.882756574944
0.01345,1.50140874217,-0.675725692855,-0.674420324675,-0.675742359587
0.0135,1.50337407048,-0.473692396426,-0.472665793569,-0.473701509438
0.01355,1.50618042674,-0.276404699214,-0.27536627561,-0.276406979206
0.0136,1.50982305843,-0.0836416066879,-0.082369176233,-0.0836377408662
0.01365,1.51429579682,0.104811832611,0.106177572166,0.104821189098
0.0137,1.51959106739,0.289164501437,0.290069666716,0.28917872411
0.01375,1.52569990269,0.469619190132,0.469345681183,0.469637683839
0.0138,1.5326119575,0.646372575093,0.644467041712,0.646394772707
0.01385,1.54031552638,0.819615199637,0.816263519092,0.819640560801
0.0139,1.54879756345,0.989531457507,0.98565273289,0.989559467423
0.01395,1.55804370452,1.15629957923,1.15326616679,1.15632974748
0.014,-2.4319617086,1.32009162154,1.31917296868,1.32012348098
0.01405,-2.42123560157,0.987271700627,0.989051865387,0.987290600395
0.0141,-2.40979613889,0.663993275472,0.668044415355,0.664000465152
0.01415,-2.39766269311,0.350108829773,0.355094543657,0.350105505067
0.0142,-2.384855812,0.0454720978701,0.0496553968435,0.0454594022568
0.01425,-2.37139718383,-0.250062111217,-0.248124245992,-0.250083084873
0.0143,-2.35730960055,-0.536638081115,-0.537522764192,-0.536666289002
0.01435,-2.34261691927,-0.814399346754,-0.817621540274,-0.814433792597
0.0144,-2.3273440218,-1.08348884434,-1.08775757294,-1.08352857793
0.01445,-2.31151677254,-1.34404905265,-1.34784291263,-1.3440931684
0.0145,-2.29516197468,-1.59622212561,-1.59840968423,-1.59626976117
0.01455,-2.27830732481,-1.84015001623,-1.84037520913,-1.84020035115
0.0146,-2.260981366,-2.07597459183,-2.07465610646,-2.07602684622
0.01465,-2.24321343948,-2.30383774067,-2.3018265328,-2.30389117393
0.0147,-2.22503363496,-2.52388146998,-2.52198259683,-2.52393537955
0.01475,-2.20647273963,-2.73624799539,-2.7348619511,-2.73630171555
0.0148,-2.18756218606,-2.94107982192,-2.94013432545,-2.94113272258
0.01485,-2.16833399897,-3.13851981647,-3.1376942135,-3.13857130207
0.0149,-2.148820741,-3.32871127203,-3.32779366692,-3.32876078036
0.01495,-2.12905545751,-3.51179796355,-3.51094585492,-3.51184496468
0.015,1.8909283793,-3.6879241956,-3.68765861221,-3.68796819086
0.01505,1.91109692713,-3.36343308261,-3.36435130666,-3.36345939761
0.0151,1.93141603087,-3.04446386765,-3.04682285746,-3.04447373651
0.01515,1.95185128045,-2.73086162837,-2.7342721322,-2.7308562394
0.0152,1.9723680691,-2.42247951542,-2.42590938001,-2.42246001281
0.01525,1.99293165198,-2.11917857738,-2.12131051844,-2.11914606279
0.0153,2.01350720499,-1.82082758283,-1.82062900068,-1.82078311695
0.01535,2.03405988377,-1.52730283952,-1.52454078503,-1.52724744352
0.0154,2.05455488269,-1.2384880107,-1.23392872759,-1.23842266772
0.01545,2.0749574938,-0.954273928783,-0.949445494244,-0.954199585254
0.0155,2.09523316562,-0.674558406235,-0.671160959704,-0.674475973234
0.01555,2.11534756161,-0.399246043942,-0.398465644545,-0.399156398447
0.0156,2.13526661838,-0.128248037061,-0.130281552975,-0.128152023173
0.01565,2.15495660332,0.13851802151,0.134515216386,0.138619591394
0.0157,2.17438417178,0.401128339929,0.396656682208,0.401234683997
0.01575,2.19351642347,0.659653128356,0.656231608602,0.659763494298
0.0158,2.21232095824,0.914156801899,0.912729276306,0.914270465879
0.01585,2.23076593091,1.16469818544,1.16534335684,1.1648144511
0.0159,2.24882010522,1.41133072018,1.41337808818,1.41144891769
0.01595,2.26645290673,1.65410267169,1.65655760101,1.65422215685
0.016,-1.71636552544,1.89305733947,1.8950978522,1.89317749282
0.01605,-1.69966428798,1.63443150815,1.63572523506,1.63453752831
0.0161,-1.68347166418,1.38425294646,1.38495673172,1.38434593447
0.01615,-1.66781507598,1.14225030201,1.14273353513,1.14233130729
0.0162,-1.65272103755,0.908155536834,0.908636025755,0.908225559097
0.01625,-1.63821511041,0.681703957689,0.682024850534,0.681763948779
0.0163,-1.6243218601,0.462634251041,0.46232304127,0.462685116735
0.01635,-1.61106481463,0.250688522583,0.249273008555,0.250731124346
0.0164,-1.59846642458,0.045612340901,0.0430139053068,0.0456474975838
0.01645,-1.58654802512,-0.152845215021,-0.156078822844,-0.152816725528
0.0165,-1.57532979987,-0.344931504774,-0.347719292413,-0.34490894393
0.01655,-1.56483074671,-0.530890272292,-0.532034204482,-0.530872939348
0.0166,-1.55506864561,-0.710961588751,-0.709705499817,-0.710948819226
0.01665,-1.54606002854,-0.885381792891,-0.881839685772,-0.8853729571
0.0167,-1.53782015145,-1.05438342911,-1.04960784695,-1.05437793073
0.01675,-1.53036296842,-1.21819518361,-1.21382025166,-1.21819245828
0.0168,-1.52370110809,-1.37704181895,-1.37464026097,-1.37704133295
0.01685,-1.51784585219,-1.53114410731,-1.53158128275,-1.53114535618
0.0169,-1.51280711652,-1.68071876269,-1.68379654437,-1.68072127005
0.01695,-1.50859343409,-1.82597837254,-1.83053050497,-1.82598168876
0.017,2.4947880593,-1.96713132889,-1.97152286438,-1.96713502995
0.01705,2.49733163715,-1.61058000006,-1.61337831457,-1.61056948049
0.0171,2.49903299194,-1.26251794909,-1.26303131212,-1.26249450606
0.01715,2.49988924245,-0.922839547788,-0.921293998708,-0.922804426673
0.0172,2.49989893866,-0.591442131591,-0.588748514853,-0.591396527563
0.01725,2.49906206412,-0.268225749754,-0.26548436852,-0.268170809298
0.0173,2.49738003608,0.0469070786527,0.0489034330537,0.0469702562681
0.01735,2.49485570302,0.354051602702,0.355077510375,0.354121964002
0.0174,2.49149333987,0.653301071406,0.653623079535,0.653377607336
0.01745,2.48729864072,0.944746959191,0.944797273831,0.944828703784
0.0175,2.48227870923,1.22847918491,1.22849114371,1.228565214
0.01755,2.47644204658,1.50458632427,1.50441275216,1.50467575423
0.0176,2.46979853705,1.7731558155,1.77237823417,1.77324780206
0.01765,2.46235943133,2.03427415819,2.03253877923,2.03436789525
0.0177,2.45413732742,2.28802710515,2.28540627847,2.28812182364
0.01775,2.44514614932,2.53449984719,2.5316505574,2.53459481398
0.0178,2.43540112344,2.77377719065,2.77176853488,2.77387170749
0.01785,2.42491875282,3.00594372771,3.00580251087,3.00603713019
0.0179,2.4137167892,3.2310839993,3.23326900064,3.23117565582
0.01795,2.40181420291,3.44928265043,3.45335694357,3.44937196128
0.018,-1.61076884922,3.66062457816,3.66531603698,3.66071097453
0.01805,-1.62401105797,3.37139331235,3.37505140604,3.37146204956
0.0181,-1.6378899979,3.08766843544,3.08892986983,3.08772067724
0.01815,-1.65238216524,2.80923538946,2.80760052223,2.80927225385
0.0182,-1.66746301773,2.53588781545,2.53194163217,2.53591037648
0.01825,-1.68310701621,2.26742747921,2.26260025302,2.26743676868
0.0183,-1.69928766782,2.0036641938,1.99964004563,2.00366120295
0.01835,-1.71597757087,1.74441573855,1.74245839238,1.74440141966
0.0184,-1.7331484613,1.48950777459,1.49000392883,1.48948304252
0.01845,-1.75077126048,1.23877375672,1.24118242034,1.2387394904
0.0185,-1.76881612448,0.99205484149,0.995253292543,0.992011885365
0.01855,-1.78725249462,0.749199791585,0.752032366129,0.749148956998
0.0186,-1.80604914921,0.510064876224,0.511819635238,0.510006942742
0.01865,-1.82517425642,0.274513767683,0.275110367185,0.274449484378
0.0187,-1.84459542818,0.0424174338363,0.0422522624524,0.0423475205197
0.01875,-1.86427977507,-0.186345973307,-0.186771074759,-0.186420824904
0.0188,-1.88419396195,-0.411891233083,-0.412326095332,-0.411970358175
0.01885,-1.90430426448,-0.634326175685,-0.634908276652,-0.634408935333
0.0189,-1.92457662618,-0.853751805679,-0.854849535317,-0.853837585752
0.01895,-1.94497671614,-1.07026242953,-1.07212664334,-1.0703506397
0.019,2.03453001286,-1.28394578712,-1.28638648676,-1.28403585989
0.01905,2.01397826584,-1.00108142769,-1.00338193096,-1.00115861163
0.0191,1.99340284686,-0.727738136391,-0.728894591212,-0.727803580412
0.01915,1.97283860005,-0.463683759524,-0.462877811534,-0.463738558759
0.0192,1.95232035063,-0.208687573764,-0.205759895314,-0.208732771383
0.01925,1.93188284592,0.0374797468196,0.0418107639065,0.0374431578359
0.0193,1.9115606965,0.275046155657,0.279365454978,0.27501723078
0.01935,1.89138831762,0.504238250677,0.506966894807,0.504216092149
0.0194,1.87139987085,0.725281283661,0.725333914932,0.725265038857
0.01945,1.85162920631,0.938399162171,0.935665436788,0.938388021998
0.0195,1.8321098053,1.14381444428,1.13923555457,1.14380764163
0.01955,1.81287472362,1.34174832636,1.33694460335,1.34174513458
0.0196,1.79395653555,1.53242062418,1.52903479627,1.53242035563
0.01965,1.77538727874,1.71604974756,1.71510093972,1.71605175213
0.0197,1.75719839993,1.89285266881,1.89438540216,1.89285633257
0.01975,1.73942070169,2.06304488529,2.06621200088,2.06304962909
0.0198,1.72208429026,2.22684037631,2.23035206183,2.22684565447
0.01985,1.70521852457,2.38445155462,2.38715673618,2.38445685365
0.0199,1.68885196653,2.53608921289,2.53741034117,2.5360940502
0.01995,1.67301233263,2.68196246524,2.68199795278,2.68196638794
0.02,-2.34227355296,2.82227868439,2.82156681679,2.82228126807
0.02005,-2.35697980385,2.46344167501,2.46255146275,2.46342831675
0.0201,-2.37108151524,2.11164888982,2.1108395036,2.1116208922
0.02015,-2.3845548061,1.76680103697,1.76593612478,1.7667596537
0.0202,-2.39737685964,1.42880422426,1.42755374814,1.42875066171
0.02025,-2.40952596192,1.09756969444,1.09576423252,1.09750511316
0.0203,-2.42098153863,0.773013562275,0.770925129171,0.772939078433
0.02035,-2.43172418994,0.455056553587,0.453415545643,0.454973240362
0.0204,-2.44173572334,0.143623746384,0.143325896959,0.143532635313
0.02045,-2.45099918447,-0.161355685614,-0.159721577553,-0.161453603345
0.0205,-2.4594988858,-0.459948726956,-0.456507036157,-0.460052499266
0.02055,-2.46722043322,-0.752218771708,-0.74791399563,-0.752327484417
0.0206,-2.47415075043,-1.03822587177,-1.03453460404,-1.03833864745
0.02065,-2.48027810103,-1.31802698208,-1.31637563316,-1.31814297892
0.0207,-2.48559210847,-1.59167620248,-1.5928211905,-1.59179461325
0.02075,-2.49008377356,-1.85922501612,-1.86288653012,-1.85934506709
0.0208,-2.49374548973,-2.12072252404,-2.12565447153,-2.12084347403
0.02085,-2.49657105593,-2.37621567596,-2.38069354204,-2.37633681533
0.0209,-2.4985556871,-2.62574949687,-2.62826211788,-2.62587014662
0.02095,-2.49969602232,-2.86936730939,-2.86920391367,-2.86948682027
0.021,1.50000986957,-3.10711095156,-3.10458740505,-3.1072287032
0.02105,1.50056248663,-2.84521923064,-2.84146054964,-2.84532042485
0.0211,1.50196089301,-2.58972541853,-2.58612934975,-2.58981116369
0.02115,1.50420272053,-2.34036713723,-2.33801417449,-2.34043849421
0.0212,1.5072841727,-2.09688877924,-2.09617080654,-2.09694676328
0.02125,1.51120003112,-1.8590415167,-1.85965578072,-1.85908709925
0.0213,1.51594366435,-1.62658330956,-1.62784817629,-1.62661742001
0.02135,1.52150703913,-1.39927891239,-1.4005710999,-1.39930243984
0.0214,1.52788073397,-1.17689987972,-1.17796799092,-1.17691367458
0.02145,1.53505395513,-0.959224569491,-0.960219613108,-0.959229445106
0.0215,1.54301455486,-0.746038144519,-0.74726893489,-0.74603487871
0.02155,1.55174905203,-0.537132571595,-0.53871142181,-0.537121908157
0.0216,1.5612426549,-0.332306618127,-0.33391388098,-0.332289268275
0.02165,1.57147928621,-0.131365846019,-0.132296590501,-0.13134248978
0.0217,1.5824416104,0.0658773973873,0.0663804593505,0.0659061098217
0.02175,1.59411106294,0.259603991504,0.261895207162,0.259637438479
0.0218,1.6064678818,0.449988058019,0.45369064438,0.450025645161
0.02185,1.61949114092,0.637196979907,0.641205270569,0.637238138914
0.0219,1.63315878562,0.821391424112,0.824248088113,0.821435611585
0.02195,1.64744766995,1.00272536803,1.00322557768,1.00277206436
0.022,-2.33766640406,1.18134612999,1.17909313119,1.18139483824
0.02205,-2.3222086455,0.863592644288,0.859234750376,0.863628683355
0.0221,-2.30620523183,0.555592787199,0.550612250834,0.555617375933
0.02215,-2.28968326457,0.257173102133,0.253306097073,0.257187405107
0.0222,-2.27267072341,-0.0318389305306,-0.033296889496,-0.0318338013212
0.02225,-2.2551964188,-0.311615024993,-0.310308896551,-0.311618008467
0.0223,-2.2372899432,-0.582326212481,-0.578929553376,-0.582336296857
0.02235,-2.21898162093,-0.844142954645,-0.840011642091,-0.844159175872
0.0224,-2.20030245685,-1.09723524798,-1.09380456806,-1.09725668821
0.02245,-2.1812840838,-1.3417727193,-1.33998486991,-1.3417985054
0.0225,-2.1619587091,-1.57792471242,-1.57794115517,-1.57795401453
0.02255,-2.14235905995,-1.80586036605,-1.80715974732,-1.80589239616
0.0226,-2.12251832805,-2.02574868304,-2.0275168782,-2.02578269364
0.02265,-2.10247011335,-2.23775859105,-2.23934151782,-2.2377938738
0.0227,-2.08224836718,-2.44205899486,-2.44323755755,-2.44209487926
0.02275,-2.06188733473,-2.63881882027,-2.63977947073,-2.63885467242
0.0228,-2.04142149708,-2.82820704986,-2.82925698312,-2.82824227121
0.02285,-2.0208855128,-3.01039275075,-3.01161103537,-3.0104267769
0.0229,-2.00031415924,-3.18554509436,-3.18659440189,-3.1855773939
0.02295,-1.97974227366,-3.35383336856,-3.3540641822,-3.35386344191
0.023,2.04079530578,-3.51542698214,-3.51423730409,-3.51545436044
0.02305,2.06126379905,-3.17669370253,-3.17395344316,-3.17670374069
0.0231,2.08162854306,-2.8437969329,-2.84009169403,-2.84379089372
0.02315,2.10185505046,-2.51660537719,-2.51313226278,-2.51658447702
0.0232,2.12190906798,-2.19499523854,-2.19311719958,-2.19496064891
0.02325,2.14175663448,-1.87885000522,-1.87949698849,-1.87880285439
0.0233,2.16136413842,-1.56806023471,-1.57126026268,-1.56800160918
0.02335,2.1806983748,-1.26252333599,-1.26730205893,-1.26245428193
0.0234,2.19972660143,-0.962143350191,-0.966864170109,-0.962064874849
0.02345,2.2184165943,-0.666830729719,-0.669839258147,-0.666743802739
0.0235,2.23673670221,-0.376502115985,-0.376791114115,-0.376407670697
0.02355,2.25465590035,-0.091080115885,-0.0886778453258,-0.0909790505363
0.0236,2.27214384287,0.189506922817,0.193593408539,0.189613743878
0.02365,2.2891709142,0.465325137045,0.469572582319,0.465436882233
0.0237,2.30570827929,0.736435374745,0.739448472165,0.736551244146
0.02375,2.32172793237,1.00289342182,1.00393299732,1.00301264614
0.0238,2.33720274441,1.26475022949,1.26391944605,1.26487206906
0.02385,2.35210650909,1.5220521419,1.52009138053,1.5221758857
0.0239,2.3664139871,1.77484112376,1.77267313619,1.7749660885
0.02395,2.38010094898,2.02315498787,2.0214315359,2.02328051711
0.024,-1.60685578393,2.2670276223,2.26590532688,2.26715308557
0.02405,-1.59447830019,2.01268745756,2.01192145955,2.01279804373
0.0241,-1.58278756086,1.76615497967,1.76542076376,1.76625178133
0.02415,-1.57180336403,1.52715263726,1.52638404571,1.52723669665
0.0242,-1.56154431125,1.29540728764,1.29493634827,1.29547959859
0.02425,-1.55202777606,1.07065023566,1.07105176887,1.07071174547
0.0243,-1.54326987456,0.85261727553,0.854334402409,0.852668886714
0.02435,-1.53528543811,0.641048735157,0.644010385556,0.641091307262
0.0244,-1.52808798823,0.435689522849,0.439153215828,0.435723874131
0.02445,-1.52168971368,0.236289175912,0.239036021991,0.236316084994
0.0245,-1.51610144984,0.0426019108904,0.0434282839297,0.0426221183695
0.02455,-1.51133266033,-0.145613324889,-0.147327647975,-0.145599114882
0.0246,-1.50739142103,-0.328592800778,-0.332519611178,-0.328583919067
0.02465,-1.50428440637,-0.506567949585,-0.511467101055,-0.506563760481
0.0247,-1.50201687801,-0.679765313984,-0.683935562651,-0.679765213862
0.02475,-1.50059267599,-0.848406492847,-0.850363794426,-0.848409908766
0.0248,-1.50001421216,-1.0127080878,-1.01178998429,-1.01271447617
0.02485,-1.50028246615,-1.17288165031,-1.16950531243,-1.17289049558
0.0249,-1.50139698367,-1.32913362954,-1.32459477854,-1.32914444296
0.02495,-1.50335587731,-1.48166532134,-1.47757806201,-1.48167763974
0.025,2.4938441703,-1.63067281853,-1.62831266788,-1.63068620314
0.02505,2.49020790082,-1.28254520342,-1.28239133644,-1.28254503288
0.0251,2.48574147221,-0.943461788829,-0.945126249392,-0.943449343236
0.02515,2.48045244831,-0.613301756146,-0.615840079769,-0.613278262726
0.0252,2.47434978599,-0.291946336041,-0.294363590134,-0.291912970732
0.02525,2.46744382001,0.0207214141229,0.0190338470449,0.0207635251132
0.0253,2.4597462455,0.324816825491,0.323920122823,0.324866604182
0.02535,2.45127009819,0.620453825442,0.620022756914,0.620510240622
0.0254,2.4420297323,0.907745137743,0.907422652266,0.907807203554
0.02545,2.43204079623,1.18680247504,1.18652109094,1.1868692496
0.0255,2.42132020608,1.45773672357,1.45780883925,1.45780730768
0.02555,2.409886117,1.7206581201,1.72157560974,1.72073165589
0.0256,2.39775789244,1.9756764209,1.97773189427,1.97575209063
0.02565,2.38495607135,2.22290106276,2.22585525901,2.22297808758
0.0257,2.3715023334,2.46244131602,2.4654508548,2.4625189548
0.02575,2.35741946227,2.69440642949,2.69629560476,2.69448397766
0.0258,2.34273130709,2.91890576726,2.91868146259,2.91898255572
0.02585,2.32746274201,3.13604893741,3.13341568385,3.13612433142
0.0259,2.31163962408,3.34594591252,3.34155560191,3.34601931065
0.02595,2.29528874952,3.54870714198,3.54399185917,3.5487779751
0.026,-1.72156219176,3.74444365619,3.74107736437,3.74451138646
0.02605,-1.73888466294,3.4394654031,3.438683604,3.43951531713
0.0261,-1.7566493287,3.13987862322,3.14196224311,3.13991191633
0.02615,-1.77482610488,2.84549561148,2.84965565729,2.84551343347
0.0262,-1.79338420939,2.55613701119,2.5608522709,2.55614046804
0.02625,-1.81229221439,2.27163169404,2.27528232548,2.27162184962
0.0263,-1.83151809947,1.99181663665,1.99332381077,1.99179451433
0.02635,-1.85102930593,1.71653679368,1.71572610556,1.71650337784
0.0264,-1.87079279183,1.44564496723,1.44319268295,1.44560120481
0.02645,-1.89077508804,1.17900167278,1.17602563157,1.17894847467
0.0265,-1.91094235487,0.916475001469,0.913994850182,0.916413243921
0.02655,-1.93126043937,0.657940478806,0.656476004546,0.657871004745
0.0266,-1.95169493321,0.403280919783,0.402765442484,0.403204540091
0.02665,-1.97221123089,0.152386280423,0.152396464932,0.152303775167
0.0267,-1.9927745884,-0.094846494193,-0.0947090461612,-0.0949343745811
0.02675,-2.01335018202,-0.338513625384,-0.338324026516,-0.33860615898
0.0268,-2.03390316733,-0.578704659753,-0.578175114624,-0.578801152053
0.02685,-2.05439873818,-0.815502631431,-0.814222121447,-0.815602414311
0.0269,-2.07480218565,-1.04898422759,-1.04679256672,-1.04908665831
0.02695,-2.09507895683,-1.27921995717,-1.27648535157,-1.27932441741
0.027,1.88480528666,-1.50627432265,-1.50388535988,-1.50638021761
0.02705,1.86488461053,-1.23640423543,-1.23543715415,-1.23649678709
0.0271,1.84519275011,-0.975656480633,-0.976858920425,-0.975736812077
0.02715,1.82576305326,-0.723777579671,-0.727124996846,-0.723846761017
0.0272,1.80662842386,-0.480516195554,-0.485082799501,-0.480575245806
0.02725,1.78782126607,-0.245623134829,-0.249867412793,-0.245673023696
0.0273,1.76937342953,-0.018851356337,-0.0212150501644,-0.0188930060091
0.02735,1.75131615534,0.200044013458,0.200484793541,0.200009726595
0.0274,1.73368002321,0.411305658876,0.414435651364,0.411277902559
0.02745,1.71649489963,0.615174047413,0.619871440098,0.615152031874
0.0275,1.69978988734,0.811887396439,0.816483435381,0.811870372816
0.02755,1.683593276,1.00168163446,1.00463924122,1.00166889325
0.0276,1.66793249431,1.18479035725,1.18529615978,1.18478122681
0.02765,1.65283406355,1.36144477917,1.35965792076,1.36143862427
0.0277,1.63832355267,1.53187367997,1.52874408828,1.53186990032
0.02775,1.62442553498,1.69630334725,1.69307660204,1.69630137617
0.0278,1.61116354655,1.85495751519,1.85262211612,1.85495681822
0.02785,1.59856004634,2.00805729946,2.00699717911,2.00805737308
0.0279,1.58663637818,2.15582112895,2.15581345008,2.15582149928
0.02795,1.5754127346,2.29846467441,2.29897746535,2.29846489598
0.028,-2.43509187733,2.43620077444,2.43679391748,2.43620042899
0.02805,-2.44485966824,2.07543759965,2.07603089105,2.07542208907
0.0281,-2.45387409652,1.7223758613,1.72323655564,1.7223464917
0.02815,-2.46211989639,1.37691841319,1.37838745847,1.37687644048
0.0282,-2.46958310371,1.03897239225,1.04110244086,1.03891902366
0.02825,-2.47625107967,0.708448952063,0.710784536851,0.708385347709
0.0283,-2.48211253215,0.385263000129,0.386921724897,0.385190274399
0.02835,-2.48715753489,0.0693329388911,0.0693825064084,0.069252161874
0.0284,-2.49137754426,-0.239419589149,-0.241463783054,-0.239507390324
0.02845,-2.49476541372,-0.541069952122,-0.5448864741,-0.541163791985
0.0285,-2.497315406,-0.835690775073,-0.840143083507,-0.835789708555
0.02855,-2.4990232027,-1.12335218165,-1.12687508575,-1.12345530288
0.0286,-2.49988591171,-1.40412203106,-1.40535249593,-1.40422847216
0.02865,-2.49990207205,-1.67806614998,-1.67643610255,-1.67817507999
0.0287,-2.49907165634,-1.94524855951,-1.94126112443,-1.94535918326
0.02875,-2.49739607088,-2.20573169667,-2.20078282461,-2.2058432537
0.0288,-2.49487815325,-2.45957663048,-2.4553945301,-2.4596883941
0.02885,-2.4915221675,-2.70684327252,-2.70479593544,-2.70695454873
0.0289,-2.48733379694,-2.94759058149,-2.94817012204,-2.9477007081
0.02895,-2.48232013451,-3.18187676203,-3.18458052036,-3.1819851077
0.029,1.52351032924,-3.40975945734,-3.4133969024,-3.40986542067
0.02905,1.53014772052,-3.1374941761,-3.14075048398,-3.13758297897
0.0291,1.537580799,-2.87113175974,-2.8731103122,-2.87120453158
0.02915,1.54579697689,-2.61042823806,-2.61092538719,-2.6104860618
0.0292,1.55478234023,-2.35514721849,-2.35456269367,-2.35519113237
0.02925,1.56452167245,-2.10505986269,-2.10403517895,-2.10509086206
0.0293,1.57499848015,-1.85994486086,-1.85895260732,-1.8599638999
0.02935,1.58619502102,-1.61958840348,-1.61870256587,-1.61959639686
0.0294,1.5980923339,-1.38378415027,-1.38274620729,-1.3837819748
0.02945,1.6106702709,-1.15233319631,-1.15085520785,-1.15232169244
0.0295,1.62390753147,-0.925044034913,-0.923152514457,-0.925024008269
0.02955,1.63778169853,-0.701732517264,-0.699929819782,-0.701704740096
0.0296,1.6522692764,-0.482221808605,-0.481340416343,-0.482187021175
0.02965,1.66734573061,-0.266342340793,-0.267139993937,-0.266301252723
0.0297,1.68298552943,-0.0539317611277,-0.056629765175,-0.0538850527018
0.02975,1.6991621871,0.155165122682,0.1511461798,0.155216799272
0.0298,1.71584830873,0.361096401541,0.357031930799,0.36115242099
0.02985,1.73301563663,0.564003128064,0.561398483444,0.564062890795
0.0299,1.75063509822,0.76401938384,0.763976473296,0.764082314892
0.02995,1.76867685522,0.961272350947,0.963980543549,0.961337898907
0.03,-2.21288964578,1.15588238778,1.16048137135,1.15595002375
0.03005,-2.19409562163,0.854161349814,0.859055838372,0.854216360561
0.0301,-2.17497289969,0.562209961363,0.565705137259,0.562253533567
0.03015,-2.15555386399,0.279827586811,0.280803137417,0.279860852843
0.0302,-2.13587140035,0.0068145464278,0.0051383431036,0.00683858611888
0.03025,-2.11595884069,-0.257027969177,-0.260520194343,-0.257012126819
0.0303,-2.09584990662,-0.511897975612,-0.515825461915,-0.511889350735
0.03035,-2.07557865229,-0.757992762411,-0.761039620211,-0.757990422696
0.0304,-2.05517940674,-0.995508952011,-0.996931879164,-0.995512011086
0.03045,-2.03468671576,-1.22464255016,-1.22445599819,-1.22465016607
0.0305,-2.01413528339,-1.4455889879,-1.44437972331,-1.44560036159
0.03055,-1.99355991314,-1.65854315528,-1.65705189422,-1.65855752916
0.0306,-1.97299544908,-1.86369942703,-1.86241216965,-1.86371608353
0.03065,-1.95247671679,-2.06125168026,-2.06021718986,-2.06126994045
0.0307,-1.9320384644,-2.25139330444,-2.25034436364,-2.25141252671
0.03075,-1.91171530377,-2.43431720395,-2.4329984798,-2.43433678264
0.0308,-1.89154165185,-2.61021579316,-2.60870453803,-2.61023515734
0.03085,-1.87155167237,-2.77928098454,-2.77809072871,-2.77929959668
0.0309,-1.85177921805,-2.9417041697,-2.94158395067,-2.94172152454
0.03095,-1.83225777322,-3.09767619396,-3.09919330101,-3.09769181725
0.031,2.18697960287,-3.24738732426,-3.25051544209,-3.24740077166
0.03105,2.20590033204,-2.89722545161,-2.90117832418,-2.89722210165
0.0311,2.22447237234,-2.55337333406,-2.55681226303,-2.55335447226
0.03115,2.24266427232,-2.215718229,-2.21727382797,-2.21568509345
0.0312,2.26044522429,-1.88415406013,-1.88303413937,-1.88410784311
0.03125,2.27778511651,-1.55858117342,-1.55497562412,-1.55852302291
0.0313,2.29465458414,-1.2389060926,-1.23398148427,-1.23883711376
0.03135,2.31102505902,-0.925041274453,-0.920505931576,-0.924962531021
0.0314,2.326868818,-0.61690486395,-0.614328367268,-0.616817379607
0.03145,2.34215902995,-0.314420449514,-0.314609716712,-0.314325209191
0.0315,2.35686980114,-0.0175168184895,-0.0202253927127,-0.0174147696233
0.03155,2.37097621911,0.273872286939,0.269782120004,0.273980233198
0.0316,2.38445439488,0.559808413225,0.555842356413,0.559921380848
0.03165,2.39728150337,0.840348638124,0.83774988394,0.840465785092
0.0317,2.40943582208,1.11554581238,1.1148467273,1.1156663296
0.03175,2.42089676788,1.38544880018,1.38638940821,1.38557191047
0.0318,2.43164493183,1.65010271827,1.65191197149,1.65022767535
0.03185,2.44166211209,1.90954917341,1.91140938728,1.90967526095
0.0319,2.45093134474,2.16382649805,2.16526628849,2.16395302879
0.03195,2.45943693248,2.41296998403,2.41399053211,2.41309629883
0.032,-1.53283552877,2.65701211397,2.65790963786,2.65713758103
0.03205,-1.52589912547,2.40218103088,2.40319882237,2.40229083903
0.0321,-1.5197656043,2.15449805168,2.1555334069,2.1545932948
0.03215,-1.51444535229,1.91368757292,1.91424415914,1.91376929588
0.0322,-1.50994737919,1.67947951351,1.67891359274,1.67954871408
0.03225,-1.50627930225,1.45160934845,1.4495455883,1.45166697915
0.0323,-1.50344733329,1.22981814353,1.22650129938,1.22986511344
0.03235,-1.50145626822,1.01385259077,1.01021663936,1.01388976729
0.0324,-1.50030947886,0.803465044377,0.800837752159,0.80349325487
0.03245,-1.50000890729,0.59841355666,0.597964065138,0.598433590131
0.0325,-1.50055506252,0.398461913906,0.400643865197,0.39847452258
0.03255,-1.50194701964,0.203379671699,0.207645212207,0.203385572556
0.0326,-1.5041824214,0.0129421894943,0.0178862680314,0.0129420657654
0.03265,-1.50725748218,-0.173069335852,-0.169175675542,-0.173074833244
0.0327,-1.51116699441,-0.354867837879,-0.353383831859,-0.354878088921
0.03275,-1.51590433741,-0.532660349903,-0.534031050883,-0.532674764141
0.0328,-1.52146148855,-0.706647976241,-0.71025163539,-0.706665991471
0.03285,-1.52782903689,-0.877025865531,-0.881473328115,-0.877046946534
0.0329,-1.53499619909,-1.04398318639,-1.0477204326,-1.04400682371
0.03295,-1.54295083768,-1.20770310564,-1.20963424953,-1.2077288144
0.033,2.44832051839,-1.36836276931,-1.36821567044,-1.36839008808
0.03305,2.43883265095,-1.03233152724,-1.03062552082,-1.03234581108
0.0331,2.42860162753,-0.705768207521,-0.703441607541,-0.705770712054
0.03315,2.41764477421,-0.38853078923,-0.386444570451,-0.388522716383
0.0332,2.40598064625,-0.0804786190671,-0.0790543957969,-0.0804611186759
0.03325,2.39362899665,0.218527774188,0.2193688583,0.218553602769
0.0333,2.38061074274,0.508626856713,0.509230098119,0.508659963066
0.03335,2.36694793071,0.789956258199,0.790570540235,0.789995639334
0.0334,2.35266369832,1.06265293186,1.06316955445,1.06269763075
0.03345,2.33778223569,1.32685330588,1.32681236587,1.32690241006
0.0335,2.32232874431,1.58269342632,1.58156628622,1.58274606648
0.03355,2.30632939445,1.83030909138,1.82790094103,1.83036444004
0.0336,2.28981128072,2.0698359771,2.06657061481,2.0698932473
0.03365,2.2728023763,2.30140975454,2.29830633047,2.30146819859
0.0337,2.25533148548,2.5251661983,2.52347341585,2.52522510652
0.03375,2.23742819494,2.74124128663,2.74187911086,2.74129998617
0.0338,2.2191228236,2.94977129293,2.95284680869,2.94982914658
0.03385,2.20044637131,3.15089286888,3.15554150118,3.15094927397
0.0339,2.18143046635,3.34474311918,3.34940148146,3.34479750643
0.03395,2.16210731184,3.53145966792,3.53447092445,3.53151150037
0.034,-1.85749036877,3.71118071672,3.71146902568,3.71122948871
0.03405,-1.87732938712,3.39024333529,3.38775345476,3.39027436553
0.0341,-1.89737614617,3.0747807905,3.07048424972,3.07479530627
0.03415,-1.91759669705,2.76463226246,2.7601022349,2.76463144536
0.0342,-1.93795679658,2.45964509297,2.45640047795,2.45963008053
0.03425,-1.95842196528,2.15967462028,2.15859358433,2.15964650765
0.0343,-1.9789575457,1.86458401088,1.86564166437,1.86454385233
0.03435,-1.99952876117,1.57424408814,1.57666382877,1.57419289862
0.0344,-2.02010077468,1.28853315804,1.29124092336,1.28847191457
0.03445,-2.04063874786,1.00733683182,1.00947193696,1.00726647489
0.0345,-2.06110789997,0.73054784581,0.731778023619,0.730469280719
0.03455,-2.08147356685,0.458065878383,0.458575202369,0.457979976511
0.0346,-2.10170125956,0.189797364168,0.189996900296,0.189704964213
0.03465,-2.12175672285,-0.074344694394,-0.0741884982353,-0.0744427852412
0.0347,-2.14160599309,-0.334440918057,-0.334431082654,-0.334543922978
0.03475,-2.16121545589,-0.590565744219,-0.591116449545,-0.590672915684
0.0348,-2.18055190293,-0.8427876227,-0.844313948415,-0.842898241421
0.03485,-2.19958258826,-1.09116921371,-1.09370743346,-1.09128258764
0.0349,-2.21827528371,-1.33576758785,-1.33876063482,-1.33588305125
0.03495,-2.23659833351,-1.5766344281,-1.57903941291,-1.57675134058
0.035,1.74547929212,-1.81381623343,-1.81452150372,-1.81393397911
0.03505,1.72798794445,-1.55355276468,-1.55191882098,-1.55365654548
0.0351,1.71095724477,-1.30187453844,-1.29812841638,-1.30196545843
0.03515,1.69441603431,-1.05851271712,-1.05377771461,-1.05859182848
0.0352,1.67839232533,-0.823201540273,-0.819112080795,-0.823269845208
0.03525,1.66291325373,-0.595678351008,-0.593731797231,-0.595736803559
0.0353,1.64800503306,-0.3756836275,-0.376615967516,-0.375733135357
0.03535,1.63369291015,-0.162961019468,-0.166432210634,-0.163002445715
0.0354,1.62000112236,0.0427426107909,0.0380073111052,0.0427084459772
0.03545,1.60695285649,0.241677143096,0.23735442359,0.241649460796
0.0355,1.59457020958,0.434089150138,0.431577711955,0.434067211081
0.03555,1.58287415144,0.620221844592,0.620120899047,0.620204947598
0.0356,1.57188448916,0.800315022923,0.802281794947,0.800302503384
0.03565,1.56161983354,0.974605006195,0.97762488796,0.9745962346
0.0357,1.55209756762,1.1433245782,1.14623282873,1.1433189587
0.03575,1.54333381719,1.30670292121,1.30869006698,1.30669989022
0.0358,1.53534342353,1.46496554971,1.46582931707,1.46496457459
0.03585,1.52813991825,1.61833424238,1.61838787684,1.61833482006
0.0359,1.52173550035,1.76702697264,1.7667577053,1.76702862838
0.03595,1.51614101561,1.9112578381,1.91095390445,1.91126012427
0.036,-2.48863406178,2.05123698921,2.05080390897,2.05123948402
0.03605,-2.49258164533,1.69336879792,1.69243771283,1.69335689847
0.0361,-2.49569504986,1.34384907283,1.34210726275,1.34382407911
0.03615,-2.49796900286,1.00257466935,1.00011494957,1.00253782983
0.0362,-2.49939965345,0.669445640407,0.666910256989,0.669398153655
0.03625,-2.49998457882,0.344364982054,0.342764407754,0.344307998199
0.0363,-2.49972278843,0.0272383844576,0.0275024885168,0.0271730066814
0.03635,-2.49861472561,-0.282026011407,-0.279550865664,-0.282098725463
0.0364,-2.49666226685,-0.583517851288,-0.579361675483,-0.583596888153
0.03645,-2.4938687186,-0.877324799226,-0.872799069493,-0.877409188275
0.0365,-2.49023881169,-1.16353276301,-1.1602540792,-1.16362157518
0.03655,-2.48577869331,-1.44222611339,-1.44145574169,-1.44231845995
0.0366,-2.4804959166,-1.71348789686,-1.71558553258,-1.71358292819
0.03665,-2.47439942785,-1.97740004192,-1.98164782885,-1.97749694638
0.0367,-2.46749955138,-2.23404355868,-2.23892857449,-2.23414156146
0.03675,-2.45980797201,-2.48349873165,-2.48732957837,-2.48359709369
0.0368,-2.45133771529,-2.7258453056,-2.72742473685,-2.72594332254
0.03685,-2.44210312549,-2.9611626644,-2.96021793747,-2.96125966553
0.0369,-2.43211984122,-3.18953000274,-3.1867242113,-3.18962535004
0.03695,-2.42140476901,-3.41102649057,-3.40757581704,-3.41111957772
0.037,1.59002394534,-3.62573143025,-3.62283479535,-3.62582168172
0.03705,1.60214694747,-3.33992264684,-3.33828345707,-3.3399953111
0.0371,1.6149437073,-3.05967391749,-3.05932647075,-3.05973015131
0.03715,1.6283925537,-2.78476478829,-2.78524958471,-2.78480570261
0.0372,1.64247071128,-2.51498292367,-2.51573483894,-2.51500958536
0.03725,1.65715433891,-2.25012404227,-2.25083782799,-2.2501374759
0.0373,1.6724185701,-1.98999184967,-1.99075943387,-1.98999303917
0.03735,1.68823755513,-1.73439796773,-1.735551754,-1.73438785801
0.0374,1.70458450479,-1.48316186057,-1.48493058761,-1.48314135908
0.03745,1.7214317358,-1.23611075686,-1.23830593385,-1.2360807351
0.0375,1.73875071764,-0.993079568561,-0.995020226177,-0.993040863517
0.03755,1.7565121209,-0.753910805754,-0.754666275658,-0.753864221308
0.0376,1.77468586693,-0.518454487695,-0.517306182916,-0.518400795961
0.03765,1.79324117879,-0.286568049901,-0.283457162697,-0.286507992517
0.0377,1.81214663336,-0.0581162472447,-0.0538288520656,-0.0580505366206
0.03775,1.83137021455,0.167028946988,0.171071369325,0.167099626479
0.0378,1.85087936755,0.388988446123,0.391271974921,0.389063436993
0.03785,1.87064105392,0.607876159217,0.607436970161,0.60795482976
0.0379,1.89062180756,0.823799104293,0.820668118393,0.823880847527
0.03795,1.91078779139,1.03685752569,1.03209103813,1.03694175834
0.038,-2.06889514534,1.24714501549,1.2424144778,1.24723117701
0.03805,-2.04846140927,0.960946879627,0.957866730685,0.961020225424
0.0381,-2.02794560459,0.684337554626,0.683831515106,0.684399240318
0.03815,-2.00738247448,0.417090423305,0.419074737856,0.417141550589
0.0382,-1.98680684226,0.158980174624,0.162488679637,0.159021793083
0.03825,-1.96625355245,-0.0902172384643,-0.0865499978116,-0.0901841295938
0.0383,-1.9457574117,-0.330724632833,-0.328067010306,-0.330699082941
0.03835,-1.92535312989,-0.562763620886,-0.561658172647,-0.562744726316
0.0384,-1.90507526134,-0.786554628346,-0.786836156005,-0.786541530765
0.03845,-1.8849581463,-1.00231690435,-1.00337230659,-1.00230878916
0.0385,-1.86503585277,-1.21026852409,-1.21146331392,-1.21026461888
0.03855,-1.84534211883,-1.41062638413,-1.41165234601,-1.41062595719
0.0386,-1.8259102955,-1.60360619087,-1.60456657871,-1.60360854969
0.03865,-1.80677329027,-1.78942244207,-1.79062846203,-1.78942693195
0.0387,-1.78796351132,-1.96828840196,-1.96990735866,-1.96829440459
0.03875,-1.76951281273,-2.14041607009,-2.1421975925,-2.14042300221
0.0388,-1.75145244045,-2.30601614409,-2.30728184542,-2.30602345617
0.03885,-1.73381297943,-2.46529797679,-2.46523304087,-2.46530515173
0.0389,-1.7166243018,-2.61846952781,-2.61658017449,-2.61847607971
0.03895,-1.69991551632,-2.76573730995,-2.76223008775,-2.76574278287
0.039,2.31628508096,-2.90730633067,-2.90316458518,-2.90731029745
0.03905,2.33195005459,-2.54957826952,-2.54625294246,-2.54956612475
0.0391,2.34705287618,-2.19874869779,-2.19757533679,-2.19872174187
0.03915,2.36156796937,-1.85471668908,-1.85631907273,-1.85467617382
0.0392,2.37547075307,-1.51738696629,-1.52135197155,-1.51733409647
0.03925,2.38873768315,-1.18666963927,-1.19166132525,-1.18660557413
0.0393,2.40134629227,-0.862479943791,-0.866757743868,-0.862405798515
0.03935,2.41327522796,-0.544737982072,-0.546853219513,-0.544654829146
0.0394,2.42450428876,-0.233368464982,-0.232728948135,-0.233277335555
0.03945,2.43501445844,0.0716995438336,0.0746436961565,0.0717976586571
0.0395,2.44478793819,0.370532881744,0.37454927389,0.370637029659
0.03955,2.45380817679,0.663194538627,0.666834066276,0.663303804927
0.0396,2.46205989861,0.949743905879,0.951937743453,0.9498574123
0.03965,2.46952912949,1.23023702273,1.23065387402,1.23035392634
0.0397,2.47620322042,1.50472681969,1.50375290509,1.50484631181
0.03975,2.48207086892,1.77326335888,1.77166083387,1.77338466406
0.0398,2.48712213823,2.03589407108,2.0343473643,2.0360164461
0.03985,2.4913484741,2.29266398931,2.29146171249,2.29278672221
0.0399,2.49474271932,2.54361597869,2.54262364557,2.54373838788
0.03995,2.49729912576,2.78879096245,2.78769962398,2.78891239578
0.04,-1.50098663579,3.02822814378,3.0269084638,3.02834797772
0.04005,-1.50011746837,2.76816346411,2.76689687124,2.76826689701
0.0401,-1.5000948439,2.51462710335,2.514056059,2.51471523991
0.04015,-1.5009188007,2.26735337064,2.26815362492,2.26742726775
0.0402,-1.50258794341,2.02608313032,2.02852561162,2.026143799
0.04025,-1.50509944536,1.79056381705,1.79421271333,1.79061222428
0.0403,-1.50844905337,1.56054945033,1.56429028821,1.56058652081
0.04035,-1.51263109493,1.33580064798,1.33823072148,1.33582726586
0.0404,-1.51763848781,1.11608463845,1.11610891073,1.11610164898
0.04045,-1.52346275209,0.901175271681,0.898531717935,0.901183482834
0.0405,-1.53009402446,0.690853028092,0.686306702158,0.690853212113
0.04055,-1.53752107497,0.484905025709,0.479997057331,0.484897920619
0.0406,-1.54573132603,0.28312502497,0.279571443286,0.283111336024
0.04065,-1.55471087372,0.0853134310952,0.0843168304965,0.0852938321887
0.0407,-1.56444451131,-0.108722706237,-0.106941556019,-0.108747571211
0.04075,-1.57491575506,-0.299169696111,-0.295415602945,-0.299199211951
0.0408,-1.58610687207,-0.486207212697,-0.481923860513,-0.486240791624
0.04085,-1.59799891038,-0.670008304863,-0.666653162409,-0.670045385302
0.0409,-1.610571731,-0.850739409254,-0.849213204431,-0.850779454654
0.04095,-1.62380404208,-1.02856036701,-1.0289413572,-1.02860286472
0.041,2.36232656509,-1.20362444431,-1.20529680787,-1.20366890445
0.04105,2.34784357811,-0.882276597342,-0.884346794126,-0.882308345937
0.0411,2.33277152368,-0.570650788102,-0.572414334664,-0.570671051221
0.04115,2.31713592607,-0.268579699256,-0.269796964241,-0.268589648742
0.0412,2.30096326392,0.0241030064312,0.0232429576307,0.0241022512599
0.04125,2.28428092537,0.307562828111,0.306733751299,0.307570198817
0.0413,2.26711716168,0.581964559824,0.581053884466,0.581979037246
0.04135,2.24950103942,0.847472414466,0.846767612323,0.847493027162
0.0414,2.2314623912,1.10425013878,1.10433426891,1.10427596151
0.04145,2.21303176518,1.35246111943,1.35386083208,1.35249127169
0.0415,2.19424037332,1.59226848024,1.59504765083,1.59230212482
0.04155,2.17512003854,1.82383517063,1.82737514204,1.82387151221
0.0416,2.15570314082,2.04732404533,2.0504479012,2.04736232914
0.04165,2.13602256235,2.26289793548,2.26432124988,2.26293744599
0.0417,2.11611163189,2.47071971125,2.46963319711,2.47075977084
0.04175,2.09600406826,2.67095233597,2.66745581592,2.6709923037
0.0418,2.0757339233,2.863758912,2.85891954945,2.8637981824
0.04185,2.05533552417,3.04930271839,3.04478147208,3.04934072024
0.0419,2.03484341523,3.22774724054,3.22514352681,3.22778343573
0.04195,2.01429229953,3.39925619187,3.39945979939,3.39929007427
0.042,-2.00628301994,3.56399352784,3.56683492565,3.56402462216
0.04205,-2.02684769923,3.22832169281,3.23267453931,3.22833534772
0.0421,-2.04736691237,2.89839890622,2.90267847034,2.89839637842
0.04215,-2.06780591041,2.57408883637,2.57690969949,2.57407133629
0.0422,-2.08813008024,2.25526280737,2.25595567155,2.25523150083
0.04225,-2.10830500322,1.94179959337,1.94056852189,1.9417556031
0.0423,-2.12829651343,1.63358521058,1.63126916732,1.63352961775
0.04235,-2.14807075558,1.33051270729,1.32810568351,1.33044655298
0.0424,-2.1675942423,1.03248195188,1.03066962056,1.03240623844
0.04245,-2.1868339109,0.739399419011,0.738338808528,0.739315111445
0.0425,-2.2057571793,0.451177974112,0.45060172669,0.451086001342
0.04255,-2.22433200126,0.167736656234,0.167284203229,0.16763791235
0.0426,-2.24252692062,-0.110999540511,-0.111440131949,-0.111104195067
0.04265,-2.26031112457,-0.385099886835,-0.385252230551,-0.385209624118
0.0427,-2.27765449586,-0.654628139297,-0.653981320672,-0.654742162766
0.04275,-2.29452766377,-0.919642762308,-0.917816859317,-0.919760305773
0.0428,-2.31090205386,-1.18019715096,-1.1773082927,-1.18031747757
0.04285,-2.32674993637,-1.4363398545,-1.43313690121,-1.43646225577
0.0429,-2.34204447317,-1.68811480022,-1.68577061333,-1.68823859512
0.04295,-2.3567597632,-1.93556151768,-1.93518391259,-1.93568605171
0.043,1.62912911363,-2.17871536294,-2.18080161965,-2.17884000732
0.04305,1.61564605429,-1.9238059833,-1.92791521472,-1.92391592825
0.0431,1.60281389212,-1.67685482828,-1.68168357907,-1.67695116744
0.04315,1.59065435817,-1.43758505506,-1.44144337007,-1.43766883144
0.0432,1.57918804442,-1.2057239734,-1.20721384277,-1.20579618131
0.04325,1.56843436889,-0.981003083726,-0.979596400504,-0.981064670581
0.0433,1.55841154275,-0.76315811856,-0.75941103492,-0.76320998675
0.04335,1.54913653949,-0.551929087044,-0.54723636223,-0.551972095655
0.0434,1.54062506618,-0.34706032213,-0.343066162951,-0.34709528866
0.04345,1.53289153687,-0.148300530168,-0.146237860699,-0.148328232179
0.0435,1.52594904816,0.0445971574502,0.0443438419033,0.0445759807213
0.04355,1.51980935704,0.231875130906,0.229805849412,0.231859776988
0.0436,1.51448286097,0.413771247152,0.410925593303,0.413761048824
0.04365,1.5099785803,0.590518774005,0.587948003151,0.590513097824
0.0437,1.50630414295,0.762346333441,0.76067192902,0.762344578318
0.04375,1.50346577152,0.929477844412,0.928739551804,0.929479440224
0.0438,1.50146827275,1.09213246547,1.09196382659,1.09213687172
0.04385,1.50031502936,1.25052453753,1.25051904681,1.25053124205
0.0439,1.50000799436,1.40486352698,1.4049010157,1.40487204466
0.04395,1.5005476877,1.55535396961,1.55569164719,1.55536384118
0.044,-2.49806680457,1.70219541535,1.70326984685,1.7022062062
0.04405,-2.4958378288,1.35178061498,1.35383799344,1.35177770814
0.0441,-2.49276915971,1.0102927549,1.01307194644,1.01027743513
0.04415,-2.48886599405,0.67761508867,0.680291598614,0.677588588077
0.0442,-2.48413494176,0.353633110806,0.355098145659,0.353596610432
0.04425,-2.47858401481,0.0382343269627,0.0376002484938,0.0381889583377
0.0443,-2.4722226136,-0.268691968787,-0.271603870576,-0.268745122154
0.04435,-2.46506151106,-0.567254909517,-0.571702233691,-0.567314810685
0.0444,-2.45711283439,-0.857562263716,-0.862082543874,-0.857627920914
0.04445,-2.44839004457,-1.13972063617,-1.14268550757,-1.13979110143
0.0445,-2.43890791348,-1.41383566135,-1.41412083412,-1.41391002919
0.04455,-2.42868249897,-1.68001218919,-1.67747917836,-1.68008959533
0.0446,-2.4177311176,-1.93835446321,-1.93391974404,-1.93843408336
0.04465,-2.40607231537,-2.18896629092,-2.18422286436,-2.18904733951
0.0447,-2.39372583626,-2.4319512063,-2.42851472254,-2.43203293538
0.04475,-2.38071258884,-2.66741262446,-2.66628834775,-2.66749432253
0.0448,-2.36705461083,-2.89545398837,-2.89670243459,-2.89553497929
0.04485,-2.3527750318,-3.11617890756,-3.11900826714,-3.11625854945
0.0449,-2.33789803397,-3.32969128876,-3.33289970792,-3.329768973
0.04495,-2.32244881131,-3.53609545856,-3.53862772306,-3.53617060874
0.045,1.69354647317,-3.73549627791,-3.73684371817,-3.73556834889
0.04505,1.71006073173,-3.43419748916,-3.43446983376,-3.43425176018
0.0451,1.72706599774,-3.13829910152,-3.13797665059,-3.13833676052
0.04515,1.74453347304,-2.84760716354,-2.84714618735,-2.84762935289
0.0452,1.76243357676,-2.56193606757,-2.56146524792,-2.56194388587
0.04525,1.78073599537,-2.28110844041,-2.28038865565,-2.28110294414
0.0453,1.799409734,-2.00495503044,-2.00361693883,-2.00493723558
0.04535,1.818423169,-1.73331459121,-1.7312246848,-1.73328547482
0.0454,1.83774410141,-1.46603376141,-1.46355892796,-1.46599426313
0.04545,1.85733981155,-1.20296694121,-1.20095496114,-1.20291796471
0.0455,1.8771771144,-0.943976164901,-0.943421798245,-0.943918579266
0.04555,1.89722241582,-0.688930969882,-0.690474728668,-0.688865610969
0.0456,1.91744176941,-0.437708261887,-0.441222752919,-0.437635933604
0.04565,1.93780093402,-0.190192176559,-0.194688506765,-0.190113652105
0.0457,1.95826543174,0.0537260626748,0.0497858053517,0.053810039616
0.04575,1.97880060627,0.294148290369,0.292246146482,0.29423700449
0.0458,1.99937168163,0.531169548439,0.532100590801,0.531262311711
0.04585,2.01994382104,0.764878239098,0.768386036115,0.764974389719
0.0459,2.04048218592,0.995356281284,1.00021151083,0.995455182669
0.04595,2.06095199486,1.22267927051,1.22717382635,1.22278031033
0.046,-1.9186814174,1.44691664205,1.44955248014,1.4470192313
0.04605,-1.89845254137,1.17433007795,1.17439434358,1.1744194442
0.0461,-1.87839563431,0.910970963733,0.908748686779,0.911048235479
0.04615,-1.85854466226,0.656590243215,0.653142109328,0.656656495761
0.0462,-1.83893324254,0.410940816296,0.407578162932,0.41099707361
0.04625,-1.81959458676,0.173777533729,0.171499247909,0.173824770257
0.0463,-1.80056144461,-0.0551428009655,-0.0559889071855,-0.0551036585386
0.04635,-1.78186604842,-0.276061422688,-0.275760658995,-0.276029493724
0.0464,-1.76354005854,-0.489217589322,-0.488370028251,-0.489192037561
0.04645,-1.74561450972,-0.694848559938,-0.693954677283,-0.694828591874
0.0465,-1.72811975861,-0.893189566915,-0.892377863105,-0.893174430214
0.04655,-1.71108543227,-1.08447378226,-1.08351381467,-1.08446276422
0.0466,-1.69454037806,-1.26893227842,-1.26750753922,-1.26892470448
0.04665,-1.67851261477,-1.44679398387,-1.44485768916,-1.44678921614
0.0467,-1.66302928514,-1.61828563373,-1.6162706987,-1.61828306959
0.04675,-1.64811660995,-1.78363171582,-1.78236275284,-1.78363078651
0.0468,-1.63379984356,-1.94305441228,-1.94337481801,-1.94305458158
0.04685,-1.6201032312,-2.09677353724,-2.09906693464,-2.09677430015
0.0469,-1.60704996784,-2.24500647065,-2.24886891314,-2.24500735214
0.04695,-1.59466215899,-2.3879680888,-2.39223046659,-2.38796864252
0.047,2.41703921681,-2.52587069157,-2.52900404853,-2.52587049868
0.04705,2.42803434346,-2.16512216752,-2.16586455907,-2.16510662967
0.0471,2.4383046009,-1.81192320304,-1.80984427286,-1.81189362638
0.04715,2.44783259662,-1.46617688427,-1.46191041525,-1.46613452504
0.0472,2.4566021951,-1.12779083726,-1.12281319491,-1.12773690336
0.04725,2.46459854518,-0.796676960734,-0.792720285681,-0.796612613217
0.0473,2.47180810517,-0.472751162012,-0.471111467863,-0.472677516529
0.04735,2.47821866578,-0.155933096405,-0.156981081215,-0.1558512246
0.0474,2.48381937085,0.153854089819,0.150750646015,0.153943158967
0.04745,2.48860073567,0.456684012667,0.452813385595,0.456779291542
0.0475,2.49255466308,0.75262729967,0.749345773037,0.75272784077
0.04755,2.49567445716,1.04175183496,1.03993863167,1.04185672969
0.0476,2.49795483459,1.32412299999,1.32392169285,1.32423137748
0.04765,2.49939193359,1.59980390971,1.60073690557,1.59991493572
0.0477,2.49998332046,1.86885564402,1.87020803429,1.86896851983
0.04775,2.49972799369,2.13133747431,2.13258018702,2.13145143566
0.0478,2.49862638568,2.38730708492,2.38832883313,2.38742140104
0.04785,2.49668036198,2.63682078934,2.63785929816,2.63693476191
0.0479,2.49389321815,2.87993374095,2.88127162406,2.88004670322
0.04795,2.49026967417,3.11670013828,3.11832496158,3.11681145409
0.048,-1.51418413354,3.34717342432,3.34862291906,3.34728248728
0.04805,-1.51946066254,3.07760472071,3.07811507212,3.07769674742
0.0481,-1.5255509771,2.81404030227,2.81294271302,2.81411641674
0.04815,-1.53244476339,2.55623146051,2.55339247862,2.55629273997
0.0482,-1.54013034687,2.30393690077,2.29999343358,2.30398437764
0.04825,-1.54859471215,2.05692272725,2.05315138166,2.05695739083
0.0483,-1.55782352496,1.81496242579,1.81280329338,1.81498522405
0.04835,-1.56780115644,1.57783684445,1.57827322828,1.57784868572
0.0484,-1.57851070966,1.34533417158,1.34841802761,1.34533592614
0.04845,-1.58993404814,1.11724991111,1.12200923944,1.11724241275
0.0485,-1.60205182666,0.893386854926,0.898178309155,0.893370902513
0.04855,-1.61484352395,0.673555052208,0.676715851448,0.673531411083
0.0486,-1.62828747748,0.457571775381,0.458082289849,0.457541178803
0.04865,-1.64236092013,0.245261482683,0.243124221284,0.245224633179
0.0487,-1.65704001876,0.0364557771039,0.0326308685264,0.0364133477803
0.04875,-1.67229991454,-0.169006638418,-0.173061260239,-0.169054002614
0.0488,-1.68811476511,-0.371280009673,-0.374235724953,-0.371331690737
0.04885,-1.70445778825,-0.570511583856,-0.571670778992,-0.570566989557
0.0489,-1.72130130734,-0.766841666342,-0.766299723763,-0.766900229096
0.04895,-1.73861679813,-0.960403681659,-0.958835036376,-0.960464857447
0.049,2.24362506286,-1.15132423875,-1.14954168657,-1.15138750607
0.04905,2.22545434877,-0.845921441119,-0.844457359106,-0.845972094153
0.0491,2.2069018314,-0.55030224808,-0.549226934786,-0.550341480876
0.04915,2.18799892913,-0.264272235354,-0.26332066596,-0.264301187631
0.0492,2.16877765373,0.0123620995954,0.0134590486075,0.0123423407021
0.04925,2.14927055611,0.279793433576,0.280989858941,0.279781831811
0.0493,2.12951067123,0.538213704614,0.539048617263,0.538209272945
0.04935,2.10953146213,0.787814189946,0.787611399124,0.787815988952
0.0494,2.08936676327,1.02878557519,1.02705975768,1.02879271149
0.04945,2.06905072326,1.26131801478,1.25816456056,1.26132963952
0.0495,2.04861774696,1.48560118391,1.48183619317,1.48561649125
0.04955,2.0281024373,1.70182432195,1.69875777207,1.70184254764
0.0496,2.00753953662,1.91017626769,1.90908880715,1.91019668763
0.04965,1.98696386785,2.11084548643,2.11240159649,2.11086741533
0.0497,1.96641027557,2.30402008915,2.30790180391,2.30404287917
0.04975,1.94591356693,2.48988784392,2.49484295235,2.48991088337
0.0498,1.92550845279,2.66863617978,2.67294367084,2.66865889185
0.04985,1.90522948888,2.84045218318,2.84260854304,2.84047402471
0.0499,1.88511101729,3.00552258733,3.00484398978,3.00554304757
0.04995,1.86518710833,3.16403375452,3.1609057511,3.16405235397
0.05,-2.15450849719,3.31617165171,3.3118424877,3.31618794099
0.05005,-2.17394244507,2.96832006025,2.96434574313,2.96831941307
0.0501,-2.19308182425,2.62665782576,2.62426311817,2.62664152306
0.05015,-2.2118942225,2.29106849712,2.29071347395,2.29103777266
0.0502,-2.23034778132,1.96144249969,1.96277036203,1.96139854168
0.05025,-2.24841124991,1.63767689718,1.63982584335,1.63762084977
0.0503,-2.26605403808,1.31967515274,1.32176355093,1.31960811752
0.05035,-2.28324626806,1.00734688938,1.00887262847,1.0072699268
0.0504,-2.29995882508,0.700607649967,0.7015695165,0.700521780701
0.05045,-2.31616340669,0.399378656844,0.400090063103,0.399284863084
0.0505,-2.33183257072,0.103586571332,0.104321861098,0.103485798066
0.05055,-2.34693978167,-0.186836746758,-0.18613588507,-0.186943590539
0.0506,-2.36145945573,-0.471954479412,-0.471725370668,-0.472066519546
0.05065,-2.37536700407,-0.751825090314,-0.75264118623,-0.75194148635
0.0507,-2.38863887448,-1.02650256417,-1.02867031181,-1.02662250829
0.05075,-2.40125259127,-1.29603664528,-1.29926491451,-1.29615936127
0.0508,-2.41318679331,-1.56047307509,-1.56382614149,-1.56059781734
0.05085,-2.42442127022,-1.81985382869,-1.82205898619,-1.81997988123
0.0509,-2.4349369966,-2.07421734977,-2.07421062518,-2.07434402539
0.05095,-2.44471616424,-2.32359878419,-2.32105451368,-2.32372542352
0.051,1.54625778773,-2.5680302116,-2.56360676713,-2.56815618228
0.05105,1.53800014477,-2.31373911573,-2.30889594728,-2.31384960574
0.0511,1.53052489106,-2.06674589905,-2.06318870623,-2.06684200111
0.05115,1.52384468583,-1.82677378997,-1.82576600579,-1.8268565475
0.0512,1.5179708419,-1.59355128765,-1.59540038059,-1.59362169666
0.05125,1.51291330652,-1.36681219805,-1.37076209312,-1.36687120902
0.0513,1.50868064454,-1.14629567148,-1.1508684688,-1.14634419116
0.05135,1.50528002392,-0.931746241335,-0.935369016142,-0.931785134485
0.0514,1.50271720355,-0.722913863606,-0.724540505211,-0.722943954689
0.05145,1.50099652352,-0.519553956957,-0.519007392943,-0.519576031791
0.0515,1.50012089778,-0.321427442999,-0.319333235243,-0.321442250351
0.05155,1.50009180919,-0.128300786483,-0.125683759287,-0.128309039611
0.0516,1.50090930699,0.0600539648939,0.062283472894,0.0600515867444
0.05165,1.50257200679,0.243859141354,0.245268789471,0.243861991496
0.0517,1.50507709282,0.423331412858,0.424018455515,0.423338875764
0.05175,1.50842032276,0.598681752163,0.599026961,0.5986932421
0.0518,1.5125960349,0.77011539937,0.770412430941,0.770130359087
0.05185,1.51759715774,0.937831828247,0.938024040539,0.937849727699
0.0519,1.52341522197,1.10202471456,1.10171132101,1.10204504968
0.05195,1.53004037478,1.26288190665,1.26159578892,1.26290419815
0.052,-2.46253860342,1.42058539854,1.41818283117,1.42060919079
0.05205,-2.45433427999,1.08150954632,1.07843606589,1.08152020033
0.0521,-2.44536054884,0.751818334053,0.749068450342,0.751817111614
0.05215,-2.43563260683,0.431375037879,0.430121424006,0.431363147222
0.0522,-2.42516692807,0.120044433599,0.121093435866,0.120023031026
0.05225,-2.41398123602,-0.182307398028,-0.178968339087,-0.182337206555
0.0523,-2.40209447347,-0.47581325773,-0.471134858818,-0.475850415051
0.05235,-2.38952677046,-0.760605005869,-0.756170846134,-0.760648502135
0.0524,-2.37629941018,-1.03681373223,-1.03422335781,-1.03686260345
0.05245,-2.36243479296,-1.30456991739,-1.30477997433,-1.30462324402
0.0525,-2.3479563983,-1.56400358569,-1.56692621429,-1.56406049128
0.05255,-2.33288874512,-1.81524444971,-1.8197875849,-1.81530409955
0.0526,-2.31725735027,-2.05842204628,-2.06295209687,-2.05848364614
0.05265,-2.30108868524,-2.29366586403,-2.29667881231,-2.29372865887
0.0527,-2.28441013141,-2.52110546242,-2.5218021289,-2.52116873519
0.05275,-2.26724993364,-2.74087058231,-2.73938797221,-2.74093365277
0.0528,-2.24963715244,-2.95309124809,-2.95031405235,-2.95315347164
0.05285,-2.23160161478,-3.15789786137,-3.15497505627,-3.15795862793
0.0529,-2.21317386354,-3.3554212863,-3.35324281422,-3.3554800192
0.05295,-2.19438510583,-3.5457929265,-3.54467903598,-3.54584908144
0.053,1.8247328399,-3.72914479375,-3.72887247507,-3.72919785773
0.05305,1.84414759773,-3.41180780902,-3.41191515605,-3.41184309349
0.0531,1.86382628907,-3.09990914197,-3.100076118,-3.09992786701
0.05315,1.88373558837,-2.79328193735,-2.79355787504,-2.79328527741
0.0532,1.90384177958,-2.49176757362,-2.49251359115,-2.49175665921
0.05325,1.92411081316,-2.19521550791,-2.1967990924,-2.19519142724
0.0533,1.94450836385,-1.90348311769,-1.90591024761,-1.9034469182
0.05335,1.96499988873,-1.61643553923,-1.61915190742,-1.61638822916
0.0534,1.98555068573,-1.33394550298,-1.33595558823,-1.33388805278
0.05345,2.0061259524,-1.05589316565,-1.05617561528,-1.05582650939
0.0535,2.02669084488,-0.782165939267,-0.780195027062,-0.782090975971
0.05355,2.04721053684,-0.512658317161,-0.508764640879,-0.512575912116
0.0536,2.06765027853,-0.247271696955,-0.24263536684,-0.247182682935
0.05365,2.08797545556,0.0140857993535,0.0178449179295,0.0141806208912
0.0537,2.1081516476,0.271499508131,0.272971138796,0.271599365906
0.05375,2.12814468657,0.525048409575,0.523631216949,0.525152561385
0.0538,2.14792071459,0.774805315792,0.770978567569,0.774913047464
0.05385,2.16744624129,1.02083706138,1.01597408328,1.02094768576
0.0539,2.18668820049,1.26320469639,1.25900960439,1.26331755239
0.05395,2.20561400626,1.50196368149,1.49978648689,1.50207813314
0.054,-1.77580839195,1.73716408529,1.7375001496,1.73727952088
0.05405,-1.75761045502,1.47504902412,1.47743365176,1.47515064946
0.0541,-1.73982300084,1.22165215018,1.22496881288,1.22174107301
0.05415,-1.72247615219,0.976707536389,0.979734953251,0.976784812279
0.0542,-1.70559928567,0.73995210276,0.741875748839,0.74001873701
0.05425,-1.68922098198,0.51112563821,0.511778855824,0.511182587694
0.0543,-1.67336897751,0.289970827996,0.289724152962,0.290019002948
0.05435,-1.65807011737,0.0762332864247,0.0756356629728,0.0762735521882
0.0544,-1.64335030994,-0.130338405429,-0.130942171253,-0.130305226713
0.05445,-1.62923448297,-0.329992657337,-0.330647875046,-0.329965785077
0.0545,-1.61574654139,-0.522974823153,-0.524008772083,-0.522953516708
0.05455,-1.6029093268,-0.709527149996,-0.711222577997,-0.709510707116
0.0546,-1.59074457882,-0.889888723691,-0.892144369372,-0.889876478997
0.05465,-1.57927289825,-1.06429541078,-1.0664941501,-1.06428673429
0.0547,-1.5685137122,-1.2329797974,-1.2341759925,-1.23297409312
0.05475,-1.55848524117,-1.39617112543,-1.39553199955,-1.39616782991
0.0548,-1.54920446822,-1.55409522606,-1.5513803628,-1.55409380709
0.05485,-1.54068711019,-1.70697445124,-1.70279500013,-1.70697440652
0.0549,-1.53294759107,-1.85502760331,-1.85071976271,-1.85502845916
0.05495,-1.52599901763,-1.99846986299,-1.99560280354,-1.99847117312
0.055,2.48014684284,-2.13751271622,-2.13723705895,-2.1375140605
0.05505,2.48547958243,-1.77856212055,-1.78109640567,-1.77854889803
0.0551,2.48999017022,-1.42781571762,-1.43231587966,-1.42778923053
0.05515,2.49367096762,-1.08517244019,-1.09005563358,-1.08513393953
0.0552,2.49651574124,-0.750534659364,-0.754117469127,-0.750485346505
0.05525,2.49851967352,-0.423807926228,-0.424973215549,-0.423748954399
0.0553,2.49967937083,-0.104900718556,-0.103498168191,-0.104833194303
0.05535,2.49999286923,0.206275807247,0.209459620757,0.206350822646
0.0554,2.49945963782,0.509808058769,0.513469102872,0.509889547946
0.05545,2.49808057963,0.805780244646,0.808687067685,0.805867232824
0.0555,2.49585803006,1.09427460588,1.09574524389,1.09436615959
0.05555,2.49279575296,1.37537164123,1.3754298375,1.3754668671
0.0556,2.48889893426,1.64915032659,1.6483272521,1.64924837014
0.05565,2.48417417314,1.91568832815,1.91461599763,1.91578837262
0.0557,2.47862947093,2.17506220916,2.17409918017,2.17516347443
0.05575,2.47227421748,2.4273476303,2.4264409238,2.42744937178
0.0558,2.4651191753,2.67261954337,2.67146263298,2.67272105097
0.05585,2.45717646135,2.91095237822,2.90932693895,2.91105297534
0.0559,2.44845952649,3.14242022289,3.14050224791,3.1425192654
0.05595,2.4389831327,3.36709699666,3.36552386539,3.36719387199
0.056,-1.5712366719,3.58505661614,3.58468308629,3.58515074235
0.05605,-1.58218258024,3.30257139464,3.30401981737,3.30264801363
0.0561,-1.59383605559,3.0257094809,3.02894761485,3.02576974276
0.05615,-1.60617736299,2.75424468552,2.75843224355,2.75428969434
0.0562,-1.61918560264,2.48795883999,2.49168212215,2.48798965573
0.05625,-1.63283874528,2.2266417425,2.22846299971,2.22665938269
0.0563,-1.64711366955,1.97009110067,1.96917294293,1.97009654211
0.05635,-1.66198620109,1.71811247108,1.71462415051,1.71810665148
0.0564,-1.67743115351,1.47051919546,1.46562197122,1.47050301501
0.05645,-1.69342237104,1.22713233343,1.22253415966,1.22710665631
0.0565,-1.7099327728,0.987780591593,0.985052537592,0.987746247431
0.05655,-1.72693439871,0.752300248959,0.752259168843,0.752258034253
0.0566,-1.74439845678,0.520535078504,0.52296402118,0.520485757967
0.05665,-1.76229537191,0.292336264846,0.296152662599,0.292280572715
0.0567,-1.78059483597,0.067562317927,0.0713340911802,0.0675009592173
0.05675,-1.79926585912,-0.153921017356,-0.151366739153,-0.15398736564
0.0568,-1.81827682227,-0.372240855627,-0.371398465325,-0.372311543332
0.05685,-1.83759553068,-0.587517269649,-0.588144265843,-0.587591672356
0.0569,-1.85718926841,-0.79986339312,-0.801266091044,-0.799940911076
0.05695,-1.87702485381,-1.00938552766,-1.01086379215,-1.00946558475
0.057,2.10293130438,-1.21618325402,-1.21738491667,-1.21626529676
0.05705,2.08271315008,-0.926547787967,-0.927552120113,-0.92661707874
0.0571,2.06235492241,-0.646559387095,-0.647670061883,-0.646617088391
0.05715,2.04189109768,-0.375997156634,-0.377390668831,-0.376044376895
0.0572,2.02135633106,-0.114641399608,-0.116098077812,-0.114679195033
0.05725,2.00078539784,0.137726434813,0.136828196071,0.137697058512
0.0573,1.98021313456,0.381323794447,0.381718794941,0.38130188034
0.05735,1.95967438002,0.616367058892,0.618460918217,0.616351697164
0.0574,1.93920391626,0.843071566177,0.846587234644,0.843061892513
0.05745,1.91883640968,1.06165163148,1.06558084938,1.06164682548
0.0575,1.89860635232,1.27232055809,1.27525075597,1.27231984175
0.05755,1.87854800346,1.4752906409,1.47598514742,1.47529327709
0.0576,1.85869533159,1.67077316251,1.66874169999,1.67077845356
0.05765,1.83908195687,1.8589783824,1.85476055375,1.85898566862
0.0577,1.81974109425,2.04011551911,2.0351242517,2.04012417746
0.05775,1.80070549716,2.21439272598,2.21036920266,2.21440216872
0.0578,1.78200740208,2.38201706046,2.38033368912,2.38202673378
0.05785,1.76367847392,2.5431944473,2.54431642464,2.54320383013
0.0579,1.74574975243,2.69812963604,2.70147163995,2.69813823873
0.05795,1.72825159961,2.84702615279,2.85125485936,2.84703351592
0.058,-2.28878635171,2.99008624678,2.99371298705,2.99009193998
0.05805,-2.30533524803,2.63370907244,2.63569052496,2.6336984874
0.0581,-2.32136706406,2.28408791336,2.28416574438,2.28406234782
0.05815,-2.33685465019,1.94111979671,1.93977183548,1.94108050014
0.0582,-2.35177177844,1.60470764372,1.60277900301,1.60465581882
0.05825,-2.36609318689,1.27476001033,1.27299292978,1.27469681459
0.0583,-2.37979462247,0.951190828864,0.949903119955,0.951117375988
0.05835,-2.39285288202,0.633919150706,0.632981993698,0.633836512004
0.0584,-2.40524585159,0.322868890306,0.321961689407,0.322778096058
0.05845,-2.4169525439,0.0179685706545,0.0169350188252,0.0178706113965
0.0585,-2.42795313384,-0.280848929597,-0.281772007244,-0.280953101823
0.05855,-2.43822899209,-0.573646627146,-0.573880566698,-0.573756097592
0.0586,-2.44776271666,-0.860483683005,-0.859429893662,-0.860597573063
0.05865,-2.45653816234,-1.14141564921,-1.13887705688,-1.1415331153
0.0587,-2.46454046805,-1.41649471309,-1.412953245,-1.41661494557
0.05875,-2.47175608201,-1.68576993884,-1.68233555682,-1.68589216102
0.0588,-2.47817278472,-1.9492875063,-1.94729799101,-1.94941097339
0.05885,-2.48377970957,-2.20709094661,-2.2075272227,-2.20721494481
0.0589,-2.48856736134,-2.45922137463,-2.46221393135,-2.45934522021
0.05895,-2.49252763221,-2.70571771792,-2.71039495601,-2.7058407563
0.059,1.50434618447,-2.946616942,-2.95139348207,-2.94673854692
0.05905,1.50205938283,-2.68815251231,-2.6913475865,-2.68825787915
0.0591,1.50061583555,-2.43635189879,-2.43686729242,-2.43644212894
0.05915,1.50001798725,-2.19094647113,-2.18870040161,-2.19102261794
0.0592,1.50026685036,-1.95167392969,-1.94759931686,-1.95173700039
0.05925,1.50136200346,-1.71827832609,-1.71389678793,-1.71832928358
0.0593,1.5033015919,-1.49051008335,-1.48728756061,-1.49054984801
0.05935,1.50608233104,-1.26812601551,-1.26690792093,-1.26815546693
0.0594,1.50969951173,-1.0508893464,-1.05166016201,-1.05090932503
0.05945,1.51414700834,-0.838569727208,-0.840614115256,-0.838581035995
0.0595,1.51941728911,-0.630943252683,-0.633289427335,-0.630946658625
0.05955,1.52550142889,-0.427792475601,-0.429692177883,-0.427788711263
0.0596,1.5323891243,-0.228906419343,-0.230109773803,-0.228896184325
0.05965,1.54006871114,-0.0340805882837,-0.0347909470934,-0.0340645506294
0.0597,1.54852718415,0.156883024241,0.15630963638,0.156904226669
0.05975,1.55775021904,0.344175930587,0.343585699413,0.344201688788
0.0598,1.56772219676,0.527983146313,0.527610483149,0.528012878873
0.05985,1.57842622992,0.708483190749,0.708846865784,0.708516342606
0.0599,1.58984419142,0.88584809081,0.887406834378,0.885884132069
0.05995,1.60195674512,1.06024338826,1.06300630524,1.06028181304
0.06,-2.38525662139,1.23182815055,1.23515663984,1.23186847588
0.06005,-2.37181756206,0.906953226059,0.90970224599,0.906980784967
0.0601,-2.35774883573,0.591758549821,0.592729343349,0.591774575467
0.06015,-2.34307426755,0.286082848322,0.28458715447,0.286088519726
0.0602,-2.32781870867,-0.0102341113206,-0.013975581817,-0.0102376675958
0.06025,-2.31200799413,-0.297351673708,-0.302191715994,-0.297363381924
0.0603,-2.29566889912,-0.575428438557,-0.579697039229,-0.575447272206
0.06035,-2.27882909362,-0.844622395152,-0.84678879573,-0.844647375416
0.0604,-2.26151709558,-1.10509104788,-1.10439119463,-1.10512124213
0.06045,-2.24376222258,-1.35699153289,-1.35373686674,-1.3570260532
0.0605,-2.22559454222,-1.60048072588,-1.59590983786,-1.60051872765
0.06055,-2.20704482116,-1.83571534115,-1.83146184045,-1.83575602169
0.0606,-2.18814447306,-2.06285202184,-2.06027682753,-2.06289461904
0.06065,-2.16892550535,-2.28204742162,-2.28173718066,-2.28209121262
0.0607,-2.14942046504,-2.49345827768,-2.49510013876,-2.49350257762
0.06075,-2.12966238359,-2.6972414753,-2.69989641686,-2.69728563607
0.0608,-2.109684721,-2.893554104,-2.89616165401,-2.89359751302
0.06085,-2.08952130912,-3.08255350539,-3.08440350343,-3.08259558444
0.0609,-2.06920629436,-3.26439731287,-3.26534404976,-3.26443751692
0.06095,-2.04877407985,-3.43924348324,-3.43958830933,-3.43928129937
0.061,1.97174073276,-3.60725032041,-3.60739887818,-3.60728526669
0.06105,1.99230340198,-3.27477473192,-3.27488960527,-3.27479215047
0.0611,2.01287910527,-2.94796952439,-2.94782974875,-2.94797066556
0.06115,2.033432998,-2.62669308657,-2.62584622253,-2.62667915458
0.0612,2.0539302725,-2.31081160516,-2.30893112433,-2.31078375977
0.06125,2.07433621695,-2.00019886777,-1.99743360134,-2.00015822584
0.0613,2.09461627422,-1.69473606336,-1.69182898585,-1.69468370042
0.06135,2.11473610037,-1.39431158048,-1.392380343,-1.39424853211
0.0614,2.1346616228,-1.09882080313,-1.09887390541,-1.09874806643
0.06145,2.15435909796,-0.808165904548,-0.81058122913,-0.808084439492
0.0615,2.17379516849,-0.522255639013,-0.526489766154,-0.522166369703
0.06155,2.19293691972,-0.241005131631,-0.245705671885,-0.240908947575
0.0616,2.21175193541,0.0356643335913,0.0321611949068,0.0357665762828
0.06165,2.23020835263,0.307825527341,0.30682051343,0.307933004809
0.0617,2.24827491575,0.575545490099,0.577427860665,0.57565740963
0.06175,2.26592102933,0.838885748589,0.842963873477,0.839001347554
0.0618,2.28311680996,1.09790253341,1.10269306558,1.09802107825
0.06185,2.29983313687,1.35264699772,1.35649003774,1.35276778297
0.0619,2.31604170123,1.6031654367,1.6048850646,1.60328778406
0.06195,2.3317150541,1.84949950778,1.84881660155,1.84962276521
0.062,-1.65317334709,2.09168645128,2.08921761693,2.09180999216
0.06205,-1.63864909359,1.83595755193,1.83283521355,1.83606656835
0.0621,-1.62473678198,1.58833564708,1.58565934385,1.58843123425
0.06215,-1.61145997254,1.34854502984,1.34693761746,1.34862823205
0.0622,-1.59884114933,1.11631389199,1.1157814918,1.11638570451
0.06225,-1.58690168212,0.891374360645,0.891498960801,0.891435731572
0.0623,-1.5756617902,0.673462538596,0.673781659062,0.673514370678
0.06235,-1.56514050816,0.462318548204,0.462657742366,0.462361700591
0.0624,-1.5553556536,0.257686578405,0.258251466988,0.25772186835
0.06245,-1.54632379703,0.0593149345419,0.0604949635796,0.0593431390597
0.0625,-1.53806023374,-0.133043909317,-0.131037637584,-0.133022051841
0.06255,-1.53057895795,-0.319633255876,-0.317071504534,-0.319617044123
0.0626,-1.52389263908,-0.500692128267,-0.498370048398,-0.500680896468
0.06265,-1.51801260028,-0.676455212164,-0.6754086709,-0.676448328628
0.0627,-1.51294879933,-0.847152796683,-0.848164281193,-0.847149662363
0.06275,-1.50870981168,-1.01301071437,-1.01614929054,-1.01301076148
0.0628,-1.50530281599,-1.17425028058,-1.1786955616,-1.17425297125
0.06285,-1.50273358194,-1.33108823261,-1.33536226087,-1.33109305757
0.0629,-1.50100646051,-1.48373666873,-1.48626998316,-1.48374314605
0.06295,-1.50012437653,-1.63240298763,-1.63219051222,-1.63241066151
0.063,2.49991117619,-1.77728982839,-1.77433589786,-1.77729826793
0.06305,2.49910013745,-1.42479325187,-1.4201344194,-1.42478784408
0.0631,2.49744388073,-1.08109996992,-1.07638791345,-1.08108200381
0.06315,2.49494521088,-0.746096970956,-0.74292798648,-0.746067683102
0.0632,2.49160835934,-0.419673687402,-0.418966359633,-0.41963426357
0.06325,2.48743897703,-0.101721759226,-0.10341496478,-0.101673335895
0.0633,2.48244412472,0.207865195793,0.204679545077,0.207921529939
0.06335,2.47663226112,0.509191804943,0.505793603546,0.509255007578
0.0634,2.47001322852,0.802361156487,0.799830445692,0.802430230247
0.06345,2.46259823615,1.08747500847,1.08629668446,1.0875489996
0.0635,2.45439984118,1.36463399029,1.36464363782,1.36471198734
0.06355,2.44543192745,1.633937797,1.63458989278,1.63401892955
0.0636,2.43570968198,1.89548537614,1.89626234247,1.89556881357
0.06365,2.42524956924,2.14937510706,2.15009653174,2.14946005736
0.0637,2.41406930326,2.39570497267,2.39656795853,2.39579068127
0.06375,2.40218781764,2.63457272348,2.6359151581,2.63465847214
0.0638,2.38962523347,2.86607603388,2.8680166209,2.86616113959
0.06385,2.3764028253,3.09031265064,3.09249694798,3.09039646457
0.0639,2.36254298505,3.3073805335,3.30900941633,3.30746243996
0.06395,2.34806918414,3.51737798786,3.51754061657,3.5174574033
0.064,-1.66699406628,3.72040378951,3.7185627287,3.72048016154
0.06405,-1.68262125685,3.42275554193,3.41913096343,3.42281414253
0.0641,-1.69878592316,3.13052707222,3.12615705394,3.13056908198
0.06415,-1.71546069062,2.84351821397,2.83992277768,2.84354476791
0.0642,-1.73261732079,2.5615371223,2.56011130027,2.56154931162
0.06425,-1.75022675918,2.28440017505,2.28580604043,2.28439904882
0.0643,-1.7682591845,2.01193187049,2.01577558002,2.0119184373
0.06435,-1.78668405913,1.74396472151,1.74892021049,1.74393995103
0.0644,-1.80547018084,1.48033914613,1.48467377469,1.48030397064
0.06445,-1.82458573564,1.22090335441,1.22317290296,1.22085867026
0.0645,-1.84399835166,0.965513231556,0.965116172213,0.965459900565
0.06455,-1.86367515393,0.714032217322,0.711383628619,0.713971068139
0.0646,-1.88358282011,0.466331181556,0.462599319588,0.46626301096
0.06465,-1.9036876369,0.222288296007,0.218840998574,0.222213870156
0.0647,-1.92395555711,-0.0182110977048,-0.0203771929567,-0.0182910420686
0.06475,-1.94435225736,-0.255274623894,-0.255860627947,-0.255359378292
0.0648,-1.96484319615,-0.489003012383,-0.488366805207,-0.489091895492
0.06485,-1.98539367242,-0.719490241806,-0.718305450608,-0.719582598394
0.0649,-2.00596888426,-0.946823686593,-0.94565116632,-0.946918886501
0.06495,-2.0265339879,-1.17108426758,-1.17009568965,-1.17118170475
0.065,1.95294584334,-1.39234660619,-1.39133921043,-1.3924456977
0.06505,1.93250536003,-1.11687742261,-1.11554777744,-1.11696340198
0.0651,1.9121791778,-0.850732984071,-0.849028760863,-0.850806985523
0.06515,1.8920017187,-0.593668951266,-0.59199140266,-0.593732055641
0.0652,1.87200715294,-0.345442768247,-0.34455406511,-0.345496004844
0.06525,1.85222934099,-0.105813649461,-0.106469532365,-0.105857997841
0.0653,1.83270177625,0.125457425717,0.122966938473,0.125421033978
0.06535,1.81345752834,0.348607711247,0.344756886001,0.348578390852
0.0654,1.79452918708,0.563872685727,0.559848966011,0.563849595999
0.06545,1.7759488073,0.771486036995,0.768769514332,0.771468380258
0.0655,1.75774785458,0.9716796403,0.971423663189,0.971666660305
0.06555,1.73995715193,1.16468353031,1.16718065343,1.1646745107
0.0656,1.72260682763,1.35072586723,1.35521925274,1.35072013006
0.06565,1.70572626416,1.53003289731,1.53497910388,1.5300298016
0.0657,1.68934404849,1.70282890807,1.70650730065,1.70282784834
0.06575,1.67348792362,1.86933617838,1.87053603483,1.86933658334
0.0658,1.65818474166,2.02977492396,2.02825462469,2.02977625512
0.06585,1.64346041829,2.18436323825,2.1808847621,2.18436498865
0.0659,1.62933988891,2.33331702926,2.32925945729,2.33331872219
0.06595,1.61584706642,2.47684995251,2.47359914465,2.47685114025
0.066,-2.39699519932,2.61517334038,2.61357756037,2.61517360302
0.06605,-2.40916516014,2.25469436885,2.2548252077,2.25467910727
0.0661,-2.4206422064,1.90161326782,1.90290758432,1.90158378769
0.06615,-2.4314069019,1.55583292383,1.55750027864,1.55579048123
0.0662,-2.44144101683,1.21726102056,1.21871929944,1.21720682354
0.06625,-2.45072755856,0.885809771464,0.88691838065,0.885744981514
0.0663,-2.45925080048,0.561395655204,0.562382340694,0.561321388728
0.06635,-2.46699630863,0.243939154048,0.245092725975,0.243856483742
0.0664,-2.47395096611,-0.066635504554,-0.065303410075,-0.0667255483594
0.06645,-2.48010299532,-0.370400603039,-0.369305799683,-0.370497031078
0.0665,-2.48544197791,-0.667425185232,-0.667261669045,-0.667527048055
0.06655,-2.48995887239,-0.957775304109,-0.959127679124,-0.957881690881
0.0666,-2.49364602946,-1.24151426562,-1.24443817855,-1.24162430295
0.06665,-2.49649720501,-1.51870286837,-1.52251724653,-1.5188157192
0.0667,-2.49850757059,-1.78939963901,-1.79284014291,-1.78951450153
0.06675,-2.4996737217,-2.05366106309,-2.05536291345,-2.05377716968
0.0668,-2.49999368347,-2.31154181122,-2.31064401588,-2.31165842747
0.06685,-2.49946691405,-2.56309496042,-2.55967899571,-2.56321138413
0.0669,-2.49809430552,-2.80837221032,-2.80351089585,-2.80848777057
0.06695,-2.49587818237,-3.04742409421,-3.04279391099,-3.04753815047
0.067,1.50717770243,-3.28030018468,-3.27751695774,-3.2804121259
0.06705,1.51106817379,-3.01324753424,-3.01321937273,-3.01334257215
0.0671,1.51578664326,-2.75230815683,-2.75489400848,-2.75238741032
0.06715,1.52132512019,-2.49722889847,-2.5013480768,-2.49729343948
0.0672,1.52767422526,-2.24776384203,-2.25189146614,-2.24781469743
0.06725,1.53482320636,-2.00367429996,-2.00648265616,-2.00371245335
0.0673,1.54275995681,-1.7647288053,-1.76557940152,-1.76475519875
0.06735,1.55147103585,-1.53070310059,-1.52978227509,-1.53071863632
0.0674,1.56094169141,-1.30138012457,-1.2994545634,-1.3013856666
0.06745,1.57115588509,-1.07654999641,-1.07450315124,-1.07654637214
0.0675,1.58209631932,-0.856009997195,-0.854413960104,-0.85599799891
0.06755,1.59374446664,-0.639564548542,-0.638500950979,-0.639544934893
0.0676,1.60608060112,-0.427025188146,-0.426219622449,-0.426998685573
0.06765,1.6190838317,-0.218210542029,-0.217369404735,-0.218177846125
0.0677,1.63273213763,-0.0129462933589,-0.0120764073858,-0.0129080701972
0.06775,1.64700240572,0.188934852324,0.189428174091,0.18897796492
0.0678,1.66187046951,0.387593205634,0.387104236896,0.387640596859
0.06785,1.67731115017,0.583182135739,0.581299724157,0.583233220627
0.0679,1.69329829916,0.775848116772,0.772724862177,0.775902335057
0.06795,1.7098048425,0.965730778359,0.962199219274,0.96578759338
0.068,-2.27319717337,1.15296296036,1.15029267417,1.15302185801
0.06805,-2.25573653426,0.843869012507,0.843245152028,0.843915294346
0.0681,-2.23784280948,0.544562144993,0.546521798142,0.544597012481
0.06815,-2.21954630177,0.254854178563,0.258959012563,0.254878778812
0.0682,-2.20087799596,-0.0254421607653,-0.0205166891285,-0.0254267332479
0.06825,-2.18186950652,-0.296513348253,-0.292485526463,-0.296506049878
0.0683,-2.16255302403,-0.558545157894,-0.556839132649,-0.55854499434
0.06835,-2.14296126063,-0.811722750843,-0.812891711193,-0.811728775463
0.0684,-2.12312739465,-1.05623075494,-1.05975023314,-1.0562420672
0.06845,-2.10308501443,-1.29225333543,-1.29677219697,-1.29226907939
0.0685,-2.08286806141,-1.51997425698,-1.52389897768,-1.51999361984
0.06855,-2.06251077268,-1.73957693721,-1.74171555011,-1.73959914784
0.0686,-2.04204762297,-1.9512444917,-1.95122145212,-1.95126881926
0.06865,-2.02151326629,-2.15515977081,-2.15343599395,-2.1551855234
0.0687,-2.00094247724,-2.35150538838,-2.34903446454,-2.35153191167
0.06875,-1.98037009212,-2.54046374242,-2.53818631126,-2.54049041841
0.0688,-1.95983094993,-2.72221702809,-2.72065655516,-2.7222432738
0.06885,-1.93935983338,-2.896947243,-2.89609577551,-2.89697250929
0.0689,-1.91899140997,-3.0648361852,-3.06435177829,-3.06485995551
0.06895,-1.89876017328,-3.22606544381,-3.22563376728,-3.22608723306
0.069,2.1212996154,-3.38081638278,-3.38044652869,-3.38083573616
0.06905,2.14115398515,-3.03546835828,-3.03553896368,-3.03547064433
0.0691,2.16076931292,-2.69619597621,-2.69721586083,-2.69618247089
0.06915,2.18011238046,-2.36287873825,-2.36509560647,-2.3628506706
0.0692,2.19915043062,-2.03540322203,-2.03849226348,-2.03536177574
0.06925,2.21785122275,-1.71366284945,-1.71669902337,-1.71360916443
0.0693,2.23618308737,-1.39755765395,-1.39933234876,-1.39749282779
0.06935,2.25411497977,-1.08699404679,-1.08655147285,-1.0869191362
0.0694,2.27161653258,-0.781884582407,-0.77902280485,-0.781800604576
0.06945,2.28865810719,-0.482147723148,-0.477624815221,-0.48205565707
0.0695,2.30521084399,-0.18770760343,-0.183022665869,-0.187608391167
0.06955,2.32124671118,0.101506206469,0.104685488871,0.101611658569
0.0696,2.33673855228,0.385558936816,0.38607563649,0.385669756949
0.06965,2.3516601321,0.66451085486,0.662198770316,0.664626204642
0.0697,2.3659861812,0.938417501101,0.934162750562,0.938536574485
0.06975,2.37969243865,1.20732992521,1.20268823652,1.20745194746
0.0698,2.39275569311,1.47129492143,1.46784370591,1.47141914809
0.06985,2.40515382218,1.73035526317,1.72907685464,1.73048097918
0.0699,2.41686582984,1.98454993678,1.98551628033,1.98467645547
0.06995,2.42787188197,2.23391437403,2.2363897637,2.2340410363
0.07,-1.56184665998,2.47848068336,2.48135646268,2.47860685682
0.07005,-1.5523072075,2.22447612009,2.22680070741,2.22458699237
0.0701,-1.54352591549,1.97792060143,1.9792622724,1.97801726461
0.07015,-1.53551765494,1.73853661458,1.73902297104,1.73862011112
0.0702,-1.5282959877,1.50605166271,1.5061090731,1.50612298738
0.07025,-1.52187314355,1.28019830275,1.28017160175,1.28025840448
0.0703,-1.51625999946,1.06071418506,1.06060031223,1.06076396874
0.07035,-1.51146606122,0.847342094644,0.846795671687,0.847382422899
0.0704,-1.50749944727,0.639829993697,0.638437021702,0.63986168856
0.07045,-1.50436687501,0.437931065014,0.43558729205,0.437954909589
0.0705,-1.5020736494,0.241403756066,0.238563971344,0.24142049612
0.07055,-1.50062365398,0.0500118233743,0.0476353971782,0.0500221688936
0.0706,-1.5000193443,-0.13647562309,-0.137297794931,-0.136470996403
0.07065,-1.50026174374,-0.3182840758,-0.316858382426,-0.318284525067
0.0707,-1.50135044181,-0.495633586136,-0.492084434028,-0.495638499894
0.07075,-1.50328359481,-0.668738721716,-0.664089890584,-0.66874751855
0.0708,-1.50605792898,-0.837808524858,-0.833648704141,-0.837820652076
0.07085,-1.50966874603,-1.00304647246,-1.00090489539,-1.00306140482
0.0709,-1.51410993109,-1.16465043755,-1.16535723272,-1.164667676
0.07095,-1.5193739631,-1.32281265278,-1.32613732002,-1.32283172329
0.071,2.4745480725,-1.47771967607,-1.48245771135,-1.47774012845
0.07105,2.46766646864,-1.13575059927,-1.14022140494,-1.13575780019
0.0711,2.4599928792,-0.803074306081,-0.805803728429,-0.803069523182
0.07115,2.4515402993,-0.47955912783,-0.479839532319,-0.479543575372
0.0712,2.44232304323,-0.165075042498,-0.163162602065,-0.165049882985
0.07125,2.43235672026,0.140506528786,0.14361887879,0.14054018303
0.0713,2.42165820821,0.437312917238,0.440407546463,0.437354002541
0.07135,2.41024562482,0.72547039383,0.727638806249,0.72551789369
0.0714,2.39813829713,1.00510434854,1.00605071473,1.00515729218
0.07145,2.3853567287,1.27633946137,1.27633705377,1.27639692237
0.0715,2.3719225649,1.53929986517,1.53886945091,1.53936096005
0.07155,2.35785855628,1.79410930003,1.79362781592,1.794173187
0.0716,2.34318852,2.04089125948,2.04036115809,2.04095713713
0.07165,2.32793729953,2.2797691282,2.27887560415,2.27983623426
0.0717,2.31213072257,2.51086631146,2.50927907237,2.51093392158
0.07175,2.2957955573,2.73430635606,2.73203762617,2.73437378264
0.0718,2.27895946706,2.95021306296,2.94780312001,2.95027965403
0.07185,2.26165096348,3.15871059153,3.15709981207,3.1587757296
0.0719,2.24389935825,3.3599235554,3.36004090782,3.35998665641
0.07195,2.22573471341,3.55397711001,3.55623918157,3.55403762226
0.072,-1.7928122095,3.74099703189,3.74498035499,3.741054435
0.07205,-1.81171000157,3.42730803022,3.43179001188,3.4273476283
0.0721,-1.8309266597,3.11903109686,3.12242072512,3.11905410268
0.07215,-1.85042964079,2.81599324321,2.81697766945,2.81600082396
0.0722,-1.87018591684,2.51802976922,2.51614572457,2.51802304824
0.07225,-1.89016203095,2.22498411865,2.22084552148,2.22496417704
0.0723,-1.91032415387,1.9367077309,1.93177515906,1.93667560911
0.07235,-1.93063814137,1.65305988959,1.64904995747,1.65301658893
0.0724,-1.95106959207,1.37390756773,1.3721071705,1.37385405187
0.07245,-1.97158390561,1.09912526968,1.09991578568,1.09906246603
0.0725,-1.99214634134,0.828594869718,0.831386242133,0.828523670775
0.07255,-2.01272207712,0.562205447391,0.565782926948,0.562126712067
0.0726,-2.03327626827,0.299853119703,0.302948306368,0.299767674558
0.07265,-2.0537741066,0.0414408701269,0.0432466574121,0.0413495105744
0.0727,-2.07418087935,-0.213121625432,-0.212723832193,-0.213218133974
0.07275,-2.09446202799,-0.463918175653,-0.464490817337,-0.464019096655
0.0728,-2.11458320672,-0.711026253707,-0.711953467872,-0.711130878467
0.07285,-2.13451034064,-0.954517179939,-0.955397679327,-0.954624826567
0.0729,-2.15420968349,-1.19445630723,-1.19529139574,-1.19456631967
0.07295,-2.17364787474,-1.4309032089,-1.43198777748,-1.43101495601
0.073,1.80720800386,-1.66391186903,-1.66551018327,-1.66402474367
0.07305,1.78839037258,-1.39972911561,-1.40174302658,-1.39982832794
0.0731,1.76993109877,-1.14439210248,-1.14623876703,-1.14447876432
0.07315,1.75186144291,-0.897638188132,-0.898441295372,-0.897713358877
0.0732,1.73421200567,-0.659207356602,-0.658229562579,-0.65927204512
0.07325,1.71701267608,-0.428842234068,-0.42594112066,-0.428897400528
0.0733,1.70029258093,-0.206288111479,-0.202143245907,-0.206334669136
0.07335,1.68408003543,0.00870702714491,0.012749209965,0.00866821021073
0.0734,1.66840249526,0.216392471009,0.218822686096,0.216360570202
0.07345,1.65328651008,0.417014743764,0.416799935627,0.41698897633
0.0735,1.63875767857,0.610817559937,0.607879617704,0.610797183363
0.07355,1.62484060507,0.798041776889,0.793342627831,0.798026087348
0.0736,1.61155885791,0.978925342608,0.974104016142,0.978913673448
0.07365,1.59893492952,1.15370323965,1.15041981862,1.15369495992
0.0737,1.58699019832,1.32260742552,1.32188615446,1.32260193854
0.07375,1.57574489251,1.48586676987,1.48772864084,1.48586351183
0.0738,1.56521805584,1.64370698869,1.64724244388,1.64370542732
0.07385,1.55542751533,1.79635057601,1.80017507875,1.79635020925
0.0739,1.54638985111,1.94401673319,1.94687820354,1.9440170879
0.07395,1.53812036831,2.08692129634,2.08817247665,2.08692192708
0.074,-2.46936692883,2.22527666197,2.22501080114,2.22527714977
0.07405,-2.47605936069,1.86548995189,1.86431718115,1.86547569724
0.0741,-2.48194559376,1.51376022367,1.5123813508,1.51373253054
0.07415,-2.48701565978,1.16998807533,1.16881145314,1.16994819678
0.0742,-2.49126097269,0.83407778969,0.833081398233,0.834026929416
0.07425,-2.49467434312,0.505937072806,0.50482943177,0.505876386659
0.0743,-2.49724999058,0.185476797008,0.184038402621,0.185407394438
0.07435,-2.49898355326,-0.1273892512,-0.12900496751,-0.127466305737
0.0744,-2.49987209538,-0.432744618229,-0.43395020268,-0.43282830391
0.07445,-2.49991411223,-0.7306704253,-0.730687947716,-0.730759763627
0.0745,-2.49910953264,-1.02124560498,-1.01954376109,-1.02133965851
0.07455,-2.49745971916,-1.30454713221,-1.30123863834,-1.30464500334
0.0746,-2.49496746572,-1.58065024962,-1.57661586901,-1.58075107936
0.07465,-2.49163699292,-1.84962868698,-1.84626079066,-1.84973165388
0.0747,-2.48747394084,-2.11155487472,-2.11020532478,-2.11165919371
0.07475,-2.48248535957,-2.36650015124,-2.36787687991,-2.36660507256
0.0748,-2.47667969716,-2.6145349639,-2.6183351725,-2.61463977207
0.07485,-2.47006678543,-2.85572906364,-2.86069802604,-2.85583307646
0.0749,-2.46265782323,-3.09015169298,-3.09456009165,-3.09025426055
0.07495,-2.45446535751,-3.31787176733,-3.32020653742,-3.31797227111
0.075,1.55449673791,-3.53895804952,-3.53851937192,-3.53905590142
0.07505,1.56421328587,-3.2596775579,-3.25681868795,-3.25975799351
0.0751,1.57466783156,-2.98609301406,-2.98200845009,-2.986157177
0.07515,1.58584267037,-2.71797267841,-2.71415062976,-2.71802166619
0.0752,1.5977188779,-2.45509271868,-2.45269707468,-2.45512758449
0.07525,1.61027634197,-2.19723716523,-2.1967011485,-2.19725891975
0.0753,1.62349379674,-1.94419786361,-1.94519215196,-1.94420747669
0.07535,1.63734885864,-1.69577442401,-1.69752056387,-1.69577282628
0.0754,1.65181806437,-1.4517741675,-1.45350799259,-1.451762252
0.07545,1.66687691056,-1.21201206898,-1.2133441343,-1.21199069267
0.0755,1.68249989529,-0.976310696575,-0.97730643032,-0.9762806818
0.07555,1.69866056129,-0.744500147454,-0.745467224857,-0.74446228338
0.0756,1.71533154074,-0.516417979858,-0.51755278828,-0.51637302383
0.07565,1.7324846016,-0.291909141298,-0.293030450244,-0.291857820162
0.0757,1.75009069545,-0.0708258928042,-0.071371917133,-0.0707689041737
0.07575,1.76812000665,0.146972270865,0.147658971877,0.147034257387
0.0758,1.78654200285,0.361618705111,0.363863816583,0.361685046757
0.07585,1.80532548671,0.573239703548,0.576707990041,0.573309783259
0.0759,1.8244386487,0.78195459026,0.785626554831,0.782027815604
0.07595,1.84384912098,0.987875816313,0.990388864299,0.987951618439
0.076,-2.13647596776,1.19110906052,1.19133168701,1.19118689316
0.07605,-2.11656993666,0.897951575066,0.895525952344,0.898016707729
0.0761,-2.09646649627,0.614489582011,0.610073335626,0.614543184227
0.07615,-2.07619969143,0.340508069061,0.335577325141,0.340551256215
0.0762,-2.05580384365,0.0757931297406,0.0720742629029,0.0758269648614
0.07625,-2.03531349297,-0.179868098061,-0.181091784513,-0.179842602556
0.0763,-2.01476333946,-0.426687484853,-0.425084564576,-0.42666936546
0.07635,-1.99418818447,-0.664875953782,-0.661165984953,-0.664864294261
0.0764,-1.9736228717,-0.894643516526,-0.890252582605,-0.894637446291
0.07645,-1.95310222817,-1.11619930103,-1.11264274182,-1.11619799358
0.0765,-1.93266100525,-1.32975157124,-1.32803313641,-1.32975424265
0.07655,-1.91233381983,-1.53550773917,-1.53580109619,-1.53551364657
0.0766,-1.89215509566,-1.73367436922,-1.73540332951,-1.73368280939
0.07665,-1.87215900509,-1.92445717537,-1.92669300165,-1.9244674833
0.0767,-1.85237941116,-2.10806101107,-2.11000871757,-2.10807255861
0.07675,-1.83284981031,-2.28468985235,-2.28601173835,-2.28470204684
0.0768,-1.81360327559,-2.45454677419,-2.45537742397,-2.45455905718
0.07685,-1.79467240069,-2.6178339205,-2.61851682018,-2.61784576649
0.0769,-1.77608924476,-2.77475246798,-2.77547979382,-2.77476338315
0.07695,-1.75788527805,-2.92550258393,-2.92608690331,-2.92551210496
0.077,2.25990867131,-3.07028337857,-3.070209369,-3.07029107144
0.07705,2.27726246955,-2.71549109234,-2.71423138059,-2.71548234532
0.0771,2.2941467283,-2.36731632485,-2.364737155,-2.36729243259
0.07715,2.31053285434,-2.02565365382,-2.02227001968,-2.02561586295
0.0772,2.32639309804,-1.69040378973,-1.68730858002,-1.69035330041
0.07725,2.34170060032,-1.36147332022,-1.35993057816,-1.36141128767
0.0773,2.35642943818,-1.03877445505,-1.03964854338,-1.038701991
0.07735,2.37055466857,-0.722224771733,-0.725519636553,-0.722142945821
0.0774,2.38405237065,-0.41174696204,-0.416495928249,-0.411656803172
0.07745,2.39689968627,-0.107268579524,-0.111857068377,-0.107171077159
0.0775,2.40907485871,0.191278211707,0.188481132749,0.191382106301
0.07755,2.42055726953,0.483956886793,0.483934967976,0.484066259337
0.0776,2.43132747343,0.770826808308,0.773519988828,0.77094078036
0.07765,2.44136723126,1.05194347263,1.05629573586,1.05206120047
0.0777,2.45065954085,1.32735875431,1.33178184809,1.32747942786
0.07775,2.45918866582,1.59712114816,1.60015500616,1.59724398996
0.0778,2.46694016224,1.861276009,1.86214408568,1.86140027324
0.07785,2.47390090308,2.11986578873,2.11868681962,2.11999076026
0.0779,2.48005910043,2.37293027057,2.37052248286,2.37305526399
0.07795,2.48540432548,2.62050680026,2.61791724157,2.62063115905
0.078,-1.51007247381,2.86263051404,2.86064306363,2.86275360971
0.07805,-1.50637895741,2.6055328037,2.60439638854,2.60563982911
0.0781,-1.50352138023,2.35523882468,2.35472405393,2.35533087841
0.07815,-1.50150458154,2.11147739518,2.11118848415,2.11155552749
0.0782,-1.50033197675,1.8739834315,1.87371898878,1.87404864625
0.07825,-1.50000555164,1.64249797326,1.6424378933,1.64255122972
0.0783,-1.50052585902,1.41676820866,1.41737083296,1.41681042333
0.07835,-1.50189201774,1.19654749964,1.19821231169,1.19657954795
0.0784,-1.50410171425,0.981595406405,0.984288684775,0.981618124408
0.07845,-1.50715120645,0.771677711252,0.774753641774,0.771691897258
0.0785,-1.51103533008,0.566566441307,0.56892235033,0.56657285744
0.07855,-1.51574750745,0.366039889888,0.366568093495,0.366039263618
0.0786,-1.52127975855,0.169882636297,0.168014392709,0.169875661907
0.07865,-1.52762271461,-0.0221144362786,-0.0260460313935,-0.0221270962652
0.0787,-1.53476563393,-0.210154124957,-0.214935424247,-0.210171838398
0.07875,-1.5426964201,-0.394432893713,-0.398400023589,-0.394455057517
0.0788,-1.55140164246,-0.575140862498,-0.576844376274,-0.575166901336
0.07885,-1.56086655885,-0.752461799165,-0.751269965641,-0.752491164233
0.0789,-1.5710751406,-0.926573114399,-0.922937989352,-0.926605282212
0.07895,-1.58201009964,-1.09764585985,-1.09290955647,-1.09768033109
0.079,2.40634708222,-1.26584472967,-1.26167611366,-1.26588102806
0.07905,2.39401612188,-0.937526306184,-0.935247068219,-0.937549771569
0.0791,2.38101790164,-0.618836355934,-0.618938515683,-0.618848228408
0.07915,2.36737443377,-0.309619524597,-0.311675055654,-0.309620990214
0.0792,2.35310882326,-0.00972157613863,-0.0126917513679,-0.00971376858279
0.07925,2.33824522869,0.281010769698,0.278246430011,0.281026767488
0.0793,2.32280882132,0.562729991051,0.560895505178,0.562753145305
0.07935,2.30682574244,0.835587908766,0.834805508381,0.835617233346
0.0794,2.29032305916,1.09973582237,1.0996590964,1.09977037729
0.07945,2.27332871848,1.35532463724,1.3554950237,1.3553635272
0.0795,2.25587150006,1.60250498296,1.60270602375,1.60254735594
0.07955,2.2379809674,1.8414273229,1.84182653802,1.84147236882
0.0796,2.21968741784,2.07224205512,2.07324030189,2.07228900447
0.07965,2.20102183121,2.29509960457,2.29698065271,2.29514772713
0.0797,2.18201581736,2.51015050662,2.51274517219,2.5101991102
0.07975,2.16270156269,2.71754548223,2.72012807968,2.71759391141
0.0798,2.14311177556,2.9174355044,2.91895124194,2.91748313938
0.07985,2.12327963096,3.1099718565,3.10951320211,3.11001811191
0.0799,2.1032387143,3.29530618216,3.2926093764,3.2953505059
0.07995,2.08302296456,3.47359052704,3.4692902017,3.4736323992
0.08,-1.93733338322,3.64497737256,3.64046015938,3.64501630435
0.08005,-1.9577958559,3.31581790226,3.31270725952,3.31583922906
0.0801,-1.97832980061,2.99225930699,2.9917488597,2.99226427251
0.08015,-1.99890044346,2.6741544774,2.67649203069,2.67414427939
0.0802,-2.01947294838,2.36136422913,2.36572804106,2.36134002103
0.08025,-2.04001247619,2.05375711482,2.05858707045,2.05372000734
0.0803,-2.06048424351,1.75120923348,1.75484469001,1.75116029614
0.08035,-2.08085358175,1.45360403726,1.45494007822,1.45354429987
0.0804,-2.10108599577,1.16083213576,1.15970446168,1.1607625898
0.08045,-2.12114722228,0.872791097848,0.869935669147,0.872712697879
0.0805,-2.14100328795,0.589385251266,0.586023189083,0.589298916205
0.08055,-2.16062056684,0.310525479928,0.307795091459,0.310432094316
0.0806,-2.1799658374,0.036129019168,0.0346422556873,0.0360294343747
0.08065,-2.19900633874,-0.233880750997,-0.234163509431,-0.233985715613
0.0807,-2.21770982607,-0.499574514448,-0.499132261766,-0.499684070429
0.08075,-2.23604462535,-0.761017229245,-0.76037343662,-0.761130617965
0.0808,-2.25397968689,-1.01826833945,-1.01765155895,-1.01838483109
0.08085,-2.27148463795,-1.27138198835,-1.27063296359,-1.27150088093
0.0809,-2.28852983418,-1.5204072329,-1.51917433028,-1.52052785132
0.08095,-2.30508640983,-1.76538825922,-1.76348379249,-1.76550995437
0.081,1.67887367341,-2.006364599,-2.00405722856,-2.0064867469
0.08105,1.66337757887,-1.7495695871,-1.74761593402,-1.7496773822
0.0811,1.64845154894,-1.50102786632,-1.50038660664,-1.50112240591
0.08115,1.6341208606,-1.26046528745,-1.26181590415,-1.26054761758
0.0812,1.62040978264,-1.0276113496,-1.03092182939,-1.02768246701
0.08125,1.60734153456,-0.802199234557,-0.806584442426,-0.802260088539
0.0813,1.59493824721,-0.583965845441,-0.587947007767,-0.584017339613
0.08135,1.58322092537,-0.372651849179,-0.374730604717,-0.372694843263
0.0814,1.57220941212,-0.16800172261,-0.167298473584,-0.168037034127
0.08145,1.56192235529,0.0302361981759,0.0335758535636,0.0302077922485
0.0815,1.55237717584,0.222309665568,0.227138146251,0.222287427185
0.08155,1.54359003837,0.408462465551,0.413083472553,0.40844569404
0.0816,1.53557582377,0.588934360542,0.591786125803,0.588922391081
0.08165,1.52834810397,0.763961030251,0.76422385109,0.763953232397
0.0817,1.521919119,0.933774010898,0.93163680473,0.933769787155
0.08175,1.51629975624,1.09860063309,1.09508662622,1.09859941752
0.0818,1.51149953199,1.25866395868,1.25512341514,1.25866521554
0.08185,1.50752657535,1.41418271688,1.41170864475,1.41418593934
0.0819,1.50438761446,1.56537124002,1.56441181155,1.56537594886
0.08195,1.50208796511,1.71243939912,1.71276445238,1.71244514153
0.082,-2.4993684783,1.85559253971,1.85658436884,1.85559888806
0.08205,-2.4999792493,1.50122965865,1.5023076539,1.50122200351
0.0821,-2.49974331356,1.15554062835,1.15647621653,1.15552026251
0.08215,-2.49866107062,0.818415816986,0.819372096792,0.818383981101
0.0822,-2.49673435326,0.489748250242,0.491042558811,0.489706134389
0.08225,-2.49396642433,0.169433368741,0.171181321312,0.169382113959
0.0823,-2.49036197129,-0.142631208115,-0.140761453183,-0.142690508347
0.08235,-2.4859270982,-0.4465459118,-0.44529855247,-0.446612210134
0.0824,-2.48066931546,-0.742409447683,-0.742610786179,-0.742481741512
0.08245,-2.47459752704,-1.03031901125,-1.03240910078,-1.03039634136
0.0825,-2.46772201541,-1.31037049741,-1.31404751807,-1.3104519467
0.08255,-2.46005442415,-1.5826587028,-1.58684951069,-1.58274339501
0.0826,-2.45160773818,-1.84727752094,-1.8504935464,-1.84736461942
0.08265,-2.44239626184,-2.10432013007,-2.1052626452,-2.10440883661
0.0827,-2.43243559461,-2.35387917377,-2.35202138826,-2.35396872744
0.08275,-2.42174260472,-2.59604693398,-2.59191451308,-2.59613661002
0.0828,-2.41033540058,-2.83091549658,-2.82591917866,-2.83100460534
0.08285,-2.39823330009,-3.05857690933,-3.05445860483,-3.0586647952
0.0829,-2.38545679798,-3.27912333215,-3.27725916566,-3.27920937253
0.08295,-2.37202753104,-3.49264717959,-3.49351788675,-3.49273078393
0.083,1.64203175849,-3.69924125553,-3.70229937082,-3.69932186436
0.08305,1.65669726142,-3.40519712066,-3.40917185294,-3.40525999878
0.0831,1.67194414197,-3.11660249855,-3.12008019143,-3.11664881931
0.08315,1.68774657979,-2.83325106895,-2.83525064211,-2.83328196006
0.0832,1.7040778137,-2.55494479316,-2.5552288626,-2.55496133848
0.08325,1.72091018704,-2.2814938258,-2.28050190163,-2.28149706703
0.0833,1.73821519444,-2.01271642299,-2.01119954398,-2.01270736131
0.08335,1.75596353016,-1.74843884712,-1.74701648811,-1.74841844481
0.0834,1.77412513768,-1.488495268,-1.4873755881,-1.48846444993
0.08345,1.79266926062,-1.23272766028,-1.23172546712,-1.23268731542
0.0835,1.81156449479,-0.980985697156,-0.979799080157,-0.980936679992
0.08355,1.83077884144,-0.73312664028,-0.731686962933,-0.733069772148
0.0836,1.85027976137,-0.489015225778,-0.487684320246,-0.488951296206
0.08365,1.87003423009,-0.248523546432,-0.247998239328,-0.248453314398
0.0837,1.89000879374,-0.0115309299528,-0.0124823054179,-0.0114551250945
0.08375,1.9101696257,0.222076186645,0.219442999753,0.222156862859
0.0838,1.93048258395,0.452404386557,0.448621191932,0.452489259709
0.08385,1.95091326881,0.679553406582,0.675812071576,0.679641828231
0.0839,1.97142708126,0.903616274353,0.901336576803,0.903707621003
0.08395,1.99198928148,1.12467944938,1.12490039868,1.12477312149
0.084,-1.98743495228,1.34282296782,1.34570114626,1.34291838887
0.08405,-1.96688046474,1.06431883157,1.06898353634,1.06440124127
0.0841,-1.9463820646,0.795228447466,0.800083357342,0.795298986095
0.08415,-1.92597446556,0.535312465134,0.5386637981,0.535372219393
0.0842,-1.90569222756,0.284333158348,0.285067785215,0.284383163212
0.08425,-1.88556969825,0.0420544039279,0.0400657725778,0.0420956444297
0.0843,-1.86564095479,-0.191758331637,-0.195580195629,-0.191724918658
0.08435,-1.84593974619,-0.417337998046,-0.421531822532,-0.417311522249
0.0844,-1.82649943614,-0.63491595978,-0.638079229315,-0.63489557567
0.08445,-1.80735294647,-0.84472198767,-0.846051127581,-0.844706892989
0.0845,-1.78853270146,-1.0469842437,-1.0464908297,-1.04697367787
0.08455,-1.77007057288,-1.24192925932,-1.24026824769,-1.24192250188
0.0846,-1.75199782606,-1.42978190745,-1.42781963771,-1.42977827664
0.08465,-1.7343450669,-1.61076536864,-1.60913185063,-1.61076421988
0.0847,-1.71714219005,-1.78510109136,-1.7839569736,-1.7851018159
0.08475,-1.70041832831,-1.95300874703,-1.95212491517,-1.95301077056
0.0848,-1.68420180327,-2.11470617983,-2.11377641766,-2.11470896112
0.08485,-1.66852007735,-2.27040935164,-2.26938905019,-2.27041238127
0.0849,-1.65339970729,-2.42033228248,-2.41958605363,-2.42033508156
0.08495,-1.63886629921,-2.56468698663,-2.56483964763,-2.56468910558
0.085,2.37505553482,-2.70368340482,-2.70524166215,-2.70368442216
0.08505,2.38834221838,-2.34372757325,-2.34668024678,-2.34371288856
0.0851,2.4009712507,-1.99101883589,-1.99465409248,-1.99098975388
0.08515,2.41292124472,-1.64545944869,-1.6485378584,-1.64541722476
0.0852,2.42417196331,-1.30695672115,-1.30819732748,-1.30690256298
0.08525,2.43470435357,-0.975422749562,-0.974088684455,-0.975357818583
0.0853,2.44450057906,-0.650774152692,-0.647074563166,-0.650699565543
0.08535,2.45354405004,-0.332931809893,-0.328028247131,-0.33284863981
0.0854,2.46181945153,-0.0218206020287,-0.0174074091202,-0.0217298801906
0.08545,2.46931276928,0.282630844699,0.284999099341,0.282728127878
0.0855,2.47601131347,0.580490411795,0.580026550271,0.580593305419
0.08555,2.48190374023,0.871822738204,0.868808388223,0.871930329689
0.0856,2.48698007083,1.15668946652,1.15232018405,1.15680088044
0.08565,2.49123170858,1.4351494855,1.43100550245,1.43526388246
0.0857,2.49465145341,1.70725916866,1.70465309079,1.70737574424
0.08575,2.49723351403,1.97307260881,1.97257072959,1.97319059249
0.0858,2.49897351777,2.23264184826,2.23395801757,2.23276050244
0.08585,2.49986851796,2.48601710459,2.48828948833,2.48613572362
0.0859,2.49991699892,2.7332469917,2.73552470338,2.73336490095
0.08595,2.49911887857,2.97437873616,2.97605812381,2.9744952911
0.086,-1.50252449151,3.20945838832,3.21045754507,3.20957297368
0.08605,-1.50501032828,2.94472926899,2.94534359285,2.94482709204
0.0861,-1.50833442203,2.68622945727,2.6867869288,2.68631163217
0.08615,-1.51249114345,2.43370166781,2.43424083855,2.43376926156
0.0862,-1.51747345321,2.18689566259,2.18706827095,2.18694969689
0.08625,-1.52327291384,1.94556825102,1.94483496947,1.94560970408
0.0863,-1.52987970405,1.70948328851,1.70749812521,1.70951309681
0.08635,-1.53728263536,1.47841167334,1.47537212256,1.47843073332
0.0864,-1.545469171,1.25213134154,1.24887341534,1.25214051126
0.08645,-1.55442544723,1.03042725962,1.02816970669,1.03042736032
0.0865,-1.56413629673,0.813091414745,0.812918910044,0.813083232409
0.08655,-1.57458527434,0.599922802357,0.602247230827,0.599907089174
0.0866,-1.58575468487,0.390727410879,0.394999290817,0.390704886684
0.08665,-1.59762561313,0.185318203376,0.190154729169,0.185289557027
0.0867,-1.61017795588,-0.0164849040378,-0.0127840759621,-0.0165190133273
0.08675,-1.62339045593,-0.21485506721,-0.213622515001,-0.214894008582
0.0868,-1.63724073813,-0.409958542545,-0.41161100519,-0.41000171226
0.08685,-1.65170534725,-0.601954719341,-0.605830921109,-0.602001539581
0.0869,-1.66675978771,-0.790996155999,-0.795651358807,-0.791046073721
0.08695,-1.68237856506,-0.977228620253,-0.981045526806,-0.977281106078
0.087,2.30146477084,-1.16079113352,-1.16262498484,-1.16084568066
0.08705,2.28479758105,-0.848014260033,-0.847585426897,-0.848056177441
0.0871,2.26764809118,-0.545017446984,-0.542896727932,-0.545047943498
0.08715,2.25004534361,-0.251618763971,-0.24885075211,-0.251638994107
0.0872,2.23201914831,0.0323628128169,0.0347850916692,0.0323517471535
0.08725,2.21360003235,0.307107517753,0.308649775194,0.307104565584
0.0873,2.19481918821,0.572794903787,0.573486201382,0.572799063434
0.08735,2.17570842093,0.829603941417,0.829825625192,0.829614258909
0.0874,2.15630009429,1.07771310869,1.07782722287,1.07772867622
0.08745,2.13662707597,1.31730047233,1.31735030249,1.31732042677
0.0875,2.11672268193,1.54854376013,1.54820728207,1.54856728152
0.08755,2.09662061991,1.7716204246,1.7704463554,1.77164673479
0.0876,2.07635493245,1.98670769821,1.98449614463,1.98673605941
0.08765,2.05595993915,2.19398264008,2.19107945968,2.19401235355
0.0877,2.03547017859,2.39362217451,2.39093021165,2.39365257923
0.08775,2.01492034987,2.58580312132,2.5844594372,2.5858335927
0.0878,1.99434525378,2.77070221824,2.77155327513,2.7707321669
0.08785,1.9737797339,2.94849613554,2.95162610057,2.94852500603
0.0879,1.95325861762,3.1193614829,3.12392452236,3.11938875259
0.08795,1.93281665712,3.28347480898,3.28794716296,3.28349998684
0.088,-2.08751152949,3.44101259358,3.44377863977,3.44103521907
0.08805,-2.10769151674,3.09834947341,3.09836799773,3.09835490953
0.0881,-2.12768913015,2.76165550751,2.7589033533,2.7616450249
0.08815,-2.1474705041,2.43080583109,2.42629304041,2.43078065364
0.0882,-2.16700213914,2.10568284296,2.10103074469,2.10564414949
0.08825,-2.18625095877,1.78617598108,1.7829515898,1.78612490683
0.0883,-2.20518436543,1.47218149647,1.47128984705,1.47211913461
0.08835,-2.22377029569,1.16360222593,1.1650013638,1.163529629
0.0884,-2.24197727459,0.860347363463,0.863189286285,0.860265544727
0.08845,-2.2597744689,0.562332230672,0.565428939378,0.562242165471
0.0885,-2.27713173937,0.269478046261,0.271846268659,0.269380673268
0.08855,-2.29401969173,-0.0182883052479,-0.0170676051216,-0.0183920828003
0.0886,-2.31040972652,-0.301034505371,-0.300791553434,-0.301143818513
0.08865,-2.32627408748,-0.578823033943,-0.579076678254,-0.578937046843
0.0887,-2.34158590857,-0.851711401645,-0.85206074835,-0.851829310521
0.08875,-2.35631925946,-1.11975238259,-1.12014715261,-1.11987341467
0.0888,-2.37044918948,-1.38299424679,-1.3837297266,-1.38311765931
0.08885,-2.3839517698,-1.64148099227,-1.64292754437,-1.64160607154
0.0889,-2.39680413404,-1.89525257675,-1.89748689256,-1.89537863718
0.08895,-2.40898451691,-2.1443451485,-2.14691510648,-2.14447153177
0.089,1.57952770885,-2.38879127637,-2.39078182466,-2.38891735055
0.08905,1.56875199761,-2.13481841918,-2.13522440693,-2.13492937209
0.0891,1.55870659787,-1.88844644048,-1.88668428875,-1.88854336404
0.08915,1.54940852134,-1.64939751662,-1.64569426535,-1.64948145286
0.0892,1.54087351416,-1.41739858335,-1.41283734439,-1.4174705263
0.08925,1.53311603023,-1.19218137455,-1.18834115554,-1.19224227208
0.0893,1.52614920673,-0.973482463246,-0.971810336296,-0.973533218909
0.08935,1.51998484185,-0.761043304729,-0.762237333518,-0.761084779498
0.0894,1.51463337485,-0.55461028128,-0.558299716423,-0.554643295249
0.08945,1.51010386835,-0.353934748296,-0.358812344629,-0.353960082333
0.0895,1.506403993,-0.158773081444,-0.163125518923,-0.158791478797
0.08955,1.50354001448,0.031113275445,0.028715368686,0.0311011075984
0.0896,1.50151678287,0.215957762069,0.216118888786,0.215951151112
0.08965,1.50033772451,0.395988653226,0.398328042771,0.39598695964
0.0897,1.5000048361,0.571429010569,0.574847193255,0.571431626521
0.08975,1.50051868138,0.742496634834,0.745715243872,0.7425029828
0.0898,1.50187839017,0.909404018833,0.911507772957,0.909413550269
0.08985,1.50408165981,1.07235830149,1.07308842939,1.07237049554
0.0899,1.50712475912,1.23156122317,1.23125196335,1.23157558544
0.08995,1.51100253464,1.38720908266,1.38644675848,1.38722514398
0.09,-2.48429158056,1.53949269591,1.53871273781,1.53951001117
0.09005,-2.47876555584,1.19479559746,1.19404862164,1.19479953866
0.0901,-2.47242874942,0.859291290872,0.858300724306,0.859283131177
0.09015,-2.46529189258,0.532852896673,0.531314604209,0.532833856056
0.0902,-2.45736707147,0.21535534326,0.213287866438,0.215326590131
0.09025,-2.44866770666,-0.0933248449772,-0.0954055067231,-0.0933621922083
0.0903,-2.43920853036,-0.393309751799,-0.394524528954,-0.393354623206
0.09035,-2.42900556155,-0.684720265406,-0.684232819765,-0.684771638075
0.0904,-2.41807607879,-0.967676266809,-0.965172889209,-0.96773316341
0.09045,-2.40643859097,-1.24229681019,-1.23828213393,-1.24235829759
0.0905,-2.394112806,-1.50870029521,-1.50442493389,-1.50876548313
0.09055,-2.38111959738,-1.76700463117,-1.76401724715,-1.76707267089
0.0906,-2.36748096892,-2.01732739303,-2.01683461318,-2.01739747609
0.09065,-2.3532200174,-2.2597859692,-2.2621114989,-2.25985732621
0.0907,-2.33836089351,-2.49449770105,-2.49889935196,-2.49456960047
0.09075,-2.32292876095,-2.72158001422,-2.7265225286,-2.72165176119
0.0908,-2.30694975377,-2.94115054154,-2.94492010239,-2.94122147677
0.09085,-2.29045093216,-3.15332723777,-3.15471390112,-3.15339673641
0.0909,-2.27346023662,-3.35822848591,-3.35697360043,-3.35829595653
0.09095,-2.2560064406,-3.55597319538,-3.55279378786,-3.55603807886
0.091,1.76188089817,-3.74668089178,-3.74288441308,-3.74674266034
0.09105,1.78017148777,-3.4366700391,-3.43356121612,-3.43671398946
0.0911,1.79883435338,-3.13205540032,-3.1304208414,-3.13208273788
0.09115,1.81783788976,-2.83265778479,-2.83255584917,-2.83266966942
0.0912,1.83714991471,-2.53830632781,-2.53922377404,-2.53830387554
0.09125,1.85673772364,-2.24883835622,-2.25008880913,-2.24882264093
0.0913,1.8765681449,-1.96409925069,-1.96522680378,-1.96407130566
0.09135,1.89660759601,-1.68394230449,-1.68491095359,-1.68390312398
0.0914,1.91682214048,-1.40822857889,-1.4093109643,-1.40817911957
0.09145,1.9371775453,-1.13682675502,-1.13828029596,-1.13676793744
0.0915,1.95763933893,-0.869612982377,-0.87135350416,-0.86954569229
0.09155,1.97817286965,-0.606470723866,-0.607957430924,-0.606395813559
0.0916,1.99874336426,-0.347290597468,-0.347719220349,-0.347208887022
0.09165,2.01931598697,-0.0919702145826,-0.090695430185,-0.0918824930875
0.0917,2.03985589836,0.15958598491,0.162617851354,0.159678958197
0.09175,2.06032831444,0.407466900804,0.411521115712,0.40756439534
0.0918,2.08069856549,0.651754943847,0.655488927053,0.651856256734
0.09185,2.10093215484,0.89252621007,0.894501775078,0.892630665026
0.0919,2.12099481722,1.12985065805,1.12915743635,1.12995760443
0.09195,2.14085257684,1.36379228903,1.36048996228,1.36390110088
0.092,-1.8395281951,1.59440932972,1.58956779626,1.59451940487
0.09205,-1.82018072343,1.32795265829,1.32325260648,1.32804921163
0.0921,-1.80113777278,1.07046327941,1.06752627947,1.07054742727
0.09215,-1.78243159209,0.821682196576,0.821427892052,0.821755002616
0.0922,-1.76409385996,0.581352826797,0.583667680621,0.581415303886
0.09225,-1.74615563106,0.349221011397,0.353074885733,0.349274123447
0.0923,-1.72864728347,0.125035033189,0.128971863501,0.125079696935
0.09235,-1.7115984673,-0.0914543602836,-0.0886944052856,-0.0914172735542
0.0924,-1.69503805445,-0.300493927732,-0.299510032288,-0.300463590493
0.09245,-1.6789940897,-0.502327899619,-0.502946613874,-0.502303526469
0.0925,-1.66349374325,-0.69719793848,-0.698724322622,-0.697178784544
0.09255,-1.64856326468,-0.88534309435,-0.887007411443,-0.885328453732
0.0926,-1.63422793851,-1.06699975562,-1.0683490554,-1.06698895989
0.09265,-1.6205120414,-1.24240159563,-1.24343615034,-1.24239401236
0.0927,-1.60743880099,-1.41177951524,-1.4127870768,-1.41177454657
0.09275,-1.59503035659,-1.57536158184,-1.57657406668,-1.57535866309
0.0928,-1.58330772171,-1.73337296491,-1.7346684391,-1.73337156322
0.09285,-1.57229074843,-1.88603586859,-1.88688148994,-1.88603548163
0.0929,-1.56199809384,-2.03356946156,-2.03326324603,-2.03356961623
0.09295,-1.55244718836,-2.1761898044,-2.17428477826,-2.1761900556
0.093,2.4563457937,-2.31410977494,-2.31078766994,-2.31410970435
0.09305,2.46436596157,-1.95373723235,-1.94990553927,-1.95372224139
0.0931,2.47159973321,-1.60127222628,-1.59828932638,-1.60124362018
0.09315,2.47803485837,-1.25661659993,-1.25574034217,-1.25657563328
0.0932,2.48366043925,-0.91967613228,-0.921483877819,-0.919624010636
0.09325,2.48846694903,-0.590360273984,-0.594422219875,-0.590298155327
0.0933,2.49244624796,-0.268581887454,-0.273562499106,-0.268510883658
0.09335,2.49559159716,0.0457430086087,0.0415790039669,0.0458218303736
0.0934,2.49789767004,0.352695490079,0.350789210119,0.352781105998
0.09345,2.4993605613,0.65235397349,0.653279509147,0.652445401796
0.0935,2.49997779355,0.944794457153,0.948061023263,0.944890756865
0.09355,2.49974832153,1.23009075714,1.23439821738,1.23019102684
0.0936,2.49867253384,1.50831473796,1.51213055929,1.50841811463
0.09365,2.4967522523,1.77953653776,1.78171980729,1.7796421956
0.0937,2.49399072889,2.04382478785,2.04401604511,2.04393193725
0.09375,2.4903926402,2.30124682653,2.29987052693,2.30135471292
0.0938,2.48596407954,2.55186890679,2.54979076404,2.55197680969
0.09385,2.48071254659,2.79575639808,2.79380121211,2.79586363004
0.0939,2.47464693475,3.0329739817,3.03156033937,3.03307988737
0.09395,2.46777751603,3.26358583987,3.2626512057,3.26368979505
0.094,-1.53988407632,3.4876558382,3.48687701343,3.48775724897
0.09405,-1.54832486751,3.21144594219,3.21059677751,3.2115300381
0.0941,-1.55753056321,2.94101367343,2.94023068448,2.9410815919
0.09415,-1.56748557372,2.67612195398,2.67590583998,2.67617478617
0.0942,-1.57817304039,2.41654148397,2.41747665907,2.41658027656
0.09425,-1.58957486417,2.16205070613,2.16439232984,2.16207646315
0.0943,-1.60167173625,1.91243576783,1.91580313188,1.91244945233
0.09435,-1.61444317078,1.66749048013,1.67086602288,1.66749301587
0.0944,-1.62786753955,1.42701627393,1.42909767037,1.42700854694
0.09445,-1.64192210859,1.1908221528,1.19058754522,1.19080501295
0.0945,-1.65658307673,0.958724642568,0.95594572947,0.958698905028
0.09455,-1.67182561585,0.730547737318,0.725990240407,0.730514184011
0.0946,-1.68762391297,0.506122841773,0.501311607471,0.506082222743
0.09465,-1.70395121392,0.285288709914,0.28192014852,0.285241744662
0.0947,-1.72077986868,0.0678913797133,0.067148016997,0.067838758477
0.09475,-1.7380813782,-0.146215896112,-0.144141416201,-0.146273511126
0.0948,-1.75582644266,-0.357172723423,-0.353131309263,-0.35723469685
0.09485,-1.77398501107,-0.565111644122,-0.56061237398,-0.565177366302
0.0949,-1.7925263322,-0.770158217833,-0.766729321456,-0.770227103712
0.09495,-1.81141900661,-0.97243110785,-0.971022717821,-0.972502595926
0.095,2.16936896012,-1.17204217138,-1.17273248925,-1.1721157227
0.09505,2.14987010327,-0.875294794724,-0.877404070461,-0.87535568603
0.0951,2.13011744383,-0.588281279354,-0.590798296724,-0.588330687367
0.09515,2.11014443262,-0.310792627424,-0.312876370106,-0.310831674631
0.0952,2.08998489359,-0.0426208717404,-0.0439241744123,-0.0426506281822
0.09525,2.06967296661,0.216440995744,0.21576601956,0.216419510742
0.0953,2.04924304959,0.466599086609,0.466175329918,0.466584902754
0.09535,2.02872974027,0.708058669962,0.707650428398,0.708050864347
0.0954,2.00816777759,0.941024217901,0.940766429364,0.941021913415
0.09545,1.98759198292,1.16569944263,1.16604629796,1.1657018064
0.0955,1.96703720102,1.38228732539,1.38370234044,1.38229356726
0.09555,1.94653824109,1.59099013741,1.59355503219,1.59099950848
0.0956,1.92612981778,1.79200945302,1.79518909738,1.79202124419
0.09565,1.90584649243,1.98554615521,1.98827631763,1.9855596958
0.0957,1.88572261451,2.17180043376,2.17289799772,2.17181509014
0.09575,1.86579226348,2.3509717762,2.34968950339,2.35098695046
0.0958,1.84608919108,2.52325895184,2.51971275635,2.52327408048
0.09585,1.82664676414,2.688859989,2.68409908412,2.68887454169
0.0959,1.80749790809,2.84797214583,2.84362509156,2.84798562417
0.09595,1.7886750512,3.0007918748,2.99842597873,3.00080381113
0.096,-2.22978993031,3.14751478127,3.14799078855,3.14752473747
0.09605,-2.24786576631,2.79453381673,2.79764888262,2.79452717727
0.0961,-2.26552184565,2.44803651337,2.4526183451,2.4480145693
0.09615,-2.28272826806,2.10791460814,2.11232086692,2.1078786028
0.0962,-2.29945589474,1.77406620226,1.77685743365,1.77401733278
0.09625,-2.31567639772,1.44639551002,1.44687704398,1.44633492888
0.0963,-2.33136230785,1.12481260776,1.12321451457,1.12474142425
0.09635,-2.34648706129,0.809233183152,0.806478182228,0.809152464723
0.0964,-2.36102504451,0.499578284832,0.496783914696,0.499489058517
0.09645,-2.37495163768,0.19577407277,0.193750290256,0.19567732645
0.0965,-2.38824325634,-0.102248430624,-0.103265517624,-0.10235174696
0.09655,-2.40087739135,-0.394553588361,-0.394830988988,-0.394662561416
0.0966,-2.412832647,-0.681201395563,-0.681183662544,-0.681315147569
0.09665,-2.42408877727,-0.962247724758,-0.962188614996,-0.962365412365
0.0967,-2.43462672008,-1.23774456959,-1.23751839282,-1.2378653828
0.09675,-2.44442862959,-1.50774028677,-1.50694367734,-1.50786344788
0.0968,-2.45347790643,-1.77227983597,-1.77056283492,-1.77240459863
0.09685,-2.4617592258,-2.03140501764,-2.0288319758,-2.03153066585
0.0969,-2.46925856342,-2.2851547083,-2.28236654336,-2.28528055552
0.09695,-2.47596321927,-2.5335650933,-2.5316129876,-2.53369048157
0.097,1.51813816085,-2.77666989676,-2.77656686552,-2.77679419583
0.09705,1.51305556619,-2.52069884902,-2.52289743904,-2.52080724971
0.0971,1.50879760401,-2.27167519751,-2.27573980925,-2.27176879608
0.09715,1.50537148512,-2.02932560917,-2.03399033774,-2.02940545327
0.0972,1.50278301159,-1.79338260937,-1.79700454893,-1.79344969995
0.09725,1.50103656696,-1.56358461118,-1.5648070416,-1.56363990435
0.0973,1.5001351088,-1.33967594515,-1.33800423909,-1.33972035394
0.09735,1.50008016372,-1.12140688918,-1.11743050199,-1.12144128532
0.0974,1.50087182477,-0.9085336984,-0.903687986042,-0.908558913964
0.09745,1.50250875128,-0.700818634522,-0.696793297036,-0.700835463589
0.0975,1.50498817114,-0.498029994548,-0.496092903726,-0.498039194766
0.09755,1.5083058855,-0.299942138461,-0.30047973599,-0.299944432583
0.0976,1.51245627586,-0.106335515669,-0.108799857282,-0.106331593035
0.09765,1.51743231361,0.0830033100888,0.0797484516665,0.0830127921249
0.0977,1.52322557189,0.268281637631,0.265408658464,0.268296052308
0.09775,1.52982623994,0.449700607251,0.447935742925,0.449719357064
0.0978,1.53722313961,0.627455181924,0.626884843336,0.627477697327
0.09785,1.54540374438,0.801734131029,0.801956444217,0.801759869183
0.0979,1.55435420053,0.972720016806,0.973217006571,0.97274846037
0.09795,1.56405935061,1.14058918377,1.14108902017,1.14061983973
0.098,-2.4254972409,1.30551175128,1.30613219466,1.30554414983
0.09805,-2.41433325974,0.97384985003,0.974948372307,0.973869337605
0.0981,-2.40246761192,0.651754908683,0.653583753274,0.65176273212
0.09815,-2.38992039175,0.339077339214,0.341459060675,0.339074691424
0.0982,-2.37671284771,0.0356687662923,0.0379052996998,0.0356567879248
0.09825,-2.36286734659,-0.258618145152,-0.257512734836,-0.258638364095
0.0983,-2.3484073355,-0.543929853661,-0.544762329628,-0.543957272259
0.09835,-2.33335730225,-0.820412096258,-0.823338975125,-0.820445721154
0.0984,-2.31774273382,-1.08821003474,-1.09251775313,-1.08824891866
0.09845,-2.30159007322,-1.34746839322,-1.35175082973,-1.34751163353
0.0985,-2.28492667474,-1.59833158696,-1.60101898494,-1.5983783243
0.09855,-2.26778075755,-1.84094384251,-1.8409578893,-1.84099325938
0.0986,-2.250181358,-2.07544930911,-2.07268433256,-2.07550062861
0.09865,-2.23215828038,-2.30199216149,-2.29739287278,-2.302044646
0.0987,-2.21374204648,-2.52071669406,-2.51590697814,-2.52076964399
0.09875,-2.19496384389,-2.73176740651,-2.72839341081,-2.73182015909
0.0988,-2.1758554732,-2.93528908092,-2.93437137869,-2.93534100904
0.09885,-2.15644929413,-3.13142685053,-3.13300689963,-3.13147736152
0.0989,-2.13677817071,-3.32032626,-3.32354781412,-3.32037479458
0.09895,-2.11687541568,-3.5021333176,-3.50569248183,-3.50217934873
0.099,1.90322526597,-3.67699453909,-3.67972507313,-3.67703757092
0.09905,1.92348983407,-3.35125522422,-3.35256890888,-3.35128058518
0.0991,1.94388397088,-3.03105677184,-3.03105075979,-3.03106569882
0.09915,1.96437313928,-2.71624638226,-2.71546896989,-2.71624006631
0.0992,1.98492264119,-2.40667929203,-2.40571833443,-2.40665888001
0.09925,2.00549767636,-2.10221859546,-2.10135481178,-2.10218519164
0.0993,2.02606340131,-1.80273506312,-1.80184882849,-1.80268973076
0.09935,2.04658498831,-1.50810695775,-1.50687423476,-1.50805072055
0.0994,2.06702768439,-1.21821984727,-1.21646459155,-1.2181536908
0.09945,2.08735687017,-0.932966415239,-0.930944197922,-0.932891288296
0.0995,2.10753811851,-0.652246268609,-0.650667427732,-0.652163084576
0.09955,2.12753725279,-0.37596574311,-0.375709299192,-0.375875381192
0.0996,2.14732040481,-0.104037706166,-0.105684032052,-0.103941012612
0.09965,2.16685407211,0.163618642442,0.160192804217,0.16372085317
0.0997,2.18610517475,0.427077972077,0.422808797425,0.427184916184
0.09975,2.20504111129,0.686409024775,0.682761894505,0.686519948059
0.0998,2.22362981405,0.941674820664,0.94006610553,0.941788997485
0.09985,2.24183980334,1.19293286513,1.19411225159,1.19304959742
0.0999,2.25964024085,1.44023535756,1.44391944283,1.44035397388
0.09995,2.27700098183,1.68362940153,1.68857012199,1.68374925617
0.1,-1.70610737385,1.92315721626,1.9276284198,1.92327768834
0.10005,-1.68971343193,1.66505458966,1.66754396418,1.66516087648
0.1001,-1.67384495528,1.41534837896,1.41514617417,1.41544158036
0.10015,-1.65852881689,1.17376640699,1.1711937639,1.17384757129
0.1002,-1.64379095442,0.940039899179,0.936232157262,0.940110025096
0.10025,-1.62965632618,0.713903515014,0.710272052521,0.713963553507
0.1003,-1.61614886894,0.49509538414,0.492733402829,0.495146240216
0.10035,-1.60329145736,0.283357146805,0.282663100781,0.283399681264
0.1004,-1.59110586525,0.0784339982909,0.0791017322045,0.0784690294337
0.10045,-1.57961272873,-0.119925262953,-0.118591134356,-0.119896957674
0.1005,-1.56883151122,-0.311968183828,-0.310611261846,-0.311945866197
0.10055,-1.55878047055,-0.497938602049,-0.49683038832,-0.497921571527
0.1006,-1.54947662799,-0.678076588892,-0.677078787553,-0.678064181098
0.10065,-1.54093573945,-0.852618389537,-0.851422867239,-0.85260997477
0.1007,-1.53317226879,-1.02179636132,-1.02027928031,-1.02179134313
0.10075,-1.5261993633,-1.18583891023,-1.18430052718,-1.18583672402
0.1008,-1.52002883151,-1.34497042593,-1.34409541913,-1.3449705376
0.10085,-1.51467112309,-1.49941121564,-1.49994253796,-1.4994131203
0.1009,-1.51013531125,-1.64937743721,-1.65166496025,-1.64938065788
0.10095,-1.50642907731,-1.7950810316,-1.79875325487,-1.79508511798
0.101,2.49644130228,-1.93672965523,-1.94069243352,-1.9367341825
0.10105,2.49847096659,-1.58072485281,-1.58353367615,-1.58071521463
0.1011,2.49965647841,-1.23325927734,-1.23371938096,-1.23323676985
0.10115,2.4999958301,-0.894226305536,-0.891946542153,-0.894192173013
0.1012,2.49948844696,-0.563522194516,-0.559152732178,-0.563477630932
0.10125,2.49813518825,-0.241045833761,-0.236068916583,-0.240991984301
0.1013,2.49593834568,0.0733014968944,0.0771501412638,0.0733635343584
0.10135,2.49290163957,0.379616363121,0.381042212105,0.379685536604
0.1014,2.48903021254,0.677993405648,0.676644462674,0.678068707676
0.10145,2.48433062078,0.968525563377,0.965082132185,0.968606029648
0.1015,2.47881082298,1.2513042899,1.24713287585,1.251388998
0.10155,2.47248016682,1.52641976333,1.52296790756,1.52650783147
0.1016,2.46534937317,1.79396108923,1.79218057557,1.79405167504
0.10165,2.45743051791,2.05401649664,2.05407109273,2.05410879601
0.1017,2.44873701149,2.306673527,2.30803427128,2.30676677291
0.10175,2.43928357623,2.55201921586,2.55385550213,2.55211267732
0.1018,2.42908622137,2.79014026734,2.79177752411,2.79023324827
0.10185,2.41816221595,3.02112322117,3.02232491021,3.0212150594
0.1019,2.40653005961,3.24505461227,3.24599924102,3.24514467852
0.10195,2.39420945121,3.46202112281,3.46302057702,3.46210881972
0.102,-1.61877874449,3.6721097266,3.67325883884,3.67219448774
0.10205,-1.63241253221,3.38160606636,3.38258868384,3.38167314952
0.1021,-1.64666882333,3.09659186997,3.09677762534,3.09664244137
0.10215,-1.66152347506,2.81685475375,2.81565255374,2.8168899339
0.1022,-1.67695133129,2.54219055824,2.53947030054,2.54221142374
0.10225,-1.69292626521,2.27240327025,2.26874117253,2.27241085548
0.1023,-1.7094212235,2.00730494151,2.0038839552,2.00730024031
0.10235,-1.72640827224,1.74671560397,1.74488510917,1.74669957122
0.1024,-1.74385864412,1.49046318147,1.49114394582,1.49043673464
0.10245,-1.76174278724,1.23838339773,1.24159972616,1.2383474184
0.1025,-1.78003041507,0.990319680698,0.995097618715,0.990275015947
0.10255,-1.79869055783,0.746123062959,0.750828223586,0.746070526758
0.1026,-1.81769161486,0.505652078364,0.508632533496,0.505592452905
0.10265,-1.83700140818,0.268772654685,0.269023946183,0.268706691655
0.1027,-1.85658723697,0.0353580023363,0.0329128458524,0.0352864241457
0.10275,-1.87641593294,-0.194711500891,-0.198838647863,-0.194787999932
0.1028,-1.89645391653,-0.421548429084,-0.425824263442,-0.421629181632
0.10285,-1.91666725373,-0.645258431453,-0.648277522051,-0.645342796045
0.1029,-1.93702171358,-0.865940359551,-0.866957462561,-0.866027719562
0.10295,-1.95748282614,-1.08368639845,-1.0828064903,-1.0837761611
0.103,2.02198405916,-1.29858220184,-1.2965567535,-1.29867379721
0.10305,2.00141371481,-1.01690527155,-1.01467508831,-1.01698394584
0.1031,1.98084097636,-0.744722387506,-0.742958608056,-0.744789287316
0.10315,1.9603006834,-0.481799436423,-0.480672440801,-0.48185565462
0.1032,1.9398276206,-0.227903784332,-0.227171455297,-0.227950361878
0.10325,1.91945645874,0.0171957531637,0.0178676914841,0.0171578254309
0.1033,1.89922169605,0.253728932625,0.254425691624,0.253698712256
0.10335,1.8791575998,0.481924096724,0.482335307388,0.481900687972
0.1034,1.85929814818,0.702008180638,0.701575811652,0.701990732813
0.10345,1.83967697287,0.914206711122,0.912494263049,0.914194416994
0.1035,1.820327302,1.1187437985,1.11581759927,1.11873589274
0.10355,1.80128190392,1.31584212181,1.31243153842,1.31583787948
0.1036,1.78257303172,1.50572290742,1.50303085614,1.50572164246
0.10365,1.76423236856,1.68860590122,1.68782267198,1.68860696508
0.1037,1.74629097406,1.86470933488,1.86644775799,1.86471211505
0.10375,1.72877923167,2.03424988623,2.03818056988,2.0342538049
0.1038,1.71172679725,2.19744263415,2.20232839181,2.1974471469
0.10385,1.69516254882,2.35450100823,2.35864499753,2.35450560271
0.1039,1.67911453766,2.50563673349,2.50755908669,2.50564092816
0.10395,1.66360994083,2.65105977037,2.65010206188,2.65106311327
0.104,-2.3513249849,2.79097825037,2.78756279443,2.79098031796
0.10405,-2.36566494747,2.4317966482,2.42722641162,2.43178283829
0.1041,-2.37938566239,2.07971299671,2.07561078233,2.07968461251
0.10415,-2.39246389385,1.73462849325,1.73227727821,1.73458678899
0.1042,-2.40487749407,1.39644964311,1.39633104922,1.39639582559
0.10425,-2.41660544083,1.06508799413,1.06680856254,1.0650232242
0.1043,-2.42762787304,0.740459873219,0.743061497794,0.740385267244
0.10435,-2.43792612439,0.422486125071,0.424955467673,0.422402756322
0.1044,-2.44748275495,0.111091853078,0.112803201857,0.11100075307
0.10445,-2.45628158074,-0.193793837192,-0.192910978197,-0.193891677406
0.1045,-2.46430770107,-0.492238091861,-0.491855945166,-0.49234172044
0.10455,-2.47154752385,-0.784304559714,-0.78405187835,-0.78441306283
0.1046,-2.47798878855,-1.07005364009,-1.0698417713,-1.07016614077
0.10465,-2.483620587,-1.34954272749,-1.34966328028,-1.34965838451
0.1047,-2.48843338184,-1.62282645273,-1.62375799893,-1.62294445952
0.10475,-2.49241902267,-1.8899569204,-1.89199031543,-1.89007650402
0.1048,-2.49557075988,-2.15098394243,-2.15388931384,-2.15110436258
0.10485,-2.49788325605,-2.40595526767,-2.40890541482,-2.40607581571
0.1049,-2.49935259501,-2.65491680713,-2.65675281778,-2.65503680515
0.10495,-2.49997628846,-2.89791285482,-2.8976536778,-2.89803165477
0.105,1.50024671982,-3.13498630395,-3.13234125635,-3.13510328675
0.10505,1.50131605216,-2.87237709886,-2.86799625852,-2.8724774677
0.1051,1.50322989768,-2.61611972859,-2.61142957739,-2.61620459335
0.10515,1.5059850153,-2.36595311027,-2.36262127106,-2.36602353338
0.1052,1.50957673928,-2.12162300728,-2.12087958883,-2.12168000565
0.10525,1.51399898709,-1.88288203613,-1.88500334785,-1.88292658294
0.1053,1.51924426973,-1.64948967211,-1.6536816434,-1.64952269862
0.10535,1.52530370439,-1.42121225365,-1.42594732839,-1.42123465084
0.1054,1.53216702952,-1.19782298486,-1.20147456428,-1.19783560513
0.10545,1.53982262219,-0.979101936254,-0.980586672207,-0.979105595021
0.1055,1.54825751778,-0.764836043301,-0.763980531366,-0.764831520513
0.10555,1.55745743194,-0.554819102524,-0.55230812931,-0.554807144174
0.1056,1.56740678474,-0.348851765041,-0.345818302024,-0.348833084604
0.10565,1.57808872714,-0.14674152726,-0.144222785917,-0.146716807083
0.1057,1.58948516942,0.0516972814578,0.0531676809599,0.0517273888087
0.10575,1.60157681191,0.246643514344,0.247127818737,0.246678384789
0.1058,1.6143431776,0.438269226175,0.438198343964,0.438308262867
0.10585,1.62776264686,0.626739695782,0.626529734514,0.626782327904
0.1059,1.64181249403,0.812213452297,0.811961499004,0.812259133897
0.10595,1.65646892593,0.994842305261,0.994279175341,0.994890514133
0.106,-2.32829287788,1.17477137874,1.17349495536,1.17482161535
0.10605,-2.31249872302,0.858337390163,0.856184106104,0.858374970745
0.1061,-2.29617535665,0.551665979962,0.548990418616,0.551692120708
0.10615,-2.27935042212,0.254581440615,0.252253861319,0.254597303416
0.1062,-2.26205241219,-0.033091009752,-0.0340108628558,-0.0330843155931
0.10625,-2.24431062075,-0.311525355077,-0.310299630032,-0.31152677118
0.1063,-2.22615509324,-0.580894899965,-0.577549655,-0.580903417253
0.10635,-2.20761657575,-0.841372379236,-0.836828364206,-0.841387036359
0.1064,-2.18872646296,-1.09313005849,-1.08892071429,-1.0931499403
0.10645,-2.16951674497,-1.33633982576,-1.33401560636,-1.33636406181
0.1065,-2.15001995312,-1.57117327435,-1.57165211598,-1.57120103744
0.10655,-2.13026910492,-1.79780177691,-1.80096394938,-1.79783228168
0.1066,-2.1102976481,-2.0163965509,-2.0211159491,-2.01642905248
0.10665,-2.09013940401,-2.22712871556,-2.23173174872,-2.2271625082
0.1067,-2.0698285103,-2.43016934044,-2.43311448697,-2.43020375621
0.10675,-2.04939936314,-2.62568948567,-2.62616180725,-2.62572389318
0.1068,-2.02888655896,-2.8138602341,-2.81202289115,-2.81389403731
0.10685,-2.00832483586,-2.99485271551,-2.99166632289,-2.99488535245
0.1069,-1.98774901479,-3.16883812287,-3.16556377445,-3.16886906451
0.10695,-1.96719394056,-3.33598772105,-3.33362955938,-3.33601647016
0.107,2.05330557714,-3.49647284799,-3.49542465393,-3.49649893799
0.10705,2.07371482271,-3.15666314912,-3.15670152575,-3.15667193713
0.1071,2.09399923342,-2.82272385127,-2.82330481697,-2.82271660224
0.10715,2.11412445796,-2.49452542463,-2.49518878278,-2.494503357
0.1072,2.13405641458,-2.1719457782,-2.17258991265,-2.17191006551
0.10725,2.15376134884,-1.85487004281,-1.85574695021,-1.85482181524
0.1073,2.17320589075,-1.54319035241,-1.54463711375,-1.54313069833
0.10735,2.19235711129,-1.23680562374,-1.23888333422,-1.23673559108
0.1074,2.21118257819,-0.935621334367,-0.9378916643,-0.935541932077
0.10745,2.22965041083,-0.639549299428,-0.641149218358,-0.639461498745
0.1075,2.24772933422,-0.348507447016,-0.348519694289,-0.348412182777
0.10755,2.265388732,-0.0624195924992,-0.0603661783178,-0.0623177643667
0.1076,2.28259869827,0.218784788146,0.222584633703,0.218892314505
0.10765,2.29933008824,0.495170785802,0.499588753971,0.495283177579
0.1077,2.31555456756,0.766798286313,0.770279303517,0.766914742473
0.10775,2.33124466035,1.03372219905,1.03491183677,1.03384194928
0.1078,2.34637379567,1.29599268575,1.29432863328,1.29611498947
0.10785,2.3609163526,1.55365538948,1.54964436532,1.55377953485
0.1079,2.37484770355,1.80675166343,1.80179251292,1.80687696646
0.10795,2.38814425599,2.05531879952,2.05114264394,2.05544460317
0.108,-1.59921650756,2.2993902564,2.29736708871,2.29951592972
0.10805,-1.58725599146,2.0451941274,2.0458149176,2.04530485889
0.1081,-1.57599445063,1.79875065416,1.80150634772,1.79884753612
0.10815,-1.56545095631,1.55978213412,1.56347030315,1.55986620865
0.1082,-1.55564336375,1.32801536688,1.3313063633,1.32808762776
0.10825,-1.54658828194,1.10318169313,1.10516607204,1.10324308771
0.1083,-1.53830104551,0.885017036393,0.885485710731,0.885068467375
0.10835,-1.53079568876,0.673261947206,0.672619970176,0.673304274421
0.1084,-1.5240849219,0.46766164939,0.466566112666,0.467695691489
0.10845,-1.5181801095,0.267966088136,0.266910745063,0.267992624247
0.1085,-1.51309125126,0.0739299795442,0.0730083445987,0.073949750878
0.10855,-1.50882696509,-0.114687138668,-0.115722639214,-0.114673427261
0.1086,-1.50539447247,-0.298120855635,-0.299559636313,-0.298112534151
0.10865,-1.50279958629,-0.47660183527,-0.478430469909,-0.476598267088
0.1087,-1.50104670093,-0.650355763976,-0.652091566255,-0.650356344436
0.10875,-1.50013878489,-0.819603298429,-0.820432960226,-0.819607453454
0.1088,-1.5000773757,-0.984560013732,-0.983738262396,-0.984567198493
0.10885,-1.50086257736,-1.14543635223,-1.14274461407,-1.14544604985
0.1089,-1.50249306015,-1.30243757327,-1.29844915855,-1.30244929357
0.10895,-1.50496606286,-1.45576370417,-1.45174290834,-1.45577698246
0.109,2.4917226025,-1.60560949268,-1.60305015409,-1.60562388857
0.10905,2.48757854361,-1.25836260177,-1.25835801424,-1.25836349221
0.1091,2.48260877837,-0.920200853044,-0.922935592528,-0.920189516342
0.10915,2.476821723,-0.591001867346,-0.595613552411,-0.590979528866
0.1092,2.47022717778,-0.270645248095,-0.275537546575,-0.270613081834
0.10925,2.46283631046,0.0409876385361,0.0375103389778,0.0410285083892
0.1093,2.45466163737,0.344013875961,0.343071564811,0.344062373514
0.10935,2.44571700218,0.638549201937,0.640270616734,0.638604298136
0.1094,2.43601755248,0.924708205656,0.928249627415,0.924768916864
0.10945,2.42557971414,1.20260451707,1.20657306185,1.20266990369
0.1095,2.41442116345,1.47235098837,1.47541758805,1.47242015353
0.10955,2.40256079726,1.73405986757,1.73547185937,1.73413195581
0.1096,2.39001870088,1.9878429641,1.98761387396,1.98791716011
0.10965,2.37681611417,2.23381180634,2.2325379479,2.23388733375
0.1097,2.36297539549,2.47207779108,2.4705179396,2.4721539113
0.10975,2.34851998387,2.70275232489,2.70141339569,2.70282833591
0.1098,2.33347435931,2.92594695725,2.9248941715,2.92602219255
0.10985,2.31786400133,3.14177350553,3.14074560929,3.14184733299
0.1099,2.30171534584,3.35034417179,3.34907906117,3.35041599263
0.10995,2.2850557403,3.55177165132,3.55032958328,3.55184089908
0.11,-1.73208660251,3.74616923304,3.74504272113,3.74623537253
0.11005,-1.74968265231,3.43984913217,3.43976949236,3.43989745271
0.1101,-1.76770261047,3.13891986144,3.14044546304,3.13895156104
0.11015,-1.78611596049,2.84319598913,2.84630212781,2.84321222025
0.1102,-1.80489151966,2.55250042907,2.55641073715,2.55250230041
0.11025,-1.82399749187,2.26666431693,2.27005352217,2.26665289503
0.1103,-1.84340152148,1.98552688287,1.98703768821,1.98550319375
0.11035,-1.86307074806,1.7089353208,1.70778329814,1.7089003515
0.1104,-1.88297186211,1.43674465406,1.43312278721,1.43669935413
0.11045,-1.90307116141,1.16881759754,1.16389249235,1.16876288047
0.1105,-1.92333460813,0.905024416276,0.900503351852,0.904961160883
0.11055,-1.94372788645,0.645242780453,0.642694057553,0.645171832193
0.1106,-1.96421646067,0.389357616894,0.389585849416,0.389279789139
0.11065,-1.98476563374,0.137260957034,0.140014685585,0.137177032297
0.1107,-2.00534060596,-0.111148218571,-0.107015428088,-0.111237487462
0.11075,-2.02590653395,-0.355964139148,-0.351969408998,-0.356058027923
0.1108,-2.04642858964,-0.597274405965,-0.594671689483,-0.597372217833
0.11085,-2.06687201927,-0.835160157868,-0.834487349327,-0.835261222475
0.1109,-2.08720220223,-1.06969624001,-1.07068998733,-1.06979991245
0.11095,-2.10738470967,-1.30095137568,-1.30282766611,-1.30105703554
0.111,1.87261463716,-1.52898834113,-1.53091016682,-1.52909539158
0.11105,1.85282970903,-1.26006238383,-1.26153898576,-1.2601560449
0.1111,1.83329401139,-1.00021869016,-1.00123883408,-1.00030008307
0.11115,1.81404062764,-0.749202250618,-0.750061519224,-0.749272443683
0.1112,1.79510216307,-0.506760267738,-0.507713624662,-0.506820278257
0.11125,1.77651068966,-0.272642160525,-0.273606797061,-0.272692956587
0.1113,1.75829769177,-0.0465995755447,-0.0471002212862,-0.0466420778072
0.11135,1.74049401282,0.171613595526,0.172205612022,0.171578512115
0.1114,1.72312980304,0.382241192209,0.384296599681,0.382212696732
0.11145,1.70623446845,0.585524755665,0.588804918405,0.5855020596
0.1115,1.68983662101,0.78170349357,0.785287700554,0.781685849203
0.11155,1.67396403022,0.971014239698,0.973589660554,0.971000938576
0.1116,1.65864357606,1.15369140854,1.15410062442,1.15368177996
0.11165,1.64390120345,1.3299669452,1.3277623715,1.32996035477
0.1117,1.62976187838,1.50007027097,1.49580053958,1.50006611914
0.11175,1.61624954556,1.66422822477,1.65929607607,1.66422594547
0.1118,1.6033870879,1.82266500082,1.81879624305,1.82266406012
0.11185,1.59119628777,1.97560208287,1.97415287062,1.97560197765
0.1119,1.57969779009,2.12325817527,2.12466980844,2.12325843197
0.11195,1.56891106738,2.26584913117,2.26949399024,2.26584930449
0.112,-2.44114561322,2.40358787816,2.40806821293,2.40358754992
0.11205,-2.45045522088,2.04288258229,2.04663446194,2.04286715436
0.1121,-2.45900198994,1.68993385674,1.691853589,1.68990463508
0.11215,-2.46677144659,1.34464436388,1.34445818181,1.34460260414
0.1122,-2.47375043336,1.00692095614,1.00515537142,1.00686786519
0.11225,-2.47992713147,0.67667441005,0.674283114284,0.67661114753
0.1123,-2.48529108077,0.353819164142,0.351682456076,0.35374684386
0.11235,-2.4898331975,0.0382730607559,0.0368292304809,0.0381927521107
0.1124,-2.49354578967,-0.270042907887,-0.270865035207,-0.270130178562
0.11245,-2.49642257005,-0.571204849276,-0.571755253918,-0.571298097413
0.1125,-2.49845866687,-0.865286215642,-0.865829633543,-0.865384497177
0.11255,-2.49965063202,-1.15235804425,-1.15280735769,-1.15246045441
0.1126,-2.49999644695,-1.43248919278,-1.43240427459,-1.43259486491
0.11265,-2.499495526,-1.70574656961,-1.70461013799,-1.70585467405
0.1127,-2.49814871749,-1.97219535886,-1.96981239495,-1.97230510183
0.11275,-2.49595830222,-2.23189923996,-2.22868306585,-2.23200986251
0.1128,-2.49292798961,-2.48492060166,-2.48187441197,-2.48503137867
0.11285,-2.48906291145,-2.73132075025,-2.72967777756,-2.73143098941
0.1129,-2.4843696132,-2.9711601119,-2.97182994757,-2.97126915277
0.11295,-2.47885604286,-3.20449842888,-3.2075845714,-3.20460564195
0.113,1.52746846241,-3.4313949496,-3.4360347946,-3.43149973542
0.11305,1.53459319217,-3.15810685288,-3.16274175576,-3.15819443529
0.1131,1.5425060808,-2.89068671228,-2.89366486269,-2.89075822281
0.11315,1.55119372796,-2.6288923489,-2.62914231277,-2.6289488726
0.1132,1.56064142125,-2.37248921751,-2.36996029004,-2.37253179483
0.11325,1.57083316117,-2.1212503801,-2.11692004939,-2.12128000865
0.1133,1.58175168816,-1.87495647692,-1.87040560638,-1.8749741132
0.11335,1.59337851188,-1.63339569491,-1.63015096752,-1.63340225599
0.1134,1.60569394248,-1.39636373336,-1.39530789676,-1.39636009845
0.11345,1.618677124,-1.16366376646,-1.16476987835,-1.1636507785
0.1135,1.63230606961,-0.935106402755,-0.937587626398,-0.935084869878
0.11355,1.64655769893,-0.710509641132,-0.713275249219,-0.710480338144
0.1136,1.66140787704,-0.489698823403,-0.4918700248,-0.489662493152
0.11365,1.67683145542,-0.272506583169,-0.273738082702,-0.272463937892
0.1137,1.69280231448,-0.0587727909176,-0.0592460810361,-0.0587245135364
0.11375,1.70929340784,0.151655504777,0.151519713401,0.151708759411
0.1138,1.72627680809,0.358924140067,0.358840361154,0.358981743975
0.11385,1.74372375413,0.56317190275,0.563221221521,0.563233253671
0.1139,1.76160469982,0.764530603366,0.765109978277,0.764595123648
0.11395,1.77988936409,0.963125150561,0.964642847208,0.963192286096
0.114,-2.20145321786,1.15907363076,1.16157112309,1.15914284996
0.11405,-2.18245464205,0.858685632781,0.86162021661,0.858742219734
0.1141,-2.16314708226,0.568059623436,0.57040613022,0.568104762148
0.11415,-2.14356323554,0.286992722576,0.287654425282,0.287027542765
0.1142,-2.12373626682,0.0152830227168,0.0136285020973,0.0153086015811
0.11425,-2.10369975273,-0.24727049274,-0.251013697226,-0.247253128801
0.1143,-2.08348762479,-0.500868022325,-0.505581539775,-0.500857896038
0.11435,-2.06313411192,-0.745709010512,-0.749765428088,-0.7457051921
0.1144,-2.04267368245,-0.981992203044,-0.983900616163,-0.981993808643
0.11445,-2.0221409858,-1.20991569375,-1.20894521707,-1.20992188386
0.1145,-2.00157079374,-1.42967696298,-1.42617222852,-1.42968694098
0.11455,-1.98099794157,-1.64147290789,-1.63671396181,-1.64148591854
0.1146,-1.96045726908,-1.84549986464,-1.84116954028,-1.84551519268
0.11465,-1.93998356156,-2.04195362282,-2.0394558873,-2.04197059158
0.1147,-1.91961149091,-2.23102943223,-2.23096485713,-2.23104740228
0.11475,-1.89937555689,-2.41292200219,-2.41494256297,-2.41294037
0.1148,-1.87931002873,-2.58782549365,-2.5909042088,-2.58784369031
0.11485,-1.85944888708,-2.75593350423,-2.75888884097,-2.75595099422
0.1149,-1.83982576646,-2.91743904657,-2.91944573101,-2.91745532652
0.11495,-1.8204738983,-3.07253451999,-3.07338157483,-3.07254911749
0.115,2.19857394532,-3.22141167589,-3.2214148878,-3.22142414832
0.11505,2.21728550718,-2.87045981761,-2.87012034306,-2.87045554516
0.1151,2.23562909957,-2.52586304104,-2.52549013918,-2.52584331078
0.11515,2.2535736579,-2.18750986465,-2.18702998058,-2.18747591615
0.1152,2.27108879336,-1.85529539433,-1.85435322215,-1.85524842125
0.11525,2.28814484435,-1.52912107734,-1.5274056269,-1.52906222893
0.1153,2.30471292672,-1.20889445592,-1.20648850942,-1.20882483854
0.11535,2.3207649827,-0.894528920906,-0.892057239186,-0.894449599364
0.1154,2.33627382839,-0.585943465234,-0.584398135642,-0.585855464194
0.11545,2.3512131998,-0.283062437787,-0.283360054667,-0.282966743056
0.1155,2.36555779736,0.0141847024194,0.0117027349722,0.0142871426345
0.11555,2.37928332873,0.305863631464,0.301724350758,0.305971905349
0.1156,2.39236654994,0.592035404975,0.587542452912,0.592148635947
0.11565,2.40478530477,0.872756701637,0.869517802541,0.872874047227
0.1157,2.41651856225,1.14808006553,1.14734922192,1.14820071632
0.11575,2.42754645231,1.41805414715,1.4201859839,1.41817732572
0.1158,2.43785029939,1.68272394282,1.68699668999,1.68284890277
0.11585,2.4474126541,1.94213103241,1.94702775792,1.94225705742
0.1159,2.45621732274,2.19631381503,2.20013896823,2.19644021792
0.11595,2.46424939475,2.44530774261,2.44686146777,2.44543386447
0.116,-1.52850473205,2.68914555103,2.68815670017,2.68927076038
0.11605,-1.52205732844,2.4340557293,2.4311951494,2.43416521543
0.1161,-1.51641931298,2.18606003253,2.18255740065,2.18615488985
0.11615,-1.51160023356,1.94488338682,1.94195343332,1.94496466084
0.1162,-1.50760825122,1.71025633118,1.70861507271,1.71032502044
0.11625,-1.50445012632,1.48191505017,1.48160080002,1.48197210805
0.1163,-1.50213120708,1.25960140737,1.26014732055,1.25964774394
0.11635,-1.50065542056,1.04306297958,1.04388667698,1.04309946328
0.1164,-1.50002526597,0.832053091107,0.832827637508,0.832080550497
0.11645,-1.50024181049,0.626330848207,0.627129554906,0.626350073557
0.1165,-1.50130468738,0.425661173067,0.426807442488,0.425672917968
0.11655,-1.5032120967,0.229814837239,0.231540973225,0.229819820135
0.1166,-1.50596080826,0.0385684941529,0.0407003784639,0.0385673998294
0.11665,-1.50954616717,-0.148295289549,-0.146419029186,-0.148301808527
0.1167,-1.51396210169,-0.330988004128,-0.330280186641,-0.330999326017
0.11675,-1.51920113349,-0.509715168571,-0.510883801494,-0.509730701104
0.1168,-1.52525439038,-0.684676304382,-0.687778995591,-0.684695483461
0.11685,-1.53211162124,-0.856064911582,-0.86032217469,-0.856087200019
0.1169,-1.53976121348,-1.02406844716,-1.0280692286,-1.02409333345
0.11695,-1.54819021264,-1.18886830619,-1.19110880707,-1.18889530336
0.117,2.44261565567,-1.35063980586,-1.35016351525,-1.35066845028
0.11705,2.43267196154,-1.01575041314,-1.01259253616,-1.01576605761
0.1171,2.42199554448,-0.690357022398,-0.685576439185,-0.690360920267
0.11715,2.41060448481,-0.374315631482,-0.36958603454,-0.374308982306
0.1172,2.39851807311,-0.0674835616377,-0.0644213309635,-0.067467512843
0.11725,2.38575677752,0.230280724569,0.230751802195,0.230305076087
0.1173,2.37234220909,0.519117796802,0.51708553365,0.519149403125
0.11735,2.35829708518,0.799167421938,0.795607400006,0.799205282617
0.1174,2.34364519097,1.07056872047,1.06685997429,1.07061188106
0.11745,2.3284113392,1.33346031428,1.33078504695,1.3335078649
0.1175,2.31262132817,1.58798046581,1.58689002973,1.58803153979
0.11755,2.29630189799,1.8342672086,1.83459569843,1.83432098112
0.1176,2.27948068535,2.07245846921,2.07358126338,2.07251415598
0.11765,2.26218617671,2.30269218054,2.30395536029,2.30274903655
0.1177,2.24444766004,2.52510638659,2.52618073793,2.52516370484
0.11775,2.22629517523,2.73983933864,2.740812951,2.73989644897
0.1178,2.2077594632,2.94702958297,2.94820979914,2.94708585088
0.11785,2.1888719139,3.14681604015,3.1483788853,3.14687086563
0.1179,2.16966451308,3.33933807585,3.34105109127,3.33939089231
0.11795,2.15016978816,3.52473556348,3.52594088027,3.52478583662
0.118,-1.86957924686,3.70314893846,3.70304783907,3.70319616526
0.11805,-1.8895491473,3.38091748502,3.37902317063,3.38094698681
0.1181,-1.90970609447,3.06417666152,3.06069273137,3.06418966817
0.11815,-1.93001595291,2.75276781282,2.74866755912,2.75276550847
0.1182,-1.95044432819,2.44654041504,2.4432623247,2.44652393975
0.11825,-1.9709566252,2.14535190673,2.14422094682,2.14532235812
0.1183,-1.99151810669,1.8490675171,1.85070092134,1.84902595189
0.11835,-2.01209395214,1.55756009118,1.56154194721,1.55750752669
0.1184,-2.03264931666,1.27070991208,1.27570353705,1.27064732765
0.11845,-2.05314939011,0.988404520346,0.992669143671,0.98833285874
0.1185,-2.07355945592,0.710538530484,0.712625724991,0.710458699211
0.11855,-2.09384494999,0.437013444753,0.436333150755,0.436926317341
0.1186,-2.11397151916,0.167737464286,0.164745652156,0.167643881507
0.11865,-2.13390507941,-0.097374702351,-0.101435463496,-0.0974739313044
0.1187,-2.15361187358,-0.358402033053,-0.362069946921,-0.358506129435
0.11875,-2.17305852854,-0.615417388405,-0.61761252,-0.615525602836
0.1188,-2.19221211169,-0.868487710132,-0.868874108192,-0.868599321559
0.11885,-2.21104018675,-1.11767422162,-1.11664324772,-1.11778853632
0.1189,-2.22951086868,-1.36303263036,-1.36136124734,-1.36314898099
0.11895,-2.24759287767,-1.60461333222,-1.6030063073,-1.60473107689
0.119,1.73474440785,-1.84246161725,-1.84122658505,-1.84258013869
0.11905,1.71753089941,-1.58281611765,-1.58182939378,-1.58292061643
0.1191,1.7007957478,-1.33170630346,-1.33065741534,-1.33179788246
0.11915,1.68456729374,-1.0888623745,-1.08760859447,-1.08894208479
0.1192,1.66887301985,-0.8540176933,-0.852820053066,-0.854086536054
0.11925,1.65373950413,-0.626908812954,-0.626389625301,-0.626967741309
0.1193,1.63919237493,-0.407275510017,-0.408097317197,-0.407325430856
0.11935,1.62525626759,-0.194860822148,-0.197291855873,-0.194902597857
0.1194,1.61195478267,0.010588909809,0.00697726339905,0.010554459646
0.11945,1.59931044604,0.209323995647,0.205633125492,0.209296092593
0.1195,1.58734467065,0.401591345813,0.399210256843,0.401569250971
0.11955,1.57607772037,0.587634417955,0.587648002345,0.587617430409
0.1196,1.56552867559,0.767693160312,0.770358473802,0.767680615607
0.11965,1.55571540094,0.942003952261,0.946555239908,0.941995220928
0.1197,1.54665451505,1.11079954235,1.11569709891,1.11079402847
0.11975,1.53836136238,1.27430898412,1.27783865061,1.27430612395
0.1198,1.53084998725,1.43275757005,1.43371893886,1.43275683062
0.11985,1.52413311005,1.58636676389,1.58454285829,1.58636764175
0.1199,1.5182221057,1.73535413177,1.73155662884,1.73535615168
0.11995,1.51312698439,1.87993327234,1.87561588119,1.87993598605
0.12,-2.49114362536,2.02031374625,2.01694490344,2.02031673125
