source,raw_line
dengfoc,"valid=1,read_failures=0"
dengfoc,"SYNC_TRUTH,sequence=339031,truth_tick_us=678955589,mechanical_angle_rad=6.165069103,valid=1,read_failures=0"
dengfoc,"SYNC_TRUTH,sequence=339032,truth_tick_us=678957593,mechanical_angle_rad=6.165069103,valid=1,read_failures=0"
dengfoc,"SYNC_TRUTH,sequence=339033,truth_tick_us=678959589,mechanical_angle_rad=6.165069103,valid=1,read_failures=0"
dengfoc,"SYNC_TRUTH,sequence=339034,truth_tick_us=678961593,mechanical_angle_rad=6.165069103,valid=1,read_failures=0"
dengfoc,"SYNC_TRUTH,sequence=339035,truth_tick_us=678963589,mechanical_angle_rad=6.165069103,valid=1,read_failures=0"
dengfoc,"SYNC_TRUTH,sequence=339036,truth_tick_us=678965593,mechanical_angle_rad=6.165069103,valid=1,read_failures=0"
dengfoc,"SYNC_TRUTH,sequence=339037,truth_tick_us=678967589,mechanical_angle_rad=6.165069103,valid=1,read_failures=0"
dengfoc,"SYNC_TRUTH,sequence=339038,truth_tick_us=678969593,mechanical_angle_rad=6.165069103,valid=1,read_failures=0"
dengfoc,"SYNC_TRUTH,sequence=339039,truth_tick_us=678971589,mechanical_angle_rad=6.165069103,valid=1,read_failures=0"
dengfoc,"SYNC_TRUTH,sequence=339040,truth_tick_us=678973593,mechanical_angle_rad=6.165069103,valid=1,read_failures=0"
dengfoc,"SYNC_TRUTH,sequence=339041,truth_tick_us=678975589,mechanical_angle_rad=6.165069103,valid=1,read_failures=0"
dengfoc,"SYNC_TRUTH,sequence=339042,truth_tick_us=678977593,mechanical_angle_rad=6.165069103,valid=1,read_failures=0"
dengfoc,"SYNC_TRUTH,sequence=339043,truth_tick_us=678979589,mechanical_angle_rad=6.165069103,valid=1,read_failures=0"
dengfoc,"SYNC_TRUTH,sequence=339044,truth_tick_us=678981593,mechanical_angle_rad=6.165069103,valid=1,read_failures=0"
dengfoc,"SYNC_TRUTH,sequence=339045,truth_tick_us=678983589,mechanical_angle_rad=6.165069103,valid=1,read_failures=0"
dengfoc,"SYNC_TRUTH,sequence=339046,truth_tick_us=678985593,mechanical_angle_rad=6.165069103,valid=1,read_failures=0"
dengfoc,"SYNC_TRUTH,sequence=339047,truth_tick_us=678987589,mechanical_angle_rad=6.165069103,valid=1,read_failures=0"
dengfoc,"SYNC_TRUTH,sequence=339048,truth_tick_us=678989593,mechanical_angle_rad=6.165069103,valid=1,read_failures=0"
dengfoc,"SYNC_TRUTH,sequence=339049,truth_tick_us=678991589,mechanical_angle_rad=6.165069103,valid=1,read_failures=0"
dengfoc,"SYNC_TRUTH,sequence=339050,truth_tick_us=678993593,mechanical_angle_rad=6.165069103,valid=1,read_failures=0"
dengfoc,"SYNC_TRUTH,sequence=339051,truth_tick_us=678995589,mechanical_angle_rad=6.165069103,valid=1,read_failures=0"
dengfoc,"SYNC_TRUTH,sequence=339052,truth_tick_us=678997593,mechanical_angle_rad=6.165069103,valid=1,read_failures=0"
dengfoc,"SYNC_TRUTH,sequence=339053,truth_tick_us=678999589,mechanical_angle_rad=6.165069103,valid=1,read_failures=0"
dengfoc,"SYNC_TRUTH,sequence=339054,truth_tick_us=679001593,mechanical_angle_rad=6.165069103,valid=1,read_failures=0"
dengfoc,"SYNC_TRUTH,sequence=339055,truth_tick_us=679003589,mechanical_angle_rad=6.165069103,valid=1,read_failures=0"
dengfoc,"SYNC_TRUTH,sequence=339056,truth_tick_us=679005593,mechanical_angle_rad=6.165069103,valid=1,read_failures=0"
dengfoc,"SYNC_TRUTH,sequence=339057,truth_tick_us=679007589,mechanical_angle_rad=6.165069103,valid=1,read_failures=0"
dengfoc,"SYNC_TRUTH,sequence=339058,truth_tick_us=679009593,mechanical_angle_rad=6.165069103,valid=1,read_failures=0"
dengfoc,"SYNC_TRUTH,sequence=339059,truth_tick_us=679011589,mechanical_angle_rad=6.165069103,valid=1,read_failures=0"
dengfoc,"SYNC_TRUTH,sequence=339060,truth_tick_us=679013593,mechanical_angle_rad=6.165069103,valid=1,read_failures=0"
dengfoc,"SYNC_TRUTH,sequence=339061,truth_tick_us=679015589,mechanical_angle_rad=6.165069103,valid=1,read_failures=0"
dengfoc,"SYNC_TRUTH,sequence=339062,truth_tick_us=679017593,mechanical_angle_rad=6.165069103,valid=1,read_failures=0"
dengfoc,"SYNC_TRUTH,sequence=339063,truth_tick_us=679019589,mechanical_angle_rad=6.165069103,valid=1,read_failures=0"
dengfoc,"SYNC_TRUTH,sequence=339064,truth_tick_us=679021593,mechanical_angle_rad=6.165069103,valid=1,read_failures=0"
dengfoc,"SYNC_TRUTH,sequence=339065,truth_tick_us=679023589,mechanical_angle_rad=6.165069103,valid=1,read_failures=0"
dengfoc,"SYNC_TRUTH,sequence=339066,truth_tick_us=679025593,mechanical_angle_rad=6.165069103,valid=1,read_failures=0"
dengfoc,"SYNC_TRUTH,sequence=339067,truth_tick_us=679027589,mechanical_angle_rad=6.165069103,valid=1,read_failures=0"
dengfoc,"SYNC_TRUTH,sequence=339068,truth_tick_us=679029593,mechanical_angle_rad=6.165069103,valid=1,read_failures=0"
dengfoc,"SYNC_TRUTH,sequence=339069,truth_tick_us=679031589,mechanical_angle_rad=6.165069103,valid=1,read_failures=0"
dengfoc,"SYNC_TRUTH,sequence=339070,truth_tick_us=679033593,mechanical_angle_rad=6.165069103,valid=1,read_failures=0"
dengfoc,"SYNC_TRUTH,sequence=339071,truth_tick_us=679035589,mechanical_angle_rad=6.165069103,valid=1,read_failures=0"
dengfoc,"SYNC_TRUTH,sequence=339072,truth_tick_us=679037593,mechanical_angle_rad=6.165069103,valid=1,read_failures=0"
dengfoc,"SYNC_TRUTH,sequence=339073,truth_tick_us=679039589,mechanical_angle_rad=6.165069103,valid=1,read_failures=0"
dengfoc,"SYNC_TRUTH,sequence=339074,truth_tick_us=679041593,mechanical_angle_rad=6.165069103,valid=1,read_failures=0"
dengfoc,"SYNC_TRUTH,sequence=339075,truth_tick_us=679043589,mechanical_angle_rad=6.165069103,valid=1,read_failures=0"
dengfoc,"SYNC_TRUTH,sequence=339076,truth_tick_us=679045593,mechanical_angle_rad=6.165069103,valid=1,read_failures=0"
dengfoc,"SYNC_TRUTH,sequence=339077,truth_tick_us=679047589,mechanical_angle_rad=6.165069103,valid=1,read_failures=0"
dengfoc,"SYNC_TRUTH,sequence=339078,truth_tick_us=679049593,mechanical_angle_rad=6.165069103,valid=1,read_failures=0"
dengfoc,"SYNC_TRUTH,sequence=339079,truth_tick_us=679051589,mechanical_angle_rad=6.165069103,valid=1,read_failures=0"
dengfoc,"SYNC_TRUTH,sequence=339080,truth_tick_us=679053593,mechanical_angle_rad=6.165069103,valid=1,read_failures=0"
dengfoc,"SYNC_TRUTH,sequence=339081,truth_tick_us=679055589,mechanical_angle_rad=6.165069103,valid=1,read_failures=0"
dengfoc,"SYNC_TRUTH,sequence=339082,truth_tick_us=679057593,mechanical_angle_rad=6.165069103,valid=1,read_failures=0"
dengfoc,"SYNC_TRUTH,sequence=339083,truth_tick_us=679059589,mechanical_angle_rad=6.165069103,valid=1,read_failures=0"
dengfoc,"SYNC_TRUTH,sequence=339084,truth_tick_us=679061593,mechanical_angle_rad=6.165069103,valid=1,read_failures=0"
dengfoc,"SYNC_TRUTH,sequence=339085,truth_tick_us=679063589,mechanical_angle_rad=6.165069103,valid=1,read_failures=0"
dengfoc,"SYNC_TRUTH,sequence=339086,truth_tick_us=679065593,mechanical_angle_rad=6.165069103,valid=1,read_failures=0"
dengfoc,"SYNC_TRUTH,sequence=339087,truth_tick_us=679067589,mechanical_angle_rad=6.165069103,valid=1,read_failures=0"
dengfoc,"SYNC_TRUTH,sequence=339088,truth_tick_us=679069593,mechanical_angle_rad=6.165069103,valid=1,read_failures=0"
dengfoc,"SYNC_TRUTH,sequence=339089,truth_tick_us=679071589,mechanical_angle_rad=6.165069103,valid=1,read_failures=0"
dengfoc,"SYNC_TRUTH,sequence=339090,truth_tick_us=679073593,mechanical_angle_rad=6.165069103,valid=1,read_failures=0"
dengfoc,"SYNC_TRUTH,sequence=339091,truth_tick_us=679075589,mechanical_angle_rad=6.165069103,valid=1,read_failures=0"
dengfoc,"SYNC_TRUTH,sequence=339092,truth_tick_us=679077593,mechanical_angle_rad=6.165069103,valid=1,read_failures=0"
dengfoc,"SYNC_TRUTH,sequence=339093,truth_tick_us=679079589,mechanical_angle_rad=6.165069103,valid=1,read_failures=0"
dengfoc,"SYNC_TRUTH,sequence=339094,truth_tick_us=679081593,mechanical_angle_rad=6.165069103,valid=1,read_failures=0"
dengfoc,"SYNC_TRUTH,sequence=339095,truth_tick_us=679083589,mechanical_angle_rad=6.165069103,valid=1,read_failures=0"
dengfoc,"SYNC_TRUTH,sequence=339096,truth_tick_us=679085593,mechanical_angle_rad=6.165069103,valid=1,read_failures=0"
dengfoc,"SYNC_TRUTH,sequence=339097,truth_tick_us=679087589,mechanical_angle_rad=6.165069103,valid=1,read_failures=0"
dengfoc,"SYNC_TRUTH,sequence=339098,truth_tick_us=679089593,mechanical_angle_rad=6.165069103,valid=1,read_failures=0"
dengfoc,"SYNC_TRUTH,sequence=339099,truth_tick_us=679091589,mechanical_angle_rad=6.165069103,valid=1,read_failures=0"
dengfoc,"SYNC_TRUTH,sequence=339100,truth_tick_us=679093593,mechanical_angle_rad=6.165069103,valid=1,read_failures=0"
dengfoc,"SYNC_TRUTH,sequence=339101,truth_tick_us=679095589,mechanical_angle_rad=6.165069103,valid=1,read_failures=0"
dengfoc,"SYNC_TRUTH,sequence=339102,truth_tick_us=679097593,mechanical_angle_rad=6.165069103,valid=1,read_failures=0"
dengfoc,"SYNC_TRUTH,sequence=339103,truth_tick_us=679099589,mechanical_angle_rad=6.165069103,valid=1,read_failures=0"
dengfoc,"SYNC_TRUTH,sequence=339104,truth_tick_us=679101593,mechanical_angle_rad=6.165069103,valid=1,read_failures=0"
dengfoc,"SYNC_TRUTH,sequence=339105,truth_tick_us=679103589,mechanical_angle_rad=6.165069103,valid=1,read_failures=0"
dengfoc,"SYNC_TRUTH,sequence=339106,truth_tick_us=679105593,mechanical_angle_rad=6.165069103,valid=1,read_failures=0"
dengfoc,"SYNC_TRUTH,sequence=339107,truth_tick_us=679107589,mechanical_angle_rad=6.165069103,valid=1,read_failures=0"
dengfoc,"SYNC_TRUTH,sequence=339108,truth_tick_us=679109593,mechanical_angle_rad=6.165069103,valid=1,read_failures=0"
dengfoc,"SYNC_TRUTH,sequence=339109,truth_tick_us=679111589,mechanical_angle_rad=6.165069103,valid=1,read_failures=0"
dengfoc,"SYNC_TRUTH,sequence=339110,truth_tick_us=679113593,mechanical_angle_rad=6.165069103,valid=1,read_failures=0"
dengfoc,"SYNC_TRUTH,sequence=339111,truth_tick_us=679115589,mechanical_angle_rad=6.165069103,valid=1,read_failures=0"
dengfoc,"SYNC_TRUTH,sequence=339112,truth_tick_us=679117593,mechanical_angle_rad=6.165069103,valid=1,read_failures=0"
dengfoc,"SYNC_TRUTH,sequence=339113,truth_tick_us=679119589,mechanical_angle_rad=6.165069103,valid=1,read_failures=0"
dengfoc,"SYNC_TRUTH,sequence=339114,truth_tick_us=679121593,mechanical_angle_rad=6.165069103,valid=1,read_failures=0"
dengfoc,"SYNC_TRUTH,sequence=339115,truth_tick_us=679123589,mechanical_angle_rad=6.165069103,valid=1,read_failures=0"
dengfoc,"SYNC_TRUTH,sequence=339116,truth_tick_us=679125593,mechanical_angle_rad=6.165069103,valid=1,read_failures=0"
dengfoc,"SYNC_TRUTH,sequence=339117,truth_tick_us=679127589,mechanical_angle_rad=6.165069103,valid=1,read_failures=0"
dengfoc,"SYNC_TRUTH,sequence=339118,truth_tick_us=679129593,mechanical_angle_rad=6.165069103,valid=1,read_failures=0"
dengfoc,"SYNC_TRUTH,sequence=339119,truth_tick_us=679131589,mechanical_angle_rad=6.165069103,valid=1,read_failures=0"
dengfoc,"SYNC_TRUTH,sequence=339120,truth_tick_us=679133593,mechanical_angle_rad=6.165069103,valid=1,read_failures=0"
dengfoc,"SYNC_TRUTH,sequence=339121,truth_tick_us=679135589,mechanical_angle_rad=6.165069103,valid=1,read_failures=0"
dengfoc,"SYNC_TRUTH,sequence=339122,truth_tick_us=679137593,mechanical_angle_rad=6.165069103,valid=1,read_failures=0"
dengfoc,"SYNC_TRUTH,sequence=339123,truth_tick_us=679139589,mechanical_angle_rad=6.165069103,valid=1,read_failures=0"
dengfoc,"SYNC_TRUTH,sequence=339124,truth_tick_us=679141593,mechanical_angle_rad=6.165069103,valid=1,read_failures=0"
dengfoc,"SYNC_TRUTH,sequence=339125,truth_tick_us=679143589,mechanical_angle_rad=6.165069103,valid=1,read_failures=0"
dengfoc,"SYNC_TRUTH,sequence=339126,truth_tick_us=679145593,mechanical_angle_rad=6.165069103,valid=1,read_failures=0"
dengfoc,"SYNC_TRUTH,sequence=339127,truth_tick_us=679147589,mechanical_angle_rad=6.165069103,valid=1,read_failures=0"
dengfoc,"SYNC_TRUTH,sequence=339128,truth_tick_us=679149593,mechanical_angle_rad=6.165069103,valid=1,read_failures=0"
dengfoc,"SYNC_TRUTH,sequence=339129,truth_tick_us=679151589,mechanical_angle_rad=6.165069103,valid=1,read_failures=0"
dengfoc,"SYNC_TRUTH,sequence=339130,truth_tick_us=679153593,mechanical_angle_rad=6.165069103,valid=1,read_failures=0"
dengfoc,"SYNC_TRUTH,sequence=339131,truth_tick_us=679155589,mechanical_angle_rad=6.165069103,valid=1,read_failures=0"
dengfoc,"SYNC_TRUTH,sequence=339132,truth_tick_us=679157593,mechanical_angle_rad=6.165069103,valid=1,read_failures=0"
dengfoc,"SYNC_TRUTH,sequence=339133,truth_tick_us=679159589,mechanical_angle_rad=6.165069103,valid=1,read_failures=0"
dengfoc,"SYNC_TRUTH,sequence=339134,truth_tick_us=679161593,mechanical_angle_rad=6.165069103,valid=1,read_failures=0"
dengfoc,"SYNC_TRUTH,sequence=339135,truth_tick_us=679163589,mechanical_angle_rad=6.165069103,valid=1,read_failures=0"
dengfoc,"SYNC_TRUTH,sequence=339136,truth_tick_us=679165593,mechanical_angle_rad=6.165069103,valid=1,read_failures=0"
dengfoc,"SYNC_TRUTH,sequence=339137,truth_tick_us=679167589,mechanical_angle_rad=6.165069103,valid=1,read_failures=0"
dengfoc,"SYNC_TRUTH,sequence=339138,truth_tick_us=679169593,mechanical_angle_rad=6.165069103,valid=1,read_failures=0"
dengfoc,"SYNC_TRUTH,sequence=339139,truth_tick_us=679171589,mechanical_angle_rad=6.165069103,valid=1,read_failures=0"
dengfoc,"SYNC_TRUTH,sequence=339140,truth_tick_us=679173593,mechanical_angle_rad=6.165069103,valid=1,read_failures=0"
dengfoc,"SYNC_TRUTH,sequence=339141,truth_tick_us=679175589,mechanical_angle_rad=6.165069103,valid=1,read_failures=0"
dengfoc,"SYNC_TRUTH,sequence=339142,truth_tick_us=679177593,mechanical_angle_rad=6.165069103,valid=1,read_failures=0"
dengfoc,"SYNC_TRUTH,sequence=339143,truth_tick_us=679179589,mechanical_angle_rad=6.165069103,valid=1,read_failures=0"
dengfoc,"SYNC_TRUTH,sequence=339144,truth_tick_us=679181593,mechanical_angle_rad=6.165069103,valid=1,read_failures=0"
dengfoc,"SYNC_TRUTH,sequence=339145,truth_tick_us=679183589,mechanical_angle_rad=6.165069103,valid=1,read_failures=0"
dengfoc,"SYNC_TRUTH,sequence=339146,truth_tick_us=679185593,mechanical_angle_rad=6.165069103,valid=1,read_failures=0"
dengfoc,"SYNC_TRUTH,sequence=339147,truth_tick_us=679187589,mechanical_angle_rad=6.165069103,valid=1,read_failures=0"
dengfoc,"SYNC_TRUTH,sequence=339148,truth_tick_us=679189593,mechanical_angle_rad=6.165069103,valid=1,read_failures=0"
dengfoc,"SYNC_TRUTH,sequence=339149,truth_tick_us=679191589,mechanical_angle_rad=6.165069103,valid=1,read_failures=0"
dengfoc,"SYNC_TRUTH,sequence=339150,truth_tick_us=679193593,mechanical_angle_rad=6.165069103,valid=1,read_failures=0"
dengfoc,"SYNC_TRUTH,sequence=339151,truth_tick_us=679195589,mechanical_angle_rad=6.165069103,valid=1,read_failures=0"
dengfoc,"SYNC_TRUTH,sequence=339152,truth_tick_us=679197593,mechanical_angle_rad=6.165069103,valid=1,read_failures=0"
dengfoc,"SYNC_TRUTH,sequence=339153,truth_tick_us=679199589,mechanical_angle_rad=6.165069103,valid=1,read_failures=0"
dengfoc,"SYNC_TRUTH,sequence=339154,truth_tick_us=679201593,mechanical_angle_rad=6.165069103,valid=1,read_failures=0"
dengfoc,"SYNC_TRUTH,sequence=339155,truth_tick_us=679203589,mechanical_angle_rad=6.165069103,valid=1,read_failures=0"
dengfoc,"SYNC_TRUTH,sequence=339156,truth_tick_us=679205593,mechanical_angle_rad=6.165069103,valid=1,read_failures=0"
dengfoc,"SYNC_TRUTH,sequence=339157,truth_tick_us=679207589,mechanical_angle_rad=6.165069103,valid=1,read_failures=0"
dengfoc,"SYNC_TRUTH,sequence=339158,truth_tick_us=679209593,mechanical_angle_rad=6.165069103,valid=1,read_failures=0"
dengfoc,"SYNC_TRUTH,sequence=339159,truth_tick_us=679211589,mechanical_angle_rad=6.165069103,valid=1,read_failures=0"
dengfoc,"SYNC_TRUTH,sequence=339160,truth_tick_us=679213593,mechanical_angle_rad=6.165069103,valid=1,read_failures=0"
dengfoc,"SYNC_TRUTH,sequence=339161,truth_tick_us=679215589,mechanical_angle_rad=6.165069103,valid=1,read_failures=0"
dengfoc,"SYNC_TRUTH,sequence=339162,truth_tick_us=679217593,mechanical_angle_rad=6.165069103,valid=1,read_failures=0"
dengfoc,"SYNC_TRUTH,sequence=339163,truth_tick_us=679219589,mechanical_angle_rad=6.165069103,valid=1,read_failures=0"
dengfoc,"SYNC_TRUTH,sequence=339164,truth_tick_us=679221593,mechanical_angle_rad=6.165069103,valid=1,read_failures=0"
dengfoc,"SYNC_TRUTH,sequence=339165,truth_tick_us=679223589,mechanical_angle_rad=6.165069103,valid=1,read_failures=0"
dengfoc,"SYNC_TRUTH,sequence=339166,truth_tick_us=679225593,mechanical_angle_rad=6.165069103,valid=1,read_failures=0"
dengfoc,"SYNC_TRUTH,sequence=339167,truth_tick_us=679227589,mechanical_angle_rad=6.165069103,valid=1,read_failures=0"
dengfoc,"SYNC_TRUTH,sequence=339168,truth_tick_us=679229593,mechanical_angle_rad=6.165069103,valid=1,read_failures=0"
dengfoc,"SYNC_TRUTH,sequence=339169,truth_tick_us=679231589,mechanical_angle_rad=6.165069103,valid=1,read_failures=0"
dengfoc,"SYNC_TRUTH,sequence=339170,truth_tick_us=679233593,mechanical_angle_rad=6.165069103,valid=1,read_failures=0"
dengfoc,"SYNC_TRUTH,sequence=339171,truth_tick_us=679235589,mechanical_angle_rad=6.165069103,valid=1,read_failures=0"
dengfoc,"SYNC_TRUTH,sequence=339172,truth_tick_us=679237593,mechanical_angle_rad=6.165069103,valid=1,read_failures=0"
dengfoc,"SYNC_TRUTH,sequence=339173,truth_tick_us=679239589,mechanical_angle_rad=6.165069103,valid=1,read_failures=0"
dengfoc,"SYNC_TRUTH,sequence=339174,truth_tick_us=679241593,mechanical_angle_rad=6.165069103,valid=1,read_failures=0"
dengfoc,"SYNC_TRUTH,sequence=339175,truth_tick_us=679243589,mechanical_angle_rad=6.165069103,valid=1,read_failures=0"
dengfoc,"SYNC_TRUTH,sequence=339176,truth_tick_us=679245593,mechanical_angle_rad=6.165069103,valid=1,read_failures=0"
dengfoc,"SYNC_TRUTH,sequence=339177,truth_tick_us=679247589,mechanical_angle_rad=6.165069103,valid=1,read_failures=0"
dengfoc,"SYNC_TRUTH,sequence=339178,truth_tick_us=679249593,mechanical_angle_rad=6.165069103,valid=1,read_failures=0"
dengfoc,"SYNC_TRUTH,sequence=339179,truth_tick_us=679251589,mechanical_angle_rad=6.165069103,valid=1,read_failures=0"
dengfoc,"SYNC_TRUTH,sequence=339180,truth_tick_us=679253593,mechanical_angle_rad=6.165069103,valid=1,read_failures=0"
dengfoc,"SYNC_TRUTH,sequence=339181,truth_tick_us=679255589,mechanical_angle_rad=6.165069103,valid=1,read_failures=0"
dengfoc,"SYNC_TRUTH,sequence=339182,truth_tick_us=679257593,mechanical_angle_rad=6.165069103,valid=1,read_failures=0"
dengfoc,"SYNC_TRUTH,sequence=339183,truth_tick_us=679259589,mechanical_angle_rad=6.165069103,valid=1,read_failures=0"
dengfoc,"SYNC_TRUTH,sequence=339184,truth_tick_us=679261593,mechanical_angle_rad=6.165069103,valid=1,read_failures=0"
dengfoc,"SYNC_TRUTH,sequence=339185,truth_tick_us=679263589,mechanical_angle_rad=6.165069103,valid=1,read_failures=0"
dengfoc,"SYNC_TRUTH,sequence=339186,truth_tick_us=679265593,mechanical_angle_rad=6.165069103,valid=1,read_failures=0"
dengfoc,"SYNC_TRUTH,sequence=339187,truth_tick_us=679267589,mechanical_angle_rad=6.165069103,valid=1,read_failures=0"
dengfoc,"SYNC_TRUTH,sequence=339188,truth_tick_us=679269593,mechanical_angle_rad=6.165069103,valid=1,read_failures=0"
dengfoc,"SYNC_TRUTH,sequence=339189,truth_tick_us=679271589,mechanical_angle_rad=6.165069103,valid=1,read_failures=0"
dengfoc,"SYNC_TRUTH,sequence=339190,truth_tick_us=679273593,mechanical_angle_rad=6.165069103,valid=1,read_failures=0"
dengfoc,"SYNC_TRUTH,sequence=339191,truth_tick_us=679275589,mechanical_angle_rad=6.165069103,valid=1,read_failures=0"
dengfoc,"SYNC_TRUTH,sequence=339192,truth_tick_us=679277593,mechanical_angle_rad=6.165069103,valid=1,read_failures=0"
dengfoc,"SYNC_TRUTH,sequence=339193,truth_tick_us=679279589,mechanical_angle_rad=6.165069103,valid=1,read_failures=0"
dengfoc,"SYNC_TRUTH,sequence=339194,truth_tick_us=679281593,mechanical_angle_rad=6.165069103,valid=1,read_failures=0"
dengfoc,"SYNC_TRUTH,sequence=339195,truth_tick_us=679283589,mechanical_angle_rad=6.165069103,valid=1,read_failures=0"
dengfoc,"SYNC_TRUTH,sequence=339196,truth_tick_us=679285593,mechanical_angle_rad=6.165069103,valid=1,read_failures=0"
dengfoc,"SYNC_TRUTH,sequence=339197,truth_tick_us=679287589,mechanical_angle_rad=6.165069103,valid=1,read_failures=0"
dengfoc,"SYNC_TRUTH,sequence=339198,truth_tick_us=679289593,mechanical_angle_rad=6.165069103,valid=1,read_failures=0"
dengfoc,"SYNC_TRUTH,sequence=339199,truth_tick_us=679291589,mechanical_angle_rad=6.165069103,valid=1,read_failures=0"
dengfoc,"SYNC_TRUTH,sequence=339200,truth_tick_us=679293593,mechanical_angle_rad=6.165069103,valid=1,read_failures=0"
dengfoc,"SYNC_TRUTH,sequence=339201,truth_tick_us=679295589,mechanical_angle_rad=6.165069103,valid=1,read_failures=0"
dengfoc,"SYNC_TRUTH,sequence=339202,truth_tick_us=679297593,mechanical_angle_rad=6.165069103,valid=1,read_failures=0"
dengfoc,"SYNC_TRUTH,sequence=339203,truth_tick_us=679299589,mechanical_angle_rad=6.165069103,valid=1,read_failures=0"
dengfoc,"SYNC_TRUTH,sequence=339204,truth_tick_us=679301593,mechanical_angle_rad=6.165069103,valid=1,read_failures=0"
dengfoc,"SYNC_TRUTH,sequence=339205,truth_tick_us=679303589,mechanical_angle_rad=6.165069103,valid=1,read_failures=0"
dengfoc,"SYNC_TRUTH,sequence=339206,truth_tick_us=679305593,mechanical_angle_rad=6.165069103,valid=1,read_failures=0"
dengfoc,"SYNC_TRUTH,sequence=339207,truth_tick_us=679307589,mechanical_angle_rad=6.165069103,valid=1,read_failures=0"
dengfoc,"SYNC_TRUTH,sequence=339208,truth_tick_us=679309593,mechanical_angle_rad=6.165069103,valid=1,read_failures=0"
dengfoc,"SYNC_TRUTH,sequence=339209,truth_tick_us=679311589,mechanical_angle_rad=6.165069103,valid=1,read_failures=0"
dengfoc,"SYNC_TRUTH,sequence=339210,truth_tick_us=679313593,mechanical_angle_rad=6.165069103,valid=1,read_failures=0"
dengfoc,"SYNC_TRUTH,sequence=339211,truth_tick_us=679315589,mechanical_angle_rad=6.165069103,valid=1,read_failures=0"
dengfoc,"SYNC_TRUTH,sequence=339212,truth_tick_us=679317593,mechanical_angle_rad=6.165069103,valid=1,read_failures=0"
dengfoc,"SYNC_TRUTH,sequence=339213,truth_tick_us=679319589,mechanical_angle_rad=6.165069103,valid=1,read_failures=0"
dengfoc,"SYNC_TRUTH,sequence=339214,truth_tick_us=679321593,mechanical_angle_rad=6.165069103,valid=1,read_failures=0"
dengfoc,"SYNC_TRUTH,sequence=339215,truth_tick_us=679323589,mechanical_angle_rad=6.165069103,valid=1,read_failures=0"
dengfoc,"SYNC_TRUTH,sequence=339216,truth_tick_us=679325593,mechanical_angle_rad=6.165069103,valid=1,read_failures=0"
dengfoc,"SYNC_TRUTH,sequence=339217,truth_tick_us=679327589,mechanical_angle_rad=6.165069103,valid=1,read_failures=0"
dengfoc,"SYNC_TRUTH,sequence=339218,truth_tick_us=679329593,mechanical_angle_rad=6.165069103,valid=1,read_failures=0"
dengfoc,"SYNC_TRUTH,sequence=339219,truth_tick_us=679331589,mechanical_angle_rad=6.165069103,valid=1,read_failures=0"
dengfoc,"SYNC_TRUTH,sequence=339220,truth_tick_us=679333593,mechanical_angle_rad=6.165069103,valid=1,read_failures=0"
dengfoc,"SYNC_TRUTH,sequence=339221,truth_tick_us=679335589,mechanical_angle_rad=6.165069103,valid=1,read_failures=0"
dengfoc,"SYNC_TRUTH,sequence=339222,truth_tick_us=679337593,mechanical_angle_rad=6.165069103,valid=1,read_failures=0"
dengfoc,"SYNC_TRUTH,sequence=339223,truth_tick_us=679339589,mechanical_angle_rad=6.165069103,valid=1,read_failures=0"
dengfoc,"SYNC_TRUTH,sequence=339224,truth_tick_us=679341593,mechanical_angle_rad=6.165069103,valid=1,read_failures=0"
dengfoc,"SYNC_TRUTH,sequence=339225,truth_tick_us=679343589,mechanical_angle_rad=6.165069103,valid=1,read_failures=0"
dengfoc,"SYNC_TRUTH,sequence=339226,truth_tick_us=679345593,mechanical_angle_rad=6.165069103,valid=1,read_failures=0"
dengfoc,"SYNC_TRUTH,sequence=339227,truth_tick_us=679347589,mechanical_angle_rad=6.165069103,valid=1,read_failures=0"
dengfoc,"SYNC_TRUTH,sequence=339228,truth_tick_us=679349593,mechanical_angle_rad=6.165069103,valid=1,read_failures=0"
dengfoc,"SYNC_TRUTH,sequence=339229,truth_tick_us=679351589,mechanical_angle_rad=6.165069103,valid=1,read_failures=0"
dengfoc,"SYNC_TRUTH,sequence=339230,truth_tick_us=679353593,mechanical_angle_rad=6.165069103,valid=1,read_failures=0"
dengfoc,"SYNC_TRUTH,sequence=339231,truth_tick_us=679355589,mechanical_angle_rad=6.165069103,valid=1,read_failures=0"
dengfoc,"SYNC_TRUTH,sequence=339232,truth_tick_us=679357593,mechanical_angle_rad=6.165069103,valid=1,read_failures=0"
dengfoc,"SYNC_TRUTH,sequence=339233,truth_tick_us=679359589,mechanical_angle_rad=6.165069103,valid=1,read_failures=0"
dengfoc,"SYNC_TRUTH,sequence=339234,truth_tick_us=679361593,mechanical_angle_rad=6.165069103,valid=1,read_failures=0"
dengfoc,"SYNC_TRUTH,sequence=339235,truth_tick_us=679363589,mechanical_angle_rad=6.165069103,valid=1,read_failures=0"
dengfoc,"SYNC_TRUTH,sequence=339236,truth_tick_us=679365593,mechanical_angle_rad=6.165069103,valid=1,read_failures=0"
dengfoc,"SYNC_TRUTH,sequence=339237,truth_tick_us=679367589,mechanical_angle_rad=6.165069103,valid=1,read_failures=0"
dengfoc,"SYNC_TRUTH,sequence=339238,truth_tick_us=679369593,mechanical_angle_rad=6.165069103,valid=1,read_failures=0"
dengfoc,"SYNC_TRUTH,sequence=339239,truth_tick_us=679371589,mechanical_angle_rad=6.165069103,valid=1,read_failures=0"
dengfoc,"SYNC_TRUTH,sequence=339240,truth_tick_us=679373593,mechanical_angle_rad=6.165069103,valid=1,read_failures=0"
dengfoc,"SYNC_TRUTH,sequence=339241,truth_tick_us=679375589,mechanical_angle_rad=6.165069103,valid=1,read_failures=0"
dengfoc,"SYNC_TRUTH,sequence=339242,truth_tick_us=679377593,mechanical_angle_rad=6.165069103,valid=1,read_failures=0"
dengfoc,"SYNC_TRUTH,sequence=339243,truth_tick_us=679379589,mechanical_angle_rad=6.165069103,valid=1,read_failures=0"
dengfoc,"SYNC_TRUTH,sequence=339244,truth_tick_us=679381593,mechanical_angle_rad=6.165069103,valid=1,read_failures=0"
dengfoc,"SYNC_TRUTH,sequence=339245,truth_tick_us=679383589,mechanical_angle_rad=6.165069103,valid=1,read_failures=0"
dengfoc,"SYNC_TRUTH,sequence=339246,truth_tick_us=679385593,mechanical_angle_rad=6.165069103,valid=1,read_failures=0"
dengfoc,"SYNC_TRUTH,sequence=339247,truth_tick_us=679387589,mechanical_angle_rad=6.165069103,valid=1,read_failures=0"
dengfoc,"SYNC_TRUTH,sequence=339248,truth_tick_us=679389593,mechanical_angle_rad=6.165069103,valid=1,read_failures=0"
dengfoc,"SYNC_TRUTH,sequence=339249,truth_tick_us=679391589,mechanical_angle_rad=6.165069103,valid=1,read_failures=0"
dengfoc,"SYNC_TRUTH,sequence=339250,truth_tick_us=679393593,mechanical_angle_rad=6.165069103,valid=1,read_failures=0"
dengfoc,"SYNC_TRUTH,sequence=339251,truth_tick_us=679395589,mechanical_angle_rad=6.165069103,valid=1,read_failures=0"
dengfoc,"SYNC_TRUTH,sequence=339252,truth_tick_us=679397593,mechanical_angle_rad=6.165069103,valid=1,read_failures=0"
dengfoc,"SYNC_TRUTH,sequence=339253,truth_tick_us=679399589,mechanical_angle_rad=6.165069103,valid=1,read_failures=0"
dengfoc,"SYNC_TRUTH,sequence=339254,truth_tick_us=679401593,mechanical_angle_rad=6.165069103,valid=1,read_failures=0"
dengfoc,"SYNC_TRUTH,sequence=339255,truth_tick_us=679403589,mechanical_angle_rad=6.165069103,valid=1,read_failures=0"
dengfoc,"SYNC_TRUTH,sequence=339256,truth_tick_us=679405593,mechanical_angle_rad=6.165069103,valid=1,read_failures=0"
dengfoc,"SYNC_TRUTH,sequence=339257,truth_tick_us=679407589,mechanical_angle_rad=6.165069103,valid=1,read_failures=0"
dengfoc,"SYNC_TRUTH,sequence=339258,truth_tick_us=679409593,mechanical_angle_rad=6.165069103,valid=1,read_failures=0"
dengfoc,"SYNC_TRUTH,sequence=339259,truth_tick_us=679411589,mechanical_angle_rad=6.165069103,valid=1,read_failures=0"
dengfoc,"SYNC_TRUTH,sequence=339260,truth_tick_us=679413593,mechanical_angle_rad=6.165069103,valid=1,read_failures=0"
dengfoc,"SYNC_TRUTH,sequence=339261,truth_tick_us=679415589,mechanical_angle_rad=6.165069103,valid=1,read_failures=0"
dengfoc,"SYNC_TRUTH,sequence=339262,truth_tick_us=679417593,mechanical_angle_rad=6.165069103,valid=1,read_failures=0"
dengfoc,"SYNC_TRUTH,sequence=339263,truth_tick_us=679419589,mechanical_angle_rad=6.165069103,valid=1,read_failures=0"
dengfoc,"SYNC_TRUTH,sequence=339264,truth_tick_us=679421593,mechanical_angle_rad=6.165069103,valid=1,read_failures=0"
dengfoc,"SYNC_TRUTH,sequence=339265,truth_tick_us=679423589,mechanical_angle_rad=6.165069103,valid=1,read_failures=0"
dengfoc,"SYNC_TRUTH,sequence=339266,truth_tick_us=679425593,mechanical_angle_rad=6.165069103,valid=1,read_failures=0"
dengfoc,"SYNC_TRUTH,sequence=339267,truth_tick_us=679427589,mechanical_angle_rad=6.165069103,valid=1,read_failures=0"
dengfoc,"SYNC_TRUTH,sequence=339268,truth_tick_us=679429593,mechanical_angle_rad=6.165069103,valid=1,read_failures=0"
dengfoc,"SYNC_TRUTH,sequence=339269,truth_tick_us=679431589,mechanical_angle_rad=6.165069103,valid=1,read_failures=0"
dengfoc,"SYNC_TRUTH,sequence=339270,truth_tick_us=679433593,mechanical_angle_rad=6.165069103,valid=1,read_failures=0"
dengfoc,"SYNC_TRUTH,sequence=339271,truth_tick_us=679435589,mechanical_angle_rad=6.165069103,valid=1,read_failures=0"
dengfoc,"SYNC_TRUTH,sequence=339272,truth_tick_us=679437593,mechanical_angle_rad=6.165069103,valid=1,read_failures=0"
dengfoc,"SYNC_TRUTH,sequence=339273,truth_tick_us=679439589,mechanical_angle_rad=6.165069103,valid=1,read_failures=0"
dengfoc,"SYNC_TRUTH,sequence=339274,truth_tick_us=679441593,mechanical_angle_rad=6.165069103,valid=1,read_failures=0"
dengfoc,"SYNC_TRUTH,sequence=339275,truth_tick_us=679443589,mechanical_angle_rad=6.165069103,valid=1,read_failures=0"
dengfoc,"SYNC_TRUTH,sequence=339276,truth_tick_us=679445593,mechanical_angle_rad=6.165069103,valid=1,read_failures=0"
dengfoc,"SYNC_TRUTH,sequence=339277,truth_tick_us=679447589,mechanical_angle_rad=6.165069103,valid=1,read_failures=0"
dengfoc,"SYNC_TRUTH,sequence=339278,truth_tick_us=679449593,mechanical_angle_rad=6.165069103,valid=1,read_failures=0"
dengfoc,"SYNC_TRUTH,sequence=339279,truth_tick_us=679451589,mechanical_angle_rad=6.165069103,valid=1,read_failures=0"
dengfoc,"SYNC_TRUTH,sequence=339280,truth_tick_us=679453593,mechanical_angle_rad=6.165069103,valid=1,read_failures=0"
dengfoc,"SYNC_TRUTH,sequence=339281,truth_tick_us=679455589,mechanical_angle_rad=6.165069103,valid=1,read_failures=0"
dengfoc,"SYNC_TRUTH,sequence=339282,truth_tick_us=679457593,mechanical_angle_rad=6.165069103,valid=1,read_failures=0"
dengfoc,"SYNC_TRUTH,sequence=339283,truth_tick_us=679459589,mechanical_angle_rad=6.165069103,valid=1,read_failures=0"
dengfoc,"SYNC_TRUTH,sequence=339284,truth_tick_us=679461593,mechanical_angle_rad=6.165069103,valid=1,read_failures=0"
dengfoc,"SYNC_TRUTH,sequence=339285,truth_tick_us=679463589,mechanical_angle_rad=6.165069103,valid=1,read_failures=0"
dengfoc,"SYNC_TRUTH,sequence=339286,truth_tick_us=679465593,mechanical_angle_rad=6.165069103,valid=1,read_failures=0"
dengfoc,"SYNC_TRUTH,sequence=339287,truth_tick_us=679467589,mechanical_angle_rad=6.165069103,valid=1,read_failures=0"
dengfoc,"SYNC_TRUTH,sequence=339288,truth_tick_us=679469593,mechanical_angle_rad=6.165069103,valid=1,read_failures=0"
dengfoc,"SYNC_TRUTH,sequence=339289,truth_tick_us=679471589,mechanical_angle_rad=6.165069103,valid=1,read_failures=0"
dengfoc,"SYNC_TRUTH,sequence=339290,truth_tick_us=679473593,mechanical_angle_rad=6.165069103,valid=1,read_failures=0"
dengfoc,"SYNC_TRUTH,sequence=339291,truth_tick_us=679475589,mechanical_angle_rad=6.165069103,valid=1,read_failures=0"
dengfoc,"SYNC_TRUTH,sequence=339292,truth_tick_us=679477593,mechanical_angle_rad=6.165069103,valid=1,read_failures=0"
dengfoc,"SYNC_TRUTH,sequence=339293,truth_tick_us=679479589,mechanical_angle_rad=6.165069103,valid=1,read_failures=0"
dengfoc,"SYNC_TRUTH,sequence=339294,truth_tick_us=679481593,mechanical_angle_rad=6.165069103,valid=1,read_failures=0"
dengfoc,"SYNC_TRUTH,sequence=339295,truth_tick_us=679483589,mechanical_angle_rad=6.165069103,valid=1,read_failures=0"
dengfoc,"SYNC_TRUTH,sequence=339296,truth_tick_us=679485593,mechanical_angle_rad=6.165069103,valid=1,read_failures=0"
dengfoc,"SYNC_TRUTH,sequence=339297,truth_tick_us=679487589,mechanical_angle_rad=6.165069103,valid=1,read_failures=0"
dengfoc,"SYNC_TRUTH,sequence=339298,truth_tick_us=679489593,mechanical_angle_rad=6.165069103,valid=1,read_failures=0"
dengfoc,"SYNC_TRUTH,sequence=339299,truth_tick_us=679491589,mechanical_angle_rad=6.165069103,valid=1,read_failures=0"
dengfoc,"SYNC_TRUTH,sequence=339300,truth_tick_us=679493593,mechanical_angle_rad=6.165069103,valid=1,read_failures=0"
dengfoc,"SYNC_TRUTH,sequence=339301,truth_tick_us=679495589,mechanical_angle_rad=6.165069103,valid=1,read_failures=0"
dengfoc,"SYNC_TRUTH,sequence=339302,truth_tick_us=679497593,mechanical_angle_rad=6.165069103,valid=1,read_failures=0"
dengfoc,"SYNC_TRUTH,sequence=339303,truth_tick_us=679499589,mechanical_angle_rad=6.165069103,valid=1,read_failures=0"
dengfoc,"SYNC_TRUTH,sequence=339304,truth_tick_us=679501593,mechanical_angle_rad=6.165069103,valid=1,read_failures=0"
dengfoc,"SYNC_TRUTH,sequence=339305,truth_tick_us=679503589,mechanical_angle_rad=6.165069103,valid=1,read_failures=0"
dengfoc,"SYNC_TRUTH,sequence=339306,truth_tick_us=679505593,mechanical_angle_rad=6.165069103,valid=1,read_failures=0"
dengfoc,"SYNC_TRUTH,sequence=339307,truth_tick_us=679507589,mechanical_angle_rad=6.165069103,valid=1,read_failures=0"
dengfoc,"SYNC_TRUTH,sequence=339308,truth_tick_us=679509593,mechanical_angle_rad=6.165069103,valid=1,read_failures=0"
dengfoc,"SYNC_TRUTH,sequence=339309,truth_tick_us=679511589,mechanical_angle_rad=6.165069103,valid=1,read_failures=0"
dengfoc,"SYNC_TRUTH,sequence=339310,truth_tick_us=679513593,mechanical_angle_rad=6.165069103,valid=1,read_failures=0"
dengfoc,"SYNC_TRUTH,sequence=339311,truth_tick_us=679515589,mechanical_angle_rad=6.165069103,valid=1,read_failures=0"
dengfoc,"SYNC_TRUTH,sequence=339312,truth_tick_us=679517593,mechanical_angle_rad=6.165069103,valid=1,read_failures=0"
dengfoc,"SYNC_TRUTH,sequence=339313,truth_tick_us=679519589,mechanical_angle_rad=6.165069103,valid=1,read_failures=0"
dengfoc,"SYNC_TRUTH,sequence=339314,truth_tick_us=679521593,mechanical_angle_rad=6.165069103,valid=1,read_failures=0"
dengfoc,"SYNC_TRUTH,sequence=339315,truth_tick_us=679523589,mechanical_angle_rad=6.165069103,valid=1,read_failures=0"
dengfoc,"SYNC_TRUTH,sequence=339316,truth_tick_us=679525593,mechanical_angle_rad=6.165069103,valid=1,read_failures=0"
dengfoc,"SYNC_TRUTH,sequence=339317,truth_tick_us=679527589,mechanical_angle_rad=6.165069103,valid=1,read_failures=0"
dengfoc,"SYNC_TRUTH,sequence=339318,truth_tick_us=679529593,mechanical_angle_rad=6.165069103,valid=1,read_failures=0"
dengfoc,"SYNC_TRUTH,sequence=339319,truth_tick_us=679531589,mechanical_angle_rad=6.165069103,valid=1,read_failures=0"
dengfoc,"SYNC_TRUTH,sequence=339320,truth_tick_us=679533593,mechanical_angle_rad=6.165069103,valid=1,read_failures=0"
dengfoc,"SYNC_TRUTH,sequence=339321,truth_tick_us=679535589,mechanical_angle_rad=6.165069103,valid=1,read_failures=0"
dengfoc,"SYNC_TRUTH,sequence=339322,truth_tick_us=679537593,mechanical_angle_rad=6.165069103,valid=1,read_failures=0"
dengfoc,"SYNC_TRUTH,sequence=339323,truth_tick_us=679539589,mechanical_angle_rad=6.165069103,valid=1,read_failures=0"
dengfoc,"SYNC_TRUTH,sequence=339324,truth_tick_us=679541593,mechanical_angle_rad=6.165069103,valid=1,read_failures=0"
dengfoc,"SYNC_TRUTH,sequence=339325,truth_tick_us=679543589,mechanical_angle_rad=6.165069103,valid=1,read_failures=0"
dengfoc,"SYNC_TRUTH,sequence=339326,truth_tick_us=679545593,mechanical_angle_rad=6.165069103,valid=1,read_failures=0"
dengfoc,"SYNC_TRUTH,sequence=339327,truth_tick_us=679547589,mechanical_angle_rad=6.165069103,valid=1,read_failures=0"
dengfoc,"SYNC_TRUTH,sequence=339328,truth_tick_us=679549593,mechanical_angle_rad=6.165069103,valid=1,read_failures=0"
dengfoc,"SYNC_TRUTH,sequence=339329,truth_tick_us=679551589,mechanical_angle_rad=6.165069103,valid=1,read_failures=0"
dengfoc,"SYNC_TRUTH,sequence=339330,truth_tick_us=679553593,mechanical_angle_rad=6.165069103,valid=1,read_failures=0"
dengfoc,"SYNC_TRUTH,sequence=339331,truth_tick_us=679555589,mechanical_angle_rad=6.165069103,valid=1,read_failures=0"
dengfoc,"SYNC_TRUTH,sequence=339332,truth_tick_us=679557593,mechanical_angle_rad=6.165069103,valid=1,read_failures=0"
dengfoc,"SYNC_TRUTH,sequence=339333,truth_tick_us=679559589,mechanical_angle_rad=6.165069103,valid=1,read_failures=0"
dengfoc,"SYNC_TRUTH,sequence=339334,truth_tick_us=679561593,mechanical_angle_rad=6.165069103,valid=1,read_failures=0"
dengfoc,"SYNC_TRUTH,sequence=339335,truth_tick_us=679563589,mechanical_angle_rad=6.165069103,valid=1,read_failures=0"
dengfoc,"SYNC_TRUTH,sequence=339336,truth_tick_us=679565593,mechanical_angle_rad=6.165069103,valid=1,read_failures=0"
dengfoc,"SYNC_TRUTH,sequence=339337,truth_tick_us=679567589,mechanical_angle_rad=6.165069103,valid=1,read_failures=0"
dengfoc,"SYNC_TRUTH,sequence=339338,truth_tick_us=679569593,mechanical_angle_rad=6.165069103,valid=1,read_failures=0"
dengfoc,"SYNC_TRUTH,sequence=339339,truth_tick_us=679571589,mechanical_angle_rad=6.165069103,valid=1,read_failures=0"
dengfoc,"SYNC_TRUTH,sequence=339340,truth_tick_us=679573593,mechanical_angle_rad=6.165069103,valid=1,read_failures=0"
dengfoc,"SYNC_TRUTH,sequence=339341,truth_tick_us=679575589,mechanical_angle_rad=6.165069103,valid=1,read_failures=0"
dengfoc,"SYNC_TRUTH,sequence=339342,truth_tick_us=679577593,mechanical_angle_rad=6.165069103,valid=1,read_failures=0"
dengfoc,"SYNC_TRUTH,sequence=339343,truth_tick_us=679579589,mechanical_angle_rad=6.165069103,valid=1,read_failures=0"
dengfoc,"SYNC_TRUTH,sequence=339344,truth_tick_us=679581593,mechanical_angle_rad=6.165069103,valid=1,read_failures=0"
dengfoc,"SYNC_TRUTH,sequence=339345,truth_tick_us=679583589,mechanical_angle_rad=6.165069103,valid=1,read_failures=0"
dengfoc,"SYNC_TRUTH,sequence=339346,truth_tick_us=679585593,mechanical_angle_rad=6.165069103,valid=1,read_failures=0"
dengfoc,"SYNC_TRUTH,sequence=339347,truth_tick_us=679587589,mechanical_angle_rad=6.165069103,valid=1,read_failures=0"
dengfoc,"SYNC_TRUTH,sequence=339348,truth_tick_us=679589593,mechanical_angle_rad=6.165069103,valid=1,read_failures=0"
dengfoc,"SYNC_TRUTH,sequence=339349,truth_tick_us=679591589,mechanical_angle_rad=6.165069103,valid=1,read_failures=0"
dengfoc,"SYNC_TRUTH,sequence=339350,truth_tick_us=679593593,mechanical_angle_rad=6.165069103,valid=1,read_failures=0"
dengfoc,"SYNC_TRUTH,sequence=339351,truth_tick_us=679595589,mechanical_angle_rad=6.165069103,valid=1,read_failures=0"
dengfoc,"SYNC_TRUTH,sequence=339352,truth_tick_us=679597593,mechanical_angle_rad=6.165069103,valid=1,read_failures=0"
dengfoc,"SYNC_TRUTH,sequence=339353,truth_tick_us=679599589,mechanical_angle_rad=6.165069103,valid=1,read_failures=0"
dengfoc,"SYNC_TRUTH,sequence=339354,truth_tick_us=679601593,mechanical_angle_rad=6.165069103,valid=1,read_failures=0"
dengfoc,"SYNC_TRUTH,sequence=339355,truth_tick_us=679603589,mechanical_angle_rad=6.165069103,valid=1,read_failures=0"
dengfoc,"SYNC_TRUTH,sequence=339356,truth_tick_us=679605593,mechanical_angle_rad=6.165069103,valid=1,read_failures=0"
dengfoc,"SYNC_TRUTH,sequence=339357,truth_tick_us=679607589,mechanical_angle_rad=6.165069103,valid=1,read_failures=0"
dengfoc,"SYNC_TRUTH,sequence=339358,truth_tick_us=679609593,mechanical_angle_rad=6.165069103,valid=1,read_failures=0"
dengfoc,"SYNC_TRUTH,sequence=339359,truth_tick_us=679611589,mechanical_angle_rad=6.165069103,valid=1,read_failures=0"
dengfoc,"SYNC_TRUTH,sequence=339360,truth_tick_us=679613593,mechanical_angle_rad=6.165069103,valid=1,read_failures=0"
dengfoc,"SYNC_TRUTH,sequence=339361,truth_tick_us=679615589,mechanical_angle_rad=6.165069103,valid=1,read_failures=0"
dengfoc,"SYNC_TRUTH,sequence=339362,truth_tick_us=679617593,mechanical_angle_rad=6.165069103,valid=1,read_failures=0"
dengfoc,"SYNC_TRUTH,sequence=339363,truth_tick_us=679619589,mechanical_angle_rad=6.165069103,valid=1,read_failures=0"
dengfoc,"SYNC_TRUTH,sequence=339364,truth_tick_us=679621593,mechanical_angle_rad=6.165069103,valid=1,read_failures=0"
dengfoc,"SYNC_TRUTH,sequence=339365,truth_tick_us=679623589,mechanical_angle_rad=6.165069103,valid=1,read_failures=0"
dengfoc,"SYNC_TRUTH,sequence=339366,truth_tick_us=679625593,mechanical_angle_rad=6.165069103,valid=1,read_failures=0"
dengfoc,"SYNC_TRUTH,sequence=339367,truth_tick_us=679627589,mechanical_angle_rad=6.165069103,valid=1,read_failures=0"
dengfoc,"SYNC_TRUTH,sequence=339368,truth_tick_us=679629593,mechanical_angle_rad=6.165069103,valid=1,read_failures=0"
dengfoc,"SYNC_TRUTH,sequence=339369,truth_tick_us=679631589,mechanical_angle_rad=6.165069103,valid=1,read_failures=0"
dengfoc,"SYNC_TRUTH,sequence=339370,truth_tick_us=679633593,mechanical_angle_rad=6.165069103,valid=1,read_failures=0"
dengfoc,"SYNC_TRUTH,sequence=339371,truth_tick_us=679635589,mechanical_angle_rad=6.165069103,valid=1,read_failures=0"
dengfoc,"SYNC_TRUTH,sequence=339372,truth_tick_us=679637593,mechanical_angle_rad=6.165069103,valid=1,read_failures=0"
dengfoc,"SYNC_TRUTH,sequence=339373,truth_tick_us=679639589,mechanical_angle_rad=6.165069103,valid=1,read_failures=0"
dengfoc,"SYNC_TRUTH,sequence=339374,truth_tick_us=679641593,mechanical_angle_rad=6.165069103,valid=1,read_failures=0"
dengfoc,"SYNC_TRUTH,sequence=339375,truth_tick_us=679643589,mechanical_angle_rad=6.165069103,valid=1,read_failures=0"
dengfoc,"SYNC_TRUTH,sequence=339376,truth_tick_us=679645593,mechanical_angle_rad=6.165069103,valid=1,read_failures=0"
dengfoc,"SYNC_TRUTH,sequence=339377,truth_tick_us=679647589,mechanical_angle_rad=6.165069103,valid=1,read_failures=0"
dengfoc,"SYNC_TRUTH,sequence=339378,truth_tick_us=679649593,mechanical_angle_rad=6.165069103,valid=1,read_failures=0"
dengfoc,"SYNC_TRUTH,sequence=339379,truth_tick_us=679651589,mechanical_angle_rad=6.165069103,valid=1,read_failures=0"
dengfoc,"SYNC_TRUTH,sequence=339380,truth_tick_us=679653593,mechanical_angle_rad=6.165069103,valid=1,read_failures=0"
dengfoc,"SYNC_TRUTH,sequence=339381,truth_tick_us=679655589,mechanical_angle_rad=6.165069103,valid=1,read_failures=0"
dengfoc,"SYNC_TRUTH,sequence=339382,truth_tick_us=679657593,mechanical_angle_rad=6.165069103,valid=1,read_failures=0"
dengfoc,"SYNC_TRUTH,sequence=339383,truth_tick_us=679659589,mechanical_angle_rad=6.165069103,valid=1,read_failures=0"
dengfoc,"SYNC_TRUTH,sequence=339384,truth_tick_us=679661593,mechanical_angle_rad=6.165069103,valid=1,read_failures=0"
dengfoc,"SYNC_TRUTH,sequence=339385,truth_tick_us=679663589,mechanical_angle_rad=6.165069103,valid=1,read_failures=0"
dengfoc,"SYNC_TRUTH,sequence=339386,truth_tick_us=679665593,mechanical_angle_rad=6.165069103,valid=1,read_failures=0"
dengfoc,"SYNC_TRUTH,sequence=339387,truth_tick_us=679667589,mechanical_angle_rad=6.165069103,valid=1,read_failures=0"
dengfoc,"SYNC_TRUTH,sequence=339388,truth_tick_us=679669593,mechanical_angle_rad=6.165069103,valid=1,read_failures=0"
dengfoc,"SYNC_TRUTH,sequence=339389,truth_tick_us=679671589,mechanical_angle_rad=6.165069103,valid=1,read_failures=0"
dengfoc,"SYNC_TRUTH,sequence=339390,truth_tick_us=679673593,mechanical_angle_rad=6.165069103,valid=1,read_failures=0"
dengfoc,"SYNC_TRUTH,sequence=339391,truth_tick_us=679675589,mechanical_angle_rad=6.165069103,valid=1,read_failures=0"
dengfoc,"SYNC_TRUTH,sequence=339392,truth_tick_us=679677593,mechanical_angle_rad=6.165069103,valid=1,read_failures=0"
dengfoc,"SYNC_STATUS,frames=1,frame_fail=0,truth=339392,truth_fail=0,idle=0,capture_state=1,capture_failure=0,rejected=0,overflow=0,recovered=0,sync_level=0,driver_disabled=1"
dengfoc,"SYNC_TRUTH,sequence=339393,truth_tick_us=679680589,mechanical_angle_rad=6.165069103,valid=1,read_failures=0"
dengfoc,"SYNC_TRUTH,sequence=339394,truth_tick_us=679682593,mechanical_angle_rad=6.165069103,valid=1,read_failures=0"
dengfoc,"SYNC_TRUTH,sequence=339395,truth_tick_us=679684589,mechanical_angle_rad=6.165069103,valid=1,read_failures=0"
dengfoc,"SYNC_TRUTH,sequence=339396,truth_tick_us=679686593,mechanical_angle_rad=6.165069103,valid=1,read_failures=0"
dengfoc,"SYNC_TRUTH,sequence=339397,truth_tick_us=679688589,mechanical_angle_rad=6.165069103,valid=1,read_failures=0"
dengfoc,"SYNC_TRUTH,sequence=339398,truth_tick_us=679690593,mechanical_angle_rad=6.165069103,valid=1,read_failures=0"
dengfoc,"SYNC_TRUTH,sequence=339399,truth_tick_us=679692589,mechanical_angle_rad=6.165069103,valid=1,read_failures=0"
dengfoc,"SYNC_TRUTH,sequence=339400,truth_tick_us=679694593,mechanical_angle_rad=6.165069103,valid=1,read_failures=0"
dengfoc,"SYNC_TRUTH,sequence=339401,truth_tick_us=679696589,mechanical_angle_rad=6.165069103,valid=1,read_failures=0"
dengfoc,"SYNC_TRUTH,sequence=339402,truth_tick_us=679698593,mechanical_angle_rad=6.165069103,valid=1,read_failures=0"
dengfoc,"SYNC_TRUTH,sequence=339403,truth_tick_us=679700589,mechanical_angle_rad=6.165069103,valid=1,read_failures=0"
dengfoc,"SYNC_TRUTH,sequence=339404,truth_tick_us=679702593,mechanical_angle_rad=6.165069103,valid=1,read_failures=0"
dengfoc,"SYNC_TRUTH,sequence=339405,truth_tick_us=679704589,mechanical_angle_rad=6.165069103,valid=1,read_failures=0"
dengfoc,"SYNC_TRUTH,sequence=339406,truth_tick_us=679706593,mechanical_angle_rad=6.165069103,valid=1,read_failures=0"
dengfoc,"SYNC_TRUTH,sequence=339407,truth_tick_us=679708589,mechanical_angle_rad=6.165069103,valid=1,read_failures=0"
dengfoc,"SYNC_TRUTH,sequence=339408,truth_tick_us=679710593,mechanical_angle_rad=6.165069103,valid=1,read_failures=0"
dengfoc,"SYNC_TRUTH,sequence=339409,truth_tick_us=679712589,mechanical_angle_rad=6.165069103,valid=1,read_failures=0"
dengfoc,"SYNC_TRUTH,sequence=339410,truth_tick_us=679714593,mechanical_angle_rad=6.165069103,valid=1,read_failures=0"
dengfoc,"SYNC_TRUTH,sequence=339411,truth_tick_us=679716589,mechanical_angle_rad=6.165069103,valid=1,read_failures=0"
dengfoc,"SYNC_TRUTH,sequence=339412,truth_tick_us=679718593,mechanical_angle_rad=6.165069103,valid=1,read_failures=0"
dengfoc,"SYNC_TRUTH,sequence=339413,truth_tick_us=679720589,mechanical_angle_rad=6.165069103,valid=1,read_failures=0"
dengfoc,"SYNC_TRUTH,sequence=339414,truth_tick_us=679722593,mechanical_angle_rad=6.165069103,valid=1,read_failures=0"
dengfoc,"SYNC_TRUTH,sequence=339415,truth_tick_us=679724589,mechanical_angle_rad=6.165069103,valid=1,read_failures=0"
dengfoc,"SYNC_TRUTH,sequence=339416,truth_tick_us=679726593,mechanical_angle_rad=6.165069103,valid=1,read_failures=0"
dengfoc,"SYNC_TRUTH,sequence=339417,truth_tick_us=679728589,mechanical_angle_rad=6.165069103,valid=1,read_failures=0"
dengfoc,"SYNC_TRUTH,sequence=339418,truth_tick_us=679730593,mechanical_angle_rad=6.165069103,valid=1,read_failures=0"
dengfoc,"SYNC_TRUTH,sequence=339419,truth_tick_us=679732589,mechanical_angle_rad=6.165069103,valid=1,read_failures=0"
dengfoc,"SYNC_TRUTH,sequence=339420,truth_tick_us=679734593,mechanical_angle_rad=6.165069103,valid=1,read_failures=0"
dengfoc,"SYNC_TRUTH,sequence=339421,truth_tick_us=679736589,mechanical_angle_rad=6.165069103,valid=1,read_failures=0"
dengfoc,"SYNC_TRUTH,sequence=339422,truth_tick_us=679738593,mechanical_angle_rad=6.165069103,valid=1,read_failures=0"
dengfoc,"SYNC_TRUTH,sequence=339423,truth_tick_us=679740589,mechanical_angle_rad=6.165069103,valid=1,read_failures=0"
dengfoc,"SYNC_TRUTH,sequence=339424,truth_tick_us=679742593,mechanical_angle_rad=6.165069103,valid=1,read_failures=0"
dengfoc,"SYNC_TRUTH,sequence=339425,truth_tick_us=679744589,mechanical_angle_rad=6.165069103,valid=1,read_failures=0"
dengfoc,"SYNC_TRUTH,sequence=339426,truth_tick_us=679746593,mechanical_angle_rad=6.165069103,valid=1,read_failures=0"
dengfoc,"SYNC_TRUTH,sequence=339427,truth_tick_us=679748589,mechanical_angle_rad=6.165069103,valid=1,read_failures=0"
dengfoc,"SYNC_TRUTH,sequence=339428,truth_tick_us=679750593,mechanical_angle_rad=6.165069103,valid=1,read_failures=0"
dengfoc,"SYNC_TRUTH,sequence=339429,truth_tick_us=679752589,mechanical_angle_rad=6.165069103,valid=1,read_failures=0"
dengfoc,"SYNC_TRUTH,sequence=339430,truth_tick_us=679754593,mechanical_angle_rad=6.165069103,valid=1,read_failures=0"
dengfoc,"SYNC_TRUTH,sequence=339431,truth_tick_us=679756589,mechanical_angle_rad=6.165069103,valid=1,read_failures=0"
dengfoc,"SYNC_TRUTH,sequence=339432,truth_tick_us=679758593,mechanical_angle_rad=6.165069103,valid=1,read_failures=0"
dengfoc,"SYNC_TRUTH,sequence=339433,truth_tick_us=679760589,mechanical_angle_rad=6.165069103,valid=1,read_failures=0"
dengfoc,"SYNC_TRUTH,sequence=339434,truth_tick_us=679762593,mechanical_angle_rad=6.165069103,valid=1,read_failures=0"
dengfoc,"SYNC_TRUTH,sequence=339435,truth_tick_us=679764589,mechanical_angle_rad=6.165069103,valid=1,read_failures=0"
dengfoc,"SYNC_TRUTH,sequence=339436,truth_tick_us=679766593,mechanical_angle_rad=6.165069103,valid=1,read_failures=0"
dengfoc,"SYNC_TRUTH,sequence=339437,truth_tick_us=679768589,mechanical_angle_rad=6.165069103,valid=1,read_failures=0"
dengfoc,"SYNC_TRUTH,sequence=339438,truth_tick_us=679770593,mechanical_angle_rad=6.165069103,valid=1,read_failures=0"
dengfoc,"SYNC_TRUTH,sequence=339439,truth_tick_us=679772589,mechanical_angle_rad=6.165069103,valid=1,read_failures=0"
dengfoc,"SYNC_TRUTH,sequence=339440,truth_tick_us=679774593,mechanical_angle_rad=6.165069103,valid=1,read_failures=0"
dengfoc,"SYNC_TRUTH,sequence=339441,truth_tick_us=679776589,mechanical_angle_rad=6.165069103,valid=1,read_failures=0"
dengfoc,"SYNC_TRUTH,sequence=339442,truth_tick_us=679778593,mechanical_angle_rad=6.165069103,valid=1,read_failures=0"
dengfoc,"SYNC_TRUTH,sequence=339443,truth_tick_us=679780589,mechanical_angle_rad=6.165069103,valid=1,read_failures=0"
g431,foc_stop
g431,FSTOP
dengfoc,"SYNC_TRUTH,sequence=339444,truth_tick_us=679782593,mechanical_angle_rad=6.165069103,valid=1,read_failures=0"
dengfoc,"SYNC_TRUTH,sequence=339445,truth_tick_us=679784589,mechanical_angle_rad=6.165069103,valid=1,read_failures=0"
g431,msh >
dengfoc,"SYNC_TRUTH,sequence=339446,truth_tick_us=679786593,mechanical_angle_rad=6.165069103,valid=1,read_failures=0"
dengfoc,"SYNC_TRUTH,sequence=339447,truth_tick_us=679788589,mechanical_angle_rad=6.165069103,valid=1,read_failures=0"
dengfoc,"SYNC_TRUTH,sequence=339448,truth_tick_us=679790593,mechanical_angle_rad=6.165069103,valid=1,read_failures=0"
dengfoc,"SYNC_TRUTH,sequence=339449,truth_tick_us=679792589,mechanical_angle_rad=6.165069103,valid=1,read_failures=0"
dengfoc,"SYNC_TRUTH,sequence=339450,truth_tick_us=679794593,mechanical_angle_rad=6.165069103,valid=1,read_failures=0"
dengfoc,"SYNC_TRUTH,sequence=339451,truth_tick_us=679796589,mechanical_angle_rad=6.165069103,valid=1,read_failures=0"
dengfoc,"SYNC_TRUTH,sequence=339452,truth_tick_us=679798593,mechanical_angle_rad=6.165069103,valid=1,read_failures=0"
dengfoc,"SYNC_TRUTH,sequence=339453,truth_tick_us=679800589,mechanical_angle_rad=6.165069103,valid=1,read_failures=0"
dengfoc,"SYNC_TRUTH,sequence=339454,truth_tick_us=679802593,mechanical_angle_rad=6.165069103,valid=1,read_failures=0"
dengfoc,"SYNC_TRUTH,sequence=339455,truth_tick_us=679804589,mechanical_angle_rad=6.165069103,valid=1,read_failures=0"
dengfoc,"SYNC_TRUTH,sequence=339456,truth_tick_us=679806593,mechanical_angle_rad=6.165069103,valid=1,read_failures=0"
dengfoc,"SYNC_TRUTH,sequence=339457,truth_tick_us=679808589,mechanical_angle_rad=6.165069103,valid=1,read_failures=0"
g431,msh >
dengfoc,"SYNC_TRUTH,sequence=339458,truth_tick_us=679810593,mechanical_angle_rad=6.165069103,valid=1,read_failures=0"
dengfoc,"SYNC_TRUTH,sequence=339459,truth_tick_us=679812589,mechanical_angle_rad=6.165069103,valid=1,read_failures=0"
dengfoc,"SYNC_TRUTH,sequence=339460,truth_tick_us=679814593,mechanical_angle_rad=6.165069103,valid=1,read_failures=0"
dengfoc,"SYNC_TRUTH,sequence=339461,truth_tick_us=679816589,mechanical_angle_rad=6.165069103,valid=1,read_failures=0"
dengfoc,"SYNC_TRUTH,sequence=339462,truth_tick_us=679818593,mechanical_angle_rad=6.165069103,valid=1,read_failures=0"
dengfoc,"SYNC_TRUTH,sequence=339463,truth_tick_us=679820589,mechanical_angle_rad=6.165069103,valid=1,read_failures=0"
dengfoc,"SYNC_TRUTH,sequence=339464,truth_tick_us=679822593,mechanical_angle_rad=6.165069103,valid=1,read_failures=0"
dengfoc,"SYNC_TRUTH,sequence=339465,truth_tick_us=679824589,mechanical_angle_rad=6.165069103,valid=1,read_failures=0"
dengfoc,"SYNC_TRUTH,sequence=339466,truth_tick_us=679826593,mechanical_angle_rad=6.165069103,valid=1,read_failures=0"
dengfoc,"SYNC_TRUTH,sequence=339467,truth_tick_us=679828589,mechanical_angle_rad=6.165069103,valid=1,read_failures=0"
dengfoc,"SYNC_TRUTH,sequence=339468,truth_tick_us=679830593,mechanical_angle_rad=6.165069103,valid=1,read_failures=0"
dengfoc,"SYNC_TRUTH,sequence=339469,truth_tick_us=679832589,mechanical_angle_rad=6.165069103,valid=1,read_failures=0"
dengfoc,"SYNC_TRUTH,sequence=339470,truth_tick_us=679834593,mechanical_angle_rad=6.165069103,valid=1,read_failures=0"
dengfoc,"SYNC_TRUTH,sequence=339471,truth_tick_us=679836589,mechanical_angle_rad=6.165069103,valid=1,read_failures=0"
dengfoc,"SYNC_TRUTH,sequence=339472,truth_tick_us=679838593,mechanical_angle_rad=6.165069103,valid=1,read_failures=0"
dengfoc,"SYNC_TRUTH,sequence=339473,truth_tick_us=679840589,mechanical_angle_rad=6.165069103,valid=1,read_failures=0"
dengfoc,"SYNC_TRUTH,sequence=339474,truth_tick_us=679842593,mechanical_angle_rad=6.165069103,valid=1,read_failures=0"
dengfoc,"SYNC_TRUTH,sequence=339475,truth_tick_us=679844589,mechanical_angle_rad=6.165069103,valid=1,read_failures=0"
dengfoc,"SYNC_TRUTH,sequence=339476,truth_tick_us=679846593,mechanical_angle_rad=6.165069103,valid=1,read_failures=0"
dengfoc,"SYNC_TRUTH,sequence=339477,truth_tick_us=679848589,mechanical_angle_rad=6.165069103,valid=1,read_failures=0"
dengfoc,"SYNC_TRUTH,sequence=339478,truth_tick_us=679850593,mechanical_angle_rad=6.165069103,valid=1,read_failures=0"
dengfoc,"SYNC_TRUTH,sequence=339479,truth_tick_us=679852589,mechanical_angle_rad=6.165069103,valid=1,read_failures=0"
dengfoc,"SYNC_TRUTH,sequence=339480,truth_tick_us=679854593,mechanical_angle_rad=6.165069103,valid=1,read_failures=0"
dengfoc,"SYNC_TRUTH,sequence=339481,truth_tick_us=679856589,mechanical_angle_rad=6.165069103,valid=1,read_failures=0"
dengfoc,"SYNC_TRUTH,sequence=339482,truth_tick_us=679858593,mechanical_angle_rad=6.165069103,valid=1,read_failures=0"
dengfoc,"SYNC_TRUTH,sequence=339483,truth_tick_us=679860589,mechanical_angle_rad=6.165069103,valid=1,read_failures=0"
dengfoc,"SYNC_TRUTH,sequence=339484,truth_tick_us=679862593,mechanical_angle_rad=6.165069103,valid=1,read_failures=0"
dengfoc,"SYNC_TRUTH,sequence=339485,truth_tick_us=679864589,mechanical_angle_rad=6.165069103,valid=1,read_failures=0"
dengfoc,"SYNC_TRUTH,sequence=339486,truth_tick_us=679866593,mechanical_angle_rad=6.165069103,valid=1,read_failures=0"
dengfoc,"SYNC_TRUTH,sequence=339487,truth_tick_us=679868589,mechanical_angle_rad=6.165069103,valid=1,read_failures=0"
dengfoc,"SYNC_TRUTH,sequence=339488,truth_tick_us=679870593,mechanical_angle_rad=6.165069103,valid=1,read_failures=0"
dengfoc,"SYNC_TRUTH,sequence=339489,truth_tick_us=679872589,mechanical_angle_rad=6.165069103,valid=1,read_failures=0"
dengfoc,"SYNC_TRUTH,sequence=339490,truth_tick_us=679874593,mechanical_angle_rad=6.165069103,valid=1,read_failures=0"
dengfoc,"SYNC_TRUTH,sequence=339491,truth_tick_us=679876589,mechanical_angle_rad=6.165069103,valid=1,read_failures=0"
dengfoc,"SYNC_TRUTH,sequence=339492,truth_tick_us=679878593,mechanical_angle_rad=6.165069103,valid=1,read_failures=0"
dengfoc,"SYNC_TRUTH,sequence=339493,truth_tick_us=679880589,mechanical_angle_rad=6.165069103,valid=1,read_failures=0"
dengfoc,"SYNC_TRUTH,sequence=339494,truth_tick_us=679882593,mechanical_angle_rad=6.165069103,valid=1,read_failures=0"
dengfoc,"SYNC_TRUTH,sequence=339495,truth_tick_us=679884589,mechanical_angle_rad=6.165069103,valid=1,read_failures=0"
dengfoc,"SYNC_TRUTH,sequence=339496,truth_tick_us=679886593,mechanical_angle_rad=6.165069103,valid=1,read_failures=0"
dengfoc,"SYNC_TRUTH,sequence=339497,truth_tick_us=679888589,mechanical_angle_rad=6.165069103,valid=1,read_failures=0"
dengfoc,"SYNC_TRUTH,sequence=339498,truth_tick_us=679890593,mechanical_angle_rad=6.165069103,valid=1,read_failures=0"
dengfoc,"SYNC_TRUTH,sequence=339499,truth_tick_us=679892589,mechanical_angle_rad=6.165069103,valid=1,read_failures=0"
dengfoc,"SYNC_TRUTH,sequence=339500,truth_tick_us=679894593,mechanical_angle_rad=6.165069103,valid=1,read_failures=0"
dengfoc,"SYNC_TRUTH,sequence=339501,truth_tick_us=679896589,mechanical_angle_rad=6.165069103,valid=1,read_failures=0"
dengfoc,"SYNC_TRUTH,sequence=339502,truth_tick_us=679898593,mechanical_angle_rad=6.165069103,valid=1,read_failures=0"
dengfoc,"SYNC_TRUTH,sequence=339503,truth_tick_us=679900589,mechanical_angle_rad=6.165069103,valid=1,read_failures=0"
dengfoc,"SYNC_TRUTH,sequence=339504,truth_tick_us=679902593,mechanical_angle_rad=6.165069103,valid=1,read_failures=0"
dengfoc,"SYNC_TRUTH,sequence=339505,truth_tick_us=679904589,mechanical_angle_rad=6.165069103,valid=1,read_failures=0"
dengfoc,"SYNC_TRUTH,sequence=339506,truth_tick_us=679906593,mechanical_angle_rad=6.165069103,valid=1,read_failures=0"
dengfoc,"SYNC_TRUTH,sequence=339507,truth_tick_us=679908589,mechanical_angle_rad=6.165069103,valid=1,read_failures=0"
dengfoc,"SYNC_TRUTH,sequence=339508,truth_tick_us=679910593,mechanical_angle_rad=6.165069103,valid=1,read_failures=0"
dengfoc,"SYNC_TRUTH,sequence=339509,truth_tick_us=679912589,mechanical_angle_rad=6.165069103,valid=1,read_failures=0"
dengfoc,"SYNC_TRUTH,sequence=339510,truth_tick_us=679914593,mechanical_angle_rad=6.165069103,valid=1,read_failures=0"
dengfoc,"SYNC_TRUTH,sequence=339511,truth_tick_us=679916589,mechanical_angle_rad=6.165069103,valid=1,read_failures=0"
dengfoc,"SYNC_TRUTH,sequence=339512,truth_tick_us=679918593,mechanical_angle_rad=6.165069103,valid=1,read_failures=0"
dengfoc,"SYNC_TRUTH,sequence=339513,truth_tick_us=679920589,mechanical_angle_rad=6.165069103,valid=1,read_failures=0"
dengfoc,"SYNC_TRUTH,sequence=339514,truth_tick_us=679922593,mechanical_angle_rad=6.165069103,valid=1,read_failures=0"
dengfoc,"SYNC_TRUTH,sequence=339515,truth_tick_us=679924589,mechanical_angle_rad=6.165069103,valid=1,read_failures=0"
dengfoc,"SYNC_TRUTH,sequence=339516,truth_tick_us=679926593,mechanical_angle_rad=6.165069103,valid=1,read_failures=0"
dengfoc,"SYNC_TRUTH,sequence=339517,truth_tick_us=679928589,mechanical_angle_rad=6.165069103,valid=1,read_failures=0"
dengfoc,"SYNC_TRUTH,sequence=339518,truth_tick_us=679930593,mechanical_angle_rad=6.165069103,valid=1,read_failures=0"
dengfoc,"SYNC_TRUTH,sequence=339519,truth_tick_us=679932589,mechanical_angle_rad=6.165069103,valid=1,read_failures=0"
dengfoc,"SYNC_TRUTH,sequence=339520,truth_tick_us=679934593,mechanical_angle_rad=6.165069103,valid=1,read_failures=0"
dengfoc,"SYNC_TRUTH,sequence=339521,truth_tick_us=679936589,mechanical_angle_rad=6.165069103,valid=1,read_failures=0"
dengfoc,"SYNC_TRUTH,sequence=339522,truth_tick_us=679938593,mechanical_angle_rad=6.165069103,valid=1,read_failures=0"
dengfoc,"SYNC_TRUTH,sequence=339523,truth_tick_us=679940589,mechanical_angle_rad=6.165069103,valid=1,read_failures=0"
dengfoc,"SYNC_TRUTH,sequence=339524,truth_tick_us=679942593,mechanical_angle_rad=6.165069103,valid=1,read_failures=0"
dengfoc,"SYNC_TRUTH,sequence=339525,truth_tick_us=679944589,mechanical_angle_rad=6.165069103,valid=1,read_failures=0"
dengfoc,"SYNC_TRUTH,sequence=339526,truth_tick_us=679946593,mechanical_angle_rad=6.165069103,valid=1,read_failures=0"
dengfoc,"SYNC_TRUTH,sequence=339527,truth_tick_us=679948589,mechanical_angle_rad=6.165069103,valid=1,read_failures=0"
dengfoc,"SYNC_TRUTH,sequence=339528,truth_tick_us=679950593,mechanical_angle_rad=6.165069103,valid=1,read_failures=0"
dengfoc,"SYNC_TRUTH,sequence=339529,truth_tick_us=679952589,mechanical_angle_rad=6.165069103,valid=1,read_failures=0"
dengfoc,"SYNC_TRUTH,sequence=339530,truth_tick_us=679954593,mechanical_angle_rad=6.165069103,valid=1,read_failures=0"
dengfoc,"SYNC_TRUTH,sequence=339531,truth_tick_us=679956589,mechanical_angle_rad=6.165069103,valid=1,read_failures=0"
dengfoc,"SYNC_TRUTH,sequence=339532,truth_tick_us=679958593,mechanical_angle_rad=6.165069103,valid=1,read_failures=0"
dengfoc,"SYNC_TRUTH,sequence=339533,truth_tick_us=679960589,mechanical_angle_rad=6.165069103,valid=1,read_failures=0"
dengfoc,"SYNC_TRUTH,sequence=339534,truth_tick_us=679962593,mechanical_angle_rad=6.165069103,valid=1,read_failures=0"
dengfoc,"SYNC_TRUTH,sequence=339535,truth_tick_us=679964589,mechanical_angle_rad=6.165069103,valid=1,read_failures=0"
dengfoc,"SYNC_TRUTH,sequence=339536,truth_tick_us=679966593,mechanical_angle_rad=6.165069103,valid=1,read_failures=0"
dengfoc,"SYNC_TRUTH,sequence=339537,truth_tick_us=679968589,mechanical_angle_rad=6.165069103,valid=1,read_failures=0"
dengfoc,"SYNC_TRUTH,sequence=339538,truth_tick_us=679970593,mechanical_angle_rad=6.165069103,valid=1,read_failures=0"
dengfoc,"SYNC_TRUTH,sequence=339539,truth_tick_us=679972589,mechanical_angle_rad=6.165069103,valid=1,read_failures=0"
dengfoc,"SYNC_TRUTH,sequence=339540,truth_tick_us=679974593,mechanical_angle_rad=6.165069103,valid=1,read_failures=0"
dengfoc,"SYNC_TRUTH,sequence=339541,truth_tick_us=679976589,mechanical_angle_rad=6.165069103,valid=1,read_failures=0"
dengfoc,"SYNC_TRUTH,sequence=339542,truth_tick_us=679978593,mechanical_angle_rad=6.165069103,valid=1,read_failures=0"
dengfoc,"SYNC_TRUTH,sequence=339543,truth_tick_us=679980589,mechanical_angle_rad=6.165069103,valid=1,read_failures=0"
dengfoc,"SYNC_TRUTH,sequence=339544,truth_tick_us=679982593,mechanical_angle_rad=6.165069103,valid=1,read_failures=0"
dengfoc,"SYNC_TRUTH,sequence=339545,truth_tick_us=679984589,mechanical_angle_rad=6.165069103,valid=1,read_failures=0"
dengfoc,"SYNC_TRUTH,sequence=339546,truth_tick_us=679986593,mechanical_angle_rad=6.165069103,valid=1,read_failures=0"
dengfoc,"SYNC_TRUTH,sequence=339547,truth_tick_us=679988589,mechanical_angle_rad=6.165069103,valid=1,read_failures=0"
dengfoc,"SYNC_TRUTH,sequence=339548,truth_tick_us=679990593,mechanical_angle_rad=6.165069103,valid=1,read_failures=0"
dengfoc,"SYNC_TRUTH,sequence=339549,truth_tick_us=679992589,mechanical_angle_rad=6.165069103,valid=1,read_failures=0"
dengfoc,"SYNC_TRUTH,sequence=339550,truth_tick_us=679994593,mechanical_angle_rad=6.165069103,valid=1,read_failures=0"
dengfoc,"SYNC_TRUTH,sequence=339551,truth_tick_us=679996589,mechanical_angle_rad=6.165069103,valid=1,read_failures=0"
dengfoc,"SYNC_TRUTH,sequence=339552,truth_tick_us=679998593,mechanical_angle_rad=6.165069103,valid=1,read_failures=0"
dengfoc,"SYNC_TRUTH,sequence=339553,truth_tick_us=680000589,mechanical_angle_rad=6.165069103,valid=1,read_failures=0"
dengfoc,"SYNC_TRUTH,sequence=339554,truth_tick_us=680002593,mechanical_angle_rad=6.165069103,valid=1,read_failures=0"
dengfoc,"SYNC_TRUTH,sequence=339555,truth_tick_us=680004589,mechanical_angle_rad=6.165069103,valid=1,read_failures=0"
dengfoc,"SYNC_TRUTH,sequence=339556,truth_tick_us=680006593,mechanical_angle_rad=6.165069103,valid=1,read_failures=0"
dengfoc,"SYNC_TRUTH,sequence=339557,truth_tick_us=680008589,mechanical_angle_rad=6.165069103,valid=1,read_failures=0"
dengfoc,"SYNC_TRUTH,sequence=339558,truth_tick_us=680010593,mechanical_angle_rad=6.165069103,valid=1,read_failures=0"
dengfoc,"SYNC_TRUTH,sequence=339559,truth_tick_us=680012589,mechanical_angle_rad=6.165069103,valid=1,read_failures=0"
dengfoc,"SYNC_TRUTH,sequence=339560,truth_tick_us=680014593,mechanical_angle_rad=6.165069103,valid=1,read_failures=0"
dengfoc,"SYNC_TRUTH,sequence=339561,truth_tick_us=680016589,mechanical_angle_rad=6.165069103,valid=1,read_failures=0"
dengfoc,"SYNC_TRUTH,sequence=339562,truth_tick_us=680018593,mechanical_angle_rad=6.165069103,valid=1,read_failures=0"
dengfoc,"SYNC_TRUTH,sequence=339563,truth_tick_us=680020589,mechanical_angle_rad=6.165069103,valid=1,read_failures=0"
dengfoc,"SYNC_TRUTH,sequence=339564,truth_tick_us=680022593,mechanical_angle_rad=6.165069103,valid=1,read_failures=0"
dengfoc,"SYNC_TRUTH,sequence=339565,truth_tick_us=680024589,mechanical_angle_rad=6.165069103,valid=1,read_failures=0"
dengfoc,"SYNC_TRUTH,sequence=339566,truth_tick_us=680026593,mechanical_angle_rad=6.165069103,valid=1,read_failures=0"
dengfoc,"SYNC_TRUTH,sequence=339567,truth_tick_us=680028589,mechanical_angle_rad=6.165069103,valid=1,read_failures=0"
dengfoc,"SYNC_TRUTH,sequence=339568,truth_tick_us=680030593,mechanical_angle_rad=6.165069103,valid=1,read_failures=0"
dengfoc,"SYNC_TRUTH,sequence=339569,truth_tick_us=680032589,mechanical_angle_rad=6.165069103,valid=1,read_failures=0"
dengfoc,"SYNC_TRUTH,sequence=339570,truth_tick_us=680034593,mechanical_angle_rad=6.165069103,valid=1,read_failures=0"
dengfoc,"SYNC_TRUTH,sequence=339571,truth_tick_us=680036589,mechanical_angle_rad=6.165069103,valid=1,read_failures=0"
dengfoc,"SYNC_TRUTH,sequence=339572,truth_tick_us=680038593,mechanical_angle_rad=6.165069103,valid=1,read_failures=0"
dengfoc,"SYNC_TRUTH,sequence=339573,truth_tick_us=680040589,mechanical_angle_rad=6.165069103,valid=1,read_failures=0"
dengfoc,"SYNC_TRUTH,sequence=339574,truth_tick_us=680042593,mechanical_angle_rad=6.165069103,valid=1,read_failures=0"
dengfoc,"SYNC_TRUTH,sequence=339575,truth_tick_us=680044589,mechanical_angle_rad=6.165069103,valid=1,read_failures=0"
dengfoc,"SYNC_TRUTH,sequence=339576,truth_tick_us=680046593,mechanical_angle_rad=6.165069103,valid=1,read_failures=0"
dengfoc,"SYNC_TRUTH,sequence=339577,truth_tick_us=680048589,mechanical_angle_rad=6.165069103,valid=1,read_failures=0"
dengfoc,"SYNC_TRUTH,sequence=339578,truth_tick_us=680050593,mechanical_angle_rad=6.165069103,valid=1,read_failures=0"
dengfoc,"SYNC_TRUTH,sequence=339579,truth_tick_us=680052589,mechanical_angle_rad=6.165069103,valid=1,read_failures=0"
dengfoc,"SYNC_TRUTH,sequence=339580,truth_tick_us=680054593,mechanical_angle_rad=6.165069103,valid=1,read_failures=0"
dengfoc,"SYNC_TRUTH,sequence=339581,truth_tick_us=680056589,mechanical_angle_rad=6.165069103,valid=1,read_failures=0"
dengfoc,"SYNC_TRUTH,sequence=339582,truth_tick_us=680058593,mechanical_angle_rad=6.165069103,valid=1,read_failures=0"
dengfoc,"SYNC_TRUTH,sequence=339583,truth_tick_us=680060589,mechanical_angle_rad=6.165069103,valid=1,read_failures=0"
dengfoc,"SYNC_TRUTH,sequence=339584,truth_tick_us=680062593,mechanical_angle_rad=6.165069103,valid=1,read_failures=0"
dengfoc,"SYNC_TRUTH,sequence=339585,truth_tick_us=680064589,mechanical_angle_rad=6.165069103,valid=1,read_failures=0"
dengfoc,"SYNC_TRUTH,sequence=339586,truth_tick_us=680066593,mechanical_angle_rad=6.165069103,valid=1,read_failures=0"
dengfoc,"SYNC_TRUTH,sequence=339587,truth_tick_us=680068589,mechanical_angle_rad=6.165069103,valid=1,read_failures=0"
dengfoc,"SYNC_TRUTH,sequence=339588,truth_tick_us=680070593,mechanical_angle_rad=6.165069103,valid=1,read_failures=0"
dengfoc,"SYNC_TRUTH,sequence=339589,truth_tick_us=680072589,mechanical_angle_rad=6.165069103,valid=1,read_failures=0"
g431,foc_status
dengfoc,"SYNC_TRUTH,sequence=339590,truth_tick_us=680074593,mechanical_angle_rad=6.165069103,valid=1,read_failures=0"
g431,"FSTAT,disabled,rust-smo-pll,0,0,0,0"
dengfoc,"SYNC_TRUTH,sequence=339591,truth_tick_us=680076589,mechanical_angle_rad=6.165069103,valid=1,read_failures=0"
dengfoc,"SYNC_TRUTH,sequence=339592,truth_tick_us=680078593,mechanical_angle_rad=6.165069103,valid=1,read_failures=0"
g431,"FSTAT,iref=0/0,i=0/0,v=0/0"
dengfoc,"SYNC_TRUTH,sequence=339593,truth_tick_us=680080589,mechanical_angle_rad=6.165069103,valid=1,read_failures=0"
g431,"FOBS,0/0,0,0/0,00,0,0/0,0"
dengfoc,"SYNC_TRUTH,sequence=339594,truth_tick_us=680082593,mechanical_angle_rad=6.165069103,valid=1,read_failures=0"
dengfoc,"SYNC_TRUTH,sequence=339595,truth_tick_us=680084589,mechanical_angle_rad=6.165069103,valid=1,read_failures=0"
g431,FOC f=0000231f s=0 e=0 ISR=0/12750 miss=0 pk=0(0mA)
dengfoc,"SYNC_TRUTH,sequence=339596,truth_tick_us=680086593,mechanical_angle_rad=6.165069103,valid=1,read_failures=0"
dengfoc,"SYNC_TRUTH,sequence=339597,truth_tick_us=680088589,mechanical_angle_rad=6.165069103,valid=1,read_failures=0"
dengfoc,"SYNC_TRUTH,sequence=339598,truth_tick_us=680090593,mechanical_angle_rad=6.165069103,valid=1,read_failures=0"
g431,"FTIMING,2,0,0,0,0,0,0,0,0,0,0,0,0,12750,0,0,0,8991,0,0,0"
dengfoc,"SYNC_TRUTH,sequence=339599,truth_tick_us=680092589,mechanical_angle_rad=6.165069103,valid=1,read_failures=0"
g431,FOC st=0 rf=00000000 duty=0/0/0
dengfoc,"SYNC_TRUTH,sequence=339600,truth_tick_us=680094593,mechanical_angle_rad=6.165069103,valid=1,read_failures=0"
dengfoc,"SYNC_TRUTH,sequence=339601,truth_tick_us=680096589,mechanical_angle_rad=6.165069103,valid=1,read_failures=0"
g431,"FFAULT,00000000,00000000,0,0,ARM,0,0000"
dengfoc,"SYNC_TRUTH,sequence=339602,truth_tick_us=680098593,mechanical_angle_rad=6.165069103,valid=1,read_failures=0"
dengfoc,"SYNC_TRUTH,sequence=339603,truth_tick_us=680100589,mechanical_angle_rad=6.165069103,valid=1,read_failures=0"
g431,"FPROF,0,6,43116001,28041007,00,edf4f6ca,888e4e91"
dengfoc,"SYNC_TRUTH,sequence=339604,truth_tick_us=680102593,mechanical_angle_rad=6.165069103,valid=1,read_failures=0"
dengfoc,"SYNC_TRUTH,sequence=339605,truth_tick_us=680104589,mechanical_angle_rad=6.165069103,valid=1,read_failures=0"
g431,"FADC,1951/1933/1953,1951/1933/1953,950,12249,2051"
dengfoc,"SYNC_TRUTH,sequence=339606,truth_tick_us=680106593,mechanical_angle_rad=6.165069103,valid=1,read_failures=0"
g431,msh >
dengfoc,"SYNC_TRUTH,sequence=339607,truth_tick_us=680108589,mechanical_angle_rad=6.165069103,valid=1,read_failures=0"
dengfoc,"SYNC_TRUTH,sequence=339608,truth_tick_us=680110593,mechanical_angle_rad=6.165069103,valid=1,read_failures=0"
dengfoc,"SYNC_TRUTH,sequence=339609,truth_tick_us=680112589,mechanical_angle_rad=6.165069103,valid=1,read_failures=0"
dengfoc,"SYNC_TRUTH,sequence=339610,truth_tick_us=680114593,mechanical_angle_rad=6.165069103,valid=1,read_failures=0"
dengfoc,"SYNC_TRUTH,sequence=339611,truth_tick_us=680116589,mechanical_angle_rad=6.165069103,valid=1,read_failures=0"
dengfoc,"SYNC_TRUTH,sequence=339612,truth_tick_us=680118593,mechanical_angle_rad=6.165069103,valid=1,read_failures=0"
dengfoc,"SYNC_TRUTH,sequence=339613,truth_tick_us=680120589,mechanical_angle_rad=6.165069103,valid=1,read_failures=0"
dengfoc,"SYNC_TRUTH,sequence=339614,truth_tick_us=680122593,mechanical_angle_rad=6.165069103,valid=1,read_failures=0"
dengfoc,"SYNC_TRUTH,sequence=339615,truth_tick_us=680124589,mechanical_angle_rad=6.165069103,valid=1,read_failures=0"
dengfoc,"SYNC_TRUTH,sequence=339616,truth_tick_us=680126593,mechanical_angle_rad=6.165069103,valid=1,read_failures=0"
dengfoc,"SYNC_TRUTH,sequence=339617,truth_tick_us=680128589,mechanical_angle_rad=6.165069103,valid=1,read_failures=0"
dengfoc,"SYNC_TRUTH,sequence=339618,truth_tick_us=680130593,mechanical_angle_rad=6.165069103,valid=1,read_failures=0"
dengfoc,"SYNC_TRUTH,sequence=339619,truth_tick_us=680132589,mechanical_angle_rad=6.165069103,valid=1,read_failures=0"
dengfoc,"SYNC_TRUTH,sequence=339620,truth_tick_us=680134593,mechanical_angle_rad=6.165069103,valid=1,read_failures=0"
dengfoc,"SYNC_TRUTH,sequence=339621,truth_tick_us=680136589,mechanical_angle_rad=6.165069103,valid=1,read_failures=0"
dengfoc,"SYNC_TRUTH,sequence=339622,truth_tick_us=680138593,mechanical_angle_rad=6.165069103,valid=1,read_failures=0"
dengfoc,"SYNC_TRUTH,sequence=339623,truth_tick_us=680140589,mechanical_angle_rad=6.165069103,valid=1,read_failures=0"
g431,msh >
dengfoc,"SYNC_TRUTH,sequence=339624,truth_tick_us=680142593,mechanical_angle_rad=6.165069103,valid=1,read_failures=0"
dengfoc,"SYNC_TRUTH,sequence=339625,truth_tick_us=680144589,mechanical_angle_rad=6.165069103,valid=1,read_failures=0"
dengfoc,"SYNC_TRUTH,sequence=339626,truth_tick_us=680146593,mechanical_angle_rad=6.165069103,valid=1,read_failures=0"
dengfoc,"SYNC_TRUTH,sequence=339627,truth_tick_us=680148589,mechanical_angle_rad=6.165069103,valid=1,read_failures=0"
dengfoc,"SYNC_TRUTH,sequence=339628,truth_tick_us=680150593,mechanical_angle_rad=6.165069103,valid=1,read_failures=0"
dengfoc,"SYNC_TRUTH,sequence=339629,truth_tick_us=680152589,mechanical_angle_rad=6.165069103,valid=1,read_failures=0"
dengfoc,"SYNC_TRUTH,sequence=339630,truth_tick_us=680154593,mechanical_angle_rad=6.165069103,valid=1,read_failures=0"
dengfoc,"SYNC_TRUTH,sequence=339631,truth_tick_us=680156589,mechanical_angle_rad=6.165069103,valid=1,read_failures=0"
dengfoc,"SYNC_TRUTH,sequence=339632,truth_tick_us=680158593,mechanical_angle_rad=6.165069103,valid=1,read_failures=0"
dengfoc,"SYNC_TRUTH,sequence=339633,truth_tick_us=680160589,mechanical_angle_rad=6.165069103,valid=1,read_failures=0"
dengfoc,"SYNC_TRUTH,sequence=339634,truth_tick_us=680162593,mechanical_angle_rad=6.165069103,valid=1,read_failures=0"
dengfoc,"SYNC_TRUTH,sequence=339635,truth_tick_us=680164589,mechanical_angle_rad=6.165069103,valid=1,read_failures=0"
dengfoc,"SYNC_TRUTH,sequence=339636,truth_tick_us=680166593,mechanical_angle_rad=6.165069103,valid=1,read_failures=0"
dengfoc,"SYNC_TRUTH,sequence=339637,truth_tick_us=680168589,mechanical_angle_rad=6.165069103,valid=1,read_failures=0"
dengfoc,"SYNC_TRUTH,sequence=339638,truth_tick_us=680170593,mechanical_angle_rad=6.165069103,valid=1,read_failures=0"
dengfoc,"SYNC_TRUTH,sequence=339639,truth_tick_us=680172589,mechanical_angle_rad=6.165069103,valid=1,read_failures=0"
dengfoc,"SYNC_TRUTH,sequence=339640,truth_tick_us=680174593,mechanical_angle_rad=6.165069103,valid=1,read_failures=0"
dengfoc,"SYNC_TRUTH,sequence=339641,truth_tick_us=680176589,mechanical_angle_rad=6.165069103,valid=1,read_failures=0"
dengfoc,"SYNC_TRUTH,sequence=339642,truth_tick_us=680178593,mechanical_angle_rad=6.165069103,valid=1,read_failures=0"
dengfoc,"SYNC_TRUTH,sequence=339643,truth_tick_us=680180589,mechanical_angle_rad=6.165069103,valid=1,read_failures=0"
dengfoc,"SYNC_TRUTH,sequence=339644,truth_tick_us=680182593,mechanical_angle_rad=6.165069103,valid=1,read_failures=0"
dengfoc,"SYNC_TRUTH,sequence=339645,truth_tick_us=680184589,mechanical_angle_rad=6.165069103,valid=1,read_failures=0"
dengfoc,"SYNC_TRUTH,sequence=339646,truth_tick_us=680186593,mechanical_angle_rad=6.165069103,valid=1,read_failures=0"
dengfoc,"SYNC_TRUTH,sequence=339647,truth_tick_us=680188589,mechanical_angle_rad=6.165069103,valid=1,read_failures=0"
dengfoc,"SYNC_TRUTH,sequence=339648,truth_tick_us=680190593,mechanical_angle_rad=6.165069103,valid=1,read_failures=0"
dengfoc,"SYNC_TRUTH,sequence=339649,truth_tick_us=680192589,mechanical_angle_rad=6.165069103,valid=1,read_failures=0"
dengfoc,"SYNC_TRUTH,sequence=339650,truth_tick_us=680194593,mechanical_angle_rad=6.165069103,valid=1,read_failures=0"
dengfoc,"SYNC_TRUTH,sequence=339651,truth_tick_us=680196589,mechanical_angle_rad=6.165069103,valid=1,read_failures=0"
dengfoc,"SYNC_TRUTH,sequence=339652,truth_tick_us=680198593,mechanical_angle_rad=6.165069103,valid=1,read_failures=0"
dengfoc,"SYNC_TRUTH,sequence=339653,truth_tick_us=680200589,mechanical_angle_rad=6.165069103,valid=1,read_failures=0"
dengfoc,"SYNC_TRUTH,sequence=339654,truth_tick_us=680202593,mechanical_angle_rad=6.165069103,valid=1,read_failures=0"
dengfoc,"SYNC_TRUTH,sequence=339655,truth_tick_us=680204589,mechanical_angle_rad=6.165069103,valid=1,read_failures=0"
dengfoc,"SYNC_TRUTH,sequence=339656,truth_tick_us=680206593,mechanical_angle_rad=6.165069103,valid=1,read_failures=0"
dengfoc,"SYNC_TRUTH,sequence=339657,truth_tick_us=680208589,mechanical_angle_rad=6.165069103,valid=1,read_failures=0"
dengfoc,"SYNC_TRUTH,sequence=339658,truth_tick_us=680210593,mechanical_angle_rad=6.165069103,valid=1,read_failures=0"
dengfoc,"SYNC_TRUTH,sequence=339659,truth_tick_us=680212589,mechanical_angle_rad=6.165069103,valid=1,read_failures=0"
dengfoc,"SYNC_TRUTH,sequence=339660,truth_tick_us=680214593,mechanical_angle_rad=6.165069103,valid=1,read_failures=0"
dengfoc,"SYNC_TRUTH,sequence=339661,truth_tick_us=680216589,mechanical_angle_rad=6.165069103,valid=1,read_failures=0"
dengfoc,"SYNC_TRUTH,sequence=339662,truth_tick_us=680218593,mechanical_angle_rad=6.165069103,valid=1,read_failures=0"
dengfoc,"SYNC_TRUTH,sequence=339663,truth_tick_us=680220589,mechanical_angle_rad=6.165069103,valid=1,read_failures=0"
dengfoc,"SYNC_TRUTH,sequence=339664,truth_tick_us=680222593,mechanical_angle_rad=6.165069103,valid=1,read_failures=0"
dengfoc,"SYNC_TRUTH,sequence=339665,truth_tick_us=680224589,mechanical_angle_rad=6.165069103,valid=1,read_failures=0"
dengfoc,"SYNC_TRUTH,sequence=339666,truth_tick_us=680226593,mechanical_angle_rad=6.165069103,valid=1,read_failures=0"
dengfoc,"SYNC_TRUTH,sequence=339667,truth_tick_us=680228589,mechanical_angle_rad=6.165069103,valid=1,read_failures=0"
dengfoc,"SYNC_TRUTH,sequence=339668,truth_tick_us=680230593,mechanical_angle_rad=6.165069103,valid=1,read_failures=0"
dengfoc,"SYNC_TRUTH,sequence=339669,truth_tick_us=680232589,mechanical_angle_rad=6.165069103,valid=1,read_failures=0"
dengfoc,"SYNC_TRUTH,sequence=339670,truth_tick_us=680234593,mechanical_angle_rad=6.165069103,valid=1,read_failures=0"
dengfoc,"SYNC_TRUTH,sequence=339671,truth_tick_us=680236589,mechanical_angle_rad=6.165069103,valid=1,read_failures=0"
dengfoc,"SYNC_TRUTH,sequence=339672,truth_tick_us=680238593,mechanical_angle_rad=6.165069103,valid=1,read_failures=0"
dengfoc,"SYNC_TRUTH,sequence=339673,truth_tick_us=680240589,mechanical_angle_rad=6.165069103,valid=1,read_failures=0"
dengfoc,"SYNC_TRUTH,sequence=339674,truth_tick_us=680242593,mechanical_angle_rad=6.165069103,valid=1,read_failures=0"
dengfoc,"SYNC_TRUTH,sequence=339675,truth_tick_us=680244589,mechanical_angle_rad=6.165069103,valid=1,read_failures=0"
dengfoc,"SYNC_TRUTH,sequence=339676,truth_tick_us=680246593,mechanical_angle_rad=6.165069103,valid=1,read_failures=0"
dengfoc,"SYNC_TRUTH,sequence=339677,truth_tick_us=680248589,mechanical_angle_rad=6.165069103,valid=1,read_failures=0"
dengfoc,"SYNC_TRUTH,sequence=339678,truth_tick_us=680250593,mechanical_angle_rad=6.165069103,valid=1,read_failures=0"
dengfoc,"SYNC_TRUTH,sequence=339679,truth_tick_us=680252589,mechanical_angle_rad=6.165069103,valid=1,read_failures=0"
dengfoc,"SYNC_TRUTH,sequence=339680,truth_tick_us=680254593,mechanical_angle_rad=6.165069103,valid=1,read_failures=0"
dengfoc,"SYNC_TRUTH,sequence=339681,truth_tick_us=680256589,mechanical_angle_rad=6.165069103,valid=1,read_failures=0"
dengfoc,"SYNC_TRUTH,sequence=339682,truth_tick_us=680258593,mechanical_angle_rad=6.165069103,valid=1,read_failures=0"
dengfoc,"SYNC_TRUTH,sequence=339683,truth_tick_us=680260589,mechanical_angle_rad=6.165069103,valid=1,read_failures=0"
dengfoc,"SYNC_TRUTH,sequence=339684,truth_tick_us=680262593,mechanical_angle_rad=6.165069103,valid=1,read_failures=0"
dengfoc,"SYNC_TRUTH,sequence=339685,truth_tick_us=680264589,mechanical_angle_rad=6.165069103,valid=1,read_failures=0"
dengfoc,"SYNC_TRUTH,sequence=339686,truth_tick_us=680266593,mechanical_angle_rad=6.165069103,valid=1,read_failures=0"
dengfoc,"SYNC_TRUTH,sequence=339687,truth_tick_us=680268589,mechanical_angle_rad=6.165069103,valid=1,read_failures=0"
dengfoc,"SYNC_TRUTH,sequence=339688,truth_tick_us=680270593,mechanical_angle_rad=6.165069103,valid=1,read_failures=0"
dengfoc,"SYNC_TRUTH,sequence=339689,truth_tick_us=680272589,mechanical_angle_rad=6.165069103,valid=1,read_failures=0"
dengfoc,"SYNC_TRUTH,sequence=339690,truth_tick_us=680274593,mechanical_angle_rad=6.165069103,valid=1,read_failures=0"
dengfoc,"SYNC_TRUTH,sequence=339691,truth_tick_us=680276589,mechanical_angle_rad=6.165069103,valid=1,read_failures=0"
dengfoc,"SYNC_TRUTH,sequence=339692,truth_tick_us=680278593,mechanical_angle_rad=6.165069103,valid=1,read_failures=0"
dengfoc,"SYNC_TRUTH,sequence=339693,truth_tick_us=680280589,mechanical_angle_rad=6.165069103,valid=1,read_failures=0"
dengfoc,"SYNC_TRUTH,sequence=339694,truth_tick_us=680282593,mechanical_angle_rad=6.165069103,valid=1,read_failures=0"
dengfoc,"SYNC_TRUTH,sequence=339695,truth_tick_us=680284589,mechanical_angle_rad=6.165069103,valid=1,read_failures=0"
dengfoc,"SYNC_TRUTH,sequence=339696,truth_tick_us=680286593,mechanical_angle_rad=6.165069103,valid=1,read_failures=0"
dengfoc,"SYNC_TRUTH,sequence=339697,truth_tick_us=680288589,mechanical_angle_rad=6.165069103,valid=1,read_failures=0"
dengfoc,"SYNC_TRUTH,sequence=339698,truth_tick_us=680290593,mechanical_angle_rad=6.165069103,valid=1,read_failures=0"
dengfoc,"SYNC_TRUTH,sequence=339699,truth_tick_us=680292589,mechanical_angle_rad=6.165069103,valid=1,read_failures=0"
dengfoc,"SYNC_TRUTH,sequence=339700,truth_tick_us=680294593,mechanical_angle_rad=6.165069103,valid=1,read_failures=0"
dengfoc,"SYNC_TRUTH,sequence=339701,truth_tick_us=680296589,mechanical_angle_rad=6.165069103,valid=1,read_failures=0"
dengfoc,"SYNC_TRUTH,sequence=339702,truth_tick_us=680298593,mechanical_angle_rad=6.165069103,valid=1,read_failures=0"
dengfoc,"SYNC_TRUTH,sequence=339703,truth_tick_us=680300589,mechanical_angle_rad=6.165069103,valid=1,read_failures=0"
dengfoc,"SYNC_TRUTH,sequence=339704,truth_tick_us=680302593,mechanical_angle_rad=6.165069103,valid=1,read_failures=0"
dengfoc,"SYNC_TRUTH,sequence=339705,truth_tick_us=680304589,mechanical_angle_rad=6.165069103,valid=1,read_failures=0"
dengfoc,"SYNC_TRUTH,sequence=339706,truth_tick_us=680306593,mechanical_angle_rad=6.165069103,valid=1,read_failures=0"
dengfoc,"SYNC_TRUTH,sequence=339707,truth_tick_us=680308589,mechanical_angle_rad=6.165069103,valid=1,read_failures=0"
dengfoc,"SYNC_TRUTH,sequence=339708,truth_tick_us=680310593,mechanical_angle_rad=6.165069103,valid=1,read_failures=0"
dengfoc,"SYNC_TRUTH,sequence=339709,truth_tick_us=680312589,mechanical_angle_rad=6.165069103,valid=1,read_failures=0"
dengfoc,"SYNC_TRUTH,sequence=339710,truth_tick_us=680314593,mechanical_angle_rad=6.165069103,valid=1,read_failures=0"
dengfoc,"SYNC_TRUTH,sequence=339711,truth_tick_us=680316589,mechanical_angle_rad=6.165069103,valid=1,read_failures=0"
dengfoc,"SYNC_TRUTH,sequence=339712,truth_tick_us=680318593,mechanical_angle_rad=6.165069103,valid=1,read_failures=0"
dengfoc,"SYNC_TRUTH,sequence=339713,truth_tick_us=680320589,mechanical_angle_rad=6.165069103,valid=1,read_failures=0"
dengfoc,"SYNC_TRUTH,sequence=339714,truth_tick_us=680322593,mechanical_angle_rad=6.165069103,valid=1,read_failures=0"
dengfoc,"SYNC_TRUTH,sequence=339715,truth_tick_us=680324589,mechanical_angle_rad=6.165069103,valid=1,read_failures=0"
dengfoc,"SYNC_TRUTH,sequence=339716,truth_tick_us=680326593,mechanical_angle_rad=6.165069103,valid=1,read_failures=0"
dengfoc,"SYNC_TRUTH,sequence=339717,truth_tick_us=680328589,mechanical_angle_rad=6.165069103,valid=1,read_failures=0"
dengfoc,"SYNC_TRUTH,sequence=339718,truth_tick_us=680330593,mechanical_angle_rad=6.165069103,valid=1,read_failures=0"
dengfoc,"SYNC_TRUTH,sequence=339719,truth_tick_us=680332589,mechanical_angle_rad=6.165069103,valid=1,read_failures=0"
dengfoc,"SYNC_TRUTH,sequence=339720,truth_tick_us=680334593,mechanical_angle_rad=6.165069103,valid=1,read_failures=0"
dengfoc,"SYNC_TRUTH,sequence=339721,truth_tick_us=680336589,mechanical_angle_rad=6.165069103,valid=1,read_failures=0"
dengfoc,"SYNC_TRUTH,sequence=339722,truth_tick_us=680338593,mechanical_angle_rad=6.165069103,valid=1,read_failures=0"
dengfoc,"SYNC_TRUTH,sequence=339723,truth_tick_us=680340589,mechanical_angle_rad=6.165069103,valid=1,read_failures=0"
dengfoc,"SYNC_TRUTH,sequence=339724,truth_tick_us=680342593,mechanical_angle_rad=6.165069103,valid=1,read_failures=0"
dengfoc,"SYNC_TRUTH,sequence=339725,truth_tick_us=680344589,mechanical_angle_rad=6.165069103,valid=1,read_failures=0"
dengfoc,"SYNC_TRUTH,sequence=339726,truth_tick_us=680346593,mechanical_angle_rad=6.165069103,valid=1,read_failures=0"
dengfoc,"SYNC_TRUTH,sequence=339727,truth_tick_us=680348589,mechanical_angle_rad=6.165069103,valid=1,read_failures=0"
dengfoc,"SYNC_TRUTH,sequence=339728,truth_tick_us=680350593,mechanical_angle_rad=6.165069103,valid=1,read_failures=0"
dengfoc,"SYNC_TRUTH,sequence=339729,truth_tick_us=680352589,mechanical_angle_rad=6.165069103,valid=1,read_failures=0"
dengfoc,"SYNC_TRUTH,sequence=339730,truth_tick_us=680354593,mechanical_angle_rad=6.165069103,valid=1,read_failures=0"
dengfoc,"SYNC_TRUTH,sequence=339731,truth_tick_us=680356589,mechanical_angle_rad=6.165069103,valid=1,read_failures=0"
dengfoc,"SYNC_TRUTH,sequence=339732,truth_tick_us=680358593,mechanical_angle_rad=6.165069103,valid=1,read_failures=0"
dengfoc,"SYNC_TRUTH,sequence=339733,truth_tick_us=680360589,mechanical_angle_rad=6.165069103,valid=1,read_failures=0"
dengfoc,"SYNC_TRUTH,sequence=339734,truth_tick_us=680362593,mechanical_angle_rad=6.165069103,valid=1,read_failures=0"
dengfoc,"SYNC_TRUTH,sequence=339735,truth_tick_us=680364589,mechanical_angle_rad=6.165069103,valid=1,read_failures=0"
dengfoc,"SYNC_TRUTH,sequence=339736,truth_tick_us=680366593,mechanical_angle_rad=6.165069103,valid=1,read_failures=0"
dengfoc,"SYNC_TRUTH,sequence=339737,truth_tick_us=680368589,mechanical_angle_rad=6.165069103,valid=1,read_failures=0"
dengfoc,"SYNC_TRUTH,sequence=339738,truth_tick_us=680370593,mechanical_angle_rad=6.165069103,valid=1,read_failures=0"
dengfoc,"SYNC_TRUTH,sequence=339739,truth_tick_us=680372589,mechanical_angle_rad=6.165069103,valid=1,read_failures=0"
dengfoc,"SYNC_TRUTH,sequence=339740,truth_tick_us=680374593,mechanical_angle_rad=6.165069103,valid=1,read_failures=0"
dengfoc,"SYNC_TRUTH,sequence=339741,truth_tick_us=680376589,mechanical_angle_rad=6.165069103,valid=1,read_failures=0"
dengfoc,"SYNC_TRUTH,sequence=339742,truth_tick_us=680378593,mechanical_angle_rad=6.165069103,valid=1,read_failures=0"
dengfoc,"SYNC_TRUTH,sequence=339743,truth_tick_us=680380589,mechanical_angle_rad=6.165069103,valid=1,read_failures=0"
dengfoc,"SYNC_TRUTH,sequence=339744,truth_tick_us=680382593,mechanical_angle_rad=6.165069103,valid=1,read_failures=0"
dengfoc,"SYNC_TRUTH,sequence=339745,truth_tick_us=680384589,mechanical_angle_rad=6.165069103,valid=1,read_failures=0"
dengfoc,"SYNC_TRUTH,sequence=339746,truth_tick_us=680386593,mechanical_angle_rad=6.165069103,valid=1,read_failures=0"
dengfoc,"SYNC_TRUTH,sequence=339747,truth_tick_us=680388589,mechanical_angle_rad=6.165069103,valid=1,read_failures=0"
dengfoc,"SYNC_TRUTH,sequence=339748,truth_tick_us=680390593,mechanical_angle_rad=6.165069103,valid=1,read_failures=0"
dengfoc,"SYNC_TRUTH,sequence=339749,truth_tick_us=680392589,mechanical_angle_rad=6.165069103,valid=1,read_failures=0"
dengfoc,"SYNC_TRUTH,sequence=339750,truth_tick_us=680394593,mechanical_angle_rad=6.165069103,valid=1,read_failures=0"
dengfoc,"SYNC_TRUTH,sequence=339751,truth_tick_us=680396589,mechanical_angle_rad=6.165069103,valid=1,read_failures=0"
dengfoc,"SYNC_TRUTH,sequence=339752,truth_tick_us=680398593,mechanical_angle_rad=6.165069103,valid=1,read_failures=0"
dengfoc,"SYNC_TRUTH,sequence=339753,truth_tick_us=680400589,mechanical_angle_rad=6.165069103,valid=1,read_failures=0"
dengfoc,"SYNC_TRUTH,sequence=339754,truth_tick_us=680402593,mechanical_angle_rad=6.165069103,valid=1,read_failures=0"
dengfoc,"SYNC_TRUTH,sequence=339755,truth_tick_us=680404589,mechanical_angle_rad=6.165069103,valid=1,read_failures=0"
dengfoc,"SYNC_TRUTH,sequence=339756,truth_tick_us=680406593,mechanical_angle_rad=6.165069103,valid=1,read_failures=0"
dengfoc,"SYNC_TRUTH,sequence=339757,truth_tick_us=680408589,mechanical_angle_rad=6.165069103,valid=1,read_failures=0"
dengfoc,"SYNC_TRUTH,sequence=339758,truth_tick_us=680410593,mechanical_angle_rad=6.165069103,valid=1,read_failures=0"
dengfoc,"SYNC_TRUTH,sequence=339759,truth_tick_us=680412589,mechanical_angle_rad=6.165069103,valid=1,read_failures=0"
dengfoc,"SYNC_TRUTH,sequence=339760,truth_tick_us=680414593,mechanical_angle_rad=6.165069103,valid=1,read_failures=0"
dengfoc,"SYNC_TRUTH,sequence=339761,truth_tick_us=680416589,mechanical_angle_rad=6.165069103,valid=1,read_failures=0"
dengfoc,"SYNC_TRUTH,sequence=339762,truth_tick_us=680418593,mechanical_angle_rad=6.165069103,valid=1,read_failures=0"
dengfoc,"SYNC_TRUTH,sequence=339763,truth_tick_us=680420589,mechanical_angle_rad=6.165069103,valid=1,read_failures=0"
dengfoc,"SYNC_TRUTH,sequence=339764,truth_tick_us=680422593,mechanical_angle_rad=6.165069103,valid=1,read_failures=0"
dengfoc,"SYNC_TRUTH,sequence=339765,truth_tick_us=680424589,mechanical_angle_rad=6.165069103,valid=1,read_failures=0"
dengfoc,"SYNC_TRUTH,sequence=339766,truth_tick_us=680426593,mechanical_angle_rad=6.165069103,valid=1,read_failures=0"
dengfoc,"SYNC_TRUTH,sequence=339767,truth_tick_us=680428589,mechanical_angle_rad=6.165069103,valid=1,read_failures=0"
dengfoc,"SYNC_TRUTH,sequence=339768,truth_tick_us=680430593,mechanical_angle_rad=6.165069103,valid=1,read_failures=0"
dengfoc,"SYNC_TRUTH,sequence=339769,truth_tick_us=680432589,mechanical_angle_rad=6.165069103,valid=1,read_failures=0"
dengfoc,"SYNC_TRUTH,sequence=339770,truth_tick_us=680434593,mechanical_angle_rad=6.165069103,valid=1,read_failures=0"
dengfoc,"SYNC_TRUTH,sequence=339771,truth_tick_us=680436589,mechanical_angle_rad=6.165069103,valid=1,read_failures=0"
dengfoc,"SYNC_TRUTH,sequence=339772,truth_tick_us=680438593,mechanical_angle_rad=6.165069103,valid=1,read_failures=0"
dengfoc,"SYNC_TRUTH,sequence=339773,truth_tick_us=680440589,mechanical_angle_rad=6.165069103,valid=1,read_failures=0"
dengfoc,"SYNC_TRUTH,sequence=339774,truth_tick_us=680442593,mechanical_angle_rad=6.165069103,valid=1,read_failures=0"
dengfoc,"SYNC_TRUTH,sequence=339775,truth_tick_us=680444589,mechanical_angle_rad=6.165069103,valid=1,read_failures=0"
dengfoc,"SYNC_TRUTH,sequence=339776,truth_tick_us=680446593,mechanical_angle_rad=6.165069103,valid=1,read_failures=0"
dengfoc,"SYNC_TRUTH,sequence=339777,truth_tick_us=680448589,mechanical_angle_rad=6.165069103,valid=1,read_failures=0"
dengfoc,"SYNC_TRUTH,sequence=339778,truth_tick_us=680450593,mechanical_angle_rad=6.165069103,valid=1,read_failures=0"
dengfoc,"SYNC_TRUTH,sequence=339779,truth_tick_us=680452589,mechanical_angle_rad=6.165069103,valid=1,read_failures=0"
dengfoc,"SYNC_TRUTH,sequence=339780,truth_tick_us=680454593,mechanical_angle_rad=6.165069103,valid=1,read_failures=0"
dengfoc,"SYNC_TRUTH,sequence=339781,truth_tick_us=680456589,mechanical_angle_rad=6.165069103,valid=1,read_failures=0"
dengfoc,"SYNC_TRUTH,sequence=339782,truth_tick_us=680458593,mechanical_angle_rad=6.165069103,valid=1,read_failures=0"
dengfoc,"SYNC_TRUTH,sequence=339783,truth_tick_us=680460589,mechanical_angle_rad=6.165069103,valid=1,read_failures=0"
dengfoc,"SYNC_TRUTH,sequence=339784,truth_tick_us=680462593,mechanical_angle_rad=6.165069103,valid=1,read_failures=0"
dengfoc,"SYNC_TRUTH,sequence=339785,truth_tick_us=680464589,mechanical_angle_rad=6.165069103,valid=1,read_failures=0"
dengfoc,"SYNC_TRUTH,sequence=339786,truth_tick_us=680466593,mechanical_angle_rad=6.165069103,valid=1,read_failures=0"
dengfoc,"SYNC_TRUTH,sequence=339787,truth_tick_us=680468589,mechanical_angle_rad=6.165069103,valid=1,read_failures=0"
dengfoc,"SYNC_TRUTH,sequence=339788,truth_tick_us=680470593,mechanical_angle_rad=6.165069103,valid=1,read_failures=0"
dengfoc,"SYNC_TRUTH,sequence=339789,truth_tick_us=680472589,mechanical_angle_rad=6.165069103,valid=1,read_failures=0"
dengfoc,"SYNC_TRUTH,sequence=339790,truth_tick_us=680474593,mechanical_angle_rad=6.165069103,valid=1,read_failures=0"
dengfoc,"SYNC_TRUTH,sequence=339791,truth_tick_us=680476589,mechanical_angle_rad=6.165069103,valid=1,read_failures=0"
dengfoc,"SYNC_TRUTH,sequence=339792,truth_tick_us=680478593,mechanical_angle_rad=6.165069103,valid=1,read_failures=0"
dengfoc,"SYNC_TRUTH,sequence=339793,truth_tick_us=680480589,mechanical_angle_rad=6.165069103,valid=1,read_failures=0"
dengfoc,"SYNC_TRUTH,sequence=339794,truth_tick_us=680482593,mechanical_angle_rad=6.165069103,valid=1,read_failures=0"
dengfoc,"SYNC_TRUTH,sequence=339795,truth_tick_us=680484589,mechanical_angle_rad=6.165069103,valid=1,read_failures=0"
dengfoc,"SYNC_TRUTH,sequence=339796,truth_tick_us=680486593,mechanical_angle_rad=6.165069103,valid=1,read_failures=0"
dengfoc,"SYNC_TRUTH,sequence=339797,truth_tick_us=680488589,mechanical_angle_rad=6.165069103,valid=1,read_failures=0"
dengfoc,"SYNC_TRUTH,sequence=339798,truth_tick_us=680490593,mechanical_angle_rad=6.165069103,valid=1,read_failures=0"
dengfoc,"SYNC_TRUTH,sequence=339799,truth_tick_us=680492589,mechanical_angle_rad=6.165069103,valid=1,read_failures=0"
dengfoc,"SYNC_TRUTH,sequence=339800,truth_tick_us=680494593,mechanical_angle_rad=6.165069103,valid=1,read_failures=0"
dengfoc,"SYNC_TRUTH,sequence=339801,truth_tick_us=680496589,mechanical_angle_rad=6.165069103,valid=1,read_failures=0"
dengfoc,"SYNC_TRUTH,sequence=339802,truth_tick_us=680498593,mechanical_angle_rad=6.165069103,valid=1,read_failures=0"
dengfoc,"SYNC_TRUTH,sequence=339803,truth_tick_us=680500589,mechanical_angle_rad=6.165069103,valid=1,read_failures=0"
dengfoc,"SYNC_TRUTH,sequence=339804,truth_tick_us=680502593,mechanical_angle_rad=6.165069103,valid=1,read_failures=0"
dengfoc,"SYNC_TRUTH,sequence=339805,truth_tick_us=680504589,mechanical_angle_rad=6.165069103,valid=1,read_failures=0"
dengfoc,"SYNC_TRUTH,sequence=339806,truth_tick_us=680506593,mechanical_angle_rad=6.165069103,valid=1,read_failures=0"
dengfoc,"SYNC_TRUTH,sequence=339807,truth_tick_us=680508589,mechanical_angle_rad=6.165069103,valid=1,read_failures=0"
dengfoc,"SYNC_TRUTH,sequence=339808,truth_tick_us=680510593,mechanical_angle_rad=6.165069103,valid=1,read_failures=0"
dengfoc,"SYNC_TRUTH,sequence=339809,truth_tick_us=680512589,mechanical_angle_rad=6.165069103,valid=1,read_failures=0"
dengfoc,"SYNC_TRUTH,sequence=339810,truth_tick_us=680514593,mechanical_angle_rad=6.165069103,valid=1,read_failures=0"
dengfoc,"SYNC_TRUTH,sequence=339811,truth_tick_us=680516589,mechanical_angle_rad=6.165069103,valid=1,read_failures=0"
dengfoc,"SYNC_TRUTH,sequence=339812,truth_tick_us=680518593,mechanical_angle_rad=6.165069103,valid=1,read_failures=0"
dengfoc,"SYNC_TRUTH,sequence=339813,truth_tick_us=680520589,mechanical_angle_rad=6.165069103,valid=1,read_failures=0"
dengfoc,"SYNC_TRUTH,sequence=339814,truth_tick_us=680522593,mechanical_angle_rad=6.165069103,valid=1,read_failures=0"
dengfoc,"SYNC_TRUTH,sequence=339815,truth_tick_us=680524589,mechanical_angle_rad=6.165069103,valid=1,read_failures=0"
dengfoc,"SYNC_TRUTH,sequence=339816,truth_tick_us=680526593,mechanical_angle_rad=6.165069103,valid=1,read_failures=0"
dengfoc,"SYNC_TRUTH,sequence=339817,truth_tick_us=680528589,mechanical_angle_rad=6.165069103,valid=1,read_failures=0"
dengfoc,"SYNC_TRUTH,sequence=339818,truth_tick_us=680530593,mechanical_angle_rad=6.165069103,valid=1,read_failures=0"
dengfoc,"SYNC_TRUTH,sequence=339819,truth_tick_us=680532589,mechanical_angle_rad=6.165069103,valid=1,read_failures=0"
dengfoc,"SYNC_TRUTH,sequence=339820,truth_tick_us=680534593,mechanical_angle_rad=6.165069103,valid=1,read_failures=0"
dengfoc,"SYNC_TRUTH,sequence=339821,truth_tick_us=680536589,mechanical_angle_rad=6.165069103,valid=1,read_failures=0"
dengfoc,"SYNC_TRUTH,sequence=339822,truth_tick_us=680538593,mechanical_angle_rad=6.165069103,valid=1,read_failures=0"
dengfoc,"SYNC_TRUTH,sequence=339823,truth_tick_us=680540589,mechanical_angle_rad=6.165069103,valid=1,read_failures=0"
dengfoc,"SYNC_TRUTH,sequence=339824,truth_tick_us=680542593,mechanical_angle_rad=6.165069103,valid=1,read_failures=0"
dengfoc,"SYNC_TRUTH,sequence=339825,truth_tick_us=680544589,mechanical_angle_rad=6.165069103,valid=1,read_failures=0"
dengfoc,"SYNC_TRUTH,sequence=339826,truth_tick_us=680546593,mechanical_angle_rad=6.165069103,valid=1,read_failures=0"
dengfoc,"SYNC_TRUTH,sequence=339827,truth_tick_us=680548589,mechanical_angle_rad=6.165069103,valid=1,read_failures=0"
dengfoc,"SYNC_TRUTH,sequence=339828,truth_tick_us=680550593,mechanical_angle_rad=6.165069103,valid=1,read_failures=0"
dengfoc,"SYNC_TRUTH,sequence=339829,truth_tick_us=680552589,mechanical_angle_rad=6.165069103,valid=1,read_failures=0"
dengfoc,"SYNC_TRUTH,sequence=339830,truth_tick_us=680554593,mechanical_angle_rad=6.165069103,valid=1,read_failures=0"
dengfoc,"SYNC_TRUTH,sequence=339831,truth_tick_us=680556589,mechanical_angle_rad=6.165069103,valid=1,read_failures=0"
dengfoc,"SYNC_TRUTH,sequence=339832,truth_tick_us=680558593,mechanical_angle_rad=6.165069103,valid=1,read_failures=0"
dengfoc,"SYNC_TRUTH,sequence=339833,truth_tick_us=680560589,mechanical_angle_rad=6.165069103,valid=1,read_failures=0"
dengfoc,"SYNC_TRUTH,sequence=339834,truth_tick_us=680562593,mechanical_angle_rad=6.165069103,valid=1,read_failures=0"
dengfoc,"SYNC_TRUTH,sequence=339835,truth_tick_us=680564589,mechanical_angle_rad=6.165069103,valid=1,read_failures=0"
dengfoc,"SYNC_TRUTH,sequence=339836,truth_tick_us=680566593,mechanical_angle_rad=6.165069103,valid=1,read_failures=0"
dengfoc,"SYNC_TRUTH,sequence=339837,truth_tick_us=680568589,mechanical_angle_rad=6.165069103,valid=1,read_failures=0"
dengfoc,"SYNC_TRUTH,sequence=339838,truth_tick_us=680570593,mechanical_angle_rad=6.165069103,valid=1,read_failures=0"
dengfoc,"SYNC_TRUTH,sequence=339839,truth_tick_us=680572589,mechanical_angle_rad=6.165069103,valid=1,read_failures=0"
dengfoc,"SYNC_TRUTH,sequence=339840,truth_tick_us=680574593,mechanical_angle_rad=6.165069103,valid=1,read_failures=0"
dengfoc,"SYNC_TRUTH,sequence=339841,truth_tick_us=680576589,mechanical_angle_rad=6.165069103,valid=1,read_failures=0"
dengfoc,"SYNC_TRUTH,sequence=339842,truth_tick_us=680578593,mechanical_angle_rad=6.165069103,valid=1,read_failures=0"
dengfoc,"SYNC_TRUTH,sequence=339843,truth_tick_us=680580589,mechanical_angle_rad=6.165069103,valid=1,read_failures=0"
dengfoc,"SYNC_TRUTH,sequence=339844,truth_tick_us=680582593,mechanical_angle_rad=6.165069103,valid=1,read_failures=0"
dengfoc,"SYNC_TRUTH,sequence=339845,truth_tick_us=680584589,mechanical_angle_rad=6.165069103,valid=1,read_failures=0"
dengfoc,"SYNC_TRUTH,sequence=339846,truth_tick_us=680586593,mechanical_angle_rad=6.165069103,valid=1,read_failures=0"
dengfoc,"SYNC_TRUTH,sequence=339847,truth_tick_us=680588589,mechanical_angle_rad=6.165069103,valid=1,read_failures=0"
dengfoc,"SYNC_TRUTH,sequence=339848,truth_tick_us=680590593,mechanical_angle_rad=6.165069103,valid=1,read_failures=0"
dengfoc,"SYNC_TRUTH,sequence=339849,truth_tick_us=680592589,mechanical_angle_rad=6.165069103,valid=1,read_failures=0"
dengfoc,"SYNC_TRUTH,sequence=339850,truth_tick_us=680594593,mechanical_angle_rad=6.165069103,valid=1,read_failures=0"
dengfoc,"SYNC_TRUTH,sequence=339851,truth_tick_us=680596589,mechanical_angle_rad=6.165069103,valid=1,read_failures=0"
dengfoc,"SYNC_TRUTH,sequence=339852,truth_tick_us=680598593,mechanical_angle_rad=6.165069103,valid=1,read_failures=0"
dengfoc,"SYNC_TRUTH,sequence=339853,truth_tick_us=680600589,mechanical_angle_rad=6.165069103,valid=1,read_failures=0"
dengfoc,"SYNC_TRUTH,sequence=339854,truth_tick_us=680602593,mechanical_angle_rad=6.165069103,valid=1,read_failures=0"
dengfoc,"SYNC_TRUTH,sequence=339855,truth_tick_us=680604589,mechanical_angle_rad=6.165069103,valid=1,read_failures=0"
dengfoc,"SYNC_TRUTH,sequence=339856,truth_tick_us=680606593,mechanical_angle_rad=6.165069103,valid=1,read_failures=0"
dengfoc,"SYNC_TRUTH,sequence=339857,truth_tick_us=680608589,mechanical_angle_rad=6.165069103,valid=1,read_failures=0"
dengfoc,"SYNC_TRUTH,sequence=339858,truth_tick_us=680610593,mechanical_angle_rad=6.165069103,valid=1,read_failures=0"
dengfoc,"SYNC_TRUTH,sequence=339859,truth_tick_us=680612589,mechanical_angle_rad=6.165069103,valid=1,read_failures=0"
dengfoc,"SYNC_TRUTH,sequence=339860,truth_tick_us=680614593,mechanical_angle_rad=6.165069103,valid=1,read_failures=0"
dengfoc,"SYNC_TRUTH,sequence=339861,truth_tick_us=680616589,mechanical_angle_rad=6.165069103,valid=1,read_failures=0"
dengfoc,"SYNC_TRUTH,sequence=339862,truth_tick_us=680618593,mechanical_angle_rad=6.165069103,valid=1,read_failures=0"
dengfoc,"SYNC_TRUTH,sequence=339863,truth_tick_us=680620589,mechanical_angle_rad=6.165069103,valid=1,read_failures=0"
dengfoc,"SYNC_TRUTH,sequence=339864,truth_tick_us=680622593,mechanical_angle_rad=6.165069103,valid=1,read_failures=0"
dengfoc,"SYNC_TRUTH,sequence=339865,truth_tick_us=680624589,mechanical_angle_rad=6.165069103,valid=1,read_failures=0"
dengfoc,"SYNC_TRUTH,sequence=339866,truth_tick_us=680626593,mechanical_angle_rad=6.165069103,valid=1,read_failures=0"
dengfoc,"SYNC_TRUTH,sequence=339867,truth_tick_us=680628589,mechanical_angle_rad=6.165069103,valid=1,read_failures=0"
dengfoc,"SYNC_TRUTH,sequence=339868,truth_tick_us=680630593,mechanical_angle_rad=6.165069103,valid=1,read_failures=0"
dengfoc,"SYNC_TRUTH,sequence=339869,truth_tick_us=680632589,mechanical_angle_rad=6.165069103,valid=1,read_failures=0"
dengfoc,"SYNC_TRUTH,sequence=339870,truth_tick_us=680634593,mechanical_angle_rad=6.165069103,valid=1,read_failures=0"
dengfoc,"SYNC_TRUTH,sequence=339871,truth_tick_us=680636589,mechanical_angle_rad=6.165069103,valid=1,read_failures=0"
dengfoc,"SYNC_TRUTH,sequence=339872,truth_tick_us=680638593,mechanical_angle_rad=6.165069103,valid=1,read_failures=0"
dengfoc,"SYNC_TRUTH,sequence=339873,truth_tick_us=680640589,mechanical_angle_rad=6.165069103,valid=1,read_failures=0"
dengfoc,"SYNC_TRUTH,sequence=339874,truth_tick_us=680642593,mechanical_angle_rad=6.165069103,valid=1,read_failures=0"
dengfoc,"SYNC_TRUTH,sequence=339875,truth_tick_us=680644589,mechanical_angle_rad=6.165069103,valid=1,read_failures=0"
dengfoc,"SYNC_TRUTH,sequence=339876,truth_tick_us=680646593,mechanical_angle_rad=6.165069103,valid=1,read_failures=0"
dengfoc,"SYNC_TRUTH,sequence=339877,truth_tick_us=680648589,mechanical_angle_rad=6.165069103,valid=1,read_failures=0"
dengfoc,"SYNC_TRUTH,sequence=339878,truth_tick_us=680650593,mechanical_angle_rad=6.165069103,valid=1,read_failures=0"
dengfoc,"SYNC_TRUTH,sequence=339879,truth_tick_us=680652589,mechanical_angle_rad=6.165069103,valid=1,read_failures=0"
dengfoc,"SYNC_TRUTH,sequence=339880,truth_tick_us=680654593,mechanical_angle_rad=6.165069103,valid=1,read_failures=0"
dengfoc,"SYNC_TRUTH,sequence=339881,truth_tick_us=680656589,mechanical_angle_rad=6.165069103,valid=1,read_failures=0"
dengfoc,"SYNC_TRUTH,sequence=339882,truth_tick_us=680658593,mechanical_angle_rad=6.165069103,valid=1,read_failures=0"
dengfoc,"SYNC_TRUTH,sequence=339883,truth_tick_us=680660589,mechanical_angle_rad=6.165069103,valid=1,read_failures=0"
dengfoc,"SYNC_TRUTH,sequence=339884,truth_tick_us=680662593,mechanical_angle_rad=6.165069103,valid=1,read_failures=0"
dengfoc,"SYNC_TRUTH,sequence=339885,truth_tick_us=680664589,mechanical_angle_rad=6.165069103,valid=1,read_failures=0"
dengfoc,"SYNC_TRUTH,sequence=339886,truth_tick_us=680666593,mechanical_angle_rad=6.165069103,valid=1,read_failures=0"
dengfoc,"SYNC_TRUTH,sequence=339887,truth_tick_us=680668589,mechanical_angle_rad=6.165069103,valid=1,read_failures=0"
dengfoc,"SYNC_TRUTH,sequence=339888,truth_tick_us=680670593,mechanical_angle_rad=6.165069103,valid=1,read_failures=0"
dengfoc,"SYNC_TRUTH,sequence=339889,truth_tick_us=680672589,mechanical_angle_rad=6.165069103,valid=1,read_failures=0"
dengfoc,"SYNC_TRUTH,sequence=339890,truth_tick_us=680674593,mechanical_angle_rad=6.165069103,valid=1,read_failures=0"
dengfoc,"SYNC_TRUTH,sequence=339891,truth_tick_us=680676589,mechanical_angle_rad=6.165069103,valid=1,read_failures=0"
dengfoc,"SYNC_TRUTH,sequence=339892,truth_tick_us=680678593,mechanical_angle_rad=6.165069103,valid=1,read_failures=0"
dengfoc,"SYNC_STATUS,frames=1,frame_fail=0,truth=339892,truth_fail=0,idle=0,capture_state=1,capture_failure=0,rejected=0,overflow=0,recovered=0,sync_level=0,driver_disabled=1"
dengfoc,"SYNC_TRUTH,sequence=339893,truth_tick_us=680681589,mechanical_angle_rad=6.165069103,valid=1,read_failures=0"
dengfoc,"SYNC_TRUTH,sequence=339894,truth_tick_us=680683593,mechanical_angle_rad=6.165069103,valid=1,read_failures=0"
dengfoc,"SYNC_TRUTH,sequence=339895,truth_tick_us=680685589,mechanical_angle_rad=6.165069103,valid=1,read_failures=0"
dengfoc,"SYNC_TRUTH,sequence=339896,truth_tick_us=680687593,mechanical_angle_rad=6.165069103,valid=1,read_failures=0"
dengfoc,"SYNC_TRUTH,sequence=339897,truth_tick_us=680689589,mechanical_angle_rad=6.165069103,valid=1,read_failures=0"
dengfoc,"SYNC_TRUTH,sequence=339898,truth_tick_us=680691593,mechanical_angle_rad=6.165069103,valid=1,read_failures=0"
dengfoc,"SYNC_TRUTH,sequence=339899,truth_tick_us=680693589,mechanical_angle_rad=6.165069103,valid=1,read_failures=0"
dengfoc,"SYNC_TRUTH,sequence=339900,truth_tick_us=680695593,mechanical_angle_rad=6.165069103,valid=1,read_failures=0"
dengfoc,"SYNC_TRUTH,sequence=339901,truth_tick_us=680697589,mechanical_angle_rad=6.165069103,valid=1,read_failures=0"
dengfoc,"SYNC_TRUTH,sequence=339902,truth_tick_us=680699593,mechanical_angle_rad=6.165069103,valid=1,read_failures=0"
dengfoc,"SYNC_TRUTH,sequence=339903,truth_tick_us=680701589,mechanical_angle_rad=6.165069103,valid=1,read_failures=0"
dengfoc,"SYNC_TRUTH,sequence=339904,truth_tick_us=680703593,mechanical_angle_rad=6.165069103,valid=1,read_failures=0"
dengfoc,"SYNC_TRUTH,sequence=339905,truth_tick_us=680705589,mechanical_angle_rad=6.165069103,valid=1,read_failures=0"
dengfoc,"SYNC_TRUTH,sequence=339906,truth_tick_us=680707593,mechanical_angle_rad=6.165069103,valid=1,read_failures=0"
dengfoc,"SYNC_TRUTH,sequence=339907,truth_tick_us=680709589,mechanical_angle_rad=6.165069103,valid=1,read_failures=0"
dengfoc,"SYNC_TRUTH,sequence=339908,truth_tick_us=680711593,mechanical_angle_rad=6.165069103,valid=1,read_failures=0"
dengfoc,"SYNC_TRUTH,sequence=339909,truth_tick_us=680713589,mechanical_angle_rad=6.165069103,valid=1,read_failures=0"
dengfoc,"SYNC_TRUTH,sequence=339910,truth_tick_us=680715593,mechanical_angle_rad=6.165069103,valid=1,read_failures=0"
dengfoc,"SYNC_TRUTH,sequence=339911,truth_tick_us=680717589,mechanical_angle_rad=6.165069103,valid=1,read_failures=0"
dengfoc,"SYNC_TRUTH,sequence=339912,truth_tick_us=680719593,mechanical_angle_rad=6.165069103,valid=1,read_failures=0"
dengfoc,"SYNC_TRUTH,sequence=339913,truth_tick_us=680721589,mechanical_angle_rad=6.165069103,valid=1,read_failures=0"
dengfoc,"SYNC_TRUTH,sequence=339914,truth_tick_us=680723593,mechanical_angle_rad=6.165069103,valid=1,read_failures=0"
dengfoc,"SYNC_TRUTH,sequence=339915,truth_tick_us=680725589,mechanical_angle_rad=6.165069103,valid=1,read_failures=0"
dengfoc,"SYNC_TRUTH,sequence=339916,truth_tick_us=680727593,mechanical_angle_rad=6.165069103,valid=1,read_failures=0"
dengfoc,"SYNC_TRUTH,sequence=339917,truth_tick_us=680729589,mechanical_angle_rad=6.165069103,valid=1,read_failures=0"
dengfoc,"SYNC_TRUTH,sequence=339918,truth_tick_us=680731593,mechanical_angle_rad=6.165069103,valid=1,read_failures=0"
dengfoc,"SYNC_TRUTH,sequence=339919,truth_tick_us=680733589,mechanical_angle_rad=6.165069103,valid=1,read_failures=0"
dengfoc,"SYNC_TRUTH,sequence=339920,truth_tick_us=680735593,mechanical_angle_rad=6.165069103,valid=1,read_failures=0"
dengfoc,"SYNC_TRUTH,sequence=339921,truth_tick_us=680737589,mechanical_angle_rad=6.165069103,valid=1,read_failures=0"
dengfoc,"SYNC_TRUTH,sequence=339922,truth_tick_us=680739593,mechanical_angle_rad=6.165069103,valid=1,read_failures=0"
dengfoc,"SYNC_TRUTH,sequence=339923,truth_tick_us=680741589,mechanical_angle_rad=6.165069103,valid=1,read_failures=0"
dengfoc,"SYNC_TRUTH,sequence=339924,truth_tick_us=680743593,mechanical_angle_rad=6.165069103,valid=1,read_failures=0"
dengfoc,"SYNC_TRUTH,sequence=339925,truth_tick_us=680745589,mechanical_angle_rad=6.165069103,valid=1,read_failures=0"
dengfoc,"SYNC_TRUTH,sequence=339926,truth_tick_us=680747593,mechanical_angle_rad=6.165069103,valid=1,read_failures=0"
dengfoc,"SYNC_TRUTH,sequence=339927,truth_tick_us=680749589,mechanical_angle_rad=6.165069103,valid=1,read_failures=0"
dengfoc,"SYNC_TRUTH,sequence=339928,truth_tick_us=680751593,mechanical_angle_rad=6.165069103,valid=1,read_failures=0"
dengfoc,"SYNC_TRUTH,sequence=339929,truth_tick_us=680753589,mechanical_angle_rad=6.165069103,valid=1,read_failures=0"
dengfoc,"SYNC_TRUTH,sequence=339930,truth_tick_us=680755593,mechanical_angle_rad=6.165069103,valid=1,read_failures=0"
dengfoc,"SYNC_TRUTH,sequence=339931,truth_tick_us=680757589,mechanical_angle_rad=6.165069103,valid=1,read_failures=0"
dengfoc,"SYNC_TRUTH,sequence=339932,truth_tick_us=680759593,mechanical_angle_rad=6.165069103,valid=1,read_failures=0"
dengfoc,"SYNC_TRUTH,sequence=339933,truth_tick_us=680761589,mechanical_angle_rad=6.165069103,valid=1,read_failures=0"
dengfoc,"SYNC_TRUTH,sequence=339934,truth_tick_us=680763593,mechanical_angle_rad=6.165069103,valid=1,read_failures=0"
dengfoc,"SYNC_TRUTH,sequence=339935,truth_tick_us=680765589,mechanical_angle_rad=6.165069103,valid=1,read_failures=0"
dengfoc,"SYNC_TRUTH,sequence=339936,truth_tick_us=680767593,mechanical_angle_rad=6.165069103,valid=1,read_failures=0"
dengfoc,"SYNC_TRUTH,sequence=339937,truth_tick_us=680769589,mechanical_angle_rad=6.165069103,valid=1,read_failures=0"
dengfoc,"SYNC_TRUTH,sequence=339938,truth_tick_us=680771593,mechanical_angle_rad=6.165069103,valid=1,read_failures=0"
dengfoc,"SYNC_TRUTH,sequence=339939,truth_tick_us=680773589,mechanical_angle_rad=6.165069103,valid=1,read_failures=0"
dengfoc,"SYNC_TRUTH,sequence=339940,truth_tick_us=680775593,mechanical_angle_rad=6.165069103,valid=1,read_failures=0"
dengfoc,"SYNC_TRUTH,sequence=339941,truth_tick_us=680777589,mechanical_angle_rad=6.165069103,valid=1,read_failures=0"
dengfoc,"SYNC_TRUTH,sequence=339942,truth_tick_us=680779593,mechanical_angle_rad=6.165069103,valid=1,read_failures=0"
dengfoc,"SYNC_TRUTH,sequence=339943,truth_tick_us=680781589,mechanical_angle_rad=6.165069103,valid=1,read_failures=0"
dengfoc,"SYNC_TRUTH,sequence=339944,truth_tick_us=680783593,mechanical_angle_rad=6.165069103,valid=1,read_failures=0"
dengfoc,"SYNC_TRUTH,sequence=339945,truth_tick_us=680785589,mechanical_angle_rad=6.165069103,valid=1,read_failures=0"
dengfoc,"SYNC_TRUTH,sequence=339946,truth_tick_us=680787593,mechanical_angle_rad=6.165069103,valid=1,read_failures=0"
dengfoc,"SYNC_TRUTH,sequence=339947,truth_tick_us=680789589,mechanical_angle_rad=6.165069103,valid=1,read_failures=0"
dengfoc,"SYNC_TRUTH,sequence=339948,truth_tick_us=680791593,mechanical_angle_rad=6.165069103,valid=1,read_failures=0"
dengfoc,"SYNC_TRUTH,sequence=339949,truth_tick_us=680793589,mechanical_angle_rad=6.165069103,valid=1,read_failures=0"
dengfoc,"SYNC_TRUTH,sequence=339950,truth_tick_us=680795593,mechanical_angle_rad=6.165069103,valid=1,read_failures=0"
dengfoc,"SYNC_TRUTH,sequence=339951,truth_tick_us=680797589,mechanical_angle_rad=6.165069103,valid=1,read_failures=0"
dengfoc,"SYNC_TRUTH,sequence=339952,truth_tick_us=680799593,mechanical_angle_rad=6.165069103,valid=1,read_failures=0"
dengfoc,"SYNC_TRUTH,sequence=339953,truth_tick_us=680801589,mechanical_angle_rad=6.165069103,valid=1,read_failures=0"
dengfoc,"SYNC_TRUTH,sequence=339954,truth_tick_us=680803593,mechanical_angle_rad=6.165069103,valid=1,read_failures=0"
dengfoc,"SYNC_TRUTH,sequence=339955,truth_tick_us=680805589,mechanical_angle_rad=6.165069103,valid=1,read_failures=0"
dengfoc,"SYNC_TRUTH,sequence=339956,truth_tick_us=680807593,mechanical_angle_rad=6.165069103,valid=1,read_failures=0"
dengfoc,"SYNC_TRUTH,sequence=339957,truth_tick_us=680809589,mechanical_angle_rad=6.165069103,valid=1,read_failures=0"
dengfoc,"SYNC_TRUTH,sequence=339958,truth_tick_us=680811593,mechanical_angle_rad=6.165069103,valid=1,read_failures=0"
dengfoc,"SYNC_TRUTH,sequence=339959,truth_tick_us=680813589,mechanical_angle_rad=6.165069103,valid=1,read_failures=0"
dengfoc,"SYNC_TRUTH,sequence=339960,truth_tick_us=680815593,mechanical_angle_rad=6.165069103,valid=1,read_failures=0"
dengfoc,"SYNC_TRUTH,sequence=339961,truth_tick_us=680817589,mechanical_angle_rad=6.165069103,valid=1,read_failures=0"
dengfoc,"SYNC_TRUTH,sequence=339962,truth_tick_us=680819593,mechanical_angle_rad=6.165069103,valid=1,read_failures=0"
dengfoc,"SYNC_TRUTH,sequence=339963,truth_tick_us=680821589,mechanical_angle_rad=6.165069103,valid=1,read_failures=0"
dengfoc,"SYNC_TRUTH,sequence=339964,truth_tick_us=680823593,mechanical_angle_rad=6.165069103,valid=1,read_failures=0"
dengfoc,"SYNC_TRUTH,sequence=339965,truth_tick_us=680825589,mechanical_angle_rad=6.165069103,valid=1,read_failures=0"
dengfoc,"SYNC_TRUTH,sequence=339966,truth_tick_us=680827593,mechanical_angle_rad=6.165069103,valid=1,read_failures=0"
dengfoc,"SYNC_TRUTH,sequence=339967,truth_tick_us=680829589,mechanical_angle_rad=6.165069103,valid=1,read_failures=0"
dengfoc,"SYNC_TRUTH,sequence=339968,truth_tick_us=680831593,mechanical_angle_rad=6.165069103,valid=1,read_failures=0"
dengfoc,"SYNC_TRUTH,sequence=339969,truth_tick_us=680833589,mechanical_angle_rad=6.165069103,valid=1,read_failures=0"
dengfoc,"SYNC_TRUTH,sequence=339970,truth_tick_us=680835593,mechanical_angle_rad=6.165069103,valid=1,read_failures=0"
dengfoc,"SYNC_TRUTH,sequence=339971,truth_tick_us=680837589,mechanical_angle_rad=6.165069103,valid=1,read_failures=0"
dengfoc,"SYNC_TRUTH,sequence=339972,truth_tick_us=680839593,mechanical_angle_rad=6.165069103,valid=1,read_failures=0"
dengfoc,"SYNC_TRUTH,sequence=339973,truth_tick_us=680841589,mechanical_angle_rad=6.165069103,valid=1,read_failures=0"
dengfoc,"SYNC_TRUTH,sequence=339974,truth_tick_us=680843593,mechanical_angle_rad=6.165069103,valid=1,read_failures=0"
dengfoc,"SYNC_TRUTH,sequence=339975,truth_tick_us=680845589,mechanical_angle_rad=6.165069103,valid=1,read_failures=0"
dengfoc,"SYNC_TRUTH,sequence=339976,truth_tick_us=680847593,mechanical_angle_rad=6.165069103,valid=1,read_failures=0"
dengfoc,"SYNC_TRUTH,sequence=339977,truth_tick_us=680849589,mechanical_angle_rad=6.165069103,valid=1,read_failures=0"
dengfoc,"SYNC_TRUTH,sequence=339978,truth_tick_us=680851593,mechanical_angle_rad=6.165069103,valid=1,read_failures=0"
dengfoc,"SYNC_TRUTH,sequence=339979,truth_tick_us=680853589,mechanical_angle_rad=6.165069103,valid=1,read_failures=0"
g431,"ALV,0000231f,12306700,0,0,12275"
dengfoc,"SYNC_TRUTH,sequence=339980,truth_tick_us=680855593,mechanical_angle_rad=6.165069103,valid=1,read_failures=0"
dengfoc,"SYNC_TRUTH,sequence=339981,truth_tick_us=680857589,mechanical_angle_rad=6.165069103,valid=1,read_failures=0"
dengfoc,"SYNC_TRUTH,sequence=339982,truth_tick_us=680859593,mechanical_angle_rad=6.165069103,valid=1,read_failures=0"
dengfoc,"SYNC_TRUTH,sequence=339983,truth_tick_us=680861589,mechanical_angle_rad=6.165069103,valid=1,read_failures=0"
dengfoc,"SYNC_TRUTH,sequence=339984,truth_tick_us=680863593,mechanical_angle_rad=6.165069103,valid=1,read_failures=0"
dengfoc,"SYNC_TRUTH,sequence=339985,truth_tick_us=680865589,mechanical_angle_rad=6.165069103,valid=1,read_failures=0"
dengfoc,"SYNC_TRUTH,sequence=339986,truth_tick_us=680867593,mechanical_angle_rad=6.165069103,valid=1,read_failures=0"
dengfoc,"SYNC_TRUTH,sequence=339987,truth_tick_us=680869589,mechanical_angle_rad=6.165069103,valid=1,read_failures=0"
dengfoc,"SYNC_TRUTH,sequence=339988,truth_tick_us=680871593,mechanical_angle_rad=6.165069103,valid=1,read_failures=0"
dengfoc,"SYNC_TRUTH,sequence=339989,truth_tick_us=680873589,mechanical_angle_rad=6.165069103,valid=1,read_failures=0"
dengfoc,"SYNC_TRUTH,sequence=339990,truth_tick_us=680875593,mechanical_angle_rad=6.165069103,valid=1,read_failures=0"
dengfoc,"SYNC_TRUTH,sequence=339991,truth_tick_us=680877589,mechanical_angle_rad=6.165069103,valid=1,read_failures=0"
dengfoc,"SYNC_TRUTH,sequence=339992,truth_tick_us=680879593,mechanical_angle_rad=6.165069103,valid=1,read_failures=0"
dengfoc,"SYNC_TRUTH,sequence=339993,truth_tick_us=680881589,mechanical_angle_rad=6.165069103,valid=1,read_failures=0"
dengfoc,"SYNC_TRUTH,sequence=339994,truth_tick_us=680883593,mechanical_angle_rad=6.165069103,valid=1,read_failures=0"
dengfoc,"SYNC_TRUTH,sequence=339995,truth_tick_us=680885589,mechanical_angle_rad=6.165069103,valid=1,read_failures=0"
dengfoc,"SYNC_TRUTH,sequence=339996,truth_tick_us=680887593,mechanical_angle_rad=6.165069103,valid=1,read_failures=0"
dengfoc,"SYNC_TRUTH,sequence=339997,truth_tick_us=680889589,mechanical_angle_rad=6.165069103,valid=1,read_failures=0"
dengfoc,"SYNC_TRUTH,sequence=339998,truth_tick_us=680891593,mechanical_angle_rad=6.165069103,valid=1,read_failures=0"
dengfoc,"SYNC_TRUTH,sequence=339999,truth_tick_us=680893589,mechanical_angle_rad=6.165069103,valid=1,read_failures=0"
dengfoc,"SYNC_TRUTH,sequence=340000,truth_tick_us=680895593,mechanical_angle_rad=6.165069103,valid=1,read_failures=0"
dengfoc,"SYNC_TRUTH,sequence=340001,truth_tick_us=680897589,mechanical_angle_rad=6.165069103,valid=1,read_failures=0"
dengfoc,"SYNC_TRUTH,sequence=340002,truth_tick_us=680899593,mechanical_angle_rad=6.165069103,valid=1,read_failures=0"
dengfoc,"SYNC_TRUTH,sequence=340003,truth_tick_us=680901589,mechanical_angle_rad=6.165069103,valid=1,read_failures=0"
dengfoc,"SYNC_TRUTH,sequence=340004,truth_tick_us=680903593,mechanical_angle_rad=6.165069103,valid=1,read_failures=0"
dengfoc,"SYNC_TRUTH,sequence=340005,truth_tick_us=680905589,mechanical_angle_rad=6.165069103,valid=1,read_failures=0"
dengfoc,"SYNC_TRUTH,sequence=340006,truth_tick_us=680907593,mechanical_angle_rad=6.165069103,valid=1,read_failures=0"
dengfoc,"SYNC_TRUTH,sequence=340007,truth_tick_us=680909589,mechanical_angle_rad=6.165069103,valid=1,read_failures=0"
dengfoc,"SYNC_TRUTH,sequence=340008,truth_tick_us=680911593,mechanical_angle_rad=6.165069103,valid=1,read_failures=0"
dengfoc,"SYNC_TRUTH,sequence=340009,truth_tick_us=680913589,mechanical_angle_rad=6.165069103,valid=1,read_failures=0"
dengfoc,"SYNC_TRUTH,sequence=340010,truth_tick_us=680915593,mechanical_angle_rad=6.165069103,valid=1,read_failures=0"
dengfoc,"SYNC_TRUTH,sequence=340011,truth_tick_us=680917589,mechanical_angle_rad=6.165069103,valid=1,read_failures=0"
dengfoc,"SYNC_TRUTH,sequence=340012,truth_tick_us=680919593,mechanical_angle_rad=6.165069103,valid=1,read_failures=0"
dengfoc,"SYNC_TRUTH,sequence=340013,truth_tick_us=680921589,mechanical_angle_rad=6.165069103,valid=1,read_failures=0"
dengfoc,"SYNC_TRUTH,sequence=340014,truth_tick_us=680923593,mechanical_angle_rad=6.165069103,valid=1,read_failures=0"
dengfoc,"SYNC_TRUTH,sequence=340015,truth_tick_us=680925589,mechanical_angle_rad=6.165069103,valid=1,read_failures=0"
dengfoc,"SYNC_TRUTH,sequence=340016,truth_tick_us=680927593,mechanical_angle_rad=6.165069103,valid=1,read_failures=0"
dengfoc,"SYNC_TRUTH,sequence=340017,truth_tick_us=680929589,mechanical_angle_rad=6.165069103,valid=1,read_failures=0"
dengfoc,"SYNC_TRUTH,sequence=340018,truth_tick_us=680931593,mechanical_angle_rad=6.165069103,valid=1,read_failures=0"
dengfoc,"SYNC_TRUTH,sequence=340019,truth_tick_us=680933589,mechanical_angle_rad=6.165069103,valid=1,read_failures=0"
dengfoc,"SYNC_TRUTH,sequence=340020,truth_tick_us=680935593,mechanical_angle_rad=6.165069103,valid=1,read_failures=0"
dengfoc,"SYNC_TRUTH,sequence=340021,truth_tick_us=680937589,mechanical_angle_rad=6.165069103,valid=1,read_failures=0"
dengfoc,"SYNC_TRUTH,sequence=340022,truth_tick_us=680939593,mechanical_angle_rad=6.165069103,valid=1,read_failures=0"
dengfoc,"SYNC_TRUTH,sequence=340023,truth_tick_us=680941589,mechanical_angle_rad=6.165069103,valid=1,read_failures=0"
dengfoc,"SYNC_TRUTH,sequence=340024,truth_tick_us=680943593,mechanical_angle_rad=6.165069103,valid=1,read_failures=0"
dengfoc,"SYNC_TRUTH,sequence=340025,truth_tick_us=680945589,mechanical_angle_rad=6.165069103,valid=1,read_failures=0"
dengfoc,"SYNC_TRUTH,sequence=340026,truth_tick_us=680947593,mechanical_angle_rad=6.165069103,valid=1,read_failures=0"
dengfoc,"SYNC_TRUTH,sequence=340027,truth_tick_us=680949589,mechanical_angle_rad=6.165069103,valid=1,read_failures=0"
dengfoc,"SYNC_TRUTH,sequence=340028,truth_tick_us=680951593,mechanical_angle_rad=6.165069103,valid=1,read_failures=0"
dengfoc,"SYNC_TRUTH,sequence=340029,truth_tick_us=680953589,mechanical_angle_rad=6.165069103,valid=1,read_failures=0"
dengfoc,"SYNC_TRUTH,sequence=340030,truth_tick_us=680955593,mechanical_angle_rad=6.165069103,valid=1,read_failures=0"
dengfoc,"SYNC_TRUTH,sequence=340031,truth_tick_us=680957589,mechanical_angle_rad=6.165069103,valid=1,read_failures=0"
dengfoc,"SYNC_TRUTH,sequence=340032,truth_tick_us=680959593,mechanical_angle_rad=6.165069103,valid=1,read_failures=0"
dengfoc,"SYNC_TRUTH,sequence=340033,truth_tick_us=680961589,mechanical_angle_rad=6.165069103,valid=1,read_failures=0"
dengfoc,"SYNC_TRUTH,sequence=340034,truth_tick_us=680963593,mechanical_angle_rad=6.165069103,valid=1,read_failures=0"
dengfoc,"SYNC_TRUTH,sequence=340035,truth_tick_us=680965589,mechanical_angle_rad=6.165069103,valid=1,read_failures=0"
dengfoc,"SYNC_TRUTH,sequence=340036,truth_tick_us=680967593,mechanical_angle_rad=6.165069103,valid=1,read_failures=0"
dengfoc,"SYNC_TRUTH,sequence=340037,truth_tick_us=680969589,mechanical_angle_rad=6.165069103,valid=1,read_failures=0"
dengfoc,"SYNC_TRUTH,sequence=340038,truth_tick_us=680971593,mechanical_angle_rad=6.165069103,valid=1,read_failures=0"
dengfoc,"SYNC_TRUTH,sequence=340039,truth_tick_us=680973589,mechanical_angle_rad=6.165069103,valid=1,read_failures=0"
dengfoc,"SYNC_TRUTH,sequence=340040,truth_tick_us=680975593,mechanical_angle_rad=6.165069103,valid=1,read_failures=0"
dengfoc,"SYNC_TRUTH,sequence=340041,truth_tick_us=680977589,mechanical_angle_rad=6.165069103,valid=1,read_failures=0"
dengfoc,"SYNC_TRUTH,sequence=340042,truth_tick_us=680979593,mechanical_angle_rad=6.165069103,valid=1,read_failures=0"
dengfoc,"SYNC_TRUTH,sequence=340043,truth_tick_us=680981589,mechanical_angle_rad=6.165069103,valid=1,read_failures=0"
dengfoc,"SYNC_TRUTH,sequence=340044,truth_tick_us=680983593,mechanical_angle_rad=6.165069103,valid=1,read_failures=0"
dengfoc,"SYNC_TRUTH,sequence=340045,truth_tick_us=680985589,mechanical_angle_rad=6.165069103,valid=1,read_failures=0"
dengfoc,"SYNC_TRUTH,sequence=340046,truth_tick_us=680987593,mechanical_angle_rad=6.165069103,valid=1,read_failures=0"
dengfoc,"SYNC_TRUTH,sequence=340047,truth_tick_us=680989589,mechanical_angle_rad=6.165069103,valid=1,read_failures=0"
dengfoc,"SYNC_TRUTH,sequence=340048,truth_tick_us=680991593,mechanical_angle_rad=6.165069103,valid=1,read_failures=0"
dengfoc,"SYNC_TRUTH,sequence=340049,truth_tick_us=680993589,mechanical_angle_rad=6.165069103,valid=1,read_failures=0"
dengfoc,"SYNC_TRUTH,sequence=340050,truth_tick_us=680995593,mechanical_angle_rad=6.165069103,valid=1,read_failures=0"
dengfoc,"SYNC_TRUTH,sequence=340051,truth_tick_us=680997589,mechanical_angle_rad=6.165069103,valid=1,read_failures=0"
dengfoc,"SYNC_TRUTH,sequence=340052,truth_tick_us=680999593,mechanical_angle_rad=6.165069103,valid=1,read_failures=0"
dengfoc,"SYNC_TRUTH,sequence=340053,truth_tick_us=681001589,mechanical_angle_rad=6.165069103,valid=1,read_failures=0"
dengfoc,"SYNC_TRUTH,sequence=340054,truth_tick_us=681003593,mechanical_angle_rad=6.165069103,valid=1,read_failures=0"
dengfoc,"SYNC_TRUTH,sequence=340055,truth_tick_us=681005589,mechanical_angle_rad=6.165069103,valid=1,read_failures=0"
dengfoc,"SYNC_TRUTH,sequence=340056,truth_tick_us=681007593,mechanical_angle_rad=6.165069103,valid=1,read_failures=0"
dengfoc,"SYNC_TRUTH,sequence=340057,truth_tick_us=681009589,mechanical_angle_rad=6.165069103,valid=1,read_failures=0"
dengfoc,"SYNC_TRUTH,sequence=340058,truth_tick_us=681011593,mechanical_angle_rad=6.165069103,valid=1,read_failures=0"
dengfoc,"SYNC_TRUTH,sequence=340059,truth_tick_us=681013589,mechanical_angle_rad=6.165069103,valid=1,read_failures=0"
dengfoc,"SYNC_TRUTH,sequence=340060,truth_tick_us=681015593,mechanical_angle_rad=6.165069103,valid=1,read_failures=0"
dengfoc,"SYNC_TRUTH,sequence=340061,truth_tick_us=681017589,mechanical_angle_rad=6.165069103,valid=1,read_failures=0"
dengfoc,"SYNC_TRUTH,sequence=340062,truth_tick_us=681019593,mechanical_angle_rad=6.165069103,valid=1,read_failures=0"
dengfoc,"SYNC_TRUTH,sequence=340063,truth_tick_us=681021589,mechanical_angle_rad=6.165069103,valid=1,read_failures=0"
dengfoc,"SYNC_TRUTH,sequence=340064,truth_tick_us=681023593,mechanical_angle_rad=6.165069103,valid=1,read_failures=0"
dengfoc,"SYNC_TRUTH,sequence=340065,truth_tick_us=681025589,mechanical_angle_rad=6.165069103,valid=1,read_failures=0"
dengfoc,"SYNC_TRUTH,sequence=340066,truth_tick_us=681027593,mechanical_angle_rad=6.165069103,valid=1,read_failures=0"
dengfoc,"SYNC_TRUTH,sequence=340067,truth_tick_us=681029589,mechanical_angle_rad=6.165069103,valid=1,read_failures=0"
dengfoc,"SYNC_TRUTH,sequence=340068,truth_tick_us=681031593,mechanical_angle_rad=6.165069103,valid=1,read_failures=0"
dengfoc,"SYNC_TRUTH,sequence=340069,truth_tick_us=681033589,mechanical_angle_rad=6.165069103,valid=1,read_failures=0"
dengfoc,"SYNC_TRUTH,sequence=340070,truth_tick_us=681035593,mechanical_angle_rad=6.165069103,valid=1,read_failures=0"
dengfoc,"SYNC_TRUTH,sequence=340071,truth_tick_us=681037589,mechanical_angle_rad=6.165069103,valid=1,read_failures=0"
dengfoc,"SYNC_TRUTH,sequence=340072,truth_tick_us=681039593,mechanical_angle_rad=6.165069103,valid=1,read_failures=0"
dengfoc,"SYNC_TRUTH,sequence=340073,truth_tick_us=681041589,mechanical_angle_rad=6.165069103,valid=1,read_failures=0"
dengfoc,"SYNC_TRUTH,sequence=340074,truth_tick_us=681043593,mechanical_angle_rad=6.165069103,valid=1,read_failures=0"
dengfoc,"SYNC_TRUTH,sequence=340075,truth_tick_us=681045589,mechanical_angle_rad=6.165069103,valid=1,read_failures=0"
dengfoc,"SYNC_TRUTH,sequence=340076,truth_tick_us=681047593,mechanical_angle_rad=6.165069103,valid=1,read_failures=0"
dengfoc,"SYNC_TRUTH,sequence=340077,truth_tick_us=681049589,mechanical_angle_rad=6.165069103,valid=1,read_failures=0"
dengfoc,"SYNC_TRUTH,sequence=340078,truth_tick_us=681051593,mechanical_angle_rad=6.165069103,valid=1,read_failures=0"
dengfoc,"SYNC_TRUTH,sequence=340079,truth_tick_us=681053589,mechanical_angle_rad=6.165069103,valid=1,read_failures=0"
dengfoc,"SYNC_TRUTH,sequence=340080,truth_tick_us=681055593,mechanical_angle_rad=6.165069103,valid=1,read_failures=0"
dengfoc,"SYNC_TRUTH,sequence=340081,truth_tick_us=681057589,mechanical_angle_rad=6.165069103,valid=1,read_failures=0"
dengfoc,"SYNC_TRUTH,sequence=340082,truth_tick_us=681059593,mechanical_angle_rad=6.165069103,valid=1,read_failures=0"
dengfoc,"SYNC_TRUTH,sequence=340083,truth_tick_us=681061589,mechanical_angle_rad=6.165069103,valid=1,read_failures=0"
dengfoc,"SYNC_TRUTH,sequence=340084,truth_tick_us=681063593,mechanical_angle_rad=6.165069103,valid=1,read_failures=0"
dengfoc,"SYNC_TRUTH,sequence=340085,truth_tick_us=681065589,mechanical_angle_rad=6.165069103,valid=1,read_failures=0"
dengfoc,"SYNC_TRUTH,sequence=340086,truth_tick_us=681067593,mechanical_angle_rad=6.165069103,valid=1,read_failures=0"
dengfoc,"SYNC_TRUTH,sequence=340087,truth_tick_us=681069589,mechanical_angle_rad=6.165069103,valid=1,read_failures=0"
dengfoc,"SYNC_TRUTH,sequence=340088,truth_tick_us=681071593,mechanical_angle_rad=6.165069103,valid=1,read_failures=0"
dengfoc,"SYNC_TRUTH,sequence=340089,truth_tick_us=681073589,mechanical_angle_rad=6.165069103,valid=1,read_failures=0"
dengfoc,"SYNC_TRUTH,sequence=340090,truth_tick_us=681075593,mechanical_angle_rad=6.165069103,valid=1,read_failures=0"
dengfoc,"SYNC_TRUTH,sequence=340091,truth_tick_us=681077589,mechanical_angle_rad=6.165069103,valid=1,read_failures=0"
dengfoc,"SYNC_TRUTH,sequence=340092,truth_tick_us=681079593,mechanical_angle_rad=6.165069103,valid=1,read_failures=0"
dengfoc,"SYNC_TRUTH,sequence=340093,truth_tick_us=681081589,mechanical_angle_rad=6.165069103,valid=1,read_failures=0"
dengfoc,"SYNC_TRUTH,sequence=340094,truth_tick_us=681083593,mechanical_angle_rad=6.165069103,valid=1,read_failures=0"
dengfoc,"SYNC_TRUTH,sequence=340095,truth_tick_us=681085589,mechanical_angle_rad=6.165069103,valid=1,read_failures=0"
dengfoc,"SYNC_TRUTH,sequence=340096,truth_tick_us=681087593,mechanical_angle_rad=6.165069103,valid=1,read_failures=0"
dengfoc,"SYNC_TRUTH,sequence=340097,truth_tick_us=681089589,mechanical_angle_rad=6.165069103,valid=1,read_failures=0"
dengfoc,"SYNC_TRUTH,sequence=340098,truth_tick_us=681091593,mechanical_angle_rad=6.165069103,valid=1,read_failures=0"
dengfoc,"SYNC_TRUTH,sequence=340099,truth_tick_us=681093589,mechanical_angle_rad=6.165069103,valid=1,read_failures=0"
dengfoc,"SYNC_TRUTH,sequence=340100,truth_tick_us=681095593,mechanical_angle_rad=6.165069103,valid=1,read_failures=0"
dengfoc,"SYNC_TRUTH,sequence=340101,truth_tick_us=681097589,mechanical_angle_rad=6.165069103,valid=1,read_failures=0"
dengfoc,"SYNC_TRUTH,sequence=340102,truth_tick_us=681099593,mechanical_angle_rad=6.165069103,valid=1,read_failures=0"
dengfoc,"SYNC_TRUTH,sequence=340103,truth_tick_us=681101589,mechanical_angle_rad=6.165069103,valid=1,read_failures=0"
dengfoc,"SYNC_TRUTH,sequence=340104,truth_tick_us=681103593,mechanical_angle_rad=6.165069103,valid=1,read_failures=0"
dengfoc,"SYNC_TRUTH,sequence=340105,truth_tick_us=681105589,mechanical_angle_rad=6.165069103,valid=1,read_failures=0"
dengfoc,"SYNC_TRUTH,sequence=340106,truth_tick_us=681107593,mechanical_angle_rad=6.165069103,valid=1,read_failures=0"
dengfoc,"SYNC_TRUTH,sequence=340107,truth_tick_us=681109589,mechanical_angle_rad=6.165069103,valid=1,read_failures=0"
dengfoc,"SYNC_TRUTH,sequence=340108,truth_tick_us=681111593,mechanical_angle_rad=6.165069103,valid=1,read_failures=0"
dengfoc,"SYNC_TRUTH,sequence=340109,truth_tick_us=681113589,mechanical_angle_rad=6.165069103,valid=1,read_failures=0"
dengfoc,"SYNC_TRUTH,sequence=340110,truth_tick_us=681115593,mechanical_angle_rad=6.165069103,valid=1,read_failures=0"
dengfoc,"SYNC_TRUTH,sequence=340111,truth_tick_us=681117589,mechanical_angle_rad=6.165069103,valid=1,read_failures=0"
dengfoc,"SYNC_TRUTH,sequence=340112,truth_tick_us=681119593,mechanical_angle_rad=6.165069103,valid=1,read_failures=0"
dengfoc,"SYNC_TRUTH,sequence=340113,truth_tick_us=681121589,mechanical_angle_rad=6.165069103,valid=1,read_failures=0"
dengfoc,"SYNC_TRUTH,sequence=340114,truth_tick_us=681123593,mechanical_angle_rad=6.165069103,valid=1,read_failures=0"
dengfoc,"SYNC_TRUTH,sequence=340115,truth_tick_us=681125589,mechanical_angle_rad=6.165069103,valid=1,read_failures=0"
dengfoc,"SYNC_TRUTH,sequence=340116,truth_tick_us=681127593,mechanical_angle_rad=6.165069103,valid=1,read_failures=0"
dengfoc,"SYNC_TRUTH,sequence=340117,truth_tick_us=681129589,mechanical_angle_rad=6.165069103,valid=1,read_failures=0"
dengfoc,"SYNC_TRUTH,sequence=340118,truth_tick_us=681131593,mechanical_angle_rad=6.165069103,valid=1,read_failures=0"
dengfoc,"SYNC_TRUTH,sequence=340119,truth_tick_us=681133589,mechanical_angle_rad=6.165069103,valid=1,read_failures=0"
dengfoc,"SYNC_TRUTH,sequence=340120,truth_tick_us=681135593,mechanical_angle_rad=6.165069103,valid=1,read_failures=0"
dengfoc,"SYNC_TRUTH,sequence=340121,truth_tick_us=681137589,mechanical_angle_rad=6.165069103,valid=1,read_failures=0"
dengfoc,"SYNC_TRUTH,sequence=340122,truth_tick_us=681139593,mechanical_angle_rad=6.165069103,valid=1,read_failures=0"
dengfoc,"SYNC_TRUTH,sequence=340123,truth_tick_us=681141589,mechanical_angle_rad=6.165069103,valid=1,read_failures=0"
dengfoc,"SYNC_TRUTH,sequence=340124,truth_tick_us=681143593,mechanical_angle_rad=6.165069103,valid=1,read_failures=0"
dengfoc,"SYNC_TRUTH,sequence=340125,truth_tick_us=681145589,mechanical_angle_rad=6.165069103,valid=1,read_failures=0"
dengfoc,"SYNC_TRUTH,sequence=340126,truth_tick_us=681147593,mechanical_angle_rad=6.165069103,valid=1,read_failures=0"
dengfoc,"SYNC_TRUTH,sequence=340127,truth_tick_us=681149589,mechanical_angle_rad=6.165069103,valid=1,read_failures=0"
dengfoc,"SYNC_TRUTH,sequence=340128,truth_tick_us=681151593,mechanical_angle_rad=6.165069103,valid=1,read_failures=0"
dengfoc,"SYNC_TRUTH,sequence=340129,truth_tick_us=681153589,mechanical_angle_rad=6.165069103,valid=1,read_failures=0"
dengfoc,"SYNC_TRUTH,sequence=340130,truth_tick_us=681155593,mechanical_angle_rad=6.165069103,valid=1,read_failures=0"
dengfoc,"SYNC_TRUTH,sequence=340131,truth_tick_us=681157589,mechanical_angle_rad=6.165069103,valid=1,read_failures=0"
dengfoc,"SYNC_TRUTH,sequence=340132,truth_tick_us=681159593,mechanical_angle_rad=6.165069103,valid=1,read_failures=0"
dengfoc,"SYNC_TRUTH,sequence=340133,truth_tick_us=681161589,mechanical_angle_rad=6.165069103,valid=1,read_failures=0"
dengfoc,"SYNC_TRUTH,sequence=340134,truth_tick_us=681163593,mechanical_angle_rad=6.165069103,valid=1,read_failures=0"
dengfoc,"SYNC_TRUTH,sequence=340135,truth_tick_us=681165589,mechanical_angle_rad=6.165069103,valid=1,read_failures=0"
dengfoc,"SYNC_TRUTH,sequence=340136,truth_tick_us=681167593,mechanical_angle_rad=6.165069103,valid=1,read_failures=0"
dengfoc,"SYNC_TRUTH,sequence=340137,truth_tick_us=681169589,mechanical_angle_rad=6.165069103,valid=1,read_failures=0"
dengfoc,"SYNC_TRUTH,sequence=340138,truth_tick_us=681171593,mechanical_angle_rad=6.165069103,valid=1,read_failures=0"
dengfoc,"SYNC_TRUTH,sequence=340139,truth_tick_us=681173589,mechanical_angle_rad=6.165069103,valid=1,read_failures=0"
dengfoc,"SYNC_TRUTH,sequence=340140,truth_tick_us=681175593,mechanical_angle_rad=6.165069103,valid=1,read_failures=0"
dengfoc,"SYNC_TRUTH,sequence=340141,truth_tick_us=681177589,mechanical_angle_rad=6.165069103,valid=1,read_failures=0"
dengfoc,"SYNC_TRUTH,sequence=340142,truth_tick_us=681179593,mechanical_angle_rad=6.165069103,valid=1,read_failures=0"
dengfoc,"SYNC_TRUTH,sequence=340143,truth_tick_us=681181589,mechanical_angle_rad=6.165069103,valid=1,read_failures=0"
dengfoc,"SYNC_TRUTH,sequence=340144,truth_tick_us=681183593,mechanical_angle_rad=6.165069103,valid=1,read_failures=0"
dengfoc,"SYNC_TRUTH,sequence=340145,truth_tick_us=681185589,mechanical_angle_rad=6.165069103,valid=1,read_failures=0"
dengfoc,"SYNC_TRUTH,sequence=340146,truth_tick_us=681187593,mechanical_angle_rad=6.165069103,valid=1,read_failures=0"
dengfoc,"SYNC_TRUTH,sequence=340147,truth_tick_us=681189589,mechanical_angle_rad=6.165069103,valid=1,read_failures=0"
dengfoc,"SYNC_TRUTH,sequence=340148,truth_tick_us=681191593,mechanical_angle_rad=6.165069103,valid=1,read_failures=0"
dengfoc,"SYNC_TRUTH,sequence=340149,truth_tick_us=681193589,mechanical_angle_rad=6.165069103,valid=1,read_failures=0"
dengfoc,"SYNC_TRUTH,sequence=340150,truth_tick_us=681195593,mechanical_angle_rad=6.165069103,valid=1,read_failures=0"
dengfoc,"SYNC_TRUTH,sequence=340151,truth_tick_us=681197589,mechanical_angle_rad=6.165069103,valid=1,read_failures=0"
dengfoc,"SYNC_TRUTH,sequence=340152,truth_tick_us=681199593,mechanical_angle_rad=6.165069103,valid=1,read_failures=0"
dengfoc,"SYNC_TRUTH,sequence=340153,truth_tick_us=681201589,mechanical_angle_rad=6.165069103,valid=1,read_failures=0"
dengfoc,"SYNC_TRUTH,sequence=340154,truth_tick_us=681203593,mechanical_angle_rad=6.165069103,valid=1,read_failures=0"
dengfoc,"SYNC_TRUTH,sequence=340155,truth_tick_us=681205589,mechanical_angle_rad=6.165069103,valid=1,read_failures=0"
dengfoc,"SYNC_TRUTH,sequence=340156,truth_tick_us=681207593,mechanical_angle_rad=6.165069103,valid=1,read_failures=0"
dengfoc,"SYNC_TRUTH,sequence=340157,truth_tick_us=681209589,mechanical_angle_rad=6.165069103,valid=1,read_failures=0"
dengfoc,"SYNC_TRUTH,sequence=340158,truth_tick_us=681211593,mechanical_angle_rad=6.165069103,valid=1,read_failures=0"
dengfoc,"SYNC_TRUTH,sequence=340159,truth_tick_us=681213589,mechanical_angle_rad=6.165069103,valid=1,read_failures=0"
dengfoc,"SYNC_TRUTH,sequence=340160,truth_tick_us=681215593,mechanical_angle_rad=6.165069103,valid=1,read_failures=0"
dengfoc,"SYNC_TRUTH,sequence=340161,truth_tick_us=681217589,mechanical_angle_rad=6.165069103,valid=1,read_failures=0"
dengfoc,"SYNC_TRUTH,sequence=340162,truth_tick_us=681219593,mechanical_angle_rad=6.165069103,valid=1,read_failures=0"
dengfoc,"SYNC_TRUTH,sequence=340163,truth_tick_us=681221589,mechanical_angle_rad=6.165069103,valid=1,read_failures=0"
dengfoc,"SYNC_TRUTH,sequence=340164,truth_tick_us=681223593,mechanical_angle_rad=6.165069103,valid=1,read_failures=0"
dengfoc,"SYNC_TRUTH,sequence=340165,truth_tick_us=681225589,mechanical_angle_rad=6.165069103,valid=1,read_failures=0"
dengfoc,"SYNC_TRUTH,sequence=340166,truth_tick_us=681227593,mechanical_angle_rad=6.165069103,valid=1,read_failures=0"
dengfoc,"SYNC_TRUTH,sequence=340167,truth_tick_us=681229589,mechanical_angle_rad=6.165069103,valid=1,read_failures=0"
dengfoc,"SYNC_TRUTH,sequence=340168,truth_tick_us=681231593,mechanical_angle_rad=6.165069103,valid=1,read_failures=0"
dengfoc,"SYNC_TRUTH,sequence=340169,truth_tick_us=681233589,mechanical_angle_rad=6.165069103,valid=1,read_failures=0"
dengfoc,"SYNC_TRUTH,sequence=340170,truth_tick_us=681235593,mechanical_angle_rad=6.165069103,valid=1,read_failures=0"
dengfoc,"SYNC_TRUTH,sequence=340171,truth_tick_us=681237589,mechanical_angle_rad=6.165069103,valid=1,read_failures=0"
dengfoc,"SYNC_TRUTH,sequence=340172,truth_tick_us=681239593,mechanical_angle_rad=6.165069103,valid=1,read_failures=0"
dengfoc,"SYNC_TRUTH,sequence=340173,truth_tick_us=681241589,mechanical_angle_rad=6.165069103,valid=1,read_failures=0"
dengfoc,"SYNC_TRUTH,sequence=340174,truth_tick_us=681243593,mechanical_angle_rad=6.165069103,valid=1,read_failures=0"
dengfoc,"SYNC_TRUTH,sequence=340175,truth_tick_us=681245589,mechanical_angle_rad=6.165069103,valid=1,read_failures=0"
dengfoc,"SYNC_TRUTH,sequence=340176,truth_tick_us=681247593,mechanical_angle_rad=6.165069103,valid=1,read_failures=0"
dengfoc,"SYNC_TRUTH,sequence=340177,truth_tick_us=681249589,mechanical_angle_rad=6.165069103,valid=1,read_failures=0"
dengfoc,"SYNC_TRUTH,sequence=340178,truth_tick_us=681251593,mechanical_angle_rad=6.165069103,valid=1,read_failures=0"
dengfoc,"SYNC_TRUTH,sequence=340179,truth_tick_us=681253589,mechanical_angle_rad=6.165069103,valid=1,read_failures=0"
dengfoc,"SYNC_TRUTH,sequence=340180,truth_tick_us=681255593,mechanical_angle_rad=6.165069103,valid=1,read_failures=0"
dengfoc,"SYNC_TRUTH,sequence=340181,truth_tick_us=681257589,mechanical_angle_rad=6.165069103,valid=1,read_failures=0"
dengfoc,"SYNC_TRUTH,sequence=340182,truth_tick_us=681259593,mechanical_angle_rad=6.165069103,valid=1,read_failures=0"
dengfoc,"SYNC_TRUTH,sequence=340183,truth_tick_us=681261589,mechanical_angle_rad=6.165069103,valid=1,read_failures=0"
dengfoc,"SYNC_TRUTH,sequence=340184,truth_tick_us=681263593,mechanical_angle_rad=6.165069103,valid=1,read_failures=0"
dengfoc,"SYNC_TRUTH,sequence=340185,truth_tick_us=681265589,mechanical_angle_rad=6.165069103,valid=1,read_failures=0"
dengfoc,"SYNC_TRUTH,sequence=340186,truth_tick_us=681267593,mechanical_angle_rad=6.165069103,valid=1,read_failures=0"
dengfoc,"SYNC_TRUTH,sequence=340187,truth_tick_us=681269589,mechanical_angle_rad=6.165069103,valid=1,read_failures=0"
dengfoc,"SYNC_TRUTH,sequence=340188,truth_tick_us=681271593,mechanical_angle_rad=6.165069103,valid=1,read_failures=0"
dengfoc,"SYNC_TRUTH,sequence=340189,truth_tick_us=681273589,mechanical_angle_rad=6.165069103,valid=1,read_failures=0"
dengfoc,"SYNC_TRUTH,sequence=340190,truth_tick_us=681275593,mechanical_angle_rad=6.165069103,valid=1,read_failures=0"
dengfoc,"SYNC_TRUTH,sequence=340191,truth_tick_us=681277589,mechanical_angle_rad=6.165069103,valid=1,read_failures=0"
dengfoc,"SYNC_TRUTH,sequence=340192,truth_tick_us=681279593,mechanical_angle_rad=6.165069103,valid=1,read_failures=0"
dengfoc,"SYNC_TRUTH,sequence=340193,truth_tick_us=681281589,mechanical_angle_rad=6.165069103,valid=1,read_failures=0"
dengfoc,"SYNC_TRUTH,sequence=340194,truth_tick_us=681283593,mechanical_angle_rad=6.165069103,valid=1,read_failures=0"
dengfoc,"SYNC_TRUTH,sequence=340195,truth_tick_us=681285589,mechanical_angle_rad=6.165069103,valid=1,read_failures=0"
dengfoc,"SYNC_TRUTH,sequence=340196,truth_tick_us=681287593,mechanical_angle_rad=6.165069103,valid=1,read_failures=0"
dengfoc,"SYNC_TRUTH,sequence=340197,truth_tick_us=681289589,mechanical_angle_rad=6.165069103,valid=1,read_failures=0"
dengfoc,"SYNC_TRUTH,sequence=340198,truth_tick_us=681291593,mechanical_angle_rad=6.165069103,valid=1,read_failures=0"
dengfoc,"SYNC_TRUTH,sequence=340199,truth_tick_us=681293589,mechanical_angle_rad=6.165069103,valid=1,read_failures=0"
dengfoc,"SYNC_TRUTH,sequence=340200,truth_tick_us=681295593,mechanical_angle_rad=6.165069103,valid=1,read_failures=0"
dengfoc,"SYNC_TRUTH,sequence=340201,truth_tick_us=681297589,mechanical_angle_rad=6.165069103,valid=1,read_failures=0"
dengfoc,"SYNC_TRUTH,sequence=340202,truth_tick_us=681299593,mechanical_angle_rad=6.165069103,valid=1,read_failures=0"
dengfoc,"SYNC_TRUTH,sequence=340203,truth_tick_us=681301589,mechanical_angle_rad=6.165069103,valid=1,read_failures=0"
dengfoc,"SYNC_TRUTH,sequence=340204,truth_tick_us=681303593,mechanical_angle_rad=6.165069103,valid=1,read_failures=0"
dengfoc,"SYNC_TRUTH,sequence=340205,truth_tick_us=681305589,mechanical_angle_rad=6.165069103,valid=1,read_failures=0"
dengfoc,"SYNC_TRUTH,sequence=340206,truth_tick_us=681307593,mechanical_angle_rad=6.165069103,valid=1,read_failures=0"
dengfoc,"SYNC_TRUTH,sequence=340207,truth_tick_us=681309589,mechanical_angle_rad=6.165069103,valid=1,read_failures=0"
dengfoc,"SYNC_TRUTH,sequence=340208,truth_tick_us=681311593,mechanical_angle_rad=6.165069103,valid=1,read_failures=0"
dengfoc,"SYNC_TRUTH,sequence=340209,truth_tick_us=681313589,mechanical_angle_rad=6.165069103,valid=1,read_failures=0"
dengfoc,"SYNC_TRUTH,sequence=340210,truth_tick_us=681315593,mechanical_angle_rad=6.165069103,valid=1,read_failures=0"
dengfoc,"SYNC_TRUTH,sequence=340211,truth_tick_us=681317589,mechanical_angle_rad=6.165069103,valid=1,read_failures=0"
dengfoc,"SYNC_TRUTH,sequence=340212,truth_tick_us=681319593,mechanical_angle_rad=6.165069103,valid=1,read_failures=0"
dengfoc,"SYNC_TRUTH,sequence=340213,truth_tick_us=681321589,mechanical_angle_rad=6.165069103,valid=1,read_failures=0"
dengfoc,"SYNC_TRUTH,sequence=340214,truth_tick_us=681323593,mechanical_angle_rad=6.165069103,valid=1,read_failures=0"
dengfoc,"SYNC_TRUTH,sequence=340215,truth_tick_us=681325589,mechanical_angle_rad=6.165069103,valid=1,read_failures=0"
dengfoc,"SYNC_TRUTH,sequence=340216,truth_tick_us=681327593,mechanical_angle_rad=6.165069103,valid=1,read_failures=0"
dengfoc,"SYNC_TRUTH,sequence=340217,truth_tick_us=681329589,mechanical_angle_rad=6.165069103,valid=1,read_failures=0"
dengfoc,"SYNC_TRUTH,sequence=340218,truth_tick_us=681331593,mechanical_angle_rad=6.165069103,valid=1,read_failures=0"
dengfoc,"SYNC_TRUTH,sequence=340219,truth_tick_us=681333589,mechanical_angle_rad=6.165069103,valid=1,read_failures=0"
dengfoc,"SYNC_TRUTH,sequence=340220,truth_tick_us=681335593,mechanical_angle_rad=6.165069103,valid=1,read_failures=0"
dengfoc,"SYNC_TRUTH,sequence=340221,truth_tick_us=681337589,mechanical_angle_rad=6.165069103,valid=1,read_failures=0"
dengfoc,"SYNC_TRUTH,sequence=340222,truth_tick_us=681339593,mechanical_angle_rad=6.165069103,valid=1,read_failures=0"
dengfoc,"SYNC_TRUTH,sequence=340223,truth_tick_us=681341589,mechanical_angle_rad=6.165069103,valid=1,read_failures=0"
dengfoc,"SYNC_TRUTH,sequence=340224,truth_tick_us=681343593,mechanical_angle_rad=6.165069103,valid=1,read_failures=0"
dengfoc,"SYNC_TRUTH,sequence=340225,truth_tick_us=681345589,mechanical_angle_rad=6.165069103,valid=1,read_failures=0"
dengfoc,"SYNC_TRUTH,sequence=340226,truth_tick_us=681347593,mechanical_angle_rad=6.165069103,valid=1,read_failures=0"
dengfoc,"SYNC_TRUTH,sequence=340227,truth_tick_us=681349589,mechanical_angle_rad=6.165069103,valid=1,read_failures=0"
dengfoc,"SYNC_TRUTH,sequence=340228,truth_tick_us=681351593,mechanical_angle_rad=6.165069103,valid=1,read_failures=0"
g431,foc_advanced_trial P55-H3-QUERY 2026100505 5000 900
dengfoc,"SYNC_TRUTH,sequence=340229,truth_tick_us=681353589,mechanical_angle_rad=6.165069103,valid=1,read_failures=0"
dengfoc,"SYNC_TRUTH,sequence=340230,truth_tick_us=681355593,mechanical_angle_rad=6.165069103,valid=1,read_failures=0"
dengfoc,"SYNC_TRUTH,sequence=340231,truth_tick_us=681357589,mechanical_angle_rad=6.165069103,valid=1,read_failures=0"
dengfoc,"SYNC_TRUTH,sequence=340232,truth_tick_us=681359597,mechanical_angle_rad=6.165069103,valid=1,read_failures=0"
dengfoc,"SYNC_TRUTH,sequence=340233,truth_tick_us=681361589,mechanical_angle_rad=6.165069103,valid=1,read_failures=0"
dengfoc,"SYNC_TRUTH,sequence=340234,truth_tick_us=681363597,mechanical_angle_rad=6.165069103,valid=1,read_failures=0"
dengfoc,"SYNC_TRUTH,sequence=340235,truth_tick_us=681365589,mechanical_angle_rad=6.165069103,valid=1,read_failures=0"
dengfoc,"SYNC_FRAME_REJECT,stage=8,index=0,symbols=162,sof=1,last=1,first=1:80/0:40,prev=1:20/0:20,tail=1:10/0:0"
dengfoc,"SYNC_TRUTH,sequence=340236,truth_tick_us=681369605,mechanical_angle_rad=6.165069103,valid=1,read_failures=0"
dengfoc,"SYNC_TRUTH,sequence=340237,truth_tick_us=681371589,mechanical_angle_rad=6.165069103,valid=1,read_failures=0"
dengfoc,"SYNC_TRUTH,sequence=340238,truth_tick_us=681373593,mechanical_angle_rad=6.165069103,valid=1,read_failures=0"
dengfoc,"SYNC_TRUTH,sequence=340239,truth_tick_us=681375589,mechanical_angle_rad=6.165069103,valid=1,read_failures=0"
dengfoc,"SYNC_TRUTH,sequence=340240,truth_tick_us=681377593,mechanical_angle_rad=6.165069103,valid=1,read_failures=0"
dengfoc,"SYNC_TRUTH,sequence=340241,truth_tick_us=681379589,mechanical_angle_rad=6.165069103,valid=1,read_failures=0"
dengfoc,"SYNC_TRUTH,sequence=340242,truth_tick_us=681381593,mechanical_angle_rad=6.165069103,valid=1,read_failures=0"
dengfoc,"SYNC_TRUTH,sequence=340243,truth_tick_us=681383589,mechanical_angle_rad=6.165069103,valid=1,read_failures=0"
g431,"FTR,240,3,2,10,-11,0,8,2,12,-26,30,497,503,498,12275,0,0,0,0,0,29534,0,0,0,0,0,0,0,0,0,0"
dengfoc,"SYNC_TRUTH,sequence=340244,truth_tick_us=681385593,mechanical_angle_rad=6.165069103,valid=1,read_failures=0"
dengfoc,"SYNC_TRUTH,sequence=340245,truth_tick_us=681387589,mechanical_angle_rad=6.165069103,valid=1,read_failures=0"
dengfoc,"SYNC_TRUTH,sequence=340246,truth_tick_us=681389593,mechanical_angle_rad=6.165069103,valid=1,read_failures=0"
dengfoc,"SYNC_TRUTH,sequence=340247,truth_tick_us=681391589,mechanical_angle_rad=6.165069103,valid=1,read_failures=0"
dengfoc,"SYNC_TRUTH,sequence=340248,truth_tick_us=681393593,mechanical_angle_rad=6.165069103,valid=1,read_failures=0"
dengfoc,"SYNC_TRUTH,sequence=340249,truth_tick_us=681395589,mechanical_angle_rad=6.165069103,valid=1,read_failures=0"
dengfoc,"SYNC_TRUTH,sequence=340250,truth_tick_us=681397593,mechanical_angle_rad=6.165069103,valid=1,read_failures=0"
dengfoc,"SYNC_TRUTH,sequence=340251,truth_tick_us=681399589,mechanical_angle_rad=6.165069103,valid=1,read_failures=0"
dengfoc,"SYNC_TRUTH,sequence=340252,truth_tick_us=681401593,mechanical_angle_rad=6.165069103,valid=1,read_failures=0"
g431,"FTR,480,3,-2,14,-13,0,16,-2,16,11,140,501,510,490,12262,0,0,0,0,0,29534,0,0,0,0,0,0,0,0,0,0"
dengfoc,"SYNC_TRUTH,sequence=340253,truth_tick_us=681403589,mechanical_angle_rad=6.165069103,valid=1,read_failures=0"
dengfoc,"SYNC_TRUTH,sequence=340254,truth_tick_us=681405593,mechanical_angle_rad=6.165069103,valid=1,read_failures=0"
dengfoc,"SYNC_TRUTH,sequence=340255,truth_tick_us=681407589,mechanical_angle_rad=6.165069103,valid=1,read_failures=0"
dengfoc,"SYNC_TRUTH,sequence=340256,truth_tick_us=681409593,mechanical_angle_rad=6.165069103,valid=1,read_failures=0"
dengfoc,"SYNC_TRUTH,sequence=340257,truth_tick_us=681411589,mechanical_angle_rad=6.163535118,valid=1,read_failures=0"
dengfoc,"SYNC_TRUTH,sequence=340258,truth_tick_us=681413593,mechanical_angle_rad=6.165069103,valid=1,read_failures=0"
dengfoc,"SYNC_TRUTH,sequence=340259,truth_tick_us=681415589,mechanical_angle_rad=6.163535118,valid=1,read_failures=0"
dengfoc,"SYNC_TRUTH,sequence=340260,truth_tick_us=681417593,mechanical_angle_rad=6.165069103,valid=1,read_failures=0"
dengfoc,"SYNC_TRUTH,sequence=340261,truth_tick_us=681419589,mechanical_angle_rad=6.163535118,valid=1,read_failures=0"
dengfoc,"SYNC_TRUTH,sequence=340262,truth_tick_us=681421593,mechanical_angle_rad=6.163535118,valid=1,read_failures=0"
dengfoc,"SYNC_TRUTH,sequence=340263,truth_tick_us=681423589,mechanical_angle_rad=6.163535118,valid=1,read_failures=0"
dengfoc,"SYNC_TRUTH,sequence=340264,truth_tick_us=681425593,mechanical_angle_rad=6.163535118,valid=1,read_failures=0"
dengfoc,"SYNC_TRUTH,sequence=340265,truth_tick_us=681427589,mechanical_angle_rad=6.163535118,valid=1,read_failures=0"
dengfoc,"SYNC_TRUTH,sequence=340266,truth_tick_us=681429593,mechanical_angle_rad=6.163535118,valid=1,read_failures=0"
dengfoc,"SYNC_TRUTH,sequence=340267,truth_tick_us=681431589,mechanical_angle_rad=6.163535118,valid=1,read_failures=0"
g431,"FTR,720,3,0,21,-21,0,24,0,24,5,205,501,514,486,12288,0,0,0,0,0,29534,0,0,0,0,0,0,0,0,0,0"
dengfoc,"SYNC_TRUTH,sequence=340268,truth_tick_us=681433593,mechanical_angle_rad=6.163535118,valid=1,read_failures=0"
dengfoc,"SYNC_TRUTH,sequence=340269,truth_tick_us=681435589,mechanical_angle_rad=6.163535118,valid=1,read_failures=0"
dengfoc,"SYNC_TRUTH,sequence=340270,truth_tick_us=681437593,mechanical_angle_rad=6.163535118,valid=1,read_failures=0"
dengfoc,"SYNC_TRUTH,sequence=340271,truth_tick_us=681439589,mechanical_angle_rad=6.163535118,valid=1,read_failures=0"
dengfoc,"SYNC_TRUTH,sequence=340272,truth_tick_us=681441593,mechanical_angle_rad=6.163535118,valid=1,read_failures=0"
dengfoc,"SYNC_TRUTH,sequence=340273,truth_tick_us=681443589,mechanical_angle_rad=6.163535118,valid=1,read_failures=0"
dengfoc,"SYNC_TRUTH,sequence=340274,truth_tick_us=681445593,mechanical_angle_rad=6.163535118,valid=1,read_failures=0"
dengfoc,"SYNC_TRUTH,sequence=340275,truth_tick_us=681447589,mechanical_angle_rad=6.163535118,valid=1,read_failures=0"
dengfoc,"SYNC_TRUTH,sequence=340276,truth_tick_us=681449593,mechanical_angle_rad=6.163535118,valid=1,read_failures=0"
g431,"FTR,960,3,-2,27,-26,0,32,-2,30,11,288,501,520,480,12288,0,0,0,0,0,29534,0,0,0,0,0,0,0,0,0,0"
dengfoc,"SYNC_TRUTH,sequence=340277,truth_tick_us=681451589,mechanical_angle_rad=6.163535118,valid=1,read_failures=0"
dengfoc,"SYNC_TRUTH,sequence=340278,truth_tick_us=681453593,mechanical_angle_rad=6.163535118,valid=1,read_failures=0"
dengfoc,"SYNC_TRUTH,sequence=340279,truth_tick_us=681455589,mechanical_angle_rad=6.163535118,valid=1,read_failures=0"
dengfoc,"SYNC_TRUTH,sequence=340280,truth_tick_us=681457593,mechanical_angle_rad=6.163535118,valid=1,read_failures=0"
dengfoc,"SYNC_TRUTH,sequence=340281,truth_tick_us=681459589,mechanical_angle_rad=6.163535118,valid=1,read_failures=0"
dengfoc,"SYNC_TRUTH,sequence=340282,truth_tick_us=681461593,mechanical_angle_rad=6.163535118,valid=1,read_failures=0"
dengfoc,"SYNC_TRUTH,sequence=340283,truth_tick_us=681463589,mechanical_angle_rad=6.163535118,valid=1,read_failures=0"
dengfoc,"SYNC_TRUTH,sequence=340284,truth_tick_us=681465593,mechanical_angle_rad=6.163535118,valid=1,read_failures=0"
dengfoc,"SYNC_TRUTH,sequence=340285,truth_tick_us=681467589,mechanical_angle_rad=6.163535118,valid=1,read_failures=0"
dengfoc,"SYNC_TRUTH,sequence=340286,truth_tick_us=681469593,mechanical_angle_rad=6.163535118,valid=1,read_failures=0"
g431,"FTR,1200,3,5,35,-40,0,40,5,43,-54,315,493,522,478,12288,0,0,0,0,0,29534,0,0,0,0,0,0,0,0,0,0"
dengfoc,"SYNC_TRUTH,sequence=340287,truth_tick_us=681471589,mechanical_angle_rad=6.163535118,valid=1,read_failures=0"
dengfoc,"SYNC_TRUTH,sequence=340288,truth_tick_us=681473593,mechanical_angle_rad=6.163535118,valid=1,read_failures=0"
dengfoc,"SYNC_TRUTH,sequence=340289,truth_tick_us=681475589,mechanical_angle_rad=6.163535118,valid=1,read_failures=0"
dengfoc,"SYNC_TRUTH,sequence=340290,truth_tick_us=681477593,mechanical_angle_rad=6.163535118,valid=1,read_failures=0"
dengfoc,"SYNC_TRUTH,sequence=340291,truth_tick_us=681479589,mechanical_angle_rad=6.163535118,valid=1,read_failures=0"
dengfoc,"SYNC_TRUTH,sequence=340292,truth_tick_us=681481593,mechanical_angle_rad=6.163535118,valid=1,read_failures=0"
dengfoc,"SYNC_TRUTH,sequence=340293,truth_tick_us=681483589,mechanical_angle_rad=6.163535118,valid=1,read_failures=0"
dengfoc,"SYNC_TRUTH,sequence=340294,truth_tick_us=681485593,mechanical_angle_rad=6.162001133,valid=1,read_failures=0"
dengfoc,"SYNC_TRUTH,sequence=340295,truth_tick_us=681487589,mechanical_angle_rad=6.162001133,valid=1,read_failures=0"
g431,"FTR,1440,3,0,41,-41,0,48,0,48,-19,406,498,529,471,12275,0,0,0,0,0,29534,0,0,0,0,0,0,0,0,0,0"
dengfoc,"SYNC_TRUTH,sequence=340296,truth_tick_us=681489593,mechanical_angle_rad=6.162001133,valid=1,read_failures=0"
dengfoc,"SYNC_TRUTH,sequence=340297,truth_tick_us=681491589,mechanical_angle_rad=6.162001133,valid=1,read_failures=0"
dengfoc,"SYNC_TRUTH,sequence=340298,truth_tick_us=681493593,mechanical_angle_rad=6.162001133,valid=1,read_failures=0"
dengfoc,"SYNC_TRUTH,sequence=340299,truth_tick_us=681495589,mechanical_angle_rad=6.162001133,valid=1,read_failures=0"
dengfoc,"SYNC_TRUTH,sequence=340300,truth_tick_us=681497593,mechanical_angle_rad=6.162001133,valid=1,read_failures=0"
dengfoc,"SYNC_TRUTH,sequence=340301,truth_tick_us=681499589,mechanical_angle_rad=6.162001133,valid=1,read_failures=0"
dengfoc,"SYNC_TRUTH,sequence=340302,truth_tick_us=681501593,mechanical_angle_rad=6.162001133,valid=1,read_failures=0"
dengfoc,"SYNC_TRUTH,sequence=340303,truth_tick_us=681503589,mechanical_angle_rad=6.162001133,valid=1,read_failures=0"
dengfoc,"SYNC_TRUTH,sequence=340304,truth_tick_us=681505593,mechanical_angle_rad=6.162001133,valid=1,read_failures=0"
dengfoc,"SYNC_TRUTH,sequence=340305,truth_tick_us=681507589,mechanical_angle_rad=6.162001133,valid=1,read_failures=0"
g431,"FTR,1680,3,0,48,-48,0,56,0,55,-5,489,499,535,465,12275,0,0,0,0,0,29534,0,0,0,0,0,0,0,0,0,0"
dengfoc,"SYNC_TRUTH,sequence=340306,truth_tick_us=681509593,mechanical_angle_rad=6.162001133,valid=1,read_failures=0"
dengfoc,"SYNC_TRUTH,sequence=340307,truth_tick_us=681511589,mechanical_angle_rad=6.162001133,valid=1,read_failures=0"
dengfoc,"SYNC_TRUTH,sequence=340308,truth_tick_us=681513593,mechanical_angle_rad=6.162001133,valid=1,read_failures=0"
dengfoc,"SYNC_TRUTH,sequence=340309,truth_tick_us=681515589,mechanical_angle_rad=6.162001133,valid=1,read_failures=0"
dengfoc,"SYNC_TRUTH,sequence=340310,truth_tick_us=681517593,mechanical_angle_rad=6.162001133,valid=1,read_failures=0"
dengfoc,"SYNC_TRUTH,sequence=340311,truth_tick_us=681519589,mechanical_angle_rad=6.162001133,valid=1,read_failures=0"
dengfoc,"SYNC_TRUTH,sequence=340312,truth_tick_us=681521593,mechanical_angle_rad=6.162001133,valid=1,read_failures=0"
dengfoc,"SYNC_TRUTH,sequence=340313,truth_tick_us=681523589,mechanical_angle_rad=6.162001133,valid=1,read_failures=0"
dengfoc,"SYNC_TRUTH,sequence=340314,truth_tick_us=681525593,mechanical_angle_rad=6.162001133,valid=1,read_failures=0"
dengfoc,"SYNC_TRUTH,sequence=340315,truth_tick_us=681527589,mechanical_angle_rad=6.162001133,valid=1,read_failures=0"
g431,"FTR,1920,3,5,59,-64,0,64,5,71,-49,503,494,536,464,12275,0,0,0,0,0,29534,0,0,0,0,0,0,0,0,0,0"
dengfoc,"SYNC_TRUTH,sequence=340316,truth_tick_us=681529593,mechanical_angle_rad=6.162001133,valid=1,read_failures=0"
dengfoc,"SYNC_TRUTH,sequence=340317,truth_tick_us=681531589,mechanical_angle_rad=6.162001133,valid=1,read_failures=0"
dengfoc,"SYNC_TRUTH,sequence=340318,truth_tick_us=681533593,mechanical_angle_rad=6.162001133,valid=1,read_failures=0"
dengfoc,"SYNC_TRUTH,sequence=340319,truth_tick_us=681535589,mechanical_angle_rad=6.160467148,valid=1,read_failures=0"
dengfoc,"SYNC_TRUTH,sequence=340320,truth_tick_us=681537593,mechanical_angle_rad=6.160467148,valid=1,read_failures=0"
dengfoc,"SYNC_TRUTH,sequence=340321,truth_tick_us=681539589,mechanical_angle_rad=6.160467148,valid=1,read_failures=0"
dengfoc,"SYNC_TRUTH,sequence=340322,truth_tick_us=681541593,mechanical_angle_rad=6.160467148,valid=1,read_failures=0"
dengfoc,"SYNC_TRUTH,sequence=340323,truth_tick_us=681543589,mechanical_angle_rad=6.160467148,valid=1,read_failures=0"
dengfoc,"SYNC_TRUTH,sequence=340324,truth_tick_us=681545593,mechanical_angle_rad=6.160467148,valid=1,read_failures=0"
g431,"FTR,2160,3,-2,62,-61,0,72,-2,71,21,648,503,546,454,12275,0,0,0,0,0,29534,0,0,0,0,0,0,0,0,0,0"
dengfoc,"SYNC_TRUTH,sequence=340325,truth_tick_us=681547589,mechanical_angle_rad=6.160467148,valid=1,read_failures=0"
dengfoc,"SYNC_TRUTH,sequence=340326,truth_tick_us=681549593,mechanical_angle_rad=6.160467148,valid=1,read_failures=0"
dengfoc,"SYNC_TRUTH,sequence=340327,truth_tick_us=681551589,mechanical_angle_rad=6.160467148,valid=1,read_failures=0"
dengfoc,"SYNC_TRUTH,sequence=340328,truth_tick_us=681553593,mechanical_angle_rad=6.160467148,valid=1,read_failures=0"
dengfoc,"SYNC_TRUTH,sequence=340329,truth_tick_us=681555589,mechanical_angle_rad=6.160467148,valid=1,read_failures=0"
dengfoc,"SYNC_TRUTH,sequence=340330,truth_tick_us=681557593,mechanical_angle_rad=6.160467148,valid=1,read_failures=0"
dengfoc,"SYNC_TRUTH,sequence=340331,truth_tick_us=681559589,mechanical_angle_rad=6.160467148,valid=1,read_failures=0"
dengfoc,"SYNC_TRUTH,sequence=340332,truth_tick_us=681561593,mechanical_angle_rad=6.160467148,valid=1,read_failures=0"
dengfoc,"SYNC_TRUTH,sequence=340333,truth_tick_us=681563589,mechanical_angle_rad=6.160467148,valid=1,read_failures=0"
g431,"FTR,2400,3,-2,70,-69,0,80,-2,80,2,688,500,549,451,12275,0,0,0,0,0,29534,0,0,0,0,0,0,0,0,0,0"
dengfoc,"SYNC_TRUTH,sequence=340334,truth_tick_us=681565593,mechanical_angle_rad=6.160467148,valid=1,read_failures=0"
dengfoc,"SYNC_TRUTH,sequence=340335,truth_tick_us=681567589,mechanical_angle_rad=6.160467148,valid=1,read_failures=0"
dengfoc,"SYNC_TRUTH,sequence=340336,truth_tick_us=681569593,mechanical_angle_rad=6.160467148,valid=1,read_failures=0"
dengfoc,"SYNC_TRUTH,sequence=340337,truth_tick_us=681571589,mechanical_angle_rad=6.160467148,valid=1,read_failures=0"
dengfoc,"SYNC_TRUTH,sequence=340338,truth_tick_us=681573593,mechanical_angle_rad=6.160467148,valid=1,read_failures=0"
dengfoc,"SYNC_TRUTH,sequence=340339,truth_tick_us=681575589,mechanical_angle_rad=6.160467148,valid=1,read_failures=0"
dengfoc,"SYNC_TRUTH,sequence=340340,truth_tick_us=681577593,mechanical_angle_rad=6.160467148,valid=1,read_failures=0"
dengfoc,"SYNC_TRUTH,sequence=340341,truth_tick_us=681579589,mechanical_angle_rad=6.160467148,valid=1,read_failures=0"
dengfoc,"SYNC_TRUTH,sequence=340342,truth_tick_us=681581593,mechanical_angle_rad=6.160467148,valid=1,read_failures=0"
dengfoc,"SYNC_TRUTH,sequence=340343,truth_tick_us=681583589,mechanical_angle_rad=6.160467148,valid=1,read_failures=0"
g431,"FTR,2640,3,-2,77,-75,0,88,-2,88,-3,766,500,554,446,12262,0,0,0,0,0,29534,0,0,0,0,0,0,0,0,0,0"
dengfoc,"SYNC_TRUTH,sequence=340344,truth_tick_us=681585593,mechanical_angle_rad=6.160467148,valid=1,read_failures=0"
dengfoc,"SYNC_TRUTH,sequence=340345,truth_tick_us=681587589,mechanical_angle_rad=6.160467148,valid=1,read_failures=0"
dengfoc,"SYNC_TRUTH,sequence=340346,truth_tick_us=681589593,mechanical_angle_rad=6.160467148,valid=1,read_failures=0"
dengfoc,"SYNC_TRUTH,sequence=340347,truth_tick_us=681591589,mechanical_angle_rad=6.160467148,valid=1,read_failures=0"
dengfoc,"SYNC_TRUTH,sequence=340348,truth_tick_us=681593593,mechanical_angle_rad=6.160467148,valid=1,read_failures=0"
dengfoc,"SYNC_TRUTH,sequence=340349,truth_tick_us=681595589,mechanical_angle_rad=6.160467148,valid=1,read_failures=0"
dengfoc,"SYNC_TRUTH,sequence=340350,truth_tick_us=681597593,mechanical_angle_rad=6.160467148,valid=1,read_failures=0"
dengfoc,"SYNC_TRUTH,sequence=340351,truth_tick_us=681599589,mechanical_angle_rad=6.160467148,valid=1,read_failures=0"
dengfoc,"SYNC_TRUTH,sequence=340352,truth_tick_us=681601593,mechanical_angle_rad=6.158933163,valid=1,read_failures=0"
g431,"FTR,2880,3,2,83,-85,0,96,2,97,-21,817,497,558,442,12262,0,0,0,0,0,29534,0,0,0,0,0,0,0,0,0,0"
dengfoc,"SYNC_TRUTH,sequence=340353,truth_tick_us=681603589,mechanical_angle_rad=6.158933163,valid=1,read_failures=0"
dengfoc,"SYNC_TRUTH,sequence=340354,truth_tick_us=681605593,mechanical_angle_rad=6.158933163,valid=1,read_failures=0"
dengfoc,"SYNC_TRUTH,sequence=340355,truth_tick_us=681607589,mechanical_angle_rad=6.158933163,valid=1,read_failures=0"
dengfoc,"SYNC_TRUTH,sequence=340356,truth_tick_us=681609593,mechanical_angle_rad=6.158933163,valid=1,read_failures=0"
dengfoc,"SYNC_TRUTH,sequence=340357,truth_tick_us=681611589,mechanical_angle_rad=6.158933163,valid=1,read_failures=0"
dengfoc,"SYNC_TRUTH,sequence=340358,truth_tick_us=681613593,mechanical_angle_rad=6.158933163,valid=1,read_failures=0"
dengfoc,"SYNC_TRUTH,sequence=340359,truth_tick_us=681615589,mechanical_angle_rad=6.158933163,valid=1,read_failures=0"
dengfoc,"SYNC_TRUTH,sequence=340360,truth_tick_us=681617593,mechanical_angle_rad=6.158933163,valid=1,read_failures=0"
dengfoc,"SYNC_TRUTH,sequence=340361,truth_tick_us=681619589,mechanical_angle_rad=6.158933163,valid=1,read_failures=0"
dengfoc,"SYNC_TRUTH,sequence=340362,truth_tick_us=681621593,mechanical_angle_rad=6.158933163,valid=1,read_failures=0"
dengfoc,"SYNC_TRUTH,sequence=340363,truth_tick_us=681623589,mechanical_angle_rad=6.158933163,valid=1,read_failures=0"
dengfoc,"SYNC_TRUTH,sequence=340364,truth_tick_us=681625593,mechanical_angle_rad=6.158933163,valid=1,read_failures=0"
dengfoc,"SYNC_TRUTH,sequence=340365,truth_tick_us=681627589,mechanical_angle_rad=6.158933163,valid=1,read_failures=0"
dengfoc,"SYNC_TRUTH,sequence=340366,truth_tick_us=681629593,mechanical_angle_rad=6.158933163,valid=1,read_failures=0"
dengfoc,"SYNC_TRUTH,sequence=340367,truth_tick_us=681631589,mechanical_angle_rad=6.158933163,valid=1,read_failures=0"
g431,"FTR,3120,3,-2,91,-89,0,104,-2,104,16,913,502,564,436,12262,0,0,0,0,0,29534,0,0,0,0,0,0,0,0,0,0"
dengfoc,"SYNC_TRUTH,sequence=340368,truth_tick_us=681633593,mechanical_angle_rad=6.158933163,valid=1,read_failures=0"
dengfoc,"SYNC_TRUTH,sequence=340369,truth_tick_us=681635589,mechanical_angle_rad=6.158933163,valid=1,read_failures=0"
dengfoc,"SYNC_TRUTH,sequence=340370,truth_tick_us=681637593,mechanical_angle_rad=6.158933163,valid=1,read_failures=0"
dengfoc,"SYNC_TRUTH,sequence=340371,truth_tick_us=681639589,mechanical_angle_rad=6.158933163,valid=1,read_failures=0"
dengfoc,"SYNC_TRUTH,sequence=340372,truth_tick_us=681641593,mechanical_angle_rad=6.158933163,valid=1,read_failures=0"
dengfoc,"SYNC_TRUTH,sequence=340373,truth_tick_us=681643589,mechanical_angle_rad=6.158933163,valid=1,read_failures=0"
dengfoc,"SYNC_TRUTH,sequence=340374,truth_tick_us=681645593,mechanical_angle_rad=6.158933163,valid=1,read_failures=0"
dengfoc,"SYNC_TRUTH,sequence=340375,truth_tick_us=681647589,mechanical_angle_rad=6.158933163,valid=1,read_failures=0"
dengfoc,"SYNC_TRUTH,sequence=340376,truth_tick_us=681649593,mechanical_angle_rad=6.158933163,valid=1,read_failures=0"
g431,"FTR,3360,3,-2,96,-94,0,112,-2,110,2,982,500,569,431,12275,0,0,0,0,0,29534,0,0,0,0,0,0,0,0,0,0"
dengfoc,"SYNC_TRUTH,sequence=340377,truth_tick_us=681651589,mechanical_angle_rad=6.158933163,valid=1,read_failures=0"
dengfoc,"SYNC_TRUTH,sequence=340378,truth_tick_us=681653593,mechanical_angle_rad=6.158933163,valid=1,read_failures=0"
dengfoc,"SYNC_TRUTH,sequence=340379,truth_tick_us=681655589,mechanical_angle_rad=6.158933163,valid=1,read_failures=0"
dengfoc,"SYNC_TRUTH,sequence=340380,truth_tick_us=681657593,mechanical_angle_rad=6.158933163,valid=1,read_failures=0"
dengfoc,"SYNC_TRUTH,sequence=340381,truth_tick_us=681659589,mechanical_angle_rad=6.158933163,valid=1,read_failures=0"
dengfoc,"SYNC_TRUTH,sequence=340382,truth_tick_us=681661593,mechanical_angle_rad=6.158933163,valid=1,read_failures=0"
dengfoc,"SYNC_TRUTH,sequence=340383,truth_tick_us=681663589,mechanical_angle_rad=6.157399178,valid=1,read_failures=0"
dengfoc,"SYNC_TRUTH,sequence=340384,truth_tick_us=681665593,mechanical_angle_rad=6.157399178,valid=1,read_failures=0"
dengfoc,"SYNC_TRUTH,sequence=340385,truth_tick_us=681667589,mechanical_angle_rad=6.157399178,valid=1,read_failures=0"
dengfoc,"SYNC_TRUTH,sequence=340386,truth_tick_us=681669593,mechanical_angle_rad=6.157399178,valid=1,read_failures=0"
g431,"FTR,3600,3,2,104,-105,0,120,2,121,-26,1015,497,571,429,12301,0,0,0,0,0,29534,0,0,0,0,0,0,0,0,0,0"
dengfoc,"SYNC_TRUTH,sequence=340387,truth_tick_us=681671589,mechanical_angle_rad=6.157399178,valid=1,read_failures=0"
dengfoc,"SYNC_TRUTH,sequence=340388,truth_tick_us=681673593,mechanical_angle_rad=6.157399178,valid=1,read_failures=0"
dengfoc,"SYNC_TRUTH,sequence=340389,truth_tick_us=681675589,mechanical_angle_rad=6.157399178,valid=1,read_failures=0"
dengfoc,"SYNC_TRUTH,sequence=340390,truth_tick_us=681677593,mechanical_angle_rad=6.157399178,valid=1,read_failures=0"
dengfoc,"SYNC_TRUTH,sequence=340391,truth_tick_us=681679589,mechanical_angle_rad=6.157399178,valid=1,read_failures=0"
dengfoc,"SYNC_STATUS,frames=1,frame_fail=1,truth=340391,truth_fail=0,idle=0,capture_state=0,capture_failure=0,rejected=0,overflow=0,recovered=1,sync_level=0,driver_disabled=1"
dengfoc,"SYNC_TRUTH,sequence=340392,truth_tick_us=681682593,mechanical_angle_rad=6.157399178,valid=1,read_failures=0"
dengfoc,"SYNC_TRUTH,sequence=340393,truth_tick_us=681684589,mechanical_angle_rad=6.157399178,valid=1,read_failures=0"
dengfoc,"SYNC_TRUTH,sequence=340394,truth_tick_us=681686593,mechanical_angle_rad=6.157399178,valid=1,read_failures=0"
dengfoc,"SYNC_TRUTH,sequence=340395,truth_tick_us=681688589,mechanical_angle_rad=6.157399178,valid=1,read_failures=0"
dengfoc,"SYNC_TRUTH,sequence=340396,truth_tick_us=681690593,mechanical_angle_rad=6.157399178,valid=1,read_failures=0"
g431,"FTR,3840,3,0,110,-110,0,128,0,127,-1,1124,500,579,421,12249,0,0,0,0,0,29534,0,0,0,0,0,0,0,0,0,0"
dengfoc,"SYNC_TRUTH,sequence=340397,truth_tick_us=681692589,mechanical_angle_rad=6.157399178,valid=1,read_failures=0"
dengfoc,"SYNC_TRUTH,sequence=340398,truth_tick_us=681694593,mechanical_angle_rad=6.157399178,valid=1,read_failures=0"
dengfoc,"SYNC_TRUTH,sequence=340399,truth_tick_us=681696589,mechanical_angle_rad=6.157399178,valid=1,read_failures=0"
dengfoc,"SYNC_TRUTH,sequence=340400,truth_tick_us=681698593,mechanical_angle_rad=6.157399178,valid=1,read_failures=0"
dengfoc,"SYNC_TRUTH,sequence=340401,truth_tick_us=681700589,mechanical_angle_rad=6.157399178,valid=1,read_failures=0"
dengfoc,"SYNC_TRUTH,sequence=340402,truth_tick_us=681702593,mechanical_angle_rad=6.157399178,valid=1,read_failures=0"
dengfoc,"SYNC_TRUTH,sequence=340403,truth_tick_us=681704589,mechanical_angle_rad=6.157399178,valid=1,read_failures=0"
dengfoc,"SYNC_TRUTH,sequence=340404,truth_tick_us=681706593,mechanical_angle_rad=6.157399178,valid=1,read_failures=0"
dengfoc,"SYNC_TRUTH,sequence=340405,truth_tick_us=681708589,mechanical_angle_rad=6.157399178,valid=1,read_failures=0"
g431,"FTR,4080,3,0,117,-117,0,136,0,135,-15,1186,498,584,416,12262,0,0,0,0,0,29534,0,0,0,0,0,0,0,0,0,0"
dengfoc,"SYNC_TRUTH,sequence=340406,truth_tick_us=681710593,mechanical_angle_rad=6.157399178,valid=1,read_failures=0"
dengfoc,"SYNC_TRUTH,sequence=340407,truth_tick_us=681712589,mechanical_angle_rad=6.157399178,valid=1,read_failures=0"
dengfoc,"SYNC_TRUTH,sequence=340408,truth_tick_us=681714593,mechanical_angle_rad=6.157399178,valid=1,read_failures=0"
dengfoc,"SYNC_TRUTH,sequence=340409,truth_tick_us=681716589,mechanical_angle_rad=6.157399178,valid=1,read_failures=0"
dengfoc,"SYNC_TRUTH,sequence=340410,truth_tick_us=681718593,mechanical_angle_rad=6.157399178,valid=1,read_failures=0"
dengfoc,"SYNC_TRUTH,sequence=340411,truth_tick_us=681720589,mechanical_angle_rad=6.157399178,valid=1,read_failures=0"
dengfoc,"SYNC_TRUTH,sequence=340412,truth_tick_us=681722593,mechanical_angle_rad=6.157399178,valid=1,read_failures=0"
dengfoc,"SYNC_TRUTH,sequence=340413,truth_tick_us=681724589,mechanical_angle_rad=6.155865192,valid=1,read_failures=0"
dengfoc,"SYNC_TRUTH,sequence=340414,truth_tick_us=681726593,mechanical_angle_rad=6.157399178,valid=1,read_failures=0"
dengfoc,"SYNC_TRUTH,sequence=340415,truth_tick_us=681728589,mechanical_angle_rad=6.157399178,valid=1,read_failures=0"
g431,"FTR,4320,3,0,124,-124,0,144,0,144,-25,1241,497,588,412,12262,0,0,0,0,0,29534,0,0,0,0,0,0,0,0,0,0"
dengfoc,"SYNC_TRUTH,sequence=340416,truth_tick_us=681730593,mechanical_angle_rad=6.157399178,valid=1,read_failures=0"
dengfoc,"SYNC_TRUTH,sequence=340417,truth_tick_us=681732589,mechanical_angle_rad=6.155865192,valid=1,read_failures=0"
dengfoc,"SYNC_TRUTH,sequence=340418,truth_tick_us=681734593,mechanical_angle_rad=6.155865192,valid=1,read_failures=0"
dengfoc,"SYNC_TRUTH,sequence=340419,truth_tick_us=681736589,mechanical_angle_rad=6.155865192,valid=1,read_failures=0"
dengfoc,"SYNC_TRUTH,sequence=340420,truth_tick_us=681738593,mechanical_angle_rad=6.155865192,valid=1,read_failures=0"
dengfoc,"SYNC_TRUTH,sequence=340421,truth_tick_us=681740589,mechanical_angle_rad=6.157399178,valid=1,read_failures=0"
dengfoc,"SYNC_TRUTH,sequence=340422,truth_tick_us=681742593,mechanical_angle_rad=6.155865192,valid=1,read_failures=0"
dengfoc,"SYNC_TRUTH,sequence=340423,truth_tick_us=681744589,mechanical_angle_rad=6.155865192,valid=1,read_failures=0"
dengfoc,"SYNC_TRUTH,sequence=340424,truth_tick_us=681746593,mechanical_angle_rad=6.155865192,valid=1,read_failures=0"
dengfoc,"SYNC_TRUTH,sequence=340425,truth_tick_us=681748589,mechanical_angle_rad=6.155865192,valid=1,read_failures=0"
g431,"FTR,4560,3,3,132,-136,0,152,3,155,-48,1276,494,590,410,12262,0,0,0,0,0,29534,0,0,0,0,0,0,0,0,0,0"
dengfoc,"SYNC_TRUTH,sequence=340426,truth_tick_us=681750593,mechanical_angle_rad=6.155865192,valid=1,read_failures=0"
dengfoc,"SYNC_TRUTH,sequence=340427,truth_tick_us=681752589,mechanical_angle_rad=6.155865192,valid=1,read_failures=0"
dengfoc,"SYNC_TRUTH,sequence=340428,truth_tick_us=681754593,mechanical_angle_rad=6.155865192,valid=1,read_failures=0"
dengfoc,"SYNC_TRUTH,sequence=340429,truth_tick_us=681756589,mechanical_angle_rad=6.155865192,valid=1,read_failures=0"
dengfoc,"SYNC_TRUTH,sequence=340430,truth_tick_us=681758593,mechanical_angle_rad=6.155865192,valid=1,read_failures=0"
dengfoc,"SYNC_TRUTH,sequence=340431,truth_tick_us=681760589,mechanical_angle_rad=6.155865192,valid=1,read_failures=0"
dengfoc,"SYNC_TRUTH,sequence=340432,truth_tick_us=681762593,mechanical_angle_rad=6.155865192,valid=1,read_failures=0"
dengfoc,"SYNC_TRUTH,sequence=340433,truth_tick_us=681764589,mechanical_angle_rad=6.155865192,valid=1,read_failures=0"
dengfoc,"SYNC_TRUTH,sequence=340434,truth_tick_us=681766593,mechanical_angle_rad=6.155865192,valid=1,read_failures=0"
dengfoc,"SYNC_TRUTH,sequence=340435,truth_tick_us=681768589,mechanical_angle_rad=6.155865192,valid=1,read_failures=0"
g431,"FTR,4800,3,3,139,-142,0,160,3,162,-38,1364,495,596,404,12275,0,0,0,0,0,29534,0,0,0,0,0,0,0,0,0,0"
dengfoc,"SYNC_TRUTH,sequence=340436,truth_tick_us=681770593,mechanical_angle_rad=6.155865192,valid=1,read_failures=0"
dengfoc,"SYNC_TRUTH,sequence=340437,truth_tick_us=681772589,mechanical_angle_rad=6.155865192,valid=1,read_failures=0"
dengfoc,"SYNC_TRUTH,sequence=340438,truth_tick_us=681774593,mechanical_angle_rad=6.155865192,valid=1,read_failures=0"
dengfoc,"SYNC_TRUTH,sequence=340439,truth_tick_us=681776589,mechanical_angle_rad=6.155865192,valid=1,read_failures=0"
dengfoc,"SYNC_TRUTH,sequence=340440,truth_tick_us=681778593,mechanical_angle_rad=6.155865192,valid=1,read_failures=0"
dengfoc,"SYNC_TRUTH,sequence=340441,truth_tick_us=681780589,mechanical_angle_rad=6.155865192,valid=1,read_failures=0"
dengfoc,"SYNC_TRUTH,sequence=340442,truth_tick_us=681782593,mechanical_angle_rad=6.155865192,valid=1,read_failures=0"
dengfoc,"SYNC_TRUTH,sequence=340443,truth_tick_us=681784589,mechanical_angle_rad=6.155865192,valid=1,read_failures=0"
dengfoc,"SYNC_TRUTH,sequence=340444,truth_tick_us=681786593,mechanical_angle_rad=6.155865192,valid=1,read_failures=0"
dengfoc,"SYNC_TRUTH,sequence=340445,truth_tick_us=681788589,mechanical_angle_rad=6.155865192,valid=1,read_failures=0"
g431,"FTR,5040,3,-2,147,-145,0,168,-2,169,-4,1445,500,602,398,12262,0,0,0,0,0,29534,0,0,0,0,0,0,0,0,0,0"
dengfoc,"SYNC_TRUTH,sequence=340446,truth_tick_us=681790593,mechanical_angle_rad=6.155865192,valid=1,read_failures=0"
dengfoc,"SYNC_TRUTH,sequence=340447,truth_tick_us=681792589,mechanical_angle_rad=6.155865192,valid=1,read_failures=0"
dengfoc,"SYNC_TRUTH,sequence=340448,truth_tick_us=681794593,mechanical_angle_rad=6.155865192,valid=1,read_failures=0"
dengfoc,"SYNC_TRUTH,sequence=340449,truth_tick_us=681796589,mechanical_angle_rad=6.155865192,valid=1,read_failures=0"
dengfoc,"SYNC_TRUTH,sequence=340450,truth_tick_us=681798593,mechanical_angle_rad=6.155865192,valid=1,read_failures=0"
dengfoc,"SYNC_TRUTH,sequence=340451,truth_tick_us=681800589,mechanical_angle_rad=6.155865192,valid=1,read_failures=0"
dengfoc,"SYNC_TRUTH,sequence=340452,truth_tick_us=681802593,mechanical_angle_rad=6.155865192,valid=1,read_failures=0"
dengfoc,"SYNC_TRUTH,sequence=340453,truth_tick_us=681804589,mechanical_angle_rad=6.155865192,valid=1,read_failures=0"
dengfoc,"SYNC_TRUTH,sequence=340454,truth_tick_us=681806593,mechanical_angle_rad=6.155865192,valid=1,read_failures=0"
dengfoc,"SYNC_TRUTH,sequence=340455,truth_tick_us=681808589,mechanical_angle_rad=6.155865192,valid=1,read_failures=0"
g431,"FTR,5280,3,0,152,-152,0,176,0,175,-20,1517,498,607,393,12236,0,0,0,0,0,29534,0,0,0,0,0,0,0,0,0,0"
dengfoc,"SYNC_TRUTH,sequence=340456,truth_tick_us=681810593,mechanical_angle_rad=6.154331207,valid=1,read_failures=0"
dengfoc,"SYNC_TRUTH,sequence=340457,truth_tick_us=681812589,mechanical_angle_rad=6.155865192,valid=1,read_failures=0"
dengfoc,"SYNC_TRUTH,sequence=340458,truth_tick_us=681814593,mechanical_angle_rad=6.155865192,valid=1,read_failures=0"
dengfoc,"SYNC_TRUTH,sequence=340459,truth_tick_us=681816589,mechanical_angle_rad=6.155865192,valid=1,read_failures=0"
dengfoc,"SYNC_TRUTH,sequence=340460,truth_tick_us=681818593,mechanical_angle_rad=6.155865192,valid=1,read_failures=0"
dengfoc,"SYNC_TRUTH,sequence=340461,truth_tick_us=681820589,mechanical_angle_rad=6.154331207,valid=1,read_failures=0"
dengfoc,"SYNC_TRUTH,sequence=340462,truth_tick_us=681822593,mechanical_angle_rad=6.155865192,valid=1,read_failures=0"
dengfoc,"SYNC_TRUTH,sequence=340463,truth_tick_us=681824589,mechanical_angle_rad=6.155865192,valid=1,read_failures=0"
dengfoc,"SYNC_TRUTH,sequence=340464,truth_tick_us=681826593,mechanical_angle_rad=6.154331207,valid=1,read_failures=0"
dengfoc,"SYNC_TRUTH,sequence=340465,truth_tick_us=681828589,mechanical_angle_rad=6.155865192,valid=1,read_failures=0"
g431,"FTR,5520,3,0,158,-158,0,184,0,182,-15,1602,498,613,387,12262,0,0,0,0,0,29534,0,0,0,0,0,0,0,0,0,0"
dengfoc,"SYNC_TRUTH,sequence=340466,truth_tick_us=681830593,mechanical_angle_rad=6.154331207,valid=1,read_failures=0"
dengfoc,"SYNC_TRUTH,sequence=340467,truth_tick_us=681832589,mechanical_angle_rad=6.154331207,valid=1,read_failures=0"
dengfoc,"SYNC_TRUTH,sequence=340468,truth_tick_us=681834593,mechanical_angle_rad=6.154331207,valid=1,read_failures=0"
dengfoc,"SYNC_TRUTH,sequence=340469,truth_tick_us=681836589,mechanical_angle_rad=6.154331207,valid=1,read_failures=0"
dengfoc,"SYNC_TRUTH,sequence=340470,truth_tick_us=681838593,mechanical_angle_rad=6.154331207,valid=1,read_failures=0"
dengfoc,"SYNC_TRUTH,sequence=340471,truth_tick_us=681840589,mechanical_angle_rad=6.154331207,valid=1,read_failures=0"
dengfoc,"SYNC_TRUTH,sequence=340472,truth_tick_us=681842593,mechanical_angle_rad=6.154331207,valid=1,read_failures=0"
dengfoc,"SYNC_TRUTH,sequence=340473,truth_tick_us=681844589,mechanical_angle_rad=6.154331207,valid=1,read_failures=0"
dengfoc,"SYNC_TRUTH,sequence=340474,truth_tick_us=681846593,mechanical_angle_rad=6.154331207,valid=1,read_failures=0"
dengfoc,"SYNC_TRUTH,sequence=340475,truth_tick_us=681848589,mechanical_angle_rad=6.154331207,valid=1,read_failures=0"
g431,"FTR,5760,3,0,164,-164,0,192,0,190,-11,1675,499,618,382,12262,0,0,0,0,0,29534,0,0,0,0,0,0,0,0,0,0"
dengfoc,"SYNC_TRUTH,sequence=340476,truth_tick_us=681850593,mechanical_angle_rad=6.154331207,valid=1,read_failures=0"
dengfoc,"SYNC_TRUTH,sequence=340477,truth_tick_us=681852589,mechanical_angle_rad=6.154331207,valid=1,read_failures=0"
dengfoc,"SYNC_TRUTH,sequence=340478,truth_tick_us=681854593,mechanical_angle_rad=6.154331207,valid=1,read_failures=0"
dengfoc,"SYNC_TRUTH,sequence=340479,truth_tick_us=681856589,mechanical_angle_rad=6.154331207,valid=1,read_failures=0"
dengfoc,"SYNC_TRUTH,sequence=340480,truth_tick_us=681858593,mechanical_angle_rad=6.154331207,valid=1,read_failures=0"
dengfoc,"SYNC_TRUTH,sequence=340481,truth_tick_us=681860589,mechanical_angle_rad=6.154331207,valid=1,read_failures=0"
dengfoc,"SYNC_TRUTH,sequence=340482,truth_tick_us=681862593,mechanical_angle_rad=6.154331207,valid=1,read_failures=0"
dengfoc,"SYNC_TRUTH,sequence=340483,truth_tick_us=681864589,mechanical_angle_rad=6.154331207,valid=1,read_failures=0"
dengfoc,"SYNC_TRUTH,sequence=340484,truth_tick_us=681866593,mechanical_angle_rad=6.154331207,valid=1,read_failures=0"
dengfoc,"SYNC_TRUTH,sequence=340485,truth_tick_us=681868589,mechanical_angle_rad=6.154331207,valid=1,read_failures=0"
g431,"FTR,6000,3,2,171,-172,0,200,2,198,-37,1723,496,622,378,12262,0,0,0,0,0,29534,0,0,0,0,0,0,0,0,0,0"
dengfoc,"SYNC_TRUTH,sequence=340486,truth_tick_us=681870593,mechanical_angle_rad=6.154331207,valid=1,read_failures=0"
dengfoc,"SYNC_TRUTH,sequence=340487,truth_tick_us=681872589,mechanical_angle_rad=6.154331207,valid=1,read_failures=0"
dengfoc,"SYNC_TRUTH,sequence=340488,truth_tick_us=681874593,mechanical_angle_rad=6.154331207,valid=1,read_failures=0"
dengfoc,"SYNC_TRUTH,sequence=340489,truth_tick_us=681876589,mechanical_angle_rad=6.154331207,valid=1,read_failures=0"
dengfoc,"SYNC_TRUTH,sequence=340490,truth_tick_us=681878593,mechanical_angle_rad=6.154331207,valid=1,read_failures=0"
dengfoc,"SYNC_TRUTH,sequence=340491,truth_tick_us=681880589,mechanical_angle_rad=6.154331207,valid=1,read_failures=0"
dengfoc,"SYNC_ANCHOR_RX,session=2026100505,edge_sequence=5001,edge_tag=901,truth_tick_us=681872753,source=2,flags=0x00000003"
dengfoc,"SYNC_TRUTH,sequence=340492,truth_tick_us=681883601,mechanical_angle_rad=6.154331207,valid=1,read_failures=0"
dengfoc,"SYNC_TRUTH,sequence=340493,truth_tick_us=681885589,mechanical_angle_rad=6.154331207,valid=1,read_failures=0"
dengfoc,"SYNC_TRUTH,sequence=340494,truth_tick_us=681887593,mechanical_angle_rad=6.154331207,valid=1,read_failures=0"
dengfoc,"SYNC_TRUTH,sequence=340495,truth_tick_us=681889589,mechanical_angle_rad=6.154331207,valid=1,read_failures=0"
g431,"FTR,6240,3,0,182,-182,0,208,0,210,-1,1793,500,627,373,12249,0,0,0,0,0,29534,0,0,0,0,0,0,0,0,0,0"
dengfoc,"SYNC_TRUTH,sequence=340496,truth_tick_us=681891593,mechanical_angle_rad=6.154331207,valid=1,read_failures=0"
dengfoc,"SYNC_TRUTH,sequence=340497,truth_tick_us=681893589,mechanical_angle_rad=6.154331207,valid=1,read_failures=0"
dengfoc,"SYNC_TRUTH,sequence=340498,truth_tick_us=681895593,mechanical_angle_rad=6.154331207,valid=1,read_failures=0"
dengfoc,"SYNC_TRUTH,sequence=340499,truth_tick_us=681897589,mechanical_angle_rad=6.154331207,valid=1,read_failures=0"
dengfoc,"SYNC_TRUTH,sequence=340500,truth_tick_us=681899593,mechanical_angle_rad=6.154331207,valid=1,read_failures=0"
dengfoc,"SYNC_TRUTH,sequence=340501,truth_tick_us=681901589,mechanical_angle_rad=6.154331207,valid=1,read_failures=0"
dengfoc,"SYNC_TRUTH,sequence=340502,truth_tick_us=681903593,mechanical_angle_rad=6.154331207,valid=1,read_failures=0"
dengfoc,"SYNC_TRUTH,sequence=340503,truth_tick_us=681905589,mechanical_angle_rad=6.154331207,valid=1,read_failures=0"
dengfoc,"SYNC_TRUTH,sequence=340504,truth_tick_us=681907593,mechanical_angle_rad=6.154331207,valid=1,read_failures=0"
g431,"FTR,6480,3,-3,187,-184,0,216,-3,214,21,1895,503,634,366,12249,0,0,0,0,0,29534,0,0,0,0,0,0,0,0,0,0"
dengfoc,"SYNC_TRUTH,sequence=340505,truth_tick_us=681909589,mechanical_angle_rad=6.154331207,valid=1,read_failures=0"
dengfoc,"SYNC_TRUTH,sequence=340506,truth_tick_us=681911593,mechanical_angle_rad=6.154331207,valid=1,read_failures=0"
dengfoc,"SYNC_TRUTH,sequence=340507,truth_tick_us=681913589,mechanical_angle_rad=6.154331207,valid=1,read_failures=0"
dengfoc,"SYNC_TRUTH,sequence=340508,truth_tick_us=681915593,mechanical_angle_rad=6.154331207,valid=1,read_failures=0"
dengfoc,"SYNC_TRUTH,sequence=340509,truth_tick_us=681917589,mechanical_angle_rad=6.152797222,valid=1,read_failures=0"
dengfoc,"SYNC_TRUTH,sequence=340510,truth_tick_us=681919593,mechanical_angle_rad=6.152797222,valid=1,read_failures=0"
dengfoc,"SYNC_TRUTH,sequence=340511,truth_tick_us=681921589,mechanical_angle_rad=6.152797222,valid=1,read_failures=0"
dengfoc,"SYNC_TRUTH,sequence=340512,truth_tick_us=681923593,mechanical_angle_rad=6.152797222,valid=1,read_failures=0"
dengfoc,"SYNC_TRUTH,sequence=340513,truth_tick_us=681925589,mechanical_angle_rad=6.152797222,valid=1,read_failures=0"
dengfoc,"SYNC_TRUTH,sequence=340514,truth_tick_us=681927593,mechanical_angle_rad=6.152797222,valid=1,read_failures=0"
g431,"FTR,6720,3,0,193,-193,0,224,0,223,-2,1951,500,638,362,12249,0,0,0,0,0,29534,0,0,0,0,0,0,0,0,0,0"
dengfoc,"SYNC_TRUTH,sequence=340515,truth_tick_us=681929589,mechanical_angle_rad=6.152797222,valid=1,read_failures=0"
dengfoc,"SYNC_TRUTH,sequence=340516,truth_tick_us=681931593,mechanical_angle_rad=6.152797222,valid=1,read_failures=0"
dengfoc,"SYNC_TRUTH,sequence=340517,truth_tick_us=681933589,mechanical_angle_rad=6.152797222,valid=1,read_failures=0"
dengfoc,"SYNC_TRUTH,sequence=340518,truth_tick_us=681935593,mechanical_angle_rad=6.152797222,valid=1,read_failures=0"
dengfoc,"SYNC_TRUTH,sequence=340519,truth_tick_us=681937589,mechanical_angle_rad=6.152797222,valid=1,read_failures=0"
dengfoc,"SYNC_TRUTH,sequence=340520,truth_tick_us=681939593,mechanical_angle_rad=6.152797222,valid=1,read_failures=0"
dengfoc,"SYNC_TRUTH,sequence=340521,truth_tick_us=681941589,mechanical_angle_rad=6.152797222,valid=1,read_failures=0"
dengfoc,"SYNC_TRUTH,sequence=340522,truth_tick_us=681943593,mechanical_angle_rad=6.152797222,valid=1,read_failures=0"
dengfoc,"SYNC_TRUTH,sequence=340523,truth_tick_us=681945589,mechanical_angle_rad=6.152797222,valid=1,read_failures=0"
dengfoc,"SYNC_TRUTH,sequence=340524,truth_tick_us=681947593,mechanical_angle_rad=6.152797222,valid=1,read_failures=0"
g431,"FTR,6960,3,-2,200,-198,0,232,-2,229,0,2025,500,643,357,12249,0,0,0,0,0,29534,0,0,0,0,0,0,0,0,0,0"
dengfoc,"SYNC_TRUTH,sequence=340525,truth_tick_us=681949589,mechanical_angle_rad=6.152797222,valid=1,read_failures=0"
dengfoc,"SYNC_TRUTH,sequence=340526,truth_tick_us=681951593,mechanical_angle_rad=6.152797222,valid=1,read_failures=0"
dengfoc,"SYNC_TRUTH,sequence=340527,truth_tick_us=681953589,mechanical_angle_rad=6.152797222,valid=1,read_failures=0"
dengfoc,"SYNC_TRUTH,sequence=340528,truth_tick_us=681955593,mechanical_angle_rad=6.152797222,valid=1,read_failures=0"
dengfoc,"SYNC_TRUTH,sequence=340529,truth_tick_us=681957589,mechanical_angle_rad=6.152797222,valid=1,read_failures=0"
dengfoc,"SYNC_TRUTH,sequence=340530,truth_tick_us=681959593,mechanical_angle_rad=6.152797222,valid=1,read_failures=0"
dengfoc,"SYNC_TRUTH,sequence=340531,truth_tick_us=681961589,mechanical_angle_rad=6.152797222,valid=1,read_failures=0"
dengfoc,"SYNC_TRUTH,sequence=340532,truth_tick_us=681963593,mechanical_angle_rad=6.152797222,valid=1,read_failures=0"
dengfoc,"SYNC_TRUTH,sequence=340533,truth_tick_us=681965589,mechanical_angle_rad=6.152797222,valid=1,read_failures=0"
dengfoc,"SYNC_TRUTH,sequence=340534,truth_tick_us=681967593,mechanical_angle_rad=6.152797222,valid=1,read_failures=0"
g431,"FTR,7200,3,-2,207,-206,0,240,-2,239,-19,2067,498,646,354,12262,0,0,0,0,0,29534,0,0,0,0,0,0,0,0,0,0"
dengfoc,"SYNC_TRUTH,sequence=340535,truth_tick_us=681969589,mechanical_angle_rad=6.152797222,valid=1,read_failures=0"
dengfoc,"SYNC_TRUTH,sequence=340536,truth_tick_us=681971593,mechanical_angle_rad=6.152797222,valid=1,read_failures=0"
dengfoc,"SYNC_TRUTH,sequence=340537,truth_tick_us=681973589,mechanical_angle_rad=6.152797222,valid=1,read_failures=0"
dengfoc,"SYNC_TRUTH,sequence=340538,truth_tick_us=681975593,mechanical_angle_rad=6.152797222,valid=1,read_failures=0"
dengfoc,"SYNC_TRUTH,sequence=340539,truth_tick_us=681977589,mechanical_angle_rad=6.152797222,valid=1,read_failures=0"
dengfoc,"SYNC_TRUTH,sequence=340540,truth_tick_us=681979593,mechanical_angle_rad=6.152797222,valid=1,read_failures=0"
dengfoc,"SYNC_TRUTH,sequence=340541,truth_tick_us=681981589,mechanical_angle_rad=6.152797222,valid=1,read_failures=0"
dengfoc,"SYNC_TRUTH,sequence=340542,truth_tick_us=681983593,mechanical_angle_rad=6.152797222,valid=1,read_failures=0"
dengfoc,"SYNC_TRUTH,sequence=340543,truth_tick_us=681985589,mechanical_angle_rad=6.152797222,valid=1,read_failures=0"
dengfoc,"SYNC_TRUTH,sequence=340544,truth_tick_us=681987593,mechanical_angle_rad=6.152797222,valid=1,read_failures=0"
g431,"FTR,7440,3,-5,214,-209,0,248,-5,244,37,2180,505,654,346,12262,0,0,0,0,0,29534,0,0,0,0,0,0,0,0,0,0"
dengfoc,"SYNC_TRUTH,sequence=340545,truth_tick_us=681989589,mechanical_angle_rad=6.152797222,valid=1,read_failures=0"
dengfoc,"SYNC_TRUTH,sequence=340546,truth_tick_us=681991593,mechanical_angle_rad=6.152797222,valid=1,read_failures=0"
dengfoc,"SYNC_TRUTH,sequence=340547,truth_tick_us=681993589,mechanical_angle_rad=6.152797222,valid=1,read_failures=0"
dengfoc,"SYNC_TRUTH,sequence=340548,truth_tick_us=681995593,mechanical_angle_rad=6.152797222,valid=1,read_failures=0"
dengfoc,"SYNC_TRUTH,sequence=340549,truth_tick_us=681997589,mechanical_angle_rad=6.152797222,valid=1,read_failures=0"
dengfoc,"SYNC_TRUTH,sequence=340550,truth_tick_us=681999593,mechanical_angle_rad=6.152797222,valid=1,read_failures=0"
dengfoc,"SYNC_TRUTH,sequence=340551,truth_tick_us=682001589,mechanical_angle_rad=6.152797222,valid=1,read_failures=0"
dengfoc,"SYNC_TRUTH,sequence=340552,truth_tick_us=682003593,mechanical_angle_rad=6.152797222,valid=1,read_failures=0"
dengfoc,"SYNC_TRUTH,sequence=340553,truth_tick_us=682005589,mechanical_angle_rad=6.152797222,valid=1,read_failures=0"
dengfoc,"SYNC_TRUTH,sequence=340554,truth_tick_us=682007593,mechanical_angle_rad=6.152797222,valid=1,read_failures=0"
g431,"FTR,7680,3,2,219,-220,0,256,2,253,-42,2210,495,656,344,12249,0,0,0,0,0,29534,0,0,0,0,0,0,0,0,0,0"
dengfoc,"SYNC_TRUTH,sequence=340555,truth_tick_us=682009589,mechanical_angle_rad=6.152797222,valid=1,read_failures=0"
dengfoc,"SYNC_TRUTH,sequence=340556,truth_tick_us=682011593,mechanical_angle_rad=6.152797222,valid=1,read_failures=0"
dengfoc,"SYNC_TRUTH,sequence=340557,truth_tick_us=682013589,mechanical_angle_rad=6.152797222,valid=1,read_failures=0"
dengfoc,"SYNC_TRUTH,sequence=340558,truth_tick_us=682015593,mechanical_angle_rad=6.152797222,valid=1,read_failures=0"
dengfoc,"SYNC_TRUTH,sequence=340559,truth_tick_us=682017589,mechanical_angle_rad=6.152797222,valid=1,read_failures=0"
dengfoc,"SYNC_TRUTH,sequence=340560,truth_tick_us=682019593,mechanical_angle_rad=6.152797222,valid=1,read_failures=0"
dengfoc,"SYNC_TRUTH,sequence=340561,truth_tick_us=682021589,mechanical_angle_rad=6.152797222,valid=1,read_failures=0"
dengfoc,"SYNC_TRUTH,sequence=340562,truth_tick_us=682023593,mechanical_angle_rad=6.152797222,valid=1,read_failures=0"
dengfoc,"SYNC_TRUTH,sequence=340563,truth_tick_us=682025589,mechanical_angle_rad=6.152797222,valid=1,read_failures=0"
dengfoc,"SYNC_TRUTH,sequence=340564,truth_tick_us=682027593,mechanical_angle_rad=6.152797222,valid=1,read_failures=0"
g431,"FTR,7920,3,2,230,-231,0,264,2,266,-38,2245,495,658,342,12288,0,0,0,0,0,29534,0,0,0,0,0,0,0,0,0,0"
dengfoc,"SYNC_TRUTH,sequence=340565,truth_tick_us=682029589,mechanical_angle_rad=6.152797222,valid=1,read_failures=0"
dengfoc,"SYNC_TRUTH,sequence=340566,truth_tick_us=682031593,mechanical_angle_rad=6.152797222,valid=1,read_failures=0"
dengfoc,"SYNC_TRUTH,sequence=340567,truth_tick_us=682033589,mechanical_angle_rad=6.152797222,valid=1,read_failures=0"
dengfoc,"SYNC_TRUTH,sequence=340568,truth_tick_us=682035593,mechanical_angle_rad=6.152797222,valid=1,read_failures=0"
dengfoc,"SYNC_TRUTH,sequence=340569,truth_tick_us=682037589,mechanical_angle_rad=6.152797222,valid=1,read_failures=0"
dengfoc,"SYNC_TRUTH,sequence=340570,truth_tick_us=682039593,mechanical_angle_rad=6.152797222,valid=1,read_failures=0"
dengfoc,"SYNC_TRUTH,sequence=340571,truth_tick_us=682041589,mechanical_angle_rad=6.152797222,valid=1,read_failures=0"
dengfoc,"SYNC_TRUTH,sequence=340572,truth_tick_us=682043593,mechanical_angle_rad=6.152797222,valid=1,read_failures=0"
dengfoc,"SYNC_TRUTH,sequence=340573,truth_tick_us=682045589,mechanical_angle_rad=6.152797222,valid=1,read_failures=0"
dengfoc,"SYNC_TRUTH,sequence=340574,truth_tick_us=682047593,mechanical_angle_rad=6.152797222,valid=1,read_failures=0"
g431,"FTR,8160,3,-2,233,-231,0,272,-2,268,0,2380,500,668,332,12249,0,0,0,0,0,29534,0,0,0,0,0,0,0,0,0,0"
dengfoc,"SYNC_TRUTH,sequence=340575,truth_tick_us=682049589,mechanical_angle_rad=6.152797222,valid=1,read_failures=0"
dengfoc,"SYNC_TRUTH,sequence=340576,truth_tick_us=682051593,mechanical_angle_rad=6.152797222,valid=1,read_failures=0"
dengfoc,"SYNC_TRUTH,sequence=340577,truth_tick_us=682053589,mechanical_angle_rad=6.151263237,valid=1,read_failures=0"
dengfoc,"SYNC_TRUTH,sequence=340578,truth_tick_us=682055593,mechanical_angle_rad=6.152797222,valid=1,read_failures=0"
dengfoc,"SYNC_TRUTH,sequence=340579,truth_tick_us=682057589,mechanical_angle_rad=6.152797222,valid=1,read_failures=0"
dengfoc,"SYNC_TRUTH,sequence=340580,truth_tick_us=682059593,mechanical_angle_rad=6.151263237,valid=1,read_failures=0"
dengfoc,"SYNC_TRUTH,sequence=340581,truth_tick_us=682061589,mechanical_angle_rad=6.152797222,valid=1,read_failures=0"
dengfoc,"SYNC_TRUTH,sequence=340582,truth_tick_us=682063593,mechanical_angle_rad=6.152797222,valid=1,read_failures=0"
dengfoc,"SYNC_TRUTH,sequence=340583,truth_tick_us=682065589,mechanical_angle_rad=6.152797222,valid=1,read_failures=0"
dengfoc,"SYNC_TRUTH,sequence=340584,truth_tick_us=682067593,mechanical_angle_rad=6.152797222,valid=1,read_failures=0"
g431,"FTR,8400,3,2,244,-246,0,280,2,283,-24,2391,497,669,331,12249,0,0,0,0,0,29534,0,0,0,0,0,0,0,0,0,0"
dengfoc,"SYNC_TRUTH,sequence=340585,truth_tick_us=682069589,mechanical_angle_rad=6.152797222,valid=1,read_failures=0"
dengfoc,"SYNC_TRUTH,sequence=340586,truth_tick_us=682071593,mechanical_angle_rad=6.151263237,valid=1,read_failures=0"
dengfoc,"SYNC_TRUTH,sequence=340587,truth_tick_us=682073589,mechanical_angle_rad=6.151263237,valid=1,read_failures=0"
dengfoc,"SYNC_TRUTH,sequence=340588,truth_tick_us=682075593,mechanical_angle_rad=6.151263237,valid=1,read_failures=0"
dengfoc,"SYNC_TRUTH,sequence=340589,truth_tick_us=682077589,mechanical_angle_rad=6.151263237,valid=1,read_failures=0"
dengfoc,"SYNC_TRUTH,sequence=340590,truth_tick_us=682079593,mechanical_angle_rad=6.151263237,valid=1,read_failures=0"
dengfoc,"SYNC_TRUTH,sequence=340591,truth_tick_us=682081589,mechanical_angle_rad=6.151263237,valid=1,read_failures=0"
dengfoc,"SYNC_TRUTH,sequence=340592,truth_tick_us=682083593,mechanical_angle_rad=6.151263237,valid=1,read_failures=0"
dengfoc,"SYNC_TRUTH,sequence=340593,truth_tick_us=682085589,mechanical_angle_rad=6.151263237,valid=1,read_failures=0"
dengfoc,"SYNC_TRUTH,sequence=340594,truth_tick_us=682087593,mechanical_angle_rad=6.151263237,valid=1,read_failures=0"
g431,"FTR,8640,3,2,252,-254,0,288,2,292,-19,2447,498,673,327,12262,0,0,0,0,0,29534,0,0,0,0,0,0,0,0,0,0"
dengfoc,"SYNC_TRUTH,sequence=340595,truth_tick_us=682089589,mechanical_angle_rad=6.151263237,valid=1,read_failures=0"
dengfoc,"SYNC_TRUTH,sequence=340596,truth_tick_us=682091593,mechanical_angle_rad=6.151263237,valid=1,read_failures=0"
dengfoc,"SYNC_TRUTH,sequence=340597,truth_tick_us=682093589,mechanical_angle_rad=6.151263237,valid=1,read_failures=0"
dengfoc,"SYNC_TRUTH,sequence=340598,truth_tick_us=682095593,mechanical_angle_rad=6.151263237,valid=1,read_failures=0"
dengfoc,"SYNC_TRUTH,sequence=340599,truth_tick_us=682097589,mechanical_angle_rad=6.151263237,valid=1,read_failures=0"
dengfoc,"SYNC_TRUTH,sequence=340600,truth_tick_us=682099593,mechanical_angle_rad=6.151263237,valid=1,read_failures=0"
dengfoc,"SYNC_TRUTH,sequence=340601,truth_tick_us=682101589,mechanical_angle_rad=6.151263237,valid=1,read_failures=0"
dengfoc,"SYNC_TRUTH,sequence=340602,truth_tick_us=682103593,mechanical_angle_rad=6.151263237,valid=1,read_failures=0"
dengfoc,"SYNC_TRUTH,sequence=340603,truth_tick_us=682105589,mechanical_angle_rad=6.151263237,valid=1,read_failures=0"
dengfoc,"SYNC_TRUTH,sequence=340604,truth_tick_us=682107593,mechanical_angle_rad=6.151263237,valid=1,read_failures=0"
g431,"FTR,8880,3,2,257,-259,0,296,2,298,-33,2534,496,679,321,12249,0,0,0,0,0,29534,0,0,0,0,0,0,0,0,0,0"
dengfoc,"SYNC_TRUTH,sequence=340605,truth_tick_us=682109589,mechanical_angle_rad=6.151263237,valid=1,read_failures=0"
dengfoc,"SYNC_TRUTH,sequence=340606,truth_tick_us=682111593,mechanical_angle_rad=6.151263237,valid=1,read_failures=0"
dengfoc,"SYNC_TRUTH,sequence=340607,truth_tick_us=682113589,mechanical_angle_rad=6.151263237,valid=1,read_failures=0"
dengfoc,"SYNC_TRUTH,sequence=340608,truth_tick_us=682115593,mechanical_angle_rad=6.151263237,valid=1,read_failures=0"
dengfoc,"SYNC_TRUTH,sequence=340609,truth_tick_us=682117589,mechanical_angle_rad=6.151263237,valid=1,read_failures=0"
dengfoc,"SYNC_TRUTH,sequence=340610,truth_tick_us=682119593,mechanical_angle_rad=6.151263237,valid=1,read_failures=0"
dengfoc,"SYNC_TRUTH,sequence=340611,truth_tick_us=682121589,mechanical_angle_rad=6.151263237,valid=1,read_failures=0"
dengfoc,"SYNC_TRUTH,sequence=340612,truth_tick_us=682123593,mechanical_angle_rad=6.151263237,valid=1,read_failures=0"
dengfoc,"SYNC_TRUTH,sequence=340613,truth_tick_us=682125589,mechanical_angle_rad=6.151263237,valid=1,read_failures=0"
dengfoc,"SYNC_TRUTH,sequence=340614,truth_tick_us=682127593,mechanical_angle_rad=6.151263237,valid=1,read_failures=0"
g431,"FTR,9120,3,-2,263,-262,0,304,-2,303,9,2645,501,687,313,12262,0,0,0,0,0,29534,0,0,0,0,0,0,0,0,0,0"
dengfoc,"SYNC_TRUTH,sequence=340615,truth_tick_us=682129589,mechanical_angle_rad=6.151263237,valid=1,read_failures=0"
dengfoc,"SYNC_TRUTH,sequence=340616,truth_tick_us=682131593,mechanical_angle_rad=6.151263237,valid=1,read_failures=0"
dengfoc,"SYNC_TRUTH,sequence=340617,truth_tick_us=682133589,mechanical_angle_rad=6.151263237,valid=1,read_failures=0"
dengfoc,"SYNC_TRUTH,sequence=340618,truth_tick_us=682135593,mechanical_angle_rad=6.151263237,valid=1,read_failures=0"
dengfoc,"SYNC_TRUTH,sequence=340619,truth_tick_us=682137589,mechanical_angle_rad=6.151263237,valid=1,read_failures=0"
dengfoc,"SYNC_TRUTH,sequence=340620,truth_tick_us=682139593,mechanical_angle_rad=6.151263237,valid=1,read_failures=0"
dengfoc,"SYNC_TRUTH,sequence=340621,truth_tick_us=682141589,mechanical_angle_rad=6.151263237,valid=1,read_failures=0"
dengfoc,"SYNC_TRUTH,sequence=340622,truth_tick_us=682143593,mechanical_angle_rad=6.151263237,valid=1,read_failures=0"
dengfoc,"SYNC_TRUTH,sequence=340623,truth_tick_us=682145589,mechanical_angle_rad=6.151263237,valid=1,read_failures=0"
dengfoc,"SYNC_TRUTH,sequence=340624,truth_tick_us=682147593,mechanical_angle_rad=6.151263237,valid=1,read_failures=0"
g431,"FTR,9360,3,2,270,-271,0,312,2,312,-29,2675,496,689,311,12249,0,0,0,0,0,29534,0,0,0,0,0,0,0,0,0,0"
dengfoc,"SYNC_TRUTH,sequence=340625,truth_tick_us=682149589,mechanical_angle_rad=6.151263237,valid=1,read_failures=0"
dengfoc,"SYNC_TRUTH,sequence=340626,truth_tick_us=682151593,mechanical_angle_rad=6.151263237,valid=1,read_failures=0"
dengfoc,"SYNC_TRUTH,sequence=340627,truth_tick_us=682153589,mechanical_angle_rad=6.151263237,valid=1,read_failures=0"
dengfoc,"SYNC_TRUTH,sequence=340628,truth_tick_us=682155593,mechanical_angle_rad=6.151263237,valid=1,read_failures=0"
dengfoc,"SYNC_TRUTH,sequence=340629,truth_tick_us=682157589,mechanical_angle_rad=6.151263237,valid=1,read_failures=0"
dengfoc,"SYNC_TRUTH,sequence=340630,truth_tick_us=682159593,mechanical_angle_rad=6.151263237,valid=1,read_failures=0"
dengfoc,"SYNC_TRUTH,sequence=340631,truth_tick_us=682161589,mechanical_angle_rad=6.151263237,valid=1,read_failures=0"
dengfoc,"SYNC_TRUTH,sequence=340632,truth_tick_us=682163593,mechanical_angle_rad=6.151263237,valid=1,read_failures=0"
dengfoc,"SYNC_TRUTH,sequence=340633,truth_tick_us=682165589,mechanical_angle_rad=6.151263237,valid=1,read_failures=0"
dengfoc,"SYNC_TRUTH,sequence=340634,truth_tick_us=682167593,mechanical_angle_rad=6.151263237,valid=1,read_failures=0"
g431,"FTR,9600,3,-3,276,-273,0,320,-3,317,29,2791,504,697,303,12249,0,0,0,0,0,29534,0,0,0,0,0,0,0,0,0,0"
dengfoc,"SYNC_TRUTH,sequence=340635,truth_tick_us=682169589,mechanical_angle_rad=6.151263237,valid=1,read_failures=0"
dengfoc,"SYNC_TRUTH,sequence=340636,truth_tick_us=682171593,mechanical_angle_rad=6.151263237,valid=1,read_failures=0"
dengfoc,"SYNC_TRUTH,sequence=340637,truth_tick_us=682173589,mechanical_angle_rad=6.151263237,valid=1,read_failures=0"
dengfoc,"SYNC_TRUTH,sequence=340638,truth_tick_us=682175593,mechanical_angle_rad=6.151263237,valid=1,read_failures=0"
dengfoc,"SYNC_TRUTH,sequence=340639,truth_tick_us=682177589,mechanical_angle_rad=6.151263237,valid=1,read_failures=0"
dengfoc,"SYNC_TRUTH,sequence=340640,truth_tick_us=682179593,mechanical_angle_rad=6.151263237,valid=1,read_failures=0"
dengfoc,"SYNC_TRUTH,sequence=340641,truth_tick_us=682181589,mechanical_angle_rad=6.151263237,valid=1,read_failures=0"
dengfoc,"SYNC_TRUTH,sequence=340642,truth_tick_us=682183593,mechanical_angle_rad=6.151263237,valid=1,read_failures=0"
dengfoc,"SYNC_TRUTH,sequence=340643,truth_tick_us=682185589,mechanical_angle_rad=6.151263237,valid=1,read_failures=0"
dengfoc,"SYNC_TRUTH,sequence=340644,truth_tick_us=682187593,mechanical_angle_rad=6.151263237,valid=1,read_failures=0"
g431,"FTR,9840,3,-3,283,-279,0,328,-3,324,34,2864,504,703,297,12236,0,0,0,0,0,29534,0,0,0,0,0,0,0,0,0,0"
dengfoc,"SYNC_TRUTH,sequence=340645,truth_tick_us=682189589,mechanical_angle_rad=6.151263237,valid=1,read_failures=0"
dengfoc,"SYNC_TRUTH,sequence=340646,truth_tick_us=682191593,mechanical_angle_rad=6.151263237,valid=1,read_failures=0"
dengfoc,"SYNC_TRUTH,sequence=340647,truth_tick_us=682193589,mechanical_angle_rad=6.151263237,valid=1,read_failures=0"
dengfoc,"SYNC_TRUTH,sequence=340648,truth_tick_us=682195593,mechanical_angle_rad=6.151263237,valid=1,read_failures=0"
dengfoc,"SYNC_TRUTH,sequence=340649,truth_tick_us=682197589,mechanical_angle_rad=6.151263237,valid=1,read_failures=0"
dengfoc,"SYNC_TRUTH,sequence=340650,truth_tick_us=682199593,mechanical_angle_rad=6.151263237,valid=1,read_failures=0"
dengfoc,"SYNC_TRUTH,sequence=340651,truth_tick_us=682201589,mechanical_angle_rad=6.151263237,valid=1,read_failures=0"
dengfoc,"SYNC_TRUTH,sequence=340652,truth_tick_us=682203593,mechanical_angle_rad=6.151263237,valid=1,read_failures=0"
dengfoc,"SYNC_TRUTH,sequence=340653,truth_tick_us=682205589,mechanical_angle_rad=6.151263237,valid=1,read_failures=0"
dengfoc,"SYNC_TRUTH,sequence=340654,truth_tick_us=682207593,mechanical_angle_rad=6.151263237,valid=1,read_failures=0"
g431,"FTR,10080,3,8,290,-298,0,336,8,340,-75,2856,491,703,297,12210,0,0,0,0,0,29534,0,0,0,0,0,0,0,0,0,0"
dengfoc,"SYNC_TRUTH,sequence=340655,truth_tick_us=682209589,mechanical_angle_rad=6.151263237,valid=1,read_failures=0"
dengfoc,"SYNC_TRUTH,sequence=340656,truth_tick_us=682211593,mechanical_angle_rad=6.151263237,valid=1,read_failures=0"
dengfoc,"SYNC_TRUTH,sequence=340657,truth_tick_us=682213589,mechanical_angle_rad=6.151263237,valid=1,read_failures=0"
dengfoc,"SYNC_TRUTH,sequence=340658,truth_tick_us=682215593,mechanical_angle_rad=6.149729252,valid=1,read_failures=0"
dengfoc,"SYNC_TRUTH,sequence=340659,truth_tick_us=682217589,mechanical_angle_rad=6.151263237,valid=1,read_failures=0"
dengfoc,"SYNC_TRUTH,sequence=340660,truth_tick_us=682219593,mechanical_angle_rad=6.151263237,valid=1,read_failures=0"
dengfoc,"SYNC_TRUTH,sequence=340661,truth_tick_us=682221589,mechanical_angle_rad=6.151263237,valid=1,read_failures=0"
dengfoc,"SYNC_TRUTH,sequence=340662,truth_tick_us=682223593,mechanical_angle_rad=6.151263237,valid=1,read_failures=0"
dengfoc,"SYNC_TRUTH,sequence=340663,truth_tick_us=682225589,mechanical_angle_rad=6.149729252,valid=1,read_failures=0"
dengfoc,"SYNC_TRUTH,sequence=340664,truth_tick_us=682227593,mechanical_angle_rad=6.149729252,valid=1,read_failures=0"
g431,"FTR,10320,3,2,298,-300,0,344,2,346,-11,2959,499,709,291,12249,0,0,0,0,0,29534,0,0,0,0,0,0,0,0,0,0"
dengfoc,"SYNC_TRUTH,sequence=340665,truth_tick_us=682229589,mechanical_angle_rad=6.149729252,valid=1,read_failures=0"
dengfoc,"SYNC_TRUTH,sequence=340666,truth_tick_us=682231593,mechanical_angle_rad=6.149729252,valid=1,read_failures=0"
dengfoc,"SYNC_TRUTH,sequence=340667,truth_tick_us=682233589,mechanical_angle_rad=6.149729252,valid=1,read_failures=0"
dengfoc,"SYNC_TRUTH,sequence=340668,truth_tick_us=682235593,mechanical_angle_rad=6.149729252,valid=1,read_failures=0"
dengfoc,"SYNC_TRUTH,sequence=340669,truth_tick_us=682237589,mechanical_angle_rad=6.149729252,valid=1,read_failures=0"
dengfoc,"SYNC_TRUTH,sequence=340670,truth_tick_us=682239593,mechanical_angle_rad=6.149729252,valid=1,read_failures=0"
dengfoc,"SYNC_TRUTH,sequence=340671,truth_tick_us=682241589,mechanical_angle_rad=6.149729252,valid=1,read_failures=0"
dengfoc,"SYNC_TRUTH,sequence=340672,truth_tick_us=682243593,mechanical_angle_rad=6.149729252,valid=1,read_failures=0"
dengfoc,"SYNC_TRUTH,sequence=340673,truth_tick_us=682245589,mechanical_angle_rad=6.149729252,valid=1,read_failures=0"
dengfoc,"SYNC_TRUTH,sequence=340674,truth_tick_us=682247593,mechanical_angle_rad=6.149729252,valid=1,read_failures=0"
g431,"FTR,10560,3,-5,303,-298,0,352,-5,347,40,3078,505,718,282,12249,0,0,0,0,0,29534,0,0,0,0,0,0,0,0,0,0"
dengfoc,"SYNC_TRUTH,sequence=340675,truth_tick_us=682249589,mechanical_angle_rad=6.149729252,valid=1,read_failures=0"
dengfoc,"SYNC_TRUTH,sequence=340676,truth_tick_us=682251593,mechanical_angle_rad=6.149729252,valid=1,read_failures=0"
dengfoc,"SYNC_TRUTH,sequence=340677,truth_tick_us=682253589,mechanical_angle_rad=6.149729252,valid=1,read_failures=0"
dengfoc,"SYNC_TRUTH,sequence=340678,truth_tick_us=682255593,mechanical_angle_rad=6.149729252,valid=1,read_failures=0"
dengfoc,"SYNC_TRUTH,sequence=340679,truth_tick_us=682257589,mechanical_angle_rad=6.149729252,valid=1,read_failures=0"
dengfoc,"SYNC_TRUTH,sequence=340680,truth_tick_us=682259593,mechanical_angle_rad=6.149729252,valid=1,read_failures=0"
dengfoc,"SYNC_TRUTH,sequence=340681,truth_tick_us=682261589,mechanical_angle_rad=6.149729252,valid=1,read_failures=0"
dengfoc,"SYNC_TRUTH,sequence=340682,truth_tick_us=682263593,mechanical_angle_rad=6.149729252,valid=1,read_failures=0"
dengfoc,"SYNC_TRUTH,sequence=340683,truth_tick_us=682265589,mechanical_angle_rad=6.149729252,valid=1,read_failures=0"
dengfoc,"SYNC_TRUTH,sequence=340684,truth_tick_us=682267593,mechanical_angle_rad=6.149729252,valid=1,read_failures=0"
g431,"FTR,10800,3,3,316,-319,0,360,3,367,-22,3058,497,716,284,12236,0,0,0,0,0,29534,0,0,0,0,0,0,0,0,0,0"
dengfoc,"SYNC_TRUTH,sequence=340685,truth_tick_us=682269589,mechanical_angle_rad=6.149729252,valid=1,read_failures=0"
dengfoc,"SYNC_TRUTH,sequence=340686,truth_tick_us=682271593,mechanical_angle_rad=6.149729252,valid=1,read_failures=0"
dengfoc,"SYNC_TRUTH,sequence=340687,truth_tick_us=682273589,mechanical_angle_rad=6.149729252,valid=1,read_failures=0"
dengfoc,"SYNC_TRUTH,sequence=340688,truth_tick_us=682275593,mechanical_angle_rad=6.149729252,valid=1,read_failures=0"
dengfoc,"SYNC_TRUTH,sequence=340689,truth_tick_us=682277589,mechanical_angle_rad=6.149729252,valid=1,read_failures=0"
dengfoc,"SYNC_TRUTH,sequence=340690,truth_tick_us=682279593,mechanical_angle_rad=6.149729252,valid=1,read_failures=0"
dengfoc,"SYNC_TRUTH,sequence=340691,truth_tick_us=682281589,mechanical_angle_rad=6.149729252,valid=1,read_failures=0"
dengfoc,"SYNC_TRUTH,sequence=340692,truth_tick_us=682283593,mechanical_angle_rad=6.149729252,valid=1,read_failures=0"
dengfoc,"SYNC_TRUTH,sequence=340693,truth_tick_us=682285589,mechanical_angle_rad=6.149729252,valid=1,read_failures=0"
dengfoc,"SYNC_TRUTH,sequence=340694,truth_tick_us=682287593,mechanical_angle_rad=6.149729252,valid=1,read_failures=0"
g431,"FTR,11040,3,-2,319,-318,0,368,-2,368,2,3167,500,724,276,12236,0,0,0,0,0,29534,0,0,0,0,0,0,0,0,0,0"
dengfoc,"SYNC_TRUTH,sequence=340695,truth_tick_us=682289589,mechanical_angle_rad=6.149729252,valid=1,read_failures=0"
dengfoc,"SYNC_TRUTH,sequence=340696,truth_tick_us=682291593,mechanical_angle_rad=6.149729252,valid=1,read_failures=0"
dengfoc,"SYNC_TRUTH,sequence=340697,truth_tick_us=682293589,mechanical_angle_rad=6.149729252,valid=1,read_failures=0"
dengfoc,"SYNC_TRUTH,sequence=340698,truth_tick_us=682295593,mechanical_angle_rad=6.149729252,valid=1,read_failures=0"
dengfoc,"SYNC_TRUTH,sequence=340699,truth_tick_us=682297589,mechanical_angle_rad=6.149729252,valid=1,read_failures=0"
dengfoc,"SYNC_TRUTH,sequence=340700,truth_tick_us=682299593,mechanical_angle_rad=6.149729252,valid=1,read_failures=0"
dengfoc,"SYNC_TRUTH,sequence=340701,truth_tick_us=682301589,mechanical_angle_rad=6.149729252,valid=1,read_failures=0"
dengfoc,"SYNC_TRUTH,sequence=340702,truth_tick_us=682303593,mechanical_angle_rad=6.149729252,valid=1,read_failures=0"
dengfoc,"SYNC_TRUTH,sequence=340703,truth_tick_us=682305589,mechanical_angle_rad=6.149729252,valid=1,read_failures=0"
dengfoc,"SYNC_TRUTH,sequence=340704,truth_tick_us=682307593,mechanical_angle_rad=6.149729252,valid=1,read_failures=0"
g431,"FTR,11280,3,-2,326,-324,0,376,-2,375,21,3266,503,731,269,12223,0,0,0,0,0,29534,0,0,0,0,0,0,0,0,0,0"
dengfoc,"SYNC_TRUTH,sequence=340705,truth_tick_us=682309589,mechanical_angle_rad=6.149729252,valid=1,read_failures=0"
dengfoc,"SYNC_TRUTH,sequence=340706,truth_tick_us=682311593,mechanical_angle_rad=6.149729252,valid=1,read_failures=0"
dengfoc,"SYNC_TRUTH,sequence=340707,truth_tick_us=682313589,mechanical_angle_rad=6.149729252,valid=1,read_failures=0"
dengfoc,"SYNC_TRUTH,sequence=340708,truth_tick_us=682315593,mechanical_angle_rad=6.149729252,valid=1,read_failures=0"
dengfoc,"SYNC_TRUTH,sequence=340709,truth_tick_us=682317589,mechanical_angle_rad=6.149729252,valid=1,read_failures=0"
dengfoc,"SYNC_TRUTH,sequence=340710,truth_tick_us=682319593,mechanical_angle_rad=6.149729252,valid=1,read_failures=0"
dengfoc,"SYNC_TRUTH,sequence=340711,truth_tick_us=682321589,mechanical_angle_rad=6.149729252,valid=1,read_failures=0"
dengfoc,"SYNC_TRUTH,sequence=340712,truth_tick_us=682323593,mechanical_angle_rad=6.149729252,valid=1,read_failures=0"
dengfoc,"SYNC_TRUTH,sequence=340713,truth_tick_us=682325589,mechanical_angle_rad=6.149729252,valid=1,read_failures=0"
dengfoc,"SYNC_TRUTH,sequence=340714,truth_tick_us=682327593,mechanical_angle_rad=6.149729252,valid=1,read_failures=0"
g431,"FTR,11520,3,0,332,-332,0,384,0,383,-5,3321,499,735,265,12223,0,0,0,0,0,29534,0,0,0,0,0,0,0,0,0,0"
dengfoc,"SYNC_TRUTH,sequence=340715,truth_tick_us=682329589,mechanical_angle_rad=6.149729252,valid=1,read_failures=0"
dengfoc,"SYNC_TRUTH,sequence=340716,truth_tick_us=682331593,mechanical_angle_rad=6.149729252,valid=1,read_failures=0"
dengfoc,"SYNC_TRUTH,sequence=340717,truth_tick_us=682333589,mechanical_angle_rad=6.149729252,valid=1,read_failures=0"
dengfoc,"SYNC_TRUTH,sequence=340718,truth_tick_us=682335593,mechanical_angle_rad=6.149729252,valid=1,read_failures=0"
dengfoc,"SYNC_TRUTH,sequence=340719,truth_tick_us=682337589,mechanical_angle_rad=6.149729252,valid=1,read_failures=0"
dengfoc,"SYNC_TRUTH,sequence=340720,truth_tick_us=682339593,mechanical_angle_rad=6.149729252,valid=1,read_failures=0"
dengfoc,"SYNC_TRUTH,sequence=340721,truth_tick_us=682341589,mechanical_angle_rad=6.149729252,valid=1,read_failures=0"
dengfoc,"SYNC_TRUTH,sequence=340722,truth_tick_us=682343593,mechanical_angle_rad=6.149729252,valid=1,read_failures=0"
dengfoc,"SYNC_TRUTH,sequence=340723,truth_tick_us=682345589,mechanical_angle_rad=6.149729252,valid=1,read_failures=0"
dengfoc,"SYNC_TRUTH,sequence=340724,truth_tick_us=682347593,mechanical_angle_rad=6.149729252,valid=1,read_failures=0"
g431,"FTR,11760,3,5,338,-343,0,392,5,393,-30,3380,496,739,261,12236,0,0,0,0,0,29534,0,0,0,0,0,0,0,0,0,0"
dengfoc,"SYNC_TRUTH,sequence=340725,truth_tick_us=682349589,mechanical_angle_rad=6.149729252,valid=1,read_failures=0"
dengfoc,"SYNC_TRUTH,sequence=340726,truth_tick_us=682351593,mechanical_angle_rad=6.149729252,valid=1,read_failures=0"
dengfoc,"SYNC_TRUTH,sequence=340727,truth_tick_us=682353589,mechanical_angle_rad=6.149729252,valid=1,read_failures=0"
dengfoc,"SYNC_TRUTH,sequence=340728,truth_tick_us=682355593,mechanical_angle_rad=6.149729252,valid=1,read_failures=0"
dengfoc,"SYNC_TRUTH,sequence=340729,truth_tick_us=682357589,mechanical_angle_rad=6.149729252,valid=1,read_failures=0"
dengfoc,"SYNC_TRUTH,sequence=340730,truth_tick_us=682359593,mechanical_angle_rad=6.149729252,valid=1,read_failures=0"
dengfoc,"SYNC_TRUTH,sequence=340731,truth_tick_us=682361589,mechanical_angle_rad=6.149729252,valid=1,read_failures=0"
dengfoc,"SYNC_TRUTH,sequence=340732,truth_tick_us=682363593,mechanical_angle_rad=6.149729252,valid=1,read_failures=0"
dengfoc,"SYNC_TRUTH,sequence=340733,truth_tick_us=682365589,mechanical_angle_rad=6.149729252,valid=1,read_failures=0"
dengfoc,"SYNC_TRUTH,sequence=340734,truth_tick_us=682367593,mechanical_angle_rad=6.149729252,valid=1,read_failures=0"
g431,"FTR,12000,3,5,346,-351,0,400,5,403,-40,3428,495,742,258,12249,0,0,0,0,0,29534,0,0,0,0,0,0,0,0,0,0"
dengfoc,"SYNC_TRUTH,sequence=340735,truth_tick_us=682369589,mechanical_angle_rad=6.149729252,valid=1,read_failures=0"
dengfoc,"SYNC_TRUTH,sequence=340736,truth_tick_us=682371593,mechanical_angle_rad=6.149729252,valid=1,read_failures=0"
dengfoc,"SYNC_TRUTH,sequence=340737,truth_tick_us=682373589,mechanical_angle_rad=6.149729252,valid=1,read_failures=0"
dengfoc,"SYNC_TRUTH,sequence=340738,truth_tick_us=682375593,mechanical_angle_rad=6.149729252,valid=1,read_failures=0"
dengfoc,"SYNC_TRUTH,sequence=340739,truth_tick_us=682377592,mechanical_angle_rad=6.149729252,valid=1,read_failures=0"
dengfoc,"SYNC_TRUTH,sequence=340740,truth_tick_us=682379593,mechanical_angle_rad=6.149729252,valid=1,read_failures=0"
dengfoc,"SYNC_ANCHOR_RX,session=2026100505,edge_sequence=5002,edge_tag=902,truth_tick_us=682370829,source=2,flags=0x00000003"
dengfoc,"SYNC_TRUTH,sequence=340741,truth_tick_us=682382597,mechanical_angle_rad=6.149729252,valid=1,read_failures=0"
dengfoc,"SYNC_TRUTH,sequence=340742,truth_tick_us=682384593,mechanical_angle_rad=6.149729252,valid=1,read_failures=0"
dengfoc,"SYNC_TRUTH,sequence=340743,truth_tick_us=682386589,mechanical_angle_rad=6.149729252,valid=1,read_failures=0"
g431,"FTR,12240,3,-10,353,-343,0,408,-10,402,102,3592,512,754,246,12236,0,0,0,0,0,29534,0,0,0,0,0,0,0,0,0,0"
dengfoc,"SYNC_TRUTH,sequence=340744,truth_tick_us=682388593,mechanical_angle_rad=6.149729252,valid=1,read_failures=0"
dengfoc,"SYNC_TRUTH,sequence=340745,truth_tick_us=682390589,mechanical_angle_rad=6.149729252,valid=1,read_failures=0"
dengfoc,"SYNC_TRUTH,sequence=340746,truth_tick_us=682392593,mechanical_angle_rad=6.149729252,valid=1,read_failures=0"
dengfoc,"SYNC_TRUTH,sequence=340747,truth_tick_us=682394589,mechanical_angle_rad=6.149729252,valid=1,read_failures=0"
dengfoc,"SYNC_TRUTH,sequence=340748,truth_tick_us=682396593,mechanical_angle_rad=6.149729252,valid=1,read_failures=0"
dengfoc,"SYNC_TRUTH,sequence=340749,truth_tick_us=682398589,mechanical_angle_rad=6.149729252,valid=1,read_failures=0"
dengfoc,"SYNC_TRUTH,sequence=340750,truth_tick_us=682400593,mechanical_angle_rad=6.149729252,valid=1,read_failures=0"
dengfoc,"SYNC_TRUTH,sequence=340751,truth_tick_us=682402589,mechanical_angle_rad=6.149729252,valid=1,read_failures=0"
dengfoc,"SYNC_TRUTH,sequence=340752,truth_tick_us=682404593,mechanical_angle_rad=6.149729252,valid=1,read_failures=0"
dengfoc,"SYNC_TRUTH,sequence=340753,truth_tick_us=682406589,mechanical_angle_rad=6.148195267,valid=1,read_failures=0"
g431,"FTR,12480,3,-2,361,-359,0,416,-2,416,15,3603,502,755,245,12236,0,0,0,0,0,29534,0,0,0,0,0,0,0,0,0,0"
dengfoc,"SYNC_TRUTH,sequence=340754,truth_tick_us=682408593,mechanical_angle_rad=6.149729252,valid=1,read_failures=0"
dengfoc,"SYNC_TRUTH,sequence=340755,truth_tick_us=682410589,mechanical_angle_rad=6.148195267,valid=1,read_failures=0"
dengfoc,"SYNC_TRUTH,sequence=340756,truth_tick_us=682412593,mechanical_angle_rad=6.148195267,valid=1,read_failures=0"
dengfoc,"SYNC_TRUTH,sequence=340757,truth_tick_us=682414589,mechanical_angle_rad=6.148195267,valid=1,read_failures=0"
dengfoc,"SYNC_TRUTH,sequence=340758,truth_tick_us=682416593,mechanical_angle_rad=6.148195267,valid=1,read_failures=0"
dengfoc,"SYNC_TRUTH,sequence=340759,truth_tick_us=682418589,mechanical_angle_rad=6.148195267,valid=1,read_failures=0"
dengfoc,"SYNC_TRUTH,sequence=340760,truth_tick_us=682420593,mechanical_angle_rad=6.149729252,valid=1,read_failures=0"
dengfoc,"SYNC_TRUTH,sequence=340761,truth_tick_us=682422589,mechanical_angle_rad=6.148195267,valid=1,read_failures=0"
dengfoc,"SYNC_TRUTH,sequence=340762,truth_tick_us=682424593,mechanical_angle_rad=6.148195267,valid=1,read_failures=0"
dengfoc,"SYNC_TRUTH,sequence=340763,truth_tick_us=682426589,mechanical_angle_rad=6.148195267,valid=1,read_failures=0"
g431,"FTR,12720,3,0,369,-369,0,424,0,426,9,3664,501,760,240,12185,0,0,0,0,0,29534,0,0,0,0,0,0,0,0,0,0"
dengfoc,"SYNC_TRUTH,sequence=340764,truth_tick_us=682428593,mechanical_angle_rad=6.148195267,valid=1,read_failures=0"
dengfoc,"SYNC_TRUTH,sequence=340765,truth_tick_us=682430589,mechanical_angle_rad=6.148195267,valid=1,read_failures=0"
dengfoc,"SYNC_TRUTH,sequence=340766,truth_tick_us=682432593,mechanical_angle_rad=6.148195267,valid=1,read_failures=0"
dengfoc,"SYNC_TRUTH,sequence=340767,truth_tick_us=682434589,mechanical_angle_rad=6.148195267,valid=1,read_failures=0"
dengfoc,"SYNC_TRUTH,sequence=340768,truth_tick_us=682436593,mechanical_angle_rad=6.148195267,valid=1,read_failures=0"
dengfoc,"SYNC_TRUTH,sequence=340769,truth_tick_us=682438589,mechanical_angle_rad=6.148195267,valid=1,read_failures=0"
dengfoc,"SYNC_TRUTH,sequence=340770,truth_tick_us=682440593,mechanical_angle_rad=6.148195267,valid=1,read_failures=0"
dengfoc,"SYNC_TRUTH,sequence=340771,truth_tick_us=682442589,mechanical_angle_rad=6.148195267,valid=1,read_failures=0"
dengfoc,"SYNC_TRUTH,sequence=340772,truth_tick_us=682444593,mechanical_angle_rad=6.148195267,valid=1,read_failures=0"
dengfoc,"SYNC_TRUTH,sequence=340773,truth_tick_us=682446589,mechanical_angle_rad=6.148195267,valid=1,read_failures=0"
g431,"FTR,12960,3,5,375,-380,0,432,5,436,-36,3699,496,762,238,12223,0,0,0,0,0,29534,0,0,0,0,0,0,0,0,0,0"
dengfoc,"SYNC_TRUTH,sequence=340774,truth_tick_us=682448593,mechanical_angle_rad=6.148195267,valid=1,read_failures=0"
dengfoc,"SYNC_TRUTH,sequence=340775,truth_tick_us=682450589,mechanical_angle_rad=6.148195267,valid=1,read_failures=0"
dengfoc,"SYNC_TRUTH,sequence=340776,truth_tick_us=682452593,mechanical_angle_rad=6.148195267,valid=1,read_failures=0"
dengfoc,"SYNC_TRUTH,sequence=340777,truth_tick_us=682454589,mechanical_angle_rad=6.148195267,valid=1,read_failures=0"
dengfoc,"SYNC_TRUTH,sequence=340778,truth_tick_us=682456593,mechanical_angle_rad=6.148195267,valid=1,read_failures=0"
dengfoc,"SYNC_TRUTH,sequence=340779,truth_tick_us=682458589,mechanical_angle_rad=6.148195267,valid=1,read_failures=0"
dengfoc,"SYNC_TRUTH,sequence=340780,truth_tick_us=682460593,mechanical_angle_rad=6.148195267,valid=1,read_failures=0"
dengfoc,"SYNC_TRUTH,sequence=340781,truth_tick_us=682462589,mechanical_angle_rad=6.148195267,valid=1,read_failures=0"
dengfoc,"SYNC_TRUTH,sequence=340782,truth_tick_us=682464593,mechanical_angle_rad=6.148195267,valid=1,read_failures=0"
dengfoc,"SYNC_TRUTH,sequence=340783,truth_tick_us=682466589,mechanical_angle_rad=6.148195267,valid=1,read_failures=0"
g431,"FTR,13200,3,-5,381,-377,0,440,-5,438,43,3825,505,771,229,12223,0,0,0,0,0,29534,0,0,0,0,0,0,0,0,0,0"
dengfoc,"SYNC_TRUTH,sequence=340784,truth_tick_us=682468593,mechanical_angle_rad=6.148195267,valid=1,read_failures=0"
dengfoc,"SYNC_TRUTH,sequence=340785,truth_tick_us=682470589,mechanical_angle_rad=6.148195267,valid=1,read_failures=0"
dengfoc,"SYNC_TRUTH,sequence=340786,truth_tick_us=682472593,mechanical_angle_rad=6.148195267,valid=1,read_failures=0"
dengfoc,"SYNC_TRUTH,sequence=340787,truth_tick_us=682474589,mechanical_angle_rad=6.148195267,valid=1,read_failures=0"
dengfoc,"SYNC_TRUTH,sequence=340788,truth_tick_us=682476593,mechanical_angle_rad=6.148195267,valid=1,read_failures=0"
dengfoc,"SYNC_TRUTH,sequence=340789,truth_tick_us=682478589,mechanical_angle_rad=6.148195267,valid=1,read_failures=0"
dengfoc,"SYNC_TRUTH,sequence=340790,truth_tick_us=682480593,mechanical_angle_rad=6.148195267,valid=1,read_failures=0"
dengfoc,"SYNC_TRUTH,sequence=340791,truth_tick_us=682482589,mechanical_angle_rad=6.148195267,valid=1,read_failures=0"
dengfoc,"SYNC_TRUTH,sequence=340792,truth_tick_us=682484593,mechanical_angle_rad=6.148195267,valid=1,read_failures=0"
dengfoc,"SYNC_TRUTH,sequence=340793,truth_tick_us=682486589,mechanical_angle_rad=6.148195267,valid=1,read_failures=0"
g431,"FTR,13440,3,2,386,-388,0,448,2,447,-4,3886,500,775,225,12223,0,0,0,0,0,29534,0,0,0,0,0,0,0,0,0,0"
dengfoc,"SYNC_TRUTH,sequence=340794,truth_tick_us=682488593,mechanical_angle_rad=6.148195267,valid=1,read_failures=0"
dengfoc,"SYNC_TRUTH,sequence=340795,truth_tick_us=682490589,mechanical_angle_rad=6.148195267,valid=1,read_failures=0"
dengfoc,"SYNC_TRUTH,sequence=340796,truth_tick_us=682492593,mechanical_angle_rad=6.148195267,valid=1,read_failures=0"
dengfoc,"SYNC_TRUTH,sequence=340797,truth_tick_us=682494589,mechanical_angle_rad=6.148195267,valid=1,read_failures=0"
dengfoc,"SYNC_TRUTH,sequence=340798,truth_tick_us=682496593,mechanical_angle_rad=6.148195267,valid=1,read_failures=0"
dengfoc,"SYNC_TRUTH,sequence=340799,truth_tick_us=682498589,mechanical_angle_rad=6.148195267,valid=1,read_failures=0"
dengfoc,"SYNC_TRUTH,sequence=340800,truth_tick_us=682500593,mechanical_angle_rad=6.148195267,valid=1,read_failures=0"
dengfoc,"SYNC_TRUTH,sequence=340801,truth_tick_us=682502589,mechanical_angle_rad=6.148195267,valid=1,read_failures=0"
dengfoc,"SYNC_TRUTH,sequence=340802,truth_tick_us=682504593,mechanical_angle_rad=6.148195267,valid=1,read_failures=0"
dengfoc,"SYNC_TRUTH,sequence=340803,truth_tick_us=682506589,mechanical_angle_rad=6.148195267,valid=1,read_failures=0"
g431,"FTR,13680,3,0,394,-394,0,456,0,455,22,3965,503,781,219,12223,0,0,0,0,0,29534,0,0,0,0,0,0,0,0,0,0"
dengfoc,"SYNC_TRUTH,sequence=340804,truth_tick_us=682508593,mechanical_angle_rad=6.148195267,valid=1,read_failures=0"
dengfoc,"SYNC_TRUTH,sequence=340805,truth_tick_us=682510589,mechanical_angle_rad=6.148195267,valid=1,read_failures=0"
dengfoc,"SYNC_TRUTH,sequence=340806,truth_tick_us=682512593,mechanical_angle_rad=6.148195267,valid=1,read_failures=0"
dengfoc,"SYNC_TRUTH,sequence=340807,truth_tick_us=682514589,mechanical_angle_rad=6.148195267,valid=1,read_failures=0"
dengfoc,"SYNC_TRUTH,sequence=340808,truth_tick_us=682516593,mechanical_angle_rad=6.148195267,valid=1,read_failures=0"
dengfoc,"SYNC_TRUTH,sequence=340809,truth_tick_us=682518589,mechanical_angle_rad=6.148195267,valid=1,read_failures=0"
dengfoc,"SYNC_TRUTH,sequence=340810,truth_tick_us=682520593,mechanical_angle_rad=6.148195267,valid=1,read_failures=0"
dengfoc,"SYNC_TRUTH,sequence=340811,truth_tick_us=682522589,mechanical_angle_rad=6.148195267,valid=1,read_failures=0"
dengfoc,"SYNC_TRUTH,sequence=340812,truth_tick_us=682524593,mechanical_angle_rad=6.148195267,valid=1,read_failures=0"
dengfoc,"SYNC_TRUTH,sequence=340813,truth_tick_us=682526589,mechanical_angle_rad=6.148195267,valid=1,read_failures=0"
g431,"FTR,13920,3,0,402,-402,0,464,0,464,3,4000,500,784,216,12210,0,0,0,0,0,29534,0,0,0,0,0,0,0,0,0,0"
dengfoc,"SYNC_TRUTH,sequence=340814,truth_tick_us=682528593,mechanical_angle_rad=6.148195267,valid=1,read_failures=0"
dengfoc,"SYNC_TRUTH,sequence=340815,truth_tick_us=682530589,mechanical_angle_rad=6.148195267,valid=1,read_failures=0"
dengfoc,"SYNC_TRUTH,sequence=340816,truth_tick_us=682532593,mechanical_angle_rad=6.148195267,valid=1,read_failures=0"
dengfoc,"SYNC_TRUTH,sequence=340817,truth_tick_us=682534589,mechanical_angle_rad=6.148195267,valid=1,read_failures=0"
dengfoc,"SYNC_TRUTH,sequence=340818,truth_tick_us=682536593,mechanical_angle_rad=6.148195267,valid=1,read_failures=0"
dengfoc,"SYNC_TRUTH,sequence=340819,truth_tick_us=682538589,mechanical_angle_rad=6.148195267,valid=1,read_failures=0"
dengfoc,"SYNC_TRUTH,sequence=340820,truth_tick_us=682540593,mechanical_angle_rad=6.148195267,valid=1,read_failures=0"
dengfoc,"SYNC_TRUTH,sequence=340821,truth_tick_us=682542589,mechanical_angle_rad=6.148195267,valid=1,read_failures=0"
dengfoc,"SYNC_TRUTH,sequence=340822,truth_tick_us=682544593,mechanical_angle_rad=6.148195267,valid=1,read_failures=0"
g431,"FTR,14160,3,5,409,-413,0,472,5,475,-27,4057,497,787,213,12223,0,0,0,0,0,29534,0,0,0,0,0,0,0,0,0,0"
dengfoc,"SYNC_TRUTH,sequence=340823,truth_tick_us=682546589,mechanical_angle_rad=6.148195267,valid=1,read_failures=0"
dengfoc,"SYNC_TRUTH,sequence=340824,truth_tick_us=682548593,mechanical_angle_rad=6.148195267,valid=1,read_failures=0"
dengfoc,"SYNC_TRUTH,sequence=340825,truth_tick_us=682550589,mechanical_angle_rad=6.148195267,valid=1,read_failures=0"
dengfoc,"SYNC_TRUTH,sequence=340826,truth_tick_us=682552593,mechanical_angle_rad=6.148195267,valid=1,read_failures=0"
dengfoc,"SYNC_TRUTH,sequence=340827,truth_tick_us=682554589,mechanical_angle_rad=6.148195267,valid=1,read_failures=0"
dengfoc,"SYNC_TRUTH,sequence=340828,truth_tick_us=682556593,mechanical_angle_rad=6.148195267,valid=1,read_failures=0"
dengfoc,"SYNC_TRUTH,sequence=340829,truth_tick_us=682558589,mechanical_angle_rad=6.148195267,valid=1,read_failures=0"
dengfoc,"SYNC_TRUTH,sequence=340830,truth_tick_us=682560593,mechanical_angle_rad=6.148195267,valid=1,read_failures=0"
dengfoc,"SYNC_TRUTH,sequence=340831,truth_tick_us=682562589,mechanical_angle_rad=6.148195267,valid=1,read_failures=0"
dengfoc,"SYNC_TRUTH,sequence=340832,truth_tick_us=682564593,mechanical_angle_rad=6.148195267,valid=1,read_failures=0"
g431,"FTR,14400,3,2,418,-420,0,480,2,484,-9,4102,499,791,209,12198,0,0,0,0,0,29534,0,0,0,0,0,0,0,0,0,0"
dengfoc,"SYNC_TRUTH,sequence=340833,truth_tick_us=682566589,mechanical_angle_rad=6.148195267,valid=1,read_failures=0"
dengfoc,"SYNC_TRUTH,sequence=340834,truth_tick_us=682568593,mechanical_angle_rad=6.148195267,valid=1,read_failures=0"
dengfoc,"SYNC_TRUTH,sequence=340835,truth_tick_us=682570589,mechanical_angle_rad=6.148195267,valid=1,read_failures=0"
dengfoc,"SYNC_TRUTH,sequence=340836,truth_tick_us=682572593,mechanical_angle_rad=6.148195267,valid=1,read_failures=0"
dengfoc,"SYNC_TRUTH,sequence=340837,truth_tick_us=682574589,mechanical_angle_rad=6.148195267,valid=1,read_failures=0"
dengfoc,"SYNC_TRUTH,sequence=340838,truth_tick_us=682576593,mechanical_angle_rad=6.148195267,valid=1,read_failures=0"
dengfoc,"SYNC_TRUTH,sequence=340839,truth_tick_us=682578589,mechanical_angle_rad=6.148195267,valid=1,read_failures=0"
dengfoc,"SYNC_TRUTH,sequence=340840,truth_tick_us=682580593,mechanical_angle_rad=6.148195267,valid=1,read_failures=0"
dengfoc,"SYNC_TRUTH,sequence=340841,truth_tick_us=682582589,mechanical_angle_rad=6.148195267,valid=1,read_failures=0"
dengfoc,"SYNC_TRUTH,sequence=340842,truth_tick_us=682584593,mechanical_angle_rad=6.148195267,valid=1,read_failures=0"
g431,"FTR,14640,3,3,423,-426,0,488,3,490,-35,4183,496,796,204,12223,0,0,0,0,0,29534,0,0,0,0,0,0,0,0,0,0"
dengfoc,"SYNC_TRUTH,sequence=340843,truth_tick_us=682586589,mechanical_angle_rad=6.148195267,valid=1,read_failures=0"
dengfoc,"SYNC_TRUTH,sequence=340844,truth_tick_us=682588593,mechanical_angle_rad=6.148195267,valid=1,read_failures=0"
dengfoc,"SYNC_TRUTH,sequence=340845,truth_tick_us=682590589,mechanical_angle_rad=6.148195267,valid=1,read_failures=0"
dengfoc,"SYNC_TRUTH,sequence=340846,truth_tick_us=682592593,mechanical_angle_rad=6.148195267,valid=1,read_failures=0"
dengfoc,"SYNC_TRUTH,sequence=340847,truth_tick_us=682594589,mechanical_angle_rad=6.148195267,valid=1,read_failures=0"
dengfoc,"SYNC_TRUTH,sequence=340848,truth_tick_us=682596593,mechanical_angle_rad=6.148195267,valid=1,read_failures=0"
dengfoc,"SYNC_TRUTH,sequence=340849,truth_tick_us=682598589,mechanical_angle_rad=6.148195267,valid=1,read_failures=0"
dengfoc,"SYNC_TRUTH,sequence=340850,truth_tick_us=682600593,mechanical_angle_rad=6.148195267,valid=1,read_failures=0"
dengfoc,"SYNC_TRUTH,sequence=340851,truth_tick_us=682602589,mechanical_angle_rad=6.148195267,valid=1,read_failures=0"
dengfoc,"SYNC_TRUTH,sequence=340852,truth_tick_us=682604593,mechanical_angle_rad=6.148195267,valid=1,read_failures=0"
g431,"FTR,14880,3,-5,431,-426,0,496,-5,495,55,4303,507,805,195,12210,0,0,0,0,0,29534,0,0,0,0,0,0,0,0,0,0"
dengfoc,"SYNC_TRUTH,sequence=340853,truth_tick_us=682606589,mechanical_angle_rad=6.148195267,valid=1,read_failures=0"
dengfoc,"SYNC_TRUTH,sequence=340854,truth_tick_us=682608593,mechanical_angle_rad=6.148195267,valid=1,read_failures=0"
dengfoc,"SYNC_TRUTH,sequence=340855,truth_tick_us=682610589,mechanical_angle_rad=6.148195267,valid=1,read_failures=0"
dengfoc,"SYNC_TRUTH,sequence=340856,truth_tick_us=682612593,mechanical_angle_rad=6.148195267,valid=1,read_failures=0"
dengfoc,"SYNC_TRUTH,sequence=340857,truth_tick_us=682614589,mechanical_angle_rad=6.148195267,valid=1,read_failures=0"
dengfoc,"SYNC_TRUTH,sequence=340858,truth_tick_us=682616593,mechanical_angle_rad=6.148195267,valid=1,read_failures=0"
dengfoc,"SYNC_TRUTH,sequence=340859,truth_tick_us=682618589,mechanical_angle_rad=6.148195267,valid=1,read_failures=0"
dengfoc,"SYNC_TRUTH,sequence=340860,truth_tick_us=682620593,mechanical_angle_rad=6.148195267,valid=1,read_failures=0"
dengfoc,"SYNC_TRUTH,sequence=340861,truth_tick_us=682622589,mechanical_angle_rad=6.148195267,valid=1,read_failures=0"
dengfoc,"SYNC_TRUTH,sequence=340862,truth_tick_us=682624593,mechanical_angle_rad=6.148195267,valid=1,read_failures=0"
g431,"FTR,15120,3,-2,436,-434,0,504,-2,502,32,4365,504,810,190,12210,0,0,0,0,0,29534,0,0,0,0,0,0,0,0,0,0"
dengfoc,"SYNC_TRUTH,sequence=340863,truth_tick_us=682626589,mechanical_angle_rad=6.148195267,valid=1,read_failures=0"
dengfoc,"SYNC_TRUTH,sequence=340864,truth_tick_us=682628593,mechanical_angle_rad=6.148195267,valid=1,read_failures=0"
dengfoc,"SYNC_TRUTH,sequence=340865,truth_tick_us=682630589,mechanical_angle_rad=6.148195267,valid=1,read_failures=0"
dengfoc,"SYNC_TRUTH,sequence=340866,truth_tick_us=682632593,mechanical_angle_rad=6.148195267,valid=1,read_failures=0"
dengfoc,"SYNC_TRUTH,sequence=340867,truth_tick_us=682634589,mechanical_angle_rad=6.148195267,valid=1,read_failures=0"
dengfoc,"SYNC_TRUTH,sequence=340868,truth_tick_us=682636593,mechanical_angle_rad=6.148195267,valid=1,read_failures=0"
dengfoc,"SYNC_TRUTH,sequence=340869,truth_tick_us=682638589,mechanical_angle_rad=6.148195267,valid=1,read_failures=0"
dengfoc,"SYNC_TRUTH,sequence=340870,truth_tick_us=682640593,mechanical_angle_rad=6.148195267,valid=1,read_failures=0"
dengfoc,"SYNC_TRUTH,sequence=340871,truth_tick_us=682642589,mechanical_angle_rad=6.148195267,valid=1,read_failures=0"
dengfoc,"SYNC_TRUTH,sequence=340872,truth_tick_us=682644593,mechanical_angle_rad=6.148195267,valid=1,read_failures=0"
g431,"FTR,15360,3,3,445,-448,0,512,3,516,7,4401,501,812,188,12210,0,0,0,0,0,29534,0,0,0,0,0,0,0,0,0,0"
dengfoc,"SYNC_TRUTH,sequence=340873,truth_tick_us=682646589,mechanical_angle_rad=6.148195267,valid=1,read_failures=0"
dengfoc,"SYNC_TRUTH,sequence=340874,truth_tick_us=682648593,mechanical_angle_rad=6.148195267,valid=1,read_failures=0"
dengfoc,"SYNC_TRUTH,sequence=340875,truth_tick_us=682650589,mechanical_angle_rad=6.146661282,valid=1,read_failures=0"
dengfoc,"SYNC_TRUTH,sequence=340876,truth_tick_us=682652593,mechanical_angle_rad=6.148195267,valid=1,read_failures=0"
dengfoc,"SYNC_TRUTH,sequence=340877,truth_tick_us=682654589,mechanical_angle_rad=6.148195267,valid=1,read_failures=0"
dengfoc,"SYNC_TRUTH,sequence=340878,truth_tick_us=682656593,mechanical_angle_rad=6.148195267,valid=1,read_failures=0"
dengfoc,"SYNC_TRUTH,sequence=340879,truth_tick_us=682658589,mechanical_angle_rad=6.148195267,valid=1,read_failures=0"
dengfoc,"SYNC_TRUTH,sequence=340880,truth_tick_us=682660593,mechanical_angle_rad=6.146661282,valid=1,read_failures=0"
dengfoc,"SYNC_TRUTH,sequence=340881,truth_tick_us=682662589,mechanical_angle_rad=6.148195267,valid=1,read_failures=0"
dengfoc,"SYNC_TRUTH,sequence=340882,truth_tick_us=682664593,mechanical_angle_rad=6.148195267,valid=1,read_failures=0"
g431,"FTR,15600,3,-2,448,-447,0,520,-2,517,32,4540,504,822,178,12210,0,0,0,0,0,29534,0,0,0,0,0,0,0,0,0,0"
dengfoc,"SYNC_TRUTH,sequence=340883,truth_tick_us=682666589,mechanical_angle_rad=6.148195267,valid=1,read_failures=0"
dengfoc,"SYNC_TRUTH,sequence=340884,truth_tick_us=682668593,mechanical_angle_rad=6.146661282,valid=1,read_failures=0"
dengfoc,"SYNC_TRUTH,sequence=340885,truth_tick_us=682670589,mechanical_angle_rad=6.148195267,valid=1,read_failures=0"
dengfoc,"SYNC_TRUTH,sequence=340886,truth_tick_us=682672593,mechanical_angle_rad=6.148195267,valid=1,read_failures=0"
dengfoc,"SYNC_TRUTH,sequence=340887,truth_tick_us=682674589,mechanical_angle_rad=6.146661282,valid=1,read_failures=0"
dengfoc,"SYNC_TRUTH,sequence=340888,truth_tick_us=682676593,mechanical_angle_rad=6.146661282,valid=1,read_failures=0"
dengfoc,"SYNC_TRUTH,sequence=340889,truth_tick_us=682678589,mechanical_angle_rad=6.148195267,valid=1,read_failures=0"
dengfoc,"SYNC_TRUTH,sequence=340890,truth_tick_us=682680593,mechanical_angle_rad=6.146661282,valid=1,read_failures=0"
dengfoc,"SYNC_STATUS,frames=3,frame_fail=1,truth=340890,truth_fail=0,idle=0,capture_state=1,capture_failure=0,rejected=0,overflow=0,recovered=1,sync_level=0,driver_disabled=1"
dengfoc,"SYNC_TRUTH,sequence=340891,truth_tick_us=682683589,mechanical_angle_rad=6.146661282,valid=1,read_failures=0"
dengfoc,"SYNC_TRUTH,sequence=340892,truth_tick_us=682685593,mechanical_angle_rad=6.146661282,valid=1,read_failures=0"
g431,"FTR,15840,3,3,456,-460,0,528,3,529,-3,4559,500,824,176,12198,0,0,0,0,0,29534,0,0,0,0,0,0,0,0,0,0"
dengfoc,"SYNC_TRUTH,sequence=340893,truth_tick_us=682687589,mechanical_angle_rad=6.148195267,valid=1,read_failures=0"
dengfoc,"SYNC_TRUTH,sequence=340894,truth_tick_us=682689593,mechanical_angle_rad=6.146661282,valid=1,read_failures=0"
dengfoc,"SYNC_TRUTH,sequence=340895,truth_tick_us=682691589,mechanical_angle_rad=6.146661282,valid=1,read_failures=0"
dengfoc,"SYNC_TRUTH,sequence=340896,truth_tick_us=682693593,mechanical_angle_rad=6.146661282,valid=1,read_failures=0"
dengfoc,"SYNC_TRUTH,sequence=340897,truth_tick_us=682695589,mechanical_angle_rad=6.146661282,valid=1,read_failures=0"
dengfoc,"SYNC_TRUTH,sequence=340898,truth_tick_us=682697593,mechanical_angle_rad=6.148195267,valid=1,read_failures=0"
dengfoc,"SYNC_TRUTH,sequence=340899,truth_tick_us=682699589,mechanical_angle_rad=6.146661282,valid=1,read_failures=0"
dengfoc,"SYNC_TRUTH,sequence=340900,truth_tick_us=682701593,mechanical_angle_rad=6.146661282,valid=1,read_failures=0"
dengfoc,"SYNC_TRUTH,sequence=340901,truth_tick_us=682703589,mechanical_angle_rad=6.146661282,valid=1,read_failures=0"
g431,"FTR,16080,3,0,464,-464,0,536,0,536,19,4642,502,830,170,12198,0,0,0,0,0,29534,0,0,0,0,0,0,0,0,0,0"
dengfoc,"SYNC_TRUTH,sequence=340902,truth_tick_us=682705593,mechanical_angle_rad=6.146661282,valid=1,read_failures=0"
dengfoc,"SYNC_TRUTH,sequence=340903,truth_tick_us=682707589,mechanical_angle_rad=6.146661282,valid=1,read_failures=0"
dengfoc,"SYNC_TRUTH,sequence=340904,truth_tick_us=682709593,mechanical_angle_rad=6.146661282,valid=1,read_failures=0"
dengfoc,"SYNC_TRUTH,sequence=340905,truth_tick_us=682711589,mechanical_angle_rad=6.146661282,valid=1,read_failures=0"
dengfoc,"SYNC_TRUTH,sequence=340906,truth_tick_us=682713593,mechanical_angle_rad=6.146661282,valid=1,read_failures=0"
dengfoc,"SYNC_TRUTH,sequence=340907,truth_tick_us=682715589,mechanical_angle_rad=6.146661282,valid=1,read_failures=0"
dengfoc,"SYNC_TRUTH,sequence=340908,truth_tick_us=682717593,mechanical_angle_rad=6.146661282,valid=1,read_failures=0"
dengfoc,"SYNC_TRUTH,sequence=340909,truth_tick_us=682719589,mechanical_angle_rad=6.146661282,valid=1,read_failures=0"
dengfoc,"SYNC_TRUTH,sequence=340910,truth_tick_us=682721593,mechanical_angle_rad=6.146661282,valid=1,read_failures=0"
dengfoc,"SYNC_TRUTH,sequence=340911,truth_tick_us=682723589,mechanical_angle_rad=6.146661282,valid=1,read_failures=0"
g431,"FTR,16320,3,-2,469,-468,0,544,-2,541,31,4727,504,836,164,12198,0,0,0,0,0,29534,0,0,0,0,0,0,0,0,0,0"
dengfoc,"SYNC_TRUTH,sequence=340912,truth_tick_us=682725593,mechanical_angle_rad=6.146661282,valid=1,read_failures=0"
dengfoc,"SYNC_TRUTH,sequence=340913,truth_tick_us=682727589,mechanical_angle_rad=6.146661282,valid=1,read_failures=0"
dengfoc,"SYNC_TRUTH,sequence=340914,truth_tick_us=682729593,mechanical_angle_rad=6.146661282,valid=1,read_failures=0"
dengfoc,"SYNC_TRUTH,sequence=340915,truth_tick_us=682731589,mechanical_angle_rad=6.146661282,valid=1,read_failures=0"
dengfoc,"SYNC_TRUTH,sequence=340916,truth_tick_us=682733593,mechanical_angle_rad=6.146661282,valid=1,read_failures=0"
dengfoc,"SYNC_TRUTH,sequence=340917,truth_tick_us=682735589,mechanical_angle_rad=6.146661282,valid=1,read_failures=0"
dengfoc,"SYNC_TRUTH,sequence=340918,truth_tick_us=682737593,mechanical_angle_rad=6.146661282,valid=1,read_failures=0"
dengfoc,"SYNC_TRUTH,sequence=340919,truth_tick_us=682739589,mechanical_angle_rad=6.146661282,valid=1,read_failures=0"
dengfoc,"SYNC_TRUTH,sequence=340920,truth_tick_us=682741593,mechanical_angle_rad=6.146661282,valid=1,read_failures=0"
dengfoc,"SYNC_TRUTH,sequence=340921,truth_tick_us=682743589,mechanical_angle_rad=6.146661282,valid=1,read_failures=0"
g431,"FTR,16560,3,2,479,-480,0,552,2,554,17,4768,502,839,161,12198,0,0,0,0,0,29534,0,0,0,0,0,0,0,0,0,0"
dengfoc,"SYNC_TRUTH,sequence=340922,truth_tick_us=682745593,mechanical_angle_rad=6.146661282,valid=1,read_failures=0"
dengfoc,"SYNC_TRUTH,sequence=340923,truth_tick_us=682747589,mechanical_angle_rad=6.146661282,valid=1,read_failures=0"
dengfoc,"SYNC_TRUTH,sequence=340924,truth_tick_us=682749593,mechanical_angle_rad=6.146661282,valid=1,read_failures=0"
dengfoc,"SYNC_TRUTH,sequence=340925,truth_tick_us=682751589,mechanical_angle_rad=6.146661282,valid=1,read_failures=0"
dengfoc,"SYNC_TRUTH,sequence=340926,truth_tick_us=682753593,mechanical_angle_rad=6.146661282,valid=1,read_failures=0"
dengfoc,"SYNC_TRUTH,sequence=340927,truth_tick_us=682755589,mechanical_angle_rad=6.146661282,valid=1,read_failures=0"
dengfoc,"SYNC_TRUTH,sequence=340928,truth_tick_us=682757593,mechanical_angle_rad=6.146661282,valid=1,read_failures=0"
dengfoc,"SYNC_TRUTH,sequence=340929,truth_tick_us=682759589,mechanical_angle_rad=6.146661282,valid=1,read_failures=0"
dengfoc,"SYNC_TRUTH,sequence=340930,truth_tick_us=682761593,mechanical_angle_rad=6.146661282,valid=1,read_failures=0"
dengfoc,"SYNC_TRUTH,sequence=340931,truth_tick_us=682763589,mechanical_angle_rad=6.146661282,valid=1,read_failures=0"
g431,"FTR,16800,3,-5,482,-477,0,560,-5,554,53,4883,507,847,153,12185,0,0,0,0,0,29534,0,0,0,0,0,0,0,0,0,0"
dengfoc,"SYNC_TRUTH,sequence=340932,truth_tick_us=682765593,mechanical_angle_rad=6.146661282,valid=1,read_failures=0"
dengfoc,"SYNC_TRUTH,sequence=340933,truth_tick_us=682767589,mechanical_angle_rad=6.146661282,valid=1,read_failures=0"
dengfoc,"SYNC_TRUTH,sequence=340934,truth_tick_us=682769593,mechanical_angle_rad=6.146661282,valid=1,read_failures=0"
dengfoc,"SYNC_TRUTH,sequence=340935,truth_tick_us=682771589,mechanical_angle_rad=6.146661282,valid=1,read_failures=0"
dengfoc,"SYNC_TRUTH,sequence=340936,truth_tick_us=682773593,mechanical_angle_rad=6.146661282,valid=1,read_failures=0"
dengfoc,"SYNC_TRUTH,sequence=340937,truth_tick_us=682775589,mechanical_angle_rad=6.146661282,valid=1,read_failures=0"
dengfoc,"SYNC_TRUTH,sequence=340938,truth_tick_us=682777593,mechanical_angle_rad=6.146661282,valid=1,read_failures=0"
dengfoc,"SYNC_TRUTH,sequence=340939,truth_tick_us=682779589,mechanical_angle_rad=6.146661282,valid=1,read_failures=0"
dengfoc,"SYNC_TRUTH,sequence=340940,truth_tick_us=682781593,mechanical_angle_rad=6.146661282,valid=1,read_failures=0"
dengfoc,"SYNC_TRUTH,sequence=340941,truth_tick_us=682783589,mechanical_angle_rad=6.146661282,valid=1,read_failures=0"
g431,"FTR,17040,3,-2,492,-490,0,568,-2,567,30,4909,504,849,151,12185,0,0,0,0,0,29534,0,0,0,0,0,0,0,0,0,0"
dengfoc,"SYNC_TRUTH,sequence=340942,truth_tick_us=682785593,mechanical_angle_rad=6.146661282,valid=1,read_failures=0"
dengfoc,"SYNC_TRUTH,sequence=340943,truth_tick_us=682787589,mechanical_angle_rad=6.146661282,valid=1,read_failures=0"
dengfoc,"SYNC_TRUTH,sequence=340944,truth_tick_us=682789593,mechanical_angle_rad=6.146661282,valid=1,read_failures=0"
dengfoc,"SYNC_TRUTH,sequence=340945,truth_tick_us=682791589,mechanical_angle_rad=6.146661282,valid=1,read_failures=0"
dengfoc,"SYNC_TRUTH,sequence=340946,truth_tick_us=682793593,mechanical_angle_rad=6.146661282,valid=1,read_failures=0"
dengfoc,"SYNC_TRUTH,sequence=340947,truth_tick_us=682795589,mechanical_angle_rad=6.146661282,valid=1,read_failures=0"
dengfoc,"SYNC_TRUTH,sequence=340948,truth_tick_us=682797593,mechanical_angle_rad=6.146661282,valid=1,read_failures=0"
dengfoc,"SYNC_TRUTH,sequence=340949,truth_tick_us=682799589,mechanical_angle_rad=6.146661282,valid=1,read_failures=0"
dengfoc,"SYNC_TRUTH,sequence=340950,truth_tick_us=682801593,mechanical_angle_rad=6.146661282,valid=1,read_failures=0"
dengfoc,"SYNC_TRUTH,sequence=340951,truth_tick_us=682803589,mechanical_angle_rad=6.146661282,valid=1,read_failures=0"
g431,"FTR,17280,3,-2,496,-495,0,576,-2,572,25,5000,503,855,145,12198,0,0,0,0,0,29534,0,0,0,0,0,0,0,0,0,0"
dengfoc,"SYNC_TRUTH,sequence=340952,truth_tick_us=682805593,mechanical_angle_rad=6.146661282,valid=1,read_failures=0"
dengfoc,"SYNC_TRUTH,sequence=340953,truth_tick_us=682807589,mechanical_angle_rad=6.146661282,valid=1,read_failures=0"
dengfoc,"SYNC_TRUTH,sequence=340954,truth_tick_us=682809593,mechanical_angle_rad=6.146661282,valid=1,read_failures=0"
dengfoc,"SYNC_TRUTH,sequence=340955,truth_tick_us=682811589,mechanical_angle_rad=6.146661282,valid=1,read_failures=0"
dengfoc,"SYNC_TRUTH,sequence=340956,truth_tick_us=682813593,mechanical_angle_rad=6.146661282,valid=1,read_failures=0"
dengfoc,"SYNC_TRUTH,sequence=340957,truth_tick_us=682815589,mechanical_angle_rad=6.146661282,valid=1,read_failures=0"
dengfoc,"SYNC_TRUTH,sequence=340958,truth_tick_us=682817593,mechanical_angle_rad=6.146661282,valid=1,read_failures=0"
dengfoc,"SYNC_TRUTH,sequence=340959,truth_tick_us=682819589,mechanical_angle_rad=6.146661282,valid=1,read_failures=0"
dengfoc,"SYNC_TRUTH,sequence=340960,truth_tick_us=682821593,mechanical_angle_rad=6.146661282,valid=1,read_failures=0"
dengfoc,"SYNC_TRUTH,sequence=340961,truth_tick_us=682823589,mechanical_angle_rad=6.146661282,valid=1,read_failures=0"
g431,"FTR,17520,3,-2,504,-503,0,584,-2,581,48,5075,506,860,140,12198,0,0,0,0,0,29534,0,0,0,0,0,0,0,0,0,0"
dengfoc,"SYNC_TRUTH,sequence=340962,truth_tick_us=682825593,mechanical_angle_rad=6.146661282,valid=1,read_failures=0"
dengfoc,"SYNC_TRUTH,sequence=340963,truth_tick_us=682827589,mechanical_angle_rad=6.146661282,valid=1,read_failures=0"
dengfoc,"SYNC_TRUTH,sequence=340964,truth_tick_us=682829593,mechanical_angle_rad=6.146661282,valid=1,read_failures=0"
dengfoc,"SYNC_TRUTH,sequence=340965,truth_tick_us=682831589,mechanical_angle_rad=6.146661282,valid=1,read_failures=0"
dengfoc,"SYNC_TRUTH,sequence=340966,truth_tick_us=682833593,mechanical_angle_rad=6.146661282,valid=1,read_failures=0"
dengfoc,"SYNC_TRUTH,sequence=340967,truth_tick_us=682835589,mechanical_angle_rad=6.146661282,valid=1,read_failures=0"
dengfoc,"SYNC_TRUTH,sequence=340968,truth_tick_us=682837593,mechanical_angle_rad=6.146661282,valid=1,read_failures=0"
dengfoc,"SYNC_TRUTH,sequence=340969,truth_tick_us=682839589,mechanical_angle_rad=6.146661282,valid=1,read_failures=0"
dengfoc,"SYNC_TRUTH,sequence=340970,truth_tick_us=682841593,mechanical_angle_rad=6.146661282,valid=1,read_failures=0"
dengfoc,"SYNC_TRUTH,sequence=340971,truth_tick_us=682843589,mechanical_angle_rad=6.146661282,valid=1,read_failures=0"
g431,"FTR,17760,3,-2,512,-511,0,592,-2,591,34,5142,504,865,135,12185,0,0,0,0,0,29534,0,0,0,0,0,0,0,0,0,0"
dengfoc,"SYNC_TRUTH,sequence=340972,truth_tick_us=682845593,mechanical_angle_rad=6.146661282,valid=1,read_failures=0"
dengfoc,"SYNC_TRUTH,sequence=340973,truth_tick_us=682847589,mechanical_angle_rad=6.146661282,valid=1,read_failures=0"
dengfoc,"SYNC_TRUTH,sequence=340974,truth_tick_us=682849593,mechanical_angle_rad=6.146661282,valid=1,read_failures=0"
dengfoc,"SYNC_TRUTH,sequence=340975,truth_tick_us=682851589,mechanical_angle_rad=6.146661282,valid=1,read_failures=0"
dengfoc,"SYNC_TRUTH,sequence=340976,truth_tick_us=682853593,mechanical_angle_rad=6.146661282,valid=1,read_failures=0"
dengfoc,"SYNC_TRUTH,sequence=340977,truth_tick_us=682855589,mechanical_angle_rad=6.146661282,valid=1,read_failures=0"
dengfoc,"SYNC_TRUTH,sequence=340978,truth_tick_us=682857593,mechanical_angle_rad=6.146661282,valid=1,read_failures=0"
dengfoc,"SYNC_TRUTH,sequence=340979,truth_tick_us=682859589,mechanical_angle_rad=6.146661282,valid=1,read_failures=0"
dengfoc,"SYNC_TRUTH,sequence=340980,truth_tick_us=682861593,mechanical_angle_rad=6.146661282,valid=1,read_failures=0"
dengfoc,"SYNC_TRUTH,sequence=340981,truth_tick_us=682863589,mechanical_angle_rad=6.146661282,valid=1,read_failures=0"
g431,"FTR,18000,3,0,520,-520,0,600,0,601,17,5179,502,868,132,12185,0,0,0,0,0,29534,0,0,0,0,0,0,0,0,0,0"
dengfoc,"SYNC_TRUTH,sequence=340982,truth_tick_us=682865593,mechanical_angle_rad=6.146661282,valid=1,read_failures=0"
dengfoc,"SYNC_TRUTH,sequence=340983,truth_tick_us=682867589,mechanical_angle_rad=6.146661282,valid=1,read_failures=0"
dengfoc,"SYNC_TRUTH,sequence=340984,truth_tick_us=682869593,mechanical_angle_rad=6.146661282,valid=1,read_failures=0"
dengfoc,"SYNC_TRUTH,sequence=340985,truth_tick_us=682871589,mechanical_angle_rad=6.146661282,valid=1,read_failures=0"
dengfoc,"SYNC_TRUTH,sequence=340986,truth_tick_us=682873597,mechanical_angle_rad=6.146661282,valid=1,read_failures=0"
dengfoc,"SYNC_TRUTH,sequence=340987,truth_tick_us=682875589,mechanical_angle_rad=6.146661282,valid=1,read_failures=0"
dengfoc,"SYNC_ANCHOR_RX,session=2026100505,edge_sequence=5003,edge_tag=903,truth_tick_us=682867732,source=2,flags=0x00000003"
dengfoc,"SYNC_TRUTH,sequence=340988,truth_tick_us=682878601,mechanical_angle_rad=6.146661282,valid=1,read_failures=0"
dengfoc,"SYNC_TRUTH,sequence=340989,truth_tick_us=682880589,mechanical_angle_rad=6.146661282,valid=1,read_failures=0"
dengfoc,"SYNC_TRUTH,sequence=340990,truth_tick_us=682882593,mechanical_angle_rad=6.146661282,valid=1,read_failures=0"
dengfoc,"SYNC_TRUTH,sequence=340991,truth_tick_us=682884589,mechanical_angle_rad=6.146661282,valid=1,read_failures=0"
g431,"FTR,18240,3,0,527,-527,0,608,0,608,17,5253,502,873,127,12185,0,0,0,0,0,29534,0,0,0,0,0,0,0,0,0,0"
dengfoc,"SYNC_TRUTH,sequence=340992,truth_tick_us=682886593,mechanical_angle_rad=6.146661282,valid=1,read_failures=0"
dengfoc,"SYNC_TRUTH,sequence=340993,truth_tick_us=682888589,mechanical_angle_rad=6.146661282,valid=1,read_failures=0"
dengfoc,"SYNC_TRUTH,sequence=340994,truth_tick_us=682890593,mechanical_angle_rad=6.146661282,valid=1,read_failures=0"
dengfoc,"SYNC_TRUTH,sequence=340995,truth_tick_us=682892589,mechanical_angle_rad=6.146661282,valid=1,read_failures=0"
dengfoc,"SYNC_TRUTH,sequence=340996,truth_tick_us=682894593,mechanical_angle_rad=6.146661282,valid=1,read_failures=0"
dengfoc,"SYNC_TRUTH,sequence=340997,truth_tick_us=682896589,mechanical_angle_rad=6.146661282,valid=1,read_failures=0"
dengfoc,"SYNC_TRUTH,sequence=340998,truth_tick_us=682898593,mechanical_angle_rad=6.146661282,valid=1,read_failures=0"
dengfoc,"SYNC_TRUTH,sequence=340999,truth_tick_us=682900589,mechanical_angle_rad=6.146661282,valid=1,read_failures=0"
dengfoc,"SYNC_TRUTH,sequence=341000,truth_tick_us=682902593,mechanical_angle_rad=6.146661282,valid=1,read_failures=0"
dengfoc,"SYNC_TRUTH,sequence=341001,truth_tick_us=682904589,mechanical_angle_rad=6.146661282,valid=1,read_failures=0"
g431,"FTR,18480,3,3,533,-536,0,616,3,617,-6,5324,499,879,121,12172,0,0,0,0,0,29534,0,0,0,0,0,0,0,0,0,0"
dengfoc,"SYNC_TRUTH,sequence=341002,truth_tick_us=682906593,mechanical_angle_rad=6.146661282,valid=1,read_failures=0"
dengfoc,"SYNC_TRUTH,sequence=341003,truth_tick_us=682908589,mechanical_angle_rad=6.146661282,valid=1,read_failures=0"
dengfoc,"SYNC_TRUTH,sequence=341004,truth_tick_us=682910593,mechanical_angle_rad=6.146661282,valid=1,read_failures=0"
dengfoc,"SYNC_TRUTH,sequence=341005,truth_tick_us=682912589,mechanical_angle_rad=6.146661282,valid=1,read_failures=0"
dengfoc,"SYNC_TRUTH,sequence=341006,truth_tick_us=682914593,mechanical_angle_rad=6.146661282,valid=1,read_failures=0"
dengfoc,"SYNC_TRUTH,sequence=341007,truth_tick_us=682916589,mechanical_angle_rad=6.146661282,valid=1,read_failures=0"
dengfoc,"SYNC_TRUTH,sequence=341008,truth_tick_us=682918593,mechanical_angle_rad=6.146661282,valid=1,read_failures=0"
dengfoc,"SYNC_TRUTH,sequence=341009,truth_tick_us=682920589,mechanical_angle_rad=6.146661282,valid=1,read_failures=0"
dengfoc,"SYNC_TRUTH,sequence=341010,truth_tick_us=682922593,mechanical_angle_rad=6.146661282,valid=1,read_failures=0"
dengfoc,"SYNC_TRUTH,sequence=341011,truth_tick_us=682924589,mechanical_angle_rad=6.146661282,valid=1,read_failures=0"
g431,"FTR,18720,3,-2,543,-541,0,624,-2,626,32,5380,504,883,117,12172,0,0,0,0,0,29534,0,0,0,0,0,0,0,0,0,0"
dengfoc,"SYNC_TRUTH,sequence=341012,truth_tick_us=682926593,mechanical_angle_rad=6.146661282,valid=1,read_failures=0"
dengfoc,"SYNC_TRUTH,sequence=341013,truth_tick_us=682928589,mechanical_angle_rad=6.146661282,valid=1,read_failures=0"
dengfoc,"SYNC_TRUTH,sequence=341014,truth_tick_us=682930593,mechanical_angle_rad=6.146661282,valid=1,read_failures=0"
dengfoc,"SYNC_TRUTH,sequence=341015,truth_tick_us=682932589,mechanical_angle_rad=6.146661282,valid=1,read_failures=0"
dengfoc,"SYNC_TRUTH,sequence=341016,truth_tick_us=682934593,mechanical_angle_rad=6.146661282,valid=1,read_failures=0"
dengfoc,"SYNC_TRUTH,sequence=341017,truth_tick_us=682936589,mechanical_angle_rad=6.146661282,valid=1,read_failures=0"
dengfoc,"SYNC_TRUTH,sequence=341018,truth_tick_us=682938593,mechanical_angle_rad=6.146661282,valid=1,read_failures=0"
dengfoc,"SYNC_TRUTH,sequence=341019,truth_tick_us=682940589,mechanical_angle_rad=6.146661282,valid=1,read_failures=0"
dengfoc,"SYNC_TRUTH,sequence=341020,truth_tick_us=682942593,mechanical_angle_rad=6.146661282,valid=1,read_failures=0"
dengfoc,"SYNC_TRUTH,sequence=341021,truth_tick_us=682944589,mechanical_angle_rad=6.146661282,valid=1,read_failures=0"
g431,"FTR,18960,3,0,549,-549,0,632,0,634,21,5454,503,889,111,12133,0,0,0,0,0,29534,0,0,0,0,0,0,0,0,0,0"
dengfoc,"SYNC_TRUTH,sequence=341022,truth_tick_us=682946593,mechanical_angle_rad=6.146661282,valid=1,read_failures=0"
dengfoc,"SYNC_TRUTH,sequence=341023,truth_tick_us=682948589,mechanical_angle_rad=6.146661282,valid=1,read_failures=0"
dengfoc,"SYNC_TRUTH,sequence=341024,truth_tick_us=682950593,mechanical_angle_rad=6.146661282,valid=1,read_failures=0"
dengfoc,"SYNC_TRUTH,sequence=341025,truth_tick_us=682952589,mechanical_angle_rad=6.146661282,valid=1,read_failures=0"
dengfoc,"SYNC_TRUTH,sequence=341026,truth_tick_us=682954593,mechanical_angle_rad=6.146661282,valid=1,read_failures=0"
dengfoc,"SYNC_TRUTH,sequence=341027,truth_tick_us=682956589,mechanical_angle_rad=6.146661282,valid=1,read_failures=0"
dengfoc,"SYNC_TRUTH,sequence=341028,truth_tick_us=682958593,mechanical_angle_rad=6.146661282,valid=1,read_failures=0"
dengfoc,"SYNC_TRUTH,sequence=341029,truth_tick_us=682960589,mechanical_angle_rad=6.146661282,valid=1,read_failures=0"
dengfoc,"SYNC_TRUTH,sequence=341030,truth_tick_us=682962593,mechanical_angle_rad=6.146661282,valid=1,read_failures=0"
g431,"FTR,19200,3,-3,555,-552,0,640,-3,640,67,5555,508,895,105,12185,0,0,0,0,0,29534,0,0,0,0,0,0,0,0,0,0"
dengfoc,"SYNC_TRUTH,sequence=341031,truth_tick_us=682964589,mechanical_angle_rad=6.146661282,valid=1,read_failures=0"
dengfoc,"SYNC_TRUTH,sequence=341032,truth_tick_us=682966593,mechanical_angle_rad=6.146661282,valid=1,read_failures=0"
dengfoc,"SYNC_TRUTH,sequence=341033,truth_tick_us=682968589,mechanical_angle_rad=6.146661282,valid=1,read_failures=0"
dengfoc,"SYNC_TRUTH,sequence=341034,truth_tick_us=682970593,mechanical_angle_rad=6.146661282,valid=1,read_failures=0"
dengfoc,"SYNC_TRUTH,sequence=341035,truth_tick_us=682972589,mechanical_angle_rad=6.145127296,valid=1,read_failures=0"
dengfoc,"SYNC_TRUTH,sequence=341036,truth_tick_us=682974593,mechanical_angle_rad=6.146661282,valid=1,read_failures=0"
dengfoc,"SYNC_TRUTH,sequence=341037,truth_tick_us=682976589,mechanical_angle_rad=6.146661282,valid=1,read_failures=0"
dengfoc,"SYNC_TRUTH,sequence=341038,truth_tick_us=682978593,mechanical_angle_rad=6.146661282,valid=1,read_failures=0"
dengfoc,"SYNC_TRUTH,sequence=341039,truth_tick_us=682980589,mechanical_angle_rad=6.146661282,valid=1,read_failures=0"
dengfoc,"SYNC_TRUTH,sequence=341040,truth_tick_us=682982593,mechanical_angle_rad=6.146661282,valid=1,read_failures=0"
dengfoc,"SYNC_TRUTH,sequence=341041,truth_tick_us=682984589,mechanical_angle_rad=6.146661282,valid=1,read_failures=0"
g431,"FTR,19440,3,0,563,-563,0,648,0,651,44,5600,505,898,102,12172,0,0,0,0,0,29534,0,0,0,0,0,0,0,0,0,0"
dengfoc,"SYNC_TRUTH,sequence=341042,truth_tick_us=682986593,mechanical_angle_rad=6.146661282,valid=1,read_failures=0"
dengfoc,"SYNC_TRUTH,sequence=341043,truth_tick_us=682988589,mechanical_angle_rad=6.146661282,valid=1,read_failures=0"
dengfoc,"SYNC_TRUTH,sequence=341044,truth_tick_us=682990593,mechanical_angle_rad=6.145127296,valid=1,read_failures=0"
dengfoc,"SYNC_TRUTH,sequence=341045,truth_tick_us=682992589,mechanical_angle_rad=6.145127296,valid=1,read_failures=0"
dengfoc,"SYNC_TRUTH,sequence=341046,truth_tick_us=682994593,mechanical_angle_rad=6.145127296,valid=1,read_failures=0"
dengfoc,"SYNC_TRUTH,sequence=341047,truth_tick_us=682996589,mechanical_angle_rad=6.145127296,valid=1,read_failures=0"
dengfoc,"SYNC_TRUTH,sequence=341048,truth_tick_us=682998593,mechanical_angle_rad=6.146661282,valid=1,read_failures=0"
dengfoc,"SYNC_TRUTH,sequence=341049,truth_tick_us=683000589,mechanical_angle_rad=6.146661282,valid=1,read_failures=0"
dengfoc,"SYNC_TRUTH,sequence=341050,truth_tick_us=683002593,mechanical_angle_rad=6.145127296,valid=1,read_failures=0"
dengfoc,"SYNC_TRUTH,sequence=341051,truth_tick_us=683004589,mechanical_angle_rad=6.145127296,valid=1,read_failures=0"
g431,"FTR,19680,3,2,570,-571,0,656,2,659,27,5666,503,904,96,12159,0,0,0,0,0,29534,0,0,0,0,0,0,0,0,0,0"
dengfoc,"SYNC_TRUTH,sequence=341052,truth_tick_us=683006593,mechanical_angle_rad=6.145127296,valid=1,read_failures=0"
dengfoc,"SYNC_TRUTH,sequence=341053,truth_tick_us=683008589,mechanical_angle_rad=6.145127296,valid=1,read_failures=0"
dengfoc,"SYNC_TRUTH,sequence=341054,truth_tick_us=683010593,mechanical_angle_rad=6.145127296,valid=1,read_failures=0"
dengfoc,"SYNC_TRUTH,sequence=341055,truth_tick_us=683012589,mechanical_angle_rad=6.145127296,valid=1,read_failures=0"
dengfoc,"SYNC_TRUTH,sequence=341056,truth_tick_us=683014593,mechanical_angle_rad=6.145127296,valid=1,read_failures=0"
dengfoc,"SYNC_TRUTH,sequence=341057,truth_tick_us=683016589,mechanical_angle_rad=6.145127296,valid=1,read_failures=0"
dengfoc,"SYNC_TRUTH,sequence=341058,truth_tick_us=683018593,mechanical_angle_rad=6.146661282,valid=1,read_failures=0"
dengfoc,"SYNC_TRUTH,sequence=341059,truth_tick_us=683020589,mechanical_angle_rad=6.145127296,valid=1,read_failures=0"
dengfoc,"SYNC_TRUTH,sequence=341060,truth_tick_us=683022593,mechanical_angle_rad=6.145127296,valid=1,read_failures=0"
g431,"FTR,19920,3,0,573,-573,0,664,0,662,29,5768,504,910,90,12172,0,0,0,0,0,29534,0,0,0,0,0,0,0,0,0,0"
dengfoc,"SYNC_TRUTH,sequence=341061,truth_tick_us=683024589,mechanical_angle_rad=6.145127296,valid=1,read_failures=0"
dengfoc,"SYNC_TRUTH,sequence=341062,truth_tick_us=683026593,mechanical_angle_rad=6.145127296,valid=1,read_failures=0"
dengfoc,"SYNC_TRUTH,sequence=341063,truth_tick_us=683028589,mechanical_angle_rad=6.145127296,valid=1,read_failures=0"
dengfoc,"SYNC_TRUTH,sequence=341064,truth_tick_us=683030593,mechanical_angle_rad=6.145127296,valid=1,read_failures=0"
dengfoc,"SYNC_TRUTH,sequence=341065,truth_tick_us=683032589,mechanical_angle_rad=6.145127296,valid=1,read_failures=0"
dengfoc,"SYNC_TRUTH,sequence=341066,truth_tick_us=683034593,mechanical_angle_rad=6.145127296,valid=1,read_failures=0"
dengfoc,"SYNC_TRUTH,sequence=341067,truth_tick_us=683036589,mechanical_angle_rad=6.145127296,valid=1,read_failures=0"
dengfoc,"SYNC_TRUTH,sequence=341068,truth_tick_us=683038593,mechanical_angle_rad=6.145127296,valid=1,read_failures=0"
dengfoc,"SYNC_TRUTH,sequence=341069,truth_tick_us=683040589,mechanical_angle_rad=6.145127296,valid=1,read_failures=0"
dengfoc,"SYNC_TRUTH,sequence=341070,truth_tick_us=683042593,mechanical_angle_rad=6.146661282,valid=1,read_failures=0"
dengfoc,"SYNC_TRUTH,sequence=341071,truth_tick_us=683044589,mechanical_angle_rad=6.145127296,valid=1,read_failures=0"
dengfoc,"SYNC_TRUTH,sequence=341072,truth_tick_us=683046593,mechanical_angle_rad=6.145127296,valid=1,read_failures=0"
dengfoc,"SYNC_TRUTH,sequence=341073,truth_tick_us=683048589,mechanical_angle_rad=6.145127296,valid=1,read_failures=0"
dengfoc,"SYNC_TRUTH,sequence=341074,truth_tick_us=683050593,mechanical_angle_rad=6.145127296,valid=1,read_failures=0"
dengfoc,"SYNC_TRUTH,sequence=341075,truth_tick_us=683052589,mechanical_angle_rad=6.145127296,valid=1,read_failures=0"
g431,"FTR,20160,3,-5,579,-575,0,672,-5,666,92,5883,511,919,81,12146,0,0,0,0,0,29534,0,0,0,0,0,0,0,0,0,0"
dengfoc,"SYNC_TRUTH,sequence=341076,truth_tick_us=683054593,mechanical_angle_rad=6.145127296,valid=1,read_failures=0"
dengfoc,"SYNC_TRUTH,sequence=341077,truth_tick_us=683056589,mechanical_angle_rad=6.145127296,valid=1,read_failures=0"
dengfoc,"SYNC_TRUTH,sequence=341078,truth_tick_us=683058593,mechanical_angle_rad=6.145127296,valid=1,read_failures=0"
dengfoc,"SYNC_TRUTH,sequence=341079,truth_tick_us=683060589,mechanical_angle_rad=6.145127296,valid=1,read_failures=0"
dengfoc,"SYNC_TRUTH,sequence=341080,truth_tick_us=683062593,mechanical_angle_rad=6.145127296,valid=1,read_failures=0"
g431,"FTR,20400,3,0,591,-591,0,680,0,682,43,5875,505,918,82,12159,0,0,0,0,0,29534,0,0,0,0,0,0,0,0,0,0"
dengfoc,"SYNC_TRUTH,sequence=341081,truth_tick_us=683064589,mechanical_angle_rad=6.145127296,valid=1,read_failures=0"
dengfoc,"SYNC_TRUTH,sequence=341082,truth_tick_us=683066593,mechanical_angle_rad=6.145127296,valid=1,read_failures=0"
dengfoc,"SYNC_TRUTH,sequence=341083,truth_tick_us=683068589,mechanical_angle_rad=6.145127296,valid=1,read_failures=0"
dengfoc,"SYNC_TRUTH,sequence=341084,truth_tick_us=683070593,mechanical_angle_rad=6.145127296,valid=1,read_failures=0"
dengfoc,"SYNC_TRUTH,sequence=341085,truth_tick_us=683072589,mechanical_angle_rad=6.145127296,valid=1,read_failures=0"
dengfoc,"SYNC_TRUTH,sequence=341086,truth_tick_us=683074593,mechanical_angle_rad=6.145127296,valid=1,read_failures=0"
dengfoc,"SYNC_TRUTH,sequence=341087,truth_tick_us=683076589,mechanical_angle_rad=6.145127296,valid=1,read_failures=0"
dengfoc,"SYNC_TRUTH,sequence=341088,truth_tick_us=683078593,mechanical_angle_rad=6.145127296,valid=1,read_failures=0"
dengfoc,"SYNC_TRUTH,sequence=341089,truth_tick_us=683080589,mechanical_angle_rad=6.145127296,valid=1,read_failures=0"
dengfoc,"SYNC_TRUTH,sequence=341090,truth_tick_us=683082593,mechanical_angle_rad=6.145127296,valid=1,read_failures=0"
dengfoc,"SYNC_TRUTH,sequence=341091,truth_tick_us=683084589,mechanical_angle_rad=6.145127296,valid=1,read_failures=0"
dengfoc,"SYNC_TRUTH,sequence=341092,truth_tick_us=683086593,mechanical_angle_rad=6.145127296,valid=1,read_failures=0"
dengfoc,"SYNC_TRUTH,sequence=341093,truth_tick_us=683088589,mechanical_angle_rad=6.145127296,valid=1,read_failures=0"
dengfoc,"SYNC_TRUTH,sequence=341094,truth_tick_us=683090593,mechanical_angle_rad=6.145127296,valid=1,read_failures=0"
g431,"FTR,20640,3,3,594,-597,0,688,3,687,14,5960,502,925,75,12146,0,0,0,0,0,29534,0,0,0,0,0,0,0,0,0,0"
dengfoc,"SYNC_TRUTH,sequence=341095,truth_tick_us=683092589,mechanical_angle_rad=6.145127296,valid=1,read_failures=0"
dengfoc,"SYNC_TRUTH,sequence=341096,truth_tick_us=683094593,mechanical_angle_rad=6.145127296,valid=1,read_failures=0"
dengfoc,"SYNC_TRUTH,sequence=341097,truth_tick_us=683096589,mechanical_angle_rad=6.145127296,valid=1,read_failures=0"
dengfoc,"SYNC_TRUTH,sequence=341098,truth_tick_us=683098593,mechanical_angle_rad=6.145127296,valid=1,read_failures=0"
dengfoc,"SYNC_TRUTH,sequence=341099,truth_tick_us=683100589,mechanical_angle_rad=6.145127296,valid=1,read_failures=0"
dengfoc,"SYNC_TRUTH,sequence=341100,truth_tick_us=683102593,mechanical_angle_rad=6.145127296,valid=1,read_failures=0"
dengfoc,"SYNC_TRUTH,sequence=341101,truth_tick_us=683104589,mechanical_angle_rad=6.145127296,valid=1,read_failures=0"
dengfoc,"SYNC_TRUTH,sequence=341102,truth_tick_us=683106593,mechanical_angle_rad=6.145127296,valid=1,read_failures=0"
dengfoc,"SYNC_TRUTH,sequence=341103,truth_tick_us=683108589,mechanical_angle_rad=6.145127296,valid=1,read_failures=0"
dengfoc,"SYNC_TRUTH,sequence=341104,truth_tick_us=683110593,mechanical_angle_rad=6.145127296,valid=1,read_failures=0"
g431,"FTR,20880,3,0,602,-602,0,696,0,695,23,6025,503,930,70,12146,0,0,0,0,0,29534,0,0,0,0,0,0,0,0,0,0"
dengfoc,"SYNC_TRUTH,sequence=341105,truth_tick_us=683112589,mechanical_angle_rad=6.145127296,valid=1,read_failures=0"
dengfoc,"SYNC_TRUTH,sequence=341106,truth_tick_us=683114593,mechanical_angle_rad=6.145127296,valid=1,read_failures=0"
dengfoc,"SYNC_TRUTH,sequence=341107,truth_tick_us=683116589,mechanical_angle_rad=6.145127296,valid=1,read_failures=0"
dengfoc,"SYNC_TRUTH,sequence=341108,truth_tick_us=683118593,mechanical_angle_rad=6.145127296,valid=1,read_failures=0"
dengfoc,"SYNC_TRUTH,sequence=341109,truth_tick_us=683120589,mechanical_angle_rad=6.145127296,valid=1,read_failures=0"
dengfoc,"SYNC_TRUTH,sequence=341110,truth_tick_us=683122593,mechanical_angle_rad=6.145127296,valid=1,read_failures=0"
dengfoc,"SYNC_TRUTH,sequence=341111,truth_tick_us=683124589,mechanical_angle_rad=6.145127296,valid=1,read_failures=0"
dengfoc,"SYNC_TRUTH,sequence=341112,truth_tick_us=683126593,mechanical_angle_rad=6.145127296,valid=1,read_failures=0"
dengfoc,"SYNC_TRUTH,sequence=341113,truth_tick_us=683128589,mechanical_angle_rad=6.145127296,valid=1,read_failures=0"
dengfoc,"SYNC_TRUTH,sequence=341114,truth_tick_us=683130593,mechanical_angle_rad=6.145127296,valid=1,read_failures=0"
g431,"FTR,21120,3,-5,608,-603,0,704,-5,699,90,6153,511,939,61,12133,0,0,0,0,0,29534,0,0,0,0,0,0,0,0,0,0"
dengfoc,"SYNC_TRUTH,sequence=341115,truth_tick_us=683132589,mechanical_angle_rad=6.145127296,valid=1,read_failures=0"
dengfoc,"SYNC_TRUTH,sequence=341116,truth_tick_us=683134593,mechanical_angle_rad=6.145127296,valid=1,read_failures=0"
dengfoc,"SYNC_TRUTH,sequence=341117,truth_tick_us=683136589,mechanical_angle_rad=6.145127296,valid=1,read_failures=0"
dengfoc,"SYNC_TRUTH,sequence=341118,truth_tick_us=683138593,mechanical_angle_rad=6.145127296,valid=1,read_failures=0"
dengfoc,"SYNC_TRUTH,sequence=341119,truth_tick_us=683140589,mechanical_angle_rad=6.145127296,valid=1,read_failures=0"
dengfoc,"SYNC_TRUTH,sequence=341120,truth_tick_us=683142593,mechanical_angle_rad=6.145127296,valid=1,read_failures=0"
dengfoc,"SYNC_TRUTH,sequence=341121,truth_tick_us=683144589,mechanical_angle_rad=6.145127296,valid=1,read_failures=0"
dengfoc,"SYNC_TRUTH,sequence=341122,truth_tick_us=683146593,mechanical_angle_rad=6.145127296,valid=1,read_failures=0"
dengfoc,"SYNC_TRUTH,sequence=341123,truth_tick_us=683148589,mechanical_angle_rad=6.145127296,valid=1,read_failures=0"
g431,"FTR,21360,3,0,614,-614,0,712,0,710,51,6189,506,941,59,12146,0,0,0,0,0,29534,0,0,0,0,0,0,0,0,0,0"
dengfoc,"SYNC_TRUTH,sequence=341124,truth_tick_us=683150593,mechanical_angle_rad=6.145127296,valid=1,read_failures=0"
dengfoc,"SYNC_TRUTH,sequence=341125,truth_tick_us=683152589,mechanical_angle_rad=6.145127296,valid=1,read_failures=0"
dengfoc,"SYNC_TRUTH,sequence=341126,truth_tick_us=683154593,mechanical_angle_rad=6.145127296,valid=1,read_failures=0"
dengfoc,"SYNC_TRUTH,sequence=341127,truth_tick_us=683156589,mechanical_angle_rad=6.145127296,valid=1,read_failures=0"
dengfoc,"SYNC_TRUTH,sequence=341128,truth_tick_us=683158593,mechanical_angle_rad=6.145127296,valid=1,read_failures=0"
dengfoc,"SYNC_TRUTH,sequence=341129,truth_tick_us=683160589,mechanical_angle_rad=6.145127296,valid=1,read_failures=0"
dengfoc,"SYNC_TRUTH,sequence=341130,truth_tick_us=683162593,mechanical_angle_rad=6.145127296,valid=1,read_failures=0"
dengfoc,"SYNC_TRUTH,sequence=341131,truth_tick_us=683164589,mechanical_angle_rad=6.145127296,valid=1,read_failures=0"
dengfoc,"SYNC_TRUTH,sequence=341132,truth_tick_us=683166593,mechanical_angle_rad=6.145127296,valid=1,read_failures=0"
dengfoc,"SYNC_TRUTH,sequence=341133,truth_tick_us=683168589,mechanical_angle_rad=6.145127296,valid=1,read_failures=0"
g431,"FTR,21600,3,3,622,-626,0,720,3,721,23,6223,503,943,57,12159,0,0,0,0,0,29534,0,0,0,0,0,0,0,0,0,0"
dengfoc,"SYNC_TRUTH,sequence=341134,truth_tick_us=683170593,mechanical_angle_rad=6.145127296,valid=1,read_failures=0"
dengfoc,"SYNC_TRUTH,sequence=341135,truth_tick_us=683172589,mechanical_angle_rad=6.145127296,valid=1,read_failures=0"
dengfoc,"SYNC_TRUTH,sequence=341136,truth_tick_us=683174593,mechanical_angle_rad=6.145127296,valid=1,read_failures=0"
dengfoc,"SYNC_TRUTH,sequence=341137,truth_tick_us=683176589,mechanical_angle_rad=6.145127296,valid=1,read_failures=0"
dengfoc,"SYNC_TRUTH,sequence=341138,truth_tick_us=683178593,mechanical_angle_rad=6.145127296,valid=1,read_failures=0"
dengfoc,"SYNC_TRUTH,sequence=341139,truth_tick_us=683180589,mechanical_angle_rad=6.145127296,valid=1,read_failures=0"
dengfoc,"SYNC_TRUTH,sequence=341140,truth_tick_us=683182593,mechanical_angle_rad=6.145127296,valid=1,read_failures=0"
dengfoc,"SYNC_TRUTH,sequence=341141,truth_tick_us=683184589,mechanical_angle_rad=6.145127296,valid=1,read_failures=0"
dengfoc,"SYNC_TRUTH,sequence=341142,truth_tick_us=683186593,mechanical_angle_rad=6.145127296,valid=1,read_failures=0"
dengfoc,"SYNC_TRUTH,sequence=341143,truth_tick_us=683188589,mechanical_angle_rad=6.145127296,valid=1,read_failures=0"
g431,"FTR,21840,3,0,630,-630,0,728,0,728,50,6318,506,950,50,12159,0,0,0,0,0,29534,0,0,0,0,0,0,0,0,0,1"
dengfoc,"SYNC_TRUTH,sequence=341144,truth_tick_us=683190593,mechanical_angle_rad=6.145127296,valid=1,read_failures=0"
dengfoc,"SYNC_TRUTH,sequence=341145,truth_tick_us=683192589,mechanical_angle_rad=6.145127296,valid=1,read_failures=0"
dengfoc,"SYNC_TRUTH,sequence=341146,truth_tick_us=683194593,mechanical_angle_rad=6.145127296,valid=1,read_failures=0"
dengfoc,"SYNC_TRUTH,sequence=341147,truth_tick_us=683196589,mechanical_angle_rad=6.145127296,valid=1,read_failures=0"
dengfoc,"SYNC_TRUTH,sequence=341148,truth_tick_us=683198593,mechanical_angle_rad=6.145127296,valid=1,read_failures=0"
dengfoc,"SYNC_TRUTH,sequence=341149,truth_tick_us=683200589,mechanical_angle_rad=6.145127296,valid=1,read_failures=0"
dengfoc,"SYNC_TRUTH,sequence=341150,truth_tick_us=683202593,mechanical_angle_rad=6.145127296,valid=1,read_failures=0"
dengfoc,"SYNC_TRUTH,sequence=341151,truth_tick_us=683204589,mechanical_angle_rad=6.145127296,valid=1,read_failures=0"
dengfoc,"SYNC_TRUTH,sequence=341152,truth_tick_us=683206593,mechanical_angle_rad=6.145127296,valid=1,read_failures=0"
g431,"FTR,22080,3,-2,630,-629,0,736,-2,727,58,6311,507,950,50,12146,0,0,0,0,0,29534,0,0,0,0,0,0,0,0,0,1"
dengfoc,"SYNC_TRUTH,sequence=341153,truth_tick_us=683208589,mechanical_angle_rad=6.145127296,valid=1,read_failures=0"
dengfoc,"SYNC_TRUTH,sequence=341154,truth_tick_us=683210593,mechanical_angle_rad=6.145127296,valid=1,read_failures=0"
dengfoc,"SYNC_TRUTH,sequence=341155,truth_tick_us=683212589,mechanical_angle_rad=6.145127296,valid=1,read_failures=0"
dengfoc,"SYNC_TRUTH,sequence=341156,truth_tick_us=683214593,mechanical_angle_rad=6.145127296,valid=1,read_failures=0"
dengfoc,"SYNC_TRUTH,sequence=341157,truth_tick_us=683216589,mechanical_angle_rad=6.145127296,valid=1,read_failures=0"
dengfoc,"SYNC_TRUTH,sequence=341158,truth_tick_us=683218593,mechanical_angle_rad=6.145127296,valid=1,read_failures=0"
dengfoc,"SYNC_TRUTH,sequence=341159,truth_tick_us=683220589,mechanical_angle_rad=6.145127296,valid=1,read_failures=0"
dengfoc,"SYNC_TRUTH,sequence=341160,truth_tick_us=683222593,mechanical_angle_rad=6.145127296,valid=1,read_failures=0"
dengfoc,"SYNC_TRUTH,sequence=341161,truth_tick_us=683224589,mechanical_angle_rad=6.145127296,valid=1,read_failures=0"
dengfoc,"SYNC_TRUTH,sequence=341162,truth_tick_us=683226593,mechanical_angle_rad=6.145127296,valid=1,read_failures=0"
g431,"FTR,22320,3,3,629,-632,0,744,3,728,32,6298,504,950,50,12120,0,0,0,0,0,29534,0,0,0,0,0,0,0,0,0,1"
dengfoc,"SYNC_TRUTH,sequence=341163,truth_tick_us=683228589,mechanical_angle_rad=6.145127296,valid=1,read_failures=0"
dengfoc,"SYNC_TRUTH,sequence=341164,truth_tick_us=683230593,mechanical_angle_rad=6.145127296,valid=1,read_failures=0"
dengfoc,"SYNC_TRUTH,sequence=341165,truth_tick_us=683232589,mechanical_angle_rad=6.145127296,valid=1,read_failures=0"
dengfoc,"SYNC_TRUTH,sequence=341166,truth_tick_us=683234593,mechanical_angle_rad=6.145127296,valid=1,read_failures=0"
dengfoc,"SYNC_TRUTH,sequence=341167,truth_tick_us=683236589,mechanical_angle_rad=6.145127296,valid=1,read_failures=0"
dengfoc,"SYNC_TRUTH,sequence=341168,truth_tick_us=683238593,mechanical_angle_rad=6.145127296,valid=1,read_failures=0"
dengfoc,"SYNC_TRUTH,sequence=341169,truth_tick_us=683240589,mechanical_angle_rad=6.145127296,valid=1,read_failures=0"
dengfoc,"SYNC_TRUTH,sequence=341170,truth_tick_us=683242593,mechanical_angle_rad=6.145127296,valid=1,read_failures=0"
dengfoc,"SYNC_TRUTH,sequence=341171,truth_tick_us=683244589,mechanical_angle_rad=6.145127296,valid=1,read_failures=0"
dengfoc,"SYNC_TRUTH,sequence=341172,truth_tick_us=683246593,mechanical_angle_rad=6.145127296,valid=1,read_failures=0"
g431,"FTR,22560,3,0,629,-629,0,752,0,726,56,6311,507,950,50,12146,0,0,0,0,0,29534,0,0,0,0,0,0,0,0,0,1"
dengfoc,"SYNC_TRUTH,sequence=341173,truth_tick_us=683248589,mechanical_angle_rad=6.145127296,valid=1,read_failures=0"
dengfoc,"SYNC_TRUTH,sequence=341174,truth_tick_us=683250593,mechanical_angle_rad=6.145127296,valid=1,read_failures=0"
dengfoc,"SYNC_TRUTH,sequence=341175,truth_tick_us=683252589,mechanical_angle_rad=6.145127296,valid=1,read_failures=0"
dengfoc,"SYNC_TRUTH,sequence=341176,truth_tick_us=683254593,mechanical_angle_rad=6.145127296,valid=1,read_failures=0"
dengfoc,"SYNC_TRUTH,sequence=341177,truth_tick_us=683256589,mechanical_angle_rad=6.145127296,valid=1,read_failures=0"
dengfoc,"SYNC_TRUTH,sequence=341178,truth_tick_us=683258593,mechanical_angle_rad=6.145127296,valid=1,read_failures=0"
dengfoc,"SYNC_TRUTH,sequence=341179,truth_tick_us=683260589,mechanical_angle_rad=6.145127296,valid=1,read_failures=0"
dengfoc,"SYNC_TRUTH,sequence=341180,truth_tick_us=683262593,mechanical_angle_rad=6.145127296,valid=1,read_failures=0"
dengfoc,"SYNC_TRUTH,sequence=341181,truth_tick_us=683264589,mechanical_angle_rad=6.145127296,valid=1,read_failures=0"
g431,"FTR,22800,3,3,629,-632,0,760,3,728,35,6311,504,950,50,12146,0,0,0,0,0,29534,0,0,0,0,0,0,0,0,0,1"
dengfoc,"SYNC_TRUTH,sequence=341182,truth_tick_us=683266593,mechanical_angle_rad=6.145127296,valid=1,read_failures=0"
dengfoc,"SYNC_TRUTH,sequence=341183,truth_tick_us=683268589,mechanical_angle_rad=6.145127296,valid=1,read_failures=0"
dengfoc,"SYNC_TRUTH,sequence=341184,truth_tick_us=683270593,mechanical_angle_rad=6.145127296,valid=1,read_failures=0"
dengfoc,"SYNC_TRUTH,sequence=341185,truth_tick_us=683272589,mechanical_angle_rad=6.145127296,valid=1,read_failures=0"
dengfoc,"SYNC_TRUTH,sequence=341186,truth_tick_us=683274593,mechanical_angle_rad=6.145127296,valid=1,read_failures=0"
dengfoc,"SYNC_TRUTH,sequence=341187,truth_tick_us=683276589,mechanical_angle_rad=6.145127296,valid=1,read_failures=0"
dengfoc,"SYNC_TRUTH,sequence=341188,truth_tick_us=683278593,mechanical_angle_rad=6.145127296,valid=1,read_failures=0"
dengfoc,"SYNC_TRUTH,sequence=341189,truth_tick_us=683280589,mechanical_angle_rad=6.145127296,valid=1,read_failures=0"
dengfoc,"SYNC_TRUTH,sequence=341190,truth_tick_us=683282593,mechanical_angle_rad=6.145127296,valid=1,read_failures=0"
dengfoc,"SYNC_TRUTH,sequence=341191,truth_tick_us=683284589,mechanical_angle_rad=6.145127296,valid=1,read_failures=0"
g431,"FTR,23040,3,0,630,-630,0,768,0,728,55,6298,507,950,50,12120,0,0,0,0,0,29534,0,0,0,0,0,0,0,0,0,1"
dengfoc,"SYNC_TRUTH,sequence=341192,truth_tick_us=683286593,mechanical_angle_rad=6.145127296,valid=1,read_failures=0"
dengfoc,"SYNC_TRUTH,sequence=341193,truth_tick_us=683288589,mechanical_angle_rad=6.145127296,valid=1,read_failures=0"
dengfoc,"SYNC_TRUTH,sequence=341194,truth_tick_us=683290593,mechanical_angle_rad=6.145127296,valid=1,read_failures=0"
dengfoc,"SYNC_TRUTH,sequence=341195,truth_tick_us=683292589,mechanical_angle_rad=6.145127296,valid=1,read_failures=0"
dengfoc,"SYNC_TRUTH,sequence=341196,truth_tick_us=683294593,mechanical_angle_rad=6.145127296,valid=1,read_failures=0"
dengfoc,"SYNC_TRUTH,sequence=341197,truth_tick_us=683296589,mechanical_angle_rad=6.145127296,valid=1,read_failures=0"
dengfoc,"SYNC_TRUTH,sequence=341198,truth_tick_us=683298593,mechanical_angle_rad=6.145127296,valid=1,read_failures=0"
dengfoc,"SYNC_TRUTH,sequence=341199,truth_tick_us=683300589,mechanical_angle_rad=6.145127296,valid=1,read_failures=0"
dengfoc,"SYNC_TRUTH,sequence=341200,truth_tick_us=683302593,mechanical_angle_rad=6.145127296,valid=1,read_failures=0"
dengfoc,"SYNC_TRUTH,sequence=341201,truth_tick_us=683304589,mechanical_angle_rad=6.145127296,valid=1,read_failures=0"
g431,"FTR,23280,3,0,630,-630,0,776,0,728,42,6304,505,950,50,12133,0,0,0,0,0,29534,0,0,0,0,0,0,0,0,0,1"
dengfoc,"SYNC_TRUTH,sequence=341202,truth_tick_us=683306593,mechanical_angle_rad=6.145127296,valid=1,read_failures=0"
dengfoc,"SYNC_TRUTH,sequence=341203,truth_tick_us=683308589,mechanical_angle_rad=6.145127296,valid=1,read_failures=0"
dengfoc,"SYNC_TRUTH,sequence=341204,truth_tick_us=683310593,mechanical_angle_rad=6.145127296,valid=1,read_failures=0"
dengfoc,"SYNC_TRUTH,sequence=341205,truth_tick_us=683312589,mechanical_angle_rad=6.145127296,valid=1,read_failures=0"
dengfoc,"SYNC_TRUTH,sequence=341206,truth_tick_us=683314593,mechanical_angle_rad=6.145127296,valid=1,read_failures=0"
dengfoc,"SYNC_TRUTH,sequence=341207,truth_tick_us=683316589,mechanical_angle_rad=6.145127296,valid=1,read_failures=0"
dengfoc,"SYNC_TRUTH,sequence=341208,truth_tick_us=683318593,mechanical_angle_rad=6.145127296,valid=1,read_failures=0"
dengfoc,"SYNC_TRUTH,sequence=341209,truth_tick_us=683320589,mechanical_angle_rad=6.145127296,valid=1,read_failures=0"
dengfoc,"SYNC_TRUTH,sequence=341210,truth_tick_us=683322593,mechanical_angle_rad=6.145127296,valid=1,read_failures=0"
g431,"FTR,23520,3,0,627,-627,0,784,0,724,50,6318,506,950,50,12159,0,0,0,0,0,29534,0,0,0,0,0,0,0,0,0,1"
dengfoc,"SYNC_TRUTH,sequence=341211,truth_tick_us=683324589,mechanical_angle_rad=6.145127296,valid=1,read_failures=0"
dengfoc,"SYNC_TRUTH,sequence=341212,truth_tick_us=683326593,mechanical_angle_rad=6.145127296,valid=1,read_failures=0"
dengfoc,"SYNC_TRUTH,sequence=341213,truth_tick_us=683328589,mechanical_angle_rad=6.145127296,valid=1,read_failures=0"
dengfoc,"SYNC_TRUTH,sequence=341214,truth_tick_us=683330593,mechanical_angle_rad=6.145127296,valid=1,read_failures=0"
dengfoc,"SYNC_TRUTH,sequence=341215,truth_tick_us=683332589,mechanical_angle_rad=6.145127296,valid=1,read_failures=0"
dengfoc,"SYNC_TRUTH,sequence=341216,truth_tick_us=683334593,mechanical_angle_rad=6.145127296,valid=1,read_failures=0"
dengfoc,"SYNC_TRUTH,sequence=341217,truth_tick_us=683336589,mechanical_angle_rad=6.145127296,valid=1,read_failures=0"
dengfoc,"SYNC_TRUTH,sequence=341218,truth_tick_us=683338593,mechanical_angle_rad=6.145127296,valid=1,read_failures=0"
dengfoc,"SYNC_TRUTH,sequence=341219,truth_tick_us=683340589,mechanical_angle_rad=6.145127296,valid=1,read_failures=0"
dengfoc,"SYNC_TRUTH,sequence=341220,truth_tick_us=683342593,mechanical_angle_rad=6.145127296,valid=1,read_failures=0"
dengfoc,"SYNC_TRUTH,sequence=341221,truth_tick_us=683344589,mechanical_angle_rad=6.145127296,valid=1,read_failures=0"
dengfoc,"SYNC_TRUTH,sequence=341222,truth_tick_us=683346593,mechanical_angle_rad=6.145127296,valid=1,read_failures=0"
dengfoc,"SYNC_TRUTH,sequence=341223,truth_tick_us=683348589,mechanical_angle_rad=6.145127296,valid=1,read_failures=0"
dengfoc,"SYNC_TRUTH,sequence=341224,truth_tick_us=683350593,mechanical_angle_rad=6.145127296,valid=1,read_failures=0"
dengfoc,"SYNC_TRUTH,sequence=341225,truth_tick_us=683352589,mechanical_angle_rad=6.145127296,valid=1,read_failures=0"
g431,"FTR,23760,3,-2,629,-627,0,792,-2,725,73,6297,509,950,50,12120,0,0,0,0,0,29534,0,0,0,0,0,0,0,0,0,1"
dengfoc,"SYNC_TRUTH,sequence=341226,truth_tick_us=683354593,mechanical_angle_rad=6.145127296,valid=1,read_failures=0"
dengfoc,"SYNC_TRUTH,sequence=341227,truth_tick_us=683356589,mechanical_angle_rad=6.145127296,valid=1,read_failures=0"
dengfoc,"SYNC_TRUTH,sequence=341228,truth_tick_us=683358593,mechanical_angle_rad=6.145127296,valid=1,read_failures=0"
dengfoc,"SYNC_TRUTH,sequence=341229,truth_tick_us=683360589,mechanical_angle_rad=6.145127296,valid=1,read_failures=0"
dengfoc,"SYNC_TRUTH,sequence=341230,truth_tick_us=683362593,mechanical_angle_rad=6.145127296,valid=1,read_failures=0"
g431,"FTR,24000,3,-2,627,-626,0,800,-2,723,56,6304,507,950,50,12133,0,0,0,0,0,29534,0,0,0,0,0,0,0,0,0,1"
dengfoc,"SYNC_TRUTH,sequence=341231,truth_tick_us=683364589,mechanical_angle_rad=6.145127296,valid=1,read_failures=0"
dengfoc,"SYNC_TRUTH,sequence=341232,truth_tick_us=683366593,mechanical_angle_rad=6.145127296,valid=1,read_failures=0"
dengfoc,"SYNC_TRUTH,sequence=341233,truth_tick_us=683368589,mechanical_angle_rad=6.145127296,valid=1,read_failures=0"
dengfoc,"SYNC_TRUTH,sequence=341234,truth_tick_us=683370593,mechanical_angle_rad=6.145127296,valid=1,read_failures=0"
dengfoc,"SYNC_TRUTH,sequence=341235,truth_tick_us=683372593,mechanical_angle_rad=6.145127296,valid=1,read_failures=0"
dengfoc,"SYNC_TRUTH,sequence=341236,truth_tick_us=683374597,mechanical_angle_rad=6.146661282,valid=1,read_failures=0"
dengfoc,"SYNC_TRUTH,sequence=341237,truth_tick_us=683376589,mechanical_angle_rad=6.146661282,valid=1,read_failures=0"
dengfoc,"SYNC_ANCHOR_RX,session=2026100505,edge_sequence=5004,edge_tag=904,truth_tick_us=683367642,source=2,flags=0x00000003"
dengfoc,"SYNC_TRUTH,sequence=341238,truth_tick_us=683379601,mechanical_angle_rad=6.146661282,valid=1,read_failures=0"
dengfoc,"SYNC_TRUTH,sequence=341239,truth_tick_us=683381589,mechanical_angle_rad=6.146661282,valid=1,read_failures=0"
dengfoc,"SYNC_TRUTH,sequence=341240,truth_tick_us=683383593,mechanical_angle_rad=6.148195267,valid=1,read_failures=0"
dengfoc,"SYNC_TRUTH,sequence=341241,truth_tick_us=683385589,mechanical_angle_rad=6.148195267,valid=1,read_failures=0"
g431,"FTR,24240,4,-13,634,-621,0,800,-1,724,45,6304,492,950,50,12133,17,17,2,0,0,29534,11,1822,-7,0,0,0,0,0,0,1"
dengfoc,"SYNC_TRUTH,sequence=341242,truth_tick_us=683387593,mechanical_angle_rad=6.148195267,valid=1,read_failures=0"
dengfoc,"SYNC_TRUTH,sequence=341243,truth_tick_us=683389589,mechanical_angle_rad=6.149729252,valid=1,read_failures=0"
dengfoc,"SYNC_TRUTH,sequence=341244,truth_tick_us=683391593,mechanical_angle_rad=6.149729252,valid=1,read_failures=0"
dengfoc,"SYNC_TRUTH,sequence=341245,truth_tick_us=683393589,mechanical_angle_rad=6.149729252,valid=1,read_failures=0"
dengfoc,"SYNC_TRUTH,sequence=341246,truth_tick_us=683395593,mechanical_angle_rad=6.151263237,valid=1,read_failures=0"
dengfoc,"SYNC_TRUTH,sequence=341247,truth_tick_us=683397589,mechanical_angle_rad=6.151263237,valid=1,read_failures=0"
dengfoc,"SYNC_TRUTH,sequence=341248,truth_tick_us=683399593,mechanical_angle_rad=6.152797222,valid=1,read_failures=0"
dengfoc,"SYNC_TRUTH,sequence=341249,truth_tick_us=683401589,mechanical_angle_rad=6.152797222,valid=1,read_failures=0"
dengfoc,"SYNC_TRUTH,sequence=341250,truth_tick_us=683403593,mechanical_angle_rad=6.154331207,valid=1,read_failures=0"
dengfoc,"SYNC_TRUTH,sequence=341251,truth_tick_us=683405589,mechanical_angle_rad=6.154331207,valid=1,read_failures=0"
dengfoc,"SYNC_TRUTH,sequence=341252,truth_tick_us=683407593,mechanical_angle_rad=6.155865192,valid=1,read_failures=0"
g431,"FTR,24480,4,-48,651,-603,0,800,1,726,7,6298,448,949,51,12120,68,68,14,2,0,29534,-73,1870,30,0,0,0,0,0,0,1"
dengfoc,"SYNC_TRUTH,sequence=341253,truth_tick_us=683409589,mechanical_angle_rad=6.155865192,valid=1,read_failures=0"
dengfoc,"SYNC_TRUTH,sequence=341254,truth_tick_us=683411593,mechanical_angle_rad=6.157399178,valid=1,read_failures=0"
dengfoc,"SYNC_TRUTH,sequence=341255,truth_tick_us=683413589,mechanical_angle_rad=6.158933163,valid=1,read_failures=0"
dengfoc,"SYNC_TRUTH,sequence=341256,truth_tick_us=683415593,mechanical_angle_rad=6.160467148,valid=1,read_failures=0"
dengfoc,"SYNC_TRUTH,sequence=341257,truth_tick_us=683417589,mechanical_angle_rad=6.162001133,valid=1,read_failures=0"
dengfoc,"SYNC_TRUTH,sequence=341258,truth_tick_us=683419593,mechanical_angle_rad=6.163535118,valid=1,read_failures=0"
dengfoc,"SYNC_TRUTH,sequence=341259,truth_tick_us=683421589,mechanical_angle_rad=6.163535118,valid=1,read_failures=0"
dengfoc,"SYNC_TRUTH,sequence=341260,truth_tick_us=683423593,mechanical_angle_rad=6.165069103,valid=1,read_failures=0"
dengfoc,"SYNC_TRUTH,sequence=341261,truth_tick_us=683425589,mechanical_angle_rad=6.166603088,valid=1,read_failures=0"
dengfoc,"SYNC_TRUTH,sequence=341262,truth_tick_us=683427593,mechanical_angle_rad=6.166603088,valid=1,read_failures=0"
dengfoc,"SYNC_TRUTH,sequence=341263,truth_tick_us=683429589,mechanical_angle_rad=6.168137074,valid=1,read_failures=0"
dengfoc,"SYNC_TRUTH,sequence=341264,truth_tick_us=683431593,mechanical_angle_rad=6.169671059,valid=1,read_failures=0"
g431,"FTR,24720,4,-110,680,-570,0,800,1,730,-17,6311,379,945,55,12146,153,153,56,4,0,29534,-229,1853,81,0,0,0,0,0,0,1"
dengfoc,"SYNC_TRUTH,sequence=341265,truth_tick_us=683433589,mechanical_angle_rad=6.172739029,valid=1,read_failures=0"
dengfoc,"SYNC_TRUTH,sequence=341266,truth_tick_us=683435593,mechanical_angle_rad=6.174273014,valid=1,read_failures=0"
dengfoc,"SYNC_TRUTH,sequence=341267,truth_tick_us=683437589,mechanical_angle_rad=6.175806999,valid=1,read_failures=0"
dengfoc,"SYNC_TRUTH,sequence=341268,truth_tick_us=683439593,mechanical_angle_rad=6.177340984,valid=1,read_failures=0"
dengfoc,"SYNC_TRUTH,sequence=341269,truth_tick_us=683441589,mechanical_angle_rad=6.178874969,valid=1,read_failures=0"
dengfoc,"SYNC_TRUTH,sequence=341270,truth_tick_us=683443593,mechanical_angle_rad=6.180408955,valid=1,read_failures=0"
dengfoc,"SYNC_TRUTH,sequence=341271,truth_tick_us=683445589,mechanical_angle_rad=6.181942940,valid=1,read_failures=0"
dengfoc,"SYNC_TRUTH,sequence=341272,truth_tick_us=683447593,mechanical_angle_rad=6.185010910,valid=1,read_failures=0"
dengfoc,"SYNC_TRUTH,sequence=341273,truth_tick_us=683449589,mechanical_angle_rad=6.186544895,valid=1,read_failures=0"
dengfoc,"SYNC_TRUTH,sequence=341274,truth_tick_us=683451593,mechanical_angle_rad=6.188078880,valid=1,read_failures=0"
dengfoc,"SYNC_TRUTH,sequence=341275,truth_tick_us=683453589,mechanical_angle_rad=6.191146851,valid=1,read_failures=0"
dengfoc,"SYNC_TRUTH,sequence=341276,truth_tick_us=683455593,mechanical_angle_rad=6.194214821,valid=1,read_failures=0"
g431,"FTR,24960,4,-196,704,-508,0,800,-1,726,-7,6318,289,933,67,12159,273,273,139,7,0,29534,-442,1818,123,3,4,91,0,0,0,1"
dengfoc,"SYNC_TRUTH,sequence=341277,truth_tick_us=683457589,mechanical_angle_rad=6.195748806,valid=1,read_failures=0"
dengfoc,"SYNC_TRUTH,sequence=341278,truth_tick_us=683459593,mechanical_angle_rad=6.197282791,valid=1,read_failures=0"
dengfoc,"SYNC_TRUTH,sequence=341279,truth_tick_us=683461589,mechanical_angle_rad=6.198816299,valid=1,read_failures=0"
dengfoc,"SYNC_TRUTH,sequence=341280,truth_tick_us=683463593,mechanical_angle_rad=6.201884270,valid=1,read_failures=0"
dengfoc,"SYNC_TRUTH,sequence=341281,truth_tick_us=683465589,mechanical_angle_rad=6.204952240,valid=1,read_failures=0"
dengfoc,"SYNC_TRUTH,sequence=341282,truth_tick_us=683467593,mechanical_angle_rad=6.208020210,valid=1,read_failures=0"
dengfoc,"SYNC_TRUTH,sequence=341283,truth_tick_us=683469589,mechanical_angle_rad=6.209554195,valid=1,read_failures=0"
g431,"FTR,25200,4,-302,721,-420,0,800,-2,725,-24,6311,175,909,91,12146,426,426,270,11,0,29534,-716,1733,157,5,7,91,0,0,0,1"
dengfoc,"SYNC_TRUTH,sequence=341284,truth_tick_us=683471593,mechanical_angle_rad=6.212622166,valid=1,read_failures=0"
dengfoc,"SYNC_TRUTH,sequence=341285,truth_tick_us=683473589,mechanical_angle_rad=6.215690136,valid=1,read_failures=0"
dengfoc,"SYNC_TRUTH,sequence=341286,truth_tick_us=683475593,mechanical_angle_rad=6.218758106,valid=1,read_failures=0"
dengfoc,"SYNC_TRUTH,sequence=341287,truth_tick_us=683477589,mechanical_angle_rad=6.221826077,valid=1,read_failures=0"
dengfoc,"SYNC_TRUTH,sequence=341288,truth_tick_us=683479593,mechanical_angle_rad=6.224894047,valid=1,read_failures=0"
dengfoc,"SYNC_TRUTH,sequence=341289,truth_tick_us=683481589,mechanical_angle_rad=6.227962017,valid=1,read_failures=0"
dengfoc,"SYNC_TRUTH,sequence=341290,truth_tick_us=683483593,mechanical_angle_rad=6.231029987,valid=1,read_failures=0"
dengfoc,"SYNC_TRUTH,sequence=341291,truth_tick_us=683485589,mechanical_angle_rad=6.234097958,valid=1,read_failures=0"
dengfoc,"SYNC_TRUTH,sequence=341292,truth_tick_us=683487593,mechanical_angle_rad=6.238699913,valid=1,read_failures=0"
dengfoc,"SYNC_TRUTH,sequence=341293,truth_tick_us=683489589,mechanical_angle_rad=6.241767883,valid=1,read_failures=0"
dengfoc,"SYNC_TRUTH,sequence=341294,truth_tick_us=683491593,mechanical_angle_rad=6.244835854,valid=1,read_failures=0"
dengfoc,"SYNC_TRUTH,sequence=341295,truth_tick_us=683493589,mechanical_angle_rad=6.249437809,valid=1,read_failures=0"
g431,"FTR,25440,4,-418,725,-306,0,800,1,727,-78,6317,89,911,182,12159,614,614,451,14,0,29534,-1031,1566,178,9,9,91,0,0,0,1"
dengfoc,"SYNC_TRUTH,sequence=341296,truth_tick_us=683495593,mechanical_angle_rad=6.252505779,valid=1,read_failures=0"
dengfoc,"SYNC_TRUTH,sequence=341297,truth_tick_us=683497589,mechanical_angle_rad=6.257107735,valid=1,read_failures=0"
dengfoc,"SYNC_TRUTH,sequence=341298,truth_tick_us=683499593,mechanical_angle_rad=6.260175705,valid=1,read_failures=0"
dengfoc,"SYNC_TRUTH,sequence=341299,truth_tick_us=683501589,mechanical_angle_rad=6.263243675,valid=1,read_failures=0"
dengfoc,"SYNC_TRUTH,sequence=341300,truth_tick_us=683503593,mechanical_angle_rad=6.267845631,valid=1,read_failures=0"
dengfoc,"SYNC_TRUTH,sequence=341301,truth_tick_us=683505589,mechanical_angle_rad=6.272447586,valid=1,read_failures=0"
dengfoc,"SYNC_TRUTH,sequence=341302,truth_tick_us=683507593,mechanical_angle_rad=6.277049541,valid=1,read_failures=0"
g431,"FTR,25680,4,-549,697,-148,0,800,-6,735,-65,6297,59,941,345,12120,836,836,681,17,0,29534,-1344,1279,186,12,10,91,0,0,0,1"
dengfoc,"SYNC_TRUTH,sequence=341303,truth_tick_us=683509589,mechanical_angle_rad=6.280117512,valid=1,read_failures=0"
dengfoc,"SYNC_TRUTH,sequence=341304,truth_tick_us=683511593,mechanical_angle_rad=0.001533981,valid=1,read_failures=0"
dengfoc,"SYNC_TRUTH,sequence=341305,truth_tick_us=683513589,mechanical_angle_rad=0.006135923,valid=1,read_failures=0"
dengfoc,"SYNC_TRUTH,sequence=341306,truth_tick_us=683515593,mechanical_angle_rad=0.010737866,valid=1,read_failures=0"
dengfoc,"SYNC_TRUTH,sequence=341307,truth_tick_us=683517589,mechanical_angle_rad=0.013805827,valid=1,read_failures=0"
dengfoc,"SYNC_TRUTH,sequence=341308,truth_tick_us=683519593,mechanical_angle_rad=0.018407770,valid=1,read_failures=0"
dengfoc,"SYNC_TRUTH,sequence=341309,truth_tick_us=683521589,mechanical_angle_rad=0.021475732,valid=1,read_failures=0"
dengfoc,"SYNC_TRUTH,sequence=341310,truth_tick_us=683523593,mechanical_angle_rad=0.026077675,valid=1,read_failures=0"
dengfoc,"SYNC_TRUTH,sequence=341311,truth_tick_us=683525589,mechanical_angle_rad=0.030679617,valid=1,read_failures=0"
dengfoc,"SYNC_TRUTH,sequence=341312,truth_tick_us=683527593,mechanical_angle_rad=0.035281558,valid=1,read_failures=0"
dengfoc,"SYNC_TRUTH,sequence=341313,truth_tick_us=683529589,mechanical_angle_rad=0.039883502,valid=1,read_failures=0"
dengfoc,"SYNC_TRUTH,sequence=341314,truth_tick_us=683531593,mechanical_angle_rad=0.044485442,valid=1,read_failures=0"
g431,"FTR,25920,4,-653,618,35,0,800,-2,734,-125,6303,51,949,551,12133,1092,1092,958,20,0,29534,-1627,880,183,15,9,91,0,0,0,1"
dengfoc,"SYNC_TRUTH,sequence=341315,truth_tick_us=683533589,mechanical_angle_rad=0.047553405,valid=1,read_failures=0"
dengfoc,"SYNC_TRUTH,sequence=341316,truth_tick_us=683535593,mechanical_angle_rad=0.052155349,valid=1,read_failures=0"
dengfoc,"SYNC_TRUTH,sequence=341317,truth_tick_us=683537589,mechanical_angle_rad=0.056757290,valid=1,read_failures=0"
dengfoc,"SYNC_TRUTH,sequence=341318,truth_tick_us=683539593,mechanical_angle_rad=0.059825253,valid=1,read_failures=0"
dengfoc,"SYNC_TRUTH,sequence=341319,truth_tick_us=683541589,mechanical_angle_rad=0.064427197,valid=1,read_failures=0"
dengfoc,"SYNC_TRUTH,sequence=341320,truth_tick_us=683543593,mechanical_angle_rad=0.069029137,valid=1,read_failures=0"
dengfoc,"SYNC_TRUTH,sequence=341321,truth_tick_us=683545589,mechanical_angle_rad=0.073631078,valid=1,read_failures=0"
dengfoc,"SYNC_TRUTH,sequence=341322,truth_tick_us=683547593,mechanical_angle_rad=0.078233026,valid=1,read_failures=0"
g431,"FTR,26160,4,-712,474,238,0,800,1,725,-188,6302,80,920,778,12133,1383,1383,1275,23,0,29534,-1826,373,168,18,8,91,0,0,0,1"
dengfoc,"SYNC_TRUTH,sequence=341323,truth_tick_us=683549589,mechanical_angle_rad=0.082834966,valid=1,read_failures=0"
dengfoc,"SYNC_TRUTH,sequence=341324,truth_tick_us=683551593,mechanical_angle_rad=0.087436907,valid=1,read_failures=0"
dengfoc,"SYNC_TRUTH,sequence=341325,truth_tick_us=683553589,mechanical_angle_rad=0.092038848,valid=1,read_failures=0"
dengfoc,"SYNC_TRUTH,sequence=341326,truth_tick_us=683555593,mechanical_angle_rad=0.096640795,valid=1,read_failures=0"
dengfoc,"SYNC_TRUTH,sequence=341327,truth_tick_us=683557589,mechanical_angle_rad=0.101242736,valid=1,read_failures=0"
dengfoc,"SYNC_TRUTH,sequence=341328,truth_tick_us=683559593,mechanical_angle_rad=0.105844676,valid=1,read_failures=0"
dengfoc,"SYNC_TRUTH,sequence=341329,truth_tick_us=683561589,mechanical_angle_rad=0.110446617,valid=1,read_failures=0"
dengfoc,"SYNC_TRUTH,sequence=341330,truth_tick_us=683563593,mechanical_angle_rad=0.116582543,valid=1,read_failures=0"
dengfoc,"SYNC_TRUTH,sequence=341331,truth_tick_us=683565589,mechanical_angle_rad=0.121184483,valid=1,read_failures=0"
dengfoc,"SYNC_TRUTH,sequence=341332,truth_tick_us=683567593,mechanical_angle_rad=0.125786424,valid=1,read_failures=0"
dengfoc,"SYNC_TRUTH,sequence=341333,truth_tick_us=683569589,mechanical_angle_rad=0.131922349,valid=1,read_failures=0"
dengfoc,"SYNC_TRUTH,sequence=341334,truth_tick_us=683571593,mechanical_angle_rad=0.136524290,valid=1,read_failures=0"
g431,"FTR,26400,4,-720,275,445,0,800,0,727,-148,6309,79,777,921,12146,1707,1707,1618,24,0,29534,-1859,-185,130,21,5,91,0,0,0,1"
dengfoc,"SYNC_TRUTH,sequence=341335,truth_tick_us=683573589,mechanical_angle_rad=0.141126230,valid=1,read_failures=0"
dengfoc,"SYNC_TRUTH,sequence=341336,truth_tick_us=683575593,mechanical_angle_rad=0.145728186,valid=1,read_failures=0"
dengfoc,"SYNC_TRUTH,sequence=341337,truth_tick_us=683577589,mechanical_angle_rad=0.151864097,valid=1,read_failures=0"
dengfoc,"SYNC_TRUTH,sequence=341338,truth_tick_us=683579593,mechanical_angle_rad=0.156466052,valid=1,read_failures=0"
dengfoc,"SYNC_TRUTH,sequence=341339,truth_tick_us=683581589,mechanical_angle_rad=0.162601963,valid=1,read_failures=0"
dengfoc,"SYNC_TRUTH,sequence=341340,truth_tick_us=683583593,mechanical_angle_rad=0.168737888,valid=1,read_failures=0"
dengfoc,"SYNC_TRUTH,sequence=341341,truth_tick_us=683585589,mechanical_angle_rad=0.174873814,valid=1,read_failures=0"
dengfoc,"SYNC_TRUTH,sequence=341342,truth_tick_us=683587593,mechanical_angle_rad=0.181009740,valid=1,read_failures=0"
dengfoc,"SYNC_TRUTH,sequence=341343,truth_tick_us=683589589,mechanical_angle_rad=0.187145665,valid=1,read_failures=0"
dengfoc,"SYNC_TRUTH,sequence=341344,truth_tick_us=683591593,mechanical_angle_rad=0.191747606,valid=1,read_failures=0"
dengfoc,"SYNC_TRUTH,sequence=341345,truth_tick_us=683593589,mechanical_angle_rad=0.197883531,valid=1,read_failures=0"
dengfoc,"SYNC_TRUTH,sequence=341346,truth_tick_us=683595593,mechanical_angle_rad=0.202485472,valid=1,read_failures=0"
dengfoc,"SYNC_TRUTH,sequence=341347,truth_tick_us=683597589,mechanical_angle_rad=0.208621398,valid=1,read_failures=0"
g431,"FTR,26640,4,-642,19,622,0,800,-2,730,-149,6309,50,504,950,12146,2066,2066,1979,25,0,29534,-1686,-797,116,23,2,123,0,0,0,1"
dengfoc,"SYNC_TRUTH,sequence=341348,truth_tick_us=683599593,mechanical_angle_rad=0.216291294,valid=1,read_failures=0"
dengfoc,"SYNC_TRUTH,sequence=341349,truth_tick_us=683601589,mechanical_angle_rad=0.222427219,valid=1,read_failures=0"
dengfoc,"SYNC_TRUTH,sequence=341350,truth_tick_us=683603593,mechanical_angle_rad=0.228563145,valid=1,read_failures=0"
dengfoc,"SYNC_TRUTH,sequence=341351,truth_tick_us=683605589,mechanical_angle_rad=0.236233041,valid=1,read_failures=0"
dengfoc,"SYNC_TRUTH,sequence=341352,truth_tick_us=683607593,mechanical_angle_rad=0.242368966,valid=1,read_failures=0"
dengfoc,"SYNC_TRUTH,sequence=341353,truth_tick_us=683609589,mechanical_angle_rad=0.248504892,valid=1,read_failures=0"
dengfoc,"SYNC_TRUTH,sequence=341354,truth_tick_us=683611593,mechanical_angle_rad=0.254640818,valid=1,read_failures=0"
g431,"FTR,26880,4,-455,-259,713,0,800,-1,722,-207,6315,85,199,915,12159,2459,2459,2374,28,0,29534,-1234,-1401,138,25,3,123,0,0,0,1"
dengfoc,"SYNC_TRUTH,sequence=341355,truth_tick_us=683613589,mechanical_angle_rad=0.262310714,valid=1,read_failures=0"
dengfoc,"SYNC_TRUTH,sequence=341356,truth_tick_us=683615593,mechanical_angle_rad=0.268446654,valid=1,read_failures=0"
dengfoc,"SYNC_TRUTH,sequence=341357,truth_tick_us=683617589,mechanical_angle_rad=0.276116550,valid=1,read_failures=0"
dengfoc,"SYNC_TRUTH,sequence=341358,truth_tick_us=683619593,mechanical_angle_rad=0.282252461,valid=1,read_failures=0"
dengfoc,"SYNC_TRUTH,sequence=341359,truth_tick_us=683621589,mechanical_angle_rad=0.286854416,valid=1,read_failures=0"
dengfoc,"SYNC_TRUTH,sequence=341360,truth_tick_us=683623593,mechanical_angle_rad=0.291456372,valid=1,read_failures=0"
dengfoc,"SYNC_TRUTH,sequence=341361,truth_tick_us=683625589,mechanical_angle_rad=0.296058297,valid=1,read_failures=0"
dengfoc,"SYNC_TRUTH,sequence=341362,truth_tick_us=683627593,mechanical_angle_rad=0.300660253,valid=1,read_failures=0"
g431,"FTR,27120,4,-182,-512,694,0,800,0,720,-232,6307,331,61,939,12146,2886,2886,2808,31,0,29534,-540,-1805,143,27,5,123,0,0,0,1"
dengfoc,"SYNC_TRUTH,sequence=341363,truth_tick_us=683629589,mechanical_angle_rad=0.305262178,valid=1,read_failures=0"
dengfoc,"SYNC_TRUTH,sequence=341364,truth_tick_us=683631593,mechanical_angle_rad=0.312932104,valid=1,read_failures=0"
dengfoc,"SYNC_TRUTH,sequence=341365,truth_tick_us=683633589,mechanical_angle_rad=0.320602000,valid=1,read_failures=0"
dengfoc,"SYNC_TRUTH,sequence=341366,truth_tick_us=683635593,mechanical_angle_rad=0.328271896,valid=1,read_failures=0"
dengfoc,"SYNC_TRUTH,sequence=341367,truth_tick_us=683637589,mechanical_angle_rad=0.337475777,valid=1,read_failures=0"
dengfoc,"SYNC_TRUTH,sequence=341368,truth_tick_us=683639593,mechanical_angle_rad=0.345145673,valid=1,read_failures=0"
dengfoc,"SYNC_TRUTH,sequence=341369,truth_tick_us=683641589,mechanical_angle_rad=0.351281613,valid=1,read_failures=0"
dengfoc,"SYNC_TRUTH,sequence=341370,truth_tick_us=683643593,mechanical_angle_rad=0.357417524,valid=1,read_failures=0"
dengfoc,"SYNC_TRUTH,sequence=341371,truth_tick_us=683645589,mechanical_angle_rad=0.363553464,valid=1,read_failures=0"
dengfoc,"SYNC_TRUTH,sequence=341372,truth_tick_us=683647593,mechanical_angle_rad=0.368155390,valid=1,read_failures=0"
dengfoc,"SYNC_TRUTH,sequence=341373,truth_tick_us=683649589,mechanical_angle_rad=0.372757345,valid=1,read_failures=0"
dengfoc,"SYNC_TRUTH,sequence=341374,truth_tick_us=683651593,mechanical_angle_rad=0.378893256,valid=1,read_failures=0"
g431,"FTR,27360,4,145,-682,536,0,800,1,718,-261,6299,690,64,936,12133,3347,3347,3271,33,0,29534,306,-1860,141,29,5,123,0,0,0,1"
dengfoc,"SYNC_TRUTH,sequence=341375,truth_tick_us=683653589,mechanical_angle_rad=0.386563182,valid=1,read_failures=0"
dengfoc,"SYNC_TRUTH,sequence=341376,truth_tick_us=683655593,mechanical_angle_rad=0.394233078,valid=1,read_failures=0"
dengfoc,"SYNC_TRUTH,sequence=341377,truth_tick_us=683657589,mechanical_angle_rad=0.400368989,valid=1,read_failures=0"
dengfoc,"SYNC_TRUTH,sequence=341378,truth_tick_us=683659593,mechanical_angle_rad=0.408038914,valid=1,read_failures=0"
dengfoc,"SYNC_TRUTH,sequence=341379,truth_tick_us=683661589,mechanical_angle_rad=0.414174825,valid=1,read_failures=0"
dengfoc,"SYNC_TRUTH,sequence=341380,truth_tick_us=683663593,mechanical_angle_rad=0.418776780,valid=1,read_failures=0"
dengfoc,"SYNC_TRUTH,sequence=341381,truth_tick_us=683665589,mechanical_angle_rad=0.426446676,valid=1,read_failures=0"
dengfoc,"SYNC_TRUTH,sequence=341382,truth_tick_us=683667593,mechanical_angle_rad=0.432582587,valid=1,read_failures=0"
dengfoc,"SYNC_TRUTH,sequence=341383,truth_tick_us=683669589,mechanical_angle_rad=0.440252513,valid=1,read_failures=0"
dengfoc,"SYNC_TRUTH,sequence=341384,truth_tick_us=683671593,mechanical_angle_rad=0.449456394,valid=1,read_failures=0"
dengfoc,"SYNC_TRUTH,sequence=341385,truth_tick_us=683673589,mechanical_angle_rad=0.458660275,valid=1,read_failures=0"
dengfoc,"SYNC_TRUTH,sequence=341386,truth_tick_us=683675593,mechanical_angle_rad=0.467864156,valid=1,read_failures=0"
dengfoc,"SYNC_TRUTH,sequence=341387,truth_tick_us=683677589,mechanical_angle_rad=0.477068037,valid=1,read_failures=0"
g431,"FTR,27600,4,463,-712,249,0,800,4,722,-167,6309,927,73,745,12146,3842,3842,3759,34,0,29534,1074,-1543,100,31,3,123,0,0,0,1"
dengfoc,"SYNC_TRUTH,sequence=341388,truth_tick_us=683679593,mechanical_angle_rad=0.486271918,valid=1,read_failures=0"
dengfoc,"SYNC_TRUTH,sequence=341389,truth_tick_us=683681589,mechanical_angle_rad=0.493941814,valid=1,read_failures=0"
dengfoc,"SYNC_STATUS,frames=5,frame_fail=1,truth=341389,truth_fail=0,idle=0,capture_state=1,capture_failure=0,rejected=0,overflow=0,recovered=1,sync_level=0,driver_disabled=1"
dengfoc,"SYNC_TRUTH,sequence=341390,truth_tick_us=683684593,mechanical_angle_rad=0.507747650,valid=1,read_failures=0"
dengfoc,"SYNC_TRUTH,sequence=341391,truth_tick_us=683686589,mechanical_angle_rad=0.518485546,valid=1,read_failures=0"
dengfoc,"SYNC_TRUTH,sequence=341392,truth_tick_us=683688593,mechanical_angle_rad=0.527689397,valid=1,read_failures=0"
dengfoc,"SYNC_TRUTH,sequence=341393,truth_tick_us=683690589,mechanical_angle_rad=0.538427293,valid=1,read_failures=0"
dengfoc,"SYNC_TRUTH,sequence=341394,truth_tick_us=683692593,mechanical_angle_rad=0.549165130,valid=1,read_failures=0"
g431,"FTR,27840,4,688,-559,-129,0,800,4,731,-242,6300,939,61,329,12133,4372,4372,4265,37,0,29534,1673,-763,138,33,2,123,0,0,0,1"
dengfoc,"SYNC_TRUTH,sequence=341395,truth_tick_us=683694589,mechanical_angle_rad=0.558369040,valid=1,read_failures=0"
dengfoc,"SYNC_TRUTH,sequence=341396,truth_tick_us=683696593,mechanical_angle_rad=0.567572892,valid=1,read_failures=0"
dengfoc,"SYNC_TRUTH,sequence=341397,truth_tick_us=683698589,mechanical_angle_rad=0.575242817,valid=1,read_failures=0"
dengfoc,"SYNC_TRUTH,sequence=341398,truth_tick_us=683700593,mechanical_angle_rad=0.581378758,valid=1,read_failures=0"
dengfoc,"SYNC_TRUTH,sequence=341399,truth_tick_us=683702589,mechanical_angle_rad=0.587514639,valid=1,read_failures=0"
dengfoc,"SYNC_TRUTH,sequence=341400,truth_tick_us=683704593,mechanical_angle_rad=0.593650579,valid=1,read_failures=0"
dengfoc,"SYNC_TRUTH,sequence=341401,truth_tick_us=683706589,mechanical_angle_rad=0.601320505,valid=1,read_failures=0"
g431,"FTR,28080,4,709,-214,-495,0,800,-1,727,-293,6298,936,304,64,12133,4936,4936,4835,41,0,29534,1810,323,188,35,7,123,0,0,0,1"
dengfoc,"SYNC_TRUTH,sequence=341402,truth_tick_us=683708593,mechanical_angle_rad=0.608990371,valid=1,read_failures=0"
dengfoc,"SYNC_TRUTH,sequence=341403,truth_tick_us=683710589,mechanical_angle_rad=0.618194282,valid=1,read_failures=0"
dengfoc,"SYNC_TRUTH,sequence=341404,truth_tick_us=683712593,mechanical_angle_rad=0.627398133,valid=1,read_failures=0"
dengfoc,"SYNC_TRUTH,sequence=341405,truth_tick_us=683714589,mechanical_angle_rad=0.635068059,valid=1,read_failures=0"
dengfoc,"SYNC_TRUTH,sequence=341406,truth_tick_us=683716593,mechanical_angle_rad=0.642737985,valid=1,read_failures=0"
dengfoc,"SYNC_TRUTH,sequence=341407,truth_tick_us=683718589,mechanical_angle_rad=0.650407851,valid=1,read_failures=0"
dengfoc,"SYNC_TRUTH,sequence=341408,truth_tick_us=683720593,mechanical_angle_rad=0.661145747,valid=1,read_failures=0"
dengfoc,"SYNC_TRUTH,sequence=341409,truth_tick_us=683722589,mechanical_angle_rad=0.671883583,valid=1,read_failures=0"
dengfoc,"SYNC_TRUTH,sequence=341410,truth_tick_us=683724593,mechanical_angle_rad=0.682621479,valid=1,read_failures=0"
dengfoc,"SYNC_TRUTH,sequence=341411,truth_tick_us=683726589,mechanical_angle_rad=0.696427286,valid=1,read_failures=0"
dengfoc,"SYNC_TRUTH,sequence=341412,truth_tick_us=683728593,mechanical_angle_rad=0.708699167,valid=1,read_failures=0"
dengfoc,"SYNC_TRUTH,sequence=341413,truth_tick_us=683730589,mechanical_angle_rad=0.722504973,valid=1,read_failures=0"
dengfoc,"SYNC_TRUTH,sequence=341414,truth_tick_us=683732593,mechanical_angle_rad=0.731708884,valid=1,read_failures=0"
g431,"FTR,28320,4,488,212,-701,0,800,-2,719,-318,6303,923,766,77,12146,5534,5534,5451,43,0,29534,1334,1303,177,38,11,123,0,0,0,1"
dengfoc,"SYNC_TRUTH,sequence=341415,truth_tick_us=683734589,mechanical_angle_rad=0.739378750,valid=1,read_failures=0"
dengfoc,"SYNC_TRUTH,sequence=341416,truth_tick_us=683736593,mechanical_angle_rad=0.742446721,valid=1,read_failures=0"
dengfoc,"SYNC_TRUTH,sequence=341417,truth_tick_us=683738589,mechanical_angle_rad=0.747048676,valid=1,read_failures=0"
dengfoc,"SYNC_TRUTH,sequence=341418,truth_tick_us=683740593,mechanical_angle_rad=0.751650631,valid=1,read_failures=0"
dengfoc,"SYNC_TRUTH,sequence=341419,truth_tick_us=683742589,mechanical_angle_rad=0.759320498,valid=1,read_failures=0"
dengfoc,"SYNC_TRUTH,sequence=341420,truth_tick_us=683744593,mechanical_angle_rad=0.768524408,valid=1,read_failures=0"
dengfoc,"SYNC_TRUTH,sequence=341421,truth_tick_us=683746589,mechanical_angle_rad=0.780796230,valid=1,read_failures=0"
g431,"FTR,28560,4,83,579,-662,0,800,-1,722,-68,6311,583,947,53,12146,6166,6166,6100,44,0,29534,420,1833,101,41,8,123,0,0,0,1"
dengfoc,"SYNC_TRUTH,sequence=341422,truth_tick_us=683748593,mechanical_angle_rad=0.791534126,valid=1,read_failures=0"
dengfoc,"SYNC_TRUTH,sequence=341423,truth_tick_us=683750589,mechanical_angle_rad=0.800737977,valid=1,read_failures=0"
dengfoc,"SYNC_TRUTH,sequence=341424,truth_tick_us=683752593,mechanical_angle_rad=0.806873918,valid=1,read_failures=0"
dengfoc,"SYNC_TRUTH,sequence=341425,truth_tick_us=683754589,mechanical_angle_rad=0.813009858,valid=1,read_failures=0"
dengfoc,"SYNC_TRUTH,sequence=341426,truth_tick_us=683756593,mechanical_angle_rad=0.820679724,valid=1,read_failures=0"
dengfoc,"SYNC_TRUTH,sequence=341427,truth_tick_us=683758589,mechanical_angle_rad=0.831417620,valid=1,read_failures=0"
dengfoc,"SYNC_TRUTH,sequence=341428,truth_tick_us=683760593,mechanical_angle_rad=0.845223427,valid=1,read_failures=0"
dengfoc,"SYNC_TRUTH,sequence=341429,truth_tick_us=683762589,mechanical_angle_rad=0.860563219,valid=1,read_failures=0"
dengfoc,"SYNC_TRUTH,sequence=341430,truth_tick_us=683764593,mechanical_angle_rad=0.874369085,valid=1,read_failures=0"
dengfoc,"SYNC_TRUTH,sequence=341431,truth_tick_us=683766589,mechanical_angle_rad=0.885106921,valid=1,read_failures=0"
dengfoc,"SYNC_TRUTH,sequence=341432,truth_tick_us=683768593,mechanical_angle_rad=0.894310832,valid=1,read_failures=0"
dengfoc,"SYNC_TRUTH,sequence=341433,truth_tick_us=683770589,mechanical_angle_rad=0.900446773,valid=1,read_failures=0"
g431,"FTR,28800,4,-375,723,-348,0,800,3,723,-260,6319,96,904,156,12172,549,549,467,46,0,29534,-780,1688,115,43,2,123,0,0,0,1"
dengfoc,"SYNC_TRUTH,sequence=341434,truth_tick_us=683772593,mechanical_angle_rad=0.905048668,valid=1,read_failures=0"
dengfoc,"SYNC_TRUTH,sequence=341435,truth_tick_us=683774589,mechanical_angle_rad=0.912718594,valid=1,read_failures=0"
dengfoc,"SYNC_TRUTH,sequence=341436,truth_tick_us=683776593,mechanical_angle_rad=0.921922505,valid=1,read_failures=0"
dengfoc,"SYNC_TRUTH,sequence=341437,truth_tick_us=683778589,mechanical_angle_rad=0.934194326,valid=1,read_failures=0"
dengfoc,"SYNC_TRUTH,sequence=341438,truth_tick_us=683780593,mechanical_angle_rad=0.946466148,valid=1,read_failures=0"
dengfoc,"SYNC_TRUTH,sequence=341439,truth_tick_us=683782589,mechanical_angle_rad=0.960272014,valid=1,read_failures=0"
dengfoc,"SYNC_TRUTH,sequence=341440,truth_tick_us=683784593,mechanical_angle_rad=0.972543836,valid=1,read_failures=0"
dengfoc,"SYNC_TRUTH,sequence=341441,truth_tick_us=683786589,mechanical_angle_rad=0.981747746,valid=1,read_failures=0"
dengfoc,"SYNC_TRUTH,sequence=341442,truth_tick_us=683788593,mechanical_angle_rad=0.990951598,valid=1,read_failures=0"
dengfoc,"SYNC_TRUTH,sequence=341443,truth_tick_us=683790589,mechanical_angle_rad=1.000155449,valid=1,read_failures=0"
dengfoc,"SYNC_TRUTH,sequence=341444,truth_tick_us=683792593,mechanical_angle_rad=1.010893345,valid=1,read_failures=0"
dengfoc,"SYNC_TRUTH,sequence=341445,truth_tick_us=683794589,mechanical_angle_rad=1.024699211,valid=1,read_failures=0"
g431,"FTR,29040,4,-688,543,145,0,800,0,725,-344,6309,65,935,698,12159,1249,1249,1172,49,0,29534,-1687,738,147,45,4,123,0,0,0,1"
dengfoc,"SYNC_TRUTH,sequence=341446,truth_tick_us=683796593,mechanical_angle_rad=1.038505077,valid=1,read_failures=0"
dengfoc,"SYNC_TRUTH,sequence=341447,truth_tick_us=683798589,mechanical_angle_rad=1.052310824,valid=1,read_failures=0"
dengfoc,"SYNC_TRUTH,sequence=341448,truth_tick_us=683800593,mechanical_angle_rad=1.066116691,valid=1,read_failures=0"
dengfoc,"SYNC_TRUTH,sequence=341449,truth_tick_us=683802589,mechanical_angle_rad=1.075320601,valid=1,read_failures=0"
dengfoc,"SYNC_TRUTH,sequence=341450,truth_tick_us=683804593,mechanical_angle_rad=1.082990408,valid=1,read_failures=0"
dengfoc,"SYNC_TRUTH,sequence=341451,truth_tick_us=683806589,mechanical_angle_rad=1.090660334,valid=1,read_failures=0"
dengfoc,"SYNC_TRUTH,sequence=341452,truth_tick_us=683808593,mechanical_angle_rad=1.099864244,valid=1,read_failures=0"
dengfoc,"SYNC_TRUTH,sequence=341453,truth_tick_us=683810589,mechanical_angle_rad=1.110602140,valid=1,read_failures=0"
g431,"FTR,29280,4,-662,81,581,0,800,2,722,-384,6306,51,539,949,12159,1984,1984,1918,52,0,29534,-1761,-593,147,48,8,123,0,0,0,1"
dengfoc,"SYNC_TRUTH,sequence=341454,truth_tick_us=683812593,mechanical_angle_rad=1.124408007,valid=1,read_failures=0"
dengfoc,"SYNC_TRUTH,sequence=341455,truth_tick_us=683814589,mechanical_angle_rad=1.141281724,valid=1,read_failures=0"
dengfoc,"SYNC_TRUTH,sequence=341456,truth_tick_us=683816593,mechanical_angle_rad=1.158155560,valid=1,read_failures=0"
dengfoc,"SYNC_TRUTH,sequence=341457,truth_tick_us=683818589,mechanical_angle_rad=1.173495293,valid=1,read_failures=0"
dengfoc,"SYNC_TRUTH,sequence=341458,truth_tick_us=683820593,mechanical_angle_rad=1.187301159,valid=1,read_failures=0"
dengfoc,"SYNC_TRUTH,sequence=341459,truth_tick_us=683822589,mechanical_angle_rad=1.196505070,valid=1,read_failures=0"
dengfoc,"SYNC_TRUTH,sequence=341460,truth_tick_us=683824593,mechanical_angle_rad=1.204174995,valid=1,read_failures=0"
dengfoc,"SYNC_TRUTH,sequence=341461,truth_tick_us=683826589,mechanical_angle_rad=1.210310817,valid=1,read_failures=0"
dengfoc,"SYNC_TRUTH,sequence=341462,truth_tick_us=683828593,mechanical_angle_rad=1.217980742,valid=1,read_failures=0"
dengfoc,"SYNC_TRUTH,sequence=341463,truth_tick_us=683830589,mechanical_angle_rad=1.230252624,valid=1,read_failures=0"
dengfoc,"SYNC_TRUTH,sequence=341464,truth_tick_us=683832593,mechanical_angle_rad=1.242524505,valid=1,read_failures=0"
dengfoc,"SYNC_TRUTH,sequence=341465,truth_tick_us=683834589,mechanical_angle_rad=1.256330252,valid=1,read_failures=0"
g431,"FTR,29520,4,-267,-441,707,0,800,-4,714,-449,6309,257,73,927,12172,2753,2753,2694,55,0,29534,-811,-1678,178,50,6,123,0,0,0,1"
dengfoc,"SYNC_TRUTH,sequence=341466,truth_tick_us=683836593,mechanical_angle_rad=1.270136118,valid=1,read_failures=0"
dengfoc,"SYNC_TRUTH,sequence=341467,truth_tick_us=683838589,mechanical_angle_rad=1.279340029,valid=1,read_failures=0"
dengfoc,"SYNC_TRUTH,sequence=341468,truth_tick_us=683840593,mechanical_angle_rad=1.287009954,valid=1,read_failures=0"
dengfoc,"SYNC_TRUTH,sequence=341469,truth_tick_us=683842589,mechanical_angle_rad=1.294679880,valid=1,read_failures=0"
dengfoc,"SYNC_TRUTH,sequence=341470,truth_tick_us=683844593,mechanical_angle_rad=1.300815701,valid=1,read_failures=0"
dengfoc,"SYNC_TRUTH,sequence=341471,truth_tick_us=683846589,mechanical_angle_rad=1.311553597,valid=1,read_failures=0"
dengfoc,"SYNC_TRUTH,sequence=341472,truth_tick_us=683848593,mechanical_angle_rad=1.323825479,valid=1,read_failures=0"
g431,"FTR,29760,4,298,-713,415,0,800,-11,717,-261,6306,843,96,904,12146,3556,3556,3506,56,0,29534,588,-1770,140,53,5,123,0,0,0,1"
dengfoc,"SYNC_TRUTH,sequence=341473,truth_tick_us=683850589,mechanical_angle_rad=1.340699196,valid=1,read_failures=0"
dengfoc,"SYNC_TRUTH,sequence=341474,truth_tick_us=683852593,mechanical_angle_rad=1.357573032,valid=1,read_failures=0"
dengfoc,"SYNC_TRUTH,sequence=341475,truth_tick_us=683854589,mechanical_angle_rad=1.374446869,valid=1,read_failures=0"
dengfoc,"SYNC_TRUTH,sequence=341476,truth_tick_us=683856593,mechanical_angle_rad=1.389786601,valid=1,read_failures=0"
dengfoc,"SYNC_TRUTH,sequence=341477,truth_tick_us=683858589,mechanical_angle_rad=1.400524497,valid=1,read_failures=0"
dengfoc,"SYNC_TRUTH,sequence=341478,truth_tick_us=683860593,mechanical_angle_rad=1.412796378,valid=1,read_failures=0"
dengfoc,"SYNC_TRUTH,sequence=341479,truth_tick_us=683862589,mechanical_angle_rad=1.422000289,valid=1,read_failures=0"
dengfoc,"SYNC_TRUTH,sequence=341480,truth_tick_us=683864593,mechanical_angle_rad=1.431204081,valid=1,read_failures=0"
dengfoc,"SYNC_TRUTH,sequence=341481,truth_tick_us=683866589,mechanical_angle_rad=1.445009947,valid=1,read_failures=0"
dengfoc,"SYNC_TRUTH,sequence=341482,truth_tick_us=683868593,mechanical_angle_rad=1.460349798,valid=1,read_failures=0"
dengfoc,"SYNC_TRUTH,sequence=341483,truth_tick_us=683870589,mechanical_angle_rad=1.475689530,valid=1,read_failures=0"
dengfoc,"SYNC_TRUTH,sequence=341484,truth_tick_us=683872593,mechanical_angle_rad=1.491029382,valid=1,read_failures=0"
dengfoc,"SYNC_TRUTH,sequence=341485,truth_tick_us=683874589,mechanical_angle_rad=1.503301263,valid=1,read_failures=0"
g431,"FTR,30000,4,694,-544,-150,0,800,-2,731,-368,6300,935,65,298,12146,4393,4393,4329,58,0,29534,1659,-765,141,55,3,123,0,0,0,1"
dengfoc,"SYNC_TRUTH,sequence=341486,truth_tick_us=683876593,mechanical_angle_rad=1.512505054,valid=1,read_failures=0"
dengfoc,"SYNC_TRUTH,sequence=341487,truth_tick_us=683878589,mechanical_angle_rad=1.521708965,valid=1,read_failures=0"
dengfoc,"SYNC_TRUTH,sequence=341488,truth_tick_us=683880593,mechanical_angle_rad=1.530912876,valid=1,read_failures=0"
dengfoc,"SYNC_TRUTH,sequence=341489,truth_tick_us=683882589,mechanical_angle_rad=1.543184757,valid=1,read_failures=0"
dengfoc,"SYNC_TRUTH,sequence=341490,truth_tick_us=683884593,mechanical_angle_rad=1.556990504,valid=1,read_failures=0"
dengfoc,"SYNC_TRUTH,sequence=341491,truth_tick_us=683886589,mechanical_angle_rad=1.578466296,valid=1,read_failures=0"
dengfoc,"SYNC_TRUTH,sequence=341492,truth_tick_us=683888593,mechanical_angle_rad=1.599941969,valid=1,read_failures=0"
g431,"FTR,30240,4,621,22,-643,0,800,-2,730,-353,6301,948,566,52,12146,5264,5264,5205,62,0,29534,1635,813,171,57,5,123,0,0,0,1"
dengfoc,"SYNC_TRUTH,sequence=341493,truth_tick_us=683890589,mechanical_angle_rad=1.621417761,valid=1,read_failures=0"
dengfoc,"SYNC_TRUTH,sequence=341494,truth_tick_us=683892593,mechanical_angle_rad=1.641359448,valid=1,read_failures=0"
dengfoc,"SYNC_TRUTH,sequence=341495,truth_tick_us=683894589,mechanical_angle_rad=1.655165315,valid=1,read_failures=0"
dengfoc,"SYNC_TRUTH,sequence=341496,truth_tick_us=683896595,mechanical_angle_rad=1.659767270,valid=1,read_failures=0"
dengfoc,"SYNC_TRUTH,sequence=341497,truth_tick_us=683898589,mechanical_angle_rad=1.664369226,valid=1,read_failures=0"
dengfoc,"SYNC_TRUTH,sequence=341498,truth_tick_us=683900593,mechanical_angle_rad=1.668971181,valid=1,read_failures=0"
dengfoc,"SYNC_TRUTH,sequence=341499,truth_tick_us=683902589,mechanical_angle_rad=1.679708958,valid=1,read_failures=0"
dengfoc,"SYNC_ANCHOR_RX,session=2026100505,edge_sequence=5005,edge_tag=905,truth_tick_us=683893053,source=2,flags=0x00000003"
dengfoc,"SYNC_TRUTH,sequence=341500,truth_tick_us=683905601,mechanical_angle_rad=1.702718735,valid=1,read_failures=0"
dengfoc,"SYNC_TRUTH,sequence=341501,truth_tick_us=683907589,mechanical_angle_rad=1.719592452,valid=1,read_failures=0"
dengfoc,"SYNC_TRUTH,sequence=341502,truth_tick_us=683909593,mechanical_angle_rad=1.736466289,valid=1,read_failures=0"
dengfoc,"SYNC_TRUTH,sequence=341503,truth_tick_us=683911589,mechanical_angle_rad=1.751806140,valid=1,read_failures=0"
dengfoc,"SYNC_TRUTH,sequence=341504,truth_tick_us=683913593,mechanical_angle_rad=1.765611887,valid=1,read_failures=0"
g431,"FTR,30480,4,80,581,-661,0,800,-2,721,-146,6316,570,948,52,12159,6170,6170,6129,63,0,29534,442,1814,121,59,10,123,0,0,0,1"
dengfoc,"SYNC_TRUTH,sequence=341505,truth_tick_us=683915589,mechanical_angle_rad=1.777883768,valid=1,read_failures=0"
dengfoc,"SYNC_TRUTH,sequence=341506,truth_tick_us=683917593,mechanical_angle_rad=1.790155649,valid=1,read_failures=0"
dengfoc,"SYNC_TRUTH,sequence=341507,truth_tick_us=683919589,mechanical_angle_rad=1.800893545,valid=1,read_failures=0"
dengfoc,"SYNC_TRUTH,sequence=341508,truth_tick_us=683921593,mechanical_angle_rad=1.813165307,valid=1,read_failures=0"
dengfoc,"SYNC_TRUTH,sequence=341509,truth_tick_us=683923589,mechanical_angle_rad=1.828505158,valid=1,read_failures=0"
dengfoc,"SYNC_TRUTH,sequence=341510,truth_tick_us=683925593,mechanical_angle_rad=1.842311025,valid=1,read_failures=0"
dengfoc,"SYNC_TRUTH,sequence=341511,truth_tick_us=683927589,mechanical_angle_rad=1.856116772,valid=1,read_failures=0"
g431,"FTR,30720,4,-541,693,-152,0,800,-8,728,-295,6318,57,943,365,12172,826,826,774,65,0,29534,-1173,1399,137,62,5,123,0,0,0,1"
dengfoc,"SYNC_TRUTH,sequence=341512,truth_tick_us=683929593,mechanical_angle_rad=1.869922638,valid=1,read_failures=0"
dengfoc,"SYNC_TRUTH,sequence=341513,truth_tick_us=683931589,mechanical_angle_rad=1.883728504,valid=1,read_failures=0"
dengfoc,"SYNC_TRUTH,sequence=341514,truth_tick_us=683933593,mechanical_angle_rad=1.899068236,valid=1,read_failures=0"
dengfoc,"SYNC_TRUTH,sequence=341515,truth_tick_us=683935589,mechanical_angle_rad=1.915942073,valid=1,read_failures=0"
dengfoc,"SYNC_TRUTH,sequence=341516,truth_tick_us=683937593,mechanical_angle_rad=1.932815790,valid=1,read_failures=0"
dengfoc,"SYNC_TRUTH,sequence=341517,truth_tick_us=683939589,mechanical_angle_rad=1.951223612,valid=1,read_failures=0"
dengfoc,"SYNC_TRUTH,sequence=341518,truth_tick_us=683941593,mechanical_angle_rad=1.966563463,valid=1,read_failures=0"
dengfoc,"SYNC_TRUTH,sequence=341519,truth_tick_us=683943589,mechanical_angle_rad=1.977301240,valid=1,read_failures=0"
dengfoc,"SYNC_TRUTH,sequence=341520,truth_tick_us=683945593,mechanical_angle_rad=1.984971166,valid=1,read_failures=0"
dengfoc,"SYNC_TRUTH,sequence=341521,truth_tick_us=683947589,mechanical_angle_rad=1.992641091,valid=1,read_failures=0"
dengfoc,"SYNC_TRUTH,sequence=341522,truth_tick_us=683949593,mechanical_angle_rad=2.003378868,valid=1,read_failures=0"
dengfoc,"SYNC_TRUTH,sequence=341523,truth_tick_us=683951589,mechanical_angle_rad=2.020252705,valid=1,read_failures=0"
dengfoc,"SYNC_TRUTH,sequence=341524,truth_tick_us=683953593,mechanical_angle_rad=2.038660526,valid=1,read_failures=0"
g431,"FTR,30960,4,-702,207,495,0,800,-2,722,-458,6301,61,671,939,12159,1800,1800,1754,68,0,29534,-1830,-222,161,64,5,123,0,0,0,1"
dengfoc,"SYNC_TRUTH,sequence=341525,truth_tick_us=683955589,mechanical_angle_rad=2.061670303,valid=1,read_failures=0"
dengfoc,"SYNC_TRUTH,sequence=341526,truth_tick_us=683957593,mechanical_angle_rad=2.084679842,valid=1,read_failures=0"
dengfoc,"SYNC_TRUTH,sequence=341527,truth_tick_us=683959589,mechanical_angle_rad=2.110757589,valid=1,read_failures=0"
dengfoc,"SYNC_TRUTH,sequence=341528,truth_tick_us=683961593,mechanical_angle_rad=2.129165411,valid=1,read_failures=0"
dengfoc,"SYNC_TRUTH,sequence=341529,truth_tick_us=683963589,mechanical_angle_rad=2.139903307,valid=1,read_failures=0"
dengfoc,"SYNC_TRUTH,sequence=341530,truth_tick_us=683965593,mechanical_angle_rad=2.144505262,valid=1,read_failures=0"
dengfoc,"SYNC_TRUTH,sequence=341531,truth_tick_us=683967589,mechanical_angle_rad=2.150641203,valid=1,read_failures=0"
g431,"FTR,31200,4,-239,-471,710,0,800,3,723,-721,6263,331,61,939,12133,2808,2808,2766,72,0,29534,-747,-1684,193,66,7,123,0,0,0,1"
dengfoc,"SYNC_TRUTH,sequence=341532,truth_tick_us=683969593,mechanical_angle_rad=2.161379099,valid=1,read_failures=0"
dengfoc,"SYNC_TRUTH,sequence=341533,truth_tick_us=683971589,mechanical_angle_rad=2.176718712,valid=1,read_failures=0"
dengfoc,"SYNC_TRUTH,sequence=341534,truth_tick_us=683973593,mechanical_angle_rad=2.192058563,valid=1,read_failures=0"
dengfoc,"SYNC_TRUTH,sequence=341535,truth_tick_us=683975589,mechanical_angle_rad=2.208932400,valid=1,read_failures=0"
dengfoc,"SYNC_TRUTH,sequence=341536,truth_tick_us=683977593,mechanical_angle_rad=2.225806236,valid=1,read_failures=0"
dengfoc,"SYNC_TRUTH,sequence=341537,truth_tick_us=683979589,mechanical_angle_rad=2.238078117,valid=1,read_failures=0"
dengfoc,"SYNC_TRUTH,sequence=341538,truth_tick_us=683981593,mechanical_angle_rad=2.253417730,valid=1,read_failures=0"
dengfoc,"SYNC_TRUTH,sequence=341539,truth_tick_us=683983589,mechanical_angle_rad=2.265689611,valid=1,read_failures=0"
dengfoc,"SYNC_TRUTH,sequence=341540,truth_tick_us=683985593,mechanical_angle_rad=2.282563448,valid=1,read_failures=0"
dengfoc,"SYNC_TRUTH,sequence=341541,truth_tick_us=683987589,mechanical_angle_rad=2.299437284,valid=1,read_failures=0"
dengfoc,"SYNC_TRUTH,sequence=341542,truth_tick_us=683989593,mechanical_angle_rad=2.317845106,valid=1,read_failures=0"
dengfoc,"SYNC_TRUTH,sequence=341543,truth_tick_us=683991589,mechanical_angle_rad=2.336252689,valid=1,read_failures=0"
dengfoc,"SYNC_TRUTH,sequence=341544,truth_tick_us=683993593,mechanical_angle_rad=2.353126526,valid=1,read_failures=0"
g431,"FTR,31440,4,472,-705,233,0,800,-6,719,-308,6317,931,69,723,12172,3851,3851,3819,72,0,29534,980,-1568,116,69,6,123,0,0,0,1"
dengfoc,"SYNC_TRUTH,sequence=341545,truth_tick_us=683995589,mechanical_angle_rad=2.366932392,valid=1,read_failures=0"
dengfoc,"SYNC_TRUTH,sequence=341546,truth_tick_us=683997593,mechanical_angle_rad=2.380738258,valid=1,read_failures=0"
dengfoc,"SYNC_TRUTH,sequence=341547,truth_tick_us=683999589,mechanical_angle_rad=2.391476154,valid=1,read_failures=0"
dengfoc,"SYNC_TRUTH,sequence=341548,truth_tick_us=684001593,mechanical_angle_rad=2.405282021,valid=1,read_failures=0"
dengfoc,"SYNC_TRUTH,sequence=341549,truth_tick_us=684003589,mechanical_angle_rad=2.422155619,valid=1,read_failures=0"
dengfoc,"SYNC_TRUTH,sequence=341550,truth_tick_us=684005593,mechanical_angle_rad=2.439029455,valid=1,read_failures=0"
dengfoc,"SYNC_TRUTH,sequence=341551,truth_tick_us=684007589,mechanical_angle_rad=2.457437277,valid=1,read_failures=0"
g431,"FTR,31680,4,713,-220,-493,0,800,-2,731,-442,6289,937,316,63,12133,4927,4927,4889,75,0,29534,1795,156,156,71,4,123,0,0,0,1"
dengfoc,"SYNC_TRUTH,sequence=341552,truth_tick_us=684009593,mechanical_angle_rad=2.475845098,valid=1,read_failures=0"
dengfoc,"SYNC_TRUTH,sequence=341553,truth_tick_us=684011589,mechanical_angle_rad=2.494252920,valid=1,read_failures=0"
dengfoc,"SYNC_TRUTH,sequence=341554,truth_tick_us=684013593,mechanical_angle_rad=2.511126518,valid=1,read_failures=0"
dengfoc,"SYNC_TRUTH,sequence=341555,truth_tick_us=684015589,mechanical_angle_rad=2.524932384,valid=1,read_failures=0"
dengfoc,"SYNC_TRUTH,sequence=341556,truth_tick_us=684017593,mechanical_angle_rad=2.540272236,valid=1,read_failures=0"
dengfoc,"SYNC_TRUTH,sequence=341557,truth_tick_us=684019589,mechanical_angle_rad=2.554078102,valid=1,read_failures=0"
dengfoc,"SYNC_TRUTH,sequence=341558,truth_tick_us=684021593,mechanical_angle_rad=2.567883968,valid=1,read_failures=0"
dengfoc,"SYNC_TRUTH,sequence=341559,truth_tick_us=684023589,mechanical_angle_rad=2.583223820,valid=1,read_failures=0"
dengfoc,"SYNC_TRUTH,sequence=341560,truth_tick_us=684025593,mechanical_angle_rad=2.597029448,valid=1,read_failures=0"
dengfoc,"SYNC_TRUTH,sequence=341561,truth_tick_us=684027589,mechanical_angle_rad=2.613903284,valid=1,read_failures=0"
dengfoc,"SYNC_TRUTH,sequence=341562,truth_tick_us=684029593,mechanical_angle_rad=2.632311106,valid=1,read_failures=0"
dengfoc,"SYNC_TRUTH,sequence=341563,truth_tick_us=684031589,mechanical_angle_rad=2.650718927,valid=1,read_failures=0"
dengfoc,"SYNC_TRUTH,sequence=341564,truth_tick_us=684033593,mechanical_angle_rad=2.670660734,valid=1,read_failures=0"
g431,"FTR,31920,4,172,514,-686,0,800,-1,714,-371,6300,645,942,58,12146,6038,6038,6013,77,0,29534,692,1716,139,74,6,123,0,0,0,1"
dengfoc,"SYNC_TRUTH,sequence=341565,truth_tick_us=684035589,mechanical_angle_rad=2.687534332,valid=1,read_failures=0"
dengfoc,"SYNC_TRUTH,sequence=341566,truth_tick_us=684037593,mechanical_angle_rad=2.704408169,valid=1,read_failures=0"
dengfoc,"SYNC_TRUTH,sequence=341567,truth_tick_us=684039589,mechanical_angle_rad=2.718214035,valid=1,read_failures=0"
dengfoc,"SYNC_TRUTH,sequence=341568,truth_tick_us=684041593,mechanical_angle_rad=2.730485916,valid=1,read_failures=0"
dengfoc,"SYNC_TRUTH,sequence=341569,truth_tick_us=684043589,mechanical_angle_rad=2.742757797,valid=1,read_failures=0"
dengfoc,"SYNC_TRUTH,sequence=341570,truth_tick_us=684045593,mechanical_angle_rad=2.756563663,valid=1,read_failures=0"
dengfoc,"SYNC_TRUTH,sequence=341571,truth_tick_us=684047589,mechanical_angle_rad=2.774971247,valid=1,read_failures=0"
g431,"FTR,32160,4,-570,677,-107,0,800,0,728,-506,6291,51,949,447,12146,899,899,870,80,0,29534,-1253,1299,158,76,6,123,0,0,0,1"
dengfoc,"SYNC_TRUTH,sequence=341572,truth_tick_us=684049593,mechanical_angle_rad=2.796447039,valid=1,read_failures=0"
dengfoc,"SYNC_TRUTH,sequence=341573,truth_tick_us=684051589,mechanical_angle_rad=2.817922831,valid=1,read_failures=0"
dengfoc,"SYNC_TRUTH,sequence=341574,truth_tick_us=684053593,mechanical_angle_rad=2.840932608,valid=1,read_failures=0"
dengfoc,"SYNC_TRUTH,sequence=341575,truth_tick_us=684055589,mechanical_angle_rad=2.859340191,valid=1,read_failures=0"
dengfoc,"SYNC_TRUTH,sequence=341576,truth_tick_us=684057593,mechanical_angle_rad=2.870078087,valid=1,read_failures=0"
dengfoc,"SYNC_TRUTH,sequence=341577,truth_tick_us=684059589,mechanical_angle_rad=2.877748013,valid=1,read_failures=0"
dengfoc,"SYNC_TRUTH,sequence=341578,truth_tick_us=684061593,mechanical_angle_rad=2.885417938,valid=1,read_failures=0"
dengfoc,"SYNC_TRUTH,sequence=341579,truth_tick_us=684063589,mechanical_angle_rad=2.899223804,valid=1,read_failures=0"
dengfoc,"SYNC_TRUTH,sequence=341580,truth_tick_us=684065593,mechanical_angle_rad=2.919165611,valid=1,read_failures=0"
dengfoc,"SYNC_TRUTH,sequence=341581,truth_tick_us=684067589,mechanical_angle_rad=2.943709135,valid=1,read_failures=0"
dengfoc,"SYNC_TRUTH,sequence=341582,truth_tick_us=684069593,mechanical_angle_rad=2.972854853,valid=1,read_failures=0"
dengfoc,"SYNC_TRUTH,sequence=341583,truth_tick_us=684071589,mechanical_angle_rad=3.000466585,valid=1,read_failures=0"
g431,"FTR,32400,4,-632,10,622,0,800,-2,724,-378,6293,50,466,950,12133,2078,2078,2059,82,0,29534,-1698,-658,151,78,5,123,0,0,0,1"
dengfoc,"SYNC_TRUTH,sequence=341584,truth_tick_us=684073593,mechanical_angle_rad=3.021942139,valid=1,read_failures=0"
dengfoc,"SYNC_TRUTH,sequence=341585,truth_tick_us=684075589,mechanical_angle_rad=3.029612064,valid=1,read_failures=0"
dengfoc,"SYNC_TRUTH,sequence=341586,truth_tick_us=684077593,mechanical_angle_rad=3.032680035,valid=1,read_failures=0"
dengfoc,"SYNC_TRUTH,sequence=341587,truth_tick_us=684079589,mechanical_angle_rad=3.040349960,valid=1,read_failures=0"
dengfoc,"SYNC_TRUTH,sequence=341588,truth_tick_us=684081593,mechanical_angle_rad=3.055689812,valid=1,read_failures=0"
dengfoc,"SYNC_TRUTH,sequence=341589,truth_tick_us=684083589,mechanical_angle_rad=3.075631618,valid=1,read_failures=0"
dengfoc,"SYNC_TRUTH,sequence=341590,truth_tick_us=684085593,mechanical_angle_rad=3.098641396,valid=1,read_failures=0"
dengfoc,"SYNC_TRUTH,sequence=341591,truth_tick_us=684087589,mechanical_angle_rad=3.118582964,valid=1,read_failures=0"
g431,"FTR,32640,4,107,-669,562,0,800,0,718,-229,6294,644,58,942,12120,3291,3291,3280,84,0,29534,-6,-1837,133,80,7,123,0,0,0,1"
dengfoc,"SYNC_TRUTH,sequence=341592,truth_tick_us=684089593,mechanical_angle_rad=3.138524771,valid=1,read_failures=0"
dengfoc,"SYNC_TRUTH,sequence=341593,truth_tick_us=684091589,mechanical_angle_rad=3.158466578,valid=1,read_failures=0"
dengfoc,"SYNC_TRUTH,sequence=341594,truth_tick_us=684093593,mechanical_angle_rad=3.176874399,valid=1,read_failures=0"
dengfoc,"SYNC_TRUTH,sequence=341595,truth_tick_us=684095589,mechanical_angle_rad=3.195281982,valid=1,read_failures=0"
dengfoc,"SYNC_TRUTH,sequence=341596,truth_tick_us=684097593,mechanical_angle_rad=3.212155819,valid=1,read_failures=0"
dengfoc,"SYNC_TRUTH,sequence=341597,truth_tick_us=684099589,mechanical_angle_rad=3.230563641,valid=1,read_failures=0"
dengfoc,"SYNC_TRUTH,sequence=341598,truth_tick_us=684101593,mechanical_angle_rad=3.248971462,valid=1,read_failures=0"
dengfoc,"SYNC_TRUTH,sequence=341599,truth_tick_us=684103589,mechanical_angle_rad=3.265845299,valid=1,read_failures=0"
dengfoc,"SYNC_TRUTH,sequence=341600,truth_tick_us=684105593,mechanical_angle_rad=3.284252882,valid=1,read_failures=0"
dengfoc,"SYNC_TRUTH,sequence=341601,truth_tick_us=684107589,mechanical_angle_rad=3.302660704,valid=1,read_failures=0"
dengfoc,"SYNC_TRUTH,sequence=341602,truth_tick_us=684109593,mechanical_angle_rad=3.321068525,valid=1,read_failures=0"
dengfoc,"SYNC_TRUTH,sequence=341603,truth_tick_us=684111589,mechanical_angle_rad=3.339476347,valid=1,read_failures=0"
g431,"FTR,32880,4,713,-464,-249,0,800,-1,724,-521,6283,909,91,173,12133,4538,4538,4519,86,0,29534,1685,-601,132,83,4,123,0,0,0,1"
dengfoc,"SYNC_TRUTH,sequence=341604,truth_tick_us=684113593,mechanical_angle_rad=3.356349945,valid=1,read_failures=0"
dengfoc,"SYNC_TRUTH,sequence=341605,truth_tick_us=684115589,mechanical_angle_rad=3.373223782,valid=1,read_failures=0"
dengfoc,"SYNC_TRUTH,sequence=341606,truth_tick_us=684117593,mechanical_angle_rad=3.391631603,valid=1,read_failures=0"
dengfoc,"SYNC_TRUTH,sequence=341607,truth_tick_us=684119589,mechanical_angle_rad=3.410039425,valid=1,read_failures=0"
dengfoc,"SYNC_TRUTH,sequence=341608,truth_tick_us=684121593,mechanical_angle_rad=3.429981232,valid=1,read_failures=0"
dengfoc,"SYNC_TRUTH,sequence=341609,truth_tick_us=684123589,mechanical_angle_rad=3.449922800,valid=1,read_failures=0"
dengfoc,"SYNC_TRUTH,sequence=341610,truth_tick_us=684125593,mechanical_angle_rad=3.469864607,valid=1,read_failures=0"
dengfoc,"SYNC_TRUTH,sequence=341611,truth_tick_us=684127589,mechanical_angle_rad=3.486738443,valid=1,read_failures=0"
dengfoc,"SYNC_TRUTH,sequence=341612,truth_tick_us=684129593,mechanical_angle_rad=3.502078295,valid=1,read_failures=0"
dengfoc,"SYNC_TRUTH,sequence=341613,truth_tick_us=684131589,mechanical_angle_rad=3.517418146,valid=1,read_failures=0"
dengfoc,"SYNC_TRUTH,sequence=341614,truth_tick_us=684133593,mechanical_angle_rad=3.532757759,valid=1,read_failures=0"
dengfoc,"SYNC_TRUTH,sequence=341615,truth_tick_us=684135589,mechanical_angle_rad=3.548097610,valid=1,read_failures=0"
g431,"FTR,33120,4,318,389,-707,0,800,1,708,-535,6282,788,918,82,12133,5820,5820,5811,89,0,29534,1042,1494,156,85,6,123,0,0,0,1"
dengfoc,"SYNC_TRUTH,sequence=341616,truth_tick_us=684137593,mechanical_angle_rad=3.568039417,valid=1,read_failures=0"
dengfoc,"SYNC_TRUTH,sequence=341617,truth_tick_us=684139589,mechanical_angle_rad=3.587981224,valid=1,read_failures=0"
dengfoc,"SYNC_TRUTH,sequence=341618,truth_tick_us=684141593,mechanical_angle_rad=3.609456778,valid=1,read_failures=0"
dengfoc,"SYNC_TRUTH,sequence=341619,truth_tick_us=684143589,mechanical_angle_rad=3.632466555,valid=1,read_failures=0"
dengfoc,"SYNC_TRUTH,sequence=341620,truth_tick_us=684145593,mechanical_angle_rad=3.652408361,valid=1,read_failures=0"
dengfoc,"SYNC_TRUTH,sequence=341621,truth_tick_us=684147589,mechanical_angle_rad=3.675418139,valid=1,read_failures=0"
dengfoc,"SYNC_TRUTH,sequence=341622,truth_tick_us=684149593,mechanical_angle_rad=3.696893692,valid=1,read_failures=0"
g431,"FTR,33360,4,-546,686,-140,0,800,0,725,-556,6293,53,947,417,12159,852,852,839,90,0,29534,-1107,1409,122,87,5,123,0,0,0,1"
dengfoc,"SYNC_TRUTH,sequence=341623,truth_tick_us=684151589,mechanical_angle_rad=3.719903469,valid=1,read_failures=0"
dengfoc,"SYNC_TRUTH,sequence=341624,truth_tick_us=684153593,mechanical_angle_rad=3.739845276,valid=1,read_failures=0"
dengfoc,"SYNC_TRUTH,sequence=341625,truth_tick_us=684155589,mechanical_angle_rad=3.753651142,valid=1,read_failures=0"
dengfoc,"SYNC_TRUTH,sequence=341626,truth_tick_us=684157593,mechanical_angle_rad=3.767457008,valid=1,read_failures=0"
dengfoc,"SYNC_TRUTH,sequence=341627,truth_tick_us=684159589,mechanical_angle_rad=3.781262636,valid=1,read_failures=0"
dengfoc,"SYNC_TRUTH,sequence=341628,truth_tick_us=684161593,mechanical_angle_rad=3.796602488,valid=1,read_failures=0"
dengfoc,"SYNC_TRUTH,sequence=341629,truth_tick_us=684163589,mechanical_angle_rad=3.819612265,valid=1,read_failures=0"
dengfoc,"SYNC_TRUTH,sequence=341630,truth_tick_us=684165593,mechanical_angle_rad=3.847223997,valid=1,read_failures=0"
dengfoc,"SYNC_TRUTH,sequence=341631,truth_tick_us=684167589,mechanical_angle_rad=3.879437447,valid=1,read_failures=0"
dengfoc,"SYNC_TRUTH,sequence=341632,truth_tick_us=684169593,mechanical_angle_rad=3.907049179,valid=1,read_failures=0"
dengfoc,"SYNC_TRUTH,sequence=341633,truth_tick_us=684171589,mechanical_angle_rad=3.919321060,valid=1,read_failures=0"
dengfoc,"SYNC_TRUTH,sequence=341634,truth_tick_us=684173593,mechanical_angle_rad=3.925457001,valid=1,read_failures=0"
dengfoc,"SYNC_TRUTH,sequence=341635,truth_tick_us=684175589,mechanical_angle_rad=3.931592941,valid=1,read_failures=0"
g431,"FTR,33600,4,-579,-77,656,0,800,1,717,-441,6309,57,362,943,12172,2202,2202,2201,93,0,29534,-1626,-789,126,90,6,123,0,0,0,1"
dengfoc,"SYNC_TRUTH,sequence=341636,truth_tick_us=684177593,mechanical_angle_rad=3.946932793,valid=1,read_failures=0"
dengfoc,"SYNC_TRUTH,sequence=341637,truth_tick_us=684179589,mechanical_angle_rad=3.969942331,valid=1,read_failures=0"
dengfoc,"SYNC_TRUTH,sequence=341638,truth_tick_us=684181593,mechanical_angle_rad=3.997554064,valid=1,read_failures=0"
dengfoc,"SYNC_TRUTH,sequence=341639,truth_tick_us=684183589,mechanical_angle_rad=4.025165558,valid=1,read_failures=0"
dengfoc,"SYNC_TRUTH,sequence=341640,truth_tick_us=684185593,mechanical_angle_rad=4.048175335,valid=1,read_failures=0"
dengfoc,"SYNC_TRUTH,sequence=341641,truth_tick_us=684187589,mechanical_angle_rad=4.066583157,valid=1,read_failures=0"
dengfoc,"SYNC_TRUTH,sequence=341642,truth_tick_us=684189593,mechanical_angle_rad=4.081923008,valid=1,read_failures=0"
g431,"FTR,33840,4,303,-710,407,0,800,4,713,-423,6304,882,108,892,12159,3586,3586,3591,94,0,29534,398,-1783,78,92,6,123,0,0,0,1"
dengfoc,"SYNC_TRUTH,sequence=341643,truth_tick_us=684191589,mechanical_angle_rad=4.097262859,valid=1,read_failures=0"
dengfoc,"SYNC_TRUTH,sequence=341644,truth_tick_us=684193593,mechanical_angle_rad=4.115670681,valid=1,read_failures=0"
dengfoc,"SYNC_TRUTH,sequence=341645,truth_tick_us=684195589,mechanical_angle_rad=4.140214443,valid=1,read_failures=0"
dengfoc,"SYNC_TRUTH,sequence=341646,truth_tick_us=684197593,mechanical_angle_rad=4.166291714,valid=1,read_failures=0"
dengfoc,"SYNC_TRUTH,sequence=341647,truth_tick_us=684199589,mechanical_angle_rad=4.195437431,valid=1,read_failures=0"
dengfoc,"SYNC_TRUTH,sequence=341648,truth_tick_us=684201593,mechanical_angle_rad=4.221515179,valid=1,read_failures=0"
dengfoc,"SYNC_TRUTH,sequence=341649,truth_tick_us=684203589,mechanical_angle_rad=4.242990971,valid=1,read_failures=0"
dengfoc,"SYNC_TRUTH,sequence=341650,truth_tick_us=684205593,mechanical_angle_rad=4.259864807,valid=1,read_failures=0"
dengfoc,"SYNC_TRUTH,sequence=341651,truth_tick_us=684207589,mechanical_angle_rad=4.273670673,valid=1,read_failures=0"
dengfoc,"SYNC_TRUTH,sequence=341652,truth_tick_us=684209593,mechanical_angle_rad=4.292078495,valid=1,read_failures=0"
dengfoc,"SYNC_TRUTH,sequence=341653,truth_tick_us=684211589,mechanical_angle_rad=4.313554287,valid=1,read_failures=0"
dengfoc,"SYNC_TRUTH,sequence=341654,truth_tick_us=684213593,mechanical_angle_rad=4.335029602,valid=1,read_failures=0"
dengfoc,"SYNC_TRUTH,sequence=341655,truth_tick_us=684215589,mechanical_angle_rad=4.361107349,valid=1,read_failures=0"
g431,"FTR,34080,4,691,-164,-527,0,800,-1,722,-779,6263,947,416,53,12146,5004,5004,5001,99,0,29534,1751,228,163,94,5,123,0,0,0,1"
dengfoc,"SYNC_TRUTH,sequence=341656,truth_tick_us=684217593,mechanical_angle_rad=4.382583141,valid=1,read_failures=0"
dengfoc,"SYNC_TRUTH,sequence=341657,truth_tick_us=684219589,mechanical_angle_rad=4.402524948,valid=1,read_failures=0"
dengfoc,"SYNC_TRUTH,sequence=341658,truth_tick_us=684221593,mechanical_angle_rad=4.419398785,valid=1,read_failures=0"
dengfoc,"SYNC_TRUTH,sequence=341659,truth_tick_us=684223589,mechanical_angle_rad=4.433204651,valid=1,read_failures=0"
dengfoc,"SYNC_TRUTH,sequence=341660,truth_tick_us=684225593,mechanical_angle_rad=4.448544502,valid=1,read_failures=0"
dengfoc,"SYNC_TRUTH,sequence=341661,truth_tick_us=684227589,mechanical_angle_rad=4.466952324,valid=1,read_failures=0"
dengfoc,"SYNC_TRUTH,sequence=341662,truth_tick_us=684229593,mechanical_angle_rad=4.491496086,valid=1,read_failures=0"
g431,"FTR,34320,4,-126,678,-552,0,800,-2,722,-599,6256,293,934,66,12094,174,174,184,100,0,29534,26,1793,128,97,7,123,0,0,0,1"
dengfoc,"SYNC_TRUTH,sequence=341663,truth_tick_us=684231589,mechanical_angle_rad=4.520641327,valid=1,read_failures=0"
dengfoc,"SYNC_TRUTH,sequence=341664,truth_tick_us=684233593,mechanical_angle_rad=4.548253059,valid=1,read_failures=0"
dengfoc,"SYNC_TRUTH,sequence=341665,truth_tick_us=684235589,mechanical_angle_rad=4.577398777,valid=1,read_failures=0"
dengfoc,"SYNC_TRUTH,sequence=341666,truth_tick_us=684237593,mechanical_angle_rad=4.601942539,valid=1,read_failures=0"
dengfoc,"SYNC_TRUTH,sequence=341667,truth_tick_us=684239589,mechanical_angle_rad=4.618816376,valid=1,read_failures=0"
dengfoc,"SYNC_TRUTH,sequence=341668,truth_tick_us=684241593,mechanical_angle_rad=4.632622242,valid=1,read_failures=0"
dengfoc,"SYNC_TRUTH,sequence=341669,truth_tick_us=684243589,mechanical_angle_rad=4.646428108,valid=1,read_failures=0"
dengfoc,"SYNC_TRUTH,sequence=341670,truth_tick_us=684245593,mechanical_angle_rad=4.664835930,valid=1,read_failures=0"
dengfoc,"SYNC_TRUTH,sequence=341671,truth_tick_us=684247589,mechanical_angle_rad=4.689379215,valid=1,read_failures=0"
dengfoc,"SYNC_TRUTH,sequence=341672,truth_tick_us=684249593,mechanical_angle_rad=4.716990948,valid=1,read_failures=0"
dengfoc,"SYNC_TRUTH,sequence=341673,truth_tick_us=684251589,mechanical_angle_rad=4.752272606,valid=1,read_failures=0"
dengfoc,"SYNC_TRUTH,sequence=341674,truth_tick_us=684253593,mechanical_angle_rad=4.786020279,valid=1,read_failures=0"
g431,"FTR,34560,4,-717,302,415,0,800,-1,720,-702,6279,73,747,927,12159,1660,1660,1671,105,0,29534,-1779,77,199,99,7,123,0,0,0,1"
dengfoc,"SYNC_TRUTH,sequence=341675,truth_tick_us=684255589,mechanical_angle_rad=4.813632011,valid=1,read_failures=0"
dengfoc,"SYNC_TRUTH,sequence=341676,truth_tick_us=684257593,mechanical_angle_rad=4.827437878,valid=1,read_failures=0"
dengfoc,"SYNC_TRUTH,sequence=341677,truth_tick_us=684259589,mechanical_angle_rad=4.832039833,valid=1,read_failures=0"
dengfoc,"SYNC_TRUTH,sequence=341678,truth_tick_us=684261593,mechanical_angle_rad=4.844311237,valid=1,read_failures=0"
dengfoc,"SYNC_TRUTH,sequence=341679,truth_tick_us=684263589,mechanical_angle_rad=4.864253044,valid=1,read_failures=0"
dengfoc,"SYNC_TRUTH,sequence=341680,truth_tick_us=684265593,mechanical_angle_rad=4.890330791,valid=1,read_failures=0"
dengfoc,"SYNC_TRUTH,sequence=341681,truth_tick_us=684267589,mechanical_angle_rad=4.921010494,valid=1,read_failures=0"
dengfoc,"SYNC_TRUTH,sequence=341682,truth_tick_us=684269593,mechanical_angle_rad=4.947088242,valid=1,read_failures=0"
g431,"FTR,34800,4,32,-640,608,0,800,-4,721,-518,6297,594,53,947,12159,3181,3181,3204,107,0,29534,-171,-1780,192,102,7,123,0,0,0,1"
dengfoc,"SYNC_TRUTH,sequence=341683,truth_tick_us=684271589,mechanical_angle_rad=4.968564034,valid=1,read_failures=0"
dengfoc,"SYNC_TRUTH,sequence=341684,truth_tick_us=684273593,mechanical_angle_rad=4.986971855,valid=1,read_failures=0"
dengfoc,"SYNC_TRUTH,sequence=341685,truth_tick_us=684275589,mechanical_angle_rad=5.003845692,valid=1,read_failures=0"
dengfoc,"SYNC_TRUTH,sequence=341686,truth_tick_us=684277593,mechanical_angle_rad=5.025321007,valid=1,read_failures=0"
dengfoc,"SYNC_TRUTH,sequence=341687,truth_tick_us=684279589,mechanical_angle_rad=5.051398754,valid=1,read_failures=0"
dengfoc,"SYNC_TRUTH,sequence=341688,truth_tick_us=684281593,mechanical_angle_rad=5.083612442,valid=1,read_failures=0"
dengfoc,"SYNC_TRUTH,sequence=341689,truth_tick_us=684283589,mechanical_angle_rad=5.114292145,valid=1,read_failures=0"
dengfoc,"SYNC_TRUTH,sequence=341690,truth_tick_us=684285593,mechanical_angle_rad=5.137301922,valid=1,read_failures=0"
dengfoc,"SYNC_TRUTH,sequence=341691,truth_tick_us=684287589,mechanical_angle_rad=5.154175758,valid=1,read_failures=0"
dengfoc,"SYNC_TRUTH,sequence=341692,truth_tick_us=684289593,mechanical_angle_rad=5.169515610,valid=1,read_failures=0"
dengfoc,"SYNC_TRUTH,sequence=341693,truth_tick_us=684291589,mechanical_angle_rad=5.187922955,valid=1,read_failures=0"
dengfoc,"SYNC_TRUTH,sequence=341694,truth_tick_us=684293593,mechanical_angle_rad=5.214000702,valid=1,read_failures=0"
g431,"FTR,35040,4,720,-345,-375,0,800,-1,720,-627,6280,914,196,86,12146,4736,4736,4750,106,0,29534,1728,-344,113,104,6,123,0,0,0,1"
dengfoc,"SYNC_TRUTH,sequence=341695,truth_tick_us=684295589,mechanical_angle_rad=5.244680405,valid=1,read_failures=0"
dengfoc,"SYNC_TRUTH,sequence=341696,truth_tick_us=684297593,mechanical_angle_rad=5.278428078,valid=1,read_failures=0"
dengfoc,"SYNC_TRUTH,sequence=341697,truth_tick_us=684299589,mechanical_angle_rad=5.302971840,valid=1,read_failures=0"
dengfoc,"SYNC_TRUTH,sequence=341698,truth_tick_us=684301593,mechanical_angle_rad=5.319845676,valid=1,read_failures=0"
dengfoc,"SYNC_TRUTH,sequence=341699,truth_tick_us=684303589,mechanical_angle_rad=5.332117558,valid=1,read_failures=0"
dengfoc,"SYNC_TRUTH,sequence=341700,truth_tick_us=684305593,mechanical_angle_rad=5.347457409,valid=1,read_failures=0"
dengfoc,"SYNC_TRUTH,sequence=341701,truth_tick_us=684307589,mechanical_angle_rad=5.368932724,valid=1,read_failures=0"
g431,"FTR,35280,4,-30,635,-605,0,800,-1,717,-815,6258,367,943,57,12146,42,42,67,110,0,29534,241,1768,158,106,6,123,0,0,0,1"
dengfoc,"SYNC_TRUTH,sequence=341702,truth_tick_us=684309593,mechanical_angle_rad=5.393476486,valid=1,read_failures=0"
dengfoc,"SYNC_TRUTH,sequence=341703,truth_tick_us=684311589,mechanical_angle_rad=5.422622204,valid=1,read_failures=0"
dengfoc,"SYNC_TRUTH,sequence=341704,truth_tick_us=684313593,mechanical_angle_rad=5.453301907,valid=1,read_failures=0"
dengfoc,"SYNC_TRUTH,sequence=341705,truth_tick_us=684315589,mechanical_angle_rad=5.479379654,valid=1,read_failures=0"
dengfoc,"SYNC_TRUTH,sequence=341706,truth_tick_us=684317593,mechanical_angle_rad=5.503923416,valid=1,read_failures=0"
dengfoc,"SYNC_TRUTH,sequence=341707,truth_tick_us=684319589,mechanical_angle_rad=5.523864746,valid=1,read_failures=0"
dengfoc,"SYNC_TRUTH,sequence=341708,truth_tick_us=684321593,mechanical_angle_rad=5.540738583,valid=1,read_failures=0"
dengfoc,"SYNC_TRUTH,sequence=341709,truth_tick_us=684323589,mechanical_angle_rad=5.560680389,valid=1,read_failures=0"
dengfoc,"SYNC_TRUTH,sequence=341710,truth_tick_us=684325593,mechanical_angle_rad=5.583690166,valid=1,read_failures=0"
dengfoc,"SYNC_TRUTH,sequence=341711,truth_tick_us=684327589,mechanical_angle_rad=5.608233929,valid=1,read_failures=0"
dengfoc,"SYNC_TRUTH,sequence=341712,truth_tick_us=684329593,mechanical_angle_rad=5.640447617,valid=1,read_failures=0"
dengfoc,"SYNC_TRUTH,sequence=341713,truth_tick_us=684331589,mechanical_angle_rad=5.671127319,valid=1,read_failures=0"
dengfoc,"SYNC_TRUTH,sequence=341714,truth_tick_us=684333593,mechanical_angle_rad=5.698738575,valid=1,read_failures=0"
g431,"FTR,35520,4,-715,295,420,0,800,-4,719,-673,6275,73,747,927,12146,1665,1665,1693,114,0,29534,-1757,116,184,108,6,123,0,0,0,1"
dengfoc,"SYNC_TRUTH,sequence=341715,truth_tick_us=684335589,mechanical_angle_rad=5.721748352,valid=1,read_failures=0"
dengfoc,"SYNC_TRUTH,sequence=341716,truth_tick_us=684337593,mechanical_angle_rad=5.737088203,valid=1,read_failures=0"
dengfoc,"SYNC_TRUTH,sequence=341717,truth_tick_us=684339589,mechanical_angle_rad=5.752428055,valid=1,read_failures=0"
dengfoc,"SYNC_TRUTH,sequence=341718,truth_tick_us=684341593,mechanical_angle_rad=5.770835876,valid=1,read_failures=0"
dengfoc,"SYNC_TRUTH,sequence=341719,truth_tick_us=684343589,mechanical_angle_rad=5.795379639,valid=1,read_failures=0"
dengfoc,"SYNC_TRUTH,sequence=341720,truth_tick_us=684345593,mechanical_angle_rad=5.824525356,valid=1,read_failures=0"
dengfoc,"SYNC_TRUTH,sequence=341721,truth_tick_us=684347589,mechanical_angle_rad=5.850603104,valid=1,read_failures=0"
g431,"FTR,35760,4,134,-675,541,0,800,-6,715,-521,6290,703,65,935,12146,3322,3322,3361,115,0,29534,1,-1777,158,111,7,123,0,0,0,1"
dengfoc,"SYNC_TRUTH,sequence=341722,truth_tick_us=684349593,mechanical_angle_rad=5.878214359,valid=1,read_failures=0"
dengfoc,"SYNC_TRUTH,sequence=341723,truth_tick_us=684351589,mechanical_angle_rad=5.902758121,valid=1,read_failures=0"
dengfoc,"SYNC_TRUTH,sequence=341724,truth_tick_us=684353593,mechanical_angle_rad=5.924233913,valid=1,read_failures=0"
dengfoc,"SYNC_TRUTH,sequence=341725,truth_tick_us=684355589,mechanical_angle_rad=5.950311661,valid=1,read_failures=0"
dengfoc,"SYNC_TRUTH,sequence=341726,truth_tick_us=684357593,mechanical_angle_rad=5.974855423,valid=1,read_failures=0"
dengfoc,"SYNC_TRUTH,sequence=341727,truth_tick_us=684359589,mechanical_angle_rad=6.000933170,valid=1,read_failures=0"
dengfoc,"SYNC_TRUTH,sequence=341728,truth_tick_us=684361593,mechanical_angle_rad=6.025476933,valid=1,read_failures=0"
dengfoc,"SYNC_TRUTH,sequence=341729,truth_tick_us=684363589,mechanical_angle_rad=6.043884277,valid=1,read_failures=0"
dengfoc,"SYNC_TRUTH,sequence=341730,truth_tick_us=684365593,mechanical_angle_rad=6.063826084,valid=1,read_failures=0"
dengfoc,"SYNC_TRUTH,sequence=341731,truth_tick_us=684367589,mechanical_angle_rad=6.086835861,valid=1,read_failures=0"
dengfoc,"SYNC_TRUTH,sequence=341732,truth_tick_us=684369593,mechanical_angle_rad=6.117515564,valid=1,read_failures=0"
dengfoc,"SYNC_TRUTH,sequence=341733,truth_tick_us=684371589,mechanical_angle_rad=6.151263237,valid=1,read_failures=0"
dengfoc,"SYNC_TRUTH,sequence=341734,truth_tick_us=684373593,mechanical_angle_rad=6.175806999,valid=1,read_failures=0"
g431,"FTR,36000,4,686,-158,-528,0,800,0,719,-797,6261,948,426,52,12146,5014,5014,5047,117,0,29534,1723,185,155,113,5,123,0,0,0,1"
dengfoc,"SYNC_TRUTH,sequence=341735,truth_tick_us=684375589,mechanical_angle_rad=6.195748806,valid=1,read_failures=0"
dengfoc,"SYNC_TRUTH,sequence=341736,truth_tick_us=684377593,mechanical_angle_rad=6.212622166,valid=1,read_failures=0"
dengfoc,"SYNC_TRUTH,sequence=341737,truth_tick_us=684379589,mechanical_angle_rad=6.229496002,valid=1,read_failures=0"
dengfoc,"SYNC_TRUTH,sequence=341738,truth_tick_us=684381593,mechanical_angle_rad=6.254039764,valid=1,read_failures=0"
dengfoc,"SYNC_TRUTH,sequence=341739,truth_tick_us=684383589,mechanical_angle_rad=6.281651497,valid=1,read_failures=0"
dengfoc,"SYNC_TRUTH,sequence=341740,truth_tick_us=684385593,mechanical_angle_rad=0.033747580,valid=1,read_failures=0"
dengfoc,"SYNC_TRUTH,sequence=341741,truth_tick_us=684387589,mechanical_angle_rad=0.067495160,valid=1,read_failures=0"
g431,"FTR,36240,4,-316,717,-401,0,800,1,718,-513,6290,107,893,120,12146,456,456,498,118,0,29534,-389,1721,111,116,5,123,0,0,0,1"
dengfoc,"SYNC_TRUTH,sequence=341742,truth_tick_us=684389593,mechanical_angle_rad=0.093572833,valid=1,read_failures=0"
dengfoc,"SYNC_TRUTH,sequence=341743,truth_tick_us=684391589,mechanical_angle_rad=0.116582543,valid=1,read_failures=0"
dengfoc,"SYNC_TRUTH,sequence=341744,truth_tick_us=684393597,mechanical_angle_rad=0.136524290,valid=1,read_failures=0"
dengfoc,"SYNC_TRUTH,sequence=341745,truth_tick_us=684395589,mechanical_angle_rad=0.156466052,valid=1,read_failures=0"
dengfoc,"SYNC_TRUTH,sequence=341746,truth_tick_us=684397593,mechanical_angle_rad=0.179475754,valid=1,read_failures=0"
dengfoc,"SYNC_TRUTH,sequence=341747,truth_tick_us=684399593,mechanical_angle_rad=0.204019457,valid=1,read_failures=0"
dengfoc,"SYNC_TRUTH,sequence=341748,truth_tick_us=684401593,mechanical_angle_rad=0.233165085,valid=1,read_failures=0"
dengfoc,"SYNC_ANCHOR_RX,session=2026100505,edge_sequence=5006,edge_tag=906,truth_tick_us=684392285,source=2,flags=0x00000003"
dengfoc,"SYNC_TRUTH,sequence=341749,truth_tick_us=684404597,mechanical_angle_rad=0.282252461,valid=1,read_failures=0"
dengfoc,"SYNC_TRUTH,sequence=341750,truth_tick_us=684406593,mechanical_angle_rad=0.308330148,valid=1,read_failures=0"
dengfoc,"SYNC_TRUTH,sequence=341751,truth_tick_us=684408589,mechanical_angle_rad=0.331339866,valid=1,read_failures=0"
dengfoc,"SYNC_TRUTH,sequence=341752,truth_tick_us=684410593,mechanical_angle_rad=0.349747628,valid=1,read_failures=0"
dengfoc,"SYNC_TRUTH,sequence=341753,truth_tick_us=684412589,mechanical_angle_rad=0.371223360,valid=1,read_failures=0"
g431,"FTR,36480,4,-576,-85,661,0,800,3,719,-671,6282,62,324,938,12159,2216,2216,2263,121,0,29534,-1616,-703,113,118,6,123,0,0,0,1"
dengfoc,"SYNC_TRUTH,sequence=341754,truth_tick_us=684414593,mechanical_angle_rad=0.392699093,valid=1,read_failures=0"
dengfoc,"SYNC_TRUTH,sequence=341755,truth_tick_us=684416589,mechanical_angle_rad=0.417242795,valid=1,read_failures=0"
dengfoc,"SYNC_TRUTH,sequence=341756,truth_tick_us=684418593,mechanical_angle_rad=0.441786468,valid=1,read_failures=0"
dengfoc,"SYNC_TRUTH,sequence=341757,truth_tick_us=684420589,mechanical_angle_rad=0.466330171,valid=1,read_failures=0"
dengfoc,"SYNC_TRUTH,sequence=341758,truth_tick_us=684422593,mechanical_angle_rad=0.497009784,valid=1,read_failures=0"
dengfoc,"SYNC_TRUTH,sequence=341759,truth_tick_us=684424589,mechanical_angle_rad=0.530757368,valid=1,read_failures=0"
dengfoc,"SYNC_TRUTH,sequence=341760,truth_tick_us=684426593,mechanical_angle_rad=0.564504921,valid=1,read_failures=0"
dengfoc,"SYNC_TRUTH,sequence=341761,truth_tick_us=684428589,mechanical_angle_rad=0.598252535,valid=1,read_failures=0"
g431,"FTR,36720,4,549,-666,117,0,800,-10,711,-511,6284,948,52,576,12133,4010,4010,4061,122,0,29534,1016,-1450,92,120,5,123,0,0,0,1"
dengfoc,"SYNC_TRUTH,sequence=341762,truth_tick_us=684430593,mechanical_angle_rad=0.624330223,valid=1,read_failures=0"
dengfoc,"SYNC_TRUTH,sequence=341763,truth_tick_us=684432589,mechanical_angle_rad=0.644271970,valid=1,read_failures=0"
dengfoc,"SYNC_TRUTH,sequence=341764,truth_tick_us=684434593,mechanical_angle_rad=0.661145747,valid=1,read_failures=0"
dengfoc,"SYNC_TRUTH,sequence=341765,truth_tick_us=684436589,mechanical_angle_rad=0.681087494,valid=1,read_failures=0"
dengfoc,"SYNC_TRUTH,sequence=341766,truth_tick_us=684438593,mechanical_angle_rad=0.710233152,valid=1,read_failures=0"
dengfoc,"SYNC_TRUTH,sequence=341767,truth_tick_us=684440589,mechanical_angle_rad=0.745514691,valid=1,read_failures=0"
dengfoc,"SYNC_TRUTH,sequence=341768,truth_tick_us=684442593,mechanical_angle_rad=0.780796230,valid=1,read_failures=0"
dengfoc,"SYNC_TRUTH,sequence=341769,truth_tick_us=684444589,mechanical_angle_rad=0.803805947,valid=1,read_failures=0"
dengfoc,"SYNC_TRUTH,sequence=341770,truth_tick_us=684446593,mechanical_angle_rad=0.819145739,valid=1,read_failures=0"
dengfoc,"SYNC_TRUTH,sequence=341771,truth_tick_us=684448589,mechanical_angle_rad=0.836019576,valid=1,read_failures=0"
dengfoc,"SYNC_TRUTH,sequence=341772,truth_tick_us=684450593,mechanical_angle_rad=0.862097204,valid=1,read_failures=0"
dengfoc,"SYNC_TRUTH,sequence=341773,truth_tick_us=684452589,mechanical_angle_rad=0.892776847,valid=1,read_failures=0"
g431,"FTR,36960,4,303,399,-702,0,800,0,704,-651,6278,761,924,76,12146,5839,5839,5897,126,0,29534,1105,1372,119,122,7,123,0,0,0,1"
dengfoc,"SYNC_TRUTH,sequence=341774,truth_tick_us=684454593,mechanical_angle_rad=0.928058386,valid=1,read_failures=0"
dengfoc,"SYNC_TRUTH,sequence=341775,truth_tick_us=684456589,mechanical_angle_rad=0.958738029,valid=1,read_failures=0"
dengfoc,"SYNC_TRUTH,sequence=341776,truth_tick_us=684458593,mechanical_angle_rad=0.984815717,valid=1,read_failures=0"
dengfoc,"SYNC_TRUTH,sequence=341777,truth_tick_us=684460589,mechanical_angle_rad=1.010893345,valid=1,read_failures=0"
dengfoc,"SYNC_TRUTH,sequence=341778,truth_tick_us=684462593,mechanical_angle_rad=1.035437107,valid=1,read_failures=0"
dengfoc,"SYNC_TRUTH,sequence=341779,truth_tick_us=684464589,mechanical_angle_rad=1.064582705,valid=1,read_failures=0"
dengfoc,"SYNC_TRUTH,sequence=341780,truth_tick_us=684466593,mechanical_angle_rad=1.092194319,valid=1,read_failures=0"
dengfoc,"SYNC_TRUTH,sequence=341781,truth_tick_us=684468589,mechanical_angle_rad=1.122874022,valid=1,read_failures=0"
g431,"FTR,37200,4,-710,447,263,0,800,-3,718,-853,6260,106,894,878,12159,1418,1418,1474,130,0,29534,-1619,569,183,125,6,123,0,0,0,1"
dengfoc,"SYNC_TRUTH,sequence=341782,truth_tick_us=684470593,mechanical_angle_rad=1.153553605,valid=1,read_failures=0"
dengfoc,"SYNC_TRUTH,sequence=341783,truth_tick_us=684472589,mechanical_angle_rad=1.184233189,valid=1,read_failures=0"
dengfoc,"SYNC_TRUTH,sequence=341784,truth_tick_us=684474593,mechanical_angle_rad=1.216446757,valid=1,read_failures=0"
dengfoc,"SYNC_TRUTH,sequence=341785,truth_tick_us=684476589,mechanical_angle_rad=1.244058490,valid=1,read_failures=0"
dengfoc,"SYNC_TRUTH,sequence=341786,truth_tick_us=684478593,mechanical_angle_rad=1.267068148,valid=1,read_failures=0"
dengfoc,"SYNC_TRUTH,sequence=341787,truth_tick_us=684480589,mechanical_angle_rad=1.287009954,valid=1,read_failures=0"
dengfoc,"SYNC_TRUTH,sequence=341788,truth_tick_us=684482593,mechanical_angle_rad=1.303883672,valid=1,read_failures=0"
dengfoc,"SYNC_TRUTH,sequence=341789,truth_tick_us=684484589,mechanical_angle_rad=1.325359464,valid=1,read_failures=0"
dengfoc,"SYNC_TRUTH,sequence=341790,truth_tick_us=684486593,mechanical_angle_rad=1.352971077,valid=1,read_failures=0"
dengfoc,"SYNC_TRUTH,sequence=341791,truth_tick_us=684488589,mechanical_angle_rad=1.385184646,valid=1,read_failures=0"
dengfoc,"SYNC_TRUTH,sequence=341792,truth_tick_us=684490593,mechanical_angle_rad=1.425068140,valid=1,read_failures=0"
dengfoc,"SYNC_TRUTH,sequence=341793,truth_tick_us=684492589,mechanical_angle_rad=1.460349798,valid=1,read_failures=0"
g431,"FTR,37440,4,124,-672,547,0,800,-1,715,-777,6263,728,70,930,12146,3315,3315,3385,132,0,29534,-33,-1734,169,127,8,123,0,0,0,1"
dengfoc,"SYNC_TRUTH,sequence=341794,truth_tick_us=684494593,mechanical_angle_rad=1.494097352,valid=1,read_failures=0"
dengfoc,"SYNC_TRUTH,sequence=341795,truth_tick_us=684496589,mechanical_angle_rad=1.520174980,valid=1,read_failures=0"
dengfoc,"SYNC_TRUTH,sequence=341796,truth_tick_us=684498593,mechanical_angle_rad=1.538582802,valid=1,read_failures=0"
dengfoc,"SYNC_TRUTH,sequence=341797,truth_tick_us=684500589,mechanical_angle_rad=1.561592460,valid=1,read_failures=0"
dengfoc,"SYNC_TRUTH,sequence=341798,truth_tick_us=684502593,mechanical_angle_rad=1.590738177,valid=1,read_failures=0"
dengfoc,"SYNC_TRUTH,sequence=341799,truth_tick_us=684504589,mechanical_angle_rad=1.626019716,valid=1,read_failures=0"
dengfoc,"SYNC_TRUTH,sequence=341800,truth_tick_us=684506593,mechanical_angle_rad=1.667437196,valid=1,read_failures=0"
dengfoc,"SYNC_TRUTH,sequence=341801,truth_tick_us=684508589,mechanical_angle_rad=1.699650764,valid=1,read_failures=0"
g431,"FTR,37680,4,619,8,-627,0,800,-1,720,-757,6272,946,601,54,12159,5245,5245,5313,134,0,29534,1608,576,183,129,6,123,0,0,0,1"
dengfoc,"SYNC_TRUTH,sequence=341802,truth_tick_us=684510593,mechanical_angle_rad=1.722660422,valid=1,read_failures=0"
dengfoc,"SYNC_TRUTH,sequence=341803,truth_tick_us=684512589,mechanical_angle_rad=1.739534259,valid=1,read_failures=0"
dengfoc,"SYNC_TRUTH,sequence=341804,truth_tick_us=684514593,mechanical_angle_rad=1.759476066,valid=1,read_failures=0"
dengfoc,"SYNC_TRUTH,sequence=341805,truth_tick_us=684516589,mechanical_angle_rad=1.788621664,valid=1,read_failures=0"
dengfoc,"SYNC_TRUTH,sequence=341806,truth_tick_us=684518593,mechanical_angle_rad=1.820835233,valid=1,read_failures=0"
dengfoc,"SYNC_TRUTH,sequence=341807,truth_tick_us=684520589,mechanical_angle_rad=1.856116772,valid=1,read_failures=0"
dengfoc,"SYNC_TRUTH,sequence=341808,truth_tick_us=684522593,mechanical_angle_rad=1.886796474,valid=1,read_failures=0"
dengfoc,"SYNC_TRUTH,sequence=341809,truth_tick_us=684524589,mechanical_angle_rad=1.914408088,valid=1,read_failures=0"
dengfoc,"SYNC_TRUTH,sequence=341810,truth_tick_us=684526593,mechanical_angle_rad=1.945087671,valid=1,read_failures=0"
dengfoc,"SYNC_TRUTH,sequence=341811,truth_tick_us=684528589,mechanical_angle_rad=1.974233270,valid=1,read_failures=0"
dengfoc,"SYNC_TRUTH,sequence=341812,truth_tick_us=684530593,mechanical_angle_rad=2.000310898,valid=1,read_failures=0"
dengfoc,"SYNC_TRUTH,sequence=341813,truth_tick_us=684532589,mechanical_angle_rad=2.024854660,valid=1,read_failures=0"
g431,"FTR,37920,4,-563,659,-96,0,800,11,712,-959,6238,50,950,525,12146,927,927,998,134,0,29534,-1054,1353,102,132,5,123,0,0,0,1"
dengfoc,"SYNC_TRUTH,sequence=341814,truth_tick_us=684534593,mechanical_angle_rad=2.050932407,valid=1,read_failures=0"
dengfoc,"SYNC_TRUTH,sequence=341815,truth_tick_us=684536589,mechanical_angle_rad=2.081611872,valid=1,read_failures=0"
dengfoc,"SYNC_TRUTH,sequence=341816,truth_tick_us=684538593,mechanical_angle_rad=2.121495485,valid=1,read_failures=0"
dengfoc,"SYNC_TRUTH,sequence=341817,truth_tick_us=684540589,mechanical_angle_rad=2.158311129,valid=1,read_failures=0"
dengfoc,"SYNC_TRUTH,sequence=341818,truth_tick_us=684542593,mechanical_angle_rad=2.190524578,valid=1,read_failures=0"
dengfoc,"SYNC_TRUTH,sequence=341819,truth_tick_us=684544589,mechanical_angle_rad=2.212000370,valid=1,read_failures=0"
dengfoc,"SYNC_TRUTH,sequence=341820,truth_tick_us=684546593,mechanical_angle_rad=2.227340221,valid=1,read_failures=0"
dengfoc,"SYNC_TRUTH,sequence=341821,truth_tick_us=684548589,mechanical_angle_rad=2.247282028,valid=1,read_failures=0"
g431,"FTR,38160,4,-155,-519,674,0,800,4,706,-1006,6237,457,51,949,12159,2926,2926,3003,138,0,29534,-738,-1561,148,134,6,123,0,0,0,1"
dengfoc,"SYNC_TRUTH,sequence=341822,truth_tick_us=684550593,mechanical_angle_rad=2.274893522,valid=1,read_failures=0"
dengfoc,"SYNC_TRUTH,sequence=341823,truth_tick_us=684552589,mechanical_angle_rad=2.311709166,valid=1,read_failures=0"
dengfoc,"SYNC_TRUTH,sequence=341824,truth_tick_us=684554593,mechanical_angle_rad=2.351592541,valid=1,read_failures=0"
dengfoc,"SYNC_TRUTH,sequence=341825,truth_tick_us=684556589,mechanical_angle_rad=2.385340214,valid=1,read_failures=0"
dengfoc,"SYNC_TRUTH,sequence=341826,truth_tick_us=684558593,mechanical_angle_rad=2.416019917,valid=1,read_failures=0"
dengfoc,"SYNC_TRUTH,sequence=341827,truth_tick_us=684560589,mechanical_angle_rad=2.439029455,valid=1,read_failures=0"
dengfoc,"SYNC_TRUTH,sequence=341828,truth_tick_us=684562593,mechanical_angle_rad=2.463573217,valid=1,read_failures=0"
dengfoc,"SYNC_TRUTH,sequence=341829,truth_tick_us=684564589,mechanical_angle_rad=2.489650965,valid=1,read_failures=0"
dengfoc,"SYNC_TRUTH,sequence=341830,truth_tick_us=684566593,mechanical_angle_rad=2.518796444,valid=1,read_failures=0"
dengfoc,"SYNC_TRUTH,sequence=341831,truth_tick_us=684568589,mechanical_angle_rad=2.552544117,valid=1,read_failures=0"
dengfoc,"SYNC_TRUTH,sequence=341832,truth_tick_us=684570593,mechanical_angle_rad=2.583223820,valid=1,read_failures=0"
dengfoc,"SYNC_TRUTH,sequence=341833,truth_tick_us=684572589,mechanical_angle_rad=2.615437269,valid=1,read_failures=0"
g431,"FTR,38400,4,699,-196,-503,0,800,0,721,-996,6232,947,408,53,12146,4960,4960,5039,142,0,29534,1673,89,190,136,5,123,0,0,0,1"
dengfoc,"SYNC_TRUTH,sequence=341834,truth_tick_us=684574593,mechanical_angle_rad=2.644582987,valid=1,read_failures=0"
dengfoc,"SYNC_TRUTH,sequence=341835,truth_tick_us=684576589,mechanical_angle_rad=2.670660734,valid=1,read_failures=0"
dengfoc,"SYNC_TRUTH,sequence=341836,truth_tick_us=684578593,mechanical_angle_rad=2.699806213,valid=1,read_failures=0"
dengfoc,"SYNC_TRUTH,sequence=341837,truth_tick_us=684580589,mechanical_angle_rad=2.728951931,valid=1,read_failures=0"
dengfoc,"SYNC_TRUTH,sequence=341838,truth_tick_us=684582593,mechanical_angle_rad=2.755029678,valid=1,read_failures=0"
dengfoc,"SYNC_TRUTH,sequence=341839,truth_tick_us=684584589,mechanical_angle_rad=2.785709143,valid=1,read_failures=0"
dengfoc,"SYNC_TRUTH,sequence=341840,truth_tick_us=684586593,mechanical_angle_rad=2.814854860,valid=1,read_failures=0"
dengfoc,"SYNC_TRUTH,sequence=341841,truth_tick_us=684588589,mechanical_angle_rad=2.848602295,valid=1,read_failures=0"
g431,"FTR,38640,4,-487,702,-215,0,800,1,720,-845,6241,56,944,369,12120,744,744,831,142,0,29534,-821,1491,138,139,7,123,0,0,0,1"
dengfoc,"SYNC_TRUTH,sequence=341842,truth_tick_us=684590593,mechanical_angle_rad=2.880815983,valid=1,read_failures=0"
dengfoc,"SYNC_TRUTH,sequence=341843,truth_tick_us=684592589,mechanical_angle_rad=2.906893730,valid=1,read_failures=0"
dengfoc,"SYNC_TRUTH,sequence=341844,truth_tick_us=684594593,mechanical_angle_rad=2.932971239,valid=1,read_failures=0"
dengfoc,"SYNC_TRUTH,sequence=341845,truth_tick_us=684596589,mechanical_angle_rad=2.959048986,valid=1,read_failures=0"
dengfoc,"SYNC_TRUTH,sequence=341846,truth_tick_us=684598593,mechanical_angle_rad=2.995864630,valid=1,read_failures=0"
dengfoc,"SYNC_TRUTH,sequence=341847,truth_tick_us=684600589,mechanical_angle_rad=3.032680035,valid=1,read_failures=0"
dengfoc,"SYNC_TRUTH,sequence=341848,truth_tick_us=684602593,mechanical_angle_rad=3.061825752,valid=1,read_failures=0"
dengfoc,"SYNC_TRUTH,sequence=341849,truth_tick_us=684604589,mechanical_angle_rad=3.084835529,valid=1,read_failures=0"
dengfoc,"SYNC_TRUTH,sequence=341850,truth_tick_us=684606593,mechanical_angle_rad=3.104777098,valid=1,read_failures=0"
dengfoc,"SYNC_TRUTH,sequence=341851,truth_tick_us=684608589,mechanical_angle_rad=3.129320860,valid=1,read_failures=0"
dengfoc,"SYNC_TRUTH,sequence=341852,truth_tick_us=684610593,mechanical_angle_rad=3.163068533,valid=1,read_failures=0"
dengfoc,"SYNC_TRUTH,sequence=341853,truth_tick_us=684612589,mechanical_angle_rad=3.199883938,valid=1,read_failures=0"
g431,"FTR,38880,4,-206,-482,688,0,800,0,706,-928,6249,385,55,945,12159,2846,2846,2938,145,0,29534,-879,-1469,137,141,6,123,0,0,0,1"
dengfoc,"SYNC_TRUTH,sequence=341854,truth_tick_us=684614593,mechanical_angle_rad=3.241301537,valid=1,read_failures=0"
dengfoc,"SYNC_TRUTH,sequence=341855,truth_tick_us=684616589,mechanical_angle_rad=3.276582956,valid=1,read_failures=0"
dengfoc,"SYNC_TRUTH,sequence=341856,truth_tick_us=684618593,mechanical_angle_rad=3.305728674,valid=1,read_failures=0"
dengfoc,"SYNC_TRUTH,sequence=341857,truth_tick_us=684620589,mechanical_angle_rad=3.333340406,valid=1,read_failures=0"
dengfoc,"SYNC_TRUTH,sequence=341858,truth_tick_us=684622593,mechanical_angle_rad=3.356349945,valid=1,read_failures=0"
dengfoc,"SYNC_TRUTH,sequence=341859,truth_tick_us=684624589,mechanical_angle_rad=3.382427692,valid=1,read_failures=0"
dengfoc,"SYNC_TRUTH,sequence=341860,truth_tick_us=684626593,mechanical_angle_rad=3.413107395,valid=1,read_failures=0"
dengfoc,"SYNC_TRUTH,sequence=341861,truth_tick_us=684628589,mechanical_angle_rad=3.445320845,valid=1,read_failures=0"
g431,"FTR,39120,4,694,-180,-514,0,800,-1,721,-1036,6219,948,431,52,12133,4982,4982,5077,149,0,29534,1661,121,196,143,4,123,0,0,0,1"
dengfoc,"SYNC_TRUTH,sequence=341862,truth_tick_us=684630593,mechanical_angle_rad=3.480602503,valid=1,read_failures=0"
dengfoc,"SYNC_TRUTH,sequence=341863,truth_tick_us=684632589,mechanical_angle_rad=3.514350176,valid=1,read_failures=0"
dengfoc,"SYNC_TRUTH,sequence=341864,truth_tick_us=684634593,mechanical_angle_rad=3.541961670,valid=1,read_failures=0"
dengfoc,"SYNC_TRUTH,sequence=341865,truth_tick_us=684636589,mechanical_angle_rad=3.569573402,valid=1,read_failures=0"
dengfoc,"SYNC_TRUTH,sequence=341866,truth_tick_us=684638593,mechanical_angle_rad=3.592583179,valid=1,read_failures=0"
dengfoc,"SYNC_TRUTH,sequence=341867,truth_tick_us=684640589,mechanical_angle_rad=3.620194674,valid=1,read_failures=0"
dengfoc,"SYNC_TRUTH,sequence=341868,truth_tick_us=684642593,mechanical_angle_rad=3.652408361,valid=1,read_failures=0"
dengfoc,"SYNC_TRUTH,sequence=341869,truth_tick_us=684644589,mechanical_angle_rad=3.689224005,valid=1,read_failures=0"
dengfoc,"SYNC_TRUTH,sequence=341870,truth_tick_us=684646593,mechanical_angle_rad=3.733709335,valid=1,read_failures=0"
dengfoc,"SYNC_TRUTH,sequence=341871,truth_tick_us=684648589,mechanical_angle_rad=3.768990993,valid=1,read_failures=0"
dengfoc,"SYNC_TRUTH,sequence=341872,truth_tick_us=684650593,mechanical_angle_rad=3.799670458,valid=1,read_failures=0"
dengfoc,"SYNC_TRUTH,sequence=341873,truth_tick_us=684652589,mechanical_angle_rad=3.824214220,valid=1,read_failures=0"
g431,"FTR,39360,4,-551,678,-128,0,800,0,721,-795,6261,51,949,459,12146,869,869,970,149,0,29534,-966,1380,128,146,5,123,0,0,0,1"
dengfoc,"SYNC_TRUTH,sequence=341874,truth_tick_us=684654593,mechanical_angle_rad=3.850291967,valid=1,read_failures=0"
dengfoc,"SYNC_TRUTH,sequence=341875,truth_tick_us=684656589,mechanical_angle_rad=3.885573387,valid=1,read_failures=0"
dengfoc,"SYNC_TRUTH,sequence=341876,truth_tick_us=684658593,mechanical_angle_rad=3.920855045,valid=1,read_failures=0"
dengfoc,"SYNC_TRUTH,sequence=341877,truth_tick_us=684660589,mechanical_angle_rad=3.948466539,valid=1,read_failures=0"
dengfoc,"SYNC_TRUTH,sequence=341878,truth_tick_us=684662593,mechanical_angle_rad=3.974544287,valid=1,read_failures=0"
dengfoc,"SYNC_TRUTH,sequence=341879,truth_tick_us=684664589,mechanical_angle_rad=3.999088049,valid=1,read_failures=0"
dengfoc,"SYNC_TRUTH,sequence=341880,truth_tick_us=684666593,mechanical_angle_rad=4.028233528,valid=1,read_failures=0"
dengfoc,"SYNC_TRUTH,sequence=341881,truth_tick_us=684668589,mechanical_angle_rad=4.063515186,valid=1,read_failures=0"
g431,"FTR,39600,4,-51,-589,640,0,800,2,711,-1057,6242,577,52,948,12185,3073,3073,3184,152,0,29534,-514,-1615,147,148,6,123,0,0,0,1"
dengfoc,"SYNC_TRUTH,sequence=341882,truth_tick_us=684670593,mechanical_angle_rad=4.098796844,valid=1,read_failures=0"
dengfoc,"SYNC_TRUTH,sequence=341883,truth_tick_us=684672589,mechanical_angle_rad=4.135612488,valid=1,read_failures=0"
dengfoc,"SYNC_TRUTH,sequence=341884,truth_tick_us=684674593,mechanical_angle_rad=4.172427654,valid=1,read_failures=0"
dengfoc,"SYNC_TRUTH,sequence=341885,truth_tick_us=684676589,mechanical_angle_rad=4.210777283,valid=1,read_failures=0"
dengfoc,"SYNC_TRUTH,sequence=341886,truth_tick_us=684678593,mechanical_angle_rad=4.247592926,valid=1,read_failures=0"
dengfoc,"SYNC_TRUTH,sequence=341887,truth_tick_us=684680589,mechanical_angle_rad=4.276738644,valid=1,read_failures=0"
dengfoc,"SYNC_TRUTH,sequence=341888,truth_tick_us=684682593,mechanical_angle_rad=4.305884361,valid=1,read_failures=0"
dengfoc,"SYNC_STATUS,frames=7,frame_fail=1,truth=341888,truth_fail=0,idle=0,capture_state=1,capture_failure=0,rejected=0,overflow=0,recovered=1,sync_level=0,driver_disabled=1"
dengfoc,"SYNC_TRUTH,sequence=341889,truth_tick_us=684685589,mechanical_angle_rad=4.348835468,valid=1,read_failures=0"
dengfoc,"SYNC_TRUTH,sequence=341890,truth_tick_us=684687593,mechanical_angle_rad=4.381049156,valid=1,read_failures=0"
dengfoc,"SYNC_TRUTH,sequence=341891,truth_tick_us=684689589,mechanical_angle_rad=4.411728859,valid=1,read_failures=0"
dengfoc,"SYNC_TRUTH,sequence=341892,truth_tick_us=684691593,mechanical_angle_rad=4.440874577,valid=1,read_failures=0"
dengfoc,"SYNC_TRUTH,sequence=341893,truth_tick_us=684693589,mechanical_angle_rad=4.473088264,valid=1,read_failures=0"
g431,"FTR,39840,4,591,54,-645,0,800,-1,715,-1108,6213,936,694,64,12146,5311,5311,5422,156,0,29534,1526,646,201,150,4,123,0,0,0,1"
dengfoc,"SYNC_TRUTH,sequence=341894,truth_tick_us=684695593,mechanical_angle_rad=4.502233505,valid=1,read_failures=0"
dengfoc,"SYNC_TRUTH,sequence=341895,truth_tick_us=684697589,mechanical_angle_rad=4.537515163,valid=1,read_failures=0"
dengfoc,"SYNC_TRUTH,sequence=341896,truth_tick_us=684699593,mechanical_angle_rad=4.575864792,valid=1,read_failures=0"
dengfoc,"SYNC_TRUTH,sequence=341897,truth_tick_us=684701589,mechanical_angle_rad=4.612680435,valid=1,read_failures=0"
dengfoc,"SYNC_TRUTH,sequence=341898,truth_tick_us=684703593,mechanical_angle_rad=4.649496078,valid=1,read_failures=0"
dengfoc,"SYNC_TRUTH,sequence=341899,truth_tick_us=684705589,mechanical_angle_rad=4.680175304,valid=1,read_failures=0"
dengfoc,"SYNC_TRUTH,sequence=341900,truth_tick_us=684707593,mechanical_angle_rad=4.710855007,valid=1,read_failures=0"
g431,"FTR,40080,4,-680,506,174,0,800,3,706,-1016,6209,88,912,815,12107,1301,1301,1415,156,0,29534,-1436,845,134,153,5,123,0,0,0,1"
dengfoc,"SYNC_TRUTH,sequence=341901,truth_tick_us=684709589,mechanical_angle_rad=4.746136665,valid=1,read_failures=0"
dengfoc,"SYNC_TRUTH,sequence=341902,truth_tick_us=684711593,mechanical_angle_rad=4.784486294,valid=1,read_failures=0"
dengfoc,"SYNC_TRUTH,sequence=341903,truth_tick_us=684713589,mechanical_angle_rad=4.824369907,valid=1,read_failures=0"
dengfoc,"SYNC_TRUTH,sequence=341904,truth_tick_us=684715593,mechanical_angle_rad=4.856583118,valid=1,read_failures=0"
dengfoc,"SYNC_TRUTH,sequence=341905,truth_tick_us=684717589,mechanical_angle_rad=4.881126881,valid=1,read_failures=0"
dengfoc,"SYNC_TRUTH,sequence=341906,truth_tick_us=684719593,mechanical_angle_rad=4.905670643,valid=1,read_failures=0"
dengfoc,"SYNC_TRUTH,sequence=341907,truth_tick_us=684721589,mechanical_angle_rad=4.933282375,valid=1,read_failures=0"
dengfoc,"SYNC_TRUTH,sequence=341908,truth_tick_us=684723593,mechanical_angle_rad=4.967030048,valid=1,read_failures=0"
dengfoc,"SYNC_TRUTH,sequence=341909,truth_tick_us=684725589,mechanical_angle_rad=5.003845692,valid=1,read_failures=0"
dengfoc,"SYNC_TRUTH,sequence=341910,truth_tick_us=684727593,mechanical_angle_rad=5.042194843,valid=1,read_failures=0"
dengfoc,"SYNC_TRUTH,sequence=341911,truth_tick_us=684729589,mechanical_angle_rad=5.085146427,valid=1,read_failures=0"
dengfoc,"SYNC_TRUTH,sequence=341912,truth_tick_us=684731593,mechanical_angle_rad=5.126564026,valid=1,read_failures=0"
dengfoc,"SYNC_TRUTH,sequence=341913,truth_tick_us=684733589,mechanical_angle_rad=5.158777714,valid=1,read_failures=0"
g431,"FTR,40320,4,324,-712,388,0,800,-4,713,-729,6269,902,98,850,12146,3607,3607,3736,159,0,29534,364,-1652,143,155,7,123,0,0,0,1"
dengfoc,"SYNC_TRUTH,sequence=341914,truth_tick_us=684735593,mechanical_angle_rad=5.187922955,valid=1,read_failures=0"
dengfoc,"SYNC_TRUTH,sequence=341915,truth_tick_us=684737589,mechanical_angle_rad=5.215534687,valid=1,read_failures=0"
dengfoc,"SYNC_TRUTH,sequence=341916,truth_tick_us=684739593,mechanical_angle_rad=5.252350330,valid=1,read_failures=0"
dengfoc,"SYNC_TRUTH,sequence=341917,truth_tick_us=684741589,mechanical_angle_rad=5.290699959,valid=1,read_failures=0"
dengfoc,"SYNC_TRUTH,sequence=341918,truth_tick_us=684743593,mechanical_angle_rad=5.324447632,valid=1,read_failures=0"
dengfoc,"SYNC_TRUTH,sequence=341919,truth_tick_us=684745589,mechanical_angle_rad=5.356660843,valid=1,read_failures=0"
dengfoc,"SYNC_TRUTH,sequence=341920,truth_tick_us=684747593,mechanical_angle_rad=5.384272575,valid=1,read_failures=0"
g431,"FTR,40560,4,233,464,-697,0,800,0,710,-821,6258,658,941,59,12146,5948,5948,6078,161,0,29534,938,1407,145,158,6,123,0,0,0,1"
dengfoc,"SYNC_TRUTH,sequence=341921,truth_tick_us=684749589,mechanical_angle_rad=5.414952278,valid=1,read_failures=0"
dengfoc,"SYNC_TRUTH,sequence=341922,truth_tick_us=684751593,mechanical_angle_rad=5.448699951,valid=1,read_failures=0"
dengfoc,"SYNC_TRUTH,sequence=341923,truth_tick_us=684753589,mechanical_angle_rad=5.483981609,valid=1,read_failures=0"
dengfoc,"SYNC_TRUTH,sequence=341924,truth_tick_us=684755593,mechanical_angle_rad=5.520796776,valid=1,read_failures=0"
dengfoc,"SYNC_TRUTH,sequence=341925,truth_tick_us=684757589,mechanical_angle_rad=5.557612419,valid=1,read_failures=0"
dengfoc,"SYNC_TRUTH,sequence=341926,truth_tick_us=684759593,mechanical_angle_rad=5.594428062,valid=1,read_failures=0"
dengfoc,"SYNC_TRUTH,sequence=341927,truth_tick_us=684761589,mechanical_angle_rad=5.629709721,valid=1,read_failures=0"
dengfoc,"SYNC_TRUTH,sequence=341928,truth_tick_us=684763593,mechanical_angle_rad=5.663457394,valid=1,read_failures=0"
dengfoc,"SYNC_TRUTH,sequence=341929,truth_tick_us=684765589,mechanical_angle_rad=5.700272560,valid=1,read_failures=0"
dengfoc,"SYNC_TRUTH,sequence=341930,truth_tick_us=684767593,mechanical_angle_rad=5.732486248,valid=1,read_failures=0"
dengfoc,"SYNC_TRUTH,sequence=341931,truth_tick_us=684769589,mechanical_angle_rad=5.761631966,valid=1,read_failures=0"
dengfoc,"SYNC_TRUTH,sequence=341932,truth_tick_us=684771593,mechanical_angle_rad=5.792311668,valid=1,read_failures=0"
dengfoc,"SYNC_TRUTH,sequence=341933,truth_tick_us=684773589,mechanical_angle_rad=5.822991371,valid=1,read_failures=0"
g431,"FTR,40800,4,-635,38,597,0,800,0,712,-1024,6255,53,416,947,12198,2040,2040,2172,164,0,29534,-1633,-363,153,160,5,123,0,0,0,1"
dengfoc,"SYNC_TRUTH,sequence=341934,truth_tick_us=684775593,mechanical_angle_rad=5.856739044,valid=1,read_failures=0"
dengfoc,"SYNC_TRUTH,sequence=341935,truth_tick_us=684777589,mechanical_angle_rad=5.893554211,valid=1,read_failures=0"
dengfoc,"SYNC_TRUTH,sequence=341936,truth_tick_us=684779593,mechanical_angle_rad=5.930369854,valid=1,read_failures=0"
dengfoc,"SYNC_TRUTH,sequence=341937,truth_tick_us=684781589,mechanical_angle_rad=5.971787453,valid=1,read_failures=0"
dengfoc,"SYNC_TRUTH,sequence=341938,truth_tick_us=684783593,mechanical_angle_rad=6.011671066,valid=1,read_failures=0"
dengfoc,"SYNC_TRUTH,sequence=341939,truth_tick_us=684785589,mechanical_angle_rad=6.045418262,valid=1,read_failures=0"
dengfoc,"SYNC_TRUTH,sequence=341940,truth_tick_us=684787593,mechanical_angle_rad=6.074563980,valid=1,read_failures=0"
g431,"FTR,41040,4,686,-501,-185,0,800,-2,710,-966,6230,912,88,186,12133,4450,4450,4586,164,0,29534,1405,-883,103,162,6,123,0,0,0,1"
dengfoc,"SYNC_TRUTH,sequence=341941,truth_tick_us=684789589,mechanical_angle_rad=6.103709698,valid=1,read_failures=0"
dengfoc,"SYNC_TRUTH,sequence=341942,truth_tick_us=684791593,mechanical_angle_rad=6.142059326,valid=1,read_failures=0"
dengfoc,"SYNC_TRUTH,sequence=341943,truth_tick_us=684793589,mechanical_angle_rad=6.177340984,valid=1,read_failures=0"
dengfoc,"SYNC_TRUTH,sequence=341944,truth_tick_us=684795593,mechanical_angle_rad=6.208020210,valid=1,read_failures=0"
dengfoc,"SYNC_TRUTH,sequence=341945,truth_tick_us=684797589,mechanical_angle_rad=6.240233898,valid=1,read_failures=0"
dengfoc,"SYNC_TRUTH,sequence=341946,truth_tick_us=684799593,mechanical_angle_rad=6.270913601,valid=1,read_failures=0"
dengfoc,"SYNC_TRUTH,sequence=341947,truth_tick_us=684801589,mechanical_angle_rad=0.024543693,valid=1,read_failures=0"
dengfoc,"SYNC_TRUTH,sequence=341948,truth_tick_us=684803593,mechanical_angle_rad=0.065961175,valid=1,read_failures=0"
dengfoc,"SYNC_TRUTH,sequence=341949,truth_tick_us=684805589,mechanical_angle_rad=0.105844676,valid=1,read_failures=0"
dengfoc,"SYNC_TRUTH,sequence=341950,truth_tick_us=684807593,mechanical_angle_rad=0.145728186,valid=1,read_failures=0"
dengfoc,"SYNC_TRUTH,sequence=341951,truth_tick_us=684809589,mechanical_angle_rad=0.179475754,valid=1,read_failures=0"
dengfoc,"SYNC_TRUTH,sequence=341952,truth_tick_us=684811593,mechanical_angle_rad=0.213223338,valid=1,read_failures=0"
dengfoc,"SYNC_TRUTH,sequence=341953,truth_tick_us=684813589,mechanical_angle_rad=0.245436937,valid=1,read_failures=0"
g431,"FTR,41280,4,-409,710,-302,0,800,0,713,-959,6245,68,932,281,12159,610,610,753,167,0,29534,-525,1571,116,164,5,123,0,0,0,1"
dengfoc,"SYNC_TRUTH,sequence=341954,truth_tick_us=684815593,mechanical_angle_rad=0.277650535,valid=1,read_failures=0"
dengfoc,"SYNC_TRUTH,sequence=341955,truth_tick_us=684817589,mechanical_angle_rad=0.312932104,valid=1,read_failures=0"
dengfoc,"SYNC_TRUTH,sequence=341956,truth_tick_us=684819593,mechanical_angle_rad=0.348213643,valid=1,read_failures=0"
dengfoc,"SYNC_TRUTH,sequence=341957,truth_tick_us=684821589,mechanical_angle_rad=0.381961226,valid=1,read_failures=0"
dengfoc,"SYNC_TRUTH,sequence=341958,truth_tick_us=684823593,mechanical_angle_rad=0.417242795,valid=1,read_failures=0"
dengfoc,"SYNC_TRUTH,sequence=341959,truth_tick_us=684825589,mechanical_angle_rad=0.449456394,valid=1,read_failures=0"
dengfoc,"SYNC_TRUTH,sequence=341960,truth_tick_us=684827593,mechanical_angle_rad=0.483203948,valid=1,read_failures=0"
g431,"FTR,41520,4,-38,-592,630,0,800,0,707,-1043,6224,587,53,947,12146,3087,3087,3239,170,0,29534,-523,-1573,139,167,5,123,0,0,0,1"
dengfoc,"SYNC_TRUTH,sequence=341961,truth_tick_us=684829589,mechanical_angle_rad=0.520019531,valid=1,read_failures=0"
dengfoc,"SYNC_TRUTH,sequence=341962,truth_tick_us=684831593,mechanical_angle_rad=0.561437011,valid=1,read_failures=0"
dengfoc,"SYNC_TRUTH,sequence=341963,truth_tick_us=684833589,mechanical_angle_rad=0.608990371,valid=1,read_failures=0"
dengfoc,"SYNC_TRUTH,sequence=341964,truth_tick_us=684835593,mechanical_angle_rad=0.650407851,valid=1,read_failures=0"
dengfoc,"SYNC_TRUTH,sequence=341965,truth_tick_us=684837589,mechanical_angle_rad=0.684155464,valid=1,read_failures=0"
dengfoc,"SYNC_TRUTH,sequence=341966,truth_tick_us=684839593,mechanical_angle_rad=0.717903018,valid=1,read_failures=0"
dengfoc,"SYNC_TRUTH,sequence=341967,truth_tick_us=684841589,mechanical_angle_rad=0.751650631,valid=1,read_failures=0"
dengfoc,"SYNC_TRUTH,sequence=341968,truth_tick_us=684843593,mechanical_angle_rad=0.786932170,valid=1,read_failures=0"
dengfoc,"SYNC_TRUTH,sequence=341969,truth_tick_us=684845589,mechanical_angle_rad=0.817611754,valid=1,read_failures=0"
dengfoc,"SYNC_TRUTH,sequence=341970,truth_tick_us=684847593,mechanical_angle_rad=0.846757412,valid=1,read_failures=0"
dengfoc,"SYNC_TRUTH,sequence=341971,truth_tick_us=684849589,mechanical_angle_rad=0.880505025,valid=1,read_failures=0"
dengfoc,"SYNC_TRUTH,sequence=341972,truth_tick_us=684851593,mechanical_angle_rad=0.918854535,valid=1,read_failures=0"
dengfoc,"SYNC_TRUTH,sequence=341973,truth_tick_us=684853589,mechanical_angle_rad=0.960272014,valid=1,read_failures=0"
g431,"FTR,41760,4,448,257,-705,0,800,-3,714,-1055,6222,885,891,109,12146,5599,5599,5755,175,0,29534,1274,1015,202,169,6,123,0,0,0,1"
dengfoc,"SYNC_TRUTH,sequence=341974,truth_tick_us=684855593,mechanical_angle_rad=1.001689434,valid=1,read_failures=0"
dengfoc,"SYNC_TRUTH,sequence=341975,truth_tick_us=684857589,mechanical_angle_rad=1.040039063,valid=1,read_failures=0"
dengfoc,"SYNC_TRUTH,sequence=341976,truth_tick_us=684859593,mechanical_angle_rad=1.081456542,valid=1,read_failures=0"
dengfoc,"SYNC_TRUTH,sequence=341977,truth_tick_us=684861589,mechanical_angle_rad=1.119806051,valid=1,read_failures=0"
dengfoc,"SYNC_TRUTH,sequence=341978,truth_tick_us=684863593,mechanical_angle_rad=1.158155560,valid=1,read_failures=0"
dengfoc,"SYNC_TRUTH,sequence=341979,truth_tick_us=684865589,mechanical_angle_rad=1.198039055,valid=1,read_failures=0"
dengfoc,"SYNC_TRUTH,sequence=341980,truth_tick_us=684867593,mechanical_angle_rad=1.233320594,valid=1,read_failures=0"
dengfoc,"SYNC_TRUTH,sequence=341981,truth_tick_us=684869589,mechanical_angle_rad=1.270136118,valid=1,read_failures=0"
g431,"FTR,42000,4,-675,160,516,0,800,-3,706,-1080,6218,51,547,949,12146,1862,1862,2020,176,0,29534,-1637,-68,168,171,6,123,0,0,0,1"
dengfoc,"SYNC_TRUTH,sequence=341982,truth_tick_us=684871593,mechanical_angle_rad=1.303883672,valid=1,read_failures=0"
dengfoc,"SYNC_TRUTH,sequence=341983,truth_tick_us=684873591,mechanical_angle_rad=1.331495404,valid=1,read_failures=0"
dengfoc,"SYNC_TRUTH,sequence=341984,truth_tick_us=684875595,mechanical_angle_rad=1.362174988,valid=1,read_failures=0"
dengfoc,"SYNC_TRUTH,sequence=341985,truth_tick_us=684877591,mechanical_angle_rad=1.397456527,valid=1,read_failures=0"
dengfoc,"SYNC_TRUTH,sequence=341986,truth_tick_us=684879593,mechanical_angle_rad=1.441941977,valid=1,read_failures=0"
dengfoc,"SYNC_TRUTH,sequence=341987,truth_tick_us=684881589,mechanical_angle_rad=1.492563367,valid=1,read_failures=0"
dengfoc,"SYNC_ANCHOR_RX,session=2026100505,edge_sequence=5007,edge_tag=907,truth_tick_us=684873027,source=2,flags=0x00000003"
dengfoc,"SYNC_TRUTH,sequence=341988,truth_tick_us=684884601,mechanical_angle_rad=1.556990504,valid=1,read_failures=0"
dengfoc,"SYNC_TRUTH,sequence=341989,truth_tick_us=684886589,mechanical_angle_rad=1.593806028,valid=1,read_failures=0"
dengfoc,"SYNC_TRUTH,sequence=341990,truth_tick_us=684888593,mechanical_angle_rad=1.630621672,valid=1,read_failures=0"
dengfoc,"SYNC_TRUTH,sequence=341991,truth_tick_us=684890589,mechanical_angle_rad=1.672039151,valid=1,read_failures=0"
dengfoc,"SYNC_TRUTH,sequence=341992,truth_tick_us=684892593,mechanical_angle_rad=1.710388660,valid=1,read_failures=0"
dengfoc,"SYNC_TRUTH,sequence=341993,truth_tick_us=684894589,mechanical_angle_rad=1.741068244,valid=1,read_failures=0"
g431,"FTR,42240,4,683,-506,-177,0,800,1,709,-956,6238,914,86,193,12146,4442,4442,4605,175,0,29534,1343,-945,67,174,6,123,0,0,0,1"
dengfoc,"SYNC_TRUTH,sequence=341994,truth_tick_us=684896593,mechanical_angle_rad=1.774815798,valid=1,read_failures=0"
dengfoc,"SYNC_TRUTH,sequence=341995,truth_tick_us=684898589,mechanical_angle_rad=1.807029366,valid=1,read_failures=0"
dengfoc,"SYNC_TRUTH,sequence=341996,truth_tick_us=684900593,mechanical_angle_rad=1.845378995,valid=1,read_failures=0"
dengfoc,"SYNC_TRUTH,sequence=341997,truth_tick_us=684902589,mechanical_angle_rad=1.883728504,valid=1,read_failures=0"
dengfoc,"SYNC_TRUTH,sequence=341998,truth_tick_us=684904593,mechanical_angle_rad=1.923611999,valid=1,read_failures=0"
dengfoc,"SYNC_TRUTH,sequence=341999,truth_tick_us=684906589,mechanical_angle_rad=1.969631433,valid=1,read_failures=0"
dengfoc,"SYNC_TRUTH,sequence=342000,truth_tick_us=684908593,mechanical_angle_rad=2.012582779,valid=1,read_failures=0"
g431,"FTR,42480,4,-500,693,-193,0,800,0,715,-980,6241,53,947,408,12159,773,773,946,179,0,29534,-734,1453,107,176,6,123,0,0,0,1"
dengfoc,"SYNC_TRUTH,sequence=342001,truth_tick_us=684910589,mechanical_angle_rad=2.049398422,valid=1,read_failures=0"
dengfoc,"SYNC_TRUTH,sequence=342002,truth_tick_us=684912593,mechanical_angle_rad=2.087747812,valid=1,read_failures=0"
dengfoc,"SYNC_TRUTH,sequence=342003,truth_tick_us=684914589,mechanical_angle_rad=2.126097441,valid=1,read_failures=0"
dengfoc,"SYNC_TRUTH,sequence=342004,truth_tick_us=684916593,mechanical_angle_rad=2.167514801,valid=1,read_failures=0"
dengfoc,"SYNC_TRUTH,sequence=342005,truth_tick_us=684918589,mechanical_angle_rad=2.205864429,valid=1,read_failures=0"
dengfoc,"SYNC_TRUTH,sequence=342006,truth_tick_us=684920593,mechanical_angle_rad=2.236544132,valid=1,read_failures=0"
dengfoc,"SYNC_TRUTH,sequence=342007,truth_tick_us=684922589,mechanical_angle_rad=2.268757582,valid=1,read_failures=0"
dengfoc,"SYNC_TRUTH,sequence=342008,truth_tick_us=684924593,mechanical_angle_rad=2.300971270,valid=1,read_failures=0"
dengfoc,"SYNC_TRUTH,sequence=342009,truth_tick_us=684926589,mechanical_angle_rad=2.340854645,valid=1,read_failures=0"
dengfoc,"SYNC_TRUTH,sequence=342010,truth_tick_us=684928593,mechanical_angle_rad=2.385340214,valid=1,read_failures=0"
dengfoc,"SYNC_TRUTH,sequence=342011,truth_tick_us=684930589,mechanical_angle_rad=2.428291559,valid=1,read_failures=0"
dengfoc,"SYNC_TRUTH,sequence=342012,truth_tick_us=684932593,mechanical_angle_rad=2.469709158,valid=1,read_failures=0"
g431,"FTR,42720,4,198,-688,490,0,800,-2,708,-1121,6211,845,97,903,12146,3422,3422,3601,183,0,29534,44,-1633,166,179,6,123,0,0,0,1"
dengfoc,"SYNC_TRUTH,sequence=342013,truth_tick_us=684934589,mechanical_angle_rad=2.508058548,valid=1,read_failures=0"
dengfoc,"SYNC_TRUTH,sequence=342014,truth_tick_us=684936593,mechanical_angle_rad=2.546408176,valid=1,read_failures=0"
dengfoc,"SYNC_TRUTH,sequence=342015,truth_tick_us=684938589,mechanical_angle_rad=2.583223820,valid=1,read_failures=0"
dengfoc,"SYNC_TRUTH,sequence=342016,truth_tick_us=684940593,mechanical_angle_rad=2.615437269,valid=1,read_failures=0"
dengfoc,"SYNC_TRUTH,sequence=342017,truth_tick_us=684942589,mechanical_angle_rad=2.650718927,valid=1,read_failures=0"
dengfoc,"SYNC_TRUTH,sequence=342018,truth_tick_us=684944593,mechanical_angle_rad=2.689068317,valid=1,read_failures=0"
dengfoc,"SYNC_TRUTH,sequence=342019,truth_tick_us=684946589,mechanical_angle_rad=2.727417946,valid=1,read_failures=0"
g431,"FTR,42960,4,126,539,-666,0,800,1,707,-1021,6235,513,950,50,12159,6105,6105,5,185,0,29534,704,1480,156,181,7,123,0,0,0,1"
dengfoc,"SYNC_TRUTH,sequence=342020,truth_tick_us=684948593,mechanical_angle_rad=2.770369291,valid=1,read_failures=0"
dengfoc,"SYNC_TRUTH,sequence=342021,truth_tick_us=684950589,mechanical_angle_rad=2.810252905,valid=1,read_failures=0"
dengfoc,"SYNC_TRUTH,sequence=342022,truth_tick_us=684952593,mechanical_angle_rad=2.853204250,valid=1,read_failures=0"
dengfoc,"SYNC_TRUTH,sequence=342023,truth_tick_us=684954589,mechanical_angle_rad=2.890019894,valid=1,read_failures=0"
dengfoc,"SYNC_TRUTH,sequence=342024,truth_tick_us=684956593,mechanical_angle_rad=2.920699596,valid=1,read_failures=0"
dengfoc,"SYNC_TRUTH,sequence=342025,truth_tick_us=684958589,mechanical_angle_rad=2.955981016,valid=1,read_failures=0"
dengfoc,"SYNC_TRUTH,sequence=342026,truth_tick_us=684960593,mechanical_angle_rad=2.998932600,valid=1,read_failures=0"
dengfoc,"SYNC_TRUTH,sequence=342027,truth_tick_us=684962589,mechanical_angle_rad=3.041883945,valid=1,read_failures=0"
dengfoc,"SYNC_TRUTH,sequence=342028,truth_tick_us=684964593,mechanical_angle_rad=3.080233574,valid=1,read_failures=0"
dengfoc,"SYNC_TRUTH,sequence=342029,truth_tick_us=684966589,mechanical_angle_rad=3.112447023,valid=1,read_failures=0"
dengfoc,"SYNC_TRUTH,sequence=342030,truth_tick_us=684968593,mechanical_angle_rad=3.146194696,valid=1,read_failures=0"
dengfoc,"SYNC_TRUTH,sequence=342031,truth_tick_us=684970589,mechanical_angle_rad=3.186078072,valid=1,read_failures=0"
dengfoc,"SYNC_TRUTH,sequence=342032,truth_tick_us=684972593,mechanical_angle_rad=3.225961685,valid=1,read_failures=0"
g431,"FTR,43200,4,-405,-303,709,0,800,2,711,-1039,6232,169,92,908,12159,2538,2538,2727,187,0,29534,-1267,-1020,132,183,6,123,0,0,0,1"
dengfoc,"SYNC_TRUTH,sequence=342033,truth_tick_us=684974589,mechanical_angle_rad=3.271981001,valid=1,read_failures=0"
dengfoc,"SYNC_TRUTH,sequence=342034,truth_tick_us=684976593,mechanical_angle_rad=3.314932585,valid=1,read_failures=0"
dengfoc,"SYNC_TRUTH,sequence=342035,truth_tick_us=684978589,mechanical_angle_rad=3.357883930,valid=1,read_failures=0"
dengfoc,"SYNC_TRUTH,sequence=342036,truth_tick_us=684980593,mechanical_angle_rad=3.394699574,valid=1,read_failures=0"
dengfoc,"SYNC_TRUTH,sequence=342037,truth_tick_us=684982589,mechanical_angle_rad=3.428447247,valid=1,read_failures=0"
dengfoc,"SYNC_TRUTH,sequence=342038,truth_tick_us=684984593,mechanical_angle_rad=3.465262651,valid=1,read_failures=0"
dengfoc,"SYNC_TRUTH,sequence=342039,truth_tick_us=684986589,mechanical_angle_rad=3.502078295,valid=1,read_failures=0"
dengfoc,"SYNC_TRUTH,sequence=342040,truth_tick_us=684988593,mechanical_angle_rad=3.537359715,valid=1,read_failures=0"
dengfoc,"SYNC_TRUTH,sequence=342041,truth_tick_us=684990589,mechanical_angle_rad=3.575709343,valid=1,read_failures=0"
dengfoc,"SYNC_TRUTH,sequence=342042,truth_tick_us=684992593,mechanical_angle_rad=3.612524748,valid=1,read_failures=0"
dengfoc,"SYNC_TRUTH,sequence=342043,truth_tick_us=684994589,mechanical_angle_rad=3.655476332,valid=1,read_failures=0"
g431,"FTR,43440,4,597,37,-634,0,800,1,711,-1302,6175,935,701,65,12146,5289,5289,5481,191,0,29534,1493,521,190,185,5,123,0,0,0,1"
dengfoc,"SYNC_TRUTH,sequence=342044,truth_tick_us=684996593,mechanical_angle_rad=3.701495647,valid=1,read_failures=0"
dengfoc,"SYNC_TRUTH,sequence=342045,truth_tick_us=684998589,mechanical_angle_rad=3.747515202,valid=1,read_failures=0"
dengfoc,"SYNC_TRUTH,sequence=342046,truth_tick_us=685000593,mechanical_angle_rad=3.792000532,valid=1,read_failures=0"
dengfoc,"SYNC_TRUTH,sequence=342047,truth_tick_us=685002589,mechanical_angle_rad=3.828816175,valid=1,read_failures=0"
dengfoc,"SYNC_TRUTH,sequence=342048,truth_tick_us=685004593,mechanical_angle_rad=3.868699551,valid=1,read_failures=0"
dengfoc,"SYNC_TRUTH,sequence=342049,truth_tick_us=685006589,mechanical_angle_rad=3.908583164,valid=1,read_failures=0"
dengfoc,"SYNC_TRUTH,sequence=342050,truth_tick_us=685008593,mechanical_angle_rad=3.942330837,valid=1,read_failures=0"
dengfoc,"SYNC_TRUTH,sequence=342051,truth_tick_us=685010589,mechanical_angle_rad=3.976078272,valid=1,read_failures=0"
g431,"FTR,43680,4,-680,207,472,0,800,0,697,-1281,6180,52,577,948,12146,1791,1791,1988,192,0,29534,-1601,67,169,188,5,123,0,0,0,1"
dengfoc,"SYNC_TRUTH,sequence=342052,truth_tick_us=685012593,mechanical_angle_rad=4.009825706,valid=1,read_failures=0"
dengfoc,"SYNC_TRUTH,sequence=342053,truth_tick_us=685014589,mechanical_angle_rad=4.046641350,valid=1,read_failures=0"
dengfoc,"SYNC_TRUTH,sequence=342054,truth_tick_us=685016593,mechanical_angle_rad=4.091126919,valid=1,read_failures=0"
dengfoc,"SYNC_TRUTH,sequence=342055,truth_tick_us=685018589,mechanical_angle_rad=4.135612488,valid=1,read_failures=0"
dengfoc,"SYNC_TRUTH,sequence=342056,truth_tick_us=685020593,mechanical_angle_rad=4.186233521,valid=1,read_failures=0"
dengfoc,"SYNC_TRUTH,sequence=342057,truth_tick_us=685022589,mechanical_angle_rad=4.235321045,valid=1,read_failures=0"
dengfoc,"SYNC_TRUTH,sequence=342058,truth_tick_us=685024593,mechanical_angle_rad=4.278272629,valid=1,read_failures=0"
dengfoc,"SYNC_TRUTH,sequence=342059,truth_tick_us=685026589,mechanical_angle_rad=4.319690228,valid=1,read_failures=0"
dengfoc,"SYNC_TRUTH,sequence=342060,truth_tick_us=685028593,mechanical_angle_rad=4.356505394,valid=1,read_failures=0"
dengfoc,"SYNC_TRUTH,sequence=342061,truth_tick_us=685030589,mechanical_angle_rad=4.391787052,valid=1,read_failures=0"
dengfoc,"SYNC_TRUTH,sequence=342062,truth_tick_us=685032593,mechanical_angle_rad=4.425534725,valid=1,read_failures=0"
dengfoc,"SYNC_TRUTH,sequence=342063,truth_tick_us=685034589,mechanical_angle_rad=4.459282398,valid=1,read_failures=0"
g431,"FTR,43920,4,697,-413,-284,0,800,4,701,-1283,6179,911,182,89,12146,4611,4611,4812,193,0,29534,1452,-653,108,190,5,123,0,0,0,1"
dengfoc,"SYNC_TRUTH,sequence=342064,truth_tick_us=685036593,mechanical_angle_rad=4.496098042,valid=1,read_failures=0"
dengfoc,"SYNC_TRUTH,sequence=342065,truth_tick_us=685038589,mechanical_angle_rad=4.542117119,valid=1,read_failures=0"
dengfoc,"SYNC_TRUTH,sequence=342066,truth_tick_us=685040593,mechanical_angle_rad=4.591204643,valid=1,read_failures=0"
dengfoc,"SYNC_TRUTH,sequence=342067,truth_tick_us=685042589,mechanical_angle_rad=4.641826153,valid=1,read_failures=0"
dengfoc,"SYNC_TRUTH,sequence=342068,truth_tick_us=685044593,mechanical_angle_rad=4.684777260,valid=1,read_failures=0"
dengfoc,"SYNC_TRUTH,sequence=342069,truth_tick_us=685046589,mechanical_angle_rad=4.726194859,valid=1,read_failures=0"
dengfoc,"SYNC_TRUTH,sequence=342070,truth_tick_us=685048593,mechanical_angle_rad=4.772214413,valid=1,read_failures=0"
g431,"FTR,44160,4,-650,554,96,0,800,-2,701,-1138,6208,72,928,742,12146,1181,1181,1390,195,0,29534,-1192,1045,97,192,5,123,0,0,0,1"
dengfoc,"SYNC_TRUTH,sequence=342071,truth_tick_us=685050589,mechanical_angle_rad=4.815165997,valid=1,read_failures=0"
dengfoc,"SYNC_TRUTH,sequence=342072,truth_tick_us=685052593,mechanical_angle_rad=4.856583118,valid=1,read_failures=0"
dengfoc,"SYNC_TRUTH,sequence=342073,truth_tick_us=685054589,mechanical_angle_rad=4.888796806,valid=1,read_failures=0"
dengfoc,"SYNC_TRUTH,sequence=342074,truth_tick_us=685056593,mechanical_angle_rad=4.922544479,valid=1,read_failures=0"
dengfoc,"SYNC_TRUTH,sequence=342075,truth_tick_us=685058589,mechanical_angle_rad=4.959360123,valid=1,read_failures=0"
dengfoc,"SYNC_TRUTH,sequence=342076,truth_tick_us=685060593,mechanical_angle_rad=4.997709751,valid=1,read_failures=0"
dengfoc,"SYNC_TRUTH,sequence=342077,truth_tick_us=685062589,mechanical_angle_rad=5.045262814,valid=1,read_failures=0"
dengfoc,"SYNC_TRUTH,sequence=342078,truth_tick_us=685064593,mechanical_angle_rad=5.098952293,valid=1,read_failures=0"
dengfoc,"SYNC_TRUTH,sequence=342079,truth_tick_us=685066589,mechanical_angle_rad=5.148039818,valid=1,read_failures=0"
dengfoc,"SYNC_TRUTH,sequence=342080,truth_tick_us=685068593,mechanical_angle_rad=5.194058895,valid=1,read_failures=0"
dengfoc,"SYNC_TRUTH,sequence=342081,truth_tick_us=685070589,mechanical_angle_rad=5.232408524,valid=1,read_failures=0"
dengfoc,"SYNC_TRUTH,sequence=342082,truth_tick_us=685072593,mechanical_angle_rad=5.275360107,valid=1,read_failures=0"
g431,"FTR,44400,4,563,-653,89,0,800,5,708,-947,6226,950,50,476,12120,4069,4069,4290,197,0,29534,893,-1350,78,195,6,123,0,0,0,1"
dengfoc,"SYNC_TRUTH,sequence=342083,truth_tick_us=685074589,mechanical_angle_rad=5.315243721,valid=1,read_failures=0"
dengfoc,"SYNC_TRUTH,sequence=342084,truth_tick_us=685076593,mechanical_angle_rad=5.350524902,valid=1,read_failures=0"
dengfoc,"SYNC_TRUTH,sequence=342085,truth_tick_us=685078589,mechanical_angle_rad=5.387340546,valid=1,read_failures=0"
dengfoc,"SYNC_TRUTH,sequence=342086,truth_tick_us=685080593,mechanical_angle_rad=5.425690174,valid=1,read_failures=0"
dengfoc,"SYNC_TRUTH,sequence=342087,truth_tick_us=685082589,mechanical_angle_rad=5.467107773,valid=1,read_failures=0"
dengfoc,"SYNC_TRUTH,sequence=342088,truth_tick_us=685084593,mechanical_angle_rad=5.514661312,valid=1,read_failures=0"
dengfoc,"SYNC_TRUTH,sequence=342089,truth_tick_us=685086589,mechanical_angle_rad=5.560680389,valid=1,read_failures=0"
dengfoc,"SYNC_TRUTH,sequence=342090,truth_tick_us=685088593,mechanical_angle_rad=5.608233929,valid=1,read_failures=0"
g431,"FTR,44640,4,-466,701,-235,0,800,-3,713,-1086,6217,56,944,371,12146,708,708,933,200,0,29534,-611,1464,117,197,7,123,0,0,0,1"
dengfoc,"SYNC_TRUTH,sequence=342091,truth_tick_us=685090589,mechanical_angle_rad=5.654253483,valid=1,read_failures=0"
dengfoc,"SYNC_TRUTH,sequence=342092,truth_tick_us=685092593,mechanical_angle_rad=5.697204590,valid=1,read_failures=0"
dengfoc,"SYNC_TRUTH,sequence=342093,truth_tick_us=685094589,mechanical_angle_rad=5.737088203,valid=1,read_failures=0"
dengfoc,"SYNC_TRUTH,sequence=342094,truth_tick_us=685096593,mechanical_angle_rad=5.772369862,valid=1,read_failures=0"
dengfoc,"SYNC_TRUTH,sequence=342095,truth_tick_us=685098589,mechanical_angle_rad=5.807651520,valid=1,read_failures=0"
dengfoc,"SYNC_TRUTH,sequence=342096,truth_tick_us=685100593,mechanical_angle_rad=5.847535133,valid=1,read_failures=0"
dengfoc,"SYNC_TRUTH,sequence=342097,truth_tick_us=685102589,mechanical_angle_rad=5.885884285,valid=1,read_failures=0"
dengfoc,"SYNC_TRUTH,sequence=342098,truth_tick_us=685104593,mechanical_angle_rad=5.933437824,valid=1,read_failures=0"
dengfoc,"SYNC_TRUTH,sequence=342099,truth_tick_us=685106589,mechanical_angle_rad=5.980991364,valid=1,read_failures=0"
dengfoc,"SYNC_TRUTH,sequence=342100,truth_tick_us=685108593,mechanical_angle_rad=6.033146381,valid=1,read_failures=0"
dengfoc,"SYNC_TRUTH,sequence=342101,truth_tick_us=685110589,mechanical_angle_rad=6.076097965,valid=1,read_failures=0"
dengfoc,"SYNC_TRUTH,sequence=342102,truth_tick_us=685112593,mechanical_angle_rad=6.115981579,valid=1,read_failures=0"
g431,"FTR,44880,4,353,-705,353,0,800,-1,705,-1005,6231,920,80,778,12146,3664,3664,3897,203,0,29534,352,-1561,130,199,7,123,0,0,0,1"
dengfoc,"SYNC_TRUTH,sequence=342103,truth_tick_us=685114589,mechanical_angle_rad=6.158933163,valid=1,read_failures=0"
dengfoc,"SYNC_TRUTH,sequence=342104,truth_tick_us=685116593,mechanical_angle_rad=6.197282791,valid=1,read_failures=0"
dengfoc,"SYNC_TRUTH,sequence=342105,truth_tick_us=685118589,mechanical_angle_rad=6.231029987,valid=1,read_failures=0"
dengfoc,"SYNC_TRUTH,sequence=342106,truth_tick_us=685120593,mechanical_angle_rad=6.267845631,valid=1,read_failures=0"
dengfoc,"SYNC_TRUTH,sequence=342107,truth_tick_us=685122589,mechanical_angle_rad=0.026077675,valid=1,read_failures=0"
dengfoc,"SYNC_TRUTH,sequence=342108,truth_tick_us=685124593,mechanical_angle_rad=0.076699041,valid=1,read_failures=0"
dengfoc,"SYNC_TRUTH,sequence=342109,truth_tick_us=685126589,mechanical_angle_rad=0.130388364,valid=1,read_failures=0"
g431,"FTR,45120,4,-265,701,-436,0,800,-9,708,-1014,6222,108,892,116,12133,371,371,608,205,0,29534,-83,1589,114,202,8,123,0,0,0,1"
dengfoc,"SYNC_TRUTH,sequence=342110,truth_tick_us=685128593,mechanical_angle_rad=0.176407799,valid=1,read_failures=0"
dengfoc,"SYNC_TRUTH,sequence=342111,truth_tick_us=685130589,mechanical_angle_rad=0.220893234,valid=1,read_failures=0"
dengfoc,"SYNC_TRUTH,sequence=342112,truth_tick_us=685132593,mechanical_angle_rad=0.262310714,valid=1,read_failures=0"
dengfoc,"SYNC_TRUTH,sequence=342113,truth_tick_us=685134589,mechanical_angle_rad=0.302194238,valid=1,read_failures=0"
dengfoc,"SYNC_TRUTH,sequence=342114,truth_tick_us=685136593,mechanical_angle_rad=0.340543747,valid=1,read_failures=0"
dengfoc,"SYNC_TRUTH,sequence=342115,truth_tick_us=685138589,mechanical_angle_rad=0.378893256,valid=1,read_failures=0"
dengfoc,"SYNC_TRUTH,sequence=342116,truth_tick_us=685140593,mechanical_angle_rad=0.418776780,valid=1,read_failures=0"
dengfoc,"SYNC_TRUTH,sequence=342117,truth_tick_us=685142589,mechanical_angle_rad=0.460194260,valid=1,read_failures=0"
dengfoc,"SYNC_TRUTH,sequence=342118,truth_tick_us=685144593,mechanical_angle_rad=0.501611710,valid=1,read_failures=0"
dengfoc,"SYNC_TRUTH,sequence=342119,truth_tick_us=685146589,mechanical_angle_rad=0.553767085,valid=1,read_failures=0"
dengfoc,"SYNC_TRUTH,sequence=342120,truth_tick_us=685148593,mechanical_angle_rad=0.605922401,valid=1,read_failures=0"
dengfoc,"SYNC_TRUTH,sequence=342121,truth_tick_us=685150589,mechanical_angle_rad=0.659611762,valid=1,read_failures=0"
g431,"FTR,45360,4,176,-678,503,0,800,1,704,-1140,6207,829,92,908,12146,3395,3395,3640,208,0,29534,-80,-1586,130,204,7,123,0,0,0,1"
dengfoc,"SYNC_TRUTH,sequence=342122,truth_tick_us=685152593,mechanical_angle_rad=0.705631196,valid=1,read_failures=0"
dengfoc,"SYNC_TRUTH,sequence=342123,truth_tick_us=685154589,mechanical_angle_rad=0.747048676,valid=1,read_failures=0"
dengfoc,"SYNC_TRUTH,sequence=342124,truth_tick_us=685156593,mechanical_angle_rad=0.786932170,valid=1,read_failures=0"
dengfoc,"SYNC_TRUTH,sequence=342125,truth_tick_us=685158589,mechanical_angle_rad=0.822213709,valid=1,read_failures=0"
dengfoc,"SYNC_TRUTH,sequence=342126,truth_tick_us=685160593,mechanical_angle_rad=0.855961323,valid=1,read_failures=0"
dengfoc,"SYNC_TRUTH,sequence=342127,truth_tick_us=685162589,mechanical_angle_rad=0.898912787,valid=1,read_failures=0"
dengfoc,"SYNC_TRUTH,sequence=342128,truth_tick_us=685164593,mechanical_angle_rad=0.943398237,valid=1,read_failures=0"
dengfoc,"SYNC_TRUTH,sequence=342129,truth_tick_us=685166589,mechanical_angle_rad=0.992485583,valid=1,read_failures=0"
dengfoc,"SYNC_TRUTH,sequence=342130,truth_tick_us=685168593,mechanical_angle_rad=1.044640899,valid=1,read_failures=0"
dengfoc,"SYNC_TRUTH,sequence=342131,truth_tick_us=685170589,mechanical_angle_rad=1.093728304,valid=1,read_failures=0"
dengfoc,"SYNC_TRUTH,sequence=342132,truth_tick_us=685172593,mechanical_angle_rad=1.144349694,valid=1,read_failures=0"
dengfoc,"SYNC_TRUTH,sequence=342133,truth_tick_us=685174589,mechanical_angle_rad=1.190369129,valid=1,read_failures=0"
dengfoc,"SYNC_TRUTH,sequence=342134,truth_tick_us=685176593,mechanical_angle_rad=1.237922549,valid=1,read_failures=0"
g431,"FTR,45600,4,-120,672,-552,0,800,2,717,-1126,6210,233,923,77,12146,171,171,423,210,0,29534,219,1566,124,207,7,123,0,0,0,1"
dengfoc,"SYNC_TRUTH,sequence=342135,truth_tick_us=685178589,mechanical_angle_rad=1.280874014,valid=1,read_failures=0"
dengfoc,"SYNC_TRUTH,sequence=342136,truth_tick_us=685180593,mechanical_angle_rad=1.313087583,valid=1,read_failures=0"
dengfoc,"SYNC_TRUTH,sequence=342137,truth_tick_us=685182589,mechanical_angle_rad=1.346835136,valid=1,read_failures=0"
dengfoc,"SYNC_TRUTH,sequence=342138,truth_tick_us=685184593,mechanical_angle_rad=1.388252616,valid=1,read_failures=0"
dengfoc,"SYNC_TRUTH,sequence=342139,truth_tick_us=685186589,mechanical_angle_rad=1.435806036,valid=1,read_failures=0"
dengfoc,"SYNC_TRUTH,sequence=342140,truth_tick_us=685188593,mechanical_angle_rad=1.494097352,valid=1,read_failures=0"
dengfoc,"SYNC_TRUTH,sequence=342141,truth_tick_us=685190589,mechanical_angle_rad=1.547786713,valid=1,read_failures=0"
g431,"FTR,45840,4,89,-658,568,0,800,-2,713,-1291,6185,751,74,926,12159,3264,3264,3523,214,0,29534,-217,-1548,179,209,7,123,0,0,0,1"
dengfoc,"SYNC_TRUTH,sequence=342142,truth_tick_us=685192593,mechanical_angle_rad=1.598407984,valid=1,read_failures=0"
dengfoc,"SYNC_TRUTH,sequence=342143,truth_tick_us=685194589,mechanical_angle_rad=1.649029374,valid=1,read_failures=0"
dengfoc,"SYNC_TRUTH,sequence=342144,truth_tick_us=685196593,mechanical_angle_rad=1.693514824,valid=1,read_failures=0"
dengfoc,"SYNC_TRUTH,sequence=342145,truth_tick_us=685198589,mechanical_angle_rad=1.734932303,valid=1,read_failures=0"
dengfoc,"SYNC_TRUTH,sequence=342146,truth_tick_us=685200593,mechanical_angle_rad=1.770213842,valid=1,read_failures=0"
dengfoc,"SYNC_TRUTH,sequence=342147,truth_tick_us=685202589,mechanical_angle_rad=1.810097337,valid=1,read_failures=0"
dengfoc,"SYNC_TRUTH,sequence=342148,truth_tick_us=685204593,mechanical_angle_rad=1.854582787,valid=1,read_failures=0"
dengfoc,"SYNC_TRUTH,sequence=342149,truth_tick_us=685206589,mechanical_angle_rad=1.899068236,valid=1,read_failures=0"
dengfoc,"SYNC_TRUTH,sequence=342150,truth_tick_us=685208593,mechanical_angle_rad=1.949689627,valid=1,read_failures=0"
dengfoc,"SYNC_TRUTH,sequence=342151,truth_tick_us=685210589,mechanical_angle_rad=2.003378868,valid=1,read_failures=0"
dengfoc,"SYNC_TRUTH,sequence=342152,truth_tick_us=685212593,mechanical_angle_rad=2.050932407,valid=1,read_failures=0"
dengfoc,"SYNC_TRUTH,sequence=342153,truth_tick_us=685214589,mechanical_angle_rad=2.101553679,valid=1,read_failures=0"
g431,"FTR,46080,4,-78,656,-578,0,800,-1,717,-1214,6193,269,930,70,12146,108,108,372,216,0,29534,270,1546,160,211,8,123,0,0,0,1"
dengfoc,"SYNC_TRUTH,sequence=342154,truth_tick_us=685216593,mechanical_angle_rad=2.149107218,valid=1,read_failures=0"
dengfoc,"SYNC_TRUTH,sequence=342155,truth_tick_us=685218589,mechanical_angle_rad=2.195126534,valid=1,read_failures=0"
dengfoc,"SYNC_TRUTH,sequence=342156,truth_tick_us=685220593,mechanical_angle_rad=2.235010147,valid=1,read_failures=0"
dengfoc,"SYNC_TRUTH,sequence=342157,truth_tick_us=685222589,mechanical_angle_rad=2.268757582,valid=1,read_failures=0"
dengfoc,"SYNC_TRUTH,sequence=342158,truth_tick_us=685224593,mechanical_angle_rad=2.308641195,valid=1,read_failures=0"
dengfoc,"SYNC_TRUTH,sequence=342159,truth_tick_us=685226589,mechanical_angle_rad=2.353126526,valid=1,read_failures=0"
dengfoc,"SYNC_TRUTH,sequence=342160,truth_tick_us=685228593,mechanical_angle_rad=2.406816006,valid=1,read_failures=0"
g431,"FTR,46320,4,91,-651,560,0,800,-2,705,-1392,6156,767,77,923,12146,3269,3269,3539,219,0,29534,-204,-1540,186,213,7,123,0,0,0,1"
dengfoc,"SYNC_TRUTH,sequence=342161,truth_tick_us=685230589,mechanical_angle_rad=2.458971262,valid=1,read_failures=0"
dengfoc,"SYNC_TRUTH,sequence=342162,truth_tick_us=685232593,mechanical_angle_rad=2.506524563,valid=1,read_failures=0"
dengfoc,"SYNC_TRUTH,sequence=342163,truth_tick_us=685234589,mechanical_angle_rad=2.554078102,valid=1,read_failures=0"
dengfoc,"SYNC_TRUTH,sequence=342164,truth_tick_us=685236593,mechanical_angle_rad=2.600097418,valid=1,read_failures=0"
dengfoc,"SYNC_TRUTH,sequence=342165,truth_tick_us=685238589,mechanical_angle_rad=2.638447046,valid=1,read_failures=0"
dengfoc,"SYNC_TRUTH,sequence=342166,truth_tick_us=685240593,mechanical_angle_rad=2.681398392,valid=1,read_failures=0"
dengfoc,"SYNC_TRUTH,sequence=342167,truth_tick_us=685242589,mechanical_angle_rad=2.722815990,valid=1,read_failures=0"
dengfoc,"SYNC_TRUTH,sequence=342168,truth_tick_us=685244593,mechanical_angle_rad=2.768835306,valid=1,read_failures=0"
dengfoc,"SYNC_TRUTH,sequence=342169,truth_tick_us=685246589,mechanical_angle_rad=2.816388845,valid=1,read_failures=0"
dengfoc,"SYNC_TRUTH,sequence=342170,truth_tick_us=685248593,mechanical_angle_rad=2.863942146,valid=1,read_failures=0"
dengfoc,"SYNC_TRUTH,sequence=342171,truth_tick_us=685250589,mechanical_angle_rad=2.913029671,valid=1,read_failures=0"
dengfoc,"SYNC_TRUTH,sequence=342172,truth_tick_us=685252593,mechanical_angle_rad=2.959048986,valid=1,read_failures=0"
g431,"FTR,46560,4,-131,670,-539,0,800,-3,711,-1194,6197,217,919,81,12146,181,181,456,220,0,29534,185,1549,144,216,7,123,0,0,0,1"
dengfoc,"SYNC_TRUTH,sequence=342173,truth_tick_us=685254589,mechanical_angle_rad=3.005068541,valid=1,read_failures=0"
dengfoc,"SYNC_TRUTH,sequence=342174,truth_tick_us=685256593,mechanical_angle_rad=3.052621841,valid=1,read_failures=0"
dengfoc,"SYNC_TRUTH,sequence=342175,truth_tick_us=685258589,mechanical_angle_rad=3.090971470,valid=1,read_failures=0"
dengfoc,"SYNC_TRUTH,sequence=342176,truth_tick_us=685260593,mechanical_angle_rad=3.130854845,valid=1,read_failures=0"
dengfoc,"SYNC_TRUTH,sequence=342177,truth_tick_us=685262589,mechanical_angle_rad=3.173806429,valid=1,read_failures=0"
dengfoc,"SYNC_TRUTH,sequence=342178,truth_tick_us=685264593,mechanical_angle_rad=3.219825745,valid=1,read_failures=0"
dengfoc,"SYNC_TRUTH,sequence=342179,truth_tick_us=685266589,mechanical_angle_rad=3.273514986,valid=1,read_failures=0"
dengfoc,"SYNC_TRUTH,sequence=342180,truth_tick_us=685268593,mechanical_angle_rad=3.325670481,valid=1,read_failures=0"
g431,"FTR,46800,4,190,-683,493,0,800,-3,705,-1315,6166,859,101,899,12133,3410,3410,3693,223,0,29534,-22,-1545,162,218,6,123,0,0,0,1"
dengfoc,"SYNC_TRUTH,sequence=342181,truth_tick_us=685270589,mechanical_angle_rad=3.376291752,valid=1,read_failures=0"
dengfoc,"SYNC_TRUTH,sequence=342182,truth_tick_us=685272593,mechanical_angle_rad=3.422311306,valid=1,read_failures=0"
dengfoc,"SYNC_TRUTH,sequence=342183,truth_tick_us=685274589,mechanical_angle_rad=3.462194681,valid=1,read_failures=0"
dengfoc,"SYNC_TRUTH,sequence=342184,truth_tick_us=685276593,mechanical_angle_rad=3.505146265,valid=1,read_failures=0"
dengfoc,"SYNC_TRUTH,sequence=342185,truth_tick_us=685278589,mechanical_angle_rad=3.545029640,valid=1,read_failures=0"
dengfoc,"SYNC_TRUTH,sequence=342186,truth_tick_us=685280593,mechanical_angle_rad=3.586447239,valid=1,read_failures=0"
dengfoc,"SYNC_TRUTH,sequence=342187,truth_tick_us=685282589,mechanical_angle_rad=3.630932570,valid=1,read_failures=0"
dengfoc,"SYNC_TRUTH,sequence=342188,truth_tick_us=685284593,mechanical_angle_rad=3.678486109,valid=1,read_failures=0"
dengfoc,"SYNC_TRUTH,sequence=342189,truth_tick_us=685286589,mechanical_angle_rad=3.736777306,valid=1,read_failures=0"
dengfoc,"SYNC_TRUTH,sequence=342190,truth_tick_us=685288593,mechanical_angle_rad=3.795068502,valid=1,read_failures=0"
dengfoc,"SYNC_TRUTH,sequence=342191,truth_tick_us=685290589,mechanical_angle_rad=3.842622042,valid=1,read_failures=0"
dengfoc,"SYNC_TRUTH,sequence=342192,truth_tick_us=685292593,mechanical_angle_rad=3.893243313,valid=1,read_failures=0"
g431,"FTR,47040,4,-270,697,-428,0,800,-2,703,-1212,6187,97,903,152,12133,391,391,680,223,0,29534,-89,1550,107,221,6,123,0,0,0,1"
dengfoc,"SYNC_TRUTH,sequence=342193,truth_tick_us=685294589,mechanical_angle_rad=3.934660912,valid=1,read_failures=0"
dengfoc,"SYNC_TRUTH,sequence=342194,truth_tick_us=685296593,mechanical_angle_rad=3.969942331,valid=1,read_failures=0"
dengfoc,"SYNC_TRUTH,sequence=342195,truth_tick_us=685298589,mechanical_angle_rad=4.006757736,valid=1,read_failures=0"
dengfoc,"SYNC_TRUTH,sequence=342196,truth_tick_us=685300593,mechanical_angle_rad=4.046641350,valid=1,read_failures=0"
dengfoc,"SYNC_TRUTH,sequence=342197,truth_tick_us=685302589,mechanical_angle_rad=4.098796844,valid=1,read_failures=0"
dengfoc,"SYNC_TRUTH,sequence=342198,truth_tick_us=685304593,mechanical_angle_rad=4.157088280,valid=1,read_failures=0"
dengfoc,"SYNC_TRUTH,sequence=342199,truth_tick_us=685306589,mechanical_angle_rad=4.213845253,valid=1,read_failures=0"
g431,"FTR,47280,4,367,-704,337,0,800,-1,704,-1027,6227,925,75,757,12146,3689,3689,3987,225,0,29534,330,-1524,105,223,6,123,0,0,0,1"
dengfoc,"SYNC_TRUTH,sequence=342200,truth_tick_us=685308593,mechanical_angle_rad=4.270602703,valid=1,read_failures=0"
dengfoc,"SYNC_TRUTH,sequence=342201,truth_tick_us=685310589,mechanical_angle_rad=4.318156242,valid=1,read_failures=0"
dengfoc,"SYNC_TRUTH,sequence=342202,truth_tick_us=685312593,mechanical_angle_rad=4.365709305,valid=1,read_failures=0"
dengfoc,"SYNC_TRUTH,sequence=342203,truth_tick_us=685314589,mechanical_angle_rad=4.405592918,valid=1,read_failures=0"
dengfoc,"SYNC_TRUTH,sequence=342204,truth_tick_us=685316593,mechanical_angle_rad=4.442408562,valid=1,read_failures=0"
dengfoc,"SYNC_TRUTH,sequence=342205,truth_tick_us=685318589,mechanical_angle_rad=4.483826160,valid=1,read_failures=0"
dengfoc,"SYNC_TRUTH,sequence=342206,truth_tick_us=685320593,mechanical_angle_rad=4.528311253,valid=1,read_failures=0"
dengfoc,"SYNC_TRUTH,sequence=342207,truth_tick_us=685322589,mechanical_angle_rad=4.585068703,valid=1,read_failures=0"
dengfoc,"SYNC_TRUTH,sequence=342208,truth_tick_us=685324593,mechanical_angle_rad=4.643360138,valid=1,read_failures=0"
dengfoc,"SYNC_TRUTH,sequence=342209,truth_tick_us=685326589,mechanical_angle_rad=4.693981171,valid=1,read_failures=0"
dengfoc,"SYNC_TRUTH,sequence=342210,truth_tick_us=685328593,mechanical_angle_rad=4.749204636,valid=1,read_failures=0"
dengfoc,"SYNC_TRUTH,sequence=342211,truth_tick_us=685330589,mechanical_angle_rad=4.801360130,valid=1,read_failures=0"
g431,"FTR,47520,4,-477,693,-215,0,800,0,709,-1194,6197,53,947,407,12146,738,738,1039,227,0,29534,-573,1424,87,225,7,123,0,0,0,1"
dengfoc,"SYNC_TRUTH,sequence=342212,truth_tick_us=685332593,mechanical_angle_rad=4.850447178,valid=1,read_failures=0"
dengfoc,"SYNC_TRUTH,sequence=342213,truth_tick_us=685334589,mechanical_angle_rad=4.893398762,valid=1,read_failures=0"
dengfoc,"SYNC_TRUTH,sequence=342214,truth_tick_us=685336593,mechanical_angle_rad=4.928680420,valid=1,read_failures=0"
dengfoc,"SYNC_TRUTH,sequence=342215,truth_tick_us=685338589,mechanical_angle_rad=4.970098019,valid=1,read_failures=0"
dengfoc,"SYNC_TRUTH,sequence=342216,truth_tick_us=685340593,mechanical_angle_rad=5.019185066,valid=1,read_failures=0"
dengfoc,"SYNC_TRUTH,sequence=342217,truth_tick_us=685342589,mechanical_angle_rad=5.071340561,valid=1,read_failures=0"
dengfoc,"SYNC_TRUTH,sequence=342218,truth_tick_us=685344593,mechanical_angle_rad=5.134233952,valid=1,read_failures=0"
dengfoc,"SYNC_TRUTH,sequence=342219,truth_tick_us=685346589,mechanical_angle_rad=5.187922955,valid=1,read_failures=0"
dengfoc,"SYNC_TRUTH,sequence=342220,truth_tick_us=685348593,mechanical_angle_rad=5.241612434,valid=1,read_failures=0"
dengfoc,"SYNC_TRUTH,sequence=342221,truth_tick_us=685350589,mechanical_angle_rad=5.292233944,valid=1,read_failures=0"
dengfoc,"SYNC_TRUTH,sequence=342222,truth_tick_us=685352593,mechanical_angle_rad=5.333651543,valid=1,read_failures=0"
dengfoc,"SYNC_TRUTH,sequence=342223,truth_tick_us=685354589,mechanical_angle_rad=5.375068665,valid=1,read_failures=0"
dengfoc,"SYNC_TRUTH,sequence=342224,truth_tick_us=685356593,mechanical_angle_rad=5.416486263,valid=1,read_failures=0"
g431,"FTR,47760,4,578,-642,64,0,800,4,707,-1060,6222,948,52,435,12146,4104,4104,4413,229,0,29534,873,-1289,74,227,8,123,0,0,0,1"
dengfoc,"SYNC_TRUTH,sequence=342225,truth_tick_us=685358589,mechanical_angle_rad=5.460971832,valid=1,read_failures=0"
dengfoc,"SYNC_TRUTH,sequence=342226,truth_tick_us=685360593,mechanical_angle_rad=5.516195297,valid=1,read_failures=0"
dengfoc,"SYNC_TRUTH,sequence=342227,truth_tick_us=685362589,mechanical_angle_rad=5.566816330,valid=1,read_failures=0"
dengfoc,"SYNC_TRUTH,sequence=342228,truth_tick_us=685364593,mechanical_angle_rad=5.622039795,valid=1,read_failures=0"
dengfoc,"SYNC_TRUTH,sequence=342229,truth_tick_us=685366589,mechanical_angle_rad=5.678797245,valid=1,read_failures=0"
dengfoc,"SYNC_TRUTH,sequence=342230,truth_tick_us=685368593,mechanical_angle_rad=5.727884293,valid=1,read_failures=0"
dengfoc,"SYNC_TRUTH,sequence=342231,truth_tick_us=685370589,mechanical_angle_rad=5.775437832,valid=1,read_failures=0"
g431,"FTR,48000,4,-656,539,117,0,800,5,700,-1329,6176,83,917,793,12159,1221,1221,1532,232,0,29534,-1162,977,98,230,8,123,0,0,0,1"
dengfoc,"SYNC_TRUTH,sequence=342232,truth_tick_us=685372593,mechanical_angle_rad=5.813787460,valid=1,read_failures=0"
dengfoc,"SYNC_TRUTH,sequence=342233,truth_tick_us=685374589,mechanical_angle_rad=5.856739044,valid=1,read_failures=0"
dengfoc,"SYNC_TRUTH,sequence=342234,truth_tick_us=685376593,mechanical_angle_rad=5.902758121,valid=1,read_failures=0"
dengfoc,"SYNC_TRUTH,sequence=342235,truth_tick_us=685378589,mechanical_angle_rad=5.951845646,valid=1,read_failures=0"
dengfoc,"SYNC_TRUTH,sequence=342236,truth_tick_us=685380593,mechanical_angle_rad=6.010137081,valid=1,read_failures=0"
dengfoc,"SYNC_TRUTH,sequence=342237,truth_tick_us=685382589,mechanical_angle_rad=6.065360069,valid=1,read_failures=0"
dengfoc,"SYNC_ANCHOR_RX,session=2026100505,edge_sequence=5008,edge_tag=908,truth_tick_us=685374098,source=2,flags=0x00000003"
dengfoc,"SYNC_TRUTH,sequence=342238,truth_tick_us=685385601,mechanical_angle_rad=6.142059326,valid=1,read_failures=0"
dengfoc,"SYNC_TRUTH,sequence=342239,truth_tick_us=685387589,mechanical_angle_rad=6.191146851,valid=1,read_failures=0"
dengfoc,"SYNC_TRUTH,sequence=342240,truth_tick_us=685389593,mechanical_angle_rad=6.229496002,valid=1,read_failures=0"
dengfoc,"SYNC_TRUTH,sequence=342241,truth_tick_us=685391589,mechanical_angle_rad=6.270913601,valid=1,read_failures=0"
dengfoc,"SYNC_TRUTH,sequence=342242,truth_tick_us=685393593,mechanical_angle_rad=0.033747580,valid=1,read_failures=0"
g431,"FTR,48240,4,696,-388,-308,0,800,7,697,-1394,6155,922,227,78,12146,4656,4656,4972,234,0,29534,1386,-617,86,232,7,123,0,0,0,1"
dengfoc,"SYNC_TRUTH,sequence=342243,truth_tick_us=685395589,mechanical_angle_rad=0.088970885,valid=1,read_failures=0"
dengfoc,"SYNC_TRUTH,sequence=342244,truth_tick_us=685397593,mechanical_angle_rad=0.147262156,valid=1,read_failures=0"
dengfoc,"SYNC_TRUTH,sequence=342245,truth_tick_us=685399589,mechanical_angle_rad=0.200951487,valid=1,read_failures=0"
dengfoc,"SYNC_TRUTH,sequence=342246,truth_tick_us=685401593,mechanical_angle_rad=0.254640818,valid=1,read_failures=0"
dengfoc,"SYNC_TRUTH,sequence=342247,truth_tick_us=685403589,mechanical_angle_rad=0.302194238,valid=1,read_failures=0"
dengfoc,"SYNC_TRUTH,sequence=342248,truth_tick_us=685405593,mechanical_angle_rad=0.348213643,valid=1,read_failures=0"
dengfoc,"SYNC_TRUTH,sequence=342249,truth_tick_us=685407589,mechanical_angle_rad=0.392699093,valid=1,read_failures=0"
dengfoc,"SYNC_TRUTH,sequence=342250,truth_tick_us=685409593,mechanical_angle_rad=0.432582587,valid=1,read_failures=0"
g431,"FTR,48480,4,-662,171,492,0,800,-1,688,-1557,6130,50,503,950,12172,1841,1841,2162,239,0,29534,-1503,48,157,234,7,123,0,0,0,1"
dengfoc,"SYNC_TRUTH,sequence=342251,truth_tick_us=685411589,mechanical_angle_rad=0.478602022,valid=1,read_failures=0"
dengfoc,"SYNC_TRUTH,sequence=342252,truth_tick_us=685413593,mechanical_angle_rad=0.530757368,valid=1,read_failures=0"
dengfoc,"SYNC_TRUTH,sequence=342253,truth_tick_us=685415589,mechanical_angle_rad=0.590582609,valid=1,read_failures=0"
dengfoc,"SYNC_TRUTH,sequence=342254,truth_tick_us=685417593,mechanical_angle_rad=0.653475821,valid=1,read_failures=0"
dengfoc,"SYNC_TRUTH,sequence=342255,truth_tick_us=685419589,mechanical_angle_rad=0.708699167,valid=1,read_failures=0"
dengfoc,"SYNC_TRUTH,sequence=342256,truth_tick_us=685421593,mechanical_angle_rad=0.763922453,valid=1,read_failures=0"
dengfoc,"SYNC_TRUTH,sequence=342257,truth_tick_us=685423589,mechanical_angle_rad=0.806873918,valid=1,read_failures=0"
dengfoc,"SYNC_TRUTH,sequence=342258,truth_tick_us=685425593,mechanical_angle_rad=0.842155457,valid=1,read_failures=0"
dengfoc,"SYNC_TRUTH,sequence=342259,truth_tick_us=685427589,mechanical_angle_rad=0.883572936,valid=1,read_failures=0"
dengfoc,"SYNC_TRUTH,sequence=342260,truth_tick_us=685429593,mechanical_angle_rad=0.935728312,valid=1,read_failures=0"
dengfoc,"SYNC_TRUTH,sequence=342261,truth_tick_us=685431589,mechanical_angle_rad=0.989417613,valid=1,read_failures=0"
dengfoc,"SYNC_TRUTH,sequence=342262,truth_tick_us=685433593,mechanical_angle_rad=1.049242854,valid=1,read_failures=0"
g431,"FTR,48720,4,557,75,-632,0,800,0,691,-1780,6055,915,799,85,12146,5344,5344,5671,242,0,29534,1376,532,202,237,6,123,0,0,0,1"
dengfoc,"SYNC_TRUTH,sequence=342263,truth_tick_us=685435589,mechanical_angle_rad=1.107534170,valid=1,read_failures=0"
dengfoc,"SYNC_TRUTH,sequence=342264,truth_tick_us=685437593,mechanical_angle_rad=1.165825486,valid=1,read_failures=0"
dengfoc,"SYNC_TRUTH,sequence=342265,truth_tick_us=685439589,mechanical_angle_rad=1.222582698,valid=1,read_failures=0"
dengfoc,"SYNC_TRUTH,sequence=342266,truth_tick_us=685441593,mechanical_angle_rad=1.271670103,valid=1,read_failures=0"
dengfoc,"SYNC_TRUTH,sequence=342267,truth_tick_us=685443589,mechanical_angle_rad=1.314621568,valid=1,read_failures=0"
dengfoc,"SYNC_TRUTH,sequence=342268,truth_tick_us=685445593,mechanical_angle_rad=1.349903107,valid=1,read_failures=0"
dengfoc,"SYNC_TRUTH,sequence=342269,truth_tick_us=685447589,mechanical_angle_rad=1.394388556,valid=1,read_failures=0"
g431,"FTR,48960,4,-359,-337,696,0,800,-1,696,-1644,6093,285,67,933,12146,2598,2598,2935,245,0,29534,-1078,-1031,199,239,7,123,0,0,0,1"
dengfoc,"SYNC_TRUTH,sequence=342270,truth_tick_us=685449593,mechanical_angle_rad=1.451145887,valid=1,read_failures=0"
dengfoc,"SYNC_TRUTH,sequence=342271,truth_tick_us=685451589,mechanical_angle_rad=1.510971069,valid=1,read_failures=0"
dengfoc,"SYNC_TRUTH,sequence=342272,truth_tick_us=685453593,mechanical_angle_rad=1.575398326,valid=1,read_failures=0"
dengfoc,"SYNC_TRUTH,sequence=342273,truth_tick_us=685455589,mechanical_angle_rad=1.632155657,valid=1,read_failures=0"
dengfoc,"SYNC_TRUTH,sequence=342274,truth_tick_us=685457593,mechanical_angle_rad=1.690446854,valid=1,read_failures=0"
dengfoc,"SYNC_TRUTH,sequence=342275,truth_tick_us=685459589,mechanical_angle_rad=1.739534259,valid=1,read_failures=0"
dengfoc,"SYNC_TRUTH,sequence=342276,truth_tick_us=685461593,mechanical_angle_rad=1.780951738,valid=1,read_failures=0"
dengfoc,"SYNC_TRUTH,sequence=342277,truth_tick_us=685463589,mechanical_angle_rad=1.825437188,valid=1,read_failures=0"
dengfoc,"SYNC_TRUTH,sequence=342278,truth_tick_us=685465593,mechanical_angle_rad=1.874524593,valid=1,read_failures=0"
dengfoc,"SYNC_TRUTH,sequence=342279,truth_tick_us=685467589,mechanical_angle_rad=1.925145984,valid=1,read_failures=0"
dengfoc,"SYNC_TRUTH,sequence=342280,truth_tick_us=685469593,mechanical_angle_rad=1.984971166,valid=1,read_failures=0"
dengfoc,"SYNC_TRUTH,sequence=342281,truth_tick_us=685471589,mechanical_angle_rad=2.040194511,valid=1,read_failures=0"
g431,"FTR,49200,4,80,567,-646,0,800,0,705,-1516,6133,400,946,54,12159,6170,6170,232,247,0,29534,553,1398,199,241,8,123,0,0,0,1"
dengfoc,"SYNC_TRUTH,sequence=342282,truth_tick_us=685473593,mechanical_angle_rad=2.098485708,valid=1,read_failures=0"
dengfoc,"SYNC_TRUTH,sequence=342283,truth_tick_us=685475589,mechanical_angle_rad=2.158311129,valid=1,read_failures=0"
dengfoc,"SYNC_TRUTH,sequence=342284,truth_tick_us=685477593,mechanical_angle_rad=2.208932400,valid=1,read_failures=0"
dengfoc,"SYNC_TRUTH,sequence=342285,truth_tick_us=685479589,mechanical_angle_rad=2.253417730,valid=1,read_failures=0"
dengfoc,"SYNC_TRUTH,sequence=342286,truth_tick_us=685481593,mechanical_angle_rad=2.296369314,valid=1,read_failures=0"
dengfoc,"SYNC_TRUTH,sequence=342287,truth_tick_us=685483589,mechanical_angle_rad=2.340854645,valid=1,read_failures=0"
dengfoc,"SYNC_TRUTH,sequence=342288,truth_tick_us=685485593,mechanical_angle_rad=2.396078110,valid=1,read_failures=0"
dengfoc,"SYNC_TRUTH,sequence=342289,truth_tick_us=685487589,mechanical_angle_rad=2.449767351,valid=1,read_failures=0"
g431,"FTR,49440,4,247,-693,445,0,800,-7,702,-1487,6140,903,97,845,12159,3492,3492,3846,249,0,29534,119,-1488,190,244,7,123,0,0,0,1"
dengfoc,"SYNC_TRUTH,sequence=342290,truth_tick_us=685489593,mechanical_angle_rad=2.508058548,valid=1,read_failures=0"
dengfoc,"SYNC_TRUTH,sequence=342291,truth_tick_us=685491589,mechanical_angle_rad=2.564815998,valid=1,read_failures=0"
dengfoc,"SYNC_TRUTH,sequence=342292,truth_tick_us=685493593,mechanical_angle_rad=2.615437269,valid=1,read_failures=0"
dengfoc,"SYNC_TRUTH,sequence=342293,truth_tick_us=685495589,mechanical_angle_rad=2.666058779,valid=1,read_failures=0"
dengfoc,"SYNC_TRUTH,sequence=342294,truth_tick_us=685497593,mechanical_angle_rad=2.713612080,valid=1,read_failures=0"
dengfoc,"SYNC_TRUTH,sequence=342295,truth_tick_us=685499589,mechanical_angle_rad=2.762699366,valid=1,read_failures=0"
dengfoc,"SYNC_TRUTH,sequence=342296,truth_tick_us=685501593,mechanical_angle_rad=2.813320875,valid=1,read_failures=0"
dengfoc,"SYNC_TRUTH,sequence=342297,truth_tick_us=685503589,mechanical_angle_rad=2.862408161,valid=1,read_failures=0"
dengfoc,"SYNC_TRUTH,sequence=342298,truth_tick_us=685505593,mechanical_angle_rad=2.916097641,valid=1,read_failures=0"
dengfoc,"SYNC_TRUTH,sequence=342299,truth_tick_us=685507589,mechanical_angle_rad=2.968252897,valid=1,read_failures=0"
dengfoc,"SYNC_TRUTH,sequence=342300,truth_tick_us=685509593,mechanical_angle_rad=3.026544094,valid=1,read_failures=0"
dengfoc,"SYNC_TRUTH,sequence=342301,truth_tick_us=685511589,mechanical_angle_rad=3.080233574,valid=1,read_failures=0"
g431,"FTR,49680,4,-528,669,-140,0,800,1,705,-1492,6132,50,950,531,12146,848,848,1208,250,0,29534,-757,1271,147,246,6,123,0,0,0,1"
dengfoc,"SYNC_TRUTH,sequence=342302,truth_tick_us=685513593,mechanical_angle_rad=3.124718904,valid=1,read_failures=0"
dengfoc,"SYNC_TRUTH,sequence=342303,truth_tick_us=685515589,mechanical_angle_rad=3.170738459,valid=1,read_failures=0"
dengfoc,"SYNC_TRUTH,sequence=342304,truth_tick_us=685517593,mechanical_angle_rad=3.222893715,valid=1,read_failures=0"
dengfoc,"SYNC_TRUTH,sequence=342305,truth_tick_us=685519589,mechanical_angle_rad=3.276582956,valid=1,read_failures=0"
dengfoc,"SYNC_TRUTH,sequence=342306,truth_tick_us=685521593,mechanical_angle_rad=3.334874392,valid=1,read_failures=0"
dengfoc,"SYNC_TRUTH,sequence=342307,truth_tick_us=685523589,mechanical_angle_rad=3.388563633,valid=1,read_failures=0"
dengfoc,"SYNC_TRUTH,sequence=342308,truth_tick_us=685525593,mechanical_angle_rad=3.443786860,valid=1,read_failures=0"
dengfoc,"SYNC_TRUTH,sequence=342309,truth_tick_us=685527589,mechanical_angle_rad=3.495942354,valid=1,read_failures=0"
dengfoc,"SYNC_TRUTH,sequence=342310,truth_tick_us=685529593,mechanical_angle_rad=3.541961670,valid=1,read_failures=0"
dengfoc,"SYNC_TRUTH,sequence=342311,truth_tick_us=685531589,mechanical_angle_rad=3.587981224,valid=1,read_failures=0"
dengfoc,"SYNC_TRUTH,sequence=342312,truth_tick_us=685533593,mechanical_angle_rad=3.635534525,valid=1,read_failures=0"
dengfoc,"SYNC_TRUTH,sequence=342313,truth_tick_us=685535589,mechanical_angle_rad=3.686156034,valid=1,read_failures=0"
g431,"FTR,49920,4,683,-453,-230,0,800,-2,695,-1440,6145,898,138,102,12146,4522,4522,4887,251,0,29534,1272,-779,95,249,5,123,0,0,0,1"
dengfoc,"SYNC_TRUTH,sequence=342314,truth_tick_us=685537593,mechanical_angle_rad=3.747515202,valid=1,read_failures=0"
dengfoc,"SYNC_TRUTH,sequence=342315,truth_tick_us=685539589,mechanical_angle_rad=3.807340384,valid=1,read_failures=0"
dengfoc,"SYNC_TRUTH,sequence=342316,truth_tick_us=685541593,mechanical_angle_rad=3.868699551,valid=1,read_failures=0"
dengfoc,"SYNC_TRUTH,sequence=342317,truth_tick_us=685543589,mechanical_angle_rad=3.926990986,valid=1,read_failures=0"
dengfoc,"SYNC_TRUTH,sequence=342318,truth_tick_us=685545593,mechanical_angle_rad=3.971476316,valid=1,read_failures=0"
dengfoc,"SYNC_TRUTH,sequence=342319,truth_tick_us=685547589,mechanical_angle_rad=4.011359692,valid=1,read_failures=0"
dengfoc,"SYNC_TRUTH,sequence=342320,truth_tick_us=685549593,mechanical_angle_rad=4.051243305,valid=1,read_failures=0"
dengfoc,"SYNC_TRUTH,sequence=342321,truth_tick_us=685551589,mechanical_angle_rad=4.104932785,valid=1,read_failures=0"
g431,"FTR,50160,4,-634,102,531,0,800,2,680,-1625,6105,53,412,947,12159,1947,1947,2317,254,0,29534,-1482,-70,133,251,5,123,0,0,0,1"
dengfoc,"SYNC_TRUTH,sequence=342322,truth_tick_us=685553593,mechanical_angle_rad=4.167825699,valid=1,read_failures=0"
dengfoc,"SYNC_TRUTH,sequence=342323,truth_tick_us=685555589,mechanical_angle_rad=4.233787060,valid=1,read_failures=0"
dengfoc,"SYNC_TRUTH,sequence=342324,truth_tick_us=685557593,mechanical_angle_rad=4.299748421,valid=1,read_failures=0"
dengfoc,"SYNC_TRUTH,sequence=342325,truth_tick_us=685559589,mechanical_angle_rad=4.358039379,valid=1,read_failures=0"
dengfoc,"SYNC_TRUTH,sequence=342326,truth_tick_us=685561593,mechanical_angle_rad=4.405592918,valid=1,read_failures=0"
dengfoc,"SYNC_TRUTH,sequence=342327,truth_tick_us=685563589,mechanical_angle_rad=4.447010517,valid=1,read_failures=0"
dengfoc,"SYNC_TRUTH,sequence=342328,truth_tick_us=685565593,mechanical_angle_rad=4.486894131,valid=1,read_failures=0"
dengfoc,"SYNC_TRUTH,sequence=342329,truth_tick_us=685567589,mechanical_angle_rad=4.537515163,valid=1,read_failures=0"
dengfoc,"SYNC_TRUTH,sequence=342330,truth_tick_us=685569593,mechanical_angle_rad=4.600408554,valid=1,read_failures=0"
dengfoc,"SYNC_TRUTH,sequence=342331,truth_tick_us=685571589,mechanical_angle_rad=4.663301945,valid=1,read_failures=0"
dengfoc,"SYNC_TRUTH,sequence=342332,truth_tick_us=685573593,mechanical_angle_rad=4.729262829,valid=1,read_failures=0"
g431,"FTR,50400,4,378,305,-683,0,800,-6,684,-1790,6059,735,929,71,12159,5689,5689,6066,259,0,29534,1081,962,222,253,6,123,0,0,0,1"
dengfoc,"SYNC_TRUTH,sequence=342333,truth_tick_us=685575589,mechanical_angle_rad=4.787554264,valid=1,read_failures=0"
dengfoc,"SYNC_TRUTH,sequence=342334,truth_tick_us=685577593,mechanical_angle_rad=4.847379208,valid=1,read_failures=0"
dengfoc,"SYNC_TRUTH,sequence=342335,truth_tick_us=685579589,mechanical_angle_rad=4.894932747,valid=1,read_failures=0"
dengfoc,"SYNC_TRUTH,sequence=342336,truth_tick_us=685581593,mechanical_angle_rad=4.934816360,valid=1,read_failures=0"
dengfoc,"SYNC_TRUTH,sequence=342337,truth_tick_us=685583589,mechanical_angle_rad=4.980835915,valid=1,read_failures=0"
dengfoc,"SYNC_TRUTH,sequence=342338,truth_tick_us=685585593,mechanical_angle_rad=5.034524918,valid=1,read_failures=0"
dengfoc,"SYNC_TRUTH,sequence=342339,truth_tick_us=685587589,mechanical_angle_rad=5.095884323,valid=1,read_failures=0"
dengfoc,"SYNC_TRUTH,sequence=342340,truth_tick_us=685589593,mechanical_angle_rad=5.164913654,valid=1,read_failures=0"
g431,"FTR,50640,4,34,-626,592,0,800,-5,704,-1643,6101,733,71,929,12159,3182,3182,3571,262,0,29534,-310,-1434,213,255,8,123,0,0,0,1"
dengfoc,"SYNC_TRUTH,sequence=342341,truth_tick_us=685591589,mechanical_angle_rad=5.224738598,valid=1,read_failures=0"
dengfoc,"SYNC_TRUTH,sequence=342342,truth_tick_us=685593593,mechanical_angle_rad=5.284564018,valid=1,read_failures=0"
dengfoc,"SYNC_TRUTH,sequence=342343,truth_tick_us=685595589,mechanical_angle_rad=5.338253498,valid=1,read_failures=0"
dengfoc,"SYNC_TRUTH,sequence=342344,truth_tick_us=685597593,mechanical_angle_rad=5.381204605,valid=1,read_failures=0"
dengfoc,"SYNC_TRUTH,sequence=342345,truth_tick_us=685599589,mechanical_angle_rad=5.427224159,valid=1,read_failures=0"
dengfoc,"SYNC_TRUTH,sequence=342346,truth_tick_us=685601593,mechanical_angle_rad=5.476311684,valid=1,read_failures=0"
dengfoc,"SYNC_TRUTH,sequence=342347,truth_tick_us=685603589,mechanical_angle_rad=5.534602642,valid=1,read_failures=0"
dengfoc,"SYNC_TRUTH,sequence=342348,truth_tick_us=685605593,mechanical_angle_rad=5.597496033,valid=1,read_failures=0"
dengfoc,"SYNC_TRUTH,sequence=342349,truth_tick_us=685607589,mechanical_angle_rad=5.655787468,valid=1,read_failures=0"
dengfoc,"SYNC_TRUTH,sequence=342350,truth_tick_us=685609593,mechanical_angle_rad=5.717146397,valid=1,read_failures=0"
dengfoc,"SYNC_TRUTH,sequence=342351,truth_tick_us=685611589,mechanical_angle_rad=5.773903847,valid=1,read_failures=0"
dengfoc,"SYNC_TRUTH,sequence=342352,truth_tick_us=685613593,mechanical_angle_rad=5.821457386,valid=1,read_failures=0"
g431,"FTR,50880,4,-466,697,-231,0,800,-4,711,-1392,6156,53,947,411,12146,710,710,1106,262,0,29534,-561,1356,143,258,9,123,0,0,0,1"
dengfoc,"SYNC_TRUTH,sequence=342353,truth_tick_us=685615589,mechanical_angle_rad=5.869010448,valid=1,read_failures=0"
dengfoc,"SYNC_TRUTH,sequence=342354,truth_tick_us=685617593,mechanical_angle_rad=5.916563988,valid=1,read_failures=0"
dengfoc,"SYNC_TRUTH,sequence=342355,truth_tick_us=685619589,mechanical_angle_rad=5.973321438,valid=1,read_failures=0"
dengfoc,"SYNC_TRUTH,sequence=342356,truth_tick_us=685621593,mechanical_angle_rad=6.034680367,valid=1,read_failures=0"
dengfoc,"SYNC_TRUTH,sequence=342357,truth_tick_us=685623589,mechanical_angle_rad=6.089903831,valid=1,read_failures=0"
dengfoc,"SYNC_TRUTH,sequence=342358,truth_tick_us=685625593,mechanical_angle_rad=6.151263237,valid=1,read_failures=0"
dengfoc,"SYNC_TRUTH,sequence=342359,truth_tick_us=685627589,mechanical_angle_rad=6.204952240,valid=1,read_failures=0"
g431,"FTR,51120,4,688,-444,-244,0,800,6,697,-1469,6138,906,163,94,12146,4554,4554,4956,262,0,29534,1270,-746,82,260,7,123,0,0,0,1"
dengfoc,"SYNC_TRUTH,sequence=342360,truth_tick_us=685629593,mechanical_angle_rad=6.255573750,valid=1,read_failures=0"
dengfoc,"SYNC_TRUTH,sequence=342361,truth_tick_us=685631589,mechanical_angle_rad=0.023009712,valid=1,read_failures=0"
dengfoc,"SYNC_TRUTH,sequence=342362,truth_tick_us=685633593,mechanical_angle_rad=0.075165063,valid=1,read_failures=0"
dengfoc,"SYNC_TRUTH,sequence=342363,truth_tick_us=685635589,mechanical_angle_rad=0.133456334,valid=1,read_failures=0"
dengfoc,"SYNC_TRUTH,sequence=342364,truth_tick_us=685637593,mechanical_angle_rad=0.193281591,valid=1,read_failures=0"
dengfoc,"SYNC_TRUTH,sequence=342365,truth_tick_us=685639589,mechanical_angle_rad=0.251572847,valid=1,read_failures=0"
dengfoc,"SYNC_TRUTH,sequence=342366,truth_tick_us=685641593,mechanical_angle_rad=0.311398119,valid=1,read_failures=0"
dengfoc,"SYNC_TRUTH,sequence=342367,truth_tick_us=685643589,mechanical_angle_rad=0.363553464,valid=1,read_failures=0"
dengfoc,"SYNC_TRUTH,sequence=342368,truth_tick_us=685645593,mechanical_angle_rad=0.415708810,valid=1,read_failures=0"
dengfoc,"SYNC_TRUTH,sequence=342369,truth_tick_us=685647589,mechanical_angle_rad=0.464796185,valid=1,read_failures=0"
dengfoc,"SYNC_TRUTH,sequence=342370,truth_tick_us=685649593,mechanical_angle_rad=0.512349606,valid=1,read_failures=0"
dengfoc,"SYNC_TRUTH,sequence=342371,truth_tick_us=685651589,mechanical_angle_rad=0.572174847,valid=1,read_failures=0"
dengfoc,"SYNC_TRUTH,sequence=342372,truth_tick_us=685653593,mechanical_angle_rad=0.636602044,valid=1,read_failures=0"
g431,"FTR,51360,4,-583,-38,621,0,800,0,696,-1638,6102,73,256,927,12159,2150,2150,2556,266,0,29534,-1413,-371,142,263,6,123,0,0,0,1"
dengfoc,"SYNC_TRUTH,sequence=342373,truth_tick_us=685655589,mechanical_angle_rad=0.702563226,valid=1,read_failures=0"
dengfoc,"SYNC_TRUTH,sequence=342374,truth_tick_us=685657593,mechanical_angle_rad=0.766990423,valid=1,read_failures=0"
dengfoc,"SYNC_TRUTH,sequence=342375,truth_tick_us=685659589,mechanical_angle_rad=0.819145739,valid=1,read_failures=0"
dengfoc,"SYNC_TRUTH,sequence=342376,truth_tick_us=685661593,mechanical_angle_rad=0.865165174,valid=1,read_failures=0"
dengfoc,"SYNC_TRUTH,sequence=342377,truth_tick_us=685663589,mechanical_angle_rad=0.912718594,valid=1,read_failures=0"
dengfoc,"SYNC_TRUTH,sequence=342378,truth_tick_us=685665593,mechanical_angle_rad=0.963339984,valid=1,read_failures=0"
dengfoc,"SYNC_TRUTH,sequence=342379,truth_tick_us=685667589,mechanical_angle_rad=1.023165226,valid=1,read_failures=0"
g431,"FTR,51600,4,147,514,-661,0,800,-5,694,-1642,6108,467,950,50,12172,6063,6063,194,270,0,29534,683,1281,201,265,6,123,0,0,0,1"
dengfoc,"SYNC_TRUTH,sequence=342380,truth_tick_us=685669593,mechanical_angle_rad=1.086058378,valid=1,read_failures=0"
dengfoc,"SYNC_TRUTH,sequence=342381,truth_tick_us=685671589,mechanical_angle_rad=1.155087590,valid=1,read_failures=0"
dengfoc,"SYNC_TRUTH,sequence=342382,truth_tick_us=685673593,mechanical_angle_rad=1.222582698,valid=1,read_failures=0"
dengfoc,"SYNC_TRUTH,sequence=342383,truth_tick_us=685675589,mechanical_angle_rad=1.280874014,valid=1,read_failures=0"
dengfoc,"SYNC_TRUTH,sequence=342384,truth_tick_us=685677593,mechanical_angle_rad=1.329961419,valid=1,read_failures=0"
dengfoc,"SYNC_TRUTH,sequence=342385,truth_tick_us=685679589,mechanical_angle_rad=1.369844913,valid=1,read_failures=0"
dengfoc,"SYNC_TRUTH,sequence=342386,truth_tick_us=685681593,mechanical_angle_rad=1.420466304,valid=1,read_failures=0"
dengfoc,"SYNC_TRUTH,sequence=342387,truth_tick_us=685683589,mechanical_angle_rad=1.481825471,valid=1,read_failures=0"
dengfoc,"SYNC_STATUS,frames=9,frame_fail=1,truth=342387,truth_fail=0,idle=0,capture_state=1,capture_failure=0,rejected=0,overflow=0,recovered=1,sync_level=0,driver_disabled=1"
dengfoc,"SYNC_TRUTH,sequence=342388,truth_tick_us=685686593,mechanical_angle_rad=1.583068252,valid=1,read_failures=0"
dengfoc,"SYNC_TRUTH,sequence=342389,truth_tick_us=685688589,mechanical_angle_rad=1.652097344,valid=1,read_failures=0"
dengfoc,"SYNC_TRUTH,sequence=342390,truth_tick_us=685690593,mechanical_angle_rad=1.713456631,valid=1,read_failures=0"
dengfoc,"SYNC_TRUTH,sequence=342391,truth_tick_us=685692589,mechanical_angle_rad=1.768679857,valid=1,read_failures=0"
g431,"FTR,51840,4,399,-702,303,0,800,-12,704,-1375,6153,937,63,687,12133,3727,3727,4153,272,0,29534,419,-1398,169,267,8,123,0,0,0,1"
dengfoc,"SYNC_TRUTH,sequence=342392,truth_tick_us=685694593,mechanical_angle_rad=1.817767262,valid=1,read_failures=0"
dengfoc,"SYNC_TRUTH,sequence=342393,truth_tick_us=685696589,mechanical_angle_rad=1.863786697,valid=1,read_failures=0"
dengfoc,"SYNC_TRUTH,sequence=342394,truth_tick_us=685698593,mechanical_angle_rad=1.919010043,valid=1,read_failures=0"
dengfoc,"SYNC_TRUTH,sequence=342395,truth_tick_us=685700589,mechanical_angle_rad=1.978835225,valid=1,read_failures=0"
dengfoc,"SYNC_TRUTH,sequence=342396,truth_tick_us=685702593,mechanical_angle_rad=2.044796467,valid=1,read_failures=0"
dengfoc,"SYNC_TRUTH,sequence=342397,truth_tick_us=685704589,mechanical_angle_rad=2.110757589,valid=1,read_failures=0"
dengfoc,"SYNC_TRUTH,sequence=342398,truth_tick_us=685706593,mechanical_angle_rad=2.173650742,valid=1,read_failures=0"
dengfoc,"SYNC_TRUTH,sequence=342399,truth_tick_us=685708589,mechanical_angle_rad=2.231942177,valid=1,read_failures=0"
dengfoc,"SYNC_TRUTH,sequence=342400,truth_tick_us=685710593,mechanical_angle_rad=2.284097433,valid=1,read_failures=0"
dengfoc,"SYNC_TRUTH,sequence=342401,truth_tick_us=685712589,mechanical_angle_rad=2.330116987,valid=1,read_failures=0"
dengfoc,"SYNC_TRUTH,sequence=342402,truth_tick_us=685714593,mechanical_angle_rad=2.385340214,valid=1,read_failures=0"
g431,"FTR,52080,4,-683,433,251,0,800,5,691,-1490,6140,91,825,909,12159,1425,1425,1854,272,0,29534,-1265,707,96,269,7,123,0,0,0,1"
dengfoc,"SYNC_TRUTH,sequence=342403,truth_tick_us=685716589,mechanical_angle_rad=2.440563440,valid=1,read_failures=0"
dengfoc,"SYNC_TRUTH,sequence=342404,truth_tick_us=685718593,mechanical_angle_rad=2.501922846,valid=1,read_failures=0"
dengfoc,"SYNC_TRUTH,sequence=342405,truth_tick_us=685720589,mechanical_angle_rad=2.566349983,valid=1,read_failures=0"
dengfoc,"SYNC_TRUTH,sequence=342406,truth_tick_us=685722593,mechanical_angle_rad=2.624641180,valid=1,read_failures=0"
dengfoc,"SYNC_TRUTH,sequence=342407,truth_tick_us=685724589,mechanical_angle_rad=2.684466362,valid=1,read_failures=0"
dengfoc,"SYNC_TRUTH,sequence=342408,truth_tick_us=685726593,mechanical_angle_rad=2.738155842,valid=1,read_failures=0"
dengfoc,"SYNC_TRUTH,sequence=342409,truth_tick_us=685728589,mechanical_angle_rad=2.793379068,valid=1,read_failures=0"
dengfoc,"SYNC_TRUTH,sequence=342410,truth_tick_us=685730593,mechanical_angle_rad=2.848602295,valid=1,read_failures=0"
g431,"FTR,52320,4,509,142,-651,0,800,-3,685,-1670,6079,901,855,99,12133,5441,5441,5874,275,0,29534,1318,540,127,272,6,123,0,0,0,1"
dengfoc,"SYNC_TRUTH,sequence=342411,truth_tick_us=685732589,mechanical_angle_rad=2.899223804,valid=1,read_failures=0"
dengfoc,"SYNC_TRUTH,sequence=342412,truth_tick_us=685734593,mechanical_angle_rad=2.955981016,valid=1,read_failures=0"
dengfoc,"SYNC_TRUTH,sequence=342413,truth_tick_us=685736589,mechanical_angle_rad=3.018874168,valid=1,read_failures=0"
dengfoc,"SYNC_TRUTH,sequence=342414,truth_tick_us=685738593,mechanical_angle_rad=3.078699589,valid=1,read_failures=0"
dengfoc,"SYNC_TRUTH,sequence=342415,truth_tick_us=685740589,mechanical_angle_rad=3.135456800,valid=1,read_failures=0"
dengfoc,"SYNC_TRUTH,sequence=342416,truth_tick_us=685742593,mechanical_angle_rad=3.187612057,valid=1,read_failures=0"
dengfoc,"SYNC_TRUTH,sequence=342417,truth_tick_us=685744589,mechanical_angle_rad=3.245903492,valid=1,read_failures=0"
dengfoc,"SYNC_TRUTH,sequence=342418,truth_tick_us=685746593,mechanical_angle_rad=3.305728674,valid=1,read_failures=0"
dengfoc,"SYNC_TRUTH,sequence=342419,truth_tick_us=685748589,mechanical_angle_rad=3.362485886,valid=1,read_failures=0"
dengfoc,"SYNC_TRUTH,sequence=342420,truth_tick_us=685750593,mechanical_angle_rad=3.423845291,valid=1,read_failures=0"
dengfoc,"SYNC_TRUTH,sequence=342421,truth_tick_us=685752589,mechanical_angle_rad=3.480602503,valid=1,read_failures=0"
dengfoc,"SYNC_TRUTH,sequence=342422,truth_tick_us=685754593,mechanical_angle_rad=3.537359715,valid=1,read_failures=0"
g431,"FTR,52560,4,43,-611,568,0,800,2,682,-1802,6055,771,78,922,12159,3208,3208,3649,278,0,29534,-355,-1390,153,274,6,123,0,0,0,1"
dengfoc,"SYNC_TRUTH,sequence=342423,truth_tick_us=685756589,mechanical_angle_rad=3.592583179,valid=1,read_failures=0"
dengfoc,"SYNC_TRUTH,sequence=342424,truth_tick_us=685758593,mechanical_angle_rad=3.641670465,valid=1,read_failures=0"
dengfoc,"SYNC_TRUTH,sequence=342425,truth_tick_us=685760589,mechanical_angle_rad=3.699961662,valid=1,read_failures=0"
dengfoc,"SYNC_TRUTH,sequence=342426,truth_tick_us=685762593,mechanical_angle_rad=3.764389038,valid=1,read_failures=0"
dengfoc,"SYNC_TRUTH,sequence=342427,truth_tick_us=685764589,mechanical_angle_rad=3.827282190,valid=1,read_failures=0"
dengfoc,"SYNC_TRUTH,sequence=342428,truth_tick_us=685766593,mechanical_angle_rad=3.894777298,valid=1,read_failures=0"
dengfoc,"SYNC_TRUTH,sequence=342429,truth_tick_us=685768589,mechanical_angle_rad=3.953068495,valid=1,read_failures=0"
g431,"FTR,52800,4,-587,619,-32,0,800,5,697,-1627,6098,61,939,672,12146,1008,1008,1458,280,0,29534,-885,1110,130,276,6,123,0,0,0,1"
dengfoc,"SYNC_TRUTH,sequence=342430,truth_tick_us=685770593,mechanical_angle_rad=4.005223751,valid=1,read_failures=0"
dengfoc,"SYNC_TRUTH,sequence=342431,truth_tick_us=685772589,mechanical_angle_rad=4.054311275,valid=1,read_failures=0"
dengfoc,"SYNC_TRUTH,sequence=342432,truth_tick_us=685774593,mechanical_angle_rad=4.103398800,valid=1,read_failures=0"
dengfoc,"SYNC_TRUTH,sequence=342433,truth_tick_us=685776589,mechanical_angle_rad=4.164757729,valid=1,read_failures=0"
dengfoc,"SYNC_TRUTH,sequence=342434,truth_tick_us=685778593,mechanical_angle_rad=4.230719090,valid=1,read_failures=0"
dengfoc,"SYNC_TRUTH,sequence=342435,truth_tick_us=685780589,mechanical_angle_rad=4.304350376,valid=1,read_failures=0"
dengfoc,"SYNC_TRUTH,sequence=342436,truth_tick_us=685782593,mechanical_angle_rad=4.373379230,valid=1,read_failures=0"
dengfoc,"SYNC_TRUTH,sequence=342437,truth_tick_us=685784589,mechanical_angle_rad=4.428602695,valid=1,read_failures=0"
dengfoc,"SYNC_TRUTH,sequence=342438,truth_tick_us=685786593,mechanical_angle_rad=4.476156235,valid=1,read_failures=0"
dengfoc,"SYNC_TRUTH,sequence=342439,truth_tick_us=685788589,mechanical_angle_rad=4.523709297,valid=1,read_failures=0"
dengfoc,"SYNC_TRUTH,sequence=342440,truth_tick_us=685790593,mechanical_angle_rad=4.578932762,valid=1,read_failures=0"
dengfoc,"SYNC_TRUTH,sequence=342441,truth_tick_us=685792589,mechanical_angle_rad=4.646428108,valid=1,read_failures=0"
g431,"FTR,53040,4,621,-78,-543,0,800,4,676,-1802,6049,943,640,57,12146,5127,5127,5580,281,0,29534,1404,77,107,279,5,123,0,0,0,1"
dengfoc,"SYNC_TRUTH,sequence=342442,truth_tick_us=685794593,mechanical_angle_rad=4.712388992,valid=1,read_failures=0"
dengfoc,"SYNC_TRUTH,sequence=342443,truth_tick_us=685796589,mechanical_angle_rad=4.787554264,valid=1,read_failures=0"
dengfoc,"SYNC_TRUTH,sequence=342444,truth_tick_us=685798593,mechanical_angle_rad=4.856583118,valid=1,read_failures=0"
dengfoc,"SYNC_TRUTH,sequence=342445,truth_tick_us=685800589,mechanical_angle_rad=4.910272598,valid=1,read_failures=0"
dengfoc,"SYNC_TRUTH,sequence=342446,truth_tick_us=685802593,mechanical_angle_rad=4.957826138,valid=1,read_failures=0"
dengfoc,"SYNC_TRUTH,sequence=342447,truth_tick_us=685804589,mechanical_angle_rad=5.002311707,valid=1,read_failures=0"
dengfoc,"SYNC_TRUTH,sequence=342448,truth_tick_us=685806593,mechanical_angle_rad=5.060602665,valid=1,read_failures=0"
dengfoc,"SYNC_TRUTH,sequence=342449,truth_tick_us=685808589,mechanical_angle_rad=5.132699966,valid=1,read_failures=0"
g431,"FTR,53280,4,-94,-538,632,0,800,-5,682,-1987,5997,635,57,943,12159,2996,2996,3458,287,0,29534,-555,-1295,218,281,6,123,0,0,0,1"
dengfoc,"SYNC_TRUTH,sequence=342450,truth_tick_us=685810593,mechanical_angle_rad=5.201728821,valid=1,read_failures=0"
dengfoc,"SYNC_TRUTH,sequence=342451,truth_tick_us=685812589,mechanical_angle_rad=5.272292137,valid=1,read_failures=0"
dengfoc,"SYNC_TRUTH,sequence=342452,truth_tick_us=685814593,mechanical_angle_rad=5.336719513,valid=1,read_failures=0"
dengfoc,"SYNC_TRUTH,sequence=342453,truth_tick_us=685816589,mechanical_angle_rad=5.387340546,valid=1,read_failures=0"
dengfoc,"SYNC_TRUTH,sequence=342454,truth_tick_us=685818593,mechanical_angle_rad=5.436428070,valid=1,read_failures=0"
dengfoc,"SYNC_TRUTH,sequence=342455,truth_tick_us=685820589,mechanical_angle_rad=5.488583565,valid=1,read_failures=0"
dengfoc,"SYNC_TRUTH,sequence=342456,truth_tick_us=685822593,mechanical_angle_rad=5.549942493,valid=1,read_failures=0"
dengfoc,"SYNC_TRUTH,sequence=342457,truth_tick_us=685824589,mechanical_angle_rad=5.615903854,valid=1,read_failures=0"
dengfoc,"SYNC_TRUTH,sequence=342458,truth_tick_us=685826593,mechanical_angle_rad=5.681865215,valid=1,read_failures=0"
dengfoc,"SYNC_TRUTH,sequence=342459,truth_tick_us=685828589,mechanical_angle_rad=5.750894070,valid=1,read_failures=0"
dengfoc,"SYNC_TRUTH,sequence=342460,truth_tick_us=685830593,mechanical_angle_rad=5.807651520,valid=1,read_failures=0"
dengfoc,"SYNC_TRUTH,sequence=342461,truth_tick_us=685832589,mechanical_angle_rad=5.862874508,valid=1,read_failures=0"
g431,"FTR,53520,4,-554,661,-107,0,800,2,709,-1556,6130,52,948,578,12172,899,899,1373,288,0,29534,-781,1183,152,283,8,123,0,0,0,1"
dengfoc,"SYNC_TRUTH,sequence=342462,truth_tick_us=685834593,mechanical_angle_rad=5.916563988,valid=1,read_failures=0"
dengfoc,"SYNC_TRUTH,sequence=342463,truth_tick_us=685836589,mechanical_angle_rad=5.971787453,valid=1,read_failures=0"
dengfoc,"SYNC_TRUTH,sequence=342464,truth_tick_us=685838593,mechanical_angle_rad=6.034680367,valid=1,read_failures=0"
dengfoc,"SYNC_TRUTH,sequence=342465,truth_tick_us=685840589,mechanical_angle_rad=6.099107742,valid=1,read_failures=0"
dengfoc,"SYNC_TRUTH,sequence=342466,truth_tick_us=685842593,mechanical_angle_rad=6.162001133,valid=1,read_failures=0"
dengfoc,"SYNC_TRUTH,sequence=342467,truth_tick_us=685844589,mechanical_angle_rad=6.224894047,valid=1,read_failures=0"
dengfoc,"SYNC_TRUTH,sequence=342468,truth_tick_us=685846593,mechanical_angle_rad=6.280117512,valid=1,read_failures=0"
g431,"FTR,53760,4,630,-80,-551,0,800,0,687,-1727,6070,944,625,56,12146,5120,5120,5597,288,0,29534,1401,67,106,286,8,123,0,0,0,1"
dengfoc,"SYNC_TRUTH,sequence=342469,truth_tick_us=685848589,mechanical_angle_rad=0.056757290,valid=1,read_failures=0"
dengfoc,"SYNC_TRUTH,sequence=342470,truth_tick_us=685850593,mechanical_angle_rad=0.118116520,valid=1,read_failures=0"
dengfoc,"SYNC_TRUTH,sequence=342471,truth_tick_us=685852589,mechanical_angle_rad=0.174873814,valid=1,read_failures=0"
dengfoc,"SYNC_TRUTH,sequence=342472,truth_tick_us=685854593,mechanical_angle_rad=0.239301011,valid=1,read_failures=0"
dengfoc,"SYNC_TRUTH,sequence=342473,truth_tick_us=685856589,mechanical_angle_rad=0.299126267,valid=1,read_failures=0"
dengfoc,"SYNC_TRUTH,sequence=342474,truth_tick_us=685858593,mechanical_angle_rad=0.363553464,valid=1,read_failures=0"
dengfoc,"SYNC_TRUTH,sequence=342475,truth_tick_us=685860589,mechanical_angle_rad=0.423378706,valid=1,read_failures=0"
dengfoc,"SYNC_TRUTH,sequence=342476,truth_tick_us=685862593,mechanical_angle_rad=0.477068037,valid=1,read_failures=0"
dengfoc,"SYNC_TRUTH,sequence=342477,truth_tick_us=685864589,mechanical_angle_rad=0.535359323,valid=1,read_failures=0"
dengfoc,"SYNC_TRUTH,sequence=342478,truth_tick_us=685866593,mechanical_angle_rad=0.599786520,valid=1,read_failures=0"
dengfoc,"SYNC_TRUTH,sequence=342479,truth_tick_us=685868589,mechanical_angle_rad=0.664213717,valid=1,read_failures=0"
dengfoc,"SYNC_TRUTH,sequence=342480,truth_tick_us=685870593,mechanical_angle_rad=0.734776795,valid=1,read_failures=0"
g431,"FTR,54000,4,-32,-575,607,0,800,-2,683,-1821,6050,687,63,937,12159,3091,3091,3578,293,0,29534,-494,-1321,163,288,6,123,0,0,0,1"
dengfoc,"SYNC_TRUTH,sequence=342481,truth_tick_us=685872589,mechanical_angle_rad=0.799203992,valid=1,read_failures=0"
dengfoc,"SYNC_TRUTH,sequence=342482,truth_tick_us=685874593,mechanical_angle_rad=0.859029293,valid=1,read_failures=0"
dengfoc,"SYNC_TRUTH,sequence=342483,truth_tick_us=685876593,mechanical_angle_rad=0.914252579,valid=1,read_failures=0"
dengfoc,"SYNC_TRUTH,sequence=342484,truth_tick_us=685878593,mechanical_angle_rad=0.966407895,valid=1,read_failures=0"
dengfoc,"SYNC_TRUTH,sequence=342485,truth_tick_us=685880589,mechanical_angle_rad=1.026233196,valid=1,read_failures=0"
dengfoc,"SYNC_TRUTH,sequence=342486,truth_tick_us=685882597,mechanical_angle_rad=1.093728304,valid=1,read_failures=0"
dengfoc,"SYNC_ANCHOR_RX,session=2026100505,edge_sequence=5009,edge_tag=909,truth_tick_us=685875005,source=2,flags=0x00000003"
dengfoc,"SYNC_TRUTH,sequence=342487,truth_tick_us=685885597,mechanical_angle_rad=1.199573040,valid=1,read_failures=0"
dengfoc,"SYNC_TRUTH,sequence=342488,truth_tick_us=685887593,mechanical_angle_rad=1.273204088,valid=1,read_failures=0"
dengfoc,"SYNC_TRUTH,sequence=342489,truth_tick_us=685889589,mechanical_angle_rad=1.331495404,valid=1,read_failures=0"
dengfoc,"SYNC_TRUTH,sequence=342490,truth_tick_us=685891593,mechanical_angle_rad=1.383650661,valid=1,read_failures=0"
dengfoc,"SYNC_TRUTH,sequence=342491,truth_tick_us=685893589,mechanical_angle_rad=1.432738066,valid=1,read_failures=0"
dengfoc,"SYNC_TRUTH,sequence=342492,truth_tick_us=685895593,mechanical_angle_rad=1.495631337,valid=1,read_failures=0"
g431,"FTR,54240,4,-626,587,38,0,800,-3,701,-1600,6112,71,929,735,12159,1097,1097,1592,294,0,29534,-963,1019,125,291,6,123,0,0,0,1"
dengfoc,"SYNC_TRUTH,sequence=342493,truth_tick_us=685897589,mechanical_angle_rad=1.564660430,valid=1,read_failures=0"
dengfoc,"SYNC_TRUTH,sequence=342494,truth_tick_us=685899593,mechanical_angle_rad=1.635223508,valid=1,read_failures=0"
dengfoc,"SYNC_TRUTH,sequence=342495,truth_tick_us=685901589,mechanical_angle_rad=1.711922646,valid=1,read_failures=0"
dengfoc,"SYNC_TRUTH,sequence=342496,truth_tick_us=685903593,mechanical_angle_rad=1.776349783,valid=1,read_failures=0"
dengfoc,"SYNC_TRUTH,sequence=342497,truth_tick_us=685905589,mechanical_angle_rad=1.834641099,valid=1,read_failures=0"
dengfoc,"SYNC_TRUTH,sequence=342498,truth_tick_us=685907593,mechanical_angle_rad=1.886796474,valid=1,read_failures=0"
dengfoc,"SYNC_TRUTH,sequence=342499,truth_tick_us=685909589,mechanical_angle_rad=1.940485716,valid=1,read_failures=0"
g431,"FTR,54480,4,512,123,-635,0,800,1,674,-1858,6038,899,862,101,12159,5420,5420,5918,296,0,29534,1298,481,116,293,6,123,0,0,0,1"
dengfoc,"SYNC_TRUTH,sequence=342500,truth_tick_us=685911593,mechanical_angle_rad=2.004912853,valid=1,read_failures=0"
dengfoc,"SYNC_TRUTH,sequence=342501,truth_tick_us=685913589,mechanical_angle_rad=2.069340229,valid=1,read_failures=0"
dengfoc,"SYNC_TRUTH,sequence=342502,truth_tick_us=685915593,mechanical_angle_rad=2.144505262,valid=1,read_failures=0"
dengfoc,"SYNC_TRUTH,sequence=342503,truth_tick_us=685917589,mechanical_angle_rad=2.216602325,valid=1,read_failures=0"
dengfoc,"SYNC_TRUTH,sequence=342504,truth_tick_us=685919593,mechanical_angle_rad=2.276427507,valid=1,read_failures=0"
dengfoc,"SYNC_TRUTH,sequence=342505,truth_tick_us=685921589,mechanical_angle_rad=2.331650972,valid=1,read_failures=0"
dengfoc,"SYNC_TRUTH,sequence=342506,truth_tick_us=685923593,mechanical_angle_rad=2.388408184,valid=1,read_failures=0"
dengfoc,"SYNC_TRUTH,sequence=342507,truth_tick_us=685925589,mechanical_angle_rad=2.445165396,valid=1,read_failures=0"
dengfoc,"SYNC_TRUTH,sequence=342508,truth_tick_us=685927593,mechanical_angle_rad=2.509592533,valid=1,read_failures=0"
dengfoc,"SYNC_TRUTH,sequence=342509,truth_tick_us=685929589,mechanical_angle_rad=2.572485924,valid=1,read_failures=0"
dengfoc,"SYNC_TRUTH,sequence=342510,truth_tick_us=685931593,mechanical_angle_rad=2.641515017,valid=1,read_failures=0"
dengfoc,"SYNC_TRUTH,sequence=342511,truth_tick_us=685933589,mechanical_angle_rad=2.709010124,valid=1,read_failures=0"
g431,"FTR,54720,4,239,-675,436,0,800,-3,685,-1984,5998,919,81,785,12159,3494,3494,4002,301,0,29534,107,-1387,200,295,6,123,0,0,0,1"
dengfoc,"SYNC_TRUTH,sequence=342512,truth_tick_us=685935593,mechanical_angle_rad=2.768835306,valid=1,read_failures=0"
dengfoc,"SYNC_TRUTH,sequence=342513,truth_tick_us=685937589,mechanical_angle_rad=2.830194712,valid=1,read_failures=0"
dengfoc,"SYNC_TRUTH,sequence=342514,truth_tick_us=685939593,mechanical_angle_rad=2.890019894,valid=1,read_failures=0"
dengfoc,"SYNC_TRUTH,sequence=342515,truth_tick_us=685941589,mechanical_angle_rad=2.945243120,valid=1,read_failures=0"
dengfoc,"SYNC_TRUTH,sequence=342516,truth_tick_us=685943593,mechanical_angle_rad=3.008136511,valid=1,read_failures=0"
dengfoc,"SYNC_TRUTH,sequence=342517,truth_tick_us=685945589,mechanical_angle_rad=3.071029663,valid=1,read_failures=0"
dengfoc,"SYNC_TRUTH,sequence=342518,truth_tick_us=685947593,mechanical_angle_rad=3.132388830,valid=1,read_failures=0"
g431,"FTR,54960,4,-691,324,367,0,800,-3,692,-1758,6069,60,662,940,12159,1603,1603,2120,302,0,29534,-1340,370,170,297,7,123,0,0,0,1"
dengfoc,"SYNC_TRUTH,sequence=342519,truth_tick_us=685949589,mechanical_angle_rad=3.195281982,valid=1,read_failures=0"
dengfoc,"SYNC_TRUTH,sequence=342520,truth_tick_us=685951593,mechanical_angle_rad=3.256641388,valid=1,read_failures=0"
dengfoc,"SYNC_TRUTH,sequence=342521,truth_tick_us=685953589,mechanical_angle_rad=3.324136496,valid=1,read_failures=0"
dengfoc,"SYNC_TRUTH,sequence=342522,truth_tick_us=685955593,mechanical_angle_rad=3.387029648,valid=1,read_failures=0"
dengfoc,"SYNC_TRUTH,sequence=342523,truth_tick_us=685957589,mechanical_angle_rad=3.452990770,valid=1,read_failures=0"
dengfoc,"SYNC_TRUTH,sequence=342524,truth_tick_us=685959593,mechanical_angle_rad=3.515884161,valid=1,read_failures=0"
dengfoc,"SYNC_TRUTH,sequence=342525,truth_tick_us=685961589,mechanical_angle_rad=3.571107388,valid=1,read_failures=0"
dengfoc,"SYNC_TRUTH,sequence=342526,truth_tick_us=685963593,mechanical_angle_rad=3.627864599,valid=1,read_failures=0"
dengfoc,"SYNC_TRUTH,sequence=342527,truth_tick_us=685965589,mechanical_angle_rad=3.684622049,valid=1,read_failures=0"
dengfoc,"SYNC_TRUTH,sequence=342528,truth_tick_us=685967593,mechanical_angle_rad=3.753651142,valid=1,read_failures=0"
dengfoc,"SYNC_TRUTH,sequence=342529,truth_tick_us=685969589,mechanical_angle_rad=3.825748205,valid=1,read_failures=0"
dengfoc,"SYNC_TRUTH,sequence=342530,truth_tick_us=685971593,mechanical_angle_rad=3.894777298,valid=1,read_failures=0"
g431,"FTR,55200,4,168,488,-656,0,800,-4,682,-1765,6066,478,950,50,12159,6028,6028,270,304,0,29534,738,1183,168,300,7,123,0,0,0,1"
dengfoc,"SYNC_TRUTH,sequence=342531,truth_tick_us=685973589,mechanical_angle_rad=3.963806391,valid=1,read_failures=0"
dengfoc,"SYNC_TRUTH,sequence=342532,truth_tick_us=685975593,mechanical_angle_rad=4.022097588,valid=1,read_failures=0"
dengfoc,"SYNC_TRUTH,sequence=342533,truth_tick_us=685977589,mechanical_angle_rad=4.072719097,valid=1,read_failures=0"
dengfoc,"SYNC_TRUTH,sequence=342534,truth_tick_us=685979593,mechanical_angle_rad=4.131010532,valid=1,read_failures=0"
dengfoc,"SYNC_TRUTH,sequence=342535,truth_tick_us=685981589,mechanical_angle_rad=4.193903446,valid=1,read_failures=0"
dengfoc,"SYNC_TRUTH,sequence=342536,truth_tick_us=685983593,mechanical_angle_rad=4.269068718,valid=1,read_failures=0"
dengfoc,"SYNC_TRUTH,sequence=342537,truth_tick_us=685985589,mechanical_angle_rad=4.347301483,valid=1,read_failures=0"
dengfoc,"SYNC_TRUTH,sequence=342538,truth_tick_us=685987593,mechanical_angle_rad=4.414796829,valid=1,read_failures=0"
g431,"FTR,55440,4,618,-602,-16,0,800,-4,704,-1491,6146,936,64,304,12172,4205,4205,4740,305,0,29534,911,-1079,100,302,6,123,0,0,0,1"
dengfoc,"SYNC_TRUTH,sequence=342539,truth_tick_us=685989589,mechanical_angle_rad=4.473088264,valid=1,read_failures=0"
dengfoc,"SYNC_TRUTH,sequence=342540,truth_tick_us=685991593,mechanical_angle_rad=4.526777267,valid=1,read_failures=0"
dengfoc,"SYNC_TRUTH,sequence=342541,truth_tick_us=685993589,mechanical_angle_rad=4.582000732,valid=1,read_failures=0"
dengfoc,"SYNC_TRUTH,sequence=342542,truth_tick_us=685995593,mechanical_angle_rad=4.649496078,valid=1,read_failures=0"
dengfoc,"SYNC_TRUTH,sequence=342543,truth_tick_us=685997589,mechanical_angle_rad=4.716990948,valid=1,read_failures=0"
dengfoc,"SYNC_TRUTH,sequence=342544,truth_tick_us=685999593,mechanical_angle_rad=4.796758175,valid=1,read_failures=0"
dengfoc,"SYNC_TRUTH,sequence=342545,truth_tick_us=686001589,mechanical_angle_rad=4.874990940,valid=1,read_failures=0"
dengfoc,"SYNC_TRUTH,sequence=342546,truth_tick_us=686003593,mechanical_angle_rad=4.934816360,valid=1,read_failures=0"
dengfoc,"SYNC_TRUTH,sequence=342547,truth_tick_us=686005589,mechanical_angle_rad=4.990039825,valid=1,read_failures=0"
dengfoc,"SYNC_TRUTH,sequence=342548,truth_tick_us=686007593,mechanical_angle_rad=5.039126873,valid=1,read_failures=0"
dengfoc,"SYNC_TRUTH,sequence=342549,truth_tick_us=686009589,mechanical_angle_rad=5.103554249,valid=1,read_failures=0"
dengfoc,"SYNC_TRUTH,sequence=342550,truth_tick_us=686011593,mechanical_angle_rad=5.177185535,valid=1,read_failures=0"
g431,"FTR,55680,4,-441,-212,653,0,800,-2,666,-1925,6017,185,88,912,12159,2416,2416,2951,307,0,29534,-1223,-658,118,304,5,123,0,0,0,1"
dengfoc,"SYNC_TRUTH,sequence=342551,truth_tick_us=686013589,mechanical_angle_rad=5.250816345,valid=1,read_failures=0"
dengfoc,"SYNC_TRUTH,sequence=342552,truth_tick_us=686015593,mechanical_angle_rad=5.327515602,valid=1,read_failures=0"
dengfoc,"SYNC_TRUTH,sequence=342553,truth_tick_us=686017589,mechanical_angle_rad=5.388874531,valid=1,read_failures=0"
dengfoc,"SYNC_TRUTH,sequence=342554,truth_tick_us=686019593,mechanical_angle_rad=5.448699951,valid=1,read_failures=0"
dengfoc,"SYNC_TRUTH,sequence=342555,truth_tick_us=686021589,mechanical_angle_rad=5.505457401,valid=1,read_failures=0"
dengfoc,"SYNC_TRUTH,sequence=342556,truth_tick_us=686023593,mechanical_angle_rad=5.563748360,valid=1,read_failures=0"
dengfoc,"SYNC_TRUTH,sequence=342557,truth_tick_us=686025589,mechanical_angle_rad=5.631243706,valid=1,read_failures=0"
g431,"FTR,55920,4,-437,696,-259,0,800,-7,703,-1900,6025,51,949,437,12159,661,661,1207,312,0,29534,-509,1262,198,307,6,123,0,0,0,1"
dengfoc,"SYNC_TRUTH,sequence=342558,truth_tick_us=686027593,mechanical_angle_rad=5.704874516,valid=1,read_failures=0"
dengfoc,"SYNC_TRUTH,sequence=342559,truth_tick_us=686029589,mechanical_angle_rad=5.773903847,valid=1,read_failures=0"
dengfoc,"SYNC_TRUTH,sequence=342560,truth_tick_us=686031593,mechanical_angle_rad=5.841399193,valid=1,read_failures=0"
dengfoc,"SYNC_TRUTH,sequence=342561,truth_tick_us=686033589,mechanical_angle_rad=5.899690151,valid=1,read_failures=0"
dengfoc,"SYNC_TRUTH,sequence=342562,truth_tick_us=686035593,mechanical_angle_rad=5.962583542,valid=1,read_failures=0"
dengfoc,"SYNC_TRUTH,sequence=342563,truth_tick_us=686037589,mechanical_angle_rad=6.027010918,valid=1,read_failures=0"
dengfoc,"SYNC_TRUTH,sequence=342564,truth_tick_us=686039593,mechanical_angle_rad=6.086835861,valid=1,read_failures=0"
dengfoc,"SYNC_TRUTH,sequence=342565,truth_tick_us=686041589,mechanical_angle_rad=6.155865192,valid=1,read_failures=0"
dengfoc,"SYNC_TRUTH,sequence=342566,truth_tick_us=686043593,mechanical_angle_rad=6.223360062,valid=1,read_failures=0"
dengfoc,"SYNC_TRUTH,sequence=342567,truth_tick_us=686045589,mechanical_angle_rad=0.003067962,valid=1,read_failures=0"
dengfoc,"SYNC_TRUTH,sequence=342568,truth_tick_us=686047593,mechanical_angle_rad=0.070563115,valid=1,read_failures=0"
dengfoc,"SYNC_TRUTH,sequence=342569,truth_tick_us=686049589,mechanical_angle_rad=0.133456334,valid=1,read_failures=0"
g431,"FTR,56160,4,602,-10,-592,0,800,1,689,-1852,6033,932,719,68,12146,5224,5224,5777,312,0,29534,1345,232,128,309,7,123,0,0,0,1"
dengfoc,"SYNC_TRUTH,sequence=342570,truth_tick_us=686051593,mechanical_angle_rad=0.200951487,valid=1,read_failures=0"
dengfoc,"SYNC_TRUTH,sequence=342571,truth_tick_us=686053589,mechanical_angle_rad=0.268446654,valid=1,read_failures=0"
dengfoc,"SYNC_TRUTH,sequence=342572,truth_tick_us=686055593,mechanical_angle_rad=0.332873851,valid=1,read_failures=0"
dengfoc,"SYNC_TRUTH,sequence=342573,truth_tick_us=686057589,mechanical_angle_rad=0.398835003,valid=1,read_failures=0"
dengfoc,"SYNC_TRUTH,sequence=342574,truth_tick_us=686059593,mechanical_angle_rad=0.457126290,valid=1,read_failures=0"
dengfoc,"SYNC_TRUTH,sequence=342575,truth_tick_us=686061589,mechanical_angle_rad=0.518485546,valid=1,read_failures=0"
dengfoc,"SYNC_TRUTH,sequence=342576,truth_tick_us=686063593,mechanical_angle_rad=0.587514639,valid=1,read_failures=0"
dengfoc,"SYNC_TRUTH,sequence=342577,truth_tick_us=686065589,mechanical_angle_rad=0.656543791,valid=1,read_failures=0"
dengfoc,"SYNC_TRUTH,sequence=342578,truth_tick_us=686067593,mechanical_angle_rad=0.731708884,valid=1,read_failures=0"
dengfoc,"SYNC_TRUTH,sequence=342579,truth_tick_us=686069589,mechanical_angle_rad=0.800737977,valid=1,read_failures=0"
dengfoc,"SYNC_TRUTH,sequence=342580,truth_tick_us=686071593,mechanical_angle_rad=0.868233144,valid=1,read_failures=0"
dengfoc,"SYNC_TRUTH,sequence=342581,truth_tick_us=686073589,mechanical_angle_rad=0.929592371,valid=1,read_failures=0"
dengfoc,"SYNC_TRUTH,sequence=342582,truth_tick_us=686075593,mechanical_angle_rad=0.984815717,valid=1,read_failures=0"
g431,"FTR,56400,4,265,-680,415,0,800,-1,685,-1826,6048,921,79,774,12159,3537,3537,4099,315,0,29534,102,-1376,148,311,7,123,0,0,0,1"
dengfoc,"SYNC_TRUTH,sequence=342583,truth_tick_us=686077589,mechanical_angle_rad=1.049242854,valid=1,read_failures=0"
dengfoc,"SYNC_TRUTH,sequence=342584,truth_tick_us=686079593,mechanical_angle_rad=1.122874022,valid=1,read_failures=0"
dengfoc,"SYNC_TRUTH,sequence=342585,truth_tick_us=686081589,mechanical_angle_rad=1.196505070,valid=1,read_failures=0"
dengfoc,"SYNC_TRUTH,sequence=342586,truth_tick_us=686083593,mechanical_angle_rad=1.276272058,valid=1,read_failures=0"
dengfoc,"SYNC_TRUTH,sequence=342587,truth_tick_us=686085589,mechanical_angle_rad=1.340699196,valid=1,read_failures=0"
dengfoc,"SYNC_TRUTH,sequence=342588,truth_tick_us=686087593,mechanical_angle_rad=1.400524497,valid=1,read_failures=0"
dengfoc,"SYNC_TRUTH,sequence=342589,truth_tick_us=686089589,mechanical_angle_rad=1.460349798,valid=1,read_failures=0"
g431,"FTR,56640,4,-645,142,503,0,800,1,678,-1748,6071,51,445,949,12159,1885,1885,2453,316,0,29534,-1377,68,103,314,5,123,0,0,0,1"
dengfoc,"SYNC_TRUTH,sequence=342590,truth_tick_us=686091593,mechanical_angle_rad=1.523242950,valid=1,read_failures=0"
dengfoc,"SYNC_TRUTH,sequence=342591,truth_tick_us=686093589,mechanical_angle_rad=1.595340014,valid=1,read_failures=0"
dengfoc,"SYNC_TRUTH,sequence=342592,truth_tick_us=686095593,mechanical_angle_rad=1.676641107,valid=1,read_failures=0"
dengfoc,"SYNC_TRUTH,sequence=342593,truth_tick_us=686097589,mechanical_angle_rad=1.751806140,valid=1,read_failures=0"
dengfoc,"SYNC_TRUTH,sequence=342594,truth_tick_us=686099593,mechanical_angle_rad=1.822369218,valid=1,read_failures=0"
dengfoc,"SYNC_TRUTH,sequence=342595,truth_tick_us=686101589,mechanical_angle_rad=1.882194519,valid=1,read_failures=0"
dengfoc,"SYNC_TRUTH,sequence=342596,truth_tick_us=686103593,mechanical_angle_rad=1.940485716,valid=1,read_failures=0"
dengfoc,"SYNC_TRUTH,sequence=342597,truth_tick_us=686105589,mechanical_angle_rad=2.004912853,valid=1,read_failures=0"
dengfoc,"SYNC_TRUTH,sequence=342598,truth_tick_us=686107593,mechanical_angle_rad=2.069340229,valid=1,read_failures=0"
dengfoc,"SYNC_TRUTH,sequence=342599,truth_tick_us=686109589,mechanical_angle_rad=2.146039248,valid=1,read_failures=0"
dengfoc,"SYNC_TRUTH,sequence=342600,truth_tick_us=686111593,mechanical_angle_rad=2.219670296,valid=1,read_failures=0"
dengfoc,"SYNC_TRUTH,sequence=342601,truth_tick_us=686113589,mechanical_angle_rad=2.291767359,valid=1,read_failures=0"
g431,"FTR,56880,4,-176,662,-487,0,800,5,686,-2178,5930,91,909,176,12159,266,266,840,321,0,29534,34,1354,185,316,6,123,0,0,0,1"
dengfoc,"SYNC_TRUTH,sequence=342602,truth_tick_us=686115593,mechanical_angle_rad=2.356194496,valid=1,read_failures=0"
dengfoc,"SYNC_TRUTH,sequence=342603,truth_tick_us=686117589,mechanical_angle_rad=2.416019917,valid=1,read_failures=0"
dengfoc,"SYNC_TRUTH,sequence=342604,truth_tick_us=686119593,mechanical_angle_rad=2.478913069,valid=1,read_failures=0"
dengfoc,"SYNC_TRUTH,sequence=342605,truth_tick_us=686121589,mechanical_angle_rad=2.541806221,valid=1,read_failures=0"
dengfoc,"SYNC_TRUTH,sequence=342606,truth_tick_us=686123593,mechanical_angle_rad=2.612369299,valid=1,read_failures=0"
dengfoc,"SYNC_TRUTH,sequence=342607,truth_tick_us=686125589,mechanical_angle_rad=2.682932377,valid=1,read_failures=0"
dengfoc,"SYNC_TRUTH,sequence=342608,truth_tick_us=686127593,mechanical_angle_rad=2.750427723,valid=1,read_failures=0"
g431,"FTR,57120,4,670,-184,-487,0,800,-2,693,-1860,6031,950,522,50,12146,4965,4965,5551,322,0,29534,1345,-103,139,318,7,123,0,0,0,1"
dengfoc,"SYNC_TRUTH,sequence=342609,truth_tick_us=686129589,mechanical_angle_rad=2.820990801,valid=1,read_failures=0"
dengfoc,"SYNC_TRUTH,sequence=342610,truth_tick_us=686131593,mechanical_angle_rad=2.890019894,valid=1,read_failures=0"
dengfoc,"SYNC_TRUTH,sequence=342611,truth_tick_us=686133589,mechanical_angle_rad=2.951379061,valid=1,read_failures=0"
dengfoc,"SYNC_TRUTH,sequence=342612,truth_tick_us=686135593,mechanical_angle_rad=3.017340183,valid=1,read_failures=0"
dengfoc,"SYNC_TRUTH,sequence=342613,truth_tick_us=686137589,mechanical_angle_rad=3.080233574,valid=1,read_failures=0"
dengfoc,"SYNC_TRUTH,sequence=342614,truth_tick_us=686139593,mechanical_angle_rad=3.144660711,valid=1,read_failures=0"
dengfoc,"SYNC_TRUTH,sequence=342615,truth_tick_us=686141589,mechanical_angle_rad=3.210621834,valid=1,read_failures=0"
dengfoc,"SYNC_TRUTH,sequence=342616,truth_tick_us=686143593,mechanical_angle_rad=3.276582956,valid=1,read_failures=0"
dengfoc,"SYNC_TRUTH,sequence=342617,truth_tick_us=686145589,mechanical_angle_rad=3.350214243,valid=1,read_failures=0"
dengfoc,"SYNC_TRUTH,sequence=342618,truth_tick_us=686147593,mechanical_angle_rad=3.419243336,valid=1,read_failures=0"
dengfoc,"SYNC_TRUTH,sequence=342619,truth_tick_us=686149589,mechanical_angle_rad=3.491340399,valid=1,read_failures=0"
dengfoc,"SYNC_TRUTH,sequence=342620,truth_tick_us=686151593,mechanical_angle_rad=3.557301521,valid=1,read_failures=0"
g431,"FTR,57360,4,185,-661,476,0,800,-1,682,-1893,6028,901,99,852,12159,3416,3416,4010,324,0,29534,-76,-1363,137,321,7,123,0,0,0,1"
dengfoc,"SYNC_TRUTH,sequence=342621,truth_tick_us=686153589,mechanical_angle_rad=3.615592718,valid=1,read_failures=0"
dengfoc,"SYNC_TRUTH,sequence=342622,truth_tick_us=686155593,mechanical_angle_rad=3.676952124,valid=1,read_failures=0"
dengfoc,"SYNC_TRUTH,sequence=342623,truth_tick_us=686157589,mechanical_angle_rad=3.747515202,valid=1,read_failures=0"
dengfoc,"SYNC_TRUTH,sequence=342624,truth_tick_us=686159593,mechanical_angle_rad=3.818078279,valid=1,read_failures=0"
dengfoc,"SYNC_TRUTH,sequence=342625,truth_tick_us=686161589,mechanical_angle_rad=3.896311283,valid=1,read_failures=0"
dengfoc,"SYNC_TRUTH,sequence=342626,truth_tick_us=686163593,mechanical_angle_rad=3.965340376,valid=1,read_failures=0"
dengfoc,"SYNC_TRUTH,sequence=342627,truth_tick_us=686165589,mechanical_angle_rad=4.031301498,valid=1,read_failures=0"
dengfoc,"SYNC_TRUTH,sequence=342628,truth_tick_us=686167593,mechanical_angle_rad=4.092660904,valid=1,read_failures=0"
g431,"FTR,57600,4,-634,129,504,0,800,0,670,-1877,6040,53,417,947,12172,1900,1900,2499,326,0,29534,-1361,39,109,323,5,123,0,0,0,1"
dengfoc,"SYNC_TRUTH,sequence=342629,truth_tick_us=686169589,mechanical_angle_rad=4.150952339,valid=1,read_failures=0"
dengfoc,"SYNC_TRUTH,sequence=342630,truth_tick_us=686171593,mechanical_angle_rad=4.224583149,valid=1,read_failures=0"
dengfoc,"SYNC_TRUTH,sequence=342631,truth_tick_us=686173589,mechanical_angle_rad=4.298214436,valid=1,read_failures=0"
dengfoc,"SYNC_TRUTH,sequence=342632,truth_tick_us=686175593,mechanical_angle_rad=4.379515171,valid=1,read_failures=0"
dengfoc,"SYNC_TRUTH,sequence=342633,truth_tick_us=686177589,mechanical_angle_rad=4.453146458,valid=1,read_failures=0"
dengfoc,"SYNC_TRUTH,sequence=342634,truth_tick_us=686179593,mechanical_angle_rad=4.511437416,valid=1,read_failures=0"
dengfoc,"SYNC_TRUTH,sequence=342635,truth_tick_us=686181589,mechanical_angle_rad=4.574330807,valid=1,read_failures=0"
dengfoc,"SYNC_TRUTH,sequence=342636,truth_tick_us=686183593,mechanical_angle_rad=4.641826153,valid=1,read_failures=0"
dengfoc,"SYNC_TRUTH,sequence=342637,truth_tick_us=686185589,mechanical_angle_rad=4.707787037,valid=1,read_failures=0"
dengfoc,"SYNC_TRUTH,sequence=342638,truth_tick_us=686187593,mechanical_angle_rad=4.789088249,valid=1,read_failures=0"
dengfoc,"SYNC_TRUTH,sequence=342639,truth_tick_us=686189589,mechanical_angle_rad=4.867321014,valid=1,read_failures=0"
dengfoc,"SYNC_TRUTH,sequence=342640,truth_tick_us=686191593,mechanical_angle_rad=4.940952301,valid=1,read_failures=0"
g431,"FTR,57840,4,-283,696,-413,0,800,2,700,-2108,5956,69,931,278,12159,418,418,1026,331,0,29534,-174,1323,186,325,6,123,0,0,0,1"
dengfoc,"SYNC_TRUTH,sequence=342641,truth_tick_us=686193589,mechanical_angle_rad=5.005379677,valid=1,read_failures=0"
dengfoc,"SYNC_TRUTH,sequence=342642,truth_tick_us=686195593,mechanical_angle_rad=5.062136650,valid=1,read_failures=0"
dengfoc,"SYNC_TRUTH,sequence=342643,truth_tick_us=686197589,mechanical_angle_rad=5.131165981,valid=1,read_failures=0"
dengfoc,"SYNC_TRUTH,sequence=342644,truth_tick_us=686199593,mechanical_angle_rad=5.204796791,valid=1,read_failures=0"
dengfoc,"SYNC_TRUTH,sequence=342645,truth_tick_us=686201589,mechanical_angle_rad=5.278428078,valid=1,read_failures=0"
dengfoc,"SYNC_TRUTH,sequence=342646,truth_tick_us=686203593,mechanical_angle_rad=5.358194828,valid=1,read_failures=0"
dengfoc,"SYNC_TRUTH,sequence=342647,truth_tick_us=686205589,mechanical_angle_rad=5.425690174,valid=1,read_failures=0"
dengfoc,"SYNC_TRUTH,sequence=342648,truth_tick_us=686207593,mechanical_angle_rad=5.493185520,valid=1,read_failures=0"
dengfoc,"SYNC_TRUTH,sequence=342649,truth_tick_us=686209589,mechanical_angle_rad=5.559146404,valid=1,read_failures=0"
dengfoc,"SYNC_TRUTH,sequence=342650,truth_tick_us=686211593,mechanical_angle_rad=5.620505810,valid=1,read_failures=0"
dengfoc,"SYNC_TRUTH,sequence=342651,truth_tick_us=686213589,mechanical_angle_rad=5.692602634,valid=1,read_failures=0"
dengfoc,"SYNC_TRUTH,sequence=342652,truth_tick_us=686215593,mechanical_angle_rad=5.763165951,valid=1,read_failures=0"
g431,"FTR,58080,4,576,10,-586,0,800,3,671,-1918,6020,926,750,74,12159,5254,5254,5868,330,0,29534,1324,231,96,328,6,123,0,0,0,1"
dengfoc,"SYNC_TRUTH,sequence=342653,truth_tick_us=686217589,mechanical_angle_rad=5.835263252,valid=1,read_failures=0"
dengfoc,"SYNC_TRUTH,sequence=342654,truth_tick_us=686219593,mechanical_angle_rad=5.907360077,valid=1,read_failures=0"
dengfoc,"SYNC_TRUTH,sequence=342655,truth_tick_us=686221589,mechanical_angle_rad=5.973321438,valid=1,read_failures=0"
dengfoc,"SYNC_TRUTH,sequence=342656,truth_tick_us=686223593,mechanical_angle_rad=6.043884277,valid=1,read_failures=0"
dengfoc,"SYNC_TRUTH,sequence=342657,truth_tick_us=686225589,mechanical_angle_rad=6.109845638,valid=1,read_failures=0"
dengfoc,"SYNC_TRUTH,sequence=342658,truth_tick_us=686227593,mechanical_angle_rad=6.181942940,valid=1,read_failures=0"
dengfoc,"SYNC_TRUTH,sequence=342659,truth_tick_us=686229589,mechanical_angle_rad=6.249437809,valid=1,read_failures=0"
g431,"FTR,58320,4,441,-664,223,0,800,-7,676,-1971,6009,950,50,524,12172,3841,3841,4463,334,0,29534,496,-1252,149,330,6,123,0,0,0,1"
dengfoc,"SYNC_TRUTH,sequence=342660,truth_tick_us=686231593,mechanical_angle_rad=0.032213598,valid=1,read_failures=0"
dengfoc,"SYNC_TRUTH,sequence=342661,truth_tick_us=686233589,mechanical_angle_rad=0.102776714,valid=1,read_failures=0"
dengfoc,"SYNC_TRUTH,sequence=342662,truth_tick_us=686235593,mechanical_angle_rad=0.176407799,valid=1,read_failures=0"
dengfoc,"SYNC_TRUTH,sequence=342663,truth_tick_us=686237589,mechanical_angle_rad=0.245436937,valid=1,read_failures=0"
dengfoc,"SYNC_TRUTH,sequence=342664,truth_tick_us=686239593,mechanical_angle_rad=0.322135985,valid=1,read_failures=0"
dengfoc,"SYNC_TRUTH,sequence=342665,truth_tick_us=686241589,mechanical_angle_rad=0.389631122,valid=1,read_failures=0"
dengfoc,"SYNC_TRUTH,sequence=342666,truth_tick_us=686243593,mechanical_angle_rad=0.455592304,valid=1,read_failures=0"
dengfoc,"SYNC_TRUTH,sequence=342667,truth_tick_us=686245589,mechanical_angle_rad=0.521553457,valid=1,read_failures=0"
dengfoc,"SYNC_TRUTH,sequence=342668,truth_tick_us=686247593,mechanical_angle_rad=0.587514639,valid=1,read_failures=0"
dengfoc,"SYNC_TRUTH,sequence=342669,truth_tick_us=686249589,mechanical_angle_rad=0.665747702,valid=1,read_failures=0"
dengfoc,"SYNC_TRUTH,sequence=342670,truth_tick_us=686251593,mechanical_angle_rad=0.745514691,valid=1,read_failures=0"
dengfoc,"SYNC_TRUTH,sequence=342671,truth_tick_us=686253589,mechanical_angle_rad=0.819145739,valid=1,read_failures=0"
dengfoc,"SYNC_TRUTH,sequence=342672,truth_tick_us=686255593,mechanical_angle_rad=0.889708877,valid=1,read_failures=0"
g431,"FTR,58560,4,-428,-243,670,0,800,1,679,-2080,5966,237,76,924,12159,2462,2462,3092,336,0,29534,-1132,-721,146,332,5,123,0,0,0,1"
dengfoc,"SYNC_TRUTH,sequence=342673,truth_tick_us=686257589,mechanical_angle_rad=0.951068103,valid=1,read_failures=0"
dengfoc,"SYNC_TRUTH,sequence=342674,truth_tick_us=686259593,mechanical_angle_rad=1.017029285,valid=1,read_failures=0"
dengfoc,"SYNC_TRUTH,sequence=342675,truth_tick_us=686261589,mechanical_angle_rad=1.089126348,valid=1,read_failures=0"
dengfoc,"SYNC_TRUTH,sequence=342676,truth_tick_us=686263593,mechanical_angle_rad=1.162757516,valid=1,read_failures=0"
dengfoc,"SYNC_TRUTH,sequence=342677,truth_tick_us=686265589,mechanical_angle_rad=1.247126460,valid=1,read_failures=0"
dengfoc,"SYNC_TRUTH,sequence=342678,truth_tick_us=686267593,mechanical_angle_rad=1.322291493,valid=1,read_failures=0"
dengfoc,"SYNC_TRUTH,sequence=342679,truth_tick_us=686269589,mechanical_angle_rad=1.391320586,valid=1,read_failures=0"
g431,"FTR,58800,4,-626,570,56,0,800,-7,692,-1908,6009,82,918,787,12133,1117,1117,1757,339,0,29534,-950,923,151,335,6,123,0,0,0,1"
dengfoc,"SYNC_TRUTH,sequence=342680,truth_tick_us=686271593,mechanical_angle_rad=1.455747843,valid=1,read_failures=0"
dengfoc,"SYNC_TRUTH,sequence=342681,truth_tick_us=686273589,mechanical_angle_rad=1.521708965,valid=1,read_failures=0"
dengfoc,"SYNC_TRUTH,sequence=342682,truth_tick_us=686275593,mechanical_angle_rad=1.595340014,valid=1,read_failures=0"
dengfoc,"SYNC_TRUTH,sequence=342683,truth_tick_us=686277589,mechanical_angle_rad=1.672039151,valid=1,read_failures=0"
dengfoc,"SYNC_TRUTH,sequence=342684,truth_tick_us=686279593,mechanical_angle_rad=1.756408095,valid=1,read_failures=0"
dengfoc,"SYNC_TRUTH,sequence=342685,truth_tick_us=686281589,mechanical_angle_rad=1.833107114,valid=1,read_failures=0"
dengfoc,"SYNC_TRUTH,sequence=342686,truth_tick_us=686283593,mechanical_angle_rad=1.899068236,valid=1,read_failures=0"
dengfoc,"SYNC_TRUTH,sequence=342687,truth_tick_us=686285589,mechanical_angle_rad=1.966563463,valid=1,read_failures=0"
dengfoc,"SYNC_TRUTH,sequence=342688,truth_tick_us=686287593,mechanical_angle_rad=2.035592556,valid=1,read_failures=0"
dengfoc,"SYNC_TRUTH,sequence=342689,truth_tick_us=686289589,mechanical_angle_rad=2.103087664,valid=1,read_failures=0"
dengfoc,"SYNC_TRUTH,sequence=342690,truth_tick_us=686291593,mechanical_angle_rad=2.182854652,valid=1,read_failures=0"
dengfoc,"SYNC_TRUTH,sequence=342691,truth_tick_us=686293589,mechanical_angle_rad=2.256485701,valid=1,read_failures=0"
g431,"FTR,59040,4,128,495,-622,0,800,1,658,-2082,5965,389,945,55,12159,6090,6090,450,340,0,29534,676,1149,131,337,5,123,0,0,0,1"
dengfoc,"SYNC_TRUTH,sequence=342692,truth_tick_us=686295593,mechanical_angle_rad=2.331650972,valid=1,read_failures=0"
dengfoc,"SYNC_TRUTH,sequence=342693,truth_tick_us=686297589,mechanical_angle_rad=2.402214050,valid=1,read_failures=0"
dengfoc,"SYNC_TRUTH,sequence=342694,truth_tick_us=686299593,mechanical_angle_rad=2.468175173,valid=1,read_failures=0"
dengfoc,"SYNC_TRUTH,sequence=342695,truth_tick_us=686301589,mechanical_angle_rad=2.538738251,valid=1,read_failures=0"
dengfoc,"SYNC_TRUTH,sequence=342696,truth_tick_us=686303593,mechanical_angle_rad=2.606233358,valid=1,read_failures=0"
dengfoc,"SYNC_TRUTH,sequence=342697,truth_tick_us=686305589,mechanical_angle_rad=2.678330421,valid=1,read_failures=0"
dengfoc,"SYNC_TRUTH,sequence=342698,truth_tick_us=686307593,mechanical_angle_rad=2.753495693,valid=1,read_failures=0"
g431,"FTR,59280,4,683,-281,-402,0,800,-1,687,-2091,5962,948,433,52,12159,4813,4813,5467,343,0,29534,1282,-283,151,339,6,123,0,0,0,1"
dengfoc,"SYNC_TRUTH,sequence=342699,truth_tick_us=686309589,mechanical_angle_rad=2.824058771,valid=1,read_failures=0"
dengfoc,"SYNC_TRUTH,sequence=342700,truth_tick_us=686311593,mechanical_angle_rad=2.897689819,valid=1,read_failures=0"
dengfoc,"SYNC_TRUTH,sequence=342701,truth_tick_us=686313589,mechanical_angle_rad=2.969786882,valid=1,read_failures=0"
dengfoc,"SYNC_TRUTH,sequence=342702,truth_tick_us=686315593,mechanical_angle_rad=3.038815975,valid=1,read_failures=0"
dengfoc,"SYNC_TRUTH,sequence=342703,truth_tick_us=686317589,mechanical_angle_rad=3.109379053,valid=1,read_failures=0"
dengfoc,"SYNC_TRUTH,sequence=342704,truth_tick_us=686319593,mechanical_angle_rad=3.172272444,valid=1,read_failures=0"
dengfoc,"SYNC_TRUTH,sequence=342705,truth_tick_us=686321589,mechanical_angle_rad=3.242835522,valid=1,read_failures=0"
dengfoc,"SYNC_TRUTH,sequence=342706,truth_tick_us=686323593,mechanical_angle_rad=3.318000555,valid=1,read_failures=0"
dengfoc,"SYNC_TRUTH,sequence=342707,truth_tick_us=686325589,mechanical_angle_rad=3.390097618,valid=1,read_failures=0"
dengfoc,"SYNC_TRUTH,sequence=342708,truth_tick_us=686327593,mechanical_angle_rad=3.466796637,valid=1,read_failures=0"
dengfoc,"SYNC_TRUTH,sequence=342709,truth_tick_us=686329589,mechanical_angle_rad=3.538893700,valid=1,read_failures=0"
dengfoc,"SYNC_TRUTH,sequence=342710,truth_tick_us=686331593,mechanical_angle_rad=3.607923031,valid=1,read_failures=0"
dengfoc,"SYNC_TRUTH,sequence=342711,truth_tick_us=686333589,mechanical_angle_rad=3.675418139,valid=1,read_failures=0"
g431,"FTR,59520,4,290,-677,386,0,800,-9,679,-1952,6009,929,71,733,12159,3571,3571,4235,346,0,29534,145,-1325,147,342,6,123,0,0,0,1"
dengfoc,"SYNC_TRUTH,sequence=342712,truth_tick_us=686335593,mechanical_angle_rad=3.742913246,valid=1,read_failures=0"
dengfoc,"SYNC_TRUTH,sequence=342713,truth_tick_us=686337589,mechanical_angle_rad=3.819612265,valid=1,read_failures=0"
dengfoc,"SYNC_TRUTH,sequence=342714,truth_tick_us=686339593,mechanical_angle_rad=3.899379253,valid=1,read_failures=0"
dengfoc,"SYNC_TRUTH,sequence=342715,truth_tick_us=686341589,mechanical_angle_rad=3.971476316,valid=1,read_failures=0"
dengfoc,"SYNC_TRUTH,sequence=342716,truth_tick_us=686343593,mechanical_angle_rad=4.043573380,valid=1,read_failures=0"
dengfoc,"SYNC_TRUTH,sequence=342717,truth_tick_us=686345589,mechanical_angle_rad=4.108000755,valid=1,read_failures=0"
dengfoc,"SYNC_TRUTH,sequence=342718,truth_tick_us=686347593,mechanical_angle_rad=4.178563595,valid=1,read_failures=0"
g431,"FTR,59760,4,-477,-176,653,0,800,4,676,-2127,5942,171,92,908,12146,2363,2363,3032,347,0,29534,-1196,-583,128,344,6,123,0,0,0,1"
dengfoc,"SYNC_TRUTH,sequence=342719,truth_tick_us=686349589,mechanical_angle_rad=4.256796837,valid=1,read_failures=0"
dengfoc,"SYNC_TRUTH,sequence=342720,truth_tick_us=686351593,mechanical_angle_rad=4.331961632,valid=1,read_failures=0"
dengfoc,"SYNC_TRUTH,sequence=342721,truth_tick_us=686353589,mechanical_angle_rad=4.413262844,valid=1,read_failures=0"
dengfoc,"SYNC_TRUTH,sequence=342722,truth_tick_us=686355593,mechanical_angle_rad=4.483826160,valid=1,read_failures=0"
dengfoc,"SYNC_TRUTH,sequence=342723,truth_tick_us=686357589,mechanical_angle_rad=4.554389000,valid=1,read_failures=0"
dengfoc,"SYNC_TRUTH,sequence=342724,truth_tick_us=686359593,mechanical_angle_rad=4.624952316,valid=1,read_failures=0"
dengfoc,"SYNC_TRUTH,sequence=342725,truth_tick_us=686361589,mechanical_angle_rad=4.693981171,valid=1,read_failures=0"
dengfoc,"SYNC_TRUTH,sequence=342726,truth_tick_us=686363593,mechanical_angle_rad=4.772214413,valid=1,read_failures=0"
dengfoc,"SYNC_TRUTH,sequence=342727,truth_tick_us=686365589,mechanical_angle_rad=4.858117104,valid=1,read_failures=0"
dengfoc,"SYNC_TRUTH,sequence=342728,truth_tick_us=686367593,mechanical_angle_rad=4.933282375,valid=1,read_failures=0"
dengfoc,"SYNC_TRUTH,sequence=342729,truth_tick_us=686369589,mechanical_angle_rad=5.005379677,valid=1,read_failures=0"
dengfoc,"SYNC_TRUTH,sequence=342730,truth_tick_us=686371593,mechanical_angle_rad=5.071340561,valid=1,read_failures=0"
g431,"FTR,60000,4,-638,538,101,0,800,-4,687,-1997,5994,97,903,848,12159,1189,1189,1868,351,0,29534,-1004,838,154,346,5,123,0,0,0,1"
dengfoc,"SYNC_TRUTH,sequence=342731,truth_tick_us=686373589,mechanical_angle_rad=5.143437862,valid=1,read_failures=0"
dengfoc,"SYNC_TRUTH,sequence=342732,truth_tick_us=686375593,mechanical_angle_rad=5.220136642,valid=1,read_failures=0"
dengfoc,"SYNC_TRUTH,sequence=342733,truth_tick_us=686377589,mechanical_angle_rad=5.295301914,valid=1,read_failures=0"
dengfoc,"SYNC_TRUTH,sequence=342734,truth_tick_us=686379593,mechanical_angle_rad=5.376602650,valid=1,read_failures=0"
dengfoc,"SYNC_TRUTH,sequence=342735,truth_tick_us=686381593,mechanical_angle_rad=5.453301907,valid=1,read_failures=0"
dengfoc,"SYNC_TRUTH,sequence=342736,truth_tick_us=686383593,mechanical_angle_rad=5.522330761,valid=1,read_failures=0"
dengfoc,"SYNC_ANCHOR_RX,session=2026100505,edge_sequence=5010,edge_tag=910,truth_tick_us=686375986,source=2,flags=0x00000003"
dengfoc,"SYNC_TRUTH,sequence=342737,truth_tick_us=686386597,mechanical_angle_rad=5.631243706,valid=1,read_failures=0"
dengfoc,"SYNC_TRUTH,sequence=342738,truth_tick_us=686388593,mechanical_angle_rad=5.700272560,valid=1,read_failures=0"
dengfoc,"SYNC_TRUTH,sequence=342739,truth_tick_us=686390589,mechanical_angle_rad=5.775437832,valid=1,read_failures=0"
dengfoc,"SYNC_TRUTH,sequence=342740,truth_tick_us=686392593,mechanical_angle_rad=5.846001148,valid=1,read_failures=0"
dengfoc,"SYNC_TRUTH,sequence=342741,truth_tick_us=686394589,mechanical_angle_rad=5.921165943,valid=1,read_failures=0"
g431,"FTR,60240,4,-26,587,-562,0,800,7,664,-2148,5941,199,915,85,12159,49,49,733,352,0,29534,379,1269,128,349,5,123,0,0,0,1"
dengfoc,"SYNC_TRUTH,sequence=342742,truth_tick_us=686396593,mechanical_angle_rad=5.997865200,valid=1,read_failures=0"
dengfoc,"SYNC_TRUTH,sequence=342743,truth_tick_us=686398589,mechanical_angle_rad=6.069962025,valid=1,read_failures=0"
dengfoc,"SYNC_TRUTH,sequence=342744,truth_tick_us=686400593,mechanical_angle_rad=6.146661282,valid=1,read_failures=0"
dengfoc,"SYNC_TRUTH,sequence=342745,truth_tick_us=686402589,mechanical_angle_rad=6.217224121,valid=1,read_failures=0"
dengfoc,"SYNC_TRUTH,sequence=342746,truth_tick_us=686404593,mechanical_angle_rad=0.007669904,valid=1,read_failures=0"
dengfoc,"SYNC_TRUTH,sequence=342747,truth_tick_us=686406589,mechanical_angle_rad=0.081300981,valid=1,read_failures=0"
dengfoc,"SYNC_TRUTH,sequence=342748,truth_tick_us=686408593,mechanical_angle_rad=0.150330126,valid=1,read_failures=0"
g431,"FTR,60480,4,586,-6,-579,0,800,0,673,-2169,5934,924,761,76,12159,5227,5227,5919,355,0,29534,1270,252,151,351,5,123,0,0,0,1"
dengfoc,"SYNC_TRUTH,sequence=342749,truth_tick_us=686410589,mechanical_angle_rad=0.228563145,valid=1,read_failures=0"
dengfoc,"SYNC_TRUTH,sequence=342750,truth_tick_us=686412593,mechanical_angle_rad=0.306796163,valid=1,read_failures=0"
dengfoc,"SYNC_TRUTH,sequence=342751,truth_tick_us=686414589,mechanical_angle_rad=0.380427241,valid=1,read_failures=0"
dengfoc,"SYNC_TRUTH,sequence=342752,truth_tick_us=686416593,mechanical_angle_rad=0.454058319,valid=1,read_failures=0"
dengfoc,"SYNC_TRUTH,sequence=342753,truth_tick_us=686418589,mechanical_angle_rad=0.521553457,valid=1,read_failures=0"
dengfoc,"SYNC_TRUTH,sequence=342754,truth_tick_us=686420593,mechanical_angle_rad=0.598252535,valid=1,read_failures=0"
dengfoc,"SYNC_TRUTH,sequence=342755,truth_tick_us=686422589,mechanical_angle_rad=0.676485538,valid=1,read_failures=0"
dengfoc,"SYNC_TRUTH,sequence=342756,truth_tick_us=686424593,mechanical_angle_rad=0.753184617,valid=1,read_failures=0"
dengfoc,"SYNC_TRUTH,sequence=342757,truth_tick_us=686426589,mechanical_angle_rad=0.834485590,valid=1,read_failures=0"
dengfoc,"SYNC_TRUTH,sequence=342758,truth_tick_us=686428593,mechanical_angle_rad=0.905048668,valid=1,read_failures=0"
dengfoc,"SYNC_TRUTH,sequence=342759,truth_tick_us=686430589,mechanical_angle_rad=0.978679776,valid=1,read_failures=0"
dengfoc,"SYNC_TRUTH,sequence=342760,truth_tick_us=686432593,mechanical_angle_rad=1.052310824,valid=1,read_failures=0"
g431,"FTR,60720,4,584,-605,21,0,800,-2,687,-1972,5995,932,68,281,12146,4155,4155,4857,357,0,29534,830,-1028,130,353,5,123,0,0,0,1"
dengfoc,"SYNC_TRUTH,sequence=342761,truth_tick_us=686434589,mechanical_angle_rad=1.124408007,valid=1,read_failures=0"
dengfoc,"SYNC_TRUTH,sequence=342762,truth_tick_us=686436593,mechanical_angle_rad=1.205708981,valid=1,read_failures=0"
dengfoc,"SYNC_TRUTH,sequence=342763,truth_tick_us=686438589,mechanical_angle_rad=1.287009954,valid=1,read_failures=0"
dengfoc,"SYNC_TRUTH,sequence=342764,truth_tick_us=686440593,mechanical_angle_rad=1.365242958,valid=1,read_failures=0"
dengfoc,"SYNC_TRUTH,sequence=342765,truth_tick_us=686442589,mechanical_angle_rad=1.440407991,valid=1,read_failures=0"
dengfoc,"SYNC_TRUTH,sequence=342766,truth_tick_us=686444593,mechanical_angle_rad=1.509437084,valid=1,read_failures=0"
dengfoc,"SYNC_TRUTH,sequence=342767,truth_tick_us=686446589,mechanical_angle_rad=1.584602237,valid=1,read_failures=0"
dengfoc,"SYNC_TRUTH,sequence=342768,truth_tick_us=686448593,mechanical_angle_rad=1.667437196,valid=1,read_failures=0"
g431,"FTR,60960,4,-19,-565,584,0,800,4,664,-2280,5899,764,77,923,12172,3118,3118,3827,360,0,29534,-429,-1229,156,356,5,123,0,0,0,1"
dengfoc,"SYNC_TRUTH,sequence=342769,truth_tick_us=686450589,mechanical_angle_rad=1.748738170,valid=1,read_failures=0"
dengfoc,"SYNC_TRUTH,sequence=342770,truth_tick_us=686452593,mechanical_angle_rad=1.830039144,valid=1,read_failures=0"
dengfoc,"SYNC_TRUTH,sequence=342771,truth_tick_us=686454589,mechanical_angle_rad=1.902136207,valid=1,read_failures=0"
dengfoc,"SYNC_TRUTH,sequence=342772,truth_tick_us=686456593,mechanical_angle_rad=1.977301240,valid=1,read_failures=0"
dengfoc,"SYNC_TRUTH,sequence=342773,truth_tick_us=686458589,mechanical_angle_rad=2.050932407,valid=1,read_failures=0"
dengfoc,"SYNC_TRUTH,sequence=342774,truth_tick_us=686460593,mechanical_angle_rad=2.123029470,valid=1,read_failures=0"
dengfoc,"SYNC_TRUTH,sequence=342775,truth_tick_us=686462589,mechanical_angle_rad=2.205864429,valid=1,read_failures=0"
dengfoc,"SYNC_TRUTH,sequence=342776,truth_tick_us=686464593,mechanical_angle_rad=2.285631418,valid=1,read_failures=0"
dengfoc,"SYNC_TRUTH,sequence=342777,truth_tick_us=686466589,mechanical_angle_rad=2.357728481,valid=1,read_failures=0"
dengfoc,"SYNC_TRUTH,sequence=342778,truth_tick_us=686468593,mechanical_angle_rad=2.434427500,valid=1,read_failures=0"
dengfoc,"SYNC_TRUTH,sequence=342779,truth_tick_us=686470589,mechanical_angle_rad=2.504990578,valid=1,read_failures=0"
dengfoc,"SYNC_TRUTH,sequence=342780,truth_tick_us=686472593,mechanical_angle_rad=2.581689835,valid=1,read_failures=0"
g431,"FTR,61200,4,-583,-11,594,0,800,3,679,-2045,5978,77,233,923,12159,2115,2115,2834,362,0,29534,-1287,-277,132,358,6,123,0,0,0,1"
dengfoc,"SYNC_TRUTH,sequence=342781,truth_tick_us=686474589,mechanical_angle_rad=2.658388853,valid=1,read_failures=0"
dengfoc,"SYNC_TRUTH,sequence=342782,truth_tick_us=686476593,mechanical_angle_rad=2.730485916,valid=1,read_failures=0"
dengfoc,"SYNC_TRUTH,sequence=342783,truth_tick_us=686478589,mechanical_angle_rad=2.808718920,valid=1,read_failures=0"
dengfoc,"SYNC_TRUTH,sequence=342784,truth_tick_us=686480593,mechanical_angle_rad=2.880815983,valid=1,read_failures=0"
dengfoc,"SYNC_TRUTH,sequence=342785,truth_tick_us=686482589,mechanical_angle_rad=2.957515001,valid=1,read_failures=0"
dengfoc,"SYNC_TRUTH,sequence=342786,truth_tick_us=686484593,mechanical_angle_rad=3.035748005,valid=1,read_failures=0"
dengfoc,"SYNC_TRUTH,sequence=342787,truth_tick_us=686486589,mechanical_angle_rad=3.106311083,valid=1,read_failures=0"
g431,"FTR,61440,4,-614,547,67,0,800,0,674,-2214,5917,96,904,844,12159,1146,1146,1870,364,0,29534,-949,868,152,360,5,123,0,0,0,1"
dengfoc,"SYNC_TRUTH,sequence=342788,truth_tick_us=686488593,mechanical_angle_rad=3.179942369,valid=1,read_failures=0"
dengfoc,"SYNC_TRUTH,sequence=342789,truth_tick_us=686490589,mechanical_angle_rad=3.250505447,valid=1,read_failures=0"
dengfoc,"SYNC_TRUTH,sequence=342790,truth_tick_us=686492593,mechanical_angle_rad=3.328738451,valid=1,read_failures=0"
dengfoc,"SYNC_TRUTH,sequence=342791,truth_tick_us=686494589,mechanical_angle_rad=3.408505440,valid=1,read_failures=0"
dengfoc,"SYNC_TRUTH,sequence=342792,truth_tick_us=686496593,mechanical_angle_rad=3.483670473,valid=1,read_failures=0"
dengfoc,"SYNC_TRUTH,sequence=342793,truth_tick_us=686498589,mechanical_angle_rad=3.561903477,valid=1,read_failures=0"
dengfoc,"SYNC_TRUTH,sequence=342794,truth_tick_us=686500593,mechanical_angle_rad=3.635534525,valid=1,read_failures=0"
dengfoc,"SYNC_TRUTH,sequence=342795,truth_tick_us=686502589,mechanical_angle_rad=3.706097603,valid=1,read_failures=0"
dengfoc,"SYNC_TRUTH,sequence=342796,truth_tick_us=686504593,mechanical_angle_rad=3.784330606,valid=1,read_failures=0"
dengfoc,"SYNC_TRUTH,sequence=342797,truth_tick_us=686506589,mechanical_angle_rad=3.859495878,valid=1,read_failures=0"
dengfoc,"SYNC_TRUTH,sequence=342798,truth_tick_us=686508593,mechanical_angle_rad=3.942330837,valid=1,read_failures=0"
dengfoc,"SYNC_TRUTH,sequence=342799,truth_tick_us=686510589,mechanical_angle_rad=4.020563602,valid=1,read_failures=0"
g431,"FTR,61680,4,-144,646,-503,0,800,-1,679,-2209,5919,101,899,141,12159,211,211,944,367,0,29534,134,1291,153,363,5,123,0,0,0,1"
dengfoc,"SYNC_TRUTH,sequence=342800,truth_tick_us=686512593,mechanical_angle_rad=4.091126919,valid=1,read_failures=0"
dengfoc,"SYNC_TRUTH,sequence=342801,truth_tick_us=686514589,mechanical_angle_rad=4.164757729,valid=1,read_failures=0"
dengfoc,"SYNC_TRUTH,sequence=342802,truth_tick_us=686516593,mechanical_angle_rad=4.244524956,valid=1,read_failures=0"
dengfoc,"SYNC_TRUTH,sequence=342803,truth_tick_us=686518589,mechanical_angle_rad=4.324292183,valid=1,read_failures=0"
dengfoc,"SYNC_TRUTH,sequence=342804,truth_tick_us=686520593,mechanical_angle_rad=4.408660889,valid=1,read_failures=0"
dengfoc,"SYNC_TRUTH,sequence=342805,truth_tick_us=686522589,mechanical_angle_rad=4.483826160,valid=1,read_failures=0"
dengfoc,"SYNC_TRUTH,sequence=342806,truth_tick_us=686524593,mechanical_angle_rad=4.560524940,valid=1,read_failures=0"
dengfoc,"SYNC_TRUTH,sequence=342807,truth_tick_us=686526589,mechanical_angle_rad=4.635690212,valid=1,read_failures=0"
dengfoc,"SYNC_TRUTH,sequence=342808,truth_tick_us=686528593,mechanical_angle_rad=4.709321022,valid=1,read_failures=0"
dengfoc,"SYNC_TRUTH,sequence=342809,truth_tick_us=686530589,mechanical_angle_rad=4.792156219,valid=1,read_failures=0"
dengfoc,"SYNC_TRUTH,sequence=342810,truth_tick_us=686532593,mechanical_angle_rad=4.874990940,valid=1,read_failures=0"
dengfoc,"SYNC_TRUTH,sequence=342811,truth_tick_us=686534589,mechanical_angle_rad=4.956292152,valid=1,read_failures=0"
g431,"FTR,61920,4,428,230,-658,0,800,4,667,-2234,5917,751,926,74,12172,5594,5594,51,369,0,29534,1093,672,135,365,5,123,0,0,0,1"
dengfoc,"SYNC_TRUTH,sequence=342812,truth_tick_us=686536593,mechanical_angle_rad=5.032990932,valid=1,read_failures=0"
dengfoc,"SYNC_TRUTH,sequence=342813,truth_tick_us=686538589,mechanical_angle_rad=5.105088234,valid=1,read_failures=0"
dengfoc,"SYNC_TRUTH,sequence=342814,truth_tick_us=686540593,mechanical_angle_rad=5.183320999,valid=1,read_failures=0"
dengfoc,"SYNC_TRUTH,sequence=342815,truth_tick_us=686542589,mechanical_angle_rad=5.260020256,valid=1,read_failures=0"
dengfoc,"SYNC_TRUTH,sequence=342816,truth_tick_us=686544593,mechanical_angle_rad=5.344389439,valid=1,read_failures=0"
dengfoc,"SYNC_TRUTH,sequence=342817,truth_tick_us=686546589,mechanical_angle_rad=5.425690174,valid=1,read_failures=0"
dengfoc,"SYNC_TRUTH,sequence=342818,truth_tick_us=686548593,mechanical_angle_rad=5.500855446,valid=1,read_failures=0"
dengfoc,"SYNC_TRUTH,sequence=342819,truth_tick_us=686550589,mechanical_angle_rad=5.577554226,valid=1,read_failures=0"
g431,"FTR,62160,4,685,-337,-348,0,800,4,685,-2172,5933,944,378,56,12159,4728,4728,5478,371,0,29534,1219,-403,127,367,5,123,0,0,0,1"
dengfoc,"SYNC_TRUTH,sequence=342820,truth_tick_us=686552593,mechanical_angle_rad=5.655787468,valid=1,read_failures=0"
dengfoc,"SYNC_TRUTH,sequence=342821,truth_tick_us=686554589,mechanical_angle_rad=5.729418278,valid=1,read_failures=0"
dengfoc,"SYNC_TRUTH,sequence=342822,truth_tick_us=686556593,mechanical_angle_rad=5.809185505,valid=1,read_failures=0"
dengfoc,"SYNC_TRUTH,sequence=342823,truth_tick_us=686558589,mechanical_angle_rad=5.882816315,valid=1,read_failures=0"
dengfoc,"SYNC_TRUTH,sequence=342824,truth_tick_us=686560593,mechanical_angle_rad=5.961049557,valid=1,read_failures=0"
dengfoc,"SYNC_TRUTH,sequence=342825,truth_tick_us=686562589,mechanical_angle_rad=6.042350292,valid=1,read_failures=0"
dengfoc,"SYNC_TRUTH,sequence=342826,truth_tick_us=686564593,mechanical_angle_rad=6.117515564,valid=1,read_failures=0"
dengfoc,"SYNC_TRUTH,sequence=342827,truth_tick_us=686566589,mechanical_angle_rad=6.198816299,valid=1,read_failures=0"
dengfoc,"SYNC_TRUTH,sequence=342828,truth_tick_us=686568593,mechanical_angle_rad=6.277049541,valid=1,read_failures=0"
dengfoc,"SYNC_TRUTH,sequence=342829,truth_tick_us=686570589,mechanical_angle_rad=0.065961175,valid=1,read_failures=0"
dengfoc,"SYNC_TRUTH,sequence=342830,truth_tick_us=686572593,mechanical_angle_rad=0.145728186,valid=1,read_failures=0"
dengfoc,"SYNC_TRUTH,sequence=342831,truth_tick_us=686574589,mechanical_angle_rad=0.220893234,valid=1,read_failures=0"
g431,"FTR,62400,4,458,-651,193,0,800,0,669,-2152,5940,949,51,458,12159,3896,3896,4653,373,0,29534,532,-1183,131,370,5,123,0,0,0,1"
dengfoc,"SYNC_TRUTH,sequence=342832,truth_tick_us=686576593,mechanical_angle_rad=0.303728193,valid=1,read_failures=0"
dengfoc,"SYNC_TRUTH,sequence=342833,truth_tick_us=686578589,mechanical_angle_rad=0.385029197,valid=1,read_failures=0"
dengfoc,"SYNC_TRUTH,sequence=342834,truth_tick_us=686580593,mechanical_angle_rad=0.458660275,valid=1,read_failures=0"
dengfoc,"SYNC_TRUTH,sequence=342835,truth_tick_us=686582589,mechanical_angle_rad=0.535359323,valid=1,read_failures=0"
dengfoc,"SYNC_TRUTH,sequence=342836,truth_tick_us=686584593,mechanical_angle_rad=0.610524356,valid=1,read_failures=0"
dengfoc,"SYNC_TRUTH,sequence=342837,truth_tick_us=686586589,mechanical_angle_rad=0.693359315,valid=1,read_failures=0"
dengfoc,"SYNC_TRUTH,sequence=342838,truth_tick_us=686588593,mechanical_angle_rad=0.779262245,valid=1,read_failures=0"
g431,"FTR,62640,4,-29,-562,591,0,800,-1,666,-2303,5890,752,74,926,12172,3098,3098,3861,376,0,29534,-441,-1204,152,372,5,123,0,0,0,1"
dengfoc,"SYNC_TRUTH,sequence=342839,truth_tick_us=686590589,mechanical_angle_rad=0.859029293,valid=1,read_failures=0"
dengfoc,"SYNC_TRUTH,sequence=342840,truth_tick_us=686592593,mechanical_angle_rad=0.938796282,valid=1,read_failures=0"
dengfoc,"SYNC_TRUTH,sequence=342841,truth_tick_us=686594589,mechanical_angle_rad=1.009359360,valid=1,read_failures=0"
dengfoc,"SYNC_TRUTH,sequence=342842,truth_tick_us=686596593,mechanical_angle_rad=1.089126348,valid=1,read_failures=0"
dengfoc,"SYNC_TRUTH,sequence=342843,truth_tick_us=686598589,mechanical_angle_rad=1.171961308,valid=1,read_failures=0"
dengfoc,"SYNC_TRUTH,sequence=342844,truth_tick_us=686600593,mechanical_angle_rad=1.254796267,valid=1,read_failures=0"
dengfoc,"SYNC_TRUTH,sequence=342845,truth_tick_us=686602589,mechanical_angle_rad=1.340699196,valid=1,read_failures=0"
dengfoc,"SYNC_TRUTH,sequence=342846,truth_tick_us=686604593,mechanical_angle_rad=1.420466304,valid=1,read_failures=0"
dengfoc,"SYNC_TRUTH,sequence=342847,truth_tick_us=686606589,mechanical_angle_rad=1.494097352,valid=1,read_failures=0"
dengfoc,"SYNC_TRUTH,sequence=342848,truth_tick_us=686608593,mechanical_angle_rad=1.573864341,valid=1,read_failures=0"
dengfoc,"SYNC_TRUTH,sequence=342849,truth_tick_us=686610589,mechanical_angle_rad=1.653631330,valid=1,read_failures=0"
dengfoc,"SYNC_TRUTH,sequence=342850,truth_tick_us=686612593,mechanical_angle_rad=1.742602229,valid=1,read_failures=0"
dengfoc,"SYNC_TRUTH,sequence=342851,truth_tick_us=686614589,mechanical_angle_rad=1.828505158,valid=1,read_failures=0"
g431,"FTR,62880,4,-485,-156,642,0,800,2,669,-2219,5915,162,95,905,12159,2334,2334,3101,377,0,29534,-1176,-529,115,374,5,123,0,0,0,1"
dengfoc,"SYNC_TRUTH,sequence=342852,truth_tick_us=686616593,mechanical_angle_rad=1.905204177,valid=1,read_failures=0"
dengfoc,"SYNC_TRUTH,sequence=342853,truth_tick_us=686618589,mechanical_angle_rad=1.984971166,valid=1,read_failures=0"
dengfoc,"SYNC_TRUTH,sequence=342854,truth_tick_us=686620593,mechanical_angle_rad=2.063204288,valid=1,read_failures=0"
dengfoc,"SYNC_TRUTH,sequence=342855,truth_tick_us=686622589,mechanical_angle_rad=2.141437292,valid=1,read_failures=0"
dengfoc,"SYNC_TRUTH,sequence=342856,truth_tick_us=686624593,mechanical_angle_rad=2.225806236,valid=1,read_failures=0"
dengfoc,"SYNC_TRUTH,sequence=342857,truth_tick_us=686626589,mechanical_angle_rad=2.302505255,valid=1,read_failures=0"
dengfoc,"SYNC_TRUTH,sequence=342858,truth_tick_us=686628593,mechanical_angle_rad=2.383806229,valid=1,read_failures=0"
g431,"FTR,63120,4,-670,318,353,0,800,2,671,-2234,5910,54,600,946,12159,1604,1604,2373,381,0,29534,-1228,336,154,376,5,123,0,0,0,1"
dengfoc,"SYNC_TRUTH,sequence=342859,truth_tick_us=686630589,mechanical_angle_rad=2.465107203,valid=1,read_failures=0"
dengfoc,"SYNC_TRUTH,sequence=342860,truth_tick_us=686632593,mechanical_angle_rad=2.540272236,valid=1,read_failures=0"
dengfoc,"SYNC_TRUTH,sequence=342861,truth_tick_us=686634589,mechanical_angle_rad=2.620039225,valid=1,read_failures=0"
dengfoc,"SYNC_TRUTH,sequence=342862,truth_tick_us=686636593,mechanical_angle_rad=2.696738243,valid=1,read_failures=0"
dengfoc,"SYNC_TRUTH,sequence=342863,truth_tick_us=686638589,mechanical_angle_rad=2.778039217,valid=1,read_failures=0"
dengfoc,"SYNC_TRUTH,sequence=342864,truth_tick_us=686640593,mechanical_angle_rad=2.859340191,valid=1,read_failures=0"
dengfoc,"SYNC_TRUTH,sequence=342865,truth_tick_us=686642589,mechanical_angle_rad=2.934505224,valid=1,read_failures=0"
dengfoc,"SYNC_TRUTH,sequence=342866,truth_tick_us=686644593,mechanical_angle_rad=3.015806198,valid=1,read_failures=0"
dengfoc,"SYNC_TRUTH,sequence=342867,truth_tick_us=686646589,mechanical_angle_rad=3.097107410,valid=1,read_failures=0"
dengfoc,"SYNC_TRUTH,sequence=342868,truth_tick_us=686648593,mechanical_angle_rad=3.169204473,valid=1,read_failures=0"
dengfoc,"SYNC_TRUTH,sequence=342869,truth_tick_us=686650589,mechanical_angle_rad=3.248971462,valid=1,read_failures=0"
dengfoc,"SYNC_TRUTH,sequence=342870,truth_tick_us=686652593,mechanical_angle_rad=3.325670481,valid=1,read_failures=0"
g431,"FTR,63360,4,-531,619,-88,0,800,-5,670,-2317,5885,63,937,683,12172,909,909,1676,382,0,29534,-706,1044,143,379,5,123,0,0,0,1"
dengfoc,"SYNC_TRUTH,sequence=342871,truth_tick_us=686654589,mechanical_angle_rad=3.408505440,valid=1,read_failures=0"
dengfoc,"SYNC_TRUTH,sequence=342872,truth_tick_us=686656593,mechanical_angle_rad=3.492874384,valid=1,read_failures=0"
dengfoc,"SYNC_TRUTH,sequence=342873,truth_tick_us=686658589,mechanical_angle_rad=3.569573402,valid=1,read_failures=0"
dengfoc,"SYNC_TRUTH,sequence=342874,truth_tick_us=686660593,mechanical_angle_rad=3.647806406,valid=1,read_failures=0"
dengfoc,"SYNC_TRUTH,sequence=342875,truth_tick_us=686662589,mechanical_angle_rad=3.721437454,valid=1,read_failures=0"
dengfoc,"SYNC_TRUTH,sequence=342876,truth_tick_us=686664593,mechanical_angle_rad=3.804272413,valid=1,read_failures=0"
dengfoc,"SYNC_TRUTH,sequence=342877,truth_tick_us=686666589,mechanical_angle_rad=3.890175343,valid=1,read_failures=0"
g431,"FTR,63600,4,-163,650,-487,0,800,3,676,-2327,5881,90,910,180,12172,247,247,1014,385,0,29534,88,1273,140,381,5,123,0,0,0,1"
dengfoc,"SYNC_TRUTH,sequence=342878,truth_tick_us=686668593,mechanical_angle_rad=3.969942331,valid=1,read_failures=0"
dengfoc,"SYNC_TRUTH,sequence=342879,truth_tick_us=686670589,mechanical_angle_rad=4.051243305,valid=1,read_failures=0"
dengfoc,"SYNC_TRUTH,sequence=342880,truth_tick_us=686672593,mechanical_angle_rad=4.129476547,valid=1,read_failures=0"
dengfoc,"SYNC_TRUTH,sequence=342881,truth_tick_us=686674589,mechanical_angle_rad=4.204641342,valid=1,read_failures=0"
dengfoc,"SYNC_TRUTH,sequence=342882,truth_tick_us=686676593,mechanical_angle_rad=4.290544510,valid=1,read_failures=0"
dengfoc,"SYNC_TRUTH,sequence=342883,truth_tick_us=686678589,mechanical_angle_rad=4.373379230,valid=1,read_failures=0"
dengfoc,"SYNC_TRUTH,sequence=342884,truth_tick_us=686680593,mechanical_angle_rad=4.460816383,valid=1,read_failures=0"
dengfoc,"SYNC_TRUTH,sequence=342885,truth_tick_us=686682589,mechanical_angle_rad=4.542117119,valid=1,read_failures=0"
dengfoc,"SYNC_TRUTH,sequence=342886,truth_tick_us=686684593,mechanical_angle_rad=4.617282391,valid=1,read_failures=0"
dengfoc,"SYNC_STATUS,frames=11,frame_fail=1,truth=342886,truth_fail=0,idle=0,capture_state=1,capture_failure=0,rejected=0,overflow=0,recovered=1,sync_level=0,driver_disabled=1"
dengfoc,"SYNC_TRUTH,sequence=342887,truth_tick_us=686687589,mechanical_angle_rad=4.741534710,valid=1,read_failures=0"
dengfoc,"SYNC_TRUTH,sequence=342888,truth_tick_us=686689593,mechanical_angle_rad=4.824369907,valid=1,read_failures=0"
g431,"FTR,63840,4,244,404,-648,0,800,2,655,-2352,5864,499,950,50,12159,5903,5903,385,387,0,29534,814,969,140,383,5,123,0,0,0,1"
dengfoc,"SYNC_TRUTH,sequence=342889,truth_tick_us=686691589,mechanical_angle_rad=4.913340569,valid=1,read_failures=0"
dengfoc,"SYNC_TRUTH,sequence=342890,truth_tick_us=686693593,mechanical_angle_rad=4.996175766,valid=1,read_failures=0"
dengfoc,"SYNC_TRUTH,sequence=342891,truth_tick_us=686695589,mechanical_angle_rad=5.071340561,valid=1,read_failures=0"
dengfoc,"SYNC_TRUTH,sequence=342892,truth_tick_us=686697593,mechanical_angle_rad=5.154175758,valid=1,read_failures=0"
dengfoc,"SYNC_TRUTH,sequence=342893,truth_tick_us=686699589,mechanical_angle_rad=5.232408524,valid=1,read_failures=0"
dengfoc,"SYNC_TRUTH,sequence=342894,truth_tick_us=686701593,mechanical_angle_rad=5.319845676,valid=1,read_failures=0"
dengfoc,"SYNC_TRUTH,sequence=342895,truth_tick_us=686703589,mechanical_angle_rad=5.407282352,valid=1,read_failures=0"
dengfoc,"SYNC_TRUTH,sequence=342896,truth_tick_us=686705593,mechanical_angle_rad=5.485515594,valid=1,read_failures=0"
dengfoc,"SYNC_TRUTH,sequence=342897,truth_tick_us=686707589,mechanical_angle_rad=5.568350315,valid=1,read_failures=0"
dengfoc,"SYNC_TRUTH,sequence=342898,truth_tick_us=686709593,mechanical_angle_rad=5.643515587,valid=1,read_failures=0"
dengfoc,"SYNC_TRUTH,sequence=342899,truth_tick_us=686711589,mechanical_angle_rad=5.726350307,valid=1,read_failures=0"
dengfoc,"SYNC_TRUTH,sequence=342900,truth_tick_us=686713593,mechanical_angle_rad=5.810719490,valid=1,read_failures=0"
g431,"FTR,64080,4,551,49,-600,0,800,0,666,-2281,5892,906,835,94,12159,5310,5310,6075,389,0,29534,1210,334,130,385,5,123,0,0,0,1"
dengfoc,"SYNC_TRUTH,sequence=342901,truth_tick_us=686715589,mechanical_angle_rad=5.887418270,valid=1,read_failures=0"
dengfoc,"SYNC_TRUTH,sequence=342902,truth_tick_us=686717593,mechanical_angle_rad=5.970253468,valid=1,read_failures=0"
dengfoc,"SYNC_TRUTH,sequence=342903,truth_tick_us=686719589,mechanical_angle_rad=6.048486233,valid=1,read_failures=0"
dengfoc,"SYNC_TRUTH,sequence=342904,truth_tick_us=686721593,mechanical_angle_rad=6.132855415,valid=1,read_failures=0"
dengfoc,"SYNC_TRUTH,sequence=342905,truth_tick_us=686723589,mechanical_angle_rad=6.217224121,valid=1,read_failures=0"
dengfoc,"SYNC_TRUTH,sequence=342906,truth_tick_us=686725593,mechanical_angle_rad=0.010737866,valid=1,read_failures=0"
dengfoc,"SYNC_TRUTH,sequence=342907,truth_tick_us=686727589,mechanical_angle_rad=0.093572833,valid=1,read_failures=0"
dengfoc,"SYNC_TRUTH,sequence=342908,truth_tick_us=686729593,mechanical_angle_rad=0.177941769,valid=1,read_failures=0"
g431,"FTR,64320,4,672,-314,-358,0,800,2,672,-2382,5859,948,424,52,12172,4752,4752,5515,391,0,29534,1201,-359,131,388,5,123,0,0,0,1"
dengfoc,"SYNC_TRUTH,sequence=342909,truth_tick_us=686731589,mechanical_angle_rad=0.257708788,valid=1,read_failures=0"
dengfoc,"SYNC_TRUTH,sequence=342910,truth_tick_us=686733593,mechanical_angle_rad=0.343611717,valid=1,read_failures=0"
dengfoc,"SYNC_TRUTH,sequence=342911,truth_tick_us=686735589,mechanical_angle_rad=0.421844721,valid=1,read_failures=0"
dengfoc,"SYNC_TRUTH,sequence=342912,truth_tick_us=686737593,mechanical_angle_rad=0.501611710,valid=1,read_failures=0"
dengfoc,"SYNC_TRUTH,sequence=342913,truth_tick_us=686739589,mechanical_angle_rad=0.584446669,valid=1,read_failures=0"
dengfoc,"SYNC_TRUTH,sequence=342914,truth_tick_us=686741593,mechanical_angle_rad=0.665747702,valid=1,read_failures=0"
dengfoc,"SYNC_TRUTH,sequence=342915,truth_tick_us=686743589,mechanical_angle_rad=0.754718542,valid=1,read_failures=0"
dengfoc,"SYNC_TRUTH,sequence=342916,truth_tick_us=686745593,mechanical_angle_rad=0.843689442,valid=1,read_failures=0"
dengfoc,"SYNC_TRUTH,sequence=342917,truth_tick_us=686747589,mechanical_angle_rad=0.923456430,valid=1,read_failures=0"
dengfoc,"SYNC_TRUTH,sequence=342918,truth_tick_us=686749593,mechanical_angle_rad=1.004757404,valid=1,read_failures=0"
dengfoc,"SYNC_TRUTH,sequence=342919,truth_tick_us=686751589,mechanical_angle_rad=1.081456542,valid=1,read_failures=0"
dengfoc,"SYNC_TRUTH,sequence=342920,truth_tick_us=686753593,mechanical_angle_rad=1.167359471,valid=1,read_failures=0"
g431,"FTR,64560,4,599,-573,-26,0,800,0,677,-2250,5904,914,86,195,12159,4227,4227,4991,393,0,29534,868,-926,127,390,5,123,0,0,0,1"
dengfoc,"SYNC_TRUTH,sequence=342921,truth_tick_us=686755589,mechanical_angle_rad=1.259398222,valid=1,read_failures=0"
dengfoc,"SYNC_TRUTH,sequence=342922,truth_tick_us=686757593,mechanical_angle_rad=1.343767166,valid=1,read_failures=0"
dengfoc,"SYNC_TRUTH,sequence=342923,truth_tick_us=686759589,mechanical_angle_rad=1.428136110,valid=1,read_failures=0"
dengfoc,"SYNC_TRUTH,sequence=342924,truth_tick_us=686761593,mechanical_angle_rad=1.506369233,valid=1,read_failures=0"
dengfoc,"SYNC_TRUTH,sequence=342925,truth_tick_us=686763589,mechanical_angle_rad=1.590738177,valid=1,read_failures=0"
dengfoc,"SYNC_TRUTH,sequence=342926,truth_tick_us=686765593,mechanical_angle_rad=1.679708958,valid=1,read_failures=0"
dengfoc,"SYNC_TRUTH,sequence=342927,truth_tick_us=686767589,mechanical_angle_rad=1.767145872,valid=1,read_failures=0"
dengfoc,"SYNC_TRUTH,sequence=342928,truth_tick_us=686769593,mechanical_angle_rad=1.854582787,valid=1,read_failures=0"
g431,"FTR,64800,4,375,-666,290,0,800,-1,667,-2397,5831,949,51,548,12133,3737,3737,4501,397,0,29534,364,-1202,159,392,6,123,0,0,0,1"
dengfoc,"SYNC_TRUTH,sequence=342929,truth_tick_us=686771589,mechanical_angle_rad=1.934349775,valid=1,read_failures=0"
dengfoc,"SYNC_TRUTH,sequence=342930,truth_tick_us=686773593,mechanical_angle_rad=2.018718719,valid=1,read_failures=0"
dengfoc,"SYNC_TRUTH,sequence=342931,truth_tick_us=686775589,mechanical_angle_rad=2.103087664,valid=1,read_failures=0"
dengfoc,"SYNC_TRUTH,sequence=342932,truth_tick_us=686777593,mechanical_angle_rad=2.184388638,valid=1,read_failures=0"
dengfoc,"SYNC_TRUTH,sequence=342933,truth_tick_us=686779589,mechanical_angle_rad=2.271825552,valid=1,read_failures=0"
dengfoc,"SYNC_TRUTH,sequence=342934,truth_tick_us=686781593,mechanical_angle_rad=2.356194496,valid=1,read_failures=0"
dengfoc,"SYNC_TRUTH,sequence=342935,truth_tick_us=686783589,mechanical_angle_rad=2.435961485,valid=1,read_failures=0"
dengfoc,"SYNC_TRUTH,sequence=342936,truth_tick_us=686785593,mechanical_angle_rad=2.520330429,valid=1,read_failures=0"
dengfoc,"SYNC_TRUTH,sequence=342937,truth_tick_us=686787589,mechanical_angle_rad=2.598563433,valid=1,read_failures=0"
dengfoc,"SYNC_TRUTH,sequence=342938,truth_tick_us=686789593,mechanical_angle_rad=2.684466362,valid=1,read_failures=0"
dengfoc,"SYNC_TRUTH,sequence=342939,truth_tick_us=686791589,mechanical_angle_rad=2.770369291,valid=1,read_failures=0"
dengfoc,"SYNC_TRUTH,sequence=342940,truth_tick_us=686793593,mechanical_angle_rad=2.850136280,valid=1,read_failures=0"
g431,"FTR,65040,4,94,-610,516,0,800,-3,656,-2365,5859,889,110,890,12159,3280,3280,4045,399,0,29534,-223,-1239,142,395,5,123,0,0,0,1"
dengfoc,"SYNC_TRUTH,sequence=342941,truth_tick_us=686795589,mechanical_angle_rad=2.932971239,valid=1,read_failures=0"
dengfoc,"SYNC_TRUTH,sequence=342942,truth_tick_us=686797593,mechanical_angle_rad=3.018874168,valid=1,read_failures=0"
dengfoc,"SYNC_TRUTH,sequence=342943,truth_tick_us=686799589,mechanical_angle_rad=3.097107410,valid=1,read_failures=0"
dengfoc,"SYNC_TRUTH,sequence=342944,truth_tick_us=686801593,mechanical_angle_rad=3.178408384,valid=1,read_failures=0"
dengfoc,"SYNC_TRUTH,sequence=342945,truth_tick_us=686803589,mechanical_angle_rad=3.256641388,valid=1,read_failures=0"
dengfoc,"SYNC_TRUTH,sequence=342946,truth_tick_us=686805593,mechanical_angle_rad=3.342544317,valid=1,read_failures=0"
dengfoc,"SYNC_TRUTH,sequence=342947,truth_tick_us=686807589,mechanical_angle_rad=3.429981232,valid=1,read_failures=0"
dengfoc,"SYNC_TRUTH,sequence=342948,truth_tick_us=686809593,mechanical_angle_rad=3.512816191,valid=1,read_failures=0"
g431,"FTR,65280,4,-184,-458,642,0,800,-1,661,-2439,5835,588,53,947,12172,2858,2858,3624,401,0,29534,-698,-1041,151,397,5,123,0,0,0,1"
dengfoc,"SYNC_TRUTH,sequence=342949,truth_tick_us=686811589,mechanical_angle_rad=3.597185135,valid=1,read_failures=0"
dengfoc,"SYNC_TRUTH,sequence=342950,truth_tick_us=686813593,mechanical_angle_rad=3.673884153,valid=1,read_failures=0"
dengfoc,"SYNC_TRUTH,sequence=342951,truth_tick_us=686815589,mechanical_angle_rad=3.758253098,valid=1,read_failures=0"
dengfoc,"SYNC_TRUTH,sequence=342952,truth_tick_us=686817593,mechanical_angle_rad=3.844156027,valid=1,read_failures=0"
dengfoc,"SYNC_TRUTH,sequence=342953,truth_tick_us=686819589,mechanical_angle_rad=3.930058956,valid=1,read_failures=0"
dengfoc,"SYNC_TRUTH,sequence=342954,truth_tick_us=686821593,mechanical_angle_rad=4.015961647,valid=1,read_failures=0"
dengfoc,"SYNC_TRUTH,sequence=342955,truth_tick_us=686823589,mechanical_angle_rad=4.094194889,valid=1,read_failures=0"
dengfoc,"SYNC_TRUTH,sequence=342956,truth_tick_us=686825593,mechanical_angle_rad=4.177029610,valid=1,read_failures=0"
dengfoc,"SYNC_TRUTH,sequence=342957,truth_tick_us=686827589,mechanical_angle_rad=4.264466763,valid=1,read_failures=0"
dengfoc,"SYNC_TRUTH,sequence=342958,truth_tick_us=686829593,mechanical_angle_rad=4.351903439,valid=1,read_failures=0"
dengfoc,"SYNC_TRUTH,sequence=342959,truth_tick_us=686831589,mechanical_angle_rad=4.442408562,valid=1,read_failures=0"
dengfoc,"SYNC_TRUTH,sequence=342960,truth_tick_us=686833593,mechanical_angle_rad=4.528311253,valid=1,read_failures=0"
g431,"FTR,65520,4,-415,-241,656,0,800,3,664,-2427,5841,287,67,933,12172,2471,2471,3237,403,0,29534,-1050,-688,138,400,5,123,0,0,0,1"
dengfoc,"SYNC_TRUTH,sequence=342961,truth_tick_us=686835589,mechanical_angle_rad=4.608078480,valid=1,read_failures=0"
dengfoc,"SYNC_TRUTH,sequence=342962,truth_tick_us=686837593,mechanical_angle_rad=4.693981171,valid=1,read_failures=0"
dengfoc,"SYNC_TRUTH,sequence=342963,truth_tick_us=686839589,mechanical_angle_rad=4.776816368,valid=1,read_failures=0"
dengfoc,"SYNC_TRUTH,sequence=342964,truth_tick_us=686841593,mechanical_angle_rad=4.870388985,valid=1,read_failures=0"
dengfoc,"SYNC_TRUTH,sequence=342965,truth_tick_us=686843589,mechanical_angle_rad=4.960894108,valid=1,read_failures=0"
dengfoc,"SYNC_TRUTH,sequence=342966,truth_tick_us=686845593,mechanical_angle_rad=5.039126873,valid=1,read_failures=0"
dengfoc,"SYNC_TRUTH,sequence=342967,truth_tick_us=686847589,mechanical_angle_rad=5.125030041,valid=1,read_failures=0"
g431,"FTR,65760,4,-571,-13,584,0,800,2,667,-2323,5861,85,197,915,12133,2117,2117,2885,405,0,29534,-1225,-274,130,402,5,123,0,0,0,1"
dengfoc,"SYNC_TRUTH,sequence=342968,truth_tick_us=686849593,mechanical_angle_rad=5.212466717,valid=1,read_failures=0"
dengfoc,"SYNC_TRUTH,sequence=342969,truth_tick_us=686851589,mechanical_angle_rad=5.298369884,valid=1,read_failures=0"
dengfoc,"SYNC_TRUTH,sequence=342970,truth_tick_us=686853593,mechanical_angle_rad=5.388874531,valid=1,read_failures=0"
dengfoc,"SYNC_TRUTH,sequence=342971,truth_tick_us=686855589,mechanical_angle_rad=5.470175743,valid=1,read_failures=0"
dengfoc,"SYNC_TRUTH,sequence=342972,truth_tick_us=686857593,mechanical_angle_rad=5.557612419,valid=1,read_failures=0"
dengfoc,"SYNC_TRUTH,sequence=342973,truth_tick_us=686859589,mechanical_angle_rad=5.641981602,valid=1,read_failures=0"
dengfoc,"SYNC_TRUTH,sequence=342974,truth_tick_us=686861593,mechanical_angle_rad=5.723282337,valid=1,read_failures=0"
dengfoc,"SYNC_TRUTH,sequence=342975,truth_tick_us=686863589,mechanical_angle_rad=5.810719490,valid=1,read_failures=0"
dengfoc,"SYNC_TRUTH,sequence=342976,truth_tick_us=686865593,mechanical_angle_rad=5.890486240,valid=1,read_failures=0"
dengfoc,"SYNC_TRUTH,sequence=342977,truth_tick_us=686867589,mechanical_angle_rad=5.977923393,valid=1,read_failures=0"
dengfoc,"SYNC_TRUTH,sequence=342978,truth_tick_us=686869593,mechanical_angle_rad=6.065360069,valid=1,read_failures=0"
dengfoc,"SYNC_TRUTH,sequence=342979,truth_tick_us=686871589,mechanical_angle_rad=6.148195267,valid=1,read_failures=0"
g431,"FTR,66000,4,-646,188,458,0,800,-7,665,-2363,5867,52,433,948,12172,1797,1797,2567,409,0,29534,-1241,89,157,404,5,123,0,0,0,1"
dengfoc,"SYNC_TRUTH,sequence=342980,truth_tick_us=686873593,mechanical_angle_rad=6.235631943,valid=1,read_failures=0"
dengfoc,"SYNC_TRUTH,sequence=342981,truth_tick_us=686875589,mechanical_angle_rad=0.032213598,valid=1,read_failures=0"
dengfoc,"SYNC_TRUTH,sequence=342982,truth_tick_us=686877597,mechanical_angle_rad=0.119650505,valid=1,read_failures=0"
dengfoc,"SYNC_TRUTH,sequence=342983,truth_tick_us=686879589,mechanical_angle_rad=0.207087412,valid=1,read_failures=0"
dengfoc,"SYNC_TRUTH,sequence=342984,truth_tick_us=686881593,mechanical_angle_rad=0.291456372,valid=1,read_failures=0"
dengfoc,"SYNC_TRUTH,sequence=342985,truth_tick_us=686883589,mechanical_angle_rad=0.378893256,valid=1,read_failures=0"
dengfoc,"SYNC_TRUTH,sequence=342986,truth_tick_us=686885593,mechanical_angle_rad=0.464796185,valid=1,read_failures=0"
dengfoc,"SYNC_ANCHOR_RX,session=2026100505,edge_sequence=5011,edge_tag=911,truth_tick_us=686875976,source=2,flags=0x00000003"
dengfoc,"SYNC_TRUTH,sequence=342987,truth_tick_us=686888597,mechanical_angle_rad=0.587514639,valid=1,read_failures=0"
dengfoc,"SYNC_TRUTH,sequence=342988,truth_tick_us=686890593,mechanical_angle_rad=0.678019524,valid=1,read_failures=0"
dengfoc,"SYNC_TRUTH,sequence=342989,truth_tick_us=686892589,mechanical_angle_rad=0.765456438,valid=1,read_failures=0"
dengfoc,"SYNC_TRUTH,sequence=342990,truth_tick_us=686894593,mechanical_angle_rad=0.859029293,valid=1,read_failures=0"
dengfoc,"SYNC_TRUTH,sequence=342991,truth_tick_us=686896589,mechanical_angle_rad=0.941864252,valid=1,read_failures=0"
g431,"FTR,66240,4,-662,364,298,0,800,-1,663,-2421,5843,58,647,942,12172,1512,1512,2282,411,0,29534,-1153,442,148,407,5,123,0,0,0,1"
dengfoc,"SYNC_TRUTH,sequence=342992,truth_tick_us=686898593,mechanical_angle_rad=1.026233196,valid=1,read_failures=0"
dengfoc,"SYNC_TRUTH,sequence=342993,truth_tick_us=686900589,mechanical_angle_rad=1.113670111,valid=1,read_failures=0"
dengfoc,"SYNC_TRUTH,sequence=342994,truth_tick_us=686902593,mechanical_angle_rad=1.199573040,valid=1,read_failures=0"
dengfoc,"SYNC_TRUTH,sequence=342995,truth_tick_us=686904589,mechanical_angle_rad=1.293145895,valid=1,read_failures=0"
dengfoc,"SYNC_TRUTH,sequence=342996,truth_tick_us=686906593,mechanical_angle_rad=1.383650661,valid=1,read_failures=0"
dengfoc,"SYNC_TRUTH,sequence=342997,truth_tick_us=686908589,mechanical_angle_rad=1.466485620,valid=1,read_failures=0"
dengfoc,"SYNC_TRUTH,sequence=342998,truth_tick_us=686910593,mechanical_angle_rad=1.555456519,valid=1,read_failures=0"
g431,"FTR,66480,4,-640,498,142,0,800,0,672,-2449,5824,92,829,908,12159,1261,1261,2032,413,0,29534,-1009,694,161,409,5,123,0,0,0,1"
dengfoc,"SYNC_TRUTH,sequence=342999,truth_tick_us=686912589,mechanical_angle_rad=1.639825463,valid=1,read_failures=0"
dengfoc,"SYNC_TRUTH,sequence=343000,truth_tick_us=686914593,mechanical_angle_rad=1.734932303,valid=1,read_failures=0"
dengfoc,"SYNC_TRUTH,sequence=343001,truth_tick_us=686916589,mechanical_angle_rad=1.828505158,valid=1,read_failures=0"
dengfoc,"SYNC_TRUTH,sequence=343002,truth_tick_us=686918593,mechanical_angle_rad=1.912874103,valid=1,read_failures=0"
dengfoc,"SYNC_TRUTH,sequence=343003,truth_tick_us=686920589,mechanical_angle_rad=2.000310898,valid=1,read_failures=0"
dengfoc,"SYNC_TRUTH,sequence=343004,truth_tick_us=686922593,mechanical_angle_rad=2.081611872,valid=1,read_failures=0"
dengfoc,"SYNC_TRUTH,sequence=343005,truth_tick_us=686924589,mechanical_angle_rad=2.173650742,valid=1,read_failures=0"
dengfoc,"SYNC_TRUTH,sequence=343006,truth_tick_us=686926593,mechanical_angle_rad=2.264155626,valid=1,read_failures=0"
dengfoc,"SYNC_TRUTH,sequence=343007,truth_tick_us=686928589,mechanical_angle_rad=2.346990585,valid=1,read_failures=0"
dengfoc,"SYNC_TRUTH,sequence=343008,truth_tick_us=686930593,mechanical_angle_rad=2.435961485,valid=1,read_failures=0"
dengfoc,"SYNC_TRUTH,sequence=343009,truth_tick_us=686932589,mechanical_angle_rad=2.523398399,valid=1,read_failures=0"
dengfoc,"SYNC_TRUTH,sequence=343010,truth_tick_us=686934593,mechanical_angle_rad=2.606233358,valid=1,read_failures=0"
g431,"FTR,66720,4,-579,578,2,0,800,-4,668,-2524,5799,87,913,809,12172,1044,1044,1815,416,0,29534,-832,889,163,411,5,123,0,0,0,1"
dengfoc,"SYNC_TRUTH,sequence=343011,truth_tick_us=686936589,mechanical_angle_rad=2.695204258,valid=1,read_failures=0"
dengfoc,"SYNC_TRUTH,sequence=343012,truth_tick_us=686938593,mechanical_angle_rad=2.778039217,valid=1,read_failures=0"
dengfoc,"SYNC_TRUTH,sequence=343013,truth_tick_us=686940589,mechanical_angle_rad=2.867010117,valid=1,read_failures=0"
dengfoc,"SYNC_TRUTH,sequence=343014,truth_tick_us=686942593,mechanical_angle_rad=2.954447031,valid=1,read_failures=0"
dengfoc,"SYNC_TRUTH,sequence=343015,truth_tick_us=686944589,mechanical_angle_rad=3.037281990,valid=1,read_failures=0"
dengfoc,"SYNC_TRUTH,sequence=343016,truth_tick_us=686946593,mechanical_angle_rad=3.123184919,valid=1,read_failures=0"
dengfoc,"SYNC_TRUTH,sequence=343017,truth_tick_us=686948589,mechanical_angle_rad=3.204485893,valid=1,read_failures=0"
g431,"FTR,66960,4,-503,624,-121,0,800,-1,662,-2548,5781,62,938,677,12159,861,861,1632,418,0,29534,-646,1036,150,414,5,123,0,0,0,1"
dengfoc,"SYNC_TRUTH,sequence=343018,truth_tick_us=686950593,mechanical_angle_rad=3.291922808,valid=1,read_failures=0"
dengfoc,"SYNC_TRUTH,sequence=343019,truth_tick_us=686952589,mechanical_angle_rad=3.382427692,valid=1,read_failures=0"
dengfoc,"SYNC_TRUTH,sequence=343020,truth_tick_us=686954593,mechanical_angle_rad=3.468330622,valid=1,read_failures=0"
dengfoc,"SYNC_TRUTH,sequence=343021,truth_tick_us=686956589,mechanical_angle_rad=3.558835506,valid=1,read_failures=0"
dengfoc,"SYNC_TRUTH,sequence=343022,truth_tick_us=686958593,mechanical_angle_rad=3.644738436,valid=1,read_failures=0"
dengfoc,"SYNC_TRUTH,sequence=343023,truth_tick_us=686960589,mechanical_angle_rad=3.726039410,valid=1,read_failures=0"
dengfoc,"SYNC_TRUTH,sequence=343024,truth_tick_us=686962593,mechanical_angle_rad=3.815010309,valid=1,read_failures=0"
dengfoc,"SYNC_TRUTH,sequence=343025,truth_tick_us=686964589,mechanical_angle_rad=3.902447224,valid=1,read_failures=0"
dengfoc,"SYNC_TRUTH,sequence=343026,truth_tick_us=686966593,mechanical_angle_rad=3.992952108,valid=1,read_failures=0"
dengfoc,"SYNC_TRUTH,sequence=343027,truth_tick_us=686968589,mechanical_angle_rad=4.080389023,valid=1,read_failures=0"
dengfoc,"SYNC_TRUTH,sequence=343028,truth_tick_us=686970593,mechanical_angle_rad=4.163223743,valid=1,read_failures=0"
dengfoc,"SYNC_TRUTH,sequence=343029,truth_tick_us=686972589,mechanical_angle_rad=4.253728867,valid=1,read_failures=0"
dengfoc,"SYNC_TRUTH,sequence=343030,truth_tick_us=686974593,mechanical_angle_rad=4.341165543,valid=1,read_failures=0"
g431,"FTR,67200,4,-439,659,-220,0,800,0,671,-2581,5774,52,948,567,12172,712,712,1485,420,0,29534,-490,1113,156,416,5,123,0,0,0,1"
dengfoc,"SYNC_TRUTH,sequence=343031,truth_tick_us=686976589,mechanical_angle_rad=4.436272621,valid=1,read_failures=0"
dengfoc,"SYNC_TRUTH,sequence=343032,truth_tick_us=686978593,mechanical_angle_rad=4.528311253,valid=1,read_failures=0"
dengfoc,"SYNC_TRUTH,sequence=343033,truth_tick_us=686980589,mechanical_angle_rad=4.611146450,valid=1,read_failures=0"
dengfoc,"SYNC_TRUTH,sequence=343034,truth_tick_us=686982593,mechanical_angle_rad=4.700117111,valid=1,read_failures=0"
dengfoc,"SYNC_TRUTH,sequence=343035,truth_tick_us=686984589,mechanical_angle_rad=4.792156219,valid=1,read_failures=0"
dengfoc,"SYNC_TRUTH,sequence=343036,truth_tick_us=686986593,mechanical_angle_rad=4.884194851,valid=1,read_failures=0"
dengfoc,"SYNC_TRUTH,sequence=343037,truth_tick_us=686988589,mechanical_angle_rad=4.976233959,valid=1,read_failures=0"
g431,"FTR,67440,4,-378,667,-289,0,800,-2,669,-2621,5756,50,950,483,12172,598,598,1371,422,0,29534,-360,1160,156,418,5,123,0,0,0,1"
dengfoc,"SYNC_TRUTH,sequence=343038,truth_tick_us=686990593,mechanical_angle_rad=5.059068680,valid=1,read_failures=0"
dengfoc,"SYNC_TRUTH,sequence=343039,truth_tick_us=686992589,mechanical_angle_rad=5.149573803,valid=1,read_failures=0"
dengfoc,"SYNC_TRUTH,sequence=343040,truth_tick_us=686994593,mechanical_angle_rad=5.240078449,valid=1,read_failures=0"
dengfoc,"SYNC_TRUTH,sequence=343041,truth_tick_us=686996589,mechanical_angle_rad=5.329049587,valid=1,read_failures=0"
dengfoc,"SYNC_TRUTH,sequence=343042,truth_tick_us=686998593,mechanical_angle_rad=5.422622204,valid=1,read_failures=0"
dengfoc,"SYNC_TRUTH,sequence=343043,truth_tick_us=687000589,mechanical_angle_rad=5.506991386,valid=1,read_failures=0"
dengfoc,"SYNC_TRUTH,sequence=343044,truth_tick_us=687002593,mechanical_angle_rad=5.597496033,valid=1,read_failures=0"
dengfoc,"SYNC_TRUTH,sequence=343045,truth_tick_us=687004589,mechanical_angle_rad=5.686467171,valid=1,read_failures=0"
dengfoc,"SYNC_TRUTH,sequence=343046,truth_tick_us=687006593,mechanical_angle_rad=5.772369862,valid=1,read_failures=0"
dengfoc,"SYNC_TRUTH,sequence=343047,truth_tick_us=687008589,mechanical_angle_rad=5.861340523,valid=1,read_failures=0"
dengfoc,"SYNC_TRUTH,sequence=343048,truth_tick_us=687010593,mechanical_angle_rad=5.950311661,valid=1,read_failures=0"
dengfoc,"SYNC_TRUTH,sequence=343049,truth_tick_us=687012589,mechanical_angle_rad=6.036214352,valid=1,read_failures=0"
g431,"FTR,67680,4,-327,664,-337,0,800,2,664,-2614,5744,52,948,420,12146,518,518,1290,424,0,29534,-251,1191,143,421,5,123,0,0,0,1"
dengfoc,"SYNC_TRUTH,sequence=343050,truth_tick_us=687014593,mechanical_angle_rad=6.126719475,valid=1,read_failures=0"
dengfoc,"SYNC_TRUTH,sequence=343051,truth_tick_us=687016589,mechanical_angle_rad=6.212622166,valid=1,read_failures=0"
dengfoc,"SYNC_TRUTH,sequence=343052,truth_tick_us=687018593,mechanical_angle_rad=0.019941751,valid=1,read_failures=0"
dengfoc,"SYNC_TRUTH,sequence=343053,truth_tick_us=687020589,mechanical_angle_rad=0.110446617,valid=1,read_failures=0"
dengfoc,"SYNC_TRUTH,sequence=343054,truth_tick_us=687022593,mechanical_angle_rad=0.196349546,valid=1,read_failures=0"
dengfoc,"SYNC_TRUTH,sequence=343055,truth_tick_us=687024589,mechanical_angle_rad=0.288388401,valid=1,read_failures=0"
dengfoc,"SYNC_TRUTH,sequence=343056,truth_tick_us=687026593,mechanical_angle_rad=0.374291331,valid=1,read_failures=0"
g431,"FTR,67920,4,-298,670,-372,0,800,7,672,-2615,5751,55,945,384,12159,471,471,1245,427,0,29534,-195,1201,141,423,5,123,0,0,0,1"
dengfoc,"SYNC_TRUTH,sequence=343057,truth_tick_us=687028589,mechanical_angle_rad=0.463262200,valid=1,read_failures=0"
dengfoc,"SYNC_TRUTH,sequence=343058,truth_tick_us=687030593,mechanical_angle_rad=0.552233100,valid=1,read_failures=0"
dengfoc,"SYNC_TRUTH,sequence=343059,truth_tick_us=687032589,mechanical_angle_rad=0.638136029,valid=1,read_failures=0"
dengfoc,"SYNC_TRUTH,sequence=343060,truth_tick_us=687034593,mechanical_angle_rad=0.733242810,valid=1,read_failures=0"
dengfoc,"SYNC_TRUTH,sequence=343061,truth_tick_us=687036589,mechanical_angle_rad=0.831417620,valid=1,read_failures=0"
dengfoc,"SYNC_TRUTH,sequence=343062,truth_tick_us=687038593,mechanical_angle_rad=0.918854535,valid=1,read_failures=0"
dengfoc,"SYNC_TRUTH,sequence=343063,truth_tick_us=687040589,mechanical_angle_rad=1.009359360,valid=1,read_failures=0"
dengfoc,"SYNC_TRUTH,sequence=343064,truth_tick_us=687042593,mechanical_angle_rad=1.093728304,valid=1,read_failures=0"
dengfoc,"SYNC_TRUTH,sequence=343065,truth_tick_us=687044589,mechanical_angle_rad=1.187301159,valid=1,read_failures=0"
dengfoc,"SYNC_TRUTH,sequence=343066,truth_tick_us=687046593,mechanical_angle_rad=1.283941984,valid=1,read_failures=0"
dengfoc,"SYNC_TRUTH,sequence=343067,truth_tick_us=687048589,mechanical_angle_rad=1.372912884,valid=1,read_failures=0"
dengfoc,"SYNC_TRUTH,sequence=343068,truth_tick_us=687050593,mechanical_angle_rad=1.463417768,valid=1,read_failures=0"
g431,"FTR,68160,4,-297,667,-370,0,800,0,669,-2672,5740,55,945,382,12185,460,460,1234,430,0,29534,-201,1191,160,425,5,123,0,0,0,1"
dengfoc,"SYNC_TRUTH,sequence=343069,truth_tick_us=687052589,mechanical_angle_rad=1.550854564,valid=1,read_failures=0"
dengfoc,"SYNC_TRUTH,sequence=343070,truth_tick_us=687054593,mechanical_angle_rad=1.645961404,valid=1,read_failures=0"
dengfoc,"SYNC_TRUTH,sequence=343071,truth_tick_us=687056589,mechanical_angle_rad=1.744136214,valid=1,read_failures=0"
dengfoc,"SYNC_TRUTH,sequence=343072,truth_tick_us=687058593,mechanical_angle_rad=1.834641099,valid=1,read_failures=0"
dengfoc,"SYNC_TRUTH,sequence=343073,truth_tick_us=687060589,mechanical_angle_rad=1.928213954,valid=1,read_failures=0"
dengfoc,"SYNC_TRUTH,sequence=343074,truth_tick_us=687062593,mechanical_angle_rad=2.020252705,valid=1,read_failures=0"
dengfoc,"SYNC_TRUTH,sequence=343075,truth_tick_us=687064589,mechanical_angle_rad=2.106155634,valid=1,read_failures=0"
dengfoc,"SYNC_TRUTH,sequence=343076,truth_tick_us=687066593,mechanical_angle_rad=2.201262474,valid=1,read_failures=0"
dengfoc,"SYNC_TRUTH,sequence=343077,truth_tick_us=687068589,mechanical_angle_rad=2.287165403,valid=1,read_failures=0"
dengfoc,"SYNC_TRUTH,sequence=343078,truth_tick_us=687070593,mechanical_angle_rad=2.379204273,valid=1,read_failures=0"
dengfoc,"SYNC_TRUTH,sequence=343079,truth_tick_us=687072589,mechanical_angle_rad=2.469709158,valid=1,read_failures=0"
dengfoc,"SYNC_TRUTH,sequence=343080,truth_tick_us=687074593,mechanical_angle_rad=2.557146072,valid=1,read_failures=0"
dengfoc,"SYNC_TRUTH,sequence=343081,truth_tick_us=687076589,mechanical_angle_rad=2.649184942,valid=1,read_failures=0"
g431,"FTR,68400,4,-303,664,-361,0,800,5,665,-2692,5723,54,946,402,12172,482,482,1258,432,0,29534,-218,1191,149,428,5,123,0,0,0,1"
dengfoc,"SYNC_TRUTH,sequence=343082,truth_tick_us=687078593,mechanical_angle_rad=2.736621857,valid=1,read_failures=0"
dengfoc,"SYNC_TRUTH,sequence=343083,truth_tick_us=687080589,mechanical_angle_rad=2.828660727,valid=1,read_failures=0"
dengfoc,"SYNC_TRUTH,sequence=343084,truth_tick_us=687082593,mechanical_angle_rad=2.919165611,valid=1,read_failures=0"
dengfoc,"SYNC_TRUTH,sequence=343085,truth_tick_us=687084589,mechanical_angle_rad=3.005068541,valid=1,read_failures=0"
dengfoc,"SYNC_TRUTH,sequence=343086,truth_tick_us=687086593,mechanical_angle_rad=3.097107410,valid=1,read_failures=0"
dengfoc,"SYNC_TRUTH,sequence=343087,truth_tick_us=687088589,mechanical_angle_rad=3.184544086,valid=1,read_failures=0"
dengfoc,"SYNC_TRUTH,sequence=343088,truth_tick_us=687090593,mechanical_angle_rad=3.268913269,valid=1,read_failures=0"
g431,"FTR,68640,4,-337,662,-326,0,800,3,662,-2647,5744,51,949,440,12172,538,538,1315,434,0,29534,-274,1176,140,430,5,123,0,0,0,1"
dengfoc,"SYNC_TRUTH,sequence=343089,truth_tick_us=687092589,mechanical_angle_rad=3.362485886,valid=1,read_failures=0"
dengfoc,"SYNC_TRUTH,sequence=343090,truth_tick_us=687094593,mechanical_angle_rad=3.451456785,valid=1,read_failures=0"
dengfoc,"SYNC_TRUTH,sequence=343091,truth_tick_us=687096589,mechanical_angle_rad=3.545029640,valid=1,read_failures=0"
dengfoc,"SYNC_TRUTH,sequence=343092,truth_tick_us=687098593,mechanical_angle_rad=3.637068510,valid=1,read_failures=0"
dengfoc,"SYNC_TRUTH,sequence=343093,truth_tick_us=687100589,mechanical_angle_rad=3.722971439,valid=1,read_failures=0"
dengfoc,"SYNC_TRUTH,sequence=343094,truth_tick_us=687102593,mechanical_angle_rad=3.815010309,valid=1,read_failures=0"
dengfoc,"SYNC_TRUTH,sequence=343095,truth_tick_us=687104589,mechanical_angle_rad=3.903981209,valid=1,read_failures=0"
dengfoc,"SYNC_TRUTH,sequence=343096,truth_tick_us=687106593,mechanical_angle_rad=3.999088049,valid=1,read_failures=0"
dengfoc,"SYNC_TRUTH,sequence=343097,truth_tick_us=687108589,mechanical_angle_rad=4.088058949,valid=1,read_failures=0"
dengfoc,"SYNC_TRUTH,sequence=343098,truth_tick_us=687110593,mechanical_angle_rad=4.173961639,valid=1,read_failures=0"
dengfoc,"SYNC_TRUTH,sequence=343099,truth_tick_us=687112589,mechanical_angle_rad=4.267534733,valid=1,read_failures=0"
dengfoc,"SYNC_TRUTH,sequence=343100,truth_tick_us=687114593,mechanical_angle_rad=4.367243290,valid=1,read_failures=0"
g431,"FTR,68880,4,-391,661,-270,0,800,0,664,-2686,5711,50,950,516,12146,629,629,1407,436,0,29534,-392,1135,152,432,5,123,0,0,0,1"
dengfoc,"SYNC_TRUTH,sequence=343101,truth_tick_us=687116589,mechanical_angle_rad=4.459282398,valid=1,read_failures=0"
dengfoc,"SYNC_TRUTH,sequence=343102,truth_tick_us=687118593,mechanical_angle_rad=4.552855015,valid=1,read_failures=0"
dengfoc,"SYNC_TRUTH,sequence=343103,truth_tick_us=687120589,mechanical_angle_rad=4.640292168,valid=1,read_failures=0"
dengfoc,"SYNC_TRUTH,sequence=343104,truth_tick_us=687122593,mechanical_angle_rad=4.733864784,valid=1,read_failures=0"
dengfoc,"SYNC_TRUTH,sequence=343105,truth_tick_us=687124589,mechanical_angle_rad=4.832039833,valid=1,read_failures=0"
dengfoc,"SYNC_TRUTH,sequence=343106,truth_tick_us=687126593,mechanical_angle_rad=4.924078465,valid=1,read_failures=0"
dengfoc,"SYNC_TRUTH,sequence=343107,truth_tick_us=687128589,mechanical_angle_rad=5.017651081,valid=1,read_failures=0"
g431,"FTR,69120,4,-456,646,-190,0,800,-2,664,-2657,5717,54,946,610,12133,754,754,1533,439,0,29534,-540,1064,163,435,5,123,0,0,0,1"
dengfoc,"SYNC_TRUTH,sequence=343108,truth_tick_us=687130593,mechanical_angle_rad=5.109690189,valid=1,read_failures=0"
dengfoc,"SYNC_TRUTH,sequence=343109,truth_tick_us=687132589,mechanical_angle_rad=5.198660851,valid=1,read_failures=0"
dengfoc,"SYNC_TRUTH,sequence=343110,truth_tick_us=687134593,mechanical_angle_rad=5.295301914,valid=1,read_failures=0"
dengfoc,"SYNC_TRUTH,sequence=343111,truth_tick_us=687136589,mechanical_angle_rad=5.387340546,valid=1,read_failures=0"
dengfoc,"SYNC_TRUTH,sequence=343112,truth_tick_us=687138593,mechanical_angle_rad=5.482447624,valid=1,read_failures=0"
dengfoc,"SYNC_TRUTH,sequence=343113,truth_tick_us=687140589,mechanical_angle_rad=5.576020241,valid=1,read_failures=0"
dengfoc,"SYNC_TRUTH,sequence=343114,truth_tick_us=687142593,mechanical_angle_rad=5.663457394,valid=1,read_failures=0"
dengfoc,"SYNC_TRUTH,sequence=343115,truth_tick_us=687144589,mechanical_angle_rad=5.757030010,valid=1,read_failures=0"
dengfoc,"SYNC_TRUTH,sequence=343116,truth_tick_us=687146593,mechanical_angle_rad=5.844467163,valid=1,read_failures=0"
dengfoc,"SYNC_TRUTH,sequence=343117,truth_tick_us=687148589,mechanical_angle_rad=5.936505795,valid=1,read_failures=0"
dengfoc,"SYNC_TRUTH,sequence=343118,truth_tick_us=687150593,mechanical_angle_rad=6.030078411,valid=1,read_failures=0"
dengfoc,"SYNC_TRUTH,sequence=343119,truth_tick_us=687152589,mechanical_angle_rad=6.117515564,valid=1,read_failures=0"
g431,"FTR,69360,4,-522,608,-86,0,800,-2,658,-2675,5724,70,930,732,12159,913,913,1692,441,0,29534,-697,968,159,437,5,123,0,0,0,1"
dengfoc,"SYNC_TRUTH,sequence=343120,truth_tick_us=687154593,mechanical_angle_rad=6.214156151,valid=1,read_failures=0"
dengfoc,"SYNC_TRUTH,sequence=343121,truth_tick_us=687156589,mechanical_angle_rad=0.018407770,valid=1,read_failures=0"
dengfoc,"SYNC_TRUTH,sequence=343122,truth_tick_us=687158593,mechanical_angle_rad=0.113514580,valid=1,read_failures=0"
dengfoc,"SYNC_TRUTH,sequence=343123,truth_tick_us=687160589,mechanical_angle_rad=0.208621398,valid=1,read_failures=0"
dengfoc,"SYNC_TRUTH,sequence=343124,truth_tick_us=687162593,mechanical_angle_rad=0.299126267,valid=1,read_failures=0"
dengfoc,"SYNC_TRUTH,sequence=343125,truth_tick_us=687164589,mechanical_angle_rad=0.392699093,valid=1,read_failures=0"
dengfoc,"SYNC_TRUTH,sequence=343126,truth_tick_us=687166593,mechanical_angle_rad=0.483203948,valid=1,read_failures=0"
dengfoc,"SYNC_TRUTH,sequence=343127,truth_tick_us=687168589,mechanical_angle_rad=0.570640862,valid=1,read_failures=0"
g431,"FTR,69600,4,-581,551,30,0,800,8,654,-2700,5727,105,895,873,12185,1106,1106,1886,443,0,29534,-868,817,157,439,5,123,0,0,0,1"
dengfoc,"SYNC_TRUTH,sequence=343128,truth_tick_us=687170593,mechanical_angle_rad=0.667281687,valid=1,read_failures=0"
dengfoc,"SYNC_TRUTH,sequence=343129,truth_tick_us=687172589,mechanical_angle_rad=0.760854483,valid=1,read_failures=0"
dengfoc,"SYNC_TRUTH,sequence=343130,truth_tick_us=687174593,mechanical_angle_rad=0.860563219,valid=1,read_failures=0"
dengfoc,"SYNC_TRUTH,sequence=343131,truth_tick_us=687176589,mechanical_angle_rad=0.957204044,valid=1,read_failures=0"
dengfoc,"SYNC_TRUTH,sequence=343132,truth_tick_us=687178593,mechanical_angle_rad=1.044640899,valid=1,read_failures=0"
dengfoc,"SYNC_TRUTH,sequence=343133,truth_tick_us=687180589,mechanical_angle_rad=1.139747739,valid=1,read_failures=0"
dengfoc,"SYNC_TRUTH,sequence=343134,truth_tick_us=687182593,mechanical_angle_rad=1.239456534,valid=1,read_failures=0"
dengfoc,"SYNC_TRUTH,sequence=343135,truth_tick_us=687184589,mechanical_angle_rad=1.331495404,valid=1,read_failures=0"
dengfoc,"SYNC_TRUTH,sequence=343136,truth_tick_us=687186593,mechanical_angle_rad=1.426602125,valid=1,read_failures=0"
dengfoc,"SYNC_TRUTH,sequence=343137,truth_tick_us=687188589,mechanical_angle_rad=1.517107010,valid=1,read_failures=0"
dengfoc,"SYNC_TRUTH,sequence=343138,truth_tick_us=687190593,mechanical_angle_rad=1.613747835,valid=1,read_failures=0"
dengfoc,"SYNC_TRUTH,sequence=343139,truth_tick_us=687192589,mechanical_angle_rad=1.714990616,valid=1,read_failures=0"
g431,"FTR,69840,4,-646,456,190,0,800,-3,664,-2601,5765,75,758,925,12172,1333,1333,2115,446,0,29534,-1033,589,165,442,5,123,0,0,0,1"
dengfoc,"SYNC_TRUTH,sequence=343140,truth_tick_us=687194593,mechanical_angle_rad=1.810097337,valid=1,read_failures=0"
dengfoc,"SYNC_TRUTH,sequence=343141,truth_tick_us=687196589,mechanical_angle_rad=1.908272147,valid=1,read_failures=0"
dengfoc,"SYNC_TRUTH,sequence=343142,truth_tick_us=687198593,mechanical_angle_rad=1.997243047,valid=1,read_failures=0"
dengfoc,"SYNC_TRUTH,sequence=343143,truth_tick_us=687200589,mechanical_angle_rad=2.092349768,valid=1,read_failures=0"
dengfoc,"SYNC_TRUTH,sequence=343144,truth_tick_us=687202593,mechanical_angle_rad=2.190524578,valid=1,read_failures=0"
dengfoc,"SYNC_TRUTH,sequence=343145,truth_tick_us=687204589,mechanical_angle_rad=2.279495478,valid=1,read_failures=0"
dengfoc,"SYNC_TRUTH,sequence=343146,truth_tick_us=687206593,mechanical_angle_rad=2.374602318,valid=1,read_failures=0"
g431,"FTR,70080,4,-656,316,340,0,800,2,656,-2653,5741,51,552,949,12172,1594,1594,2378,448,0,29534,-1153,309,159,444,5,123,0,0,0,1"
dengfoc,"SYNC_TRUTH,sequence=343147,truth_tick_us=687208589,mechanical_angle_rad=2.463573217,valid=1,read_failures=0"
dengfoc,"SYNC_TRUTH,sequence=343148,truth_tick_us=687210593,mechanical_angle_rad=2.558680058,valid=1,read_failures=0"
dengfoc,"SYNC_TRUTH,sequence=343149,truth_tick_us=687212589,mechanical_angle_rad=2.655320883,valid=1,read_failures=0"
dengfoc,"SYNC_TRUTH,sequence=343150,truth_tick_us=687214593,mechanical_angle_rad=2.745825768,valid=1,read_failures=0"
dengfoc,"SYNC_TRUTH,sequence=343151,truth_tick_us=687216589,mechanical_angle_rad=2.840932608,valid=1,read_failures=0"
dengfoc,"SYNC_TRUTH,sequence=343152,truth_tick_us=687218593,mechanical_angle_rad=2.936039209,valid=1,read_failures=0"
dengfoc,"SYNC_TRUTH,sequence=343153,truth_tick_us=687220589,mechanical_angle_rad=3.025010109,valid=1,read_failures=0"
dengfoc,"SYNC_TRUTH,sequence=343154,truth_tick_us=687222593,mechanical_angle_rad=3.118582964,valid=1,read_failures=0"
dengfoc,"SYNC_TRUTH,sequence=343155,truth_tick_us=687224589,mechanical_angle_rad=3.204485893,valid=1,read_failures=0"
dengfoc,"SYNC_TRUTH,sequence=343156,truth_tick_us=687226593,mechanical_angle_rad=3.299592733,valid=1,read_failures=0"
dengfoc,"SYNC_TRUTH,sequence=343157,truth_tick_us=687228589,mechanical_angle_rad=3.394699574,valid=1,read_failures=0"
dengfoc,"SYNC_TRUTH,sequence=343158,truth_tick_us=687230593,mechanical_angle_rad=3.486738443,valid=1,read_failures=0"
dengfoc,"SYNC_TRUTH,sequence=343159,truth_tick_us=687232589,mechanical_angle_rad=3.583379269,valid=1,read_failures=0"
g431,"FTR,70320,4,-619,129,490,0,800,-3,653,-2631,5759,61,327,939,12185,1890,1890,2674,450,0,29534,-1201,-39,156,446,5,123,0,0,0,1"
dengfoc,"SYNC_TRUTH,sequence=343160,truth_tick_us=687234593,mechanical_angle_rad=3.678486109,valid=1,read_failures=0"
dengfoc,"SYNC_TRUTH,sequence=343161,truth_tick_us=687236589,mechanical_angle_rad=3.767457008,valid=1,read_failures=0"
dengfoc,"SYNC_TRUTH,sequence=343162,truth_tick_us=687238593,mechanical_angle_rad=3.865631580,valid=1,read_failures=0"
dengfoc,"SYNC_TRUTH,sequence=343163,truth_tick_us=687240589,mechanical_angle_rad=3.957670450,valid=1,read_failures=0"
dengfoc,"SYNC_TRUTH,sequence=343164,truth_tick_us=687242593,mechanical_angle_rad=4.052777290,valid=1,read_failures=0"
dengfoc,"SYNC_TRUTH,sequence=343165,truth_tick_us=687244589,mechanical_angle_rad=4.146350384,valid=1,read_failures=0"
dengfoc,"SYNC_TRUTH,sequence=343166,truth_tick_us=687246593,mechanical_angle_rad=4.235321045,valid=1,read_failures=0"
dengfoc,"SYNC_TRUTH,sequence=343167,truth_tick_us=687248589,mechanical_angle_rad=4.336563587,valid=1,read_failures=0"
dengfoc,"SYNC_TRUTH,sequence=343168,truth_tick_us=687250593,mechanical_angle_rad=4.431670666,valid=1,read_failures=0"
dengfoc,"SYNC_TRUTH,sequence=343169,truth_tick_us=687252589,mechanical_angle_rad=4.531379223,valid=1,read_failures=0"
dengfoc,"SYNC_TRUTH,sequence=343170,truth_tick_us=687254593,mechanical_angle_rad=4.628020287,valid=1,read_failures=0"
dengfoc,"SYNC_TRUTH,sequence=343171,truth_tick_us=687256589,mechanical_angle_rad=4.718524933,valid=1,read_failures=0"
g431,"FTR,70560,4,-519,-80,599,0,800,2,650,-2686,5726,138,102,898,12172,2220,2220,3006,452,0,29534,-1131,-418,147,449,5,123,0,0,0,1"
dengfoc,"SYNC_TRUTH,sequence=343172,truth_tick_us=687258593,mechanical_angle_rad=4.819767952,valid=1,read_failures=0"
dengfoc,"SYNC_TRUTH,sequence=343173,truth_tick_us=687260589,mechanical_angle_rad=4.914874554,valid=1,read_failures=0"
dengfoc,"SYNC_TRUTH,sequence=343174,truth_tick_us=687262593,mechanical_angle_rad=5.011515141,valid=1,read_failures=0"
dengfoc,"SYNC_TRUTH,sequence=343175,truth_tick_us=687264589,mechanical_angle_rad=5.108156204,valid=1,read_failures=0"
dengfoc,"SYNC_TRUTH,sequence=343176,truth_tick_us=687266593,mechanical_angle_rad=5.200194836,valid=1,read_failures=0"
dengfoc,"SYNC_TRUTH,sequence=343177,truth_tick_us=687268589,mechanical_angle_rad=5.299903870,valid=1,read_failures=0"
dengfoc,"SYNC_TRUTH,sequence=343178,truth_tick_us=687270593,mechanical_angle_rad=5.401146412,valid=1,read_failures=0"
g431,"FTR,70800,4,-354,-303,658,0,800,7,658,-2731,5705,413,53,947,12172,2584,2584,3370,454,0,29534,-908,-775,134,451,5,123,0,0,0,1"
dengfoc,"SYNC_TRUTH,sequence=343179,truth_tick_us=687272589,mechanical_angle_rad=5.493185520,valid=1,read_failures=0"
dengfoc,"SYNC_TRUTH,sequence=343180,truth_tick_us=687274593,mechanical_angle_rad=5.589826107,valid=1,read_failures=0"
dengfoc,"SYNC_TRUTH,sequence=343181,truth_tick_us=687276589,mechanical_angle_rad=5.680331230,valid=1,read_failures=0"
dengfoc,"SYNC_TRUTH,sequence=343182,truth_tick_us=687278593,mechanical_angle_rad=5.778505802,valid=1,read_failures=0"
dengfoc,"SYNC_TRUTH,sequence=343183,truth_tick_us=687280589,mechanical_angle_rad=5.873612404,valid=1,read_failures=0"
dengfoc,"SYNC_TRUTH,sequence=343184,truth_tick_us=687282593,mechanical_angle_rad=5.964117527,valid=1,read_failures=0"
dengfoc,"SYNC_TRUTH,sequence=343185,truth_tick_us=687284589,mechanical_angle_rad=6.059224129,valid=1,read_failures=0"
dengfoc,"SYNC_TRUTH,sequence=343186,truth_tick_us=687286593,mechanical_angle_rad=6.158933163,valid=1,read_failures=0"
dengfoc,"SYNC_TRUTH,sequence=343187,truth_tick_us=687288589,mechanical_angle_rad=6.250971794,valid=1,read_failures=0"
dengfoc,"SYNC_TRUTH,sequence=343188,truth_tick_us=687290593,mechanical_angle_rad=0.064427197,valid=1,read_failures=0"
dengfoc,"SYNC_TRUTH,sequence=343189,truth_tick_us=687292589,mechanical_angle_rad=0.156466052,valid=1,read_failures=0"
dengfoc,"SYNC_TRUTH,sequence=343190,truth_tick_us=687294593,mechanical_angle_rad=0.256174803,valid=1,read_failures=0"
g431,"FTR,71040,4,-101,-503,603,0,800,-2,646,-2742,5699,722,69,931,12172,2982,2982,3769,457,0,29534,-518,-1071,150,453,5,123,0,0,0,1"
dengfoc,"SYNC_TRUTH,sequence=343191,truth_tick_us=687296589,mechanical_angle_rad=0.354349583,valid=1,read_failures=0"
dengfoc,"SYNC_TRUTH,sequence=343192,truth_tick_us=687298593,mechanical_angle_rad=0.444854438,valid=1,read_failures=0"
dengfoc,"SYNC_TRUTH,sequence=343193,truth_tick_us=687300589,mechanical_angle_rad=0.539961278,valid=1,read_failures=0"
dengfoc,"SYNC_TRUTH,sequence=343194,truth_tick_us=687302593,mechanical_angle_rad=0.632000089,valid=1,read_failures=0"
dengfoc,"SYNC_TRUTH,sequence=343195,truth_tick_us=687304589,mechanical_angle_rad=0.733242810,valid=1,read_failures=0"
dengfoc,"SYNC_TRUTH,sequence=343196,truth_tick_us=687306593,mechanical_angle_rad=0.836019576,valid=1,read_failures=0"
dengfoc,"SYNC_TRUTH,sequence=343197,truth_tick_us=687308589,mechanical_angle_rad=0.929592371,valid=1,read_failures=0"
dengfoc,"SYNC_TRUTH,sequence=343198,truth_tick_us=687310593,mechanical_angle_rad=1.027767181,valid=1,read_failures=0"
g431,"FTR,71280,4,177,-634,456,0,800,-1,654,-2684,5734,925,75,757,12185,3414,3414,4202,460,0,29534,-19,-1192,152,456,5,123,0,0,0,1"
dengfoc,"SYNC_TRUTH,sequence=343199,truth_tick_us=687312589,mechanical_angle_rad=1.121340036,valid=1,read_failures=0"
dengfoc,"SYNC_TRUTH,sequence=343200,truth_tick_us=687314593,mechanical_angle_rad=1.222582698,valid=1,read_failures=0"
dengfoc,"SYNC_TRUTH,sequence=343201,truth_tick_us=687316589,mechanical_angle_rad=1.325359464,valid=1,read_failures=0"
dengfoc,"SYNC_TRUTH,sequence=343202,truth_tick_us=687318593,mechanical_angle_rad=1.417398334,valid=1,read_failures=0"
dengfoc,"SYNC_TRUTH,sequence=343203,truth_tick_us=687320589,mechanical_angle_rad=1.517107010,valid=1,read_failures=0"
dengfoc,"SYNC_TRUTH,sequence=343204,truth_tick_us=687322593,mechanical_angle_rad=1.616815805,valid=1,read_failures=0"
dengfoc,"SYNC_TRUTH,sequence=343205,truth_tick_us=687324589,mechanical_angle_rad=1.714990616,valid=1,read_failures=0"
dengfoc,"SYNC_TRUTH,sequence=343206,truth_tick_us=687326593,mechanical_angle_rad=1.819301248,valid=1,read_failures=0"
dengfoc,"SYNC_TRUTH,sequence=343207,truth_tick_us=687328589,mechanical_angle_rad=1.914408088,valid=1,read_failures=0"
dengfoc,"SYNC_TRUTH,sequence=343208,truth_tick_us=687330593,mechanical_angle_rad=2.014116764,valid=1,read_failures=0"
dengfoc,"SYNC_TRUTH,sequence=343209,truth_tick_us=687332589,mechanical_angle_rad=2.112291574,valid=1,read_failures=0"
dengfoc,"SYNC_TRUTH,sequence=343210,truth_tick_us=687334593,mechanical_angle_rad=2.207398415,valid=1,read_failures=0"
g431,"FTR,71520,4,445,-637,192,0,800,-7,653,-2650,5735,946,54,403,12159,3881,3881,4670,462,0,29534,511,-1076,143,458,5,123,0,0,0,1"
dengfoc,"SYNC_TRUTH,sequence=343211,truth_tick_us=687336589,mechanical_angle_rad=2.305573225,valid=1,read_failures=0"
dengfoc,"SYNC_TRUTH,sequence=343212,truth_tick_us=687338593,mechanical_angle_rad=2.403748035,valid=1,read_failures=0"
dengfoc,"SYNC_TRUTH,sequence=343213,truth_tick_us=687340589,mechanical_angle_rad=2.495786905,valid=1,read_failures=0"
dengfoc,"SYNC_TRUTH,sequence=343214,truth_tick_us=687342593,mechanical_angle_rad=2.593961477,valid=1,read_failures=0"
dengfoc,"SYNC_TRUTH,sequence=343215,truth_tick_us=687344589,mechanical_angle_rad=2.686000347,valid=1,read_failures=0"
dengfoc,"SYNC_TRUTH,sequence=343216,truth_tick_us=687346593,mechanical_angle_rad=2.785709143,valid=1,read_failures=0"
dengfoc,"SYNC_TRUTH,sequence=343217,truth_tick_us=687348589,mechanical_angle_rad=2.885417938,valid=1,read_failures=0"
g431,"FTR,71760,4,626,-496,-129,0,800,-3,661,-2655,5733,911,182,89,12159,4382,4382,5171,463,0,29534,949,-712,126,460,5,123,0,0,0,1"
dengfoc,"SYNC_TRUTH,sequence=343218,truth_tick_us=687350593,mechanical_angle_rad=2.977456808,valid=1,read_failures=0"
dengfoc,"SYNC_TRUTH,sequence=343219,truth_tick_us=687352589,mechanical_angle_rad=3.075631618,valid=1,read_failures=0"
dengfoc,"SYNC_TRUTH,sequence=343220,truth_tick_us=687354593,mechanical_angle_rad=3.164602518,valid=1,read_failures=0"
dengfoc,"SYNC_TRUTH,sequence=343221,truth_tick_us=687356589,mechanical_angle_rad=3.261243343,valid=1,read_failures=0"
dengfoc,"SYNC_TRUTH,sequence=343222,truth_tick_us=687358593,mechanical_angle_rad=3.359417915,valid=1,read_failures=0"
dengfoc,"SYNC_TRUTH,sequence=343223,truth_tick_us=687360589,mechanical_angle_rad=3.452990770,valid=1,read_failures=0"
dengfoc,"SYNC_TRUTH,sequence=343224,truth_tick_us=687362593,mechanical_angle_rad=3.552699566,valid=1,read_failures=0"
dengfoc,"SYNC_TRUTH,sequence=343225,truth_tick_us=687364589,mechanical_angle_rad=3.644738436,valid=1,read_failures=0"
dengfoc,"SYNC_TRUTH,sequence=343226,truth_tick_us=687366593,mechanical_angle_rad=3.744447231,valid=1,read_failures=0"
dengfoc,"SYNC_TRUTH,sequence=343227,truth_tick_us=687368589,mechanical_angle_rad=3.845690012,valid=1,read_failures=0"
dengfoc,"SYNC_TRUTH,sequence=343228,truth_tick_us=687370593,mechanical_angle_rad=3.940796852,valid=1,read_failures=0"
dengfoc,"SYNC_TRUTH,sequence=343229,truth_tick_us=687372589,mechanical_angle_rad=4.040505409,valid=1,read_failures=0"
g431,"FTR,72000,4,635,-203,-433,0,800,-1,649,-2788,5662,946,607,54,12146,4917,4917,5707,466,0,29534,1162,-123,128,463,5,123,0,0,0,1"
dengfoc,"SYNC_TRUTH,sequence=343230,truth_tick_us=687374593,mechanical_angle_rad=4.135612488,valid=1,read_failures=0"
dengfoc,"SYNC_TRUTH,sequence=343231,truth_tick_us=687376589,mechanical_angle_rad=4.229185104,valid=1,read_failures=0"
dengfoc,"SYNC_TRUTH,sequence=343232,truth_tick_us=687378593,mechanical_angle_rad=4.331961632,valid=1,read_failures=0"
dengfoc,"SYNC_TRUTH,sequence=343233,truth_tick_us=687380589,mechanical_angle_rad=4.430136681,valid=1,read_failures=0"
dengfoc,"SYNC_TRUTH,sequence=343234,truth_tick_us=687382593,mechanical_angle_rad=4.532913208,valid=1,read_failures=0"
dengfoc,"SYNC_TRUTH,sequence=343235,truth_tick_us=687384589,mechanical_angle_rad=4.634156227,valid=1,read_failures=0"
dengfoc,"SYNC_TRUTH,sequence=343236,truth_tick_us=687386593,mechanical_angle_rad=4.727728844,valid=1,read_failures=0"
g431,"FTR,72240,4,460,160,-619,0,800,-1,643,-2711,5707,770,922,78,12159,5486,5486,6277,468,0,29534,1045,522,128,465,5,123,0,0,0,1"
dengfoc,"SYNC_TRUTH,sequence=343237,truth_tick_us=687388589,mechanical_angle_rad=4.833573818,valid=1,read_failures=0"
dengfoc,"SYNC_TRUTH,sequence=343238,truth_tick_us=687390593,mechanical_angle_rad=4.936350346,valid=1,read_failures=0"
dengfoc,"SYNC_TRUTH,sequence=343239,truth_tick_us=687392589,mechanical_angle_rad=5.029922962,valid=1,read_failures=0"
dengfoc,"SYNC_TRUTH,sequence=343240,truth_tick_us=687394593,mechanical_angle_rad=5.129631996,valid=1,read_failures=0"
dengfoc,"SYNC_TRUTH,sequence=343241,truth_tick_us=687396590,mechanical_angle_rad=5.224738598,valid=1,read_failures=0"
dengfoc,"SYNC_TRUTH,sequence=343242,truth_tick_us=687398593,mechanical_angle_rad=5.329049587,valid=1,read_failures=0"
dengfoc,"SYNC_TRUTH,sequence=343243,truth_tick_us=687400589,mechanical_angle_rad=5.431826115,valid=1,read_failures=0"
dengfoc,"SYNC_ANCHOR_RX,session=2026100505,edge_sequence=5012,edge_tag=912,truth_tick_us=687391717,source=2,flags=0x00000003"
dengfoc,"SYNC_TRUTH,sequence=343244,truth_tick_us=687403601,mechanical_angle_rad=5.577554226,valid=1,read_failures=0"
dengfoc,"SYNC_TRUTH,sequence=343245,truth_tick_us=687405589,mechanical_angle_rad=5.677263260,valid=1,read_failures=0"
dengfoc,"SYNC_TRUTH,sequence=343246,truth_tick_us=687407593,mechanical_angle_rad=5.770835876,valid=1,read_failures=0"
dengfoc,"SYNC_TRUTH,sequence=343247,truth_tick_us=687409589,mechanical_angle_rad=5.870544434,valid=1,read_failures=0"
dengfoc,"SYNC_TRUTH,sequence=343248,truth_tick_us=687411593,mechanical_angle_rad=5.962583542,valid=1,read_failures=0"
g431,"FTR,72480,4,120,480,-600,0,800,-3,635,-2708,5716,309,936,64,12172,6089,6089,598,471,0,29534,567,1037,130,467,5,123,0,0,0,1"
dengfoc,"SYNC_TRUTH,sequence=343249,truth_tick_us=687413589,mechanical_angle_rad=6.062292099,valid=1,read_failures=0"
dengfoc,"SYNC_TRUTH,sequence=343250,truth_tick_us=687415593,mechanical_angle_rad=6.163535118,valid=1,read_failures=0"
dengfoc,"SYNC_TRUTH,sequence=343251,truth_tick_us=687417589,mechanical_angle_rad=6.258641720,valid=1,read_failures=0"
dengfoc,"SYNC_TRUTH,sequence=343252,truth_tick_us=687419593,mechanical_angle_rad=0.076699041,valid=1,read_failures=0"
dengfoc,"SYNC_TRUTH,sequence=343253,truth_tick_us=687421589,mechanical_angle_rad=0.177941769,valid=1,read_failures=0"
dengfoc,"SYNC_TRUTH,sequence=343254,truth_tick_us=687423593,mechanical_angle_rad=0.274582565,valid=1,read_failures=0"
dengfoc,"SYNC_TRUTH,sequence=343255,truth_tick_us=687425589,mechanical_angle_rad=0.375825316,valid=1,read_failures=0"
dengfoc,"SYNC_TRUTH,sequence=343256,truth_tick_us=687427593,mechanical_angle_rad=0.469398141,valid=1,read_failures=0"
dengfoc,"SYNC_TRUTH,sequence=343257,truth_tick_us=687429589,mechanical_angle_rad=0.566038907,valid=1,read_failures=0"
dengfoc,"SYNC_TRUTH,sequence=343258,truth_tick_us=687431593,mechanical_angle_rad=0.668815613,valid=1,read_failures=0"
dengfoc,"SYNC_TRUTH,sequence=343259,truth_tick_us=687433589,mechanical_angle_rad=0.768524408,valid=1,read_failures=0"
dengfoc,"SYNC_TRUTH,sequence=343260,truth_tick_us=687435593,mechanical_angle_rad=0.874369085,valid=1,read_failures=0"
g431,"FTR,72720,4,-279,654,-375,0,800,3,657,-2842,5650,54,946,393,12172,443,443,1236,473,0,29534,-168,1157,137,469,5,123,0,0,0,1"
dengfoc,"SYNC_TRUTH,sequence=343261,truth_tick_us=687437589,mechanical_angle_rad=0.969475865,valid=1,read_failures=0"
dengfoc,"SYNC_TRUTH,sequence=343262,truth_tick_us=687439593,mechanical_angle_rad=1.070718646,valid=1,read_failures=0"
dengfoc,"SYNC_TRUTH,sequence=343263,truth_tick_us=687441589,mechanical_angle_rad=1.175029278,valid=1,read_failures=0"
dengfoc,"SYNC_TRUTH,sequence=343264,truth_tick_us=687443593,mechanical_angle_rad=1.274738073,valid=1,read_failures=0"
dengfoc,"SYNC_TRUTH,sequence=343265,truth_tick_us=687445589,mechanical_angle_rad=1.379048824,valid=1,read_failures=0"
dengfoc,"SYNC_TRUTH,sequence=343266,truth_tick_us=687447593,mechanical_angle_rad=1.480291486,valid=1,read_failures=0"
dengfoc,"SYNC_TRUTH,sequence=343267,truth_tick_us=687449589,mechanical_angle_rad=1.576932311,valid=1,read_failures=0"
g431,"FTR,72960,4,-589,544,45,0,800,0,656,-2834,5639,108,883,892,12146,1115,1115,1909,476,0,29534,-865,767,166,472,5,123,0,0,0,1"
dengfoc,"SYNC_TRUTH,sequence=343268,truth_tick_us=687451593,mechanical_angle_rad=1.681242943,valid=1,read_failures=0"
dengfoc,"SYNC_TRUTH,sequence=343269,truth_tick_us=687453589,mechanical_angle_rad=1.784019709,valid=1,read_failures=0"
dengfoc,"SYNC_TRUTH,sequence=343270,truth_tick_us=687455593,mechanical_angle_rad=1.889864326,valid=1,read_failures=0"
dengfoc,"SYNC_TRUTH,sequence=343271,truth_tick_us=687457589,mechanical_angle_rad=1.992641091,valid=1,read_failures=0"
dengfoc,"SYNC_TRUTH,sequence=343272,truth_tick_us=687459593,mechanical_angle_rad=2.087747812,valid=1,read_failures=0"
dengfoc,"SYNC_TRUTH,sequence=343273,truth_tick_us=687461589,mechanical_angle_rad=2.192058563,valid=1,read_failures=0"
dengfoc,"SYNC_TRUTH,sequence=343274,truth_tick_us=687463593,mechanical_angle_rad=2.288699389,valid=1,read_failures=0"
dengfoc,"SYNC_TRUTH,sequence=343275,truth_tick_us=687465589,mechanical_angle_rad=2.388408184,valid=1,read_failures=0"
dengfoc,"SYNC_TRUTH,sequence=343276,truth_tick_us=687467593,mechanical_angle_rad=2.489650965,valid=1,read_failures=0"
dengfoc,"SYNC_TRUTH,sequence=343277,truth_tick_us=687469589,mechanical_angle_rad=2.584757805,valid=1,read_failures=0"
dengfoc,"SYNC_TRUTH,sequence=343278,truth_tick_us=687471593,mechanical_angle_rad=2.686000347,valid=1,read_failures=0"
dengfoc,"SYNC_TRUTH,sequence=343279,truth_tick_us=687473589,mechanical_angle_rad=2.790311098,valid=1,read_failures=0"
dengfoc,"SYNC_TRUTH,sequence=343280,truth_tick_us=687475593,mechanical_angle_rad=2.885417938,valid=1,read_failures=0"
g431,"FTR,73200,4,-626,171,455,0,800,-4,647,-2762,5704,57,363,943,12198,1821,1821,2617,478,0,29534,-1170,35,153,474,5,123,0,0,0,1"
dengfoc,"SYNC_TRUTH,sequence=343281,truth_tick_us=687477589,mechanical_angle_rad=2.986660719,valid=1,read_failures=0"
dengfoc,"SYNC_TRUTH,sequence=343282,truth_tick_us=687479593,mechanical_angle_rad=3.081767559,valid=1,read_failures=0"
dengfoc,"SYNC_TRUTH,sequence=343283,truth_tick_us=687481589,mechanical_angle_rad=3.179942369,valid=1,read_failures=0"
dengfoc,"SYNC_TRUTH,sequence=343284,truth_tick_us=687483593,mechanical_angle_rad=3.279650927,valid=1,read_failures=0"
dengfoc,"SYNC_TRUTH,sequence=343285,truth_tick_us=687485589,mechanical_angle_rad=3.374757767,valid=1,read_failures=0"
dengfoc,"SYNC_TRUTH,sequence=343286,truth_tick_us=687487593,mechanical_angle_rad=3.477534533,valid=1,read_failures=0"
dengfoc,"SYNC_TRUTH,sequence=343287,truth_tick_us=687489589,mechanical_angle_rad=3.574175358,valid=1,read_failures=0"
g431,"FTR,73440,4,-364,-289,653,0,800,6,654,-2902,5620,419,52,948,12172,2560,2560,3358,480,0,29534,-891,-759,148,477,5,123,0,0,0,1"
dengfoc,"SYNC_TRUTH,sequence=343288,truth_tick_us=687491593,mechanical_angle_rad=3.675418139,valid=1,read_failures=0"
dengfoc,"SYNC_TRUTH,sequence=343289,truth_tick_us=687493589,mechanical_angle_rad=3.778194904,valid=1,read_failures=0"
dengfoc,"SYNC_TRUTH,sequence=343290,truth_tick_us=687495593,mechanical_angle_rad=3.876369476,valid=1,read_failures=0"
dengfoc,"SYNC_TRUTH,sequence=343291,truth_tick_us=687497589,mechanical_angle_rad=3.982214212,valid=1,read_failures=0"
dengfoc,"SYNC_TRUTH,sequence=343292,truth_tick_us=687499593,mechanical_angle_rad=4.081923008,valid=1,read_failures=0"
dengfoc,"SYNC_TRUTH,sequence=343293,truth_tick_us=687501589,mechanical_angle_rad=4.175495625,valid=1,read_failures=0"
dengfoc,"SYNC_TRUTH,sequence=343294,truth_tick_us=687503593,mechanical_angle_rad=4.279806614,valid=1,read_failures=0"
dengfoc,"SYNC_TRUTH,sequence=343295,truth_tick_us=687505589,mechanical_angle_rad=4.381049156,valid=1,read_failures=0"
dengfoc,"SYNC_TRUTH,sequence=343296,truth_tick_us=687507593,mechanical_angle_rad=4.488428116,valid=1,read_failures=0"
dengfoc,"SYNC_TRUTH,sequence=343297,truth_tick_us=687509589,mechanical_angle_rad=4.592738628,valid=1,read_failures=0"
dengfoc,"SYNC_TRUTH,sequence=343298,truth_tick_us=687511593,mechanical_angle_rad=4.689379215,valid=1,read_failures=0"
dengfoc,"SYNC_TRUTH,sequence=343299,truth_tick_us=687513589,mechanical_angle_rad=4.795224190,valid=1,read_failures=0"
g431,"FTR,73680,4,129,-614,485,0,800,-5,648,-2853,5637,917,83,793,12159,3335,3335,4134,483,0,29534,-95,-1166,156,479,5,123,0,0,0,1"
dengfoc,"SYNC_TRUTH,sequence=343300,truth_tick_us=687515593,mechanical_angle_rad=4.898000717,valid=1,read_failures=0"
dengfoc,"SYNC_TRUTH,sequence=343301,truth_tick_us=687517589,mechanical_angle_rad=5.002311707,valid=1,read_failures=0"
dengfoc,"SYNC_TRUTH,sequence=343302,truth_tick_us=687519593,mechanical_angle_rad=5.103554249,valid=1,read_failures=0"
dengfoc,"SYNC_TRUTH,sequence=343303,truth_tick_us=687521589,mechanical_angle_rad=5.201728821,valid=1,read_failures=0"
dengfoc,"SYNC_TRUTH,sequence=343304,truth_tick_us=687523593,mechanical_angle_rad=5.307573795,valid=1,read_failures=0"
dengfoc,"SYNC_TRUTH,sequence=343305,truth_tick_us=687525589,mechanical_angle_rad=5.407282352,valid=1,read_failures=0"
dengfoc,"SYNC_TRUTH,sequence=343306,truth_tick_us=687527593,mechanical_angle_rad=5.511593342,valid=1,read_failures=0"
g431,"FTR,73920,4,555,-583,27,0,800,-3,658,-2740,5700,914,86,195,12172,4143,4143,4942,485,0,29534,760,-893,134,481,5,123,0,0,0,1"
dengfoc,"SYNC_TRUTH,sequence=343307,truth_tick_us=687529589,mechanical_angle_rad=5.615903854,valid=1,read_failures=0"
dengfoc,"SYNC_TRUTH,sequence=343308,truth_tick_us=687531593,mechanical_angle_rad=5.714078426,valid=1,read_failures=0"
dengfoc,"SYNC_TRUTH,sequence=343309,truth_tick_us=687533589,mechanical_angle_rad=5.816855431,valid=1,read_failures=0"
dengfoc,"SYNC_TRUTH,sequence=343310,truth_tick_us=687535593,mechanical_angle_rad=5.918097973,valid=1,read_failures=0"
dengfoc,"SYNC_TRUTH,sequence=343311,truth_tick_us=687537589,mechanical_angle_rad=6.014739037,valid=1,read_failures=0"
dengfoc,"SYNC_TRUTH,sequence=343312,truth_tick_us=687539593,mechanical_angle_rad=6.117515564,valid=1,read_failures=0"
dengfoc,"SYNC_TRUTH,sequence=343313,truth_tick_us=687541589,mechanical_angle_rad=6.215690136,valid=1,read_failures=0"
dengfoc,"SYNC_TRUTH,sequence=343314,truth_tick_us=687543593,mechanical_angle_rad=0.035281558,valid=1,read_failures=0"
dengfoc,"SYNC_TRUTH,sequence=343315,truth_tick_us=687545589,mechanical_angle_rad=0.139592260,valid=1,read_failures=0"
dengfoc,"SYNC_TRUTH,sequence=343316,truth_tick_us=687547593,mechanical_angle_rad=0.239301011,valid=1,read_failures=0"
dengfoc,"SYNC_TRUTH,sequence=343317,truth_tick_us=687549589,mechanical_angle_rad=0.345145673,valid=1,read_failures=0"
dengfoc,"SYNC_TRUTH,sequence=343318,truth_tick_us=687551593,mechanical_angle_rad=0.447922409,valid=1,read_failures=0"
dengfoc,"SYNC_TRUTH,sequence=343319,truth_tick_us=687553589,mechanical_angle_rad=0.543029189,valid=1,read_failures=0"
g431,"FTR,74160,4,619,-155,-464,0,800,-5,645,-2873,5649,939,670,61,12198,4985,4985,5785,487,0,29534,1147,-31,131,483,5,123,0,0,0,1"
dengfoc,"SYNC_TRUTH,sequence=343320,truth_tick_us=687555593,mechanical_angle_rad=0.647339940,valid=1,read_failures=0"
dengfoc,"SYNC_TRUTH,sequence=343321,truth_tick_us=687557589,mechanical_angle_rad=0.747048676,valid=1,read_failures=0"
dengfoc,"SYNC_TRUTH,sequence=343322,truth_tick_us=687559593,mechanical_angle_rad=0.855961323,valid=1,read_failures=0"
dengfoc,"SYNC_TRUTH,sequence=343323,truth_tick_us=687561589,mechanical_angle_rad=0.963339984,valid=1,read_failures=0"
dengfoc,"SYNC_TRUTH,sequence=343324,truth_tick_us=687563593,mechanical_angle_rad=1.061514735,valid=1,read_failures=0"
dengfoc,"SYNC_TRUTH,sequence=343325,truth_tick_us=687565589,mechanical_angle_rad=1.167359471,valid=1,read_failures=0"
dengfoc,"SYNC_TRUTH,sequence=343326,truth_tick_us=687567593,mechanical_angle_rad=1.270136118,valid=1,read_failures=0"
g431,"FTR,74400,4,259,369,-627,0,800,1,630,-2885,5621,459,949,51,12159,5862,5862,378,489,0,29534,758,877,139,486,5,123,0,0,0,1"
dengfoc,"SYNC_TRUTH,sequence=343327,truth_tick_us=687569589,mechanical_angle_rad=1.377514839,valid=1,read_failures=0"
dengfoc,"SYNC_TRUTH,sequence=343328,truth_tick_us=687571593,mechanical_angle_rad=1.481825471,valid=1,read_failures=0"
dengfoc,"SYNC_TRUTH,sequence=343329,truth_tick_us=687573589,mechanical_angle_rad=1.581534266,valid=1,read_failures=0"
dengfoc,"SYNC_TRUTH,sequence=343330,truth_tick_us=687575593,mechanical_angle_rad=1.690446854,valid=1,read_failures=0"
dengfoc,"SYNC_TRUTH,sequence=343331,truth_tick_us=687577589,mechanical_angle_rad=1.800893545,valid=1,read_failures=0"
dengfoc,"SYNC_TRUTH,sequence=343332,truth_tick_us=687579593,mechanical_angle_rad=1.902136207,valid=1,read_failures=0"
dengfoc,"SYNC_TRUTH,sequence=343333,truth_tick_us=687581589,mechanical_angle_rad=2.009514809,valid=1,read_failures=0"
dengfoc,"SYNC_TRUTH,sequence=343334,truth_tick_us=687583593,mechanical_angle_rad=2.109223604,valid=1,read_failures=0"
dengfoc,"SYNC_TRUTH,sequence=343335,truth_tick_us=687585589,mechanical_angle_rad=2.215068340,valid=1,read_failures=0"
dengfoc,"SYNC_TRUTH,sequence=343336,truth_tick_us=687587593,mechanical_angle_rad=2.320913076,valid=1,read_failures=0"
dengfoc,"SYNC_TRUTH,sequence=343337,truth_tick_us=687589589,mechanical_angle_rad=2.417553902,valid=1,read_failures=0"
dengfoc,"SYNC_TRUTH,sequence=343338,truth_tick_us=687591593,mechanical_angle_rad=2.521864414,valid=1,read_failures=0"
g431,"FTR,74640,4,-298,648,-350,0,800,7,649,-3034,5565,51,949,455,12198,490,490,1290,492,0,29534,-233,1125,145,488,5,123,0,0,0,1"
dengfoc,"SYNC_TRUTH,sequence=343339,truth_tick_us=687593589,mechanical_angle_rad=2.618505239,valid=1,read_failures=0"
dengfoc,"SYNC_TRUTH,sequence=343340,truth_tick_us=687595593,mechanical_angle_rad=2.724349976,valid=1,read_failures=0"
dengfoc,"SYNC_TRUTH,sequence=343341,truth_tick_us=687597589,mechanical_angle_rad=2.830194712,valid=1,read_failures=0"
dengfoc,"SYNC_TRUTH,sequence=343342,truth_tick_us=687599593,mechanical_angle_rad=2.928369522,valid=1,read_failures=0"
dengfoc,"SYNC_TRUTH,sequence=343343,truth_tick_us=687601589,mechanical_angle_rad=3.034214020,valid=1,read_failures=0"
dengfoc,"SYNC_TRUTH,sequence=343344,truth_tick_us=687603593,mechanical_angle_rad=3.136990786,valid=1,read_failures=0"
dengfoc,"SYNC_TRUTH,sequence=343345,truth_tick_us=687605589,mechanical_angle_rad=3.232097626,valid=1,read_failures=0"
dengfoc,"SYNC_TRUTH,sequence=343346,truth_tick_us=687607593,mechanical_angle_rad=3.336408377,valid=1,read_failures=0"
dengfoc,"SYNC_TRUTH,sequence=343347,truth_tick_us=687609589,mechanical_angle_rad=3.434583187,valid=1,read_failures=0"
dengfoc,"SYNC_TRUTH,sequence=343348,truth_tick_us=687611593,mechanical_angle_rad=3.540427685,valid=1,read_failures=0"
dengfoc,"SYNC_TRUTH,sequence=343349,truth_tick_us=687613589,mechanical_angle_rad=3.644738436,valid=1,read_failures=0"
dengfoc,"SYNC_TRUTH,sequence=343350,truth_tick_us=687615593,mechanical_angle_rad=3.742913246,valid=1,read_failures=0"
g431,"FTR,74880,4,-634,391,243,0,800,-1,639,-2910,5623,57,641,943,12185,1435,1435,2237,495,0,29534,-1055,458,154,490,5,123,0,0,0,1"
dengfoc,"SYNC_TRUTH,sequence=343351,truth_tick_us=687617589,mechanical_angle_rad=3.850291967,valid=1,read_failures=0"
dengfoc,"SYNC_TRUTH,sequence=343352,truth_tick_us=687619593,mechanical_angle_rad=3.953068495,valid=1,read_failures=0"
dengfoc,"SYNC_TRUTH,sequence=343353,truth_tick_us=687621589,mechanical_angle_rad=4.057379246,valid=1,read_failures=0"
dengfoc,"SYNC_TRUTH,sequence=343354,truth_tick_us=687623593,mechanical_angle_rad=4.160156250,valid=1,read_failures=0"
dengfoc,"SYNC_TRUTH,sequence=343355,truth_tick_us=687625589,mechanical_angle_rad=4.259864807,valid=1,read_failures=0"
dengfoc,"SYNC_TRUTH,sequence=343356,truth_tick_us=687627593,mechanical_angle_rad=4.370311260,valid=1,read_failures=0"
dengfoc,"SYNC_TRUTH,sequence=343357,truth_tick_us=687629589,mechanical_angle_rad=4.479224205,valid=1,read_failures=0"
g431,"FTR,75120,4,-429,-203,632,0,800,0,645,-2953,5601,313,63,937,12185,2414,2414,3218,497,0,29534,-981,-621,148,493,5,123,0,0,0,1"
dengfoc,"SYNC_TRUTH,sequence=343358,truth_tick_us=687631593,mechanical_angle_rad=4.580466747,valid=1,read_failures=0"
dengfoc,"SYNC_TRUTH,sequence=343359,truth_tick_us=687633589,mechanical_angle_rad=4.686311245,valid=1,read_failures=0"
dengfoc,"SYNC_TRUTH,sequence=343360,truth_tick_us=687635593,mechanical_angle_rad=4.789088249,valid=1,read_failures=0"
dengfoc,"SYNC_TRUTH,sequence=343361,truth_tick_us=687637589,mechanical_angle_rad=4.901068687,valid=1,read_failures=0"
dengfoc,"SYNC_TRUTH,sequence=343362,truth_tick_us=687639593,mechanical_angle_rad=5.008447647,valid=1,read_failures=0"
dengfoc,"SYNC_TRUTH,sequence=343363,truth_tick_us=687641589,mechanical_angle_rad=5.108156204,valid=1,read_failures=0"
dengfoc,"SYNC_TRUTH,sequence=343364,truth_tick_us=687643593,mechanical_angle_rad=5.214000702,valid=1,read_failures=0"
dengfoc,"SYNC_TRUTH,sequence=343365,truth_tick_us=687645589,mechanical_angle_rad=5.318311691,valid=1,read_failures=0"
dengfoc,"SYNC_TRUTH,sequence=343366,truth_tick_us=687647593,mechanical_angle_rad=5.427224159,valid=1,read_failures=0"
dengfoc,"SYNC_TRUTH,sequence=343367,truth_tick_us=687649589,mechanical_angle_rad=5.534602642,valid=1,read_failures=0"
dengfoc,"SYNC_TRUTH,sequence=343368,truth_tick_us=687651593,mechanical_angle_rad=5.634311676,valid=1,read_failures=0"
dengfoc,"SYNC_TRUTH,sequence=343369,truth_tick_us=687653589,mechanical_angle_rad=5.741690159,valid=1,read_failures=0"
dengfoc,"SYNC_TRUTH,sequence=343370,truth_tick_us=687655593,mechanical_angle_rad=5.847535133,valid=1,read_failures=0"
g431,"FTR,75360,4,184,-618,434,0,800,-5,634,-2930,5605,932,68,715,12172,3427,3427,4233,499,0,29534,13,-1161,150,495,5,123,0,0,0,1"
dengfoc,"SYNC_TRUTH,sequence=343371,truth_tick_us=687657589,mechanical_angle_rad=5.945709705,valid=1,read_failures=0"
dengfoc,"SYNC_TRUTH,sequence=343372,truth_tick_us=687659593,mechanical_angle_rad=6.051554203,valid=1,read_failures=0"
dengfoc,"SYNC_TRUTH,sequence=343373,truth_tick_us=687661589,mechanical_angle_rad=6.151263237,valid=1,read_failures=0"
dengfoc,"SYNC_TRUTH,sequence=343374,truth_tick_us=687663593,mechanical_angle_rad=6.257107735,valid=1,read_failures=0"
dengfoc,"SYNC_TRUTH,sequence=343375,truth_tick_us=687665589,mechanical_angle_rad=0.081300981,valid=1,read_failures=0"
dengfoc,"SYNC_TRUTH,sequence=343376,truth_tick_us=687667593,mechanical_angle_rad=0.181009740,valid=1,read_failures=0"
dengfoc,"SYNC_TRUTH,sequence=343377,truth_tick_us=687669589,mechanical_angle_rad=0.289922386,valid=1,read_failures=0"
g431,"FTR,75600,4,632,-448,-184,0,800,0,650,-2920,5633,932,282,68,12210,4475,4475,5281,501,0,29534,991,-586,128,498,5,123,0,0,0,1"
dengfoc,"SYNC_TRUTH,sequence=343378,truth_tick_us=687671593,mechanical_angle_rad=0.391165107,valid=1,read_failures=0"
dengfoc,"SYNC_TRUTH,sequence=343379,truth_tick_us=687673589,mechanical_angle_rad=0.497009784,valid=1,read_failures=0"
dengfoc,"SYNC_TRUTH,sequence=343380,truth_tick_us=687675593,mechanical_angle_rad=0.602854490,valid=1,read_failures=0"
dengfoc,"SYNC_TRUTH,sequence=343381,truth_tick_us=687677589,mechanical_angle_rad=0.704097211,valid=1,read_failures=0"
dengfoc,"SYNC_TRUTH,sequence=343382,truth_tick_us=687679593,mechanical_angle_rad=0.817611754,valid=1,read_failures=0"
dengfoc,"SYNC_TRUTH,sequence=343383,truth_tick_us=687681589,mechanical_angle_rad=0.926524401,valid=1,read_failures=0"
dengfoc,"SYNC_TRUTH,sequence=343384,truth_tick_us=687683593,mechanical_angle_rad=1.027767181,valid=1,read_failures=0"
dengfoc,"SYNC_TRUTH,sequence=343385,truth_tick_us=687685589,mechanical_angle_rad=1.136679769,valid=1,read_failures=0"
dengfoc,"SYNC_STATUS,frames=13,frame_fail=1,truth=343385,truth_fail=0,idle=0,capture_state=1,capture_failure=0,rejected=0,overflow=0,recovered=1,sync_level=0,driver_disabled=1"
dengfoc,"SYNC_TRUTH,sequence=343386,truth_tick_us=687688593,mechanical_angle_rad=1.299281716,valid=1,read_failures=0"
dengfoc,"SYNC_TRUTH,sequence=343387,truth_tick_us=687690589,mechanical_angle_rad=1.408194423,valid=1,read_failures=0"
dengfoc,"SYNC_TRUTH,sequence=343388,truth_tick_us=687692593,mechanical_angle_rad=1.509437084,valid=1,read_failures=0"
g431,"FTR,75840,4,421,201,-622,0,800,-1,635,-2921,5602,690,936,64,12159,5556,5556,80,503,0,29534,968,601,136,500,5,123,0,0,0,1"
dengfoc,"SYNC_TRUTH,sequence=343389,truth_tick_us=687694589,mechanical_angle_rad=1.618349791,valid=1,read_failures=0"
dengfoc,"SYNC_TRUTH,sequence=343390,truth_tick_us=687696593,mechanical_angle_rad=1.731864333,valid=1,read_failures=0"
dengfoc,"SYNC_TRUTH,sequence=343391,truth_tick_us=687698589,mechanical_angle_rad=1.837709069,valid=1,read_failures=0"
dengfoc,"SYNC_TRUTH,sequence=343392,truth_tick_us=687700593,mechanical_angle_rad=1.948155642,valid=1,read_failures=0"
dengfoc,"SYNC_TRUTH,sequence=343393,truth_tick_us=687702589,mechanical_angle_rad=2.057068348,valid=1,read_failures=0"
dengfoc,"SYNC_TRUTH,sequence=343394,truth_tick_us=687704593,mechanical_angle_rad=2.159845114,valid=1,read_failures=0"
dengfoc,"SYNC_TRUTH,sequence=343395,truth_tick_us=687706589,mechanical_angle_rad=2.270291567,valid=1,read_failures=0"
dengfoc,"SYNC_TRUTH,sequence=343396,truth_tick_us=687708593,mechanical_angle_rad=2.370000362,valid=1,read_failures=0"
g431,"FTR,76080,4,-239,635,-396,0,800,4,642,-3041,5538,55,945,379,12159,389,389,1197,506,0,29534,-117,1136,137,502,5,123,0,0,0,1"
dengfoc,"SYNC_TRUTH,sequence=343397,truth_tick_us=687710589,mechanical_angle_rad=2.475845098,valid=1,read_failures=0"
dengfoc,"SYNC_TRUTH,sequence=343398,truth_tick_us=687712593,mechanical_angle_rad=2.583223820,valid=1,read_failures=0"
dengfoc,"SYNC_TRUTH,sequence=343399,truth_tick_us=687714589,mechanical_angle_rad=2.684466362,valid=1,read_failures=0"
dengfoc,"SYNC_TRUTH,sequence=343400,truth_tick_us=687716593,mechanical_angle_rad=2.791845083,valid=1,read_failures=0"
dengfoc,"SYNC_TRUTH,sequence=343401,truth_tick_us=687718589,mechanical_angle_rad=2.894621849,valid=1,read_failures=0"
dengfoc,"SYNC_TRUTH,sequence=343402,truth_tick_us=687720593,mechanical_angle_rad=3.002000570,valid=1,read_failures=0"
dengfoc,"SYNC_TRUTH,sequence=343403,truth_tick_us=687722589,mechanical_angle_rad=3.109379053,valid=1,read_failures=0"
dengfoc,"SYNC_TRUTH,sequence=343404,truth_tick_us=687724593,mechanical_angle_rad=3.207553864,valid=1,read_failures=0"
dengfoc,"SYNC_TRUTH,sequence=343405,truth_tick_us=687726589,mechanical_angle_rad=3.313398600,valid=1,read_failures=0"
dengfoc,"SYNC_TRUTH,sequence=343406,truth_tick_us=687728593,mechanical_angle_rad=3.420777321,valid=1,read_failures=0"
dengfoc,"SYNC_TRUTH,sequence=343407,truth_tick_us=687730589,mechanical_angle_rad=3.523554087,valid=1,read_failures=0"
dengfoc,"SYNC_TRUTH,sequence=343408,truth_tick_us=687732593,mechanical_angle_rad=3.630932570,valid=1,read_failures=0"
g431,"FTR,76320,4,-634,337,297,0,800,3,634,-3019,5565,51,545,949,12185,1539,1539,2348,509,0,29534,-1091,336,155,504,5,123,0,0,0,1"
dengfoc,"SYNC_TRUTH,sequence=343409,truth_tick_us=687734589,mechanical_angle_rad=3.732175350,valid=1,read_failures=0"
dengfoc,"SYNC_TRUTH,sequence=343410,truth_tick_us=687736593,mechanical_angle_rad=3.841088057,valid=1,read_failures=0"
dengfoc,"SYNC_TRUTH,sequence=343411,truth_tick_us=687738589,mechanical_angle_rad=3.953068495,valid=1,read_failures=0"
dengfoc,"SYNC_TRUTH,sequence=343412,truth_tick_us=687740593,mechanical_angle_rad=4.055845261,valid=1,read_failures=0"
dengfoc,"SYNC_TRUTH,sequence=343413,truth_tick_us=687742589,mechanical_angle_rad=4.161689758,valid=1,read_failures=0"
dengfoc,"SYNC_TRUTH,sequence=343414,truth_tick_us=687744593,mechanical_angle_rad=4.264466763,valid=1,read_failures=0"
dengfoc,"SYNC_TRUTH,sequence=343415,truth_tick_us=687746589,mechanical_angle_rad=4.376447201,valid=1,read_failures=0"
g431,"FTR,76560,4,-259,-369,627,0,800,3,630,-3126,5506,576,52,948,12185,2724,2724,3534,511,0,29534,-724,-886,154,507,5,123,0,0,0,1"
dengfoc,"SYNC_TRUTH,sequence=343416,truth_tick_us=687748593,mechanical_angle_rad=4.488428116,valid=1,read_failures=0"
dengfoc,"SYNC_TRUTH,sequence=343417,truth_tick_us=687750589,mechanical_angle_rad=4.591204643,valid=1,read_failures=0"
dengfoc,"SYNC_TRUTH,sequence=343418,truth_tick_us=687752593,mechanical_angle_rad=4.701651096,valid=1,read_failures=0"
dengfoc,"SYNC_TRUTH,sequence=343419,truth_tick_us=687754589,mechanical_angle_rad=4.815165997,valid=1,read_failures=0"
dengfoc,"SYNC_TRUTH,sequence=343420,truth_tick_us=687756593,mechanical_angle_rad=4.922544479,valid=1,read_failures=0"
dengfoc,"SYNC_TRUTH,sequence=343421,truth_tick_us=687758589,mechanical_angle_rad=5.032990932,valid=1,read_failures=0"
dengfoc,"SYNC_TRUTH,sequence=343422,truth_tick_us=687760593,mechanical_angle_rad=5.134233952,valid=1,read_failures=0"
dengfoc,"SYNC_TRUTH,sequence=343423,truth_tick_us=687762589,mechanical_angle_rad=5.244680405,valid=1,read_failures=0"
dengfoc,"SYNC_TRUTH,sequence=343424,truth_tick_us=687764593,mechanical_angle_rad=5.358194828,valid=1,read_failures=0"
dengfoc,"SYNC_TRUTH,sequence=343425,truth_tick_us=687766589,mechanical_angle_rad=5.460971832,valid=1,read_failures=0"
dengfoc,"SYNC_TRUTH,sequence=343426,truth_tick_us=687768593,mechanical_angle_rad=5.571418285,valid=1,read_failures=0"
dengfoc,"SYNC_TRUTH,sequence=343427,truth_tick_us=687770589,mechanical_angle_rad=5.674195290,valid=1,read_failures=0"
g431,"FTR,76800,4,458,-618,160,0,800,3,641,-2992,5564,936,64,310,12159,3942,3942,4754,513,0,29534,575,-996,143,509,5,123,0,0,0,1"
dengfoc,"SYNC_TRUTH,sequence=343428,truth_tick_us=687772593,mechanical_angle_rad=5.784641743,valid=1,read_failures=0"
dengfoc,"SYNC_TRUTH,sequence=343429,truth_tick_us=687774589,mechanical_angle_rad=5.893554211,valid=1,read_failures=0"
dengfoc,"SYNC_TRUTH,sequence=343430,truth_tick_us=687776593,mechanical_angle_rad=5.994797230,valid=1,read_failures=0"
dengfoc,"SYNC_TRUTH,sequence=343431,truth_tick_us=687778589,mechanical_angle_rad=6.103709698,valid=1,read_failures=0"
dengfoc,"SYNC_TRUTH,sequence=343432,truth_tick_us=687780593,mechanical_angle_rad=6.212622166,valid=1,read_failures=0"
dengfoc,"SYNC_TRUTH,sequence=343433,truth_tick_us=687782589,mechanical_angle_rad=0.032213598,valid=1,read_failures=0"
dengfoc,"SYNC_TRUTH,sequence=343434,truth_tick_us=687784593,mechanical_angle_rad=0.142660215,valid=1,read_failures=0"
dengfoc,"SYNC_TRUTH,sequence=343435,truth_tick_us=687786589,mechanical_angle_rad=0.246970907,valid=1,read_failures=0"
dengfoc,"SYNC_TRUTH,sequence=343436,truth_tick_us=687788593,mechanical_angle_rad=0.357417524,valid=1,read_failures=0"
dengfoc,"SYNC_TRUTH,sequence=343437,truth_tick_us=687790589,mechanical_angle_rad=0.467864156,valid=1,read_failures=0"
dengfoc,"SYNC_TRUTH,sequence=343438,truth_tick_us=687792593,mechanical_angle_rad=0.569106877,valid=1,read_failures=0"
dengfoc,"SYNC_TRUTH,sequence=343439,truth_tick_us=687794589,mechanical_angle_rad=0.679553509,valid=1,read_failures=0"
dengfoc,"SYNC_TRUTH,sequence=343440,truth_tick_us=687796593,mechanical_angle_rad=0.786932170,valid=1,read_failures=0"
g431,"FTR,77040,4,560,-21,-539,0,800,-6,635,-2981,5563,905,839,95,12146,5195,5195,6007,515,0,29534,1102,223,137,511,5,123,0,0,0,1"
dengfoc,"SYNC_TRUTH,sequence=343441,truth_tick_us=687798589,mechanical_angle_rad=0.900446773,valid=1,read_failures=0"
dengfoc,"SYNC_TRUTH,sequence=343442,truth_tick_us=687800593,mechanical_angle_rad=1.010893345,valid=1,read_failures=0"
dengfoc,"SYNC_TRUTH,sequence=343443,truth_tick_us=687802589,mechanical_angle_rad=1.116738081,valid=1,read_failures=0"
dengfoc,"SYNC_TRUTH,sequence=343444,truth_tick_us=687804593,mechanical_angle_rad=1.230252624,valid=1,read_failures=0"
dengfoc,"SYNC_TRUTH,sequence=343445,truth_tick_us=687806589,mechanical_angle_rad=1.345301151,valid=1,read_failures=0"
dengfoc,"SYNC_TRUTH,sequence=343446,truth_tick_us=687808593,mechanical_angle_rad=1.449611902,valid=1,read_failures=0"
dengfoc,"SYNC_TRUTH,sequence=343447,truth_tick_us=687810589,mechanical_angle_rad=1.561592460,valid=1,read_failures=0"
g431,"FTR,77280,4,-124,605,-480,0,800,1,639,-3075,5527,76,924,239,12172,198,198,1011,517,0,29534,92,1132,140,514,5,123,0,0,0,1"
dengfoc,"SYNC_TRUTH,sequence=343448,truth_tick_us=687812593,mechanical_angle_rad=1.667437196,valid=1,read_failures=0"
dengfoc,"SYNC_TRUTH,sequence=343449,truth_tick_us=687814589,mechanical_angle_rad=1.785553694,valid=1,read_failures=0"
dengfoc,"SYNC_TRUTH,sequence=343450,truth_tick_us=687816593,mechanical_angle_rad=1.899068236,valid=1,read_failures=0"
dengfoc,"SYNC_TRUTH,sequence=343451,truth_tick_us=687818589,mechanical_angle_rad=2.004912853,valid=1,read_failures=0"
dengfoc,"SYNC_TRUTH,sequence=343452,truth_tick_us=687820593,mechanical_angle_rad=2.116893530,valid=1,read_failures=0"
dengfoc,"SYNC_TRUTH,sequence=343453,truth_tick_us=687822589,mechanical_angle_rad=2.222738266,valid=1,read_failures=0"
dengfoc,"SYNC_TRUTH,sequence=343454,truth_tick_us=687824593,mechanical_angle_rad=2.333184958,valid=1,read_failures=0"
dengfoc,"SYNC_TRUTH,sequence=343455,truth_tick_us=687826589,mechanical_angle_rad=2.443631411,valid=1,read_failures=0"
dengfoc,"SYNC_TRUTH,sequence=343456,truth_tick_us=687828593,mechanical_angle_rad=2.546408176,valid=1,read_failures=0"
dengfoc,"SYNC_TRUTH,sequence=343457,truth_tick_us=687830589,mechanical_angle_rad=2.656854868,valid=1,read_failures=0"
dengfoc,"SYNC_TRUTH,sequence=343458,truth_tick_us=687832593,mechanical_angle_rad=2.767301321,valid=1,read_failures=0"
dengfoc,"SYNC_TRUTH,sequence=343459,truth_tick_us=687834589,mechanical_angle_rad=2.871612072,valid=1,read_failures=0"
g431,"FTR,77520,4,-637,343,294,0,800,-4,637,-3008,5564,51,562,949,12172,1519,1519,2334,520,0,29534,-1073,349,154,516,5,123,0,0,0,1"
dengfoc,"SYNC_TRUTH,sequence=343460,truth_tick_us=687836593,mechanical_angle_rad=2.982058764,valid=1,read_failures=0"
dengfoc,"SYNC_TRUTH,sequence=343461,truth_tick_us=687838589,mechanical_angle_rad=3.086369514,valid=1,read_failures=0"
dengfoc,"SYNC_TRUTH,sequence=343462,truth_tick_us=687840593,mechanical_angle_rad=3.193747997,valid=1,read_failures=0"
dengfoc,"SYNC_TRUTH,sequence=343463,truth_tick_us=687842589,mechanical_angle_rad=3.302660704,valid=1,read_failures=0"
dengfoc,"SYNC_TRUTH,sequence=343464,truth_tick_us=687844593,mechanical_angle_rad=3.406971455,valid=1,read_failures=0"
dengfoc,"SYNC_TRUTH,sequence=343465,truth_tick_us=687846589,mechanical_angle_rad=3.517418146,valid=1,read_failures=0"
dengfoc,"SYNC_TRUTH,sequence=343466,truth_tick_us=687848593,mechanical_angle_rad=3.627864599,valid=1,read_failures=0"
g431,"FTR,77760,4,-163,-439,602,0,800,-2,622,-3153,5483,696,64,936,12172,2874,2874,3690,523,0,29534,-572,-974,152,518,5,123,0,0,0,1"
dengfoc,"SYNC_TRUTH,sequence=343467,truth_tick_us=687850589,mechanical_angle_rad=3.730641365,valid=1,read_failures=0"
dengfoc,"SYNC_TRUTH,sequence=343468,truth_tick_us=687852593,mechanical_angle_rad=3.844156027,valid=1,read_failures=0"
dengfoc,"SYNC_TRUTH,sequence=343469,truth_tick_us=687854589,mechanical_angle_rad=3.951534510,valid=1,read_failures=0"
dengfoc,"SYNC_TRUTH,sequence=343470,truth_tick_us=687856593,mechanical_angle_rad=4.063515186,valid=1,read_failures=0"
dengfoc,"SYNC_TRUTH,sequence=343471,truth_tick_us=687858589,mechanical_angle_rad=4.172427654,valid=1,read_failures=0"
dengfoc,"SYNC_TRUTH,sequence=343472,truth_tick_us=687860593,mechanical_angle_rad=4.278272629,valid=1,read_failures=0"
dengfoc,"SYNC_TRUTH,sequence=343473,truth_tick_us=687862589,mechanical_angle_rad=4.394855022,valid=1,read_failures=0"
dengfoc,"SYNC_TRUTH,sequence=343474,truth_tick_us=687864593,mechanical_angle_rad=4.502233505,valid=1,read_failures=0"
dengfoc,"SYNC_TRUTH,sequence=343475,truth_tick_us=687866589,mechanical_angle_rad=4.614214420,valid=1,read_failures=0"
dengfoc,"SYNC_TRUTH,sequence=343476,truth_tick_us=687868593,mechanical_angle_rad=4.727728844,valid=1,read_failures=0"
dengfoc,"SYNC_TRUTH,sequence=343477,truth_tick_us=687870589,mechanical_angle_rad=4.838175774,valid=1,read_failures=0"
dengfoc,"SYNC_TRUTH,sequence=343478,truth_tick_us=687872593,mechanical_angle_rad=4.953224182,valid=1,read_failures=0"
g431,"FTR,78000,4,579,-535,-45,0,800,3,645,-3032,5550,901,145,99,12172,4264,4264,5082,524,0,29534,847,-758,133,521,5,123,0,0,0,1"
dengfoc,"SYNC_TRUTH,sequence=343479,truth_tick_us=687874589,mechanical_angle_rad=5.059068680,valid=1,read_failures=0"
dengfoc,"SYNC_TRUTH,sequence=343480,truth_tick_us=687876593,mechanical_angle_rad=5.172583580,valid=1,read_failures=0"
dengfoc,"SYNC_TRUTH,sequence=343481,truth_tick_us=687878589,mechanical_angle_rad=5.286098003,valid=1,read_failures=0"
dengfoc,"SYNC_TRUTH,sequence=343482,truth_tick_us=687880593,mechanical_angle_rad=5.393476486,valid=1,read_failures=0"
dengfoc,"SYNC_TRUTH,sequence=343483,truth_tick_us=687882589,mechanical_angle_rad=5.506991386,valid=1,read_failures=0"
dengfoc,"SYNC_TRUTH,sequence=343484,truth_tick_us=687884593,mechanical_angle_rad=5.618971825,valid=1,read_failures=0"
dengfoc,"SYNC_TRUTH,sequence=343485,truth_tick_us=687886589,mechanical_angle_rad=5.724816322,valid=1,read_failures=0"
dengfoc,"SYNC_TRUTH,sequence=343486,truth_tick_us=687888593,mechanical_angle_rad=5.836797237,valid=1,read_failures=0"
g431,"FTR,78240,4,353,273,-626,0,800,1,627,-3028,5530,574,948,52,12133,5687,5687,222,527,0,29534,864,722,136,523,5,123,0,0,0,1"
dengfoc,"SYNC_TRUTH,sequence=343487,truth_tick_us=687890589,mechanical_angle_rad=5.941107750,valid=1,read_failures=0"
dengfoc,"SYNC_TRUTH,sequence=343488,truth_tick_us=687892597,mechanical_angle_rad=6.053088188,valid=1,read_failures=0"
dengfoc,"SYNC_TRUTH,sequence=343489,truth_tick_us=687894589,mechanical_angle_rad=6.165069103,valid=1,read_failures=0"
dengfoc,"SYNC_TRUTH,sequence=343490,truth_tick_us=687896597,mechanical_angle_rad=6.270913601,valid=1,read_failures=0"
dengfoc,"SYNC_TRUTH,sequence=343491,truth_tick_us=687898593,mechanical_angle_rad=0.099708751,valid=1,read_failures=0"
dengfoc,"SYNC_TRUTH,sequence=343492,truth_tick_us=687900593,mechanical_angle_rad=0.213223338,valid=1,read_failures=0"
dengfoc,"SYNC_ANCHOR_RX,session=2026100505,edge_sequence=5013,edge_tag=913,truth_tick_us=687892122,source=2,flags=0x00000003"
dengfoc,"SYNC_TRUTH,sequence=343493,truth_tick_us=687903597,mechanical_angle_rad=0.377359271,valid=1,read_failures=0"
dengfoc,"SYNC_TRUTH,sequence=343494,truth_tick_us=687905593,mechanical_angle_rad=0.489339888,valid=1,read_failures=0"
dengfoc,"SYNC_TRUTH,sequence=343495,truth_tick_us=687907589,mechanical_angle_rad=0.593650579,valid=1,read_failures=0"
dengfoc,"SYNC_TRUTH,sequence=343496,truth_tick_us=687909593,mechanical_angle_rad=0.708699167,valid=1,read_failures=0"
dengfoc,"SYNC_TRUTH,sequence=343497,truth_tick_us=687911589,mechanical_angle_rad=0.819145739,valid=1,read_failures=0"
g431,"FTR,78480,4,-480,597,-117,0,800,0,633,-3150,5484,75,925,757,12172,861,861,1680,529,0,29534,-624,919,148,525,5,127,13,0,0,1"
dengfoc,"SYNC_TRUTH,sequence=343498,truth_tick_us=687913593,mechanical_angle_rad=0.934194326,valid=1,read_failures=0"
dengfoc,"SYNC_TRUTH,sequence=343499,truth_tick_us=687915589,mechanical_angle_rad=1.047708869,valid=1,read_failures=0"
dengfoc,"SYNC_TRUTH,sequence=343500,truth_tick_us=687917593,mechanical_angle_rad=1.156621575,valid=1,read_failures=0"
dengfoc,"SYNC_TRUTH,sequence=343501,truth_tick_us=687919589,mechanical_angle_rad=1.274738073,valid=1,read_failures=0"
dengfoc,"SYNC_TRUTH,sequence=343502,truth_tick_us=687921593,mechanical_angle_rad=1.383650661,valid=1,read_failures=0"
dengfoc,"SYNC_TRUTH,sequence=343503,truth_tick_us=687923589,mechanical_angle_rad=1.498699307,valid=1,read_failures=0"
dengfoc,"SYNC_TRUTH,sequence=343504,truth_tick_us=687925593,mechanical_angle_rad=1.612213850,valid=1,read_failures=0"
dengfoc,"SYNC_TRUTH,sequence=343505,truth_tick_us=687927589,mechanical_angle_rad=1.724194407,valid=1,read_failures=0"
g431,"FTR,78720,4,-455,-161,616,0,800,2,639,-3110,5515,288,67,933,12185,2353,2353,3174,532,1,29534,-982,-556,144,528,5,127,33,0,0,1"
dengfoc,"SYNC_TRUTH,sequence=343506,truth_tick_us=687929593,mechanical_angle_rad=1.842311025,valid=1,read_failures=0"
dengfoc,"SYNC_TRUTH,sequence=343507,truth_tick_us=687931589,mechanical_angle_rad=1.958893538,valid=1,read_failures=0"
dengfoc,"SYNC_TRUTH,sequence=343508,truth_tick_us=687933593,mechanical_angle_rad=2.066272259,valid=1,read_failures=0"
dengfoc,"SYNC_TRUTH,sequence=343509,truth_tick_us=687935589,mechanical_angle_rad=2.182854652,valid=1,read_failures=0"
dengfoc,"SYNC_TRUTH,sequence=343510,truth_tick_us=687937593,mechanical_angle_rad=2.290233374,valid=1,read_failures=0"
dengfoc,"SYNC_TRUTH,sequence=343511,truth_tick_us=687939589,mechanical_angle_rad=2.403748035,valid=1,read_failures=0"
dengfoc,"SYNC_TRUTH,sequence=343512,truth_tick_us=687941593,mechanical_angle_rad=2.515728474,valid=1,read_failures=0"
dengfoc,"SYNC_TRUTH,sequence=343513,truth_tick_us=687943589,mechanical_angle_rad=2.621573210,valid=1,read_failures=0"
dengfoc,"SYNC_TRUTH,sequence=343514,truth_tick_us=687945593,mechanical_angle_rad=2.733553886,valid=1,read_failures=0"
dengfoc,"SYNC_TRUTH,sequence=343515,truth_tick_us=687947589,mechanical_angle_rad=2.840932608,valid=1,read_failures=0"
dengfoc,"SYNC_TRUTH,sequence=343516,truth_tick_us=687949593,mechanical_angle_rad=2.952913046,valid=1,read_failures=0"
dengfoc,"SYNC_TRUTH,sequence=343517,truth_tick_us=687951589,mechanical_angle_rad=3.067961693,valid=1,read_failures=0"
g431,"FTR,78960,4,426,-613,187,0,800,-5,628,-3102,5512,941,59,343,12172,3879,3879,4702,534,1,29534,512,-1012,141,530,6,127,53,0,0,1"
dengfoc,"SYNC_TRUTH,sequence=343518,truth_tick_us=687953593,mechanical_angle_rad=3.172272444,valid=1,read_failures=0"
dengfoc,"SYNC_TRUTH,sequence=343519,truth_tick_us=687955589,mechanical_angle_rad=3.284252882,valid=1,read_failures=0"
dengfoc,"SYNC_TRUTH,sequence=343520,truth_tick_us=687957593,mechanical_angle_rad=3.397767544,valid=1,read_failures=0"
dengfoc,"SYNC_TRUTH,sequence=343521,truth_tick_us=687959589,mechanical_angle_rad=3.503612280,valid=1,read_failures=0"
dengfoc,"SYNC_TRUTH,sequence=343522,truth_tick_us=687961593,mechanical_angle_rad=3.617126703,valid=1,read_failures=0"
dengfoc,"SYNC_TRUTH,sequence=343523,truth_tick_us=687963589,mechanical_angle_rad=3.722971439,valid=1,read_failures=0"
dengfoc,"SYNC_TRUTH,sequence=343524,truth_tick_us=687965593,mechanical_angle_rad=3.838020086,valid=1,read_failures=0"
g431,"FTR,79200,4,469,128,-597,0,800,-1,629,-3102,5512,753,926,74,12172,5440,5440,6262,536,1,29534,999,491,140,532,5,127,73,0,0,1"
dengfoc,"SYNC_TRUTH,sequence=343525,truth_tick_us=687967589,mechanical_angle_rad=3.954602480,valid=1,read_failures=0"
dengfoc,"SYNC_TRUTH,sequence=343526,truth_tick_us=687969593,mechanical_angle_rad=4.061981201,valid=1,read_failures=0"
dengfoc,"SYNC_TRUTH,sequence=343527,truth_tick_us=687971589,mechanical_angle_rad=4.175495625,valid=1,read_failures=0"
dengfoc,"SYNC_TRUTH,sequence=343528,truth_tick_us=687973593,mechanical_angle_rad=4.284408569,valid=1,read_failures=0"
dengfoc,"SYNC_TRUTH,sequence=343529,truth_tick_us=687975589,mechanical_angle_rad=4.402524948,valid=1,read_failures=0"
dengfoc,"SYNC_TRUTH,sequence=343530,truth_tick_us=687977593,mechanical_angle_rad=4.519107342,valid=1,read_failures=0"
dengfoc,"SYNC_TRUTH,sequence=343531,truth_tick_us=687979589,mechanical_angle_rad=4.628020287,valid=1,read_failures=0"
dengfoc,"SYNC_TRUTH,sequence=343532,truth_tick_us=687981593,mechanical_angle_rad=4.744602680,valid=1,read_failures=0"
dengfoc,"SYNC_TRUTH,sequence=343533,truth_tick_us=687983589,mechanical_angle_rad=4.864253044,valid=1,read_failures=0"
dengfoc,"SYNC_TRUTH,sequence=343534,truth_tick_us=687985593,mechanical_angle_rad=4.974699974,valid=1,read_failures=0"
dengfoc,"SYNC_TRUTH,sequence=343535,truth_tick_us=687987589,mechanical_angle_rad=5.091282368,valid=1,read_failures=0"
dengfoc,"SYNC_TRUTH,sequence=343536,truth_tick_us=687989593,mechanical_angle_rad=5.198660851,valid=1,read_failures=0"
dengfoc,"SYNC_TRUTH,sequence=343537,truth_tick_us=687991589,mechanical_angle_rad=5.316777706,valid=1,read_failures=0"
g431,"FTR,79440,4,-436,616,-180,0,800,-5,633,-3211,5449,62,938,682,12172,751,751,1575,539,1,29534,-523,974,151,535,5,127,93,0,0,1"
dengfoc,"SYNC_TRUTH,sequence=343538,truth_tick_us=687993593,mechanical_angle_rad=5.433360100,valid=1,read_failures=0"
dengfoc,"SYNC_TRUTH,sequence=343539,truth_tick_us=687995589,mechanical_angle_rad=5.542272568,valid=1,read_failures=0"
dengfoc,"SYNC_TRUTH,sequence=343540,truth_tick_us=687997593,mechanical_angle_rad=5.657321453,valid=1,read_failures=0"
dengfoc,"SYNC_TRUTH,sequence=343541,truth_tick_us=687999589,mechanical_angle_rad=5.766233921,valid=1,read_failures=0"
dengfoc,"SYNC_TRUTH,sequence=343542,truth_tick_us=688001593,mechanical_angle_rad=5.881282330,valid=1,read_failures=0"
dengfoc,"SYNC_TRUTH,sequence=343543,truth_tick_us=688003589,mechanical_angle_rad=5.994797230,valid=1,read_failures=0"
dengfoc,"SYNC_TRUTH,sequence=343544,truth_tick_us=688005593,mechanical_angle_rad=6.102175713,valid=1,read_failures=0"
dengfoc,"SYNC_TRUTH,sequence=343545,truth_tick_us=688007589,mechanical_angle_rad=6.217224121,valid=1,read_failures=0"
dengfoc,"SYNC_TRUTH,sequence=343546,truth_tick_us=688009593,mechanical_angle_rad=0.049087387,valid=1,read_failures=0"
dengfoc,"SYNC_TRUTH,sequence=343547,truth_tick_us=688011589,mechanical_angle_rad=0.156466052,valid=1,read_failures=0"
dengfoc,"SYNC_TRUTH,sequence=343548,truth_tick_us=688013593,mechanical_angle_rad=0.273048580,valid=1,read_failures=0"
dengfoc,"SYNC_TRUTH,sequence=343549,truth_tick_us=688015589,mechanical_angle_rad=0.383495212,valid=1,read_failures=0"
g431,"FTR,79680,4,-437,-176,613,0,800,2,631,-3166,5483,316,63,937,12185,2379,2379,3204,541,1,29534,-966,-580,140,537,6,127,113,0,0,1"
dengfoc,"SYNC_TRUTH,sequence=343550,truth_tick_us=688017593,mechanical_angle_rad=0.498543769,valid=1,read_failures=0"
dengfoc,"SYNC_TRUTH,sequence=343551,truth_tick_us=688019589,mechanical_angle_rad=0.613592327,valid=1,read_failures=0"
dengfoc,"SYNC_TRUTH,sequence=343552,truth_tick_us=688021593,mechanical_angle_rad=0.724038959,valid=1,read_failures=0"
dengfoc,"SYNC_TRUTH,sequence=343553,truth_tick_us=688023589,mechanical_angle_rad=0.843689442,valid=1,read_failures=0"
dengfoc,"SYNC_TRUTH,sequence=343554,truth_tick_us=688025593,mechanical_angle_rad=0.954136074,valid=1,read_failures=0"
dengfoc,"SYNC_TRUTH,sequence=343555,truth_tick_us=688027589,mechanical_angle_rad=1.070718646,valid=1,read_failures=0"
dengfoc,"SYNC_TRUTH,sequence=343556,truth_tick_us=688029593,mechanical_angle_rad=1.188835144,valid=1,read_failures=0"
g431,"FTR,79920,4,500,-591,91,0,800,-2,636,-3129,5496,919,81,218,12172,4042,4042,4868,543,1,29534,660,-911,133,539,6,127,133,0,0,1"
dengfoc,"SYNC_TRUTH,sequence=343557,truth_tick_us=688031589,mechanical_angle_rad=1.302349687,valid=1,read_failures=0"
dengfoc,"SYNC_TRUTH,sequence=343558,truth_tick_us=688033593,mechanical_angle_rad=1.422000289,valid=1,read_failures=0"
dengfoc,"SYNC_TRUTH,sequence=343559,truth_tick_us=688035589,mechanical_angle_rad=1.538582802,valid=1,read_failures=0"
dengfoc,"SYNC_TRUTH,sequence=343560,truth_tick_us=688037593,mechanical_angle_rad=1.650563359,valid=1,read_failures=0"
dengfoc,"SYNC_TRUTH,sequence=343561,truth_tick_us=688039589,mechanical_angle_rad=1.771747828,valid=1,read_failures=0"
dengfoc,"SYNC_TRUTH,sequence=343562,truth_tick_us=688041593,mechanical_angle_rad=1.885262489,valid=1,read_failures=0"
dengfoc,"SYNC_TRUTH,sequence=343563,truth_tick_us=688043589,mechanical_angle_rad=2.003378868,valid=1,read_failures=0"
dengfoc,"SYNC_TRUTH,sequence=343564,truth_tick_us=688045593,mechanical_angle_rad=2.121495485,valid=1,read_failures=0"
dengfoc,"SYNC_TRUTH,sequence=343565,truth_tick_us=688047589,mechanical_angle_rad=2.233476162,valid=1,read_failures=0"
dengfoc,"SYNC_TRUTH,sequence=343566,truth_tick_us=688049593,mechanical_angle_rad=2.348524570,valid=1,read_failures=0"
dengfoc,"SYNC_TRUTH,sequence=343567,truth_tick_us=688051589,mechanical_angle_rad=2.457437277,valid=1,read_failures=0"
dengfoc,"SYNC_TRUTH,sequence=343568,truth_tick_us=688053593,mechanical_angle_rad=2.572485924,valid=1,read_failures=0"
g431,"FTR,80160,4,327,297,-624,0,800,5,624,-3148,5470,517,950,50,12146,5739,5739,283,545,1,29534,806,761,136,542,6,127,153,0,0,1"
dengfoc,"SYNC_TRUTH,sequence=343569,truth_tick_us=688055589,mechanical_angle_rad=2.687534332,valid=1,read_failures=0"
dengfoc,"SYNC_TRUTH,sequence=343570,truth_tick_us=688057593,mechanical_angle_rad=2.796447039,valid=1,read_failures=0"
dengfoc,"SYNC_TRUTH,sequence=343571,truth_tick_us=688059589,mechanical_angle_rad=2.913029671,valid=1,read_failures=0"
dengfoc,"SYNC_TRUTH,sequence=343572,truth_tick_us=688061593,mechanical_angle_rad=3.029612064,valid=1,read_failures=0"
dengfoc,"SYNC_TRUTH,sequence=343573,truth_tick_us=688063589,mechanical_angle_rad=3.136990786,valid=1,read_failures=0"
dengfoc,"SYNC_TRUTH,sequence=343574,truth_tick_us=688065593,mechanical_angle_rad=3.252039433,valid=1,read_failures=0"
dengfoc,"SYNC_TRUTH,sequence=343575,truth_tick_us=688067589,mechanical_angle_rad=3.360951900,valid=1,read_failures=0"
g431,"FTR,80400,4,-578,488,89,0,800,-3,622,-3218,5453,81,785,919,12185,1187,1187,2015,548,1,29534,-886,658,150,544,5,127,173,0,0,1"
dengfoc,"SYNC_TRUTH,sequence=343576,truth_tick_us=688069593,mechanical_angle_rad=3.476000547,valid=1,read_failures=0"
dengfoc,"SYNC_TRUTH,sequence=343577,truth_tick_us=688071589,mechanical_angle_rad=3.592583179,valid=1,read_failures=0"
dengfoc,"SYNC_TRUTH,sequence=343578,truth_tick_us=688073593,mechanical_angle_rad=3.699961662,valid=1,read_failures=0"
dengfoc,"SYNC_TRUTH,sequence=343579,truth_tick_us=688075589,mechanical_angle_rad=3.818078279,valid=1,read_failures=0"
dengfoc,"SYNC_TRUTH,sequence=343580,truth_tick_us=688077593,mechanical_angle_rad=3.937728882,valid=1,read_failures=0"
dengfoc,"SYNC_TRUTH,sequence=343581,truth_tick_us=688079589,mechanical_angle_rad=4.048175335,valid=1,read_failures=0"
dengfoc,"SYNC_TRUTH,sequence=343582,truth_tick_us=688081593,mechanical_angle_rad=4.163223743,valid=1,read_failures=0"
dengfoc,"SYNC_TRUTH,sequence=343583,truth_tick_us=688083589,mechanical_angle_rad=4.275204659,valid=1,read_failures=0"
dengfoc,"SYNC_TRUTH,sequence=343584,truth_tick_us=688085593,mechanical_angle_rad=4.396389008,valid=1,read_failures=0"
dengfoc,"SYNC_TRUTH,sequence=343585,truth_tick_us=688087589,mechanical_angle_rad=4.516039371,valid=1,read_failures=0"
dengfoc,"SYNC_TRUTH,sequence=343586,truth_tick_us=688089593,mechanical_angle_rad=4.626486301,valid=1,read_failures=0"
dengfoc,"SYNC_TRUTH,sequence=343587,truth_tick_us=688091589,mechanical_angle_rad=4.746136665,valid=1,read_failures=0"
dengfoc,"SYNC_TRUTH,sequence=343588,truth_tick_us=688093593,mechanical_angle_rad=4.861185074,valid=1,read_failures=0"
g431,"FTR,80640,4,-110,-468,578,0,800,-6,614,-3286,5412,772,78,922,12185,2952,2952,3782,551,1,29534,-474,-1007,153,546,5,127,193,0,0,1"
dengfoc,"SYNC_TRUTH,sequence=343589,truth_tick_us=688095589,mechanical_angle_rad=4.982369900,valid=1,read_failures=0"
dengfoc,"SYNC_TRUTH,sequence=343590,truth_tick_us=688097593,mechanical_angle_rad=5.100486279,valid=1,read_failures=0"
dengfoc,"SYNC_TRUTH,sequence=343591,truth_tick_us=688099589,mechanical_angle_rad=5.210932732,valid=1,read_failures=0"
dengfoc,"SYNC_TRUTH,sequence=343592,truth_tick_us=688101593,mechanical_angle_rad=5.332117558,valid=1,read_failures=0"
dengfoc,"SYNC_TRUTH,sequence=343593,truth_tick_us=688103589,mechanical_angle_rad=5.444097996,valid=1,read_failures=0"
dengfoc,"SYNC_TRUTH,sequence=343594,truth_tick_us=688105593,mechanical_angle_rad=5.562214375,valid=1,read_failures=0"
dengfoc,"SYNC_TRUTH,sequence=343595,truth_tick_us=688107589,mechanical_angle_rad=5.680331230,valid=1,read_failures=0"
g431,"FTR,80880,4,630,-300,-330,0,800,7,631,-3281,5399,949,548,51,12159,4751,4751,5583,552,1,29534,1072,-253,132,549,5,127,213,0,0,1"
dengfoc,"SYNC_TRUTH,sequence=343596,truth_tick_us=688109593,mechanical_angle_rad=5.790777683,valid=1,read_failures=0"
dengfoc,"SYNC_TRUTH,sequence=343597,truth_tick_us=688111589,mechanical_angle_rad=5.908894062,valid=1,read_failures=0"
dengfoc,"SYNC_TRUTH,sequence=343598,truth_tick_us=688113593,mechanical_angle_rad=6.025476933,valid=1,read_failures=0"
dengfoc,"SYNC_TRUTH,sequence=343599,truth_tick_us=688115589,mechanical_angle_rad=6.135923386,valid=1,read_failures=0"
dengfoc,"SYNC_TRUTH,sequence=343600,truth_tick_us=688117593,mechanical_angle_rad=6.254039764,valid=1,read_failures=0"
dengfoc,"SYNC_TRUTH,sequence=343601,truth_tick_us=688119589,mechanical_angle_rad=0.079767004,valid=1,read_failures=0"
dengfoc,"SYNC_TRUTH,sequence=343602,truth_tick_us=688121593,mechanical_angle_rad=0.199417502,valid=1,read_failures=0"
dengfoc,"SYNC_TRUTH,sequence=343603,truth_tick_us=688123589,mechanical_angle_rad=0.319068015,valid=1,read_failures=0"
dengfoc,"SYNC_TRUTH,sequence=343604,truth_tick_us=688125593,mechanical_angle_rad=0.429514647,valid=1,read_failures=0"
dengfoc,"SYNC_TRUTH,sequence=343605,truth_tick_us=688127589,mechanical_angle_rad=0.547631145,valid=1,read_failures=0"
dengfoc,"SYNC_TRUTH,sequence=343606,truth_tick_us=688129593,mechanical_angle_rad=0.665747702,valid=1,read_failures=0"
dengfoc,"SYNC_TRUTH,sequence=343607,truth_tick_us=688131589,mechanical_angle_rad=0.780796230,valid=1,read_failures=0"
g431,"FTR,81120,4,-187,619,-433,0,800,2,635,-3274,5419,59,941,344,12185,302,302,1133,555,1,29534,-40,1104,137,551,5,127,233,0,0,1"
dengfoc,"SYNC_TRUTH,sequence=343608,truth_tick_us=688133593,mechanical_angle_rad=0.901980758,valid=1,read_failures=0"
dengfoc,"SYNC_TRUTH,sequence=343609,truth_tick_us=688135589,mechanical_angle_rad=1.013961315,valid=1,read_failures=0"
dengfoc,"SYNC_TRUTH,sequence=343610,truth_tick_us=688137593,mechanical_angle_rad=1.135145783,valid=1,read_failures=0"
dengfoc,"SYNC_TRUTH,sequence=343611,truth_tick_us=688139589,mechanical_angle_rad=1.257864237,valid=1,read_failures=0"
dengfoc,"SYNC_TRUTH,sequence=343612,truth_tick_us=688141593,mechanical_angle_rad=1.372912884,valid=1,read_failures=0"
dengfoc,"SYNC_TRUTH,sequence=343613,truth_tick_us=688143589,mechanical_angle_rad=1.494097352,valid=1,read_failures=0"
dengfoc,"SYNC_TRUTH,sequence=343614,truth_tick_us=688145593,mechanical_angle_rad=1.606077909,valid=1,read_failures=0"
dengfoc,"SYNC_TRUTH,sequence=343615,truth_tick_us=688147589,mechanical_angle_rad=1.730330348,valid=1,read_failures=0"
g431,"FTR,81360,4,-517,-41,559,0,800,5,622,-3237,5433,172,92,908,12172,2170,2170,3003,557,1,29534,-1045,-375,147,553,5,127,253,0,0,1"
dengfoc,"SYNC_TRUTH,sequence=343616,truth_tick_us=688149593,mechanical_angle_rad=1.854582787,valid=1,read_failures=0"
dengfoc,"SYNC_TRUTH,sequence=343617,truth_tick_us=688151589,mechanical_angle_rad=1.968097448,valid=1,read_failures=0"
dengfoc,"SYNC_TRUTH,sequence=343618,truth_tick_us=688153593,mechanical_angle_rad=2.087747812,valid=1,read_failures=0"
dengfoc,"SYNC_TRUTH,sequence=343619,truth_tick_us=688155589,mechanical_angle_rad=2.202796459,valid=1,read_failures=0"
dengfoc,"SYNC_TRUTH,sequence=343620,truth_tick_us=688157593,mechanical_angle_rad=2.322447062,valid=1,read_failures=0"
dengfoc,"SYNC_TRUTH,sequence=343621,truth_tick_us=688159589,mechanical_angle_rad=2.442097425,valid=1,read_failures=0"
dengfoc,"SYNC_TRUTH,sequence=343622,truth_tick_us=688161593,mechanical_angle_rad=2.552544117,valid=1,read_failures=0"
dengfoc,"SYNC_TRUTH,sequence=343623,truth_tick_us=688163589,mechanical_angle_rad=2.669126749,valid=1,read_failures=0"
dengfoc,"SYNC_TRUTH,sequence=343624,truth_tick_us=688165593,mechanical_angle_rad=2.788777113,valid=1,read_failures=0"
dengfoc,"SYNC_TRUTH,sequence=343625,truth_tick_us=688167589,mechanical_angle_rad=2.899223804,valid=1,read_failures=0"
dengfoc,"SYNC_TRUTH,sequence=343626,truth_tick_us=688169593,mechanical_angle_rad=3.017340183,valid=1,read_failures=0"
dengfoc,"SYNC_TRUTH,sequence=343627,truth_tick_us=688171589,mechanical_angle_rad=3.129320860,valid=1,read_failures=0"
g431,"FTR,81600,4,504,-571,67,0,800,-6,625,-3211,5449,912,88,186,12172,4072,4072,4907,559,1,29534,690,-877,136,556,5,127,273,0,0,1"
dengfoc,"SYNC_TRUTH,sequence=343628,truth_tick_us=688173593,mechanical_angle_rad=3.245903492,valid=1,read_failures=0"
dengfoc,"SYNC_TRUTH,sequence=343629,truth_tick_us=688175589,mechanical_angle_rad=3.364019871,valid=1,read_failures=0"
dengfoc,"SYNC_TRUTH,sequence=343630,truth_tick_us=688177593,mechanical_angle_rad=3.476000547,valid=1,read_failures=0"
dengfoc,"SYNC_TRUTH,sequence=343631,truth_tick_us=688179589,mechanical_angle_rad=3.595651150,valid=1,read_failures=0"
dengfoc,"SYNC_TRUTH,sequence=343632,truth_tick_us=688181593,mechanical_angle_rad=3.712233543,valid=1,read_failures=0"
dengfoc,"SYNC_TRUTH,sequence=343633,truth_tick_us=688183589,mechanical_angle_rad=3.825748205,valid=1,read_failures=0"
dengfoc,"SYNC_TRUTH,sequence=343634,truth_tick_us=688185593,mechanical_angle_rad=3.946932793,valid=1,read_failures=0"
dengfoc,"SYNC_TRUTH,sequence=343635,truth_tick_us=688187589,mechanical_angle_rad=4.060447216,valid=1,read_failures=0"
dengfoc,"SYNC_TRUTH,sequence=343636,truth_tick_us=688189593,mechanical_angle_rad=4.178563595,valid=1,read_failures=0"
dengfoc,"SYNC_TRUTH,sequence=343637,truth_tick_us=688191589,mechanical_angle_rad=4.301282406,valid=1,read_failures=0"
dengfoc,"SYNC_TRUTH,sequence=343638,truth_tick_us=688193593,mechanical_angle_rad=4.416330814,valid=1,read_failures=0"
dengfoc,"SYNC_TRUTH,sequence=343639,truth_tick_us=688195589,mechanical_angle_rad=4.539049149,valid=1,read_failures=0"
g431,"FTR,81840,4,169,429,-599,0,800,1,617,-3294,5415,291,934,66,12198,6008,6008,560,562,1,29534,557,951,144,558,5,127,293,0,0,1"
dengfoc,"SYNC_TRUTH,sequence=343640,truth_tick_us=688197593,mechanical_angle_rad=4.652564049,valid=1,read_failures=0"
dengfoc,"SYNC_TRUTH,sequence=343641,truth_tick_us=688199589,mechanical_angle_rad=4.775282383,valid=1,read_failures=0"
dengfoc,"SYNC_TRUTH,sequence=343642,truth_tick_us=688201593,mechanical_angle_rad=4.901068687,valid=1,read_failures=0"
dengfoc,"SYNC_TRUTH,sequence=343643,truth_tick_us=688203589,mechanical_angle_rad=5.016117096,valid=1,read_failures=0"
dengfoc,"SYNC_TRUTH,sequence=343644,truth_tick_us=688205593,mechanical_angle_rad=5.137301922,valid=1,read_failures=0"
dengfoc,"SYNC_TRUTH,sequence=343645,truth_tick_us=688207589,mechanical_angle_rad=5.250816345,valid=1,read_failures=0"
dengfoc,"SYNC_TRUTH,sequence=343646,truth_tick_us=688209593,mechanical_angle_rad=5.373534679,valid=1,read_failures=0"
dengfoc,"SYNC_TRUTH,sequence=343647,truth_tick_us=688211589,mechanical_angle_rad=5.494719505,valid=1,read_failures=0"
g431,"FTR,82080,4,-618,243,375,0,800,1,622,-3275,5419,55,388,945,12185,1695,1695,2532,564,1,29534,-1089,140,145,560,5,127,313,0,0,1"
dengfoc,"SYNC_TRUTH,sequence=343648,truth_tick_us=688213593,mechanical_angle_rad=5.608233929,valid=1,read_failures=0"
dengfoc,"SYNC_TRUTH,sequence=343649,truth_tick_us=688215589,mechanical_angle_rad=5.729418278,valid=1,read_failures=0"
dengfoc,"SYNC_TRUTH,sequence=343650,truth_tick_us=688217593,mechanical_angle_rad=5.850603104,valid=1,read_failures=0"
dengfoc,"SYNC_TRUTH,sequence=343651,truth_tick_us=688219589,mechanical_angle_rad=5.962583542,valid=1,read_failures=0"
dengfoc,"SYNC_TRUTH,sequence=343652,truth_tick_us=688221593,mechanical_angle_rad=6.082233906,valid=1,read_failures=0"
dengfoc,"SYNC_TRUTH,sequence=343653,truth_tick_us=688223589,mechanical_angle_rad=6.195748806,valid=1,read_failures=0"
dengfoc,"SYNC_TRUTH,sequence=343654,truth_tick_us=688225593,mechanical_angle_rad=0.032213598,valid=1,read_failures=0"
dengfoc,"SYNC_TRUTH,sequence=343655,truth_tick_us=688227589,mechanical_angle_rad=0.151864097,valid=1,read_failures=0"
dengfoc,"SYNC_TRUTH,sequence=343656,truth_tick_us=688229593,mechanical_angle_rad=0.266912669,valid=1,read_failures=0"
dengfoc,"SYNC_TRUTH,sequence=343657,truth_tick_us=688231589,mechanical_angle_rad=0.388097137,valid=1,read_failures=0"
dengfoc,"SYNC_TRUTH,sequence=343658,truth_tick_us=688233593,mechanical_angle_rad=0.509281635,valid=1,read_failures=0"
dengfoc,"SYNC_TRUTH,sequence=343659,truth_tick_us=688235589,mechanical_angle_rad=0.622796237,valid=1,read_failures=0"
g431,"FTR,82320,4,324,-618,294,0,800,4,618,-3314,5395,949,51,452,12185,3699,3699,4538,567,1,29534,332,-1058,142,563,5,127,333,0,0,1"
dengfoc,"SYNC_TRUTH,sequence=343660,truth_tick_us=688237593,mechanical_angle_rad=0.745514691,valid=1,read_failures=0"
dengfoc,"SYNC_TRUTH,sequence=343661,truth_tick_us=688239589,mechanical_angle_rad=0.863631189,valid=1,read_failures=0"
dengfoc,"SYNC_TRUTH,sequence=343662,truth_tick_us=688241593,mechanical_angle_rad=0.986349702,valid=1,read_failures=0"
dengfoc,"SYNC_TRUTH,sequence=343663,truth_tick_us=688243589,mechanical_angle_rad=1.109068155,valid=1,read_failures=0"
dengfoc,"SYNC_TRUTH,sequence=343664,truth_tick_us=688245593,mechanical_angle_rad=1.225650668,valid=1,read_failures=0"
dengfoc,"SYNC_TRUTH,sequence=343665,truth_tick_us=688247589,mechanical_angle_rad=1.352971077,valid=1,read_failures=0"
dengfoc,"SYNC_TRUTH,sequence=343666,truth_tick_us=688249593,mechanical_angle_rad=1.468019605,valid=1,read_failures=0"
g431,"FTR,82560,4,321,292,-613,0,800,3,613,-3314,5387,495,950,50,12172,5738,5738,293,569,1,29534,787,766,142,565,5,127,353,0,0,1"
dengfoc,"SYNC_TRUTH,sequence=343667,truth_tick_us=688251589,mechanical_angle_rad=1.590738177,valid=1,read_failures=0"
dengfoc,"SYNC_TRUTH,sequence=343668,truth_tick_us=688253593,mechanical_angle_rad=1.716524601,valid=1,read_failures=0"
dengfoc,"SYNC_TRUTH,sequence=343669,truth_tick_us=688255589,mechanical_angle_rad=1.836175084,valid=1,read_failures=0"
dengfoc,"SYNC_TRUTH,sequence=343670,truth_tick_us=688257593,mechanical_angle_rad=1.960427523,valid=1,read_failures=0"
dengfoc,"SYNC_TRUTH,sequence=343671,truth_tick_us=688259589,mechanical_angle_rad=2.077010155,valid=1,read_failures=0"
dengfoc,"SYNC_TRUTH,sequence=343672,truth_tick_us=688261593,mechanical_angle_rad=2.201262474,valid=1,read_failures=0"
dengfoc,"SYNC_TRUTH,sequence=343673,truth_tick_us=688263589,mechanical_angle_rad=2.323981047,valid=1,read_failures=0"
dengfoc,"SYNC_TRUTH,sequence=343674,truth_tick_us=688265593,mechanical_angle_rad=2.437495470,valid=1,read_failures=0"
dengfoc,"SYNC_TRUTH,sequence=343675,truth_tick_us=688267589,mechanical_angle_rad=2.557146072,valid=1,read_failures=0"
dengfoc,"SYNC_TRUTH,sequence=343676,truth_tick_us=688269593,mechanical_angle_rad=2.676796436,valid=1,read_failures=0"
dengfoc,"SYNC_TRUTH,sequence=343677,truth_tick_us=688271589,mechanical_angle_rad=2.790311098,valid=1,read_failures=0"
dengfoc,"SYNC_TRUTH,sequence=343678,truth_tick_us=688273593,mechanical_angle_rad=2.911495686,valid=1,read_failures=0"
g431,"FTR,82800,4,-618,335,283,0,800,4,618,-3339,5371,50,508,950,12172,1528,1528,2368,572,1,29534,-1049,308,152,567,5,127,373,0,0,1"
dengfoc,"SYNC_TRUTH,sequence=343679,truth_tick_us=688275589,mechanical_angle_rad=3.026544094,valid=1,read_failures=0"
dengfoc,"SYNC_TRUTH,sequence=343680,truth_tick_us=688277593,mechanical_angle_rad=3.146194696,valid=1,read_failures=0"
dengfoc,"SYNC_TRUTH,sequence=343681,truth_tick_us=688279589,mechanical_angle_rad=3.267379284,valid=1,read_failures=0"
dengfoc,"SYNC_TRUTH,sequence=343682,truth_tick_us=688281593,mechanical_angle_rad=3.380893707,valid=1,read_failures=0"
dengfoc,"SYNC_TRUTH,sequence=343683,truth_tick_us=688283589,mechanical_angle_rad=3.502078295,valid=1,read_failures=0"
dengfoc,"SYNC_TRUTH,sequence=343684,truth_tick_us=688285593,mechanical_angle_rad=3.623262644,valid=1,read_failures=0"
dengfoc,"SYNC_TRUTH,sequence=343685,truth_tick_us=688287589,mechanical_angle_rad=3.735243320,valid=1,read_failures=0"
dengfoc,"SYNC_TRUTH,sequence=343686,truth_tick_us=688289593,mechanical_angle_rad=3.859495878,valid=1,read_failures=0"
g431,"FTR,83040,4,292,-619,327,0,800,1,620,-3360,5358,950,50,495,12172,3635,3635,4477,574,1,29534,266,-1071,144,570,5,127,393,0,0,1"
dengfoc,"SYNC_TRUTH,sequence=343687,truth_tick_us=688291589,mechanical_angle_rad=3.976078272,valid=1,read_failures=0"
dengfoc,"SYNC_TRUTH,sequence=343688,truth_tick_us=688293593,mechanical_angle_rad=4.097262859,valid=1,read_failures=0"
dengfoc,"SYNC_TRUTH,sequence=343689,truth_tick_us=688295589,mechanical_angle_rad=4.219981194,valid=1,read_failures=0"
dengfoc,"SYNC_TRUTH,sequence=343690,truth_tick_us=688297593,mechanical_angle_rad=4.338097572,valid=1,read_failures=0"
dengfoc,"SYNC_TRUTH,sequence=343691,truth_tick_us=688299589,mechanical_angle_rad=4.465418339,valid=1,read_failures=0"
dengfoc,"SYNC_TRUTH,sequence=343692,truth_tick_us=688301593,mechanical_angle_rad=4.582000732,valid=1,read_failures=0"
dengfoc,"SYNC_TRUTH,sequence=343693,truth_tick_us=688303589,mechanical_angle_rad=4.704719067,valid=1,read_failures=0"
dengfoc,"SYNC_TRUTH,sequence=343694,truth_tick_us=688305593,mechanical_angle_rad=4.832039833,valid=1,read_failures=0"
dengfoc,"SYNC_TRUTH,sequence=343695,truth_tick_us=688307589,mechanical_angle_rad=4.951690197,valid=1,read_failures=0"
dengfoc,"SYNC_TRUTH,sequence=343696,truth_tick_us=688309593,mechanical_angle_rad=5.075942516,valid=1,read_failures=0"
dengfoc,"SYNC_TRUTH,sequence=343697,truth_tick_us=688311589,mechanical_angle_rad=5.190990925,valid=1,read_failures=0"
g431,"FTR,83280,4,302,310,-611,0,800,5,611,-3363,5364,459,949,51,12185,5776,5776,336,576,1,29534,751,792,141,572,5,127,413,0,0,1"
dengfoc,"SYNC_TRUTH,sequence=343698,truth_tick_us=688313593,mechanical_angle_rad=5.316777706,valid=1,read_failures=0"
dengfoc,"SYNC_TRUTH,sequence=343699,truth_tick_us=688315589,mechanical_angle_rad=5.441030025,valid=1,read_failures=0"
dengfoc,"SYNC_TRUTH,sequence=343700,truth_tick_us=688317593,mechanical_angle_rad=5.557612419,valid=1,read_failures=0"
dengfoc,"SYNC_TRUTH,sequence=343701,truth_tick_us=688319589,mechanical_angle_rad=5.680331230,valid=1,read_failures=0"
dengfoc,"SYNC_TRUTH,sequence=343702,truth_tick_us=688321593,mechanical_angle_rad=5.804583549,valid=1,read_failures=0"
dengfoc,"SYNC_TRUTH,sequence=343703,truth_tick_us=688323589,mechanical_angle_rad=5.919631958,valid=1,read_failures=0"
dengfoc,"SYNC_TRUTH,sequence=343704,truth_tick_us=688325593,mechanical_angle_rad=6.042350292,valid=1,read_failures=0"
dengfoc,"SYNC_TRUTH,sequence=343705,truth_tick_us=688327589,mechanical_angle_rad=6.157399178,valid=1,read_failures=0"
g431,"FTR,83520,4,-611,254,358,0,800,0,614,-3371,5367,54,396,946,12198,1668,1668,2512,578,1,29534,-1080,160,147,574,5,127,433,0,0,1"
dengfoc,"SYNC_TRUTH,sequence=343706,truth_tick_us=688329593,mechanical_angle_rad=6.280117512,valid=1,read_failures=0"
dengfoc,"SYNC_TRUTH,sequence=343707,truth_tick_us=688331589,mechanical_angle_rad=0.119650505,valid=1,read_failures=0"
dengfoc,"SYNC_TRUTH,sequence=343708,truth_tick_us=688333593,mechanical_angle_rad=0.234699070,valid=1,read_failures=0"
dengfoc,"SYNC_TRUTH,sequence=343709,truth_tick_us=688335589,mechanical_angle_rad=0.360485494,valid=1,read_failures=0"
dengfoc,"SYNC_TRUTH,sequence=343710,truth_tick_us=688337593,mechanical_angle_rad=0.483203948,valid=1,read_failures=0"
dengfoc,"SYNC_TRUTH,sequence=343711,truth_tick_us=688339589,mechanical_angle_rad=0.598252535,valid=1,read_failures=0"
dengfoc,"SYNC_TRUTH,sequence=343712,truth_tick_us=688341593,mechanical_angle_rad=0.724038959,valid=1,read_failures=0"
dengfoc,"SYNC_TRUTH,sequence=343713,truth_tick_us=688343589,mechanical_angle_rad=0.843689442,valid=1,read_failures=0"
dengfoc,"SYNC_TRUTH,sequence=343714,truth_tick_us=688345593,mechanical_angle_rad=0.971009851,valid=1,read_failures=0"
dengfoc,"SYNC_TRUTH,sequence=343715,truth_tick_us=688347589,mechanical_angle_rad=1.095262289,valid=1,read_failures=0"
dengfoc,"SYNC_TRUTH,sequence=343716,truth_tick_us=688349593,mechanical_angle_rad=1.216446757,valid=1,read_failures=0"
dengfoc,"SYNC_TRUTH,sequence=343717,truth_tick_us=688351589,mechanical_angle_rad=1.345301151,valid=1,read_failures=0"
g431,"FTR,83760,4,415,-602,187,0,800,-2,616,-3365,5371,936,64,308,12198,3878,3878,4723,580,1,29534,509,-977,134,577,5,127,453,0,0,1"
dengfoc,"SYNC_TRUTH,sequence=343718,truth_tick_us=688353593,mechanical_angle_rad=1.464951634,valid=1,read_failures=0"
dengfoc,"SYNC_TRUTH,sequence=343719,truth_tick_us=688355589,mechanical_angle_rad=1.595340014,valid=1,read_failures=0"
dengfoc,"SYNC_TRUTH,sequence=343720,truth_tick_us=688357593,mechanical_angle_rad=1.731864333,valid=1,read_failures=0"
dengfoc,"SYNC_TRUTH,sequence=343721,truth_tick_us=688359589,mechanical_angle_rad=1.860718727,valid=1,read_failures=0"
dengfoc,"SYNC_TRUTH,sequence=343722,truth_tick_us=688361593,mechanical_angle_rad=1.995709062,valid=1,read_failures=0"
dengfoc,"SYNC_TRUTH,sequence=343723,truth_tick_us=688363589,mechanical_angle_rad=2.121495485,valid=1,read_failures=0"
dengfoc,"SYNC_TRUTH,sequence=343724,truth_tick_us=688365593,mechanical_angle_rad=2.253417730,valid=1,read_failures=0"
dengfoc,"SYNC_TRUTH,sequence=343725,truth_tick_us=688367589,mechanical_angle_rad=2.382272243,valid=1,read_failures=0"
g431,"FTR,84000,6,34,488,-522,0,745,3,584,-3513,5267,108,892,118,12185,6230,6119,691,586,1,29534,329,1024,234,579,6,127,473,0,0,1"
dengfoc,"SYNC_TRUTH,sequence=343726,truth_tick_us=688369593,mechanical_angle_rad=2.500388861,valid=1,read_failures=0"
dengfoc,"SYNC_TRUTH,sequence=343727,truth_tick_us=688371589,mechanical_angle_rad=2.627709150,valid=1,read_failures=0"
dengfoc,"SYNC_TRUTH,sequence=343728,truth_tick_us=688373595,mechanical_angle_rad=2.756563663,valid=1,read_failures=0"
dengfoc,"SYNC_TRUTH,sequence=343729,truth_tick_us=688375593,mechanical_angle_rad=2.877748013,valid=1,read_failures=0"
dengfoc,"SYNC_TRUTH,sequence=343730,truth_tick_us=688377595,mechanical_angle_rad=3.011204481,valid=1,read_failures=0"
dengfoc,"SYNC_TRUTH,sequence=343731,truth_tick_us=688379593,mechanical_angle_rad=3.136990786,valid=1,read_failures=0"
dengfoc,"SYNC_TRUTH,sequence=343732,truth_tick_us=688381593,mechanical_angle_rad=3.270447016,valid=1,read_failures=0"
dengfoc,"SYNC_ANCHOR_RX,session=2026100505,edge_sequence=5014,edge_tag=914,truth_tick_us=688372186,source=2,flags=0x00000003"
dengfoc,"SYNC_TRUTH,sequence=343733,truth_tick_us=688384597,mechanical_angle_rad=3.471398592,valid=1,read_failures=0"
dengfoc,"SYNC_TRUTH,sequence=343734,truth_tick_us=688386593,mechanical_angle_rad=3.595651150,valid=1,read_failures=0"
dengfoc,"SYNC_TRUTH,sequence=343735,truth_tick_us=688388589,mechanical_angle_rad=3.727573395,valid=1,read_failures=0"
dengfoc,"SYNC_TRUTH,sequence=343736,truth_tick_us=688390593,mechanical_angle_rad=3.853359938,valid=1,read_failures=0"
dengfoc,"SYNC_TRUTH,sequence=343737,truth_tick_us=688392589,mechanical_angle_rad=3.991418123,valid=1,read_failures=0"
dengfoc,"SYNC_TRUTH,sequence=343738,truth_tick_us=688394593,mechanical_angle_rad=4.129476547,valid=1,read_failures=0"
g431,"FTR,84240,6,-286,-303,589,0,575,-2,589,-3776,5082,600,54,946,12185,2632,2086,3116,602,1,29534,-725,-783,516,585,45,127,493,0,0,1"
dengfoc,"SYNC_TRUTH,sequence=343739,truth_tick_us=688396589,mechanical_angle_rad=4.262932777,valid=1,read_failures=0"
dengfoc,"SYNC_TRUTH,sequence=343740,truth_tick_us=688398593,mechanical_angle_rad=4.411728859,valid=1,read_failures=0"
dengfoc,"SYNC_TRUTH,sequence=343741,truth_tick_us=688400589,mechanical_angle_rad=4.551321030,valid=1,read_failures=0"
dengfoc,"SYNC_TRUTH,sequence=343742,truth_tick_us=688402593,mechanical_angle_rad=4.701651096,valid=1,read_failures=0"
dengfoc,"SYNC_TRUTH,sequence=343743,truth_tick_us=688404589,mechanical_angle_rad=4.851981163,valid=1,read_failures=0"
dengfoc,"SYNC_TRUTH,sequence=343744,truth_tick_us=688406593,mechanical_angle_rad=4.991573811,valid=1,read_failures=0"
dengfoc,"SYNC_TRUTH,sequence=343745,truth_tick_us=688408589,mechanical_angle_rad=5.137301922,valid=1,read_failures=0"
dengfoc,"SYNC_TRUTH,sequence=343746,truth_tick_us=688410593,mechanical_angle_rad=5.272292137,valid=1,read_failures=0"
g431,"FTR,84480,6,214,192,-405,0,406,6,406,-3658,3707,350,859,141,12223,5741,4335,5847,630,0,29534,606,750,995,596,209,127,513,0,14,0"
dengfoc,"SYNC_TRUTH,sequence=343747,truth_tick_us=688412589,mechanical_angle_rad=5.416486263,valid=1,read_failures=0"
dengfoc,"SYNC_TRUTH,sequence=343748,truth_tick_us=688414593,mechanical_angle_rad=5.560680389,valid=1,read_failures=0"
dengfoc,"SYNC_TRUTH,sequence=343749,truth_tick_us=688416589,mechanical_angle_rad=5.695670605,valid=1,read_failures=0"
dengfoc,"SYNC_TRUTH,sequence=343750,truth_tick_us=688418593,mechanical_angle_rad=5.841399193,valid=1,read_failures=0"
dengfoc,"SYNC_TRUTH,sequence=343751,truth_tick_us=688420589,mechanical_angle_rad=5.988661289,valid=1,read_failures=0"
dengfoc,"SYNC_TRUTH,sequence=343752,truth_tick_us=688422593,mechanical_angle_rad=6.128253460,valid=1,read_failures=0"
dengfoc,"SYNC_TRUTH,sequence=343753,truth_tick_us=688424589,mechanical_angle_rad=6.280117512,valid=1,read_failures=0"
dengfoc,"SYNC_TRUTH,sequence=343754,truth_tick_us=688426593,mechanical_angle_rad=0.141126230,valid=1,read_failures=0"
dengfoc,"SYNC_TRUTH,sequence=343755,truth_tick_us=688428589,mechanical_angle_rad=0.294524312,valid=1,read_failures=0"
dengfoc,"SYNC_TRUTH,sequence=343756,truth_tick_us=688430593,mechanical_angle_rad=0.449456394,valid=1,read_failures=0"
dengfoc,"SYNC_TRUTH,sequence=343757,truth_tick_us=688432589,mechanical_angle_rad=0.595184565,valid=1,read_failures=0"
dengfoc,"SYNC_TRUTH,sequence=343758,truth_tick_us=688434593,mechanical_angle_rad=0.750116646,valid=1,read_failures=0"
dengfoc,"SYNC_TRUTH,sequence=343759,truth_tick_us=688436589,mechanical_angle_rad=0.898912787,valid=1,read_failures=0"
g431,"FTR,84720,7,-2,-271,273,0,310,-4,314,-3565,2894,819,181,598,12262,3125,301,3125,693,0,29534,-59,-933,1196,623,1240,63,0,0,34,0"
dengfoc,"SYNC_TRUTH,sequence=343760,truth_tick_us=688438593,mechanical_angle_rad=1.055378795,valid=1,read_failures=0"
dengfoc,"SYNC_TRUTH,sequence=343761,truth_tick_us=688440589,mechanical_angle_rad=1.216446757,valid=1,read_failures=0"
dengfoc,"SYNC_TRUTH,sequence=343762,truth_tick_us=688442593,mechanical_angle_rad=1.368310928,valid=1,read_failures=0"
dengfoc,"SYNC_TRUTH,sequence=343763,truth_tick_us=688444589,mechanical_angle_rad=1.529378891,valid=1,read_failures=0"
dengfoc,"SYNC_TRUTH,sequence=343764,truth_tick_us=688446593,mechanical_angle_rad=1.693514824,valid=1,read_failures=0"
dengfoc,"SYNC_TRUTH,sequence=343765,truth_tick_us=688448589,mechanical_angle_rad=1.846912861,valid=1,read_failures=0"
dengfoc,"SYNC_TRUTH,sequence=343766,truth_tick_us=688450593,mechanical_angle_rad=2.009514809,valid=1,read_failures=0"
dengfoc,"SYNC_TRUTH,sequence=343767,truth_tick_us=688452589,mechanical_angle_rad=2.162913084,valid=1,read_failures=0"
g431,"FTR,84960,7,-196,203,-6,0,230,-7,230,-3675,1982,205,514,795,12262,991,2551,991,732,0,29534,-766,435,1308,661,1919,63,0,0,54,0"
dengfoc,"SYNC_TRUTH,sequence=343768,truth_tick_us=688454593,mechanical_angle_rad=2.323981047,valid=1,read_failures=0"
dengfoc,"SYNC_TRUTH,sequence=343769,truth_tick_us=688456589,mechanical_angle_rad=2.485049009,valid=1,read_failures=0"
dengfoc,"SYNC_TRUTH,sequence=343770,truth_tick_us=688458593,mechanical_angle_rad=2.636913061,valid=1,read_failures=0"
dengfoc,"SYNC_TRUTH,sequence=343771,truth_tick_us=688460589,mechanical_angle_rad=2.797981024,valid=1,read_failures=0"
dengfoc,"SYNC_TRUTH,sequence=343772,truth_tick_us=688462593,mechanical_angle_rad=2.949845076,valid=1,read_failures=0"
dengfoc,"SYNC_TRUTH,sequence=343773,truth_tick_us=688464589,mechanical_angle_rad=3.112447023,valid=1,read_failures=0"
dengfoc,"SYNC_TRUTH,sequence=343774,truth_tick_us=688466593,mechanical_angle_rad=3.275048971,valid=1,read_failures=0"
dengfoc,"SYNC_TRUTH,sequence=343775,truth_tick_us=688468589,mechanical_angle_rad=3.428447247,valid=1,read_failures=0"
dengfoc,"SYNC_TRUTH,sequence=343776,truth_tick_us=688470593,mechanical_angle_rad=3.594117165,valid=1,read_failures=0"
dengfoc,"SYNC_TRUTH,sequence=343777,truth_tick_us=688472589,mechanical_angle_rad=3.759787083,valid=1,read_failures=0"
dengfoc,"SYNC_TRUTH,sequence=343778,truth_tick_us=688474593,mechanical_angle_rad=3.917787075,valid=1,read_failures=0"
dengfoc,"SYNC_TRUTH,sequence=343779,truth_tick_us=688476589,mechanical_angle_rad=4.088058949,valid=1,read_failures=0"
g431,"FTR,85200,7,88,65,-153,0,150,3,154,-3747,1565,243,757,281,12262,5698,4800,5698,766,0,29534,455,729,1274,705,1602,63,0,0,74,0"
dengfoc,"SYNC_TRUTH,sequence=343780,truth_tick_us=688478593,mechanical_angle_rad=4.246058941,valid=1,read_failures=0"
dengfoc,"SYNC_TRUTH,sequence=343781,truth_tick_us=688480589,mechanical_angle_rad=4.419398785,valid=1,read_failures=0"
dengfoc,"SYNC_TRUTH,sequence=343782,truth_tick_us=688482593,mechanical_angle_rad=4.591204643,valid=1,read_failures=0"
dengfoc,"SYNC_TRUTH,sequence=343783,truth_tick_us=688484589,mechanical_angle_rad=4.752272606,valid=1,read_failures=0"
dengfoc,"SYNC_TRUTH,sequence=343784,truth_tick_us=688486593,mechanical_angle_rad=4.925612450,valid=1,read_failures=0"
dengfoc,"SYNC_TRUTH,sequence=343785,truth_tick_us=688488589,mechanical_angle_rad=5.083612442,valid=1,read_failures=0"
dengfoc,"SYNC_TRUTH,sequence=343786,truth_tick_us=688490593,mechanical_angle_rad=5.252350330,valid=1,read_failures=0"
dengfoc,"SYNC_TRUTH,sequence=343787,truth_tick_us=688492589,mechanical_angle_rad=5.421088219,valid=1,read_failures=0"
g431,"FTR,85440,7,62,-38,-24,0,70,2,63,-3766,1287,700,756,244,12262,4619,766,4619,799,0,29534,841,-83,1244,744,1112,63,0,0,94,0"
dengfoc,"SYNC_TRUTH,sequence=343788,truth_tick_us=688494593,mechanical_angle_rad=5.576020241,valid=1,read_failures=0"
dengfoc,"SYNC_TRUTH,sequence=343789,truth_tick_us=688496589,mechanical_angle_rad=5.740156174,valid=1,read_failures=0"
dengfoc,"SYNC_TRUTH,sequence=343790,truth_tick_us=688498593,mechanical_angle_rad=5.904292107,valid=1,read_failures=0"
dengfoc,"SYNC_TRUTH,sequence=343791,truth_tick_us=688500589,mechanical_angle_rad=6.057690144,valid=1,read_failures=0"
dengfoc,"SYNC_TRUTH,sequence=343792,truth_tick_us=688502593,mechanical_angle_rad=6.221826077,valid=1,read_failures=0"
dengfoc,"SYNC_TRUTH,sequence=343793,truth_tick_us=688504589,mechanical_angle_rad=0.092038848,valid=1,read_failures=0"
dengfoc,"SYNC_TRUTH,sequence=343794,truth_tick_us=688506593,mechanical_angle_rad=0.256174803,valid=1,read_failures=0"
g431,"FTR,85680,7,19,-26,6,0,27,0,27,-3102,2119,751,351,249,12275,3933,3016,3933,812,0,29534,379,-774,913,777,817,63,0,0,114,0"
dengfoc,"SYNC_TRUTH,sequence=343795,truth_tick_us=688508589,mechanical_angle_rad=0.421844721,valid=1,read_failures=0"
dengfoc,"SYNC_TRUTH,sequence=343796,truth_tick_us=688510593,mechanical_angle_rad=0.578310788,valid=1,read_failures=0"
dengfoc,"SYNC_TRUTH,sequence=343797,truth_tick_us=688512589,mechanical_angle_rad=0.743980706,valid=1,read_failures=0"
dengfoc,"SYNC_TRUTH,sequence=343798,truth_tick_us=688514593,mechanical_angle_rad=0.903514683,valid=1,read_failures=0"
dengfoc,"SYNC_TRUTH,sequence=343799,truth_tick_us=688516589,mechanical_angle_rad=1.075320601,valid=1,read_failures=0"
dengfoc,"SYNC_TRUTH,sequence=343800,truth_tick_us=688518593,mechanical_angle_rad=1.248660445,valid=1,read_failures=0"
dengfoc,"SYNC_TRUTH,sequence=343801,truth_tick_us=688520589,mechanical_angle_rad=1.414330363,valid=1,read_failures=0"
dengfoc,"SYNC_TRUTH,sequence=343802,truth_tick_us=688522593,mechanical_angle_rad=1.589204192,valid=1,read_failures=0"
dengfoc,"SYNC_TRUTH,sequence=343803,truth_tick_us=688524589,mechanical_angle_rad=1.767145872,valid=1,read_failures=0"
dengfoc,"SYNC_TRUTH,sequence=343804,truth_tick_us=688526593,mechanical_angle_rad=1.932815790,valid=1,read_failures=0"
dengfoc,"SYNC_TRUTH,sequence=343805,truth_tick_us=688528589,mechanical_angle_rad=2.107689619,valid=1,read_failures=0"
dengfoc,"SYNC_TRUTH,sequence=343806,truth_tick_us=688530593,mechanical_angle_rad=2.271825552,valid=1,read_failures=0"
dengfoc,"SYNC_TRUTH,sequence=343807,truth_tick_us=688532589,mechanical_angle_rad=2.443631411,valid=1,read_failures=0"
g431,"FTR,85920,7,8,-24,16,0,25,-6,24,-1863,3397,746,254,708,12262,3233,5265,3233,806,1,29534,-555,-674,469,798,277,63,0,0,0,0"
dengfoc,"SYNC_TRUTH,sequence=343808,truth_tick_us=688534593,mechanical_angle_rad=2.616971254,valid=1,read_failures=0"
dengfoc,"SYNC_TRUTH,sequence=343809,truth_tick_us=688536589,mechanical_angle_rad=2.776505232,valid=1,read_failures=0"
dengfoc,"SYNC_TRUTH,sequence=343810,truth_tick_us=688538593,mechanical_angle_rad=2.946777105,valid=1,read_failures=0"
dengfoc,"SYNC_TRUTH,sequence=343811,truth_tick_us=688540589,mechanical_angle_rad=3.107845068,valid=1,read_failures=0"
dengfoc,"SYNC_TRUTH,sequence=343812,truth_tick_us=688542593,mechanical_angle_rad=3.278116941,valid=1,read_failures=0"
dengfoc,"SYNC_TRUTH,sequence=343813,truth_tick_us=688544589,mechanical_angle_rad=3.449922800,valid=1,read_failures=0"
dengfoc,"SYNC_TRUTH,sequence=343814,truth_tick_us=688546593,mechanical_angle_rad=3.610990763,valid=1,read_failures=0"
g431,"FTR,86160,7,-10,-5,14,0,21,1,15,-1828,3617,429,217,783,12262,2530,1231,2530,815,1,29534,-862,-110,418,809,23,63,0,0,0,0"
dengfoc,"SYNC_TRUTH,sequence=343815,truth_tick_us=688548589,mechanical_angle_rad=3.784330606,valid=1,read_failures=0"
dengfoc,"SYNC_TRUTH,sequence=343816,truth_tick_us=688550593,mechanical_angle_rad=3.959204435,valid=1,read_failures=0"
dengfoc,"SYNC_TRUTH,sequence=343817,truth_tick_us=688552589,mechanical_angle_rad=4.123340607,valid=1,read_failures=0"
dengfoc,"SYNC_TRUTH,sequence=343818,truth_tick_us=688554593,mechanical_angle_rad=4.298214436,valid=1,read_failures=0"
dengfoc,"SYNC_TRUTH,sequence=343819,truth_tick_us=688556589,mechanical_angle_rad=4.466952324,valid=1,read_failures=0"
dengfoc,"SYNC_TRUTH,sequence=343820,truth_tick_us=688558593,mechanical_angle_rad=4.643360138,valid=1,read_failures=0"
dengfoc,"SYNC_TRUTH,sequence=343821,truth_tick_us=688560589,mechanical_angle_rad=4.822835922,valid=1,read_failures=0"
dengfoc,"SYNC_TRUTH,sequence=343822,truth_tick_us=688562593,mechanical_angle_rad=4.990039825,valid=1,read_failures=0"
dengfoc,"SYNC_TRUTH,sequence=343823,truth_tick_us=688564589,mechanical_angle_rad=5.166447639,valid=1,read_failures=0"
dengfoc,"SYNC_TRUTH,sequence=343824,truth_tick_us=688566593,mechanical_angle_rad=5.332117558,valid=1,read_failures=0"
dengfoc,"SYNC_TRUTH,sequence=343825,truth_tick_us=688568589,mechanical_angle_rad=5.505457401,valid=1,read_failures=0"
dengfoc,"SYNC_TRUTH,sequence=343826,truth_tick_us=688570593,mechanical_angle_rad=5.677263260,valid=1,read_failures=0"
dengfoc,"SYNC_TRUTH,sequence=343827,truth_tick_us=688572589,mechanical_angle_rad=5.836797237,valid=1,read_failures=0"
g431,"FTR,86400,7,-14,3,11,0,17,1,15,-1748,3653,228,347,772,12275,1963,3480,1963,824,1,29534,-765,392,385,812,25,127,11,0,0,0"
dengfoc,"SYNC_TRUTH,sequence=343828,truth_tick_us=688574593,mechanical_angle_rad=6.007069111,valid=1,read_failures=0"
dengfoc,"SYNC_TRUTH,sequence=343829,truth_tick_us=688576589,mechanical_angle_rad=6.177340984,valid=1,read_failures=0"
dengfoc,"SYNC_TRUTH,sequence=343830,truth_tick_us=688578593,mechanical_angle_rad=0.052155349,valid=1,read_failures=0"
dengfoc,"SYNC_TRUTH,sequence=343831,truth_tick_us=688580589,mechanical_angle_rad=0.222427219,valid=1,read_failures=0"
dengfoc,"SYNC_TRUTH,sequence=343832,truth_tick_us=688582593,mechanical_angle_rad=0.381961226,valid=1,read_failures=0"
dengfoc,"SYNC_TRUTH,sequence=343833,truth_tick_us=688584589,mechanical_angle_rad=0.550699115,valid=1,read_failures=0"
dengfoc,"SYNC_TRUTH,sequence=343834,truth_tick_us=688586593,mechanical_angle_rad=0.719437003,valid=1,read_failures=0"
g431,"FTR,86640,7,-16,8,8,0,14,-2,16,-994,3744,245,672,755,12262,1463,5730,1463,821,1,29534,-336,771,199,816,44,127,31,0,0,0"
dengfoc,"SYNC_TRUTH,sequence=343835,truth_tick_us=688588589,mechanical_angle_rad=0.878971040,valid=1,read_failures=0"
dengfoc,"SYNC_TRUTH,sequence=343836,truth_tick_us=688590593,mechanical_angle_rad=1.050776839,valid=1,read_failures=0"
dengfoc,"SYNC_TRUTH,sequence=343837,truth_tick_us=688592589,mechanical_angle_rad=1.213378787,valid=1,read_failures=0"
dengfoc,"SYNC_TRUTH,sequence=343838,truth_tick_us=688594593,mechanical_angle_rad=1.388252616,valid=1,read_failures=0"
dengfoc,"SYNC_TRUTH,sequence=343839,truth_tick_us=688596589,mechanical_angle_rad=1.560058475,valid=1,read_failures=0"
dengfoc,"SYNC_TRUTH,sequence=343840,truth_tick_us=688598593,mechanical_angle_rad=1.724194407,valid=1,read_failures=0"
dengfoc,"SYNC_TRUTH,sequence=343841,truth_tick_us=688600589,mechanical_angle_rad=1.897534251,valid=1,read_failures=0"
dengfoc,"SYNC_TRUTH,sequence=343842,truth_tick_us=688602593,mechanical_angle_rad=2.067806244,valid=1,read_failures=0"
dengfoc,"SYNC_TRUTH,sequence=343843,truth_tick_us=688604589,mechanical_angle_rad=2.227340221,valid=1,read_failures=0"
dengfoc,"SYNC_TRUTH,sequence=343844,truth_tick_us=688606593,mechanical_angle_rad=2.393010139,valid=1,read_failures=0"
dengfoc,"SYNC_TRUTH,sequence=343845,truth_tick_us=688608589,mechanical_angle_rad=2.547942162,valid=1,read_failures=0"
dengfoc,"SYNC_TRUTH,sequence=343846,truth_tick_us=688610593,mechanical_angle_rad=2.709010124,valid=1,read_failures=0"
g431,"FTR,86880,7,-16,11,5,0,15,-8,14,111,3745,244,756,385,12262,823,1696,823,805,1,29534,420,707,-110,818,26,127,51,0,0,0"
dengfoc,"SYNC_TRUTH,sequence=343847,truth_tick_us=688612589,mechanical_angle_rad=2.865476131,valid=1,read_failures=0"
dengfoc,"SYNC_TRUTH,sequence=343848,truth_tick_us=688614595,mechanical_angle_rad=3.011204481,valid=1,read_failures=0"
dengfoc,"SYNC_TRUTH,sequence=343849,truth_tick_us=688616593,mechanical_angle_rad=3.164602518,valid=1,read_failures=0"
dengfoc,"SYNC_TRUTH,sequence=343850,truth_tick_us=688618595,mechanical_angle_rad=3.314932585,valid=1,read_failures=0"
dengfoc,"SYNC_TRUTH,sequence=343851,truth_tick_us=688620589,mechanical_angle_rad=3.454524755,valid=1,read_failures=0"
dengfoc,"SYNC_TRUTH,sequence=343852,truth_tick_us=688622593,mechanical_angle_rad=3.601787090,valid=1,read_failures=0"
dengfoc,"SYNC_ANCHOR_RX,session=2026100505,edge_sequence=5015,edge_tag=915,truth_tick_us=688613570,source=2,flags=0x00000003"
dengfoc,"SYNC_TRUTH,sequence=343853,truth_tick_us=688625597,mechanical_angle_rad=3.818078279,valid=1,read_failures=0"
dengfoc,"SYNC_TRUTH,sequence=343854,truth_tick_us=688627593,mechanical_angle_rad=3.953068495,valid=1,read_failures=0"
g431,"FH3_DYNAMIC_ANCHOR,196608,3,3,3,0,3,152,2623432094,12312730,7,2026100505,5000,900,0,3,100,2623431973,-121"
dengfoc,"SYNC_TRUTH,sequence=343855,truth_tick_us=688629589,mechanical_angle_rad=4.084990978,valid=1,read_failures=0"
dengfoc,"SYNC_TRUTH,sequence=343856,truth_tick_us=688631593,mechanical_angle_rad=4.224583149,valid=1,read_failures=0"
dengfoc,"SYNC_TRUTH,sequence=343857,truth_tick_us=688633589,mechanical_angle_rad=4.362641335,valid=1,read_failures=0"
dengfoc,"SYNC_TRUTH,sequence=343858,truth_tick_us=688635593,mechanical_angle_rad=4.491496086,valid=1,read_failures=0"
dengfoc,"SYNC_TRUTH,sequence=343859,truth_tick_us=688637589,mechanical_angle_rad=4.626486301,valid=1,read_failures=0"
g431,"FH3_DYNAMIC_ANCHOR,196608,3,4,4,0,4,152,2710977974,12318910,7,2026100505,5001,901,0,4,100,2710977853,-121"
dengfoc,"SYNC_TRUTH,sequence=343860,truth_tick_us=688639593,mechanical_angle_rad=4.750738621,valid=1,read_failures=0"
dengfoc,"SYNC_TRUTH,sequence=343861,truth_tick_us=688641589,mechanical_angle_rad=4.882660866,valid=1,read_failures=0"
dengfoc,"SYNC_TRUTH,sequence=343862,truth_tick_us=688643593,mechanical_angle_rad=5.009981155,valid=1,read_failures=0"
dengfoc,"SYNC_TRUTH,sequence=343863,truth_tick_us=688645589,mechanical_angle_rad=5.126564026,valid=1,read_failures=0"
dengfoc,"SYNC_TRUTH,sequence=343864,truth_tick_us=688647593,mechanical_angle_rad=5.249282360,valid=1,read_failures=0"
g431,"FH3_DYNAMIC_ANCHOR,196608,3,5,5,0,5,147,2795649004,12324887,7,2026100505,5002,902,0,5,100,2795648883,-121"
dengfoc,"SYNC_TRUTH,sequence=343865,truth_tick_us=688649589,mechanical_angle_rad=5.362796783,valid=1,read_failures=0"
dengfoc,"SYNC_TRUTH,sequence=343866,truth_tick_us=688651593,mechanical_angle_rad=5.479379654,valid=1,read_failures=0"
dengfoc,"SYNC_TRUTH,sequence=343867,truth_tick_us=688653589,mechanical_angle_rad=5.592894077,valid=1,read_failures=0"
dengfoc,"SYNC_TRUTH,sequence=343868,truth_tick_us=688655593,mechanical_angle_rad=5.697204590,valid=1,read_failures=0"
g431,"FH3_DYNAMIC_ANCHOR,196608,3,6,6,0,6,152,2880120014,12330850,7,2026100505,5003,903,0,6,100,2880120063,49"
dengfoc,"SYNC_TRUTH,sequence=343869,truth_tick_us=688657589,mechanical_angle_rad=5.806117535,valid=1,read_failures=0"
dengfoc,"SYNC_TRUTH,sequence=343870,truth_tick_us=688659593,mechanical_angle_rad=5.913496017,valid=1,read_failures=0"
dengfoc,"SYNC_TRUTH,sequence=343871,truth_tick_us=688661589,mechanical_angle_rad=6.011671066,valid=1,read_failures=0"
dengfoc,"SYNC_TRUTH,sequence=343872,truth_tick_us=688663593,mechanical_angle_rad=6.112913609,valid=1,read_failures=0"
dengfoc,"SYNC_TRUTH,sequence=343873,truth_tick_us=688665589,mechanical_angle_rad=6.208020210,valid=1,read_failures=0"
g431,"FH3_DYNAMIC_ANCHOR,196608,3,7,7,0,7,163,2965103180,12336849,7,2026100505,5004,904,0,7,100,2965103059,-121"
dengfoc,"SYNC_TRUTH,sequence=343874,truth_tick_us=688667593,mechanical_angle_rad=0.023009712,valid=1,read_failures=0"
dengfoc,"SYNC_TRUTH,sequence=343875,truth_tick_us=688669589,mechanical_angle_rad=0.118116520,valid=1,read_failures=0"
dengfoc,"SYNC_TRUTH,sequence=343876,truth_tick_us=688671593,mechanical_angle_rad=0.205553427,valid=1,read_failures=0"
dengfoc,"SYNC_TRUTH,sequence=343877,truth_tick_us=688673589,mechanical_angle_rad=0.299126267,valid=1,read_failures=0"
dengfoc,"SYNC_TRUTH,sequence=343878,truth_tick_us=688675593,mechanical_angle_rad=0.389631122,valid=1,read_failures=0"
g431,"FH3_DYNAMIC_ANCHOR,196608,3,8,8,0,8,157,3054420563,12343154,7,2026100505,5005,905,0,8,100,3054420612,49"
dengfoc,"SYNC_TRUTH,sequence=343879,truth_tick_us=688677589,mechanical_angle_rad=0.470932126,valid=1,read_failures=0"
dengfoc,"SYNC_TRUTH,sequence=343880,truth_tick_us=688679593,mechanical_angle_rad=0.555301070,valid=1,read_failures=0"
dengfoc,"SYNC_TRUTH,sequence=343881,truth_tick_us=688681589,mechanical_angle_rad=0.633534074,valid=1,read_failures=0"
dengfoc,"SYNC_TRUTH,sequence=343882,truth_tick_us=688683593,mechanical_angle_rad=0.716369033,valid=1,read_failures=0"
g431,"FH3_DYNAMIC_ANCHOR,196608,3,9,9,0,9,162,3139288379,12349145,7,2026100505,5006,906,0,9,100,3139288428,49"
dengfoc,"SYNC_TRUTH,sequence=343883,truth_tick_us=688685589,mechanical_angle_rad=0.800737977,valid=1,read_failures=0"
dengfoc,"SYNC_STATUS,frames=16,frame_fail=1,truth=343883,truth_fail=0,idle=0,capture_state=1,capture_failure=0,rejected=0,overflow=0,recovered=1,sync_level=0,driver_disabled=1"
dengfoc,"SYNC_TRUTH,sequence=343884,truth_tick_us=688688593,mechanical_angle_rad=0.915786564,valid=1,read_failures=0"
dengfoc,"SYNC_TRUTH,sequence=343885,truth_tick_us=688690589,mechanical_angle_rad=0.992485583,valid=1,read_failures=0"
dengfoc,"SYNC_TRUTH,sequence=343886,truth_tick_us=688692593,mechanical_angle_rad=1.061514735,valid=1,read_failures=0"
dengfoc,"SYNC_TRUTH,sequence=343887,truth_tick_us=688694589,mechanical_angle_rad=1.136679769,valid=1,read_failures=0"
g431,"FH3_DYNAMIC_ANCHOR,196608,3,10,10,0,10,155,3221012731,12354914,7,2026100505,5007,907,0,10,100,3221012780,49"
dengfoc,"SYNC_TRUTH,sequence=343888,truth_tick_us=688696593,mechanical_angle_rad=1.205708981,valid=1,read_failures=0"
dengfoc,"SYNC_TRUTH,sequence=343889,truth_tick_us=688698589,mechanical_angle_rad=1.280874014,valid=1,read_failures=0"
dengfoc,"SYNC_TRUTH,sequence=343890,truth_tick_us=688700593,mechanical_angle_rad=1.352971077,valid=1,read_failures=0"
dengfoc,"SYNC_TRUTH,sequence=343891,truth_tick_us=688702589,mechanical_angle_rad=1.417398334,valid=1,read_failures=0"
g431,"FH3_DYNAMIC_ANCHOR,196608,3,11,11,0,11,156,3306192720,12360927,7,2026100505,5008,908,0,11,100,3306192769,49"
dengfoc,"SYNC_TRUTH,sequence=343892,truth_tick_us=688704593,mechanical_angle_rad=1.483359456,valid=1,read_failures=0"
dengfoc,"SYNC_TRUTH,sequence=343893,truth_tick_us=688706589,mechanical_angle_rad=1.546252728,valid=1,read_failures=0"
dengfoc,"SYNC_TRUTH,sequence=343894,truth_tick_us=688708593,mechanical_angle_rad=1.604543924,valid=1,read_failures=0"
dengfoc,"SYNC_TRUTH,sequence=343895,truth_tick_us=688710589,mechanical_angle_rad=1.665903211,valid=1,read_failures=0"
dengfoc,"SYNC_TRUTH,sequence=343896,truth_tick_us=688712593,mechanical_angle_rad=1.725728393,valid=1,read_failures=0"
g431,"FH3_DYNAMIC_ANCHOR,196608,3,12,12,0,12,156,3391344964,12366938,7,2026100505,5009,909,0,12,100,3391344843,-121"
dengfoc,"SYNC_TRUTH,sequence=343897,truth_tick_us=688714589,mechanical_angle_rad=1.787087679,valid=1,read_failures=0"
dengfoc,"SYNC_TRUTH,sequence=343898,truth_tick_us=688716593,mechanical_angle_rad=1.843845010,valid=1,read_failures=0"
dengfoc,"SYNC_TRUTH,sequence=343899,truth_tick_us=688718589,mechanical_angle_rad=1.894466281,valid=1,read_failures=0"
dengfoc,"SYNC_TRUTH,sequence=343900,truth_tick_us=688720593,mechanical_angle_rad=1.946621656,valid=1,read_failures=0"
dengfoc,"SYNC_TRUTH,sequence=343901,truth_tick_us=688722589,mechanical_angle_rad=1.992641091,valid=1,read_failures=0"
g431,"FH3_DYNAMIC_ANCHOR,196608,3,13,13,0,13,163,3476509547,12372950,7,2026100505,5010,910,0,13,100,3476509596,49"
dengfoc,"SYNC_TRUTH,sequence=343902,truth_tick_us=688724593,mechanical_angle_rad=2.038660526,valid=1,read_failures=0"
dengfoc,"SYNC_TRUTH,sequence=343903,truth_tick_us=688726589,mechanical_angle_rad=2.081611872,valid=1,read_failures=0"
dengfoc,"SYNC_TRUTH,sequence=343904,truth_tick_us=688728593,mechanical_angle_rad=2.123029470,valid=1,read_failures=0"
dengfoc,"SYNC_TRUTH,sequence=343905,truth_tick_us=688730589,mechanical_angle_rad=2.167514801,valid=1,read_failures=0"
dengfoc,"SYNC_TRUTH,sequence=343906,truth_tick_us=688732593,mechanical_angle_rad=2.210466385,valid=1,read_failures=0"
g431,"FH3_DYNAMIC_ANCHOR,196608,3,14,14,0,14,162,3561505755,12378950,7,2026100505,5011,911,0,14,100,3561505804,49"
dengfoc,"SYNC_TRUTH,sequence=343907,truth_tick_us=688734589,mechanical_angle_rad=2.248816013,valid=1,read_failures=0"
dengfoc,"SYNC_TRUTH,sequence=343908,truth_tick_us=688736593,mechanical_angle_rad=2.285631418,valid=1,read_failures=0"
dengfoc,"SYNC_TRUTH,sequence=343909,truth_tick_us=688738589,mechanical_angle_rad=2.319379091,valid=1,read_failures=0"
dengfoc,"SYNC_TRUTH,sequence=343910,truth_tick_us=688740593,mechanical_angle_rad=2.353126526,valid=1,read_failures=0"
dengfoc,"SYNC_TRUTH,sequence=343911,truth_tick_us=688742589,mechanical_angle_rad=2.385340214,valid=1,read_failures=0"
g431,"FH3_DYNAMIC_ANCHOR,196608,3,15,15,0,15,157,3649179888,12385139,7,2026100505,5012,912,0,15,100,3649179937,49"
dengfoc,"SYNC_TRUTH,sequence=343912,truth_tick_us=688744593,mechanical_angle_rad=2.409883976,valid=1,read_failures=0"
dengfoc,"SYNC_TRUTH,sequence=343913,truth_tick_us=688746589,mechanical_angle_rad=2.434427500,valid=1,read_failures=0"
dengfoc,"SYNC_TRUTH,sequence=343914,truth_tick_us=688748593,mechanical_angle_rad=2.455903292,valid=1,read_failures=0"
dengfoc,"SYNC_TRUTH,sequence=343915,truth_tick_us=688750589,mechanical_angle_rad=2.475845098,valid=1,read_failures=0"
dengfoc,"SYNC_TRUTH,sequence=343916,truth_tick_us=688752593,mechanical_angle_rad=2.495786905,valid=1,read_failures=0"
g431,"FH3_DYNAMIC_ANCHOR,196608,3,16,16,0,16,156,3734246965,12391144,7,2026100505,5013,913,0,16,100,3734246844,-121"
dengfoc,"SYNC_TRUTH,sequence=343917,truth_tick_us=688754589,mechanical_angle_rad=2.512660503,valid=1,read_failures=0"
dengfoc,"SYNC_TRUTH,sequence=343918,truth_tick_us=688756593,mechanical_angle_rad=2.531068325,valid=1,read_failures=0"
dengfoc,"SYNC_TRUTH,sequence=343919,truth_tick_us=688758589,mechanical_angle_rad=2.547942162,valid=1,read_failures=0"
dengfoc,"SYNC_TRUTH,sequence=343920,truth_tick_us=688760593,mechanical_angle_rad=2.561748028,valid=1,read_failures=0"
dengfoc,"SYNC_TRUTH,sequence=343921,truth_tick_us=688762589,mechanical_angle_rad=2.577087879,valid=1,read_failures=0"
g431,"FH3_DYNAMIC_ANCHOR,196608,3,17,17,0,17,167,3815855793,12396905,7,2026100505,5014,914,0,17,100,3815855842,49"
dengfoc,"SYNC_TRUTH,sequence=343922,truth_tick_us=688764593,mechanical_angle_rad=2.587825775,valid=1,read_failures=0"
dengfoc,"SYNC_TRUTH,sequence=343923,truth_tick_us=688766589,mechanical_angle_rad=2.600097418,valid=1,read_failures=0"
dengfoc,"SYNC_TRUTH,sequence=343924,truth_tick_us=688768593,mechanical_angle_rad=2.610835314,valid=1,read_failures=0"
dengfoc,"SYNC_TRUTH,sequence=343925,truth_tick_us=688770589,mechanical_angle_rad=2.618505239,valid=1,read_failures=0"
g431,"FH3_DYNAMIC_ANCHOR,196608,3,18,18,0,18,101,3856890178,12399801,7,2026100505,5015,915,0,18,100,3856890227,49"
dengfoc,"SYNC_TRUTH,sequence=343926,truth_tick_us=688772593,mechanical_angle_rad=2.627709150,valid=1,read_failures=0"
dengfoc,"SYNC_TRUTH,sequence=343927,truth_tick_us=688774589,mechanical_angle_rad=2.633845091,valid=1,read_failures=0"
dengfoc,"SYNC_TRUTH,sequence=343928,truth_tick_us=688776593,mechanical_angle_rad=2.639981031,valid=1,read_failures=0"
dengfoc,"SYNC_TRUTH,sequence=343929,truth_tick_us=688778589,mechanical_angle_rad=2.644582987,valid=1,read_failures=0"
dengfoc,"SYNC_TRUTH,sequence=343930,truth_tick_us=688780593,mechanical_angle_rad=2.647650957,valid=1,read_failures=0"
dengfoc,"SYNC_TRUTH,sequence=343931,truth_tick_us=688782589,mechanical_angle_rad=2.649184942,valid=1,read_failures=0"
dengfoc,"SYNC_TRUTH,sequence=343932,truth_tick_us=688784593,mechanical_angle_rad=2.649184942,valid=1,read_failures=0"
dengfoc,"SYNC_TRUTH,sequence=343933,truth_tick_us=688786589,mechanical_angle_rad=2.646116972,valid=1,read_failures=0"
dengfoc,"SYNC_TRUTH,sequence=343934,truth_tick_us=688788593,mechanical_angle_rad=2.644582987,valid=1,read_failures=0"
dengfoc,"SYNC_TRUTH,sequence=343935,truth_tick_us=688790589,mechanical_angle_rad=2.641515017,valid=1,read_failures=0"
g431,"FADVP,state=4,result=1,ticks=1200/86999,first=85800,epoch=0/0,miss=0/0,features=00,status=00000000,snap=1,ctrlstate=7,orel=1,closed=1,ogates=7f,phase=-224,speed=816,lossus=0,wcet=12730,ctrl=10083,diagmiss=0,finish=0"
dengfoc,"SYNC_TRUTH,sequence=343936,truth_tick_us=688792593,mechanical_angle_rad=2.638447046,valid=1,read_failures=0"
g431,"FH3R,16,50,1"
g431,msh >
dengfoc,"SYNC_TRUTH,sequence=343937,truth_tick_us=688794589,mechanical_angle_rad=2.635379076,valid=1,read_failures=0"
dengfoc,"SYNC_TRUTH,sequence=343938,truth_tick_us=688796593,mechanical_angle_rad=2.635379076,valid=1,read_failures=0"
dengfoc,"SYNC_TRUTH,sequence=343939,truth_tick_us=688798589,mechanical_angle_rad=2.633845091,valid=1,read_failures=0"
dengfoc,"SYNC_TRUTH,sequence=343940,truth_tick_us=688800593,mechanical_angle_rad=2.633845091,valid=1,read_failures=0"
dengfoc,"SYNC_TRUTH,sequence=343941,truth_tick_us=688802589,mechanical_angle_rad=2.635379076,valid=1,read_failures=0"
g431,"msh >ALV,0000231f,12402069,86999,0,12275"
dengfoc,"SYNC_TRUTH,sequence=343942,truth_tick_us=688804593,mechanical_angle_rad=2.635379076,valid=1,read_failures=0"
dengfoc,"SYNC_TRUTH,sequence=343943,truth_tick_us=688806589,mechanical_angle_rad=2.636913061,valid=1,read_failures=0"
dengfoc,"SYNC_TRUTH,sequence=343944,truth_tick_us=688808593,mechanical_angle_rad=2.638447046,valid=1,read_failures=0"
dengfoc,"SYNC_TRUTH,sequence=343945,truth_tick_us=688810589,mechanical_angle_rad=2.638447046,valid=1,read_failures=0"
dengfoc,"SYNC_TRUTH,sequence=343946,truth_tick_us=688812593,mechanical_angle_rad=2.638447046,valid=1,read_failures=0"
dengfoc,"SYNC_TRUTH,sequence=343947,truth_tick_us=688814589,mechanical_angle_rad=2.638447046,valid=1,read_failures=0"
dengfoc,"SYNC_TRUTH,sequence=343948,truth_tick_us=688816593,mechanical_angle_rad=2.638447046,valid=1,read_failures=0"
dengfoc,"SYNC_TRUTH,sequence=343949,truth_tick_us=688818589,mechanical_angle_rad=2.636913061,valid=1,read_failures=0"
dengfoc,"SYNC_TRUTH,sequence=343950,truth_tick_us=688820593,mechanical_angle_rad=2.636913061,valid=1,read_failures=0"
dengfoc,"SYNC_TRUTH,sequence=343951,truth_tick_us=688822589,mechanical_angle_rad=2.635379076,valid=1,read_failures=0"
dengfoc,"SYNC_TRUTH,sequence=343952,truth_tick_us=688824593,mechanical_angle_rad=2.635379076,valid=1,read_failures=0"
dengfoc,"SYNC_TRUTH,sequence=343953,truth_tick_us=688826589,mechanical_angle_rad=2.636913061,valid=1,read_failures=0"
dengfoc,"SYNC_TRUTH,sequence=343954,truth_tick_us=688828593,mechanical_angle_rad=2.636913061,valid=1,read_failures=0"
dengfoc,"SYNC_TRUTH,sequence=343955,truth_tick_us=688830589,mechanical_angle_rad=2.636913061,valid=1,read_failures=0"
dengfoc,"SYNC_TRUTH,sequence=343956,truth_tick_us=688832593,mechanical_angle_rad=2.636913061,valid=1,read_failures=0"
dengfoc,"SYNC_TRUTH,sequence=343957,truth_tick_us=688834589,mechanical_angle_rad=2.636913061,valid=1,read_failures=0"
dengfoc,"SYNC_TRUTH,sequence=343958,truth_tick_us=688836593,mechanical_angle_rad=2.636913061,valid=1,read_failures=0"
dengfoc,"SYNC_TRUTH,sequence=343959,truth_tick_us=688838589,mechanical_angle_rad=2.636913061,valid=1,read_failures=0"
dengfoc,"SYNC_TRUTH,sequence=343960,truth_tick_us=688840593,mechanical_angle_rad=2.636913061,valid=1,read_failures=0"
dengfoc,"SYNC_TRUTH,sequence=343961,truth_tick_us=688842589,mechanical_angle_rad=2.636913061,valid=1,read_failures=0"
dengfoc,"SYNC_TRUTH,sequence=343962,truth_tick_us=688844593,mechanical_angle_rad=2.636913061,valid=1,read_failures=0"
dengfoc,"SYNC_TRUTH,sequence=343963,truth_tick_us=688846589,mechanical_angle_rad=2.636913061,valid=1,read_failures=0"
dengfoc,"SYNC_TRUTH,sequence=343964,truth_tick_us=688848593,mechanical_angle_rad=2.636913061,valid=1,read_failures=0"
dengfoc,"SYNC_TRUTH,sequence=343965,truth_tick_us=688850589,mechanical_angle_rad=2.636913061,valid=1,read_failures=0"
dengfoc,"SYNC_TRUTH,sequence=343966,truth_tick_us=688852593,mechanical_angle_rad=2.636913061,valid=1,read_failures=0"
dengfoc,"SYNC_TRUTH,sequence=343967,truth_tick_us=688854589,mechanical_angle_rad=2.636913061,valid=1,read_failures=0"
dengfoc,"SYNC_TRUTH,sequence=343968,truth_tick_us=688856593,mechanical_angle_rad=2.636913061,valid=1,read_failures=0"
dengfoc,"SYNC_TRUTH,sequence=343969,truth_tick_us=688858589,mechanical_angle_rad=2.636913061,valid=1,read_failures=0"
dengfoc,"SYNC_TRUTH,sequence=343970,truth_tick_us=688860593,mechanical_angle_rad=2.636913061,valid=1,read_failures=0"
dengfoc,"SYNC_TRUTH,sequence=343971,truth_tick_us=688862589,mechanical_angle_rad=2.636913061,valid=1,read_failures=0"
dengfoc,"SYNC_TRUTH,sequence=343972,truth_tick_us=688864593,mechanical_angle_rad=2.636913061,valid=1,read_failures=0"
dengfoc,"SYNC_TRUTH,sequence=343973,truth_tick_us=688866589,mechanical_angle_rad=2.636913061,valid=1,read_failures=0"
dengfoc,"SYNC_TRUTH,sequence=343974,truth_tick_us=688868593,mechanical_angle_rad=2.636913061,valid=1,read_failures=0"
dengfoc,"SYNC_TRUTH,sequence=343975,truth_tick_us=688870589,mechanical_angle_rad=2.636913061,valid=1,read_failures=0"
dengfoc,"SYNC_TRUTH,sequence=343976,truth_tick_us=688872593,mechanical_angle_rad=2.636913061,valid=1,read_failures=0"
dengfoc,"SYNC_TRUTH,sequence=343977,truth_tick_us=688874589,mechanical_angle_rad=2.636913061,valid=1,read_failures=0"
dengfoc,"SYNC_TRUTH,sequence=343978,truth_tick_us=688876593,mechanical_angle_rad=2.636913061,valid=1,read_failures=0"
dengfoc,"SYNC_TRUTH,sequence=343979,truth_tick_us=688878589,mechanical_angle_rad=2.636913061,valid=1,read_failures=0"
dengfoc,"SYNC_TRUTH,sequence=343980,truth_tick_us=688880593,mechanical_angle_rad=2.636913061,valid=1,read_failures=0"
dengfoc,"SYNC_TRUTH,sequence=343981,truth_tick_us=688882589,mechanical_angle_rad=2.636913061,valid=1,read_failures=0"
dengfoc,"SYNC_TRUTH,sequence=343982,truth_tick_us=688884593,mechanical_angle_rad=2.636913061,valid=1,read_failures=0"
dengfoc,"SYNC_TRUTH,sequence=343983,truth_tick_us=688886589,mechanical_angle_rad=2.636913061,valid=1,read_failures=0"
dengfoc,"SYNC_TRUTH,sequence=343984,truth_tick_us=688888593,mechanical_angle_rad=2.636913061,valid=1,read_failures=0"
dengfoc,"SYNC_TRUTH,sequence=343985,truth_tick_us=688890589,mechanical_angle_rad=2.636913061,valid=1,read_failures=0"
dengfoc,"SYNC_TRUTH,sequence=343986,truth_tick_us=688892593,mechanical_angle_rad=2.636913061,valid=1,read_failures=0"
dengfoc,"SYNC_TRUTH,sequence=343987,truth_tick_us=688894589,mechanical_angle_rad=2.636913061,valid=1,read_failures=0"
dengfoc,"SYNC_TRUTH,sequence=343988,truth_tick_us=688896593,mechanical_angle_rad=2.636913061,valid=1,read_failures=0"
dengfoc,"SYNC_TRUTH,sequence=343989,truth_tick_us=688898589,mechanical_angle_rad=2.636913061,valid=1,read_failures=0"
dengfoc,"SYNC_TRUTH,sequence=343990,truth_tick_us=688900593,mechanical_angle_rad=2.636913061,valid=1,read_failures=0"
dengfoc,"SYNC_TRUTH,sequence=343991,truth_tick_us=688902589,mechanical_angle_rad=2.636913061,valid=1,read_failures=0"
dengfoc,"SYNC_TRUTH,sequence=343992,truth_tick_us=688904593,mechanical_angle_rad=2.636913061,valid=1,read_failures=0"
dengfoc,"SYNC_TRUTH,sequence=343993,truth_tick_us=688906589,mechanical_angle_rad=2.636913061,valid=1,read_failures=0"
dengfoc,"SYNC_TRUTH,sequence=343994,truth_tick_us=688908593,mechanical_angle_rad=2.636913061,valid=1,read_failures=0"
dengfoc,"SYNC_TRUTH,sequence=343995,truth_tick_us=688910589,mechanical_angle_rad=2.636913061,valid=1,read_failures=0"
dengfoc,"SYNC_TRUTH,sequence=343996,truth_tick_us=688912593,mechanical_angle_rad=2.636913061,valid=1,read_failures=0"
dengfoc,"SYNC_TRUTH,sequence=343997,truth_tick_us=688914589,mechanical_angle_rad=2.636913061,valid=1,read_failures=0"
dengfoc,"SYNC_TRUTH,sequence=343998,truth_tick_us=688916593,mechanical_angle_rad=2.636913061,valid=1,read_failures=0"
dengfoc,"SYNC_TRUTH,sequence=343999,truth_tick_us=688918589,mechanical_angle_rad=2.636913061,valid=1,read_failures=0"
dengfoc,"SYNC_TRUTH,sequence=344000,truth_tick_us=688920593,mechanical_angle_rad=2.636913061,valid=1,read_failures=0"
dengfoc,"SYNC_TRUTH,sequence=344001,truth_tick_us=688922589,mechanical_angle_rad=2.636913061,valid=1,read_failures=0"
dengfoc,"SYNC_TRUTH,sequence=344002,truth_tick_us=688924593,mechanical_angle_rad=2.636913061,valid=1,read_failures=0"
dengfoc,"SYNC_TRUTH,sequence=344003,truth_tick_us=688926589,mechanical_angle_rad=2.636913061,valid=1,read_failures=0"
dengfoc,"SYNC_TRUTH,sequence=344004,truth_tick_us=688928593,mechanical_angle_rad=2.636913061,valid=1,read_failures=0"
dengfoc,"SYNC_TRUTH,sequence=344005,truth_tick_us=688930589,mechanical_angle_rad=2.636913061,valid=1,read_failures=0"
dengfoc,"SYNC_TRUTH,sequence=344006,truth_tick_us=688932593,mechanical_angle_rad=2.636913061,valid=1,read_failures=0"
dengfoc,"SYNC_TRUTH,sequence=344007,truth_tick_us=688934589,mechanical_angle_rad=2.636913061,valid=1,read_failures=0"
dengfoc,"SYNC_TRUTH,sequence=344008,truth_tick_us=688936593,mechanical_angle_rad=2.636913061,valid=1,read_failures=0"
dengfoc,"SYNC_TRUTH,sequence=344009,truth_tick_us=688938589,mechanical_angle_rad=2.636913061,valid=1,read_failures=0"
dengfoc,"SYNC_TRUTH,sequence=344010,truth_tick_us=688940593,mechanical_angle_rad=2.636913061,valid=1,read_failures=0"
dengfoc,"SYNC_TRUTH,sequence=344011,truth_tick_us=688942589,mechanical_angle_rad=2.636913061,valid=1,read_failures=0"
dengfoc,"SYNC_TRUTH,sequence=344012,truth_tick_us=688944593,mechanical_angle_rad=2.636913061,valid=1,read_failures=0"
dengfoc,"SYNC_TRUTH,sequence=344013,truth_tick_us=688946589,mechanical_angle_rad=2.636913061,valid=1,read_failures=0"
dengfoc,"SYNC_TRUTH,sequence=344014,truth_tick_us=688948593,mechanical_angle_rad=2.636913061,valid=1,read_failures=0"
dengfoc,"SYNC_TRUTH,sequence=344015,truth_tick_us=688950589,mechanical_angle_rad=2.636913061,valid=1,read_failures=0"
dengfoc,"SYNC_TRUTH,sequence=344016,truth_tick_us=688952593,mechanical_angle_rad=2.636913061,valid=1,read_failures=0"
dengfoc,"SYNC_TRUTH,sequence=344017,truth_tick_us=688954589,mechanical_angle_rad=2.636913061,valid=1,read_failures=0"
dengfoc,"SYNC_TRUTH,sequence=344018,truth_tick_us=688956593,mechanical_angle_rad=2.636913061,valid=1,read_failures=0"
dengfoc,"SYNC_TRUTH,sequence=344019,truth_tick_us=688958589,mechanical_angle_rad=2.636913061,valid=1,read_failures=0"
dengfoc,"SYNC_TRUTH,sequence=344020,truth_tick_us=688960593,mechanical_angle_rad=2.636913061,valid=1,read_failures=0"
dengfoc,"SYNC_TRUTH,sequence=344021,truth_tick_us=688962589,mechanical_angle_rad=2.636913061,valid=1,read_failures=0"
dengfoc,"SYNC_TRUTH,sequence=344022,truth_tick_us=688964593,mechanical_angle_rad=2.636913061,valid=1,read_failures=0"
dengfoc,"SYNC_TRUTH,sequence=344023,truth_tick_us=688966589,mechanical_angle_rad=2.636913061,valid=1,read_failures=0"
dengfoc,"SYNC_TRUTH,sequence=344024,truth_tick_us=688968593,mechanical_angle_rad=2.636913061,valid=1,read_failures=0"
dengfoc,"SYNC_TRUTH,sequence=344025,truth_tick_us=688970589,mechanical_angle_rad=2.636913061,valid=1,read_failures=0"
dengfoc,"SYNC_TRUTH,sequence=344026,truth_tick_us=688972593,mechanical_angle_rad=2.636913061,valid=1,read_failures=0"
dengfoc,"SYNC_TRUTH,sequence=344027,truth_tick_us=688974589,mechanical_angle_rad=2.636913061,valid=1,read_failures=0"
dengfoc,"SYNC_TRUTH,sequence=344028,truth_tick_us=688976593,mechanical_angle_rad=2.636913061,valid=1,read_failures=0"
dengfoc,"SYNC_TRUTH,sequence=344029,truth_tick_us=688978589,mechanical_angle_rad=2.636913061,valid=1,read_failures=0"
dengfoc,"SYNC_TRUTH,sequence=344030,truth_tick_us=688980593,mechanical_angle_rad=2.636913061,valid=1,read_failures=0"
dengfoc,"SYNC_TRUTH,sequence=344031,truth_tick_us=688982589,mechanical_angle_rad=2.636913061,valid=1,read_failures=0"
dengfoc,"SYNC_TRUTH,sequence=344032,truth_tick_us=688984593,mechanical_angle_rad=2.636913061,valid=1,read_failures=0"
dengfoc,"SYNC_TRUTH,sequence=344033,truth_tick_us=688986589,mechanical_angle_rad=2.636913061,valid=1,read_failures=0"
dengfoc,"SYNC_TRUTH,sequence=344034,truth_tick_us=688988593,mechanical_angle_rad=2.636913061,valid=1,read_failures=0"
dengfoc,"SYNC_TRUTH,sequence=344035,truth_tick_us=688990589,mechanical_angle_rad=2.636913061,valid=1,read_failures=0"
dengfoc,"SYNC_TRUTH,sequence=344036,truth_tick_us=688992593,mechanical_angle_rad=2.636913061,valid=1,read_failures=0"
dengfoc,"SYNC_TRUTH,sequence=344037,truth_tick_us=688994589,mechanical_angle_rad=2.636913061,valid=1,read_failures=0"
dengfoc,"SYNC_TRUTH,sequence=344038,truth_tick_us=688996593,mechanical_angle_rad=2.636913061,valid=1,read_failures=0"
dengfoc,"SYNC_TRUTH,sequence=344039,truth_tick_us=688998589,mechanical_angle_rad=2.636913061,valid=1,read_failures=0"
dengfoc,"SYNC_TRUTH,sequence=344040,truth_tick_us=689000593,mechanical_angle_rad=2.636913061,valid=1,read_failures=0"
dengfoc,"SYNC_TRUTH,sequence=344041,truth_tick_us=689002589,mechanical_angle_rad=2.636913061,valid=1,read_failures=0"
dengfoc,"SYNC_TRUTH,sequence=344042,truth_tick_us=689004593,mechanical_angle_rad=2.636913061,valid=1,read_failures=0"
dengfoc,"SYNC_TRUTH,sequence=344043,truth_tick_us=689006589,mechanical_angle_rad=2.636913061,valid=1,read_failures=0"
dengfoc,"SYNC_TRUTH,sequence=344044,truth_tick_us=689008593,mechanical_angle_rad=2.636913061,valid=1,read_failures=0"
dengfoc,"SYNC_TRUTH,sequence=344045,truth_tick_us=689010589,mechanical_angle_rad=2.636913061,valid=1,read_failures=0"
dengfoc,"SYNC_TRUTH,sequence=344046,truth_tick_us=689012593,mechanical_angle_rad=2.636913061,valid=1,read_failures=0"
dengfoc,"SYNC_TRUTH,sequence=344047,truth_tick_us=689014589,mechanical_angle_rad=2.636913061,valid=1,read_failures=0"
dengfoc,"SYNC_TRUTH,sequence=344048,truth_tick_us=689016593,mechanical_angle_rad=2.636913061,valid=1,read_failures=0"
dengfoc,"SYNC_TRUTH,sequence=344049,truth_tick_us=689018589,mechanical_angle_rad=2.636913061,valid=1,read_failures=0"
dengfoc,"SYNC_TRUTH,sequence=344050,truth_tick_us=689020593,mechanical_angle_rad=2.636913061,valid=1,read_failures=0"
dengfoc,"SYNC_TRUTH,sequence=344051,truth_tick_us=689022589,mechanical_angle_rad=2.636913061,valid=1,read_failures=0"
dengfoc,"SYNC_TRUTH,sequence=344052,truth_tick_us=689024593,mechanical_angle_rad=2.636913061,valid=1,read_failures=0"
dengfoc,"SYNC_TRUTH,sequence=344053,truth_tick_us=689026589,mechanical_angle_rad=2.636913061,valid=1,read_failures=0"
dengfoc,"SYNC_TRUTH,sequence=344054,truth_tick_us=689028593,mechanical_angle_rad=2.636913061,valid=1,read_failures=0"
dengfoc,"SYNC_TRUTH,sequence=344055,truth_tick_us=689030589,mechanical_angle_rad=2.636913061,valid=1,read_failures=0"
dengfoc,"SYNC_TRUTH,sequence=344056,truth_tick_us=689032593,mechanical_angle_rad=2.636913061,valid=1,read_failures=0"
dengfoc,"SYNC_TRUTH,sequence=344057,truth_tick_us=689034589,mechanical_angle_rad=2.636913061,valid=1,read_failures=0"
dengfoc,"SYNC_TRUTH,sequence=344058,truth_tick_us=689036593,mechanical_angle_rad=2.636913061,valid=1,read_failures=0"
dengfoc,"SYNC_TRUTH,sequence=344059,truth_tick_us=689038589,mechanical_angle_rad=2.636913061,valid=1,read_failures=0"
dengfoc,"SYNC_TRUTH,sequence=344060,truth_tick_us=689040593,mechanical_angle_rad=2.636913061,valid=1,read_failures=0"
dengfoc,"SYNC_TRUTH,sequence=344061,truth_tick_us=689042589,mechanical_angle_rad=2.636913061,valid=1,read_failures=0"
dengfoc,"SYNC_TRUTH,sequence=344062,truth_tick_us=689044593,mechanical_angle_rad=2.636913061,valid=1,read_failures=0"
dengfoc,"SYNC_TRUTH,sequence=344063,truth_tick_us=689046589,mechanical_angle_rad=2.636913061,valid=1,read_failures=0"
dengfoc,"SYNC_TRUTH,sequence=344064,truth_tick_us=689048593,mechanical_angle_rad=2.636913061,valid=1,read_failures=0"
dengfoc,"SYNC_TRUTH,sequence=344065,truth_tick_us=689050589,mechanical_angle_rad=2.636913061,valid=1,read_failures=0"
dengfoc,"SYNC_TRUTH,sequence=344066,truth_tick_us=689052593,mechanical_angle_rad=2.636913061,valid=1,read_failures=0"
dengfoc,"SYNC_TRUTH,sequence=344067,truth_tick_us=689054589,mechanical_angle_rad=2.636913061,valid=1,read_failures=0"
dengfoc,"SYNC_TRUTH,sequence=344068,truth_tick_us=689056593,mechanical_angle_rad=2.636913061,valid=1,read_failures=0"
dengfoc,"SYNC_TRUTH,sequence=344069,truth_tick_us=689058589,mechanical_angle_rad=2.636913061,valid=1,read_failures=0"
dengfoc,"SYNC_TRUTH,sequence=344070,truth_tick_us=689060593,mechanical_angle_rad=2.636913061,valid=1,read_failures=0"
dengfoc,"SYNC_TRUTH,sequence=344071,truth_tick_us=689062589,mechanical_angle_rad=2.636913061,valid=1,read_failures=0"
dengfoc,"SYNC_TRUTH,sequence=344072,truth_tick_us=689064593,mechanical_angle_rad=2.636913061,valid=1,read_failures=0"
dengfoc,"SYNC_TRUTH,sequence=344073,truth_tick_us=689066589,mechanical_angle_rad=2.636913061,valid=1,read_failures=0"
dengfoc,"SYNC_TRUTH,sequence=344074,truth_tick_us=689068593,mechanical_angle_rad=2.636913061,valid=1,read_failures=0"
dengfoc,"SYNC_TRUTH,sequence=344075,truth_tick_us=689070589,mechanical_angle_rad=2.636913061,valid=1,read_failures=0"
dengfoc,"SYNC_TRUTH,sequence=344076,truth_tick_us=689072593,mechanical_angle_rad=2.636913061,valid=1,read_failures=0"
dengfoc,"SYNC_TRUTH,sequence=344077,truth_tick_us=689074589,mechanical_angle_rad=2.636913061,valid=1,read_failures=0"
dengfoc,"SYNC_TRUTH,sequence=344078,truth_tick_us=689076593,mechanical_angle_rad=2.636913061,valid=1,read_failures=0"
dengfoc,"SYNC_TRUTH,sequence=344079,truth_tick_us=689078589,mechanical_angle_rad=2.636913061,valid=1,read_failures=0"
dengfoc,"SYNC_TRUTH,sequence=344080,truth_tick_us=689080593,mechanical_angle_rad=2.636913061,valid=1,read_failures=0"
dengfoc,"SYNC_TRUTH,sequence=344081,truth_tick_us=689082589,mechanical_angle_rad=2.636913061,valid=1,read_failures=0"
dengfoc,"SYNC_TRUTH,sequence=344082,truth_tick_us=689084593,mechanical_angle_rad=2.636913061,valid=1,read_failures=0"
dengfoc,"SYNC_TRUTH,sequence=344083,truth_tick_us=689086589,mechanical_angle_rad=2.636913061,valid=1,read_failures=0"
dengfoc,"SYNC_TRUTH,sequence=344084,truth_tick_us=689088593,mechanical_angle_rad=2.636913061,valid=1,read_failures=0"
dengfoc,"SYNC_TRUTH,sequence=344085,truth_tick_us=689090589,mechanical_angle_rad=2.636913061,valid=1,read_failures=0"
dengfoc,"SYNC_TRUTH,sequence=344086,truth_tick_us=689092593,mechanical_angle_rad=2.636913061,valid=1,read_failures=0"
dengfoc,"SYNC_TRUTH,sequence=344087,truth_tick_us=689094589,mechanical_angle_rad=2.636913061,valid=1,read_failures=0"
dengfoc,"SYNC_TRUTH,sequence=344088,truth_tick_us=689096593,mechanical_angle_rad=2.636913061,valid=1,read_failures=0"
dengfoc,"SYNC_TRUTH,sequence=344089,truth_tick_us=689098589,mechanical_angle_rad=2.636913061,valid=1,read_failures=0"
dengfoc,"SYNC_TRUTH,sequence=344090,truth_tick_us=689100593,mechanical_angle_rad=2.636913061,valid=1,read_failures=0"
dengfoc,"SYNC_TRUTH,sequence=344091,truth_tick_us=689102589,mechanical_angle_rad=2.636913061,valid=1,read_failures=0"
dengfoc,"SYNC_TRUTH,sequence=344092,truth_tick_us=689104593,mechanical_angle_rad=2.636913061,valid=1,read_failures=0"
dengfoc,"SYNC_TRUTH,sequence=344093,truth_tick_us=689106589,mechanical_angle_rad=2.636913061,valid=1,read_failures=0"
dengfoc,"SYNC_TRUTH,sequence=344094,truth_tick_us=689108593,mechanical_angle_rad=2.636913061,valid=1,read_failures=0"
dengfoc,"SYNC_TRUTH,sequence=344095,truth_tick_us=689110589,mechanical_angle_rad=2.636913061,valid=1,read_failures=0"
dengfoc,"SYNC_TRUTH,sequence=344096,truth_tick_us=689112593,mechanical_angle_rad=2.636913061,valid=1,read_failures=0"
dengfoc,"SYNC_TRUTH,sequence=344097,truth_tick_us=689114589,mechanical_angle_rad=2.636913061,valid=1,read_failures=0"
dengfoc,"SYNC_TRUTH,sequence=344098,truth_tick_us=689116593,mechanical_angle_rad=2.636913061,valid=1,read_failures=0"
dengfoc,"SYNC_TRUTH,sequence=344099,truth_tick_us=689118589,mechanical_angle_rad=2.636913061,valid=1,read_failures=0"
dengfoc,"SYNC_TRUTH,sequence=344100,truth_tick_us=689120593,mechanical_angle_rad=2.636913061,valid=1,read_failures=0"
dengfoc,"SYNC_TRUTH,sequence=344101,truth_tick_us=689122589,mechanical_angle_rad=2.636913061,valid=1,read_failures=0"
dengfoc,"SYNC_TRUTH,sequence=344102,truth_tick_us=689124593,mechanical_angle_rad=2.636913061,valid=1,read_failures=0"
dengfoc,"SYNC_TRUTH,sequence=344103,truth_tick_us=689126589,mechanical_angle_rad=2.636913061,valid=1,read_failures=0"
dengfoc,"SYNC_TRUTH,sequence=344104,truth_tick_us=689128593,mechanical_angle_rad=2.636913061,valid=1,read_failures=0"
dengfoc,"SYNC_TRUTH,sequence=344105,truth_tick_us=689130589,mechanical_angle_rad=2.636913061,valid=1,read_failures=0"
dengfoc,"SYNC_TRUTH,sequence=344106,truth_tick_us=689132593,mechanical_angle_rad=2.636913061,valid=1,read_failures=0"
dengfoc,"SYNC_TRUTH,sequence=344107,truth_tick_us=689134589,mechanical_angle_rad=2.636913061,valid=1,read_failures=0"
dengfoc,"SYNC_TRUTH,sequence=344108,truth_tick_us=689136593,mechanical_angle_rad=2.636913061,valid=1,read_failures=0"
dengfoc,"SYNC_TRUTH,sequence=344109,truth_tick_us=689138589,mechanical_angle_rad=2.636913061,valid=1,read_failures=0"
dengfoc,"SYNC_TRUTH,sequence=344110,truth_tick_us=689140593,mechanical_angle_rad=2.636913061,valid=1,read_failures=0"
dengfoc,"SYNC_TRUTH,sequence=344111,truth_tick_us=689142589,mechanical_angle_rad=2.636913061,valid=1,read_failures=0"
dengfoc,"SYNC_TRUTH,sequence=344112,truth_tick_us=689144593,mechanical_angle_rad=2.636913061,valid=1,read_failures=0"
dengfoc,"SYNC_TRUTH,sequence=344113,truth_tick_us=689146589,mechanical_angle_rad=2.636913061,valid=1,read_failures=0"
dengfoc,"SYNC_TRUTH,sequence=344114,truth_tick_us=689148593,mechanical_angle_rad=2.636913061,valid=1,read_failures=0"
dengfoc,"SYNC_TRUTH,sequence=344115,truth_tick_us=689150589,mechanical_angle_rad=2.636913061,valid=1,read_failures=0"
dengfoc,"SYNC_TRUTH,sequence=344116,truth_tick_us=689152593,mechanical_angle_rad=2.636913061,valid=1,read_failures=0"
dengfoc,"SYNC_TRUTH,sequence=344117,truth_tick_us=689154589,mechanical_angle_rad=2.636913061,valid=1,read_failures=0"
dengfoc,"SYNC_TRUTH,sequence=344118,truth_tick_us=689156593,mechanical_angle_rad=2.636913061,valid=1,read_failures=0"
dengfoc,"SYNC_TRUTH,sequence=344119,truth_tick_us=689158589,mechanical_angle_rad=2.636913061,valid=1,read_failures=0"
dengfoc,"SYNC_TRUTH,sequence=344120,truth_tick_us=689160593,mechanical_angle_rad=2.636913061,valid=1,read_failures=0"
dengfoc,"SYNC_TRUTH,sequence=344121,truth_tick_us=689162589,mechanical_angle_rad=2.636913061,valid=1,read_failures=0"
dengfoc,"SYNC_TRUTH,sequence=344122,truth_tick_us=689164593,mechanical_angle_rad=2.636913061,valid=1,read_failures=0"
dengfoc,"SYNC_TRUTH,sequence=344123,truth_tick_us=689166589,mechanical_angle_rad=2.636913061,valid=1,read_failures=0"
dengfoc,"SYNC_TRUTH,sequence=344124,truth_tick_us=689168593,mechanical_angle_rad=2.636913061,valid=1,read_failures=0"
dengfoc,"SYNC_TRUTH,sequence=344125,truth_tick_us=689170589,mechanical_angle_rad=2.636913061,valid=1,read_failures=0"
dengfoc,"SYNC_TRUTH,sequence=344126,truth_tick_us=689172593,mechanical_angle_rad=2.636913061,valid=1,read_failures=0"
dengfoc,"SYNC_TRUTH,sequence=344127,truth_tick_us=689174589,mechanical_angle_rad=2.636913061,valid=1,read_failures=0"
dengfoc,"SYNC_TRUTH,sequence=344128,truth_tick_us=689176593,mechanical_angle_rad=2.636913061,valid=1,read_failures=0"
dengfoc,"SYNC_TRUTH,sequence=344129,truth_tick_us=689178589,mechanical_angle_rad=2.636913061,valid=1,read_failures=0"
dengfoc,"SYNC_TRUTH,sequence=344130,truth_tick_us=689180593,mechanical_angle_rad=2.636913061,valid=1,read_failures=0"
dengfoc,"SYNC_TRUTH,sequence=344131,truth_tick_us=689182589,mechanical_angle_rad=2.636913061,valid=1,read_failures=0"
dengfoc,"SYNC_TRUTH,sequence=344132,truth_tick_us=689184593,mechanical_angle_rad=2.636913061,valid=1,read_failures=0"
dengfoc,"SYNC_TRUTH,sequence=344133,truth_tick_us=689186589,mechanical_angle_rad=2.636913061,valid=1,read_failures=0"
dengfoc,"SYNC_TRUTH,sequence=344134,truth_tick_us=689188593,mechanical_angle_rad=2.636913061,valid=1,read_failures=0"
dengfoc,"SYNC_TRUTH,sequence=344135,truth_tick_us=689190589,mechanical_angle_rad=2.636913061,valid=1,read_failures=0"
dengfoc,"SYNC_TRUTH,sequence=344136,truth_tick_us=689192593,mechanical_angle_rad=2.636913061,valid=1,read_failures=0"
dengfoc,"SYNC_TRUTH,sequence=344137,truth_tick_us=689194589,mechanical_angle_rad=2.636913061,valid=1,read_failures=0"
dengfoc,"SYNC_TRUTH,sequence=344138,truth_tick_us=689196593,mechanical_angle_rad=2.636913061,valid=1,read_failures=0"
dengfoc,"SYNC_TRUTH,sequence=344139,truth_tick_us=689198589,mechanical_angle_rad=2.636913061,valid=1,read_failures=0"
dengfoc,"SYNC_TRUTH,sequence=344140,truth_tick_us=689200593,mechanical_angle_rad=2.636913061,valid=1,read_failures=0"
dengfoc,"SYNC_TRUTH,sequence=344141,truth_tick_us=689202589,mechanical_angle_rad=2.636913061,valid=1,read_failures=0"
dengfoc,"SYNC_TRUTH,sequence=344142,truth_tick_us=689204593,mechanical_angle_rad=2.636913061,valid=1,read_failures=0"
dengfoc,"SYNC_TRUTH,sequence=344143,truth_tick_us=689206589,mechanical_angle_rad=2.636913061,valid=1,read_failures=0"
dengfoc,"SYNC_TRUTH,sequence=344144,truth_tick_us=689208593,mechanical_angle_rad=2.636913061,valid=1,read_failures=0"
dengfoc,"SYNC_TRUTH,sequence=344145,truth_tick_us=689210589,mechanical_angle_rad=2.636913061,valid=1,read_failures=0"
dengfoc,"SYNC_TRUTH,sequence=344146,truth_tick_us=689212593,mechanical_angle_rad=2.636913061,valid=1,read_failures=0"
dengfoc,"SYNC_TRUTH,sequence=344147,truth_tick_us=689214589,mechanical_angle_rad=2.636913061,valid=1,read_failures=0"
dengfoc,"SYNC_TRUTH,sequence=344148,truth_tick_us=689216593,mechanical_angle_rad=2.636913061,valid=1,read_failures=0"
dengfoc,"SYNC_TRUTH,sequence=344149,truth_tick_us=689218589,mechanical_angle_rad=2.636913061,valid=1,read_failures=0"
dengfoc,"SYNC_TRUTH,sequence=344150,truth_tick_us=689220593,mechanical_angle_rad=2.636913061,valid=1,read_failures=0"
dengfoc,"SYNC_TRUTH,sequence=344151,truth_tick_us=689222589,mechanical_angle_rad=2.636913061,valid=1,read_failures=0"
dengfoc,"SYNC_TRUTH,sequence=344152,truth_tick_us=689224593,mechanical_angle_rad=2.636913061,valid=1,read_failures=0"
dengfoc,"SYNC_TRUTH,sequence=344153,truth_tick_us=689226589,mechanical_angle_rad=2.636913061,valid=1,read_failures=0"
dengfoc,"SYNC_TRUTH,sequence=344154,truth_tick_us=689228593,mechanical_angle_rad=2.636913061,valid=1,read_failures=0"
dengfoc,"SYNC_TRUTH,sequence=344155,truth_tick_us=689230589,mechanical_angle_rad=2.636913061,valid=1,read_failures=0"
dengfoc,"SYNC_TRUTH,sequence=344156,truth_tick_us=689232593,mechanical_angle_rad=2.636913061,valid=1,read_failures=0"
dengfoc,"SYNC_TRUTH,sequence=344157,truth_tick_us=689234589,mechanical_angle_rad=2.636913061,valid=1,read_failures=0"
dengfoc,"SYNC_TRUTH,sequence=344158,truth_tick_us=689236593,mechanical_angle_rad=2.636913061,valid=1,read_failures=0"
dengfoc,"SYNC_TRUTH,sequence=344159,truth_tick_us=689238589,mechanical_angle_rad=2.636913061,valid=1,read_failures=0"
dengfoc,"SYNC_TRUTH,sequence=344160,truth_tick_us=689240593,mechanical_angle_rad=2.636913061,valid=1,read_failures=0"
dengfoc,"SYNC_TRUTH,sequence=344161,truth_tick_us=689242589,mechanical_angle_rad=2.636913061,valid=1,read_failures=0"
dengfoc,"SYNC_TRUTH,sequence=344162,truth_tick_us=689244593,mechanical_angle_rad=2.636913061,valid=1,read_failures=0"
dengfoc,"SYNC_TRUTH,sequence=344163,truth_tick_us=689246589,mechanical_angle_rad=2.636913061,valid=1,read_failures=0"
dengfoc,"SYNC_TRUTH,sequence=344164,truth_tick_us=689248593,mechanical_angle_rad=2.636913061,valid=1,read_failures=0"
dengfoc,"SYNC_TRUTH,sequence=344165,truth_tick_us=689250589,mechanical_angle_rad=2.636913061,valid=1,read_failures=0"
dengfoc,"SYNC_TRUTH,sequence=344166,truth_tick_us=689252593,mechanical_angle_rad=2.636913061,valid=1,read_failures=0"
dengfoc,"SYNC_TRUTH,sequence=344167,truth_tick_us=689254589,mechanical_angle_rad=2.636913061,valid=1,read_failures=0"
dengfoc,"SYNC_TRUTH,sequence=344168,truth_tick_us=689256593,mechanical_angle_rad=2.636913061,valid=1,read_failures=0"
dengfoc,"SYNC_TRUTH,sequence=344169,truth_tick_us=689258589,mechanical_angle_rad=2.636913061,valid=1,read_failures=0"
dengfoc,"SYNC_TRUTH,sequence=344170,truth_tick_us=689260593,mechanical_angle_rad=2.636913061,valid=1,read_failures=0"
dengfoc,"SYNC_TRUTH,sequence=344171,truth_tick_us=689262589,mechanical_angle_rad=2.636913061,valid=1,read_failures=0"
dengfoc,"SYNC_TRUTH,sequence=344172,truth_tick_us=689264593,mechanical_angle_rad=2.636913061,valid=1,read_failures=0"
dengfoc,"SYNC_TRUTH,sequence=344173,truth_tick_us=689266589,mechanical_angle_rad=2.636913061,valid=1,read_failures=0"
dengfoc,"SYNC_TRUTH,sequence=344174,truth_tick_us=689268593,mechanical_angle_rad=2.636913061,valid=1,read_failures=0"
dengfoc,"SYNC_TRUTH,sequence=344175,truth_tick_us=689270589,mechanical_angle_rad=2.636913061,valid=1,read_failures=0"
dengfoc,"SYNC_TRUTH,sequence=344176,truth_tick_us=689272593,mechanical_angle_rad=2.636913061,valid=1,read_failures=0"
dengfoc,"SYNC_TRUTH,sequence=344177,truth_tick_us=689274589,mechanical_angle_rad=2.636913061,valid=1,read_failures=0"
dengfoc,"SYNC_TRUTH,sequence=344178,truth_tick_us=689276593,mechanical_angle_rad=2.636913061,valid=1,read_failures=0"
dengfoc,"SYNC_TRUTH,sequence=344179,truth_tick_us=689278589,mechanical_angle_rad=2.636913061,valid=1,read_failures=0"
dengfoc,"SYNC_TRUTH,sequence=344180,truth_tick_us=689280593,mechanical_angle_rad=2.636913061,valid=1,read_failures=0"
dengfoc,"SYNC_TRUTH,sequence=344181,truth_tick_us=689282589,mechanical_angle_rad=2.636913061,valid=1,read_failures=0"
dengfoc,"SYNC_TRUTH,sequence=344182,truth_tick_us=689284593,mechanical_angle_rad=2.636913061,valid=1,read_failures=0"
dengfoc,"SYNC_TRUTH,sequence=344183,truth_tick_us=689286589,mechanical_angle_rad=2.636913061,valid=1,read_failures=0"
dengfoc,"SYNC_TRUTH,sequence=344184,truth_tick_us=689288593,mechanical_angle_rad=2.636913061,valid=1,read_failures=0"
dengfoc,"SYNC_TRUTH,sequence=344185,truth_tick_us=689290589,mechanical_angle_rad=2.636913061,valid=1,read_failures=0"
dengfoc,"SYNC_TRUTH,sequence=344186,truth_tick_us=689292593,mechanical_angle_rad=2.636913061,valid=1,read_failures=0"
dengfoc,"SYNC_TRUTH,sequence=344187,truth_tick_us=689294589,mechanical_angle_rad=2.636913061,valid=1,read_failures=0"
dengfoc,"SYNC_TRUTH,sequence=344188,truth_tick_us=689296593,mechanical_angle_rad=2.636913061,valid=1,read_failures=0"
dengfoc,"SYNC_TRUTH,sequence=344189,truth_tick_us=689298589,mechanical_angle_rad=2.636913061,valid=1,read_failures=0"
dengfoc,"SYNC_TRUTH,sequence=344190,truth_tick_us=689300593,mechanical_angle_rad=2.636913061,valid=1,read_failures=0"
dengfoc,"SYNC_TRUTH,sequence=344191,truth_tick_us=689302589,mechanical_angle_rad=2.636913061,valid=1,read_failures=0"
dengfoc,"SYNC_TRUTH,sequence=344192,truth_tick_us=689304593,mechanical_angle_rad=2.636913061,valid=1,read_failures=0"
dengfoc,"SYNC_TRUTH,sequence=344193,truth_tick_us=689306589,mechanical_angle_rad=2.636913061,valid=1,read_failures=0"
dengfoc,"SYNC_TRUTH,sequence=344194,truth_tick_us=689308593,mechanical_angle_rad=2.636913061,valid=1,read_failures=0"
dengfoc,"SYNC_TRUTH,sequence=344195,truth_tick_us=689310589,mechanical_angle_rad=2.636913061,valid=1,read_failures=0"
dengfoc,"SYNC_TRUTH,sequence=344196,truth_tick_us=689312593,mechanical_angle_rad=2.636913061,valid=1,read_failures=0"
dengfoc,"SYNC_TRUTH,sequence=344197,truth_tick_us=689314589,mechanical_angle_rad=2.636913061,valid=1,read_failures=0"
dengfoc,"SYNC_TRUTH,sequence=344198,truth_tick_us=689316593,mechanical_angle_rad=2.636913061,valid=1,read_failures=0"
dengfoc,"SYNC_TRUTH,sequence=344199,truth_tick_us=689318589,mechanical_angle_rad=2.636913061,valid=1,read_failures=0"
dengfoc,"SYNC_TRUTH,sequence=344200,truth_tick_us=689320593,mechanical_angle_rad=2.636913061,valid=1,read_failures=0"
dengfoc,"SYNC_TRUTH,sequence=344201,truth_tick_us=689322589,mechanical_angle_rad=2.636913061,valid=1,read_failures=0"
dengfoc,"SYNC_TRUTH,sequence=344202,truth_tick_us=689324593,mechanical_angle_rad=2.636913061,valid=1,read_failures=0"
dengfoc,"SYNC_TRUTH,sequence=344203,truth_tick_us=689326589,mechanical_angle_rad=2.636913061,valid=1,read_failures=0"
dengfoc,"SYNC_TRUTH,sequence=344204,truth_tick_us=689328593,mechanical_angle_rad=2.636913061,valid=1,read_failures=0"
dengfoc,"SYNC_TRUTH,sequence=344205,truth_tick_us=689330589,mechanical_angle_rad=2.636913061,valid=1,read_failures=0"
dengfoc,"SYNC_TRUTH,sequence=344206,truth_tick_us=689332593,mechanical_angle_rad=2.636913061,valid=1,read_failures=0"
dengfoc,"SYNC_TRUTH,sequence=344207,truth_tick_us=689334589,mechanical_angle_rad=2.636913061,valid=1,read_failures=0"
dengfoc,"SYNC_TRUTH,sequence=344208,truth_tick_us=689336593,mechanical_angle_rad=2.636913061,valid=1,read_failures=0"
dengfoc,"SYNC_TRUTH,sequence=344209,truth_tick_us=689338589,mechanical_angle_rad=2.636913061,valid=1,read_failures=0"
dengfoc,"SYNC_TRUTH,sequence=344210,truth_tick_us=689340593,mechanical_angle_rad=2.636913061,valid=1,read_failures=0"
dengfoc,"SYNC_TRUTH,sequence=344211,truth_tick_us=689342589,mechanical_angle_rad=2.636913061,valid=1,read_failures=0"
dengfoc,"SYNC_TRUTH,sequence=344212,truth_tick_us=689344593,mechanical_angle_rad=2.636913061,valid=1,read_failures=0"
dengfoc,"SYNC_TRUTH,sequence=344213,truth_tick_us=689346589,mechanical_angle_rad=2.636913061,valid=1,read_failures=0"
dengfoc,"SYNC_TRUTH,sequence=344214,truth_tick_us=689348593,mechanical_angle_rad=2.636913061,valid=1,read_failures=0"
dengfoc,"SYNC_TRUTH,sequence=344215,truth_tick_us=689350589,mechanical_angle_rad=2.636913061,valid=1,read_failures=0"
dengfoc,"SYNC_TRUTH,sequence=344216,truth_tick_us=689352593,mechanical_angle_rad=2.636913061,valid=1,read_failures=0"
dengfoc,"SYNC_TRUTH,sequence=344217,truth_tick_us=689354589,mechanical_angle_rad=2.636913061,valid=1,read_failures=0"
dengfoc,"SYNC_TRUTH,sequence=344218,truth_tick_us=689356593,mechanical_angle_rad=2.636913061,valid=1,read_failures=0"
dengfoc,"SYNC_TRUTH,sequence=344219,truth_tick_us=689358589,mechanical_angle_rad=2.636913061,valid=1,read_failures=0"
dengfoc,"SYNC_TRUTH,sequence=344220,truth_tick_us=689360593,mechanical_angle_rad=2.636913061,valid=1,read_failures=0"
dengfoc,"SYNC_TRUTH,sequence=344221,truth_tick_us=689362589,mechanical_angle_rad=2.636913061,valid=1,read_failures=0"
dengfoc,"SYNC_TRUTH,sequence=344222,truth_tick_us=689364593,mechanical_angle_rad=2.636913061,valid=1,read_failures=0"
dengfoc,"SYNC_TRUTH,sequence=344223,truth_tick_us=689366589,mechanical_angle_rad=2.636913061,valid=1,read_failures=0"
dengfoc,"SYNC_TRUTH,sequence=344224,truth_tick_us=689368593,mechanical_angle_rad=2.636913061,valid=1,read_failures=0"
dengfoc,"SYNC_TRUTH,sequence=344225,truth_tick_us=689370589,mechanical_angle_rad=2.636913061,valid=1,read_failures=0"
dengfoc,"SYNC_TRUTH,sequence=344226,truth_tick_us=689372593,mechanical_angle_rad=2.636913061,valid=1,read_failures=0"
dengfoc,"SYNC_TRUTH,sequence=344227,truth_tick_us=689374589,mechanical_angle_rad=2.636913061,valid=1,read_failures=0"
dengfoc,"SYNC_TRUTH,sequence=344228,truth_tick_us=689376593,mechanical_angle_rad=2.636913061,valid=1,read_failures=0"
dengfoc,"SYNC_TRUTH,sequence=344229,truth_tick_us=689378589,mechanical_angle_rad=2.636913061,valid=1,read_failures=0"
dengfoc,"SYNC_TRUTH,sequence=344230,truth_tick_us=689380593,mechanical_angle_rad=2.636913061,valid=1,read_failures=0"
dengfoc,"SYNC_TRUTH,sequence=344231,truth_tick_us=689382589,mechanical_angle_rad=2.636913061,valid=1,read_failures=0"
dengfoc,"SYNC_TRUTH,sequence=344232,truth_tick_us=689384593,mechanical_angle_rad=2.636913061,valid=1,read_failures=0"
dengfoc,"SYNC_TRUTH,sequence=344233,truth_tick_us=689386589,mechanical_angle_rad=2.636913061,valid=1,read_failures=0"
dengfoc,"SYNC_TRUTH,sequence=344234,truth_tick_us=689388593,mechanical_angle_rad=2.636913061,valid=1,read_failures=0"
dengfoc,"SYNC_TRUTH,sequence=344235,truth_tick_us=689390589,mechanical_angle_rad=2.636913061,valid=1,read_failures=0"
dengfoc,"SYNC_TRUTH,sequence=344236,truth_tick_us=689392593,mechanical_angle_rad=2.636913061,valid=1,read_failures=0"
dengfoc,"SYNC_TRUTH,sequence=344237,truth_tick_us=689394589,mechanical_angle_rad=2.636913061,valid=1,read_failures=0"
dengfoc,"SYNC_TRUTH,sequence=344238,truth_tick_us=689396593,mechanical_angle_rad=2.636913061,valid=1,read_failures=0"
dengfoc,"SYNC_TRUTH,sequence=344239,truth_tick_us=689398589,mechanical_angle_rad=2.636913061,valid=1,read_failures=0"
dengfoc,"SYNC_TRUTH,sequence=344240,truth_tick_us=689400593,mechanical_angle_rad=2.636913061,valid=1,read_failures=0"
dengfoc,"SYNC_TRUTH,sequence=344241,truth_tick_us=689402589,mechanical_angle_rad=2.636913061,valid=1,read_failures=0"
dengfoc,"SYNC_TRUTH,sequence=344242,truth_tick_us=689404593,mechanical_angle_rad=2.636913061,valid=1,read_failures=0"
dengfoc,"SYNC_TRUTH,sequence=344243,truth_tick_us=689406589,mechanical_angle_rad=2.636913061,valid=1,read_failures=0"
dengfoc,"SYNC_TRUTH,sequence=344244,truth_tick_us=689408593,mechanical_angle_rad=2.636913061,valid=1,read_failures=0"
dengfoc,"SYNC_TRUTH,sequence=344245,truth_tick_us=689410589,mechanical_angle_rad=2.636913061,valid=1,read_failures=0"
dengfoc,"SYNC_TRUTH,sequence=344246,truth_tick_us=689412593,mechanical_angle_rad=2.636913061,valid=1,read_failures=0"
dengfoc,"SYNC_TRUTH,sequence=344247,truth_tick_us=689414589,mechanical_angle_rad=2.636913061,valid=1,read_failures=0"
dengfoc,"SYNC_TRUTH,sequence=344248,truth_tick_us=689416593,mechanical_angle_rad=2.636913061,valid=1,read_failures=0"
dengfoc,"SYNC_TRUTH,sequence=344249,truth_tick_us=689418589,mechanical_angle_rad=2.636913061,valid=1,read_failures=0"
dengfoc,"SYNC_TRUTH,sequence=344250,truth_tick_us=689420593,mechanical_angle_rad=2.636913061,valid=1,read_failures=0"
dengfoc,"SYNC_TRUTH,sequence=344251,truth_tick_us=689422589,mechanical_angle_rad=2.636913061,valid=1,read_failures=0"
dengfoc,"SYNC_TRUTH,sequence=344252,truth_tick_us=689424593,mechanical_angle_rad=2.636913061,valid=1,read_failures=0"
dengfoc,"SYNC_TRUTH,sequence=344253,truth_tick_us=689426589,mechanical_angle_rad=2.636913061,valid=1,read_failures=0"
dengfoc,"SYNC_TRUTH,sequence=344254,truth_tick_us=689428593,mechanical_angle_rad=2.636913061,valid=1,read_failures=0"
dengfoc,"SYNC_TRUTH,sequence=344255,truth_tick_us=689430589,mechanical_angle_rad=2.636913061,valid=1,read_failures=0"
dengfoc,"SYNC_TRUTH,sequence=344256,truth_tick_us=689432593,mechanical_angle_rad=2.636913061,valid=1,read_failures=0"
dengfoc,"SYNC_TRUTH,sequence=344257,truth_tick_us=689434589,mechanical_angle_rad=2.636913061,valid=1,read_failures=0"
dengfoc,"SYNC_TRUTH,sequence=344258,truth_tick_us=689436593,mechanical_angle_rad=2.636913061,valid=1,read_failures=0"
dengfoc,"SYNC_TRUTH,sequence=344259,truth_tick_us=689438589,mechanical_angle_rad=2.636913061,valid=1,read_failures=0"
dengfoc,"SYNC_TRUTH,sequence=344260,truth_tick_us=689440593,mechanical_angle_rad=2.636913061,valid=1,read_failures=0"
dengfoc,"SYNC_TRUTH,sequence=344261,truth_tick_us=689442589,mechanical_angle_rad=2.636913061,valid=1,read_failures=0"
dengfoc,"SYNC_TRUTH,sequence=344262,truth_tick_us=689444593,mechanical_angle_rad=2.636913061,valid=1,read_failures=0"
dengfoc,"SYNC_TRUTH,sequence=344263,truth_tick_us=689446589,mechanical_angle_rad=2.636913061,valid=1,read_failures=0"
dengfoc,"SYNC_TRUTH,sequence=344264,truth_tick_us=689448593,mechanical_angle_rad=2.636913061,valid=1,read_failures=0"
dengfoc,"SYNC_TRUTH,sequence=344265,truth_tick_us=689450589,mechanical_angle_rad=2.636913061,valid=1,read_failures=0"
dengfoc,"SYNC_TRUTH,sequence=344266,truth_tick_us=689452593,mechanical_angle_rad=2.636913061,valid=1,read_failures=0"
dengfoc,"SYNC_TRUTH,sequence=344267,truth_tick_us=689454589,mechanical_angle_rad=2.636913061,valid=1,read_failures=0"
dengfoc,"SYNC_TRUTH,sequence=344268,truth_tick_us=689456593,mechanical_angle_rad=2.636913061,valid=1,read_failures=0"
dengfoc,"SYNC_TRUTH,sequence=344269,truth_tick_us=689458589,mechanical_angle_rad=2.636913061,valid=1,read_failures=0"
dengfoc,"SYNC_TRUTH,sequence=344270,truth_tick_us=689460593,mechanical_angle_rad=2.636913061,valid=1,read_failures=0"
dengfoc,"SYNC_TRUTH,sequence=344271,truth_tick_us=689462589,mechanical_angle_rad=2.636913061,valid=1,read_failures=0"
dengfoc,"SYNC_TRUTH,sequence=344272,truth_tick_us=689464593,mechanical_angle_rad=2.636913061,valid=1,read_failures=0"
dengfoc,"SYNC_TRUTH,sequence=344273,truth_tick_us=689466589,mechanical_angle_rad=2.636913061,valid=1,read_failures=0"
dengfoc,"SYNC_TRUTH,sequence=344274,truth_tick_us=689468593,mechanical_angle_rad=2.636913061,valid=1,read_failures=0"
dengfoc,"SYNC_TRUTH,sequence=344275,truth_tick_us=689470589,mechanical_angle_rad=2.636913061,valid=1,read_failures=0"
dengfoc,"SYNC_TRUTH,sequence=344276,truth_tick_us=689472593,mechanical_angle_rad=2.636913061,valid=1,read_failures=0"
dengfoc,"SYNC_TRUTH,sequence=344277,truth_tick_us=689474589,mechanical_angle_rad=2.636913061,valid=1,read_failures=0"
dengfoc,"SYNC_TRUTH,sequence=344278,truth_tick_us=689476593,mechanical_angle_rad=2.636913061,valid=1,read_failures=0"
dengfoc,"SYNC_TRUTH,sequence=344279,truth_tick_us=689478589,mechanical_angle_rad=2.636913061,valid=1,read_failures=0"
dengfoc,"SYNC_TRUTH,sequence=344280,truth_tick_us=689480593,mechanical_angle_rad=2.636913061,valid=1,read_failures=0"
dengfoc,"SYNC_TRUTH,sequence=344281,truth_tick_us=689482589,mechanical_angle_rad=2.636913061,valid=1,read_failures=0"
dengfoc,"SYNC_TRUTH,sequence=344282,truth_tick_us=689484593,mechanical_angle_rad=2.636913061,valid=1,read_failures=0"
dengfoc,"SYNC_TRUTH,sequence=344283,truth_tick_us=689486589,mechanical_angle_rad=2.636913061,valid=1,read_failures=0"
dengfoc,"SYNC_TRUTH,sequence=344284,truth_tick_us=689488593,mechanical_angle_rad=2.636913061,valid=1,read_failures=0"
dengfoc,"SYNC_TRUTH,sequence=344285,truth_tick_us=689490589,mechanical_angle_rad=2.636913061,valid=1,read_failures=0"
dengfoc,"SYNC_TRUTH,sequence=344286,truth_tick_us=689492593,mechanical_angle_rad=2.636913061,valid=1,read_failures=0"
dengfoc,"SYNC_TRUTH,sequence=344287,truth_tick_us=689494589,mechanical_angle_rad=2.636913061,valid=1,read_failures=0"
dengfoc,"SYNC_TRUTH,sequence=344288,truth_tick_us=689496593,mechanical_angle_rad=2.636913061,valid=1,read_failures=0"
dengfoc,"SYNC_TRUTH,sequence=344289,truth_tick_us=689498589,mechanical_angle_rad=2.636913061,valid=1,read_failures=0"
dengfoc,"SYNC_TRUTH,sequence=344290,truth_tick_us=689500593,mechanical_angle_rad=2.636913061,valid=1,read_failures=0"
dengfoc,"SYNC_TRUTH,sequence=344291,truth_tick_us=689502589,mechanical_angle_rad=2.636913061,valid=1,read_failures=0"
dengfoc,"SYNC_TRUTH,sequence=344292,truth_tick_us=689504593,mechanical_angle_rad=2.636913061,valid=1,read_failures=0"
dengfoc,"SYNC_TRUTH,sequence=344293,truth_tick_us=689506589,mechanical_angle_rad=2.636913061,valid=1,read_failures=0"
dengfoc,"SYNC_TRUTH,sequence=344294,truth_tick_us=689508593,mechanical_angle_rad=2.636913061,valid=1,read_failures=0"
dengfoc,"SYNC_TRUTH,sequence=344295,truth_tick_us=689510589,mechanical_angle_rad=2.636913061,valid=1,read_failures=0"
dengfoc,"SYNC_TRUTH,sequence=344296,truth_tick_us=689512593,mechanical_angle_rad=2.636913061,valid=1,read_failures=0"
dengfoc,"SYNC_TRUTH,sequence=344297,truth_tick_us=689514589,mechanical_angle_rad=2.636913061,valid=1,read_failures=0"
dengfoc,"SYNC_TRUTH,sequence=344298,truth_tick_us=689516593,mechanical_angle_rad=2.636913061,valid=1,read_failures=0"
dengfoc,"SYNC_TRUTH,sequence=344299,truth_tick_us=689518589,mechanical_angle_rad=2.636913061,valid=1,read_failures=0"
dengfoc,"SYNC_TRUTH,sequence=344300,truth_tick_us=689520593,mechanical_angle_rad=2.636913061,valid=1,read_failures=0"
dengfoc,"SYNC_TRUTH,sequence=344301,truth_tick_us=689522589,mechanical_angle_rad=2.636913061,valid=1,read_failures=0"
dengfoc,"SYNC_TRUTH,sequence=344302,truth_tick_us=689524593,mechanical_angle_rad=2.636913061,valid=1,read_failures=0"
dengfoc,"SYNC_TRUTH,sequence=344303,truth_tick_us=689526589,mechanical_angle_rad=2.636913061,valid=1,read_failures=0"
dengfoc,"SYNC_TRUTH,sequence=344304,truth_tick_us=689528593,mechanical_angle_rad=2.636913061,valid=1,read_failures=0"
dengfoc,"SYNC_TRUTH,sequence=344305,truth_tick_us=689530589,mechanical_angle_rad=2.636913061,valid=1,read_failures=0"
dengfoc,"SYNC_TRUTH,sequence=344306,truth_tick_us=689532593,mechanical_angle_rad=2.636913061,valid=1,read_failures=0"
dengfoc,"SYNC_TRUTH,sequence=344307,truth_tick_us=689534589,mechanical_angle_rad=2.636913061,valid=1,read_failures=0"
dengfoc,"SYNC_TRUTH,sequence=344308,truth_tick_us=689536593,mechanical_angle_rad=2.636913061,valid=1,read_failures=0"
dengfoc,"SYNC_TRUTH,sequence=344309,truth_tick_us=689538589,mechanical_angle_rad=2.636913061,valid=1,read_failures=0"
dengfoc,"SYNC_TRUTH,sequence=344310,truth_tick_us=689540593,mechanical_angle_rad=2.636913061,valid=1,read_failures=0"
dengfoc,"SYNC_TRUTH,sequence=344311,truth_tick_us=689542589,mechanical_angle_rad=2.636913061,valid=1,read_failures=0"
dengfoc,"SYNC_TRUTH,sequence=344312,truth_tick_us=689544593,mechanical_angle_rad=2.636913061,valid=1,read_failures=0"
dengfoc,"SYNC_TRUTH,sequence=344313,truth_tick_us=689546589,mechanical_angle_rad=2.636913061,valid=1,read_failures=0"
dengfoc,"SYNC_TRUTH,sequence=344314,truth_tick_us=689548593,mechanical_angle_rad=2.636913061,valid=1,read_failures=0"
dengfoc,"SYNC_TRUTH,sequence=344315,truth_tick_us=689550589,mechanical_angle_rad=2.636913061,valid=1,read_failures=0"
dengfoc,"SYNC_TRUTH,sequence=344316,truth_tick_us=689552593,mechanical_angle_rad=2.636913061,valid=1,read_failures=0"
dengfoc,"SYNC_TRUTH,sequence=344317,truth_tick_us=689554589,mechanical_angle_rad=2.636913061,valid=1,read_failures=0"
dengfoc,"SYNC_TRUTH,sequence=344318,truth_tick_us=689556593,mechanical_angle_rad=2.636913061,valid=1,read_failures=0"
dengfoc,"SYNC_TRUTH,sequence=344319,truth_tick_us=689558589,mechanical_angle_rad=2.636913061,valid=1,read_failures=0"
dengfoc,"SYNC_TRUTH,sequence=344320,truth_tick_us=689560593,mechanical_angle_rad=2.636913061,valid=1,read_failures=0"
dengfoc,"SYNC_TRUTH,sequence=344321,truth_tick_us=689562589,mechanical_angle_rad=2.636913061,valid=1,read_failures=0"
dengfoc,"SYNC_TRUTH,sequence=344322,truth_tick_us=689564593,mechanical_angle_rad=2.636913061,valid=1,read_failures=0"
dengfoc,"SYNC_TRUTH,sequence=344323,truth_tick_us=689566589,mechanical_angle_rad=2.636913061,valid=1,read_failures=0"
dengfoc,"SYNC_TRUTH,sequence=344324,truth_tick_us=689568593,mechanical_angle_rad=2.636913061,valid=1,read_failures=0"
dengfoc,"SYNC_TRUTH,sequence=344325,truth_tick_us=689570589,mechanical_angle_rad=2.636913061,valid=1,read_failures=0"
dengfoc,"SYNC_TRUTH,sequence=344326,truth_tick_us=689572593,mechanical_angle_rad=2.636913061,valid=1,read_failures=0"
dengfoc,"SYNC_TRUTH,sequence=344327,truth_tick_us=689574589,mechanical_angle_rad=2.636913061,valid=1,read_failures=0"
dengfoc,"SYNC_TRUTH,sequence=344328,truth_tick_us=689576593,mechanical_angle_rad=2.636913061,valid=1,read_failures=0"
dengfoc,"SYNC_TRUTH,sequence=344329,truth_tick_us=689578589,mechanical_angle_rad=2.636913061,valid=1,read_failures=0"
dengfoc,"SYNC_TRUTH,sequence=344330,truth_tick_us=689580593,mechanical_angle_rad=2.636913061,valid=1,read_failures=0"
dengfoc,"SYNC_TRUTH,sequence=344331,truth_tick_us=689582589,mechanical_angle_rad=2.636913061,valid=1,read_failures=0"
dengfoc,"SYNC_TRUTH,sequence=344332,truth_tick_us=689584593,mechanical_angle_rad=2.636913061,valid=1,read_failures=0"
dengfoc,"SYNC_TRUTH,sequence=344333,truth_tick_us=689586589,mechanical_angle_rad=2.636913061,valid=1,read_failures=0"
dengfoc,"SYNC_TRUTH,sequence=344334,truth_tick_us=689588593,mechanical_angle_rad=2.636913061,valid=1,read_failures=0"
dengfoc,"SYNC_TRUTH,sequence=344335,truth_tick_us=689590589,mechanical_angle_rad=2.636913061,valid=1,read_failures=0"
dengfoc,"SYNC_TRUTH,sequence=344336,truth_tick_us=689592593,mechanical_angle_rad=2.636913061,valid=1,read_failures=0"
dengfoc,"SYNC_TRUTH,sequence=344337,truth_tick_us=689594589,mechanical_angle_rad=2.636913061,valid=1,read_failures=0"
dengfoc,"SYNC_TRUTH,sequence=344338,truth_tick_us=689596593,mechanical_angle_rad=2.636913061,valid=1,read_failures=0"
dengfoc,"SYNC_TRUTH,sequence=344339,truth_tick_us=689598589,mechanical_angle_rad=2.636913061,valid=1,read_failures=0"
dengfoc,"SYNC_TRUTH,sequence=344340,truth_tick_us=689600593,mechanical_angle_rad=2.636913061,valid=1,read_failures=0"
dengfoc,"SYNC_TRUTH,sequence=344341,truth_tick_us=689602589,mechanical_angle_rad=2.636913061,valid=1,read_failures=0"
dengfoc,"SYNC_TRUTH,sequence=344342,truth_tick_us=689604593,mechanical_angle_rad=2.636913061,valid=1,read_failures=0"
dengfoc,"SYNC_TRUTH,sequence=344343,truth_tick_us=689606589,mechanical_angle_rad=2.636913061,valid=1,read_failures=0"
dengfoc,"SYNC_TRUTH,sequence=344344,truth_tick_us=689608593,mechanical_angle_rad=2.636913061,valid=1,read_failures=0"
dengfoc,"SYNC_TRUTH,sequence=344345,truth_tick_us=689610589,mechanical_angle_rad=2.636913061,valid=1,read_failures=0"
dengfoc,"SYNC_TRUTH,sequence=344346,truth_tick_us=689612593,mechanical_angle_rad=2.636913061,valid=1,read_failures=0"
dengfoc,"SYNC_TRUTH,sequence=344347,truth_tick_us=689614589,mechanical_angle_rad=2.636913061,valid=1,read_failures=0"
dengfoc,"SYNC_TRUTH,sequence=344348,truth_tick_us=689616593,mechanical_angle_rad=2.636913061,valid=1,read_failures=0"
dengfoc,"SYNC_TRUTH,sequence=344349,truth_tick_us=689618589,mechanical_angle_rad=2.636913061,valid=1,read_failures=0"
dengfoc,"SYNC_TRUTH,sequence=344350,truth_tick_us=689620593,mechanical_angle_rad=2.636913061,valid=1,read_failures=0"
dengfoc,"SYNC_TRUTH,sequence=344351,truth_tick_us=689622589,mechanical_angle_rad=2.636913061,valid=1,read_failures=0"
dengfoc,"SYNC_TRUTH,sequence=344352,truth_tick_us=689624593,mechanical_angle_rad=2.636913061,valid=1,read_failures=0"
dengfoc,"SYNC_TRUTH,sequence=344353,truth_tick_us=689626589,mechanical_angle_rad=2.636913061,valid=1,read_failures=0"
g431,foc_stop
g431,FSTOP
dengfoc,"SYNC_TRUTH,sequence=344354,truth_tick_us=689628593,mechanical_angle_rad=2.636913061,valid=1,read_failures=0"
dengfoc,"SYNC_TRUTH,sequence=344355,truth_tick_us=689630589,mechanical_angle_rad=2.636913061,valid=1,read_failures=0"
g431,msh >
dengfoc,"SYNC_TRUTH,sequence=344356,truth_tick_us=689632593,mechanical_angle_rad=2.636913061,valid=1,read_failures=0"
dengfoc,"SYNC_TRUTH,sequence=344357,truth_tick_us=689634589,mechanical_angle_rad=2.636913061,valid=1,read_failures=0"
dengfoc,"SYNC_TRUTH,sequence=344358,truth_tick_us=689636593,mechanical_angle_rad=2.636913061,valid=1,read_failures=0"
dengfoc,"SYNC_TRUTH,sequence=344359,truth_tick_us=689638589,mechanical_angle_rad=2.636913061,valid=1,read_failures=0"
dengfoc,"SYNC_TRUTH,sequence=344360,truth_tick_us=689640593,mechanical_angle_rad=2.636913061,valid=1,read_failures=0"
dengfoc,"SYNC_TRUTH,sequence=344361,truth_tick_us=689642589,mechanical_angle_rad=2.636913061,valid=1,read_failures=0"
dengfoc,"SYNC_TRUTH,sequence=344362,truth_tick_us=689644593,mechanical_angle_rad=2.636913061,valid=1,read_failures=0"
dengfoc,"SYNC_TRUTH,sequence=344363,truth_tick_us=689646589,mechanical_angle_rad=2.636913061,valid=1,read_failures=0"
dengfoc,"SYNC_TRUTH,sequence=344364,truth_tick_us=689648593,mechanical_angle_rad=2.636913061,valid=1,read_failures=0"
dengfoc,"SYNC_TRUTH,sequence=344365,truth_tick_us=689650589,mechanical_angle_rad=2.636913061,valid=1,read_failures=0"
dengfoc,"SYNC_TRUTH,sequence=344366,truth_tick_us=689652593,mechanical_angle_rad=2.636913061,valid=1,read_failures=0"
dengfoc,"SYNC_TRUTH,sequence=344367,truth_tick_us=689654589,mechanical_angle_rad=2.636913061,valid=1,read_failures=0"
dengfoc,"SYNC_TRUTH,sequence=344368,truth_tick_us=689656593,mechanical_angle_rad=2.636913061,valid=1,read_failures=0"
dengfoc,"SYNC_TRUTH,sequence=344369,truth_tick_us=689658589,mechanical_angle_rad=2.636913061,valid=1,read_failures=0"
dengfoc,"SYNC_TRUTH,sequence=344370,truth_tick_us=689660593,mechanical_angle_rad=2.636913061,valid=1,read_failures=0"
dengfoc,"SYNC_TRUTH,sequence=344371,truth_tick_us=689662589,mechanical_angle_rad=2.636913061,valid=1,read_failures=0"
g431,msh >
dengfoc,"SYNC_TRUTH,sequence=344372,truth_tick_us=689664593,mechanical_angle_rad=2.636913061,valid=1,read_failures=0"
dengfoc,"SYNC_TRUTH,sequence=344373,truth_tick_us=689666589,mechanical_angle_rad=2.636913061,valid=1,read_failures=0"
dengfoc,"SYNC_TRUTH,sequence=344374,truth_tick_us=689668593,mechanical_angle_rad=2.636913061,valid=1,read_failures=0"
dengfoc,"SYNC_TRUTH,sequence=344375,truth_tick_us=689670589,mechanical_angle_rad=2.636913061,valid=1,read_failures=0"
dengfoc,"SYNC_TRUTH,sequence=344376,truth_tick_us=689672593,mechanical_angle_rad=2.636913061,valid=1,read_failures=0"
dengfoc,"SYNC_TRUTH,sequence=344377,truth_tick_us=689674589,mechanical_angle_rad=2.636913061,valid=1,read_failures=0"
dengfoc,"SYNC_TRUTH,sequence=344378,truth_tick_us=689676593,mechanical_angle_rad=2.636913061,valid=1,read_failures=0"
dengfoc,"SYNC_TRUTH,sequence=344379,truth_tick_us=689678589,mechanical_angle_rad=2.636913061,valid=1,read_failures=0"
dengfoc,"SYNC_TRUTH,sequence=344380,truth_tick_us=689680593,mechanical_angle_rad=2.636913061,valid=1,read_failures=0"
dengfoc,"SYNC_TRUTH,sequence=344381,truth_tick_us=689682589,mechanical_angle_rad=2.636913061,valid=1,read_failures=0"
dengfoc,"SYNC_TRUTH,sequence=344382,truth_tick_us=689684593,mechanical_angle_rad=2.636913061,valid=1,read_failures=0"
dengfoc,"SYNC_TRUTH,sequence=344383,truth_tick_us=689686589,mechanical_angle_rad=2.636913061,valid=1,read_failures=0"
dengfoc,"SYNC_STATUS,frames=16,frame_fail=1,truth=344383,truth_fail=0,idle=0,capture_state=1,capture_failure=0,rejected=0,overflow=0,recovered=1,sync_level=0,driver_disabled=1"
dengfoc,"SYNC_TRUTH,sequence=344384,truth_tick_us=689689593,mechanical_angle_rad=2.636913061,valid=1,read_failures=0"
dengfoc,"SYNC_TRUTH,sequence=344385,truth_tick_us=689691589,mechanical_angle_rad=2.636913061,valid=1,read_failures=0"
dengfoc,"SYNC_TRUTH,sequence=344386,truth_tick_us=689693593,mechanical_angle_rad=2.636913061,valid=1,read_failures=0"
dengfoc,"SYNC_TRUTH,sequence=344387,truth_tick_us=689695589,mechanical_angle_rad=2.636913061,valid=1,read_failures=0"
dengfoc,"SYNC_TRUTH,sequence=344388,truth_tick_us=689697593,mechanical_angle_rad=2.636913061,valid=1,read_failures=0"
dengfoc,"SYNC_TRUTH,sequence=344389,truth_tick_us=689699589,mechanical_angle_rad=2.636913061,valid=1,read_failures=0"
dengfoc,"SYNC_TRUTH,sequence=344390,truth_tick_us=689701593,mechanical_angle_rad=2.636913061,valid=1,read_failures=0"
dengfoc,"SYNC_TRUTH,sequence=344391,truth_tick_us=689703589,mechanical_angle_rad=2.636913061,valid=1,read_failures=0"
dengfoc,"SYNC_TRUTH,sequence=344392,truth_tick_us=689705593,mechanical_angle_rad=2.636913061,valid=1,read_failures=0"
dengfoc,"SYNC_TRUTH,sequence=344393,truth_tick_us=689707589,mechanical_angle_rad=2.636913061,valid=1,read_failures=0"
dengfoc,"SYNC_TRUTH,sequence=344394,truth_tick_us=689709593,mechanical_angle_rad=2.636913061,valid=1,read_failures=0"
dengfoc,"SYNC_TRUTH,sequence=344395,truth_tick_us=689711589,mechanical_angle_rad=2.636913061,valid=1,read_failures=0"
dengfoc,"SYNC_TRUTH,sequence=344396,truth_tick_us=689713593,mechanical_angle_rad=2.636913061,valid=1,read_failures=0"
dengfoc,"SYNC_TRUTH,sequence=344397,truth_tick_us=689715589,mechanical_angle_rad=2.636913061,valid=1,read_failures=0"
dengfoc,"SYNC_TRUTH,sequence=344398,truth_tick_us=689717593,mechanical_angle_rad=2.636913061,valid=1,read_failures=0"
dengfoc,"SYNC_TRUTH,sequence=344399,truth_tick_us=689719589,mechanical_angle_rad=2.636913061,valid=1,read_failures=0"
dengfoc,"SYNC_TRUTH,sequence=344400,truth_tick_us=689721593,mechanical_angle_rad=2.636913061,valid=1,read_failures=0"
dengfoc,"SYNC_TRUTH,sequence=344401,truth_tick_us=689723589,mechanical_angle_rad=2.636913061,valid=1,read_failures=0"
dengfoc,"SYNC_TRUTH,sequence=344402,truth_tick_us=689725593,mechanical_angle_rad=2.636913061,valid=1,read_failures=0"
dengfoc,"SYNC_TRUTH,sequence=344403,truth_tick_us=689727589,mechanical_angle_rad=2.636913061,valid=1,read_failures=0"
dengfoc,"SYNC_TRUTH,sequence=344404,truth_tick_us=689729593,mechanical_angle_rad=2.636913061,valid=1,read_failures=0"
dengfoc,"SYNC_TRUTH,sequence=344405,truth_tick_us=689731589,mechanical_angle_rad=2.636913061,valid=1,read_failures=0"
dengfoc,"SYNC_TRUTH,sequence=344406,truth_tick_us=689733593,mechanical_angle_rad=2.636913061,valid=1,read_failures=0"
dengfoc,"SYNC_TRUTH,sequence=344407,truth_tick_us=689735589,mechanical_angle_rad=2.636913061,valid=1,read_failures=0"
dengfoc,"SYNC_TRUTH,sequence=344408,truth_tick_us=689737593,mechanical_angle_rad=2.636913061,valid=1,read_failures=0"
dengfoc,"SYNC_TRUTH,sequence=344409,truth_tick_us=689739589,mechanical_angle_rad=2.636913061,valid=1,read_failures=0"
dengfoc,"SYNC_TRUTH,sequence=344410,truth_tick_us=689741593,mechanical_angle_rad=2.636913061,valid=1,read_failures=0"
dengfoc,"SYNC_TRUTH,sequence=344411,truth_tick_us=689743589,mechanical_angle_rad=2.636913061,valid=1,read_failures=0"
dengfoc,"SYNC_TRUTH,sequence=344412,truth_tick_us=689745593,mechanical_angle_rad=2.636913061,valid=1,read_failures=0"
dengfoc,"SYNC_TRUTH,sequence=344413,truth_tick_us=689747589,mechanical_angle_rad=2.636913061,valid=1,read_failures=0"
dengfoc,"SYNC_TRUTH,sequence=344414,truth_tick_us=689749593,mechanical_angle_rad=2.636913061,valid=1,read_failures=0"
dengfoc,"SYNC_TRUTH,sequence=344415,truth_tick_us=689751589,mechanical_angle_rad=2.636913061,valid=1,read_failures=0"
dengfoc,"SYNC_TRUTH,sequence=344416,truth_tick_us=689753593,mechanical_angle_rad=2.636913061,valid=1,read_failures=0"
dengfoc,"SYNC_TRUTH,sequence=344417,truth_tick_us=689755589,mechanical_angle_rad=2.636913061,valid=1,read_failures=0"
dengfoc,"SYNC_TRUTH,sequence=344418,truth_tick_us=689757593,mechanical_angle_rad=2.636913061,valid=1,read_failures=0"
dengfoc,"SYNC_TRUTH,sequence=344419,truth_tick_us=689759589,mechanical_angle_rad=2.636913061,valid=1,read_failures=0"
dengfoc,"SYNC_TRUTH,sequence=344420,truth_tick_us=689761593,mechanical_angle_rad=2.636913061,valid=1,read_failures=0"
dengfoc,"SYNC_TRUTH,sequence=344421,truth_tick_us=689763589,mechanical_angle_rad=2.636913061,valid=1,read_failures=0"
dengfoc,"SYNC_TRUTH,sequence=344422,truth_tick_us=689765593,mechanical_angle_rad=2.636913061,valid=1,read_failures=0"
dengfoc,"SYNC_TRUTH,sequence=344423,truth_tick_us=689767589,mechanical_angle_rad=2.636913061,valid=1,read_failures=0"
dengfoc,"SYNC_TRUTH,sequence=344424,truth_tick_us=689769593,mechanical_angle_rad=2.636913061,valid=1,read_failures=0"
dengfoc,"SYNC_TRUTH,sequence=344425,truth_tick_us=689771589,mechanical_angle_rad=2.636913061,valid=1,read_failures=0"
dengfoc,"SYNC_TRUTH,sequence=344426,truth_tick_us=689773593,mechanical_angle_rad=2.636913061,valid=1,read_failures=0"
dengfoc,"SYNC_TRUTH,sequence=344427,truth_tick_us=689775589,mechanical_angle_rad=2.636913061,valid=1,read_failures=0"
dengfoc,"SYNC_TRUTH,sequence=344428,truth_tick_us=689777593,mechanical_angle_rad=2.636913061,valid=1,read_failures=0"
dengfoc,"SYNC_TRUTH,sequence=344429,truth_tick_us=689779589,mechanical_angle_rad=2.636913061,valid=1,read_failures=0"
dengfoc,"SYNC_TRUTH,sequence=344430,truth_tick_us=689781593,mechanical_angle_rad=2.636913061,valid=1,read_failures=0"
dengfoc,"SYNC_TRUTH,sequence=344431,truth_tick_us=689783589,mechanical_angle_rad=2.636913061,valid=1,read_failures=0"
dengfoc,"SYNC_TRUTH,sequence=344432,truth_tick_us=689785593,mechanical_angle_rad=2.636913061,valid=1,read_failures=0"
dengfoc,"SYNC_TRUTH,sequence=344433,truth_tick_us=689787589,mechanical_angle_rad=2.636913061,valid=1,read_failures=0"
dengfoc,"SYNC_TRUTH,sequence=344434,truth_tick_us=689789593,mechanical_angle_rad=2.636913061,valid=1,read_failures=0"
dengfoc,"SYNC_TRUTH,sequence=344435,truth_tick_us=689791589,mechanical_angle_rad=2.636913061,valid=1,read_failures=0"
dengfoc,"SYNC_TRUTH,sequence=344436,truth_tick_us=689793593,mechanical_angle_rad=2.636913061,valid=1,read_failures=0"
dengfoc,"SYNC_TRUTH,sequence=344437,truth_tick_us=689795589,mechanical_angle_rad=2.636913061,valid=1,read_failures=0"
dengfoc,"SYNC_TRUTH,sequence=344438,truth_tick_us=689797593,mechanical_angle_rad=2.636913061,valid=1,read_failures=0"
dengfoc,"SYNC_TRUTH,sequence=344439,truth_tick_us=689799589,mechanical_angle_rad=2.636913061,valid=1,read_failures=0"
dengfoc,"SYNC_TRUTH,sequence=344440,truth_tick_us=689801593,mechanical_angle_rad=2.636913061,valid=1,read_failures=0"
dengfoc,"SYNC_TRUTH,sequence=344441,truth_tick_us=689803589,mechanical_angle_rad=2.636913061,valid=1,read_failures=0"
dengfoc,"SYNC_TRUTH,sequence=344442,truth_tick_us=689805593,mechanical_angle_rad=2.636913061,valid=1,read_failures=0"
dengfoc,"SYNC_TRUTH,sequence=344443,truth_tick_us=689807589,mechanical_angle_rad=2.636913061,valid=1,read_failures=0"
dengfoc,"SYNC_TRUTH,sequence=344444,truth_tick_us=689809593,mechanical_angle_rad=2.636913061,valid=1,read_failures=0"
dengfoc,"SYNC_TRUTH,sequence=344445,truth_tick_us=689811589,mechanical_angle_rad=2.636913061,valid=1,read_failures=0"
dengfoc,"SYNC_TRUTH,sequence=344446,truth_tick_us=689813593,mechanical_angle_rad=2.636913061,valid=1,read_failures=0"
dengfoc,"SYNC_TRUTH,sequence=344447,truth_tick_us=689815589,mechanical_angle_rad=2.636913061,valid=1,read_failures=0"
dengfoc,"SYNC_TRUTH,sequence=344448,truth_tick_us=689817593,mechanical_angle_rad=2.636913061,valid=1,read_failures=0"
g431,foc_status
dengfoc,"SYNC_TRUTH,sequence=344449,truth_tick_us=689819589,mechanical_angle_rad=2.636913061,valid=1,read_failures=0"
dengfoc,"SYNC_TRUTH,sequence=344450,truth_tick_us=689821593,mechanical_angle_rad=2.636913061,valid=1,read_failures=0"
g431,"FSTAT,disabled,rust-smo-pll,0,0,0,0"
dengfoc,"SYNC_TRUTH,sequence=344451,truth_tick_us=689823589,mechanical_angle_rad=2.636913061,valid=1,read_failures=0"
g431,"FSTAT,iref=0/0,i=0/0,v=0/0"
dengfoc,"SYNC_TRUTH,sequence=344452,truth_tick_us=689825593,mechanical_angle_rad=2.636913061,valid=1,read_failures=0"
g431,"FOBS,0/0,0,0/0,00,0,0/0,0"
dengfoc,"SYNC_TRUTH,sequence=344453,truth_tick_us=689827589,mechanical_angle_rad=2.636913061,valid=1,read_failures=0"
dengfoc,"SYNC_TRUTH,sequence=344454,truth_tick_us=689829593,mechanical_angle_rad=2.636913061,valid=1,read_failures=0"
dengfoc,"SYNC_TRUTH,sequence=344455,truth_tick_us=689831589,mechanical_angle_rad=2.636913061,valid=1,read_failures=0"
g431,FOC f=0000231f s=86999 e=0 ISR=12730/12750 miss=0 pk=462(737mA)
dengfoc,"SYNC_TRUTH,sequence=344456,truth_tick_us=689833593,mechanical_angle_rad=2.636913061,valid=1,read_failures=0"
dengfoc,"SYNC_TRUTH,sequence=344457,truth_tick_us=689835589,mechanical_angle_rad=2.636913061,valid=1,read_failures=0"
dengfoc,"SYNC_TRUTH,sequence=344458,truth_tick_us=689837593,mechanical_angle_rad=2.636913061,valid=1,read_failures=0"
dengfoc,"SYNC_TRUTH,sequence=344459,truth_tick_us=689839589,mechanical_angle_rad=2.636913061,valid=1,read_failures=0"
g431,"FTIMING,2,86999,0,86880,12730,1108,9688,1934,1,1,1127,10083,1934,12750,0,0,0,8991,0,0,0"
dengfoc,"SYNC_TRUTH,sequence=344460,truth_tick_us=689841593,mechanical_angle_rad=2.636913061,valid=1,read_failures=0"
dengfoc,"SYNC_TRUTH,sequence=344461,truth_tick_us=689843589,mechanical_angle_rad=2.636913061,valid=1,read_failures=0"
g431,FOC st=0 rf=00000000 duty=0/0/0
dengfoc,"SYNC_TRUTH,sequence=344462,truth_tick_us=689845593,mechanical_angle_rad=2.636913061,valid=1,read_failures=0"
g431,"FFAULT,00000000,00000000,0,0,ARM,2,0802"
dengfoc,"SYNC_TRUTH,sequence=344463,truth_tick_us=689847589,mechanical_angle_rad=2.636913061,valid=1,read_failures=0"
dengfoc,"SYNC_TRUTH,sequence=344464,truth_tick_us=689849593,mechanical_angle_rad=2.636913061,valid=1,read_failures=0"
dengfoc,"SYNC_TRUTH,sequence=344465,truth_tick_us=689851589,mechanical_angle_rad=2.636913061,valid=1,read_failures=0"
g431,"FPROF,0,6,43116001,28041007,00,edf4f6ca,888e4e91"
dengfoc,"SYNC_TRUTH,sequence=344466,truth_tick_us=689853593,mechanical_angle_rad=2.636913061,valid=1,read_failures=0"
dengfoc,"SYNC_TRUTH,sequence=344467,truth_tick_us=689855589,mechanical_angle_rad=2.636913061,valid=1,read_failures=0"
g431,"FADC,1951/1932/1954,1951/1933/1953,952,12275,2052"
g431,msh >
dengfoc,"SYNC_TRUTH,sequence=344468,truth_tick_us=689857593,mechanical_angle_rad=2.636913061,valid=1,read_failures=0"
dengfoc,"SYNC_TRUTH,sequence=344469,truth_tick_us=689859589,mechanical_angle_rad=2.636913061,valid=1,read_failures=0"
dengfoc,"SYNC_TRUTH,sequence=344470,truth_tick_us=689861593,mechanical_angle_rad=2.636913061,valid=1,read_failures=0"
dengfoc,"SYNC_TRUTH,sequence=344471,truth_tick_us=689863589,mechanical_angle_rad=2.636913061,valid=1,read_failures=0"
dengfoc,"SYNC_TRUTH,sequence=344472,truth_tick_us=689865593,mechanical_angle_rad=2.636913061,valid=1,read_failures=0"
dengfoc,"SYNC_TRUTH,sequence=344473,truth_tick_us=689867589,mechanical_angle_rad=2.636913061,valid=1,read_failures=0"
dengfoc,"SYNC_TRUTH,sequence=344474,truth_tick_us=689869593,mechanical_angle_rad=2.636913061,valid=1,read_failures=0"
dengfoc,"SYNC_TRUTH,sequence=344475,truth_tick_us=689871589,mechanical_angle_rad=2.636913061,valid=1,read_failures=0"
dengfoc,"SYNC_TRUTH,sequence=344476,truth_tick_us=689873593,mechanical_angle_rad=2.636913061,valid=1,read_failures=0"
dengfoc,"SYNC_TRUTH,sequence=344477,truth_tick_us=689875589,mechanical_angle_rad=2.636913061,valid=1,read_failures=0"
dengfoc,"SYNC_TRUTH,sequence=344478,truth_tick_us=689877593,mechanical_angle_rad=2.636913061,valid=1,read_failures=0"
dengfoc,"SYNC_TRUTH,sequence=344479,truth_tick_us=689879589,mechanical_angle_rad=2.636913061,valid=1,read_failures=0"
dengfoc,"SYNC_TRUTH,sequence=344480,truth_tick_us=689881593,mechanical_angle_rad=2.636913061,valid=1,read_failures=0"
g431,msh >
dengfoc,"SYNC_TRUTH,sequence=344481,truth_tick_us=689883589,mechanical_angle_rad=2.636913061,valid=1,read_failures=0"
dengfoc,"SYNC_TRUTH,sequence=344482,truth_tick_us=689885593,mechanical_angle_rad=2.636913061,valid=1,read_failures=0"
dengfoc,"SYNC_TRUTH,sequence=344483,truth_tick_us=689887589,mechanical_angle_rad=2.636913061,valid=1,read_failures=0"
dengfoc,"SYNC_TRUTH,sequence=344484,truth_tick_us=689889593,mechanical_angle_rad=2.636913061,valid=1,read_failures=0"
dengfoc,"SYNC_TRUTH,sequence=344485,truth_tick_us=689891589,mechanical_angle_rad=2.636913061,valid=1,read_failures=0"
dengfoc,"SYNC_TRUTH,sequence=344486,truth_tick_us=689893593,mechanical_angle_rad=2.636913061,valid=1,read_failures=0"
dengfoc,"SYNC_TRUTH,sequence=344487,truth_tick_us=689895589,mechanical_angle_rad=2.636913061,valid=1,read_failures=0"
dengfoc,"SYNC_TRUTH,sequence=344488,truth_tick_us=689897593,mechanical_angle_rad=2.636913061,valid=1,read_failures=0"
dengfoc,"SYNC_TRUTH,sequence=344489,truth_tick_us=689899589,mechanical_angle_rad=2.636913061,valid=1,read_failures=0"
dengfoc,"SYNC_TRUTH,sequence=344490,truth_tick_us=689901593,mechanical_angle_rad=2.636913061,valid=1,read_failures=0"
dengfoc,"SYNC_TRUTH,sequence=344491,truth_tick_us=689903589,mechanical_angle_rad=2.636913061,valid=1,read_failures=0"
dengfoc,"SYNC_TRUTH,sequence=344492,truth_tick_us=689905593,mechanical_angle_rad=2.636913061,valid=1,read_failures=0"
dengfoc,"SYNC_TRUTH,sequence=344493,truth_tick_us=689907589,mechanical_angle_rad=2.636913061,valid=1,read_failures=0"
dengfoc,"SYNC_TRUTH,sequence=344494,truth_tick_us=689909593,mechanical_angle_rad=2.636913061,valid=1,read_failures=0"
dengfoc,"SYNC_TRUTH,sequence=344495,truth_tick_us=689911589,mechanical_angle_rad=2.636913061,valid=1,read_failures=0"
dengfoc,"SYNC_TRUTH,sequence=344496,truth_tick_us=689913593,mechanical_angle_rad=2.636913061,valid=1,read_failures=0"
dengfoc,"SYNC_TRUTH,sequence=344497,truth_tick_us=689915589,mechanical_angle_rad=2.636913061,valid=1,read_failures=0"
dengfoc,"SYNC_TRUTH,sequence=344498,truth_tick_us=689917593,mechanical_angle_rad=2.636913061,valid=1,read_failures=0"
dengfoc,"SYNC_TRUTH,sequence=344499,truth_tick_us=689919589,mechanical_angle_rad=2.636913061,valid=1,read_failures=0"
dengfoc,"SYNC_TRUTH,sequence=344500,truth_tick_us=689921593,mechanical_angle_rad=2.636913061,valid=1,read_failures=0"
dengfoc,"SYNC_TRUTH,sequence=344501,truth_tick_us=689923589,mechanical_angle_rad=2.636913061,valid=1,read_failures=0"
dengfoc,"SYNC_TRUTH,sequence=344502,truth_tick_us=689925593,mechanical_angle_rad=2.636913061,valid=1,read_failures=0"
dengfoc,"SYNC_TRUTH,sequence=344503,truth_tick_us=689927589,mechanical_angle_rad=2.636913061,valid=1,read_failures=0"
dengfoc,"SYNC_TRUTH,sequence=344504,truth_tick_us=689929593,mechanical_angle_rad=2.636913061,valid=1,read_failures=0"
dengfoc,"SYNC_TRUTH,sequence=344505,truth_tick_us=689931589,mechanical_angle_rad=2.636913061,valid=1,read_failures=0"
dengfoc,"SYNC_TRUTH,sequence=344506,truth_tick_us=689933593,mechanical_angle_rad=2.636913061,valid=1,read_failures=0"
dengfoc,"SYNC_TRUTH,sequence=344507,truth_tick_us=689935589,mechanical_angle_rad=2.636913061,valid=1,read_failures=0"
dengfoc,"SYNC_TRUTH,sequence=344508,truth_tick_us=689937593,mechanical_angle_rad=2.636913061,valid=1,read_failures=0"
dengfoc,"SYNC_TRUTH,sequence=344509,truth_tick_us=689939589,mechanical_angle_rad=2.636913061,valid=1,read_failures=0"
dengfoc,"SYNC_TRUTH,sequence=344510,truth_tick_us=689941593,mechanical_angle_rad=2.636913061,valid=1,read_failures=0"
dengfoc,"SYNC_TRUTH,sequence=344511,truth_tick_us=689943589,mechanical_angle_rad=2.636913061,valid=1,read_failures=0"
dengfoc,"SYNC_TRUTH,sequence=344512,truth_tick_us=689945593,mechanical_angle_rad=2.636913061,valid=1,read_failures=0"
dengfoc,"SYNC_TRUTH,sequence=344513,truth_tick_us=689947589,mechanical_angle_rad=2.636913061,valid=1,read_failures=0"
dengfoc,"SYNC_TRUTH,sequence=344514,truth_tick_us=689949593,mechanical_angle_rad=2.636913061,valid=1,read_failures=0"
dengfoc,"SYNC_TRUTH,sequence=344515,truth_tick_us=689951589,mechanical_angle_rad=2.636913061,valid=1,read_failures=0"
dengfoc,"SYNC_TRUTH,sequence=344516,truth_tick_us=689953593,mechanical_angle_rad=2.636913061,valid=1,read_failures=0"
dengfoc,"SYNC_TRUTH,sequence=344517,truth_tick_us=689955589,mechanical_angle_rad=2.636913061,valid=1,read_failures=0"
dengfoc,"SYNC_TRUTH,sequence=344518,truth_tick_us=689957593,mechanical_angle_rad=2.636913061,valid=1,read_failures=0"
dengfoc,"SYNC_TRUTH,sequence=344519,truth_tick_us=689959589,mechanical_angle_rad=2.636913061,valid=1,read_failures=0"
dengfoc,"SYNC_TRUTH,sequence=344520,truth_tick_us=689961593,mechanical_angle_rad=2.636913061,valid=1,read_failures=0"
dengfoc,"SYNC_TRUTH,sequence=344521,truth_tick_us=689963589,mechanical_angle_rad=2.636913061,valid=1,read_failures=0"
dengfoc,"SYNC_TRUTH,sequence=344522,truth_tick_us=689965593,mechanical_angle_rad=2.636913061,valid=1,read_failures=0"
dengfoc,"SYNC_TRUTH,sequence=344523,truth_tick_us=689967589,mechanical_angle_rad=2.636913061,valid=1,read_failures=0"
dengfoc,"SYNC_TRUTH,sequence=344524,truth_tick_us=689969593,mechanical_angle_rad=2.636913061,valid=1,read_failures=0"
dengfoc,"SYNC_TRUTH,sequence=344525,truth_tick_us=689971589,mechanical_angle_rad=2.636913061,valid=1,read_failures=0"
dengfoc,"SYNC_TRUTH,sequence=344526,truth_tick_us=689973593,mechanical_angle_rad=2.636913061,valid=1,read_failures=0"
dengfoc,"SYNC_TRUTH,sequence=344527,truth_tick_us=689975589,mechanical_angle_rad=2.636913061,valid=1,read_failures=0"
dengfoc,"SYNC_TRUTH,sequence=344528,truth_tick_us=689977593,mechanical_angle_rad=2.636913061,valid=1,read_failures=0"
dengfoc,"SYNC_TRUTH,sequence=344529,truth_tick_us=689979589,mechanical_angle_rad=2.636913061,valid=1,read_failures=0"
dengfoc,"SYNC_TRUTH,sequence=344530,truth_tick_us=689981593,mechanical_angle_rad=2.636913061,valid=1,read_failures=0"
dengfoc,"SYNC_TRUTH,sequence=344531,truth_tick_us=689983589,mechanical_angle_rad=2.636913061,valid=1,read_failures=0"
dengfoc,"SYNC_TRUTH,sequence=344532,truth_tick_us=689985593,mechanical_angle_rad=2.636913061,valid=1,read_failures=0"
dengfoc,"SYNC_TRUTH,sequence=344533,truth_tick_us=689987589,mechanical_angle_rad=2.636913061,valid=1,read_failures=0"
dengfoc,"SYNC_TRUTH,sequence=344534,truth_tick_us=689989593,mechanical_angle_rad=2.636913061,valid=1,read_failures=0"
dengfoc,"SYNC_TRUTH,sequence=344535,truth_tick_us=689991589,mechanical_angle_rad=2.636913061,valid=1,read_failures=0"
dengfoc,"SYNC_TRUTH,sequence=344536,truth_tick_us=689993593,mechanical_angle_rad=2.636913061,valid=1,read_failures=0"
dengfoc,"SYNC_TRUTH,sequence=344537,truth_tick_us=689995589,mechanical_angle_rad=2.636913061,valid=1,read_failures=0"
dengfoc,"SYNC_TRUTH,sequence=344538,truth_tick_us=689997593,mechanical_angle_rad=2.636913061,valid=1,read_failures=0"
dengfoc,"SYNC_TRUTH,sequence=344539,truth_tick_us=689999589,mechanical_angle_rad=2.636913061,valid=1,read_failures=0"
dengfoc,"SYNC_TRUTH,sequence=344540,truth_tick_us=690001593,mechanical_angle_rad=2.636913061,valid=1,read_failures=0"
dengfoc,"SYNC_TRUTH,sequence=344541,truth_tick_us=690003589,mechanical_angle_rad=2.636913061,valid=1,read_failures=0"
dengfoc,"SYNC_TRUTH,sequence=344542,truth_tick_us=690005593,mechanical_angle_rad=2.636913061,valid=1,read_failures=0"
dengfoc,"SYNC_TRUTH,sequence=344543,truth_tick_us=690007589,mechanical_angle_rad=2.636913061,valid=1,read_failures=0"
dengfoc,"SYNC_TRUTH,sequence=344544,truth_tick_us=690009593,mechanical_angle_rad=2.636913061,valid=1,read_failures=0"
dengfoc,"SYNC_TRUTH,sequence=344545,truth_tick_us=690011589,mechanical_angle_rad=2.636913061,valid=1,read_failures=0"
dengfoc,"SYNC_TRUTH,sequence=344546,truth_tick_us=690013593,mechanical_angle_rad=2.636913061,valid=1,read_failures=0"
dengfoc,"SYNC_TRUTH,sequence=344547,truth_tick_us=690015589,mechanical_angle_rad=2.636913061,valid=1,read_failures=0"
dengfoc,"SYNC_TRUTH,sequence=344548,truth_tick_us=690017593,mechanical_angle_rad=2.636913061,valid=1,read_failures=0"
dengfoc,"SYNC_TRUTH,sequence=344549,truth_tick_us=690019589,mechanical_angle_rad=2.636913061,valid=1,read_failures=0"
dengfoc,"SYNC_TRUTH,sequence=344550,truth_tick_us=690021593,mechanical_angle_rad=2.636913061,valid=1,read_failures=0"
dengfoc,"SYNC_TRUTH,sequence=344551,truth_tick_us=690023589,mechanical_angle_rad=2.636913061,valid=1,read_failures=0"
dengfoc,"SYNC_TRUTH,sequence=344552,truth_tick_us=690025593,mechanical_angle_rad=2.636913061,valid=1,read_failures=0"
dengfoc,"SYNC_TRUTH,sequence=344553,truth_tick_us=690027589,mechanical_angle_rad=2.636913061,valid=1,read_failures=0"
dengfoc,"SYNC_TRUTH,sequence=344554,truth_tick_us=690029593,mechanical_angle_rad=2.636913061,valid=1,read_failures=0"
dengfoc,"SYNC_TRUTH,sequence=344555,truth_tick_us=690031589,mechanical_angle_rad=2.636913061,valid=1,read_failures=0"
dengfoc,"SYNC_TRUTH,sequence=344556,truth_tick_us=690033593,mechanical_angle_rad=2.636913061,valid=1,read_failures=0"
dengfoc,"SYNC_TRUTH,sequence=344557,truth_tick_us=690035589,mechanical_angle_rad=2.636913061,valid=1,read_failures=0"
dengfoc,"SYNC_TRUTH,sequence=344558,truth_tick_us=690037593,mechanical_angle_rad=2.636913061,valid=1,read_failures=0"
dengfoc,"SYNC_TRUTH,sequence=344559,truth_tick_us=690039589,mechanical_angle_rad=2.636913061,valid=1,read_failures=0"
dengfoc,"SYNC_TRUTH,sequence=344560,truth_tick_us=690041593,mechanical_angle_rad=2.636913061,valid=1,read_failures=0"
dengfoc,"SYNC_TRUTH,sequence=344561,truth_tick_us=690043589,mechanical_angle_rad=2.636913061,valid=1,read_failures=0"
dengfoc,"SYNC_TRUTH,sequence=344562,truth_tick_us=690045593,mechanical_angle_rad=2.636913061,valid=1,read_failures=0"
dengfoc,"SYNC_TRUTH,sequence=344563,truth_tick_us=690047589,mechanical_angle_rad=2.636913061,valid=1,read_failures=0"
dengfoc,"SYNC_TRUTH,sequence=344564,truth_tick_us=690049593,mechanical_angle_rad=2.636913061,valid=1,read_failures=0"
dengfoc,"SYNC_TRUTH,sequence=344565,truth_tick_us=690051589,mechanical_angle_rad=2.636913061,valid=1,read_failures=0"
dengfoc,"SYNC_TRUTH,sequence=344566,truth_tick_us=690053593,mechanical_angle_rad=2.636913061,valid=1,read_failures=0"
dengfoc,"SYNC_TRUTH,sequence=344567,truth_tick_us=690055589,mechanical_angle_rad=2.636913061,valid=1,read_failures=0"
dengfoc,"SYNC_TRUTH,sequence=344568,truth_tick_us=690057593,mechanical_angle_rad=2.636913061,valid=1,read_failures=0"
dengfoc,"SYNC_TRUTH,sequence=344569,truth_tick_us=690059589,mechanical_angle_rad=2.636913061,valid=1,read_failures=0"
dengfoc,"SYNC_TRUTH,sequence=344570,truth_tick_us=690061593,mechanical_angle_rad=2.636913061,valid=1,read_failures=0"
dengfoc,"SYNC_TRUTH,sequence=344571,truth_tick_us=690063589,mechanical_angle_rad=2.636913061,valid=1,read_failures=0"
dengfoc,"SYNC_TRUTH,sequence=344572,truth_tick_us=690065593,mechanical_angle_rad=2.636913061,valid=1,read_failures=0"
dengfoc,"SYNC_TRUTH,sequence=344573,truth_tick_us=690067589,mechanical_angle_rad=2.636913061,valid=1,read_failures=0"
dengfoc,"SYNC_TRUTH,sequence=344574,truth_tick_us=690069593,mechanical_angle_rad=2.636913061,valid=1,read_failures=0"
dengfoc,"SYNC_TRUTH,sequence=344575,truth_tick_us=690071589,mechanical_angle_rad=2.636913061,valid=1,read_failures=0"
dengfoc,"SYNC_TRUTH,sequence=344576,truth_tick_us=690073593,mechanical_angle_rad=2.636913061,valid=1,read_failures=0"
dengfoc,"SYNC_TRUTH,sequence=344577,truth_tick_us=690075589,mechanical_angle_rad=2.636913061,valid=1,read_failures=0"
dengfoc,"SYNC_TRUTH,sequence=344578,truth_tick_us=690077593,mechanical_angle_rad=2.636913061,valid=1,read_failures=0"
dengfoc,"SYNC_TRUTH,sequence=344579,truth_tick_us=690079589,mechanical_angle_rad=2.636913061,valid=1,read_failures=0"
dengfoc,"SYNC_TRUTH,sequence=344580,truth_tick_us=690081593,mechanical_angle_rad=2.636913061,valid=1,read_failures=0"
dengfoc,"SYNC_TRUTH,sequence=344581,truth_tick_us=690083589,mechanical_angle_rad=2.636913061,valid=1,read_failures=0"
dengfoc,"SYNC_TRUTH,sequence=344582,truth_tick_us=690085593,mechanical_angle_rad=2.636913061,valid=1,read_failures=0"
dengfoc,"SYNC_TRUTH,sequence=344583,truth_tick_us=690087589,mechanical_angle_rad=2.636913061,valid=1,read_failures=0"
dengfoc,"SYNC_TRUTH,sequence=344584,truth_tick_us=690089593,mechanical_angle_rad=2.636913061,valid=1,read_failures=0"
dengfoc,"SYNC_TRUTH,sequence=344585,truth_tick_us=690091589,mechanical_angle_rad=2.636913061,valid=1,read_failures=0"
dengfoc,"SYNC_TRUTH,sequence=344586,truth_tick_us=690093593,mechanical_angle_rad=2.636913061,valid=1,read_failures=0"
dengfoc,"SYNC_TRUTH,sequence=344587,truth_tick_us=690095589,mechanical_angle_rad=2.636913061,valid=1,read_failures=0"
dengfoc,"SYNC_TRUTH,sequence=344588,truth_tick_us=690097593,mechanical_angle_rad=2.636913061,valid=1,read_failures=0"
dengfoc,"SYNC_TRUTH,sequence=344589,truth_tick_us=690099589,mechanical_angle_rad=2.636913061,valid=1,read_failures=0"
dengfoc,"SYNC_TRUTH,sequence=344590,truth_tick_us=690101593,mechanical_angle_rad=2.636913061,valid=1,read_failures=0"
dengfoc,"SYNC_TRUTH,sequence=344591,truth_tick_us=690103589,mechanical_angle_rad=2.636913061,valid=1,read_failures=0"
dengfoc,"SYNC_TRUTH,sequence=344592,truth_tick_us=690105593,mechanical_angle_rad=2.636913061,valid=1,read_failures=0"
dengfoc,"SYNC_TRUTH,sequence=344593,truth_tick_us=690107589,mechanical_angle_rad=2.636913061,valid=1,read_failures=0"
dengfoc,"SYNC_TRUTH,sequence=344594,truth_tick_us=690109593,mechanical_angle_rad=2.636913061,valid=1,read_failures=0"
dengfoc,"SYNC_TRUTH,sequence=344595,truth_tick_us=690111589,mechanical_angle_rad=2.636913061,valid=1,read_failures=0"
dengfoc,"SYNC_TRUTH,sequence=344596,truth_tick_us=690113593,mechanical_angle_rad=2.636913061,valid=1,read_failures=0"
dengfoc,"SYNC_TRUTH,sequence=344597,truth_tick_us=690115589,mechanical_angle_rad=2.636913061,valid=1,read_failures=0"
dengfoc,"SYNC_TRUTH,sequence=344598,truth_tick_us=690117593,mechanical_angle_rad=2.636913061,valid=1,read_failures=0"
dengfoc,"SYNC_TRUTH,sequence=344599,truth_tick_us=690119589,mechanical_angle_rad=2.636913061,valid=1,read_failures=0"
dengfoc,"SYNC_TRUTH,sequence=344600,truth_tick_us=690121593,mechanical_angle_rad=2.636913061,valid=1,read_failures=0"
dengfoc,"SYNC_TRUTH,sequence=344601,truth_tick_us=690123589,mechanical_angle_rad=2.636913061,valid=1,read_failures=0"
dengfoc,"SYNC_TRUTH,sequence=344602,truth_tick_us=690125593,mechanical_angle_rad=2.636913061,valid=1,read_failures=0"
dengfoc,"SYNC_TRUTH,sequence=344603,truth_tick_us=690127589,mechanical_angle_rad=2.636913061,valid=1,read_failures=0"
dengfoc,"SYNC_TRUTH,sequence=344604,truth_tick_us=690129593,mechanical_angle_rad=2.636913061,valid=1,read_failures=0"
dengfoc,"SYNC_TRUTH,sequence=344605,truth_tick_us=690131589,mechanical_angle_rad=2.636913061,valid=1,read_failures=0"
dengfoc,"SYNC_TRUTH,sequence=344606,truth_tick_us=690133593,mechanical_angle_rad=2.636913061,valid=1,read_failures=0"
dengfoc,"SYNC_TRUTH,sequence=344607,truth_tick_us=690135589,mechanical_angle_rad=2.636913061,valid=1,read_failures=0"
dengfoc,"SYNC_TRUTH,sequence=344608,truth_tick_us=690137593,mechanical_angle_rad=2.636913061,valid=1,read_failures=0"
dengfoc,"SYNC_TRUTH,sequence=344609,truth_tick_us=690139589,mechanical_angle_rad=2.636913061,valid=1,read_failures=0"
dengfoc,"SYNC_TRUTH,sequence=344610,truth_tick_us=690141593,mechanical_angle_rad=2.636913061,valid=1,read_failures=0"
dengfoc,"SYNC_TRUTH,sequence=344611,truth_tick_us=690143589,mechanical_angle_rad=2.636913061,valid=1,read_failures=0"
dengfoc,"SYNC_TRUTH,sequence=344612,truth_tick_us=690145593,mechanical_angle_rad=2.636913061,valid=1,read_failures=0"
dengfoc,"SYNC_TRUTH,sequence=344613,truth_tick_us=690147589,mechanical_angle_rad=2.636913061,valid=1,read_failures=0"
dengfoc,"SYNC_TRUTH,sequence=344614,truth_tick_us=690149593,mechanical_angle_rad=2.636913061,valid=1,read_failures=0"
dengfoc,"SYNC_TRUTH,sequence=344615,truth_tick_us=690151589,mechanical_angle_rad=2.636913061,valid=1,read_failures=0"
dengfoc,"SYNC_TRUTH,sequence=344616,truth_tick_us=690153593,mechanical_angle_rad=2.636913061,valid=1,read_failures=0"
dengfoc,"SYNC_TRUTH,sequence=344617,truth_tick_us=690155589,mechanical_angle_rad=2.636913061,valid=1,read_failures=0"
dengfoc,"SYNC_TRUTH,sequence=344618,truth_tick_us=690157593,mechanical_angle_rad=2.636913061,valid=1,read_failures=0"
dengfoc,"SYNC_TRUTH,sequence=344619,truth_tick_us=690159589,mechanical_angle_rad=2.636913061,valid=1,read_failures=0"
dengfoc,"SYNC_TRUTH,sequence=344620,truth_tick_us=690161593,mechanical_angle_rad=2.636913061,valid=1,read_failures=0"
dengfoc,"SYNC_TRUTH,sequence=344621,truth_tick_us=690163589,mechanical_angle_rad=2.636913061,valid=1,read_failures=0"
dengfoc,"SYNC_TRUTH,sequence=344622,truth_tick_us=690165593,mechanical_angle_rad=2.636913061,valid=1,read_failures=0"
dengfoc,"SYNC_TRUTH,sequence=344623,truth_tick_us=690167589,mechanical_angle_rad=2.636913061,valid=1,read_failures=0"
dengfoc,"SYNC_TRUTH,sequence=344624,truth_tick_us=690169593,mechanical_angle_rad=2.636913061,valid=1,read_failures=0"
dengfoc,"SYNC_TRUTH,sequence=344625,truth_tick_us=690171589,mechanical_angle_rad=2.636913061,valid=1,read_failures=0"
dengfoc,"SYNC_TRUTH,sequence=344626,truth_tick_us=690173593,mechanical_angle_rad=2.636913061,valid=1,read_failures=0"
dengfoc,"SYNC_TRUTH,sequence=344627,truth_tick_us=690175589,mechanical_angle_rad=2.636913061,valid=1,read_failures=0"
dengfoc,"SYNC_TRUTH,sequence=344628,truth_tick_us=690177593,mechanical_angle_rad=2.636913061,valid=1,read_failures=0"
dengfoc,"SYNC_TRUTH,sequence=344629,truth_tick_us=690179589,mechanical_angle_rad=2.636913061,valid=1,read_failures=0"
dengfoc,"SYNC_TRUTH,sequence=344630,truth_tick_us=690181593,mechanical_angle_rad=2.636913061,valid=1,read_failures=0"
dengfoc,"SYNC_TRUTH,sequence=344631,truth_tick_us=690183589,mechanical_angle_rad=2.636913061,valid=1,read_failures=0"
dengfoc,"SYNC_TRUTH,sequence=344632,truth_tick_us=690185593,mechanical_angle_rad=2.636913061,valid=1,read_failures=0"
dengfoc,"SYNC_TRUTH,sequence=344633,truth_tick_us=690187589,mechanical_angle_rad=2.636913061,valid=1,read_failures=0"
dengfoc,"SYNC_TRUTH,sequence=344634,truth_tick_us=690189593,mechanical_angle_rad=2.636913061,valid=1,read_failures=0"
dengfoc,"SYNC_TRUTH,sequence=344635,truth_tick_us=690191589,mechanical_angle_rad=2.636913061,valid=1,read_failures=0"
dengfoc,"SYNC_TRUTH,sequence=344636,truth_tick_us=690193593,mechanical_angle_rad=2.636913061,valid=1,read_failures=0"
dengfoc,"SYNC_TRUTH,sequence=344637,truth_tick_us=690195589,mechanical_angle_rad=2.636913061,valid=1,read_failures=0"
dengfoc,"SYNC_TRUTH,sequence=344638,truth_tick_us=690197593,mechanical_angle_rad=2.636913061,valid=1,read_failures=0"
dengfoc,"SYNC_TRUTH,sequence=344639,truth_tick_us=690199589,mechanical_angle_rad=2.636913061,valid=1,read_failures=0"
dengfoc,"SYNC_TRUTH,sequence=344640,truth_tick_us=690201593,mechanical_angle_rad=2.636913061,valid=1,read_failures=0"
dengfoc,"SYNC_TRUTH,sequence=344641,truth_tick_us=690203589,mechanical_angle_rad=2.636913061,valid=1,read_failures=0"
dengfoc,"SYNC_TRUTH,sequence=344642,truth_tick_us=690205593,mechanical_angle_rad=2.636913061,valid=1,read_failures=0"
dengfoc,"SYNC_TRUTH,sequence=344643,truth_tick_us=690207589,mechanical_angle_rad=2.636913061,valid=1,read_failures=0"
dengfoc,"SYNC_TRUTH,sequence=344644,truth_tick_us=690209593,mechanical_angle_rad=2.636913061,valid=1,read_failures=0"
dengfoc,"SYNC_TRUTH,sequence=344645,truth_tick_us=690211589,mechanical_angle_rad=2.636913061,valid=1,read_failures=0"
dengfoc,"SYNC_TRUTH,sequence=344646,truth_tick_us=690213593,mechanical_angle_rad=2.636913061,valid=1,read_failures=0"
dengfoc,"SYNC_TRUTH,sequence=344647,truth_tick_us=690215589,mechanical_angle_rad=2.636913061,valid=1,read_failures=0"
dengfoc,"SYNC_TRUTH,sequence=344648,truth_tick_us=690217593,mechanical_angle_rad=2.636913061,valid=1,read_failures=0"
dengfoc,"SYNC_TRUTH,sequence=344649,truth_tick_us=690219589,mechanical_angle_rad=2.636913061,valid=1,read_failures=0"
dengfoc,"SYNC_TRUTH,sequence=344650,truth_tick_us=690221593,mechanical_angle_rad=2.636913061,valid=1,read_failures=0"
dengfoc,"SYNC_TRUTH,sequence=344651,truth_tick_us=690223589,mechanical_angle_rad=2.636913061,valid=1,read_failures=0"
dengfoc,"SYNC_TRUTH,sequence=344652,truth_tick_us=690225593,mechanical_angle_rad=2.636913061,valid=1,read_failures=0"
dengfoc,"SYNC_TRUTH,sequence=344653,truth_tick_us=690227589,mechanical_angle_rad=2.636913061,valid=1,read_failures=0"
dengfoc,"SYNC_TRUTH,sequence=344654,truth_tick_us=690229593,mechanical_angle_rad=2.636913061,valid=1,read_failures=0"
dengfoc,"SYNC_TRUTH,sequence=344655,truth_tick_us=690231589,mechanical_angle_rad=2.636913061,valid=1,read_failures=0"
dengfoc,"SYNC_TRUTH,sequence=344656,truth_tick_us=690233593,mechanical_angle_rad=2.636913061,valid=1,read_failures=0"
dengfoc,"SYNC_TRUTH,sequence=344657,truth_tick_us=690235589,mechanical_angle_rad=2.636913061,valid=1,read_failures=0"
dengfoc,"SYNC_TRUTH,sequence=344658,truth_tick_us=690237593,mechanical_angle_rad=2.636913061,valid=1,read_failures=0"
dengfoc,"SYNC_TRUTH,sequence=344659,truth_tick_us=690239589,mechanical_angle_rad=2.636913061,valid=1,read_failures=0"
dengfoc,"SYNC_TRUTH,sequence=344660,truth_tick_us=690241593,mechanical_angle_rad=2.636913061,valid=1,read_failures=0"
dengfoc,"SYNC_TRUTH,sequence=344661,truth_tick_us=690243589,mechanical_angle_rad=2.636913061,valid=1,read_failures=0"
dengfoc,"SYNC_TRUTH,sequence=344662,truth_tick_us=690245593,mechanical_angle_rad=2.636913061,valid=1,read_failures=0"
dengfoc,"SYNC_TRUTH,sequence=344663,truth_tick_us=690247589,mechanical_angle_rad=2.636913061,valid=1,read_failures=0"
dengfoc,"SYNC_TRUTH,sequence=344664,truth_tick_us=690249593,mechanical_angle_rad=2.636913061,valid=1,read_failures=0"
dengfoc,"SYNC_TRUTH,sequence=344665,truth_tick_us=690251589,mechanical_angle_rad=2.636913061,valid=1,read_failures=0"
dengfoc,"SYNC_TRUTH,sequence=344666,truth_tick_us=690253593,mechanical_angle_rad=2.636913061,valid=1,read_failures=0"
dengfoc,"SYNC_TRUTH,sequence=344667,truth_tick_us=690255589,mechanical_angle_rad=2.636913061,valid=1,read_failures=0"
dengfoc,"SYNC_TRUTH,sequence=344668,truth_tick_us=690257593,mechanical_angle_rad=2.636913061,valid=1,read_failures=0"
dengfoc,"SYNC_TRUTH,sequence=344669,truth_tick_us=690259589,mechanical_angle_rad=2.636913061,valid=1,read_failures=0"
dengfoc,"SYNC_TRUTH,sequence=344670,truth_tick_us=690261593,mechanical_angle_rad=2.636913061,valid=1,read_failures=0"
dengfoc,"SYNC_TRUTH,sequence=344671,truth_tick_us=690263589,mechanical_angle_rad=2.636913061,valid=1,read_failures=0"
dengfoc,"SYNC_TRUTH,sequence=344672,truth_tick_us=690265593,mechanical_angle_rad=2.636913061,valid=1,read_failures=0"
dengfoc,"SYNC_TRUTH,sequence=344673,truth_tick_us=690267589,mechanical_angle_rad=2.636913061,valid=1,read_failures=0"
dengfoc,"SYNC_TRUTH,sequence=344674,truth_tick_us=690269593,mechanical_angle_rad=2.636913061,valid=1,read_failures=0"
dengfoc,"SYNC_TRUTH,sequence=344675,truth_tick_us=690271589,mechanical_angle_rad=2.636913061,valid=1,read_failures=0"
dengfoc,"SYNC_TRUTH,sequence=344676,truth_tick_us=690273593,mechanical_angle_rad=2.636913061,valid=1,read_failures=0"
dengfoc,"SYNC_TRUTH,sequence=344677,truth_tick_us=690275589,mechanical_angle_rad=2.636913061,valid=1,read_failures=0"
dengfoc,"SYNC_TRUTH,sequence=344678,truth_tick_us=690277593,mechanical_angle_rad=2.636913061,valid=1,read_f"
